scenario_id,scenario_date,fpl_id,aircraft_id,aircraft_type,capacity,passenger_count,load_factor,origin_vertiport_id,origin_vertiport,destination_vertiport_id,destination_vertiport,demand_hour,departure_gate_id,departure_fato_id,arrival_gate_id,arrival_fato_id,gate_out_time,takeoff_time,landing_time,gate_in_time,ready_time,gate_to_takeoff_sec,air_time_sec,landing_to_gate_sec,gate_to_gate_sec,departure_wait_sec,arrival_wait_sec,status,route_path,route_distance_km,segment_count,segment_001,segment_002,segment_003,segment_004,segment_005,segment_006,segment_007,segment_008,segment_009,segment_010,segment_011,segment_012,segment_013,segment_014,segment_015,segment_016,segment_017,segment_018,segment_019,segment_020,segment_021
d2d2f5e06492,2026-06-20,FPL0816001,UAM0029,a2,2,1,0.5,사당,사당,망우,망우,6,G1,F1,G1,F1,06:30:00,06:36:06,06:43:42,06:49:40,06:59:40,366.86,455.22,358.28,1180.36,0,0,ready,사당 > 경부고속도로 양재천 다리 > 대치교 > 청담대교 중간지점 > 건대입구 > 망우,20.4833,13,"{""phase"":""A"",""startLLA"":{""lat"":37.475767,""lon"":126.982185,""alt"":0},""endLLA"":{""lat"":37.475767,""lon"":126.982185,""alt"":0},""targetSpeed"":3,""seq"":1}","{""phase"":""B"",""startLLA"":{""lat"":37.475767,""lon"":126.982185,""alt"":0},""endLLA"":{""lat"":37.475767,""lon"":126.982185,""alt"":15},""targetSpeed"":10,""seq"":2}","{""phase"":""C"",""startLLA"":{""lat"":37.475767,""lon"":126.982185,""alt"":15},""endLLA"":{""lat"":37.474631,""lon"":126.99575,""alt"":100},""targetSpeed"":36,""seq"":3}","{""phase"":""E"",""startLLA"":{""lat"":37.474631,""lon"":126.99575,""alt"":100},""endLLA"":{""lat"":37.471593,""lon"":127.032031,""alt"":287.28},""targetSpeed"":51.4,""seq"":4}","{""phase"":""E"",""startLLA"":{""lat"":37.471593,""lon"":127.032031,""alt"":287.28},""endLLA"":{""lat"":37.473287,""lon"":127.034744,""alt"":305},""targetSpeed"":51.4,""seq"":5}","{""phase"":""F"",""startLLA"":{""lat"":37.473287,""lon"":127.034744,""alt"":305},""endLLA"":{""lat"":37.497702,""lon"":127.073855,""alt"":305},""targetSpeed"":51.4,""seq"":6}","{""phase"":""F"",""startLLA"":{""lat"":37.497702,""lon"":127.073855,""alt"":305},""endLLA"":{""lat"":37.526451,""lon"":127.064361,""alt"":305},""targetSpeed"":51.4,""seq"":7}","{""phase"":""F"",""startLLA"":{""lat"":37.526451,""lon"":127.064361,""alt"":305},""endLLA"":{""lat"":37.540426,""lon"":127.069298,""alt"":305},""targetSpeed"":51.4,""seq"":8}","{""phase"":""F"",""startLLA"":{""lat"":37.540426,""lon"":127.069298,""alt"":305},""endLLA"":{""lat"":37.557141,""lon"":127.073901,""alt"":305},""targetSpeed"":51.4,""seq"":9}","{""phase"":""G"",""startLLA"":{""lat"":37.557141,""lon"":127.073901,""alt"":305},""endLLA"":{""lat"":37.588105,""lon"":127.082427,""alt"":100},""targetSpeed"":36,""seq"":10}","{""phase"":""I"",""startLLA"":{""lat"":37.588105,""lon"":127.082427,""alt"":100},""endLLA"":{""lat"":37.596919,""lon"":127.084854,""alt"":15},""targetSpeed"":30,""seq"":11}","{""phase"":""J"",""startLLA"":{""lat"":37.596919,""lon"":127.084854,""alt"":15},""endLLA"":{""lat"":37.596919,""lon"":127.084854,""alt"":0},""targetSpeed"":10,""seq"":12}","{""phase"":""K"",""startLLA"":{""lat"":37.596919,""lon"":127.084854,""alt"":0},""endLLA"":{""lat"":37.596919,""lon"":127.084854,""alt"":0},""targetSpeed"":3,""seq"":13}",,,,,,,,
d2d2f5e06492,2026-06-20,FPL0810001,UAM0030,a2,2,1,0.5,사당,사당,연신내,연신내,6,G2,F2,G1,F1,06:30:00,06:36:46,06:44:22,06:50:21,07:00:21,406.86,455.92,358.28,1221.06,10,0,ready,사당 > 180고지 > 영등포 > 선유도 17고지 > 성산대교 중간지점 > 수색교 > 연신내,20.5191,14,"{""phase"":""A"",""startLLA"":{""lat"":37.475767,""lon"":126.982185,""alt"":0},""endLLA"":{""lat"":37.475767,""lon"":126.982185,""alt"":0},""targetSpeed"":3,""seq"":1}","{""phase"":""B"",""startLLA"":{""lat"":37.475767,""lon"":126.982185,""alt"":0},""endLLA"":{""lat"":37.475767,""lon"":126.982185,""alt"":15},""targetSpeed"":10,""seq"":2}","{""phase"":""C"",""startLLA"":{""lat"":37.475767,""lon"":126.982185,""alt"":15},""endLLA"":{""lat"":37.480646,""lon"":126.97001,""alt"":100},""targetSpeed"":36,""seq"":3}","{""phase"":""E"",""startLLA"":{""lat"":37.480646,""lon"":126.97001,""alt"":100},""endLLA"":{""lat"":37.492877,""lon"":126.93949,""alt"":275.53},""targetSpeed"":51.4,""seq"":4}","{""phase"":""E"",""startLLA"":{""lat"":37.492877,""lon"":126.93949,""alt"":275.53},""endLLA"":{""lat"":37.495955,""lon"":126.935259,""alt"":305},""targetSpeed"":51.4,""seq"":5}","{""phase"":""F"",""startLLA"":{""lat"":37.495955,""lon"":126.935259,""alt"":305},""endLLA"":{""lat"":37.515965,""lon"":126.907756,""alt"":305},""targetSpeed"":51.4,""seq"":6}","{""phase"":""F"",""startLLA"":{""lat"":37.515965,""lon"":126.907756,""alt"":305},""endLLA"":{""lat"":37.542307,""lon"":126.90249,""alt"":305},""targetSpeed"":51.4,""seq"":7}","{""phase"":""F"",""startLLA"":{""lat"":37.542307,""lon"":126.90249,""alt"":305},""endLLA"":{""lat"":37.552574,""lon"":126.891431,""alt"":305},""targetSpeed"":51.4,""seq"":8}","{""phase"":""F"",""startLLA"":{""lat"":37.552574,""lon"":126.891431,""alt"":305},""endLLA"":{""lat"":37.583699,""lon"":126.886697,""alt"":305},""targetSpeed"":51.4,""seq"":9}","{""phase"":""G"",""startLLA"":{""lat"":37.583699,""lon"":126.886697,""alt"":305},""endLLA"":{""lat"":37.586283,""lon"":126.886304,""alt"":288.16},""targetSpeed"":36,""seq"":10}","{""phase"":""G"",""startLLA"":{""lat"":37.586283,""lon"":126.886304,""alt"":288.16},""endLLA"":{""lat"":37.60526,""lon"":126.914121,""alt"":100},""targetSpeed"":36,""seq"":11}","{""phase"":""I"",""startLLA"":{""lat"":37.60526,""lon"":126.914121,""alt"":100},""endLLA"":{""lat"":37.611145,""lon"":126.922747,""alt"":15},""targetSpeed"":30,""seq"":12}","{""phase"":""J"",""startLLA"":{""lat"":37.611145,""lon"":126.922747,""alt"":15},""endLLA"":{""lat"":37.611145,""lon"":126.922747,""alt"":0},""targetSpeed"":10,""seq"":13}","{""phase"":""K"",""startLLA"":{""lat"":37.611145,""lon"":126.922747,""alt"":0},""endLLA"":{""lat"":37.611145,""lon"":126.922747,""alt"":0},""targetSpeed"":3,""seq"":14}",,,,,,,
d2d2f5e06492,2026-06-20,FPL0811001,UAM0031,a2,2,2,1,사당,사당,천호,천호,7,G3,F1,G8,F2,07:00:46,07:08:33,07:17:47,07:23:46,07:33:46,466.86,554.79,358.28,1379.93,86.29,142.81,ready,사당 > 경부고속도로 양재천 다리 > 대치교 > 청담대교 중간지점 > 잠실대교 중간지점 > 천호,18.2608,13,"{""phase"":""A"",""startLLA"":{""lat"":37.475767,""lon"":126.982185,""alt"":0},""endLLA"":{""lat"":37.475767,""lon"":126.982185,""alt"":0},""targetSpeed"":3,""seq"":1}","{""phase"":""B"",""startLLA"":{""lat"":37.475767,""lon"":126.982185,""alt"":0},""endLLA"":{""lat"":37.475767,""lon"":126.982185,""alt"":15},""targetSpeed"":10,""seq"":2}","{""phase"":""C"",""startLLA"":{""lat"":37.475767,""lon"":126.982185,""alt"":15},""endLLA"":{""lat"":37.474631,""lon"":126.995751,""alt"":100},""targetSpeed"":36,""seq"":3}","{""phase"":""E"",""startLLA"":{""lat"":37.474631,""lon"":126.995751,""alt"":100},""endLLA"":{""lat"":37.471593,""lon"":127.032031,""alt"":287.26},""targetSpeed"":51.4,""seq"":4}","{""phase"":""E"",""startLLA"":{""lat"":37.471593,""lon"":127.032031,""alt"":287.26},""endLLA"":{""lat"":37.473289,""lon"":127.034748,""alt"":305},""targetSpeed"":51.4,""seq"":5}","{""phase"":""F"",""startLLA"":{""lat"":37.473289,""lon"":127.034748,""alt"":305},""endLLA"":{""lat"":37.497702,""lon"":127.073855,""alt"":305},""targetSpeed"":51.4,""seq"":6}","{""phase"":""F"",""startLLA"":{""lat"":37.497702,""lon"":127.073855,""alt"":305},""endLLA"":{""lat"":37.526451,""lon"":127.064361,""alt"":305},""targetSpeed"":51.4,""seq"":7}","{""phase"":""F"",""startLLA"":{""lat"":37.526451,""lon"":127.064361,""alt"":305},""endLLA"":{""lat"":37.525291,""lon"":127.078991,""alt"":305},""targetSpeed"":51.4,""seq"":8}","{""phase"":""G"",""startLLA"":{""lat"":37.525291,""lon"":127.078991,""alt"":305},""endLLA"":{""lat"":37.524288,""lon"":127.091639,""alt"":239.8},""targetSpeed"":36,""seq"":9}","{""phase"":""G"",""startLLA"":{""lat"":37.524288,""lon"":127.091639,""alt"":239.8},""endLLA"":{""lat"":37.539418,""lon"":127.111105,""alt"":100},""targetSpeed"":36,""seq"":10}","{""phase"":""I"",""startLLA"":{""lat"":37.539418,""lon"":127.111105,""alt"":100},""endLLA"":{""lat"":37.545733,""lon"":127.11923,""alt"":15},""targetSpeed"":30,""seq"":11}","{""phase"":""J"",""startLLA"":{""lat"":37.545733,""lon"":127.11923,""alt"":15},""endLLA"":{""lat"":37.545733,""lon"":127.11923,""alt"":0},""targetSpeed"":10,""seq"":12}","{""phase"":""K"",""startLLA"":{""lat"":37.545733,""lon"":127.11923,""alt"":0},""endLLA"":{""lat"":37.545733,""lon"":127.11923,""alt"":0},""targetSpeed"":3,""seq"":13}",,,,,,,,
d2d2f5e06492,2026-06-20,FPL0811002,UAM0032,a2,2,2,1,사당,사당,천호,천호,7,G4,F2,G7,F2,07:00:00,07:09:13,07:22:16,07:28:44,07:38:44,553.15,783.36,388.28,1724.79,96.29,371.38,ready,사당 > 경부고속도로 양재천 다리 > 대치교 > 청담대교 중간지점 > 잠실대교 중간지점 > 천호,18.2608,13,"{""phase"":""A"",""startLLA"":{""lat"":37.475767,""lon"":126.982185,""alt"":0},""endLLA"":{""lat"":37.475767,""lon"":126.982185,""alt"":0},""targetSpeed"":3,""seq"":1}","{""phase"":""B"",""startLLA"":{""lat"":37.475767,""lon"":126.982185,""alt"":0},""endLLA"":{""lat"":37.475767,""lon"":126.982185,""alt"":15},""targetSpeed"":10,""seq"":2}","{""phase"":""C"",""startLLA"":{""lat"":37.475767,""lon"":126.982185,""alt"":15},""endLLA"":{""lat"":37.474631,""lon"":126.995751,""alt"":100},""targetSpeed"":36,""seq"":3}","{""phase"":""E"",""startLLA"":{""lat"":37.474631,""lon"":126.995751,""alt"":100},""endLLA"":{""lat"":37.471593,""lon"":127.032031,""alt"":287.26},""targetSpeed"":51.4,""seq"":4}","{""phase"":""E"",""startLLA"":{""lat"":37.471593,""lon"":127.032031,""alt"":287.26},""endLLA"":{""lat"":37.473289,""lon"":127.034748,""alt"":305},""targetSpeed"":51.4,""seq"":5}","{""phase"":""F"",""startLLA"":{""lat"":37.473289,""lon"":127.034748,""alt"":305},""endLLA"":{""lat"":37.497702,""lon"":127.073855,""alt"":305},""targetSpeed"":51.4,""seq"":6}","{""phase"":""F"",""startLLA"":{""lat"":37.497702,""lon"":127.073855,""alt"":305},""endLLA"":{""lat"":37.526451,""lon"":127.064361,""alt"":305},""targetSpeed"":51.4,""seq"":7}","{""phase"":""F"",""startLLA"":{""lat"":37.526451,""lon"":127.064361,""alt"":305},""endLLA"":{""lat"":37.525291,""lon"":127.078991,""alt"":305},""targetSpeed"":51.4,""seq"":8}","{""phase"":""G"",""startLLA"":{""lat"":37.525291,""lon"":127.078991,""alt"":305},""endLLA"":{""lat"":37.524288,""lon"":127.091639,""alt"":239.8},""targetSpeed"":36,""seq"":9}","{""phase"":""G"",""startLLA"":{""lat"":37.524288,""lon"":127.091639,""alt"":239.8},""endLLA"":{""lat"":37.539418,""lon"":127.111105,""alt"":100},""targetSpeed"":36,""seq"":10}","{""phase"":""I"",""startLLA"":{""lat"":37.539418,""lon"":127.111105,""alt"":100},""endLLA"":{""lat"":37.545733,""lon"":127.11923,""alt"":15},""targetSpeed"":30,""seq"":11}","{""phase"":""J"",""startLLA"":{""lat"":37.545733,""lon"":127.11923,""alt"":15},""endLLA"":{""lat"":37.545733,""lon"":127.11923,""alt"":0},""targetSpeed"":10,""seq"":12}","{""phase"":""K"",""startLLA"":{""lat"":37.545733,""lon"":127.11923,""alt"":0},""endLLA"":{""lat"":37.545733,""lon"":127.11923,""alt"":0},""targetSpeed"":3,""seq"":13}",,,,,,,,
d2d2f5e06492,2026-06-20,FPL0812001,UAM0068,a2,2,2,1,사당,사당,광화문,광화문,7,G1,F1,G2,F1,07:02:40,07:14:01,07:21:32,07:28:00,07:38:00,681.72,450.47,388.28,1520.47,314.86,0,ready,사당 > 180고지 > 영등포 > 선유도 17고지 > 성산대교 중간지점 > 홍대입구 > 광화문,20.239,14,"{""phase"":""A"",""startLLA"":{""lat"":37.475767,""lon"":126.982185,""alt"":0},""endLLA"":{""lat"":37.475767,""lon"":126.982185,""alt"":0},""targetSpeed"":3,""seq"":1}","{""phase"":""B"",""startLLA"":{""lat"":37.475767,""lon"":126.982185,""alt"":0},""endLLA"":{""lat"":37.475767,""lon"":126.982185,""alt"":15},""targetSpeed"":10,""seq"":2}","{""phase"":""C"",""startLLA"":{""lat"":37.475767,""lon"":126.982185,""alt"":15},""endLLA"":{""lat"":37.480587,""lon"":126.970158,""alt"":100},""targetSpeed"":36,""seq"":3}","{""phase"":""E"",""startLLA"":{""lat"":37.480587,""lon"":126.970158,""alt"":100},""endLLA"":{""lat"":37.492877,""lon"":126.93949,""alt"":278.55},""targetSpeed"":51.4,""seq"":4}","{""phase"":""E"",""startLLA"":{""lat"":37.492877,""lon"":126.93949,""alt"":278.55},""endLLA"":{""lat"":37.495606,""lon"":126.935739,""alt"":305},""targetSpeed"":51.4,""seq"":5}","{""phase"":""F"",""startLLA"":{""lat"":37.495606,""lon"":126.935739,""alt"":305},""endLLA"":{""lat"":37.515965,""lon"":126.907756,""alt"":305},""targetSpeed"":51.4,""seq"":6}","{""phase"":""F"",""startLLA"":{""lat"":37.515965,""lon"":126.907756,""alt"":305},""endLLA"":{""lat"":37.542307,""lon"":126.90249,""alt"":305},""targetSpeed"":51.4,""seq"":7}","{""phase"":""F"",""startLLA"":{""lat"":37.542307,""lon"":126.90249,""alt"":305},""endLLA"":{""lat"":37.552574,""lon"":126.891431,""alt"":305},""targetSpeed"":51.4,""seq"":8}","{""phase"":""F"",""startLLA"":{""lat"":37.552574,""lon"":126.891431,""alt"":305},""endLLA"":{""lat"":37.556786,""lon"":126.923706,""alt"":305},""targetSpeed"":51.4,""seq"":9}","{""phase"":""F"",""startLLA"":{""lat"":37.556786,""lon"":126.923706,""alt"":305},""endLLA"":{""lat"":37.557137,""lon"":126.925138,""alt"":305},""targetSpeed"":51.4,""seq"":10}","{""phase"":""G"",""startLLA"":{""lat"":37.557137,""lon"":126.925138,""alt"":305},""endLLA"":{""lat"":37.566379,""lon"":126.962865,""alt"":100},""targetSpeed"":36,""seq"":11}","{""phase"":""I"",""startLLA"":{""lat"":37.566379,""lon"":126.962865,""alt"":100},""endLLA"":{""lat"":37.56901,""lon"":126.973604,""alt"":15},""targetSpeed"":30,""seq"":12}","{""phase"":""J"",""startLLA"":{""lat"":37.56901,""lon"":126.973604,""alt"":15},""endLLA"":{""lat"":37.56901,""lon"":126.973604,""alt"":0},""targetSpeed"":10,""seq"":13}","{""phase"":""K"",""startLLA"":{""lat"":37.56901,""lon"":126.973604,""alt"":0},""endLLA"":{""lat"":37.56901,""lon"":126.973604,""alt"":0},""targetSpeed"":3,""seq"":14}",,,,,,,
d2d2f5e06492,2026-06-20,FPL0816002,UAM0011,a2,2,2,1,사당,사당,망우,망우,7,G8,F2,G6,F2,07:03:28,07:14:41,07:24:02,07:31:01,07:41:01,673.72,561.17,418.28,1653.17,306.86,105.95,ready,사당 > 경부고속도로 양재천 다리 > 대치교 > 청담대교 중간지점 > 건대입구 > 망우,20.4833,13,"{""phase"":""A"",""startLLA"":{""lat"":37.475767,""lon"":126.982185,""alt"":0},""endLLA"":{""lat"":37.475767,""lon"":126.982185,""alt"":0},""targetSpeed"":3,""seq"":1}","{""phase"":""B"",""startLLA"":{""lat"":37.475767,""lon"":126.982185,""alt"":0},""endLLA"":{""lat"":37.475767,""lon"":126.982185,""alt"":15},""targetSpeed"":10,""seq"":2}","{""phase"":""C"",""startLLA"":{""lat"":37.475767,""lon"":126.982185,""alt"":15},""endLLA"":{""lat"":37.474631,""lon"":126.99575,""alt"":100},""targetSpeed"":36,""seq"":3}","{""phase"":""E"",""startLLA"":{""lat"":37.474631,""lon"":126.99575,""alt"":100},""endLLA"":{""lat"":37.471593,""lon"":127.032031,""alt"":287.28},""targetSpeed"":51.4,""seq"":4}","{""phase"":""E"",""startLLA"":{""lat"":37.471593,""lon"":127.032031,""alt"":287.28},""endLLA"":{""lat"":37.473287,""lon"":127.034744,""alt"":305},""targetSpeed"":51.4,""seq"":5}","{""phase"":""F"",""startLLA"":{""lat"":37.473287,""lon"":127.034744,""alt"":305},""endLLA"":{""lat"":37.497702,""lon"":127.073855,""alt"":305},""targetSpeed"":51.4,""seq"":6}","{""phase"":""F"",""startLLA"":{""lat"":37.497702,""lon"":127.073855,""alt"":305},""endLLA"":{""lat"":37.526451,""lon"":127.064361,""alt"":305},""targetSpeed"":51.4,""seq"":7}","{""phase"":""F"",""startLLA"":{""lat"":37.526451,""lon"":127.064361,""alt"":305},""endLLA"":{""lat"":37.540426,""lon"":127.069298,""alt"":305},""targetSpeed"":51.4,""seq"":8}","{""phase"":""F"",""startLLA"":{""lat"":37.540426,""lon"":127.069298,""alt"":305},""endLLA"":{""lat"":37.557141,""lon"":127.073901,""alt"":305},""targetSpeed"":51.4,""seq"":9}","{""phase"":""G"",""startLLA"":{""lat"":37.557141,""lon"":127.073901,""alt"":305},""endLLA"":{""lat"":37.588105,""lon"":127.082427,""alt"":100},""targetSpeed"":36,""seq"":10}","{""phase"":""I"",""startLLA"":{""lat"":37.588105,""lon"":127.082427,""alt"":100},""endLLA"":{""lat"":37.596919,""lon"":127.084854,""alt"":15},""targetSpeed"":30,""seq"":11}","{""phase"":""J"",""startLLA"":{""lat"":37.596919,""lon"":127.084854,""alt"":15},""endLLA"":{""lat"":37.596919,""lon"":127.084854,""alt"":0},""targetSpeed"":10,""seq"":12}","{""phase"":""K"",""startLLA"":{""lat"":37.596919,""lon"":127.084854,""alt"":0},""endLLA"":{""lat"":37.596919,""lon"":127.084854,""alt"":0},""targetSpeed"":3,""seq"":13}",,,,,,,,
d2d2f5e06492,2026-06-20,FPL0805001,UAM0059,a2,2,2,1,사당,사당,목동,목동,7,G2,F1,G3,F2,07:07:38,07:19:30,07:24:01,07:31:48,07:41:48,712.29,271.42,466.99,1450.7,315.43,48.71,ready,사당 > 180고지 > 영등포 > 목동,11.0358,11,"{""phase"":""A"",""startLLA"":{""lat"":37.475767,""lon"":126.982185,""alt"":0},""endLLA"":{""lat"":37.475767,""lon"":126.982185,""alt"":0},""targetSpeed"":3,""seq"":1}","{""phase"":""B"",""startLLA"":{""lat"":37.475767,""lon"":126.982185,""alt"":0},""endLLA"":{""lat"":37.475767,""lon"":126.982185,""alt"":15},""targetSpeed"":10,""seq"":2}","{""phase"":""C"",""startLLA"":{""lat"":37.475767,""lon"":126.982185,""alt"":15},""endLLA"":{""lat"":37.480648,""lon"":126.970006,""alt"":100},""targetSpeed"":36,""seq"":3}","{""phase"":""E"",""startLLA"":{""lat"":37.480648,""lon"":126.970006,""alt"":100},""endLLA"":{""lat"":37.492877,""lon"":126.93949,""alt"":275.46},""targetSpeed"":51.4,""seq"":4}","{""phase"":""E"",""startLLA"":{""lat"":37.492877,""lon"":126.93949,""alt"":275.46},""endLLA"":{""lat"":37.495964,""lon"":126.935246,""alt"":305},""targetSpeed"":51.4,""seq"":5}","{""phase"":""F"",""startLLA"":{""lat"":37.495964,""lon"":126.935246,""alt"":305},""endLLA"":{""lat"":37.506735,""lon"":126.920442,""alt"":305},""targetSpeed"":51.4,""seq"":6}","{""phase"":""G"",""startLLA"":{""lat"":37.506735,""lon"":126.920442,""alt"":305},""endLLA"":{""lat"":37.515965,""lon"":126.907756,""alt"":216.68},""targetSpeed"":36,""seq"":7}","{""phase"":""G"",""startLLA"":{""lat"":37.515965,""lon"":126.907756,""alt"":216.68},""endLLA"":{""lat"":37.522883,""lon"":126.886749,""alt"":100},""targetSpeed"":36,""seq"":8}","{""phase"":""I"",""startLLA"":{""lat"":37.522883,""lon"":126.886749,""alt"":100},""endLLA"":{""lat"":37.526343,""lon"":126.876243,""alt"":15},""targetSpeed"":30,""seq"":9}","{""phase"":""J"",""startLLA"":{""lat"":37.526343,""lon"":126.876243,""alt"":15},""endLLA"":{""lat"":37.526343,""lon"":126.876243,""alt"":0},""targetSpeed"":10,""seq"":10}","{""phase"":""K"",""startLLA"":{""lat"":37.526343,""lon"":126.876243,""alt"":0},""endLLA"":{""lat"":37.526343,""lon"":126.876243,""alt"":0},""targetSpeed"":3,""seq"":11}",,,,,,,,,,
d2d2f5e06492,2026-06-20,FPL0812002,UAM0064,a2,2,1,0.5,사당,사당,광화문,광화문,7,G7,F2,G7,F1,07:08:27,07:20:10,07:27:40,07:34:09,07:44:09,703.29,450.47,388.28,1542.04,306.43,0,ready,사당 > 180고지 > 영등포 > 선유도 17고지 > 성산대교 중간지점 > 홍대입구 > 광화문,20.239,14,"{""phase"":""A"",""startLLA"":{""lat"":37.475767,""lon"":126.982185,""alt"":0},""endLLA"":{""lat"":37.475767,""lon"":126.982185,""alt"":0},""targetSpeed"":3,""seq"":1}","{""phase"":""B"",""startLLA"":{""lat"":37.475767,""lon"":126.982185,""alt"":0},""endLLA"":{""lat"":37.475767,""lon"":126.982185,""alt"":15},""targetSpeed"":10,""seq"":2}","{""phase"":""C"",""startLLA"":{""lat"":37.475767,""lon"":126.982185,""alt"":15},""endLLA"":{""lat"":37.480587,""lon"":126.970158,""alt"":100},""targetSpeed"":36,""seq"":3}","{""phase"":""E"",""startLLA"":{""lat"":37.480587,""lon"":126.970158,""alt"":100},""endLLA"":{""lat"":37.492877,""lon"":126.93949,""alt"":278.55},""targetSpeed"":51.4,""seq"":4}","{""phase"":""E"",""startLLA"":{""lat"":37.492877,""lon"":126.93949,""alt"":278.55},""endLLA"":{""lat"":37.495606,""lon"":126.935739,""alt"":305},""targetSpeed"":51.4,""seq"":5}","{""phase"":""F"",""startLLA"":{""lat"":37.495606,""lon"":126.935739,""alt"":305},""endLLA"":{""lat"":37.515965,""lon"":126.907756,""alt"":305},""targetSpeed"":51.4,""seq"":6}","{""phase"":""F"",""startLLA"":{""lat"":37.515965,""lon"":126.907756,""alt"":305},""endLLA"":{""lat"":37.542307,""lon"":126.90249,""alt"":305},""targetSpeed"":51.4,""seq"":7}","{""phase"":""F"",""startLLA"":{""lat"":37.542307,""lon"":126.90249,""alt"":305},""endLLA"":{""lat"":37.552574,""lon"":126.891431,""alt"":305},""targetSpeed"":51.4,""seq"":8}","{""phase"":""F"",""startLLA"":{""lat"":37.552574,""lon"":126.891431,""alt"":305},""endLLA"":{""lat"":37.556786,""lon"":126.923706,""alt"":305},""targetSpeed"":51.4,""seq"":9}","{""phase"":""F"",""startLLA"":{""lat"":37.556786,""lon"":126.923706,""alt"":305},""endLLA"":{""lat"":37.557137,""lon"":126.925138,""alt"":305},""targetSpeed"":51.4,""seq"":10}","{""phase"":""G"",""startLLA"":{""lat"":37.557137,""lon"":126.925138,""alt"":305},""endLLA"":{""lat"":37.566379,""lon"":126.962865,""alt"":100},""targetSpeed"":36,""seq"":11}","{""phase"":""I"",""startLLA"":{""lat"":37.566379,""lon"":126.962865,""alt"":100},""endLLA"":{""lat"":37.56901,""lon"":126.973604,""alt"":15},""targetSpeed"":30,""seq"":12}","{""phase"":""J"",""startLLA"":{""lat"":37.56901,""lon"":126.973604,""alt"":15},""endLLA"":{""lat"":37.56901,""lon"":126.973604,""alt"":0},""targetSpeed"":10,""seq"":13}","{""phase"":""K"",""startLLA"":{""lat"":37.56901,""lon"":126.973604,""alt"":0},""endLLA"":{""lat"":37.56901,""lon"":126.973604,""alt"":0},""targetSpeed"":3,""seq"":14}",,,,,,,
d2d2f5e06492,2026-06-20,FPL0811003,UAM0023,a2,2,1,0.5,사당,사당,천호,천호,7,G6,F1,G5,F2,07:12:37,07:24:58,07:36:18,07:43:46,07:53:46,741.86,679.38,448.28,1869.53,315.01,267.4,ready,사당 > 경부고속도로 양재천 다리 > 대치교 > 청담대교 중간지점 > 잠실대교 중간지점 > 천호,18.2608,13,"{""phase"":""A"",""startLLA"":{""lat"":37.475767,""lon"":126.982185,""alt"":0},""endLLA"":{""lat"":37.475767,""lon"":126.982185,""alt"":0},""targetSpeed"":3,""seq"":1}","{""phase"":""B"",""startLLA"":{""lat"":37.475767,""lon"":126.982185,""alt"":0},""endLLA"":{""lat"":37.475767,""lon"":126.982185,""alt"":15},""targetSpeed"":10,""seq"":2}","{""phase"":""C"",""startLLA"":{""lat"":37.475767,""lon"":126.982185,""alt"":15},""endLLA"":{""lat"":37.474631,""lon"":126.995751,""alt"":100},""targetSpeed"":36,""seq"":3}","{""phase"":""E"",""startLLA"":{""lat"":37.474631,""lon"":126.995751,""alt"":100},""endLLA"":{""lat"":37.471593,""lon"":127.032031,""alt"":287.26},""targetSpeed"":51.4,""seq"":4}","{""phase"":""E"",""startLLA"":{""lat"":37.471593,""lon"":127.032031,""alt"":287.26},""endLLA"":{""lat"":37.473289,""lon"":127.034748,""alt"":305},""targetSpeed"":51.4,""seq"":5}","{""phase"":""F"",""startLLA"":{""lat"":37.473289,""lon"":127.034748,""alt"":305},""endLLA"":{""lat"":37.497702,""lon"":127.073855,""alt"":305},""targetSpeed"":51.4,""seq"":6}","{""phase"":""F"",""startLLA"":{""lat"":37.497702,""lon"":127.073855,""alt"":305},""endLLA"":{""lat"":37.526451,""lon"":127.064361,""alt"":305},""targetSpeed"":51.4,""seq"":7}","{""phase"":""F"",""startLLA"":{""lat"":37.526451,""lon"":127.064361,""alt"":305},""endLLA"":{""lat"":37.525291,""lon"":127.078991,""alt"":305},""targetSpeed"":51.4,""seq"":8}","{""phase"":""G"",""startLLA"":{""lat"":37.525291,""lon"":127.078991,""alt"":305},""endLLA"":{""lat"":37.524288,""lon"":127.091639,""alt"":239.8},""targetSpeed"":36,""seq"":9}","{""phase"":""G"",""startLLA"":{""lat"":37.524288,""lon"":127.091639,""alt"":239.8},""endLLA"":{""lat"":37.539418,""lon"":127.111105,""alt"":100},""targetSpeed"":36,""seq"":10}","{""phase"":""I"",""startLLA"":{""lat"":37.539418,""lon"":127.111105,""alt"":100},""endLLA"":{""lat"":37.545733,""lon"":127.11923,""alt"":15},""targetSpeed"":30,""seq"":11}","{""phase"":""J"",""startLLA"":{""lat"":37.545733,""lon"":127.11923,""alt"":15},""endLLA"":{""lat"":37.545733,""lon"":127.11923,""alt"":0},""targetSpeed"":10,""seq"":12}","{""phase"":""K"",""startLLA"":{""lat"":37.545733,""lon"":127.11923,""alt"":0},""endLLA"":{""lat"":37.545733,""lon"":127.11923,""alt"":0},""targetSpeed"":3,""seq"":13}",,,,,,,,
d2d2f5e06492,2026-06-20,FPL0817001,UAM0029,a2,2,2,1,사당,사당,수서,수서,8,G1,F1,G1,F2,08:00:00,08:06:06,08:10:32,08:16:30,08:26:30,366.86,265.44,358.28,990.58,0,0,ready,사당 > 경부고속도로 양재천 다리 > 수서,10.7285,10,"{""phase"":""A"",""startLLA"":{""lat"":37.475767,""lon"":126.982185,""alt"":0},""endLLA"":{""lat"":37.475767,""lon"":126.982185,""alt"":0},""targetSpeed"":3,""seq"":1}","{""phase"":""B"",""startLLA"":{""lat"":37.475767,""lon"":126.982185,""alt"":0},""endLLA"":{""lat"":37.475767,""lon"":126.982185,""alt"":15},""targetSpeed"":10,""seq"":2}","{""phase"":""C"",""startLLA"":{""lat"":37.475767,""lon"":126.982185,""alt"":15},""endLLA"":{""lat"":37.47463,""lon"":126.995757,""alt"":100},""targetSpeed"":36,""seq"":3}","{""phase"":""E"",""startLLA"":{""lat"":37.47463,""lon"":126.995757,""alt"":100},""endLLA"":{""lat"":37.471593,""lon"":127.032031,""alt"":287.14},""targetSpeed"":51.4,""seq"":4}","{""phase"":""E"",""startLLA"":{""lat"":37.471593,""lon"":127.032031,""alt"":287.14},""endLLA"":{""lat"":37.472365,""lon"":127.035373,""alt"":305},""targetSpeed"":51.4,""seq"":5}","{""phase"":""F"",""startLLA"":{""lat"":37.472365,""lon"":127.035373,""alt"":305},""endLLA"":{""lat"":37.476051,""lon"":127.051318,""alt"":305},""targetSpeed"":51.4,""seq"":6}","{""phase"":""G"",""startLLA"":{""lat"":37.476051,""lon"":127.051318,""alt"":305},""endLLA"":{""lat"":37.484917,""lon"":127.089683,""alt"":100},""targetSpeed"":36,""seq"":7}","{""phase"":""I"",""startLLA"":{""lat"":37.484917,""lon"":127.089683,""alt"":100},""endLLA"":{""lat"":37.487441,""lon"":127.100603,""alt"":15},""targetSpeed"":30,""seq"":8}","{""phase"":""J"",""startLLA"":{""lat"":37.487441,""lon"":127.100603,""alt"":15},""endLLA"":{""lat"":37.487441,""lon"":127.100603,""alt"":0},""targetSpeed"":10,""seq"":9}","{""phase"":""K"",""startLLA"":{""lat"":37.487441,""lon"":127.100603,""alt"":0},""endLLA"":{""lat"":37.487441,""lon"":127.100603,""alt"":0},""targetSpeed"":3,""seq"":10}",,,,,,,,,,,
d2d2f5e06492,2026-06-20,FPL0812003,UAM0008,a2,2,1,0.5,사당,사당,광화문,광화문,8,G8,F1,G3,F1,08:04:20,08:11:35,08:19:05,08:26:04,08:36:04,435.43,450.47,418.28,1304.18,68.57,0,ready,사당 > 180고지 > 영등포 > 선유도 17고지 > 성산대교 중간지점 > 홍대입구 > 광화문,20.239,14,"{""phase"":""A"",""startLLA"":{""lat"":37.475767,""lon"":126.982185,""alt"":0},""endLLA"":{""lat"":37.475767,""lon"":126.982185,""alt"":0},""targetSpeed"":3,""seq"":1}","{""phase"":""B"",""startLLA"":{""lat"":37.475767,""lon"":126.982185,""alt"":0},""endLLA"":{""lat"":37.475767,""lon"":126.982185,""alt"":15},""targetSpeed"":10,""seq"":2}","{""phase"":""C"",""startLLA"":{""lat"":37.475767,""lon"":126.982185,""alt"":15},""endLLA"":{""lat"":37.480587,""lon"":126.970158,""alt"":100},""targetSpeed"":36,""seq"":3}","{""phase"":""E"",""startLLA"":{""lat"":37.480587,""lon"":126.970158,""alt"":100},""endLLA"":{""lat"":37.492877,""lon"":126.93949,""alt"":278.55},""targetSpeed"":51.4,""seq"":4}","{""phase"":""E"",""startLLA"":{""lat"":37.492877,""lon"":126.93949,""alt"":278.55},""endLLA"":{""lat"":37.495606,""lon"":126.935739,""alt"":305},""targetSpeed"":51.4,""seq"":5}","{""phase"":""F"",""startLLA"":{""lat"":37.495606,""lon"":126.935739,""alt"":305},""endLLA"":{""lat"":37.515965,""lon"":126.907756,""alt"":305},""targetSpeed"":51.4,""seq"":6}","{""phase"":""F"",""startLLA"":{""lat"":37.515965,""lon"":126.907756,""alt"":305},""endLLA"":{""lat"":37.542307,""lon"":126.90249,""alt"":305},""targetSpeed"":51.4,""seq"":7}","{""phase"":""F"",""startLLA"":{""lat"":37.542307,""lon"":126.90249,""alt"":305},""endLLA"":{""lat"":37.552574,""lon"":126.891431,""alt"":305},""targetSpeed"":51.4,""seq"":8}","{""phase"":""F"",""startLLA"":{""lat"":37.552574,""lon"":126.891431,""alt"":305},""endLLA"":{""lat"":37.556786,""lon"":126.923706,""alt"":305},""targetSpeed"":51.4,""seq"":9}","{""phase"":""F"",""startLLA"":{""lat"":37.556786,""lon"":126.923706,""alt"":305},""endLLA"":{""lat"":37.557137,""lon"":126.925138,""alt"":305},""targetSpeed"":51.4,""seq"":10}","{""phase"":""G"",""startLLA"":{""lat"":37.557137,""lon"":126.925138,""alt"":305},""endLLA"":{""lat"":37.566379,""lon"":126.962865,""alt"":100},""targetSpeed"":36,""seq"":11}","{""phase"":""I"",""startLLA"":{""lat"":37.566379,""lon"":126.962865,""alt"":100},""endLLA"":{""lat"":37.56901,""lon"":126.973604,""alt"":15},""targetSpeed"":30,""seq"":12}","{""phase"":""J"",""startLLA"":{""lat"":37.56901,""lon"":126.973604,""alt"":15},""endLLA"":{""lat"":37.56901,""lon"":126.973604,""alt"":0},""targetSpeed"":10,""seq"":13}","{""phase"":""K"",""startLLA"":{""lat"":37.56901,""lon"":126.973604,""alt"":0},""endLLA"":{""lat"":37.56901,""lon"":126.973604,""alt"":0},""targetSpeed"":3,""seq"":14}",,,,,,,
d2d2f5e06492,2026-06-20,FPL0815001,UAM0028,a2,2,1,0.5,사당,사당,마곡,마곡,8,G2,F1,G1,F1,08:10:42,08:17:18,09:18:12,09:24:10,09:34:10,396.86,3653.71,358.28,4408.85,0,1080,ready,사당 > 180고지 > 영등포 > 목동교 > 염창교 > 가양대교 남단 > 마곡,21.5149,14,"{""phase"":""A"",""startLLA"":{""lat"":37.475767,""lon"":126.982185,""alt"":0},""endLLA"":{""lat"":37.475767,""lon"":126.982185,""alt"":0},""targetSpeed"":3,""seq"":1}","{""phase"":""B"",""startLLA"":{""lat"":37.475767,""lon"":126.982185,""alt"":0},""endLLA"":{""lat"":37.475767,""lon"":126.982185,""alt"":15},""targetSpeed"":10,""seq"":2}","{""phase"":""C"",""startLLA"":{""lat"":37.475767,""lon"":126.982185,""alt"":15},""endLLA"":{""lat"":37.480646,""lon"":126.97001,""alt"":100},""targetSpeed"":36,""seq"":3}","{""phase"":""E"",""startLLA"":{""lat"":37.480646,""lon"":126.97001,""alt"":100},""endLLA"":{""lat"":37.492877,""lon"":126.93949,""alt"":275.53},""targetSpeed"":51.4,""seq"":4}","{""phase"":""E"",""startLLA"":{""lat"":37.492877,""lon"":126.93949,""alt"":275.53},""endLLA"":{""lat"":37.495955,""lon"":126.935259,""alt"":305},""targetSpeed"":51.4,""seq"":5}","{""phase"":""F"",""startLLA"":{""lat"":37.495955,""lon"":126.935259,""alt"":305},""endLLA"":{""lat"":37.515965,""lon"":126.907756,""alt"":305},""targetSpeed"":51.4,""seq"":6}","{""phase"":""F"",""startLLA"":{""lat"":37.515965,""lon"":126.907756,""alt"":305},""endLLA"":{""lat"":37.530667,""lon"":126.888262,""alt"":305},""targetSpeed"":51.4,""seq"":7}","{""phase"":""F"",""startLLA"":{""lat"":37.530667,""lon"":126.888262,""alt"":305},""endLLA"":{""lat"":37.553824,""lon"":126.875819,""alt"":305},""targetSpeed"":51.4,""seq"":8}","{""phase"":""F"",""startLLA"":{""lat"":37.553824,""lon"":126.875819,""alt"":305},""endLLA"":{""lat"":37.569391,""lon"":126.861026,""alt"":305},""targetSpeed"":51.4,""seq"":9}","{""phase"":""F"",""startLLA"":{""lat"":37.569391,""lon"":126.861026,""alt"":305},""endLLA"":{""lat"":37.567855,""lon"":126.842869,""alt"":305},""targetSpeed"":51.4,""seq"":10}","{""phase"":""G"",""startLLA"":{""lat"":37.567855,""lon"":126.842869,""alt"":305},""endLLA"":{""lat"":37.564492,""lon"":126.803119,""alt"":100},""targetSpeed"":36,""seq"":11}","{""phase"":""I"",""startLLA"":{""lat"":37.564492,""lon"":126.803119,""alt"":100},""endLLA"":{""lat"":37.563535,""lon"":126.791805,""alt"":15},""targetSpeed"":30,""seq"":12}","{""phase"":""J"",""startLLA"":{""lat"":37.563535,""lon"":126.791805,""alt"":15},""endLLA"":{""lat"":37.563535,""lon"":126.791805,""alt"":0},""targetSpeed"":10,""seq"":13}","{""phase"":""K"",""startLLA"":{""lat"":37.563535,""lon"":126.791805,""alt"":0},""endLLA"":{""lat"":37.563535,""lon"":126.791805,""alt"":0},""targetSpeed"":3,""seq"":14}",,,,,,,
d2d2f5e06492,2026-06-20,FPL0816003,UAM0058,a2,2,1,0.5,사당,사당,망우,망우,8,G1,F1,G5,F1,08:16:33,08:22:47,08:30:22,08:37:50,08:47:50,374.43,455.22,448.28,1277.93,7.57,0,ready,사당 > 경부고속도로 양재천 다리 > 대치교 > 청담대교 중간지점 > 건대입구 > 망우,20.4833,13,"{""phase"":""A"",""startLLA"":{""lat"":37.475767,""lon"":126.982185,""alt"":0},""endLLA"":{""lat"":37.475767,""lon"":126.982185,""alt"":0},""targetSpeed"":3,""seq"":1}","{""phase"":""B"",""startLLA"":{""lat"":37.475767,""lon"":126.982185,""alt"":0},""endLLA"":{""lat"":37.475767,""lon"":126.982185,""alt"":15},""targetSpeed"":10,""seq"":2}","{""phase"":""C"",""startLLA"":{""lat"":37.475767,""lon"":126.982185,""alt"":15},""endLLA"":{""lat"":37.474631,""lon"":126.99575,""alt"":100},""targetSpeed"":36,""seq"":3}","{""phase"":""E"",""startLLA"":{""lat"":37.474631,""lon"":126.99575,""alt"":100},""endLLA"":{""lat"":37.471593,""lon"":127.032031,""alt"":287.28},""targetSpeed"":51.4,""seq"":4}","{""phase"":""E"",""startLLA"":{""lat"":37.471593,""lon"":127.032031,""alt"":287.28},""endLLA"":{""lat"":37.473287,""lon"":127.034744,""alt"":305},""targetSpeed"":51.4,""seq"":5}","{""phase"":""F"",""startLLA"":{""lat"":37.473287,""lon"":127.034744,""alt"":305},""endLLA"":{""lat"":37.497702,""lon"":127.073855,""alt"":305},""targetSpeed"":51.4,""seq"":6}","{""phase"":""F"",""startLLA"":{""lat"":37.497702,""lon"":127.073855,""alt"":305},""endLLA"":{""lat"":37.526451,""lon"":127.064361,""alt"":305},""targetSpeed"":51.4,""seq"":7}","{""phase"":""F"",""startLLA"":{""lat"":37.526451,""lon"":127.064361,""alt"":305},""endLLA"":{""lat"":37.540426,""lon"":127.069298,""alt"":305},""targetSpeed"":51.4,""seq"":8}","{""phase"":""F"",""startLLA"":{""lat"":37.540426,""lon"":127.069298,""alt"":305},""endLLA"":{""lat"":37.557141,""lon"":127.073901,""alt"":305},""targetSpeed"":51.4,""seq"":9}","{""phase"":""G"",""startLLA"":{""lat"":37.557141,""lon"":127.073901,""alt"":305},""endLLA"":{""lat"":37.588105,""lon"":127.082427,""alt"":100},""targetSpeed"":36,""seq"":10}","{""phase"":""I"",""startLLA"":{""lat"":37.588105,""lon"":127.082427,""alt"":100},""endLLA"":{""lat"":37.596919,""lon"":127.084854,""alt"":15},""targetSpeed"":30,""seq"":11}","{""phase"":""J"",""startLLA"":{""lat"":37.596919,""lon"":127.084854,""alt"":15},""endLLA"":{""lat"":37.596919,""lon"":127.084854,""alt"":0},""targetSpeed"":10,""seq"":12}","{""phase"":""K"",""startLLA"":{""lat"":37.596919,""lon"":127.084854,""alt"":0},""endLLA"":{""lat"":37.596919,""lon"":127.084854,""alt"":0},""targetSpeed"":3,""seq"":13}",,,,,,,,
d2d2f5e06492,2026-06-20,FPL0806001,UAM0060,a2,2,1,0.5,사당,사당,미아,미아,8,G7,F1,G3,F1,08:21:31,08:28:15,08:38:03,08:45:01,08:55:01,405,587.08,418.28,1410.36,8.14,0,ready,사당 > 경부고속도로 양재천 다리 > 대치교 > 청담대교 중간지점 > 건대입구 > 중랑천 제방길 > 상봉 > 월릉교 > 미아,27.2607,16,"{""phase"":""A"",""startLLA"":{""lat"":37.475767,""lon"":126.982185,""alt"":0},""endLLA"":{""lat"":37.475767,""lon"":126.982185,""alt"":0},""targetSpeed"":3,""seq"":1}","{""phase"":""B"",""startLLA"":{""lat"":37.475767,""lon"":126.982185,""alt"":0},""endLLA"":{""lat"":37.475767,""lon"":126.982185,""alt"":15},""targetSpeed"":10,""seq"":2}","{""phase"":""C"",""startLLA"":{""lat"":37.475767,""lon"":126.982185,""alt"":15},""endLLA"":{""lat"":37.474631,""lon"":126.995747,""alt"":100},""targetSpeed"":36,""seq"":3}","{""phase"":""E"",""startLLA"":{""lat"":37.474631,""lon"":126.995747,""alt"":100},""endLLA"":{""lat"":37.471593,""lon"":127.032031,""alt"":287.34},""targetSpeed"":51.4,""seq"":4}","{""phase"":""E"",""startLLA"":{""lat"":37.471593,""lon"":127.032031,""alt"":287.34},""endLLA"":{""lat"":37.47328,""lon"":127.034734,""alt"":305},""targetSpeed"":51.4,""seq"":5}","{""phase"":""F"",""startLLA"":{""lat"":37.47328,""lon"":127.034734,""alt"":305},""endLLA"":{""lat"":37.497702,""lon"":127.073855,""alt"":305},""targetSpeed"":51.4,""seq"":6}","{""phase"":""F"",""startLLA"":{""lat"":37.497702,""lon"":127.073855,""alt"":305},""endLLA"":{""lat"":37.526451,""lon"":127.064361,""alt"":305},""targetSpeed"":51.4,""seq"":7}","{""phase"":""F"",""startLLA"":{""lat"":37.526451,""lon"":127.064361,""alt"":305},""endLLA"":{""lat"":37.540426,""lon"":127.069298,""alt"":305},""targetSpeed"":51.4,""seq"":8}","{""phase"":""F"",""startLLA"":{""lat"":37.540426,""lon"":127.069298,""alt"":305},""endLLA"":{""lat"":37.580774,""lon"":127.077387,""alt"":305},""targetSpeed"":51.4,""seq"":9}","{""phase"":""F"",""startLLA"":{""lat"":37.580774,""lon"":127.077387,""alt"":305},""endLLA"":{""lat"":37.596919,""lon"":127.084854,""alt"":305},""targetSpeed"":51.4,""seq"":10}","{""phase"":""F"",""startLLA"":{""lat"":37.596919,""lon"":127.084854,""alt"":305},""endLLA"":{""lat"":37.614356,""lon"":127.072723,""alt"":305},""targetSpeed"":51.4,""seq"":11}","{""phase"":""G"",""startLLA"":{""lat"":37.614356,""lon"":127.072723,""alt"":305},""endLLA"":{""lat"":37.616266,""lon"":127.071394,""alt"":290.89},""targetSpeed"":36,""seq"":12}","{""phase"":""G"",""startLLA"":{""lat"":37.616266,""lon"":127.071394,""alt"":290.89},""endLLA"":{""lat"":37.626943,""lon"":127.036668,""alt"":100},""targetSpeed"":36,""seq"":13}","{""phase"":""I"",""startLLA"":{""lat"":37.626943,""lon"":127.036668,""alt"":100},""endLLA"":{""lat"":37.630207,""lon"":127.026053,""alt"":15},""targetSpeed"":30,""seq"":14}","{""phase"":""J"",""startLLA"":{""lat"":37.630207,""lon"":127.026053,""alt"":15},""endLLA"":{""lat"":37.630207,""lon"":127.026053,""alt"":0},""targetSpeed"":10,""seq"":15}","{""phase"":""K"",""startLLA"":{""lat"":37.630207,""lon"":127.026053,""alt"":0},""endLLA"":{""lat"":37.630207,""lon"":127.026053,""alt"":0},""targetSpeed"":3,""seq"":16}",,,,,
d2d2f5e06492,2026-06-20,FPL0803001,UAM0021,a2,2,1,0.5,사당,사당,상암,상암,8,G8,F1,G1,F1,08:31:21,08:37:27,08:42:46,08:48:44,08:58:44,366.86,318.75,358.28,1043.89,0,0,ready,사당 > 180고지 > 영등포 > 선유도 17고지 > 상암,13.4688,12,"{""phase"":""A"",""startLLA"":{""lat"":37.475767,""lon"":126.982185,""alt"":0},""endLLA"":{""lat"":37.475767,""lon"":126.982185,""alt"":0},""targetSpeed"":3,""seq"":1}","{""phase"":""B"",""startLLA"":{""lat"":37.475767,""lon"":126.982185,""alt"":0},""endLLA"":{""lat"":37.475767,""lon"":126.982185,""alt"":15},""targetSpeed"":10,""seq"":2}","{""phase"":""C"",""startLLA"":{""lat"":37.475767,""lon"":126.982185,""alt"":15},""endLLA"":{""lat"":37.480647,""lon"":126.970008,""alt"":100},""targetSpeed"":36,""seq"":3}","{""phase"":""E"",""startLLA"":{""lat"":37.480647,""lon"":126.970008,""alt"":100},""endLLA"":{""lat"":37.492877,""lon"":126.93949,""alt"":275.49},""targetSpeed"":51.4,""seq"":4}","{""phase"":""E"",""startLLA"":{""lat"":37.492877,""lon"":126.93949,""alt"":275.49},""endLLA"":{""lat"":37.495961,""lon"":126.935252,""alt"":305},""targetSpeed"":51.4,""seq"":5}","{""phase"":""F"",""startLLA"":{""lat"":37.495961,""lon"":126.935252,""alt"":305},""endLLA"":{""lat"":37.515965,""lon"":126.907756,""alt"":305},""targetSpeed"":51.4,""seq"":6}","{""phase"":""F"",""startLLA"":{""lat"":37.515965,""lon"":126.907756,""alt"":305},""endLLA"":{""lat"":37.524062,""lon"":126.906137,""alt"":305},""targetSpeed"":51.4,""seq"":7}","{""phase"":""G"",""startLLA"":{""lat"":37.524062,""lon"":126.906137,""alt"":305},""endLLA"":{""lat"":37.542307,""lon"":126.90249,""alt"":185.51},""targetSpeed"":36,""seq"":8}","{""phase"":""G"",""startLLA"":{""lat"":37.542307,""lon"":126.90249,""alt"":185.51},""endLLA"":{""lat"":37.55418,""lon"":126.895159,""alt"":100},""targetSpeed"":36,""seq"":9}","{""phase"":""I"",""startLLA"":{""lat"":37.55418,""lon"":126.895159,""alt"":100},""endLLA"":{""lat"":37.562282,""lon"":126.890156,""alt"":15},""targetSpeed"":30,""seq"":10}","{""phase"":""J"",""startLLA"":{""lat"":37.562282,""lon"":126.890156,""alt"":15},""endLLA"":{""lat"":37.562282,""lon"":126.890156,""alt"":0},""targetSpeed"":10,""seq"":11}","{""phase"":""K"",""startLLA"":{""lat"":37.562282,""lon"":126.890156,""alt"":0},""endLLA"":{""lat"":37.562282,""lon"":126.890156,""alt"":0},""targetSpeed"":3,""seq"":12}",,,,,,,,,
d2d2f5e06492,2026-06-20,FPL0817002,UAM0036,a2,2,1,0.5,사당,사당,수서,수서,8,G1,F2,G3,F2,08:36:00,08:42:06,08:46:32,08:53:30,09:03:30,366.86,265.44,418.28,1050.58,0,0,ready,사당 > 경부고속도로 양재천 다리 > 수서,10.7285,10,"{""phase"":""A"",""startLLA"":{""lat"":37.475767,""lon"":126.982185,""alt"":0},""endLLA"":{""lat"":37.475767,""lon"":126.982185,""alt"":0},""targetSpeed"":3,""seq"":1}","{""phase"":""B"",""startLLA"":{""lat"":37.475767,""lon"":126.982185,""alt"":0},""endLLA"":{""lat"":37.475767,""lon"":126.982185,""alt"":15},""targetSpeed"":10,""seq"":2}","{""phase"":""C"",""startLLA"":{""lat"":37.475767,""lon"":126.982185,""alt"":15},""endLLA"":{""lat"":37.47463,""lon"":126.995757,""alt"":100},""targetSpeed"":36,""seq"":3}","{""phase"":""E"",""startLLA"":{""lat"":37.47463,""lon"":126.995757,""alt"":100},""endLLA"":{""lat"":37.471593,""lon"":127.032031,""alt"":287.14},""targetSpeed"":51.4,""seq"":4}","{""phase"":""E"",""startLLA"":{""lat"":37.471593,""lon"":127.032031,""alt"":287.14},""endLLA"":{""lat"":37.472365,""lon"":127.035373,""alt"":305},""targetSpeed"":51.4,""seq"":5}","{""phase"":""F"",""startLLA"":{""lat"":37.472365,""lon"":127.035373,""alt"":305},""endLLA"":{""lat"":37.476051,""lon"":127.051318,""alt"":305},""targetSpeed"":51.4,""seq"":6}","{""phase"":""G"",""startLLA"":{""lat"":37.476051,""lon"":127.051318,""alt"":305},""endLLA"":{""lat"":37.484917,""lon"":127.089683,""alt"":100},""targetSpeed"":36,""seq"":7}","{""phase"":""I"",""startLLA"":{""lat"":37.484917,""lon"":127.089683,""alt"":100},""endLLA"":{""lat"":37.487441,""lon"":127.100603,""alt"":15},""targetSpeed"":30,""seq"":8}","{""phase"":""J"",""startLLA"":{""lat"":37.487441,""lon"":127.100603,""alt"":15},""endLLA"":{""lat"":37.487441,""lon"":127.100603,""alt"":0},""targetSpeed"":10,""seq"":9}","{""phase"":""K"",""startLLA"":{""lat"":37.487441,""lon"":127.100603,""alt"":0},""endLLA"":{""lat"":37.487441,""lon"":127.100603,""alt"":0},""targetSpeed"":3,""seq"":10}",,,,,,,,,,,
d2d2f5e06492,2026-06-20,FPL0811004,UAM0031,a2,2,1,0.5,사당,사당,천호,천호,8,G2,F1,G8,F2,08:44:34,08:51:10,08:58:02,09:04:01,09:14:01,396.86,411.98,358.28,1167.12,0,0,ready,사당 > 경부고속도로 양재천 다리 > 대치교 > 청담대교 중간지점 > 잠실대교 중간지점 > 천호,18.2608,13,"{""phase"":""A"",""startLLA"":{""lat"":37.475767,""lon"":126.982185,""alt"":0},""endLLA"":{""lat"":37.475767,""lon"":126.982185,""alt"":0},""targetSpeed"":3,""seq"":1}","{""phase"":""B"",""startLLA"":{""lat"":37.475767,""lon"":126.982185,""alt"":0},""endLLA"":{""lat"":37.475767,""lon"":126.982185,""alt"":15},""targetSpeed"":10,""seq"":2}","{""phase"":""C"",""startLLA"":{""lat"":37.475767,""lon"":126.982185,""alt"":15},""endLLA"":{""lat"":37.474631,""lon"":126.995751,""alt"":100},""targetSpeed"":36,""seq"":3}","{""phase"":""E"",""startLLA"":{""lat"":37.474631,""lon"":126.995751,""alt"":100},""endLLA"":{""lat"":37.471593,""lon"":127.032031,""alt"":287.26},""targetSpeed"":51.4,""seq"":4}","{""phase"":""E"",""startLLA"":{""lat"":37.471593,""lon"":127.032031,""alt"":287.26},""endLLA"":{""lat"":37.473289,""lon"":127.034748,""alt"":305},""targetSpeed"":51.4,""seq"":5}","{""phase"":""F"",""startLLA"":{""lat"":37.473289,""lon"":127.034748,""alt"":305},""endLLA"":{""lat"":37.497702,""lon"":127.073855,""alt"":305},""targetSpeed"":51.4,""seq"":6}","{""phase"":""F"",""startLLA"":{""lat"":37.497702,""lon"":127.073855,""alt"":305},""endLLA"":{""lat"":37.526451,""lon"":127.064361,""alt"":305},""targetSpeed"":51.4,""seq"":7}","{""phase"":""F"",""startLLA"":{""lat"":37.526451,""lon"":127.064361,""alt"":305},""endLLA"":{""lat"":37.525291,""lon"":127.078991,""alt"":305},""targetSpeed"":51.4,""seq"":8}","{""phase"":""G"",""startLLA"":{""lat"":37.525291,""lon"":127.078991,""alt"":305},""endLLA"":{""lat"":37.524288,""lon"":127.091639,""alt"":239.8},""targetSpeed"":36,""seq"":9}","{""phase"":""G"",""startLLA"":{""lat"":37.524288,""lon"":127.091639,""alt"":239.8},""endLLA"":{""lat"":37.539418,""lon"":127.111105,""alt"":100},""targetSpeed"":36,""seq"":10}","{""phase"":""I"",""startLLA"":{""lat"":37.539418,""lon"":127.111105,""alt"":100},""endLLA"":{""lat"":37.545733,""lon"":127.11923,""alt"":15},""targetSpeed"":30,""seq"":11}","{""phase"":""J"",""startLLA"":{""lat"":37.545733,""lon"":127.11923,""alt"":15},""endLLA"":{""lat"":37.545733,""lon"":127.11923,""alt"":0},""targetSpeed"":10,""seq"":12}","{""phase"":""K"",""startLLA"":{""lat"":37.545733,""lon"":127.11923,""alt"":0},""endLLA"":{""lat"":37.545733,""lon"":127.11923,""alt"":0},""targetSpeed"":3,""seq"":13}",,,,,,,,
d2d2f5e06492,2026-06-20,FPL0812004,UAM0054,a2,2,2,1,사당,사당,광화문,광화문,9,G1,F1,G8,F1,09:35:30,09:41:36,09:49:07,09:55:05,10:05:05,366.86,450.47,358.28,1175.61,0,0,ready,사당 > 180고지 > 영등포 > 선유도 17고지 > 성산대교 중간지점 > 홍대입구 > 광화문,20.239,14,"{""phase"":""A"",""startLLA"":{""lat"":37.475767,""lon"":126.982185,""alt"":0},""endLLA"":{""lat"":37.475767,""lon"":126.982185,""alt"":0},""targetSpeed"":3,""seq"":1}","{""phase"":""B"",""startLLA"":{""lat"":37.475767,""lon"":126.982185,""alt"":0},""endLLA"":{""lat"":37.475767,""lon"":126.982185,""alt"":15},""targetSpeed"":10,""seq"":2}","{""phase"":""C"",""startLLA"":{""lat"":37.475767,""lon"":126.982185,""alt"":15},""endLLA"":{""lat"":37.480587,""lon"":126.970158,""alt"":100},""targetSpeed"":36,""seq"":3}","{""phase"":""E"",""startLLA"":{""lat"":37.480587,""lon"":126.970158,""alt"":100},""endLLA"":{""lat"":37.492877,""lon"":126.93949,""alt"":278.55},""targetSpeed"":51.4,""seq"":4}","{""phase"":""E"",""startLLA"":{""lat"":37.492877,""lon"":126.93949,""alt"":278.55},""endLLA"":{""lat"":37.495606,""lon"":126.935739,""alt"":305},""targetSpeed"":51.4,""seq"":5}","{""phase"":""F"",""startLLA"":{""lat"":37.495606,""lon"":126.935739,""alt"":305},""endLLA"":{""lat"":37.515965,""lon"":126.907756,""alt"":305},""targetSpeed"":51.4,""seq"":6}","{""phase"":""F"",""startLLA"":{""lat"":37.515965,""lon"":126.907756,""alt"":305},""endLLA"":{""lat"":37.542307,""lon"":126.90249,""alt"":305},""targetSpeed"":51.4,""seq"":7}","{""phase"":""F"",""startLLA"":{""lat"":37.542307,""lon"":126.90249,""alt"":305},""endLLA"":{""lat"":37.552574,""lon"":126.891431,""alt"":305},""targetSpeed"":51.4,""seq"":8}","{""phase"":""F"",""startLLA"":{""lat"":37.552574,""lon"":126.891431,""alt"":305},""endLLA"":{""lat"":37.556786,""lon"":126.923706,""alt"":305},""targetSpeed"":51.4,""seq"":9}","{""phase"":""F"",""startLLA"":{""lat"":37.556786,""lon"":126.923706,""alt"":305},""endLLA"":{""lat"":37.557137,""lon"":126.925138,""alt"":305},""targetSpeed"":51.4,""seq"":10}","{""phase"":""G"",""startLLA"":{""lat"":37.557137,""lon"":126.925138,""alt"":305},""endLLA"":{""lat"":37.566379,""lon"":126.962865,""alt"":100},""targetSpeed"":36,""seq"":11}","{""phase"":""I"",""startLLA"":{""lat"":37.566379,""lon"":126.962865,""alt"":100},""endLLA"":{""lat"":37.56901,""lon"":126.973604,""alt"":15},""targetSpeed"":30,""seq"":12}","{""phase"":""J"",""startLLA"":{""lat"":37.56901,""lon"":126.973604,""alt"":15},""endLLA"":{""lat"":37.56901,""lon"":126.973604,""alt"":0},""targetSpeed"":10,""seq"":13}","{""phase"":""K"",""startLLA"":{""lat"":37.56901,""lon"":126.973604,""alt"":0},""endLLA"":{""lat"":37.56901,""lon"":126.973604,""alt"":0},""targetSpeed"":3,""seq"":14}",,,,,,,
d2d2f5e06492,2026-06-20,FPL0815002,UAM0043,a2,2,1,0.5,사당,사당,마곡,마곡,9,G8,F2,G6,F1,09:39:47,09:45:53,10:18:12,10:25:39,10:35:39,366.86,1938.71,446.57,2752.14,0,1110.28,ready,사당 > 180고지 > 영등포 > 목동교 > 염창교 > 가양대교 남단 > 마곡,21.5149,14,"{""phase"":""A"",""startLLA"":{""lat"":37.475767,""lon"":126.982185,""alt"":0},""endLLA"":{""lat"":37.475767,""lon"":126.982185,""alt"":0},""targetSpeed"":3,""seq"":1}","{""phase"":""B"",""startLLA"":{""lat"":37.475767,""lon"":126.982185,""alt"":0},""endLLA"":{""lat"":37.475767,""lon"":126.982185,""alt"":15},""targetSpeed"":10,""seq"":2}","{""phase"":""C"",""startLLA"":{""lat"":37.475767,""lon"":126.982185,""alt"":15},""endLLA"":{""lat"":37.480646,""lon"":126.97001,""alt"":100},""targetSpeed"":36,""seq"":3}","{""phase"":""E"",""startLLA"":{""lat"":37.480646,""lon"":126.97001,""alt"":100},""endLLA"":{""lat"":37.492877,""lon"":126.93949,""alt"":275.53},""targetSpeed"":51.4,""seq"":4}","{""phase"":""E"",""startLLA"":{""lat"":37.492877,""lon"":126.93949,""alt"":275.53},""endLLA"":{""lat"":37.495955,""lon"":126.935259,""alt"":305},""targetSpeed"":51.4,""seq"":5}","{""phase"":""F"",""startLLA"":{""lat"":37.495955,""lon"":126.935259,""alt"":305},""endLLA"":{""lat"":37.515965,""lon"":126.907756,""alt"":305},""targetSpeed"":51.4,""seq"":6}","{""phase"":""F"",""startLLA"":{""lat"":37.515965,""lon"":126.907756,""alt"":305},""endLLA"":{""lat"":37.530667,""lon"":126.888262,""alt"":305},""targetSpeed"":51.4,""seq"":7}","{""phase"":""F"",""startLLA"":{""lat"":37.530667,""lon"":126.888262,""alt"":305},""endLLA"":{""lat"":37.553824,""lon"":126.875819,""alt"":305},""targetSpeed"":51.4,""seq"":8}","{""phase"":""F"",""startLLA"":{""lat"":37.553824,""lon"":126.875819,""alt"":305},""endLLA"":{""lat"":37.569391,""lon"":126.861026,""alt"":305},""targetSpeed"":51.4,""seq"":9}","{""phase"":""F"",""startLLA"":{""lat"":37.569391,""lon"":126.861026,""alt"":305},""endLLA"":{""lat"":37.567855,""lon"":126.842869,""alt"":305},""targetSpeed"":51.4,""seq"":10}","{""phase"":""G"",""startLLA"":{""lat"":37.567855,""lon"":126.842869,""alt"":305},""endLLA"":{""lat"":37.564492,""lon"":126.803119,""alt"":100},""targetSpeed"":36,""seq"":11}","{""phase"":""I"",""startLLA"":{""lat"":37.564492,""lon"":126.803119,""alt"":100},""endLLA"":{""lat"":37.563535,""lon"":126.791805,""alt"":15},""targetSpeed"":30,""seq"":12}","{""phase"":""J"",""startLLA"":{""lat"":37.563535,""lon"":126.791805,""alt"":15},""endLLA"":{""lat"":37.563535,""lon"":126.791805,""alt"":0},""targetSpeed"":10,""seq"":13}","{""phase"":""K"",""startLLA"":{""lat"":37.563535,""lon"":126.791805,""alt"":0},""endLLA"":{""lat"":37.563535,""lon"":126.791805,""alt"":0},""targetSpeed"":3,""seq"":14}",,,,,,,
d2d2f5e06492,2026-06-20,FPL0805002,UAM0017,a2,2,1,0.5,사당,사당,목동,목동,9,G1,F1,G1,F2,09:58:44,10:04:50,10:09:22,10:15:20,10:25:20,366.86,271.42,358.28,996.56,0,0,ready,사당 > 180고지 > 영등포 > 목동,11.0358,11,"{""phase"":""A"",""startLLA"":{""lat"":37.475767,""lon"":126.982185,""alt"":0},""endLLA"":{""lat"":37.475767,""lon"":126.982185,""alt"":0},""targetSpeed"":3,""seq"":1}","{""phase"":""B"",""startLLA"":{""lat"":37.475767,""lon"":126.982185,""alt"":0},""endLLA"":{""lat"":37.475767,""lon"":126.982185,""alt"":15},""targetSpeed"":10,""seq"":2}","{""phase"":""C"",""startLLA"":{""lat"":37.475767,""lon"":126.982185,""alt"":15},""endLLA"":{""lat"":37.480648,""lon"":126.970006,""alt"":100},""targetSpeed"":36,""seq"":3}","{""phase"":""E"",""startLLA"":{""lat"":37.480648,""lon"":126.970006,""alt"":100},""endLLA"":{""lat"":37.492877,""lon"":126.93949,""alt"":275.46},""targetSpeed"":51.4,""seq"":4}","{""phase"":""E"",""startLLA"":{""lat"":37.492877,""lon"":126.93949,""alt"":275.46},""endLLA"":{""lat"":37.495964,""lon"":126.935246,""alt"":305},""targetSpeed"":51.4,""seq"":5}","{""phase"":""F"",""startLLA"":{""lat"":37.495964,""lon"":126.935246,""alt"":305},""endLLA"":{""lat"":37.506735,""lon"":126.920442,""alt"":305},""targetSpeed"":51.4,""seq"":6}","{""phase"":""G"",""startLLA"":{""lat"":37.506735,""lon"":126.920442,""alt"":305},""endLLA"":{""lat"":37.515965,""lon"":126.907756,""alt"":216.68},""targetSpeed"":36,""seq"":7}","{""phase"":""G"",""startLLA"":{""lat"":37.515965,""lon"":126.907756,""alt"":216.68},""endLLA"":{""lat"":37.522883,""lon"":126.886749,""alt"":100},""targetSpeed"":36,""seq"":8}","{""phase"":""I"",""startLLA"":{""lat"":37.522883,""lon"":126.886749,""alt"":100},""endLLA"":{""lat"":37.526343,""lon"":126.876243,""alt"":15},""targetSpeed"":30,""seq"":9}","{""phase"":""J"",""startLLA"":{""lat"":37.526343,""lon"":126.876243,""alt"":15},""endLLA"":{""lat"":37.526343,""lon"":126.876243,""alt"":0},""targetSpeed"":10,""seq"":10}","{""phase"":""K"",""startLLA"":{""lat"":37.526343,""lon"":126.876243,""alt"":0},""endLLA"":{""lat"":37.526343,""lon"":126.876243,""alt"":0},""targetSpeed"":3,""seq"":11}",,,,,,,,,,
d2d2f5e06492,2026-06-20,FPL0805003,UAM0030,a2,2,2,1,사당,사당,목동,목동,10,G8,F1,G8,F1,10:05:22,10:11:28,10:16:00,10:21:58,10:31:58,366.86,271.42,358.28,996.56,0,0,ready,사당 > 180고지 > 영등포 > 목동,11.0358,11,"{""phase"":""A"",""startLLA"":{""lat"":37.475767,""lon"":126.982185,""alt"":0},""endLLA"":{""lat"":37.475767,""lon"":126.982185,""alt"":0},""targetSpeed"":3,""seq"":1}","{""phase"":""B"",""startLLA"":{""lat"":37.475767,""lon"":126.982185,""alt"":0},""endLLA"":{""lat"":37.475767,""lon"":126.982185,""alt"":15},""targetSpeed"":10,""seq"":2}","{""phase"":""C"",""startLLA"":{""lat"":37.475767,""lon"":126.982185,""alt"":15},""endLLA"":{""lat"":37.480648,""lon"":126.970006,""alt"":100},""targetSpeed"":36,""seq"":3}","{""phase"":""E"",""startLLA"":{""lat"":37.480648,""lon"":126.970006,""alt"":100},""endLLA"":{""lat"":37.492877,""lon"":126.93949,""alt"":275.46},""targetSpeed"":51.4,""seq"":4}","{""phase"":""E"",""startLLA"":{""lat"":37.492877,""lon"":126.93949,""alt"":275.46},""endLLA"":{""lat"":37.495964,""lon"":126.935246,""alt"":305},""targetSpeed"":51.4,""seq"":5}","{""phase"":""F"",""startLLA"":{""lat"":37.495964,""lon"":126.935246,""alt"":305},""endLLA"":{""lat"":37.506735,""lon"":126.920442,""alt"":305},""targetSpeed"":51.4,""seq"":6}","{""phase"":""G"",""startLLA"":{""lat"":37.506735,""lon"":126.920442,""alt"":305},""endLLA"":{""lat"":37.515965,""lon"":126.907756,""alt"":216.68},""targetSpeed"":36,""seq"":7}","{""phase"":""G"",""startLLA"":{""lat"":37.515965,""lon"":126.907756,""alt"":216.68},""endLLA"":{""lat"":37.522883,""lon"":126.886749,""alt"":100},""targetSpeed"":36,""seq"":8}","{""phase"":""I"",""startLLA"":{""lat"":37.522883,""lon"":126.886749,""alt"":100},""endLLA"":{""lat"":37.526343,""lon"":126.876243,""alt"":15},""targetSpeed"":30,""seq"":9}","{""phase"":""J"",""startLLA"":{""lat"":37.526343,""lon"":126.876243,""alt"":15},""endLLA"":{""lat"":37.526343,""lon"":126.876243,""alt"":0},""targetSpeed"":10,""seq"":10}","{""phase"":""K"",""startLLA"":{""lat"":37.526343,""lon"":126.876243,""alt"":0},""endLLA"":{""lat"":37.526343,""lon"":126.876243,""alt"":0},""targetSpeed"":3,""seq"":11}",,,,,,,,,,
d2d2f5e06492,2026-06-20,FPL0815003,UAM0019,a2,2,1,0.5,사당,사당,마곡,마곡,10,G2,F2,G2,F1,10:07:57,10:14:33,10:50:38,10:57:07,11:07:07,396.86,2165,388.28,2950.14,0,962.28,ready,사당 > 180고지 > 영등포 > 목동교 > 염창교 > 가양대교 남단 > 마곡,21.5149,14,"{""phase"":""A"",""startLLA"":{""lat"":37.475767,""lon"":126.982185,""alt"":0},""endLLA"":{""lat"":37.475767,""lon"":126.982185,""alt"":0},""targetSpeed"":3,""seq"":1}","{""phase"":""B"",""startLLA"":{""lat"":37.475767,""lon"":126.982185,""alt"":0},""endLLA"":{""lat"":37.475767,""lon"":126.982185,""alt"":15},""targetSpeed"":10,""seq"":2}","{""phase"":""C"",""startLLA"":{""lat"":37.475767,""lon"":126.982185,""alt"":15},""endLLA"":{""lat"":37.480646,""lon"":126.97001,""alt"":100},""targetSpeed"":36,""seq"":3}","{""phase"":""E"",""startLLA"":{""lat"":37.480646,""lon"":126.97001,""alt"":100},""endLLA"":{""lat"":37.492877,""lon"":126.93949,""alt"":275.53},""targetSpeed"":51.4,""seq"":4}","{""phase"":""E"",""startLLA"":{""lat"":37.492877,""lon"":126.93949,""alt"":275.53},""endLLA"":{""lat"":37.495955,""lon"":126.935259,""alt"":305},""targetSpeed"":51.4,""seq"":5}","{""phase"":""F"",""startLLA"":{""lat"":37.495955,""lon"":126.935259,""alt"":305},""endLLA"":{""lat"":37.515965,""lon"":126.907756,""alt"":305},""targetSpeed"":51.4,""seq"":6}","{""phase"":""F"",""startLLA"":{""lat"":37.515965,""lon"":126.907756,""alt"":305},""endLLA"":{""lat"":37.530667,""lon"":126.888262,""alt"":305},""targetSpeed"":51.4,""seq"":7}","{""phase"":""F"",""startLLA"":{""lat"":37.530667,""lon"":126.888262,""alt"":305},""endLLA"":{""lat"":37.553824,""lon"":126.875819,""alt"":305},""targetSpeed"":51.4,""seq"":8}","{""phase"":""F"",""startLLA"":{""lat"":37.553824,""lon"":126.875819,""alt"":305},""endLLA"":{""lat"":37.569391,""lon"":126.861026,""alt"":305},""targetSpeed"":51.4,""seq"":9}","{""phase"":""F"",""startLLA"":{""lat"":37.569391,""lon"":126.861026,""alt"":305},""endLLA"":{""lat"":37.567855,""lon"":126.842869,""alt"":305},""targetSpeed"":51.4,""seq"":10}","{""phase"":""G"",""startLLA"":{""lat"":37.567855,""lon"":126.842869,""alt"":305},""endLLA"":{""lat"":37.564492,""lon"":126.803119,""alt"":100},""targetSpeed"":36,""seq"":11}","{""phase"":""I"",""startLLA"":{""lat"":37.564492,""lon"":126.803119,""alt"":100},""endLLA"":{""lat"":37.563535,""lon"":126.791805,""alt"":15},""targetSpeed"":30,""seq"":12}","{""phase"":""J"",""startLLA"":{""lat"":37.563535,""lon"":126.791805,""alt"":15},""endLLA"":{""lat"":37.563535,""lon"":126.791805,""alt"":0},""targetSpeed"":10,""seq"":13}","{""phase"":""K"",""startLLA"":{""lat"":37.563535,""lon"":126.791805,""alt"":0},""endLLA"":{""lat"":37.563535,""lon"":126.791805,""alt"":0},""targetSpeed"":3,""seq"":14}",,,,,,,
d2d2f5e06492,2026-06-20,FPL0817003,UAM0012,a2,2,1,0.5,사당,사당,수서,수서,10,G1,F1,G1,F2,10:28:36,10:34:42,10:39:08,10:45:06,10:55:06,366.86,265.44,358.28,990.58,0,0,ready,사당 > 경부고속도로 양재천 다리 > 수서,10.7285,10,"{""phase"":""A"",""startLLA"":{""lat"":37.475767,""lon"":126.982185,""alt"":0},""endLLA"":{""lat"":37.475767,""lon"":126.982185,""alt"":0},""targetSpeed"":3,""seq"":1}","{""phase"":""B"",""startLLA"":{""lat"":37.475767,""lon"":126.982185,""alt"":0},""endLLA"":{""lat"":37.475767,""lon"":126.982185,""alt"":15},""targetSpeed"":10,""seq"":2}","{""phase"":""C"",""startLLA"":{""lat"":37.475767,""lon"":126.982185,""alt"":15},""endLLA"":{""lat"":37.47463,""lon"":126.995757,""alt"":100},""targetSpeed"":36,""seq"":3}","{""phase"":""E"",""startLLA"":{""lat"":37.47463,""lon"":126.995757,""alt"":100},""endLLA"":{""lat"":37.471593,""lon"":127.032031,""alt"":287.14},""targetSpeed"":51.4,""seq"":4}","{""phase"":""E"",""startLLA"":{""lat"":37.471593,""lon"":127.032031,""alt"":287.14},""endLLA"":{""lat"":37.472365,""lon"":127.035373,""alt"":305},""targetSpeed"":51.4,""seq"":5}","{""phase"":""F"",""startLLA"":{""lat"":37.472365,""lon"":127.035373,""alt"":305},""endLLA"":{""lat"":37.476051,""lon"":127.051318,""alt"":305},""targetSpeed"":51.4,""seq"":6}","{""phase"":""G"",""startLLA"":{""lat"":37.476051,""lon"":127.051318,""alt"":305},""endLLA"":{""lat"":37.484917,""lon"":127.089683,""alt"":100},""targetSpeed"":36,""seq"":7}","{""phase"":""I"",""startLLA"":{""lat"":37.484917,""lon"":127.089683,""alt"":100},""endLLA"":{""lat"":37.487441,""lon"":127.100603,""alt"":15},""targetSpeed"":30,""seq"":8}","{""phase"":""J"",""startLLA"":{""lat"":37.487441,""lon"":127.100603,""alt"":15},""endLLA"":{""lat"":37.487441,""lon"":127.100603,""alt"":0},""targetSpeed"":10,""seq"":9}","{""phase"":""K"",""startLLA"":{""lat"":37.487441,""lon"":127.100603,""alt"":0},""endLLA"":{""lat"":37.487441,""lon"":127.100603,""alt"":0},""targetSpeed"":3,""seq"":10}",,,,,,,,,,,
d2d2f5e06492,2026-06-20,FPL0810002,UAM0061,a2,2,1,0.5,사당,사당,연신내,연신내,10,G1,F2,G1,F1,10:46:37,10:52:43,11:00:40,11:06:39,11:16:39,366.86,477.14,358.28,1202.28,0,21.23,ready,사당 > 180고지 > 영등포 > 선유도 17고지 > 성산대교 중간지점 > 수색교 > 연신내,20.5191,14,"{""phase"":""A"",""startLLA"":{""lat"":37.475767,""lon"":126.982185,""alt"":0},""endLLA"":{""lat"":37.475767,""lon"":126.982185,""alt"":0},""targetSpeed"":3,""seq"":1}","{""phase"":""B"",""startLLA"":{""lat"":37.475767,""lon"":126.982185,""alt"":0},""endLLA"":{""lat"":37.475767,""lon"":126.982185,""alt"":15},""targetSpeed"":10,""seq"":2}","{""phase"":""C"",""startLLA"":{""lat"":37.475767,""lon"":126.982185,""alt"":15},""endLLA"":{""lat"":37.480646,""lon"":126.97001,""alt"":100},""targetSpeed"":36,""seq"":3}","{""phase"":""E"",""startLLA"":{""lat"":37.480646,""lon"":126.97001,""alt"":100},""endLLA"":{""lat"":37.492877,""lon"":126.93949,""alt"":275.53},""targetSpeed"":51.4,""seq"":4}","{""phase"":""E"",""startLLA"":{""lat"":37.492877,""lon"":126.93949,""alt"":275.53},""endLLA"":{""lat"":37.495955,""lon"":126.935259,""alt"":305},""targetSpeed"":51.4,""seq"":5}","{""phase"":""F"",""startLLA"":{""lat"":37.495955,""lon"":126.935259,""alt"":305},""endLLA"":{""lat"":37.515965,""lon"":126.907756,""alt"":305},""targetSpeed"":51.4,""seq"":6}","{""phase"":""F"",""startLLA"":{""lat"":37.515965,""lon"":126.907756,""alt"":305},""endLLA"":{""lat"":37.542307,""lon"":126.90249,""alt"":305},""targetSpeed"":51.4,""seq"":7}","{""phase"":""F"",""startLLA"":{""lat"":37.542307,""lon"":126.90249,""alt"":305},""endLLA"":{""lat"":37.552574,""lon"":126.891431,""alt"":305},""targetSpeed"":51.4,""seq"":8}","{""phase"":""F"",""startLLA"":{""lat"":37.552574,""lon"":126.891431,""alt"":305},""endLLA"":{""lat"":37.583699,""lon"":126.886697,""alt"":305},""targetSpeed"":51.4,""seq"":9}","{""phase"":""G"",""startLLA"":{""lat"":37.583699,""lon"":126.886697,""alt"":305},""endLLA"":{""lat"":37.586283,""lon"":126.886304,""alt"":288.16},""targetSpeed"":36,""seq"":10}","{""phase"":""G"",""startLLA"":{""lat"":37.586283,""lon"":126.886304,""alt"":288.16},""endLLA"":{""lat"":37.60526,""lon"":126.914121,""alt"":100},""targetSpeed"":36,""seq"":11}","{""phase"":""I"",""startLLA"":{""lat"":37.60526,""lon"":126.914121,""alt"":100},""endLLA"":{""lat"":37.611145,""lon"":126.922747,""alt"":15},""targetSpeed"":30,""seq"":12}","{""phase"":""J"",""startLLA"":{""lat"":37.611145,""lon"":126.922747,""alt"":15},""endLLA"":{""lat"":37.611145,""lon"":126.922747,""alt"":0},""targetSpeed"":10,""seq"":13}","{""phase"":""K"",""startLLA"":{""lat"":37.611145,""lon"":126.922747,""alt"":0},""endLLA"":{""lat"":37.611145,""lon"":126.922747,""alt"":0},""targetSpeed"":3,""seq"":14}",,,,,,,
d2d2f5e06492,2026-06-20,FPL0815004,UAM0048,a2,2,2,1,사당,사당,마곡,마곡,11,G8,F1,G2,F2,11:02:32,11:08:38,11:37:14,11:43:42,11:53:42,366.86,1715.42,388.28,2470.56,0,1240.13,ready,사당 > 180고지 > 영등포 > 목동교 > 염창교 > 가양대교 남단 > 마곡,21.5149,14,"{""phase"":""A"",""startLLA"":{""lat"":37.475767,""lon"":126.982185,""alt"":0},""endLLA"":{""lat"":37.475767,""lon"":126.982185,""alt"":0},""targetSpeed"":3,""seq"":1}","{""phase"":""B"",""startLLA"":{""lat"":37.475767,""lon"":126.982185,""alt"":0},""endLLA"":{""lat"":37.475767,""lon"":126.982185,""alt"":15},""targetSpeed"":10,""seq"":2}","{""phase"":""C"",""startLLA"":{""lat"":37.475767,""lon"":126.982185,""alt"":15},""endLLA"":{""lat"":37.480646,""lon"":126.97001,""alt"":100},""targetSpeed"":36,""seq"":3}","{""phase"":""E"",""startLLA"":{""lat"":37.480646,""lon"":126.97001,""alt"":100},""endLLA"":{""lat"":37.492877,""lon"":126.93949,""alt"":275.53},""targetSpeed"":51.4,""seq"":4}","{""phase"":""E"",""startLLA"":{""lat"":37.492877,""lon"":126.93949,""alt"":275.53},""endLLA"":{""lat"":37.495955,""lon"":126.935259,""alt"":305},""targetSpeed"":51.4,""seq"":5}","{""phase"":""F"",""startLLA"":{""lat"":37.495955,""lon"":126.935259,""alt"":305},""endLLA"":{""lat"":37.515965,""lon"":126.907756,""alt"":305},""targetSpeed"":51.4,""seq"":6}","{""phase"":""F"",""startLLA"":{""lat"":37.515965,""lon"":126.907756,""alt"":305},""endLLA"":{""lat"":37.530667,""lon"":126.888262,""alt"":305},""targetSpeed"":51.4,""seq"":7}","{""phase"":""F"",""startLLA"":{""lat"":37.530667,""lon"":126.888262,""alt"":305},""endLLA"":{""lat"":37.553824,""lon"":126.875819,""alt"":305},""targetSpeed"":51.4,""seq"":8}","{""phase"":""F"",""startLLA"":{""lat"":37.553824,""lon"":126.875819,""alt"":305},""endLLA"":{""lat"":37.569391,""lon"":126.861026,""alt"":305},""targetSpeed"":51.4,""seq"":9}","{""phase"":""F"",""startLLA"":{""lat"":37.569391,""lon"":126.861026,""alt"":305},""endLLA"":{""lat"":37.567855,""lon"":126.842869,""alt"":305},""targetSpeed"":51.4,""seq"":10}","{""phase"":""G"",""startLLA"":{""lat"":37.567855,""lon"":126.842869,""alt"":305},""endLLA"":{""lat"":37.564492,""lon"":126.803119,""alt"":100},""targetSpeed"":36,""seq"":11}","{""phase"":""I"",""startLLA"":{""lat"":37.564492,""lon"":126.803119,""alt"":100},""endLLA"":{""lat"":37.563535,""lon"":126.791805,""alt"":15},""targetSpeed"":30,""seq"":12}","{""phase"":""J"",""startLLA"":{""lat"":37.563535,""lon"":126.791805,""alt"":15},""endLLA"":{""lat"":37.563535,""lon"":126.791805,""alt"":0},""targetSpeed"":10,""seq"":13}","{""phase"":""K"",""startLLA"":{""lat"":37.563535,""lon"":126.791805,""alt"":0},""endLLA"":{""lat"":37.563535,""lon"":126.791805,""alt"":0},""targetSpeed"":3,""seq"":14}",,,,,,,
d2d2f5e06492,2026-06-20,FPL0816004,UAM0018,a2,2,1,0.5,사당,사당,망우,망우,11,G1,F2,G5,F2,11:07:21,11:13:27,11:33:08,11:40:54,11:50:54,366.86,1180.43,466.57,2013.85,0,743.49,ready,사당 > 경부고속도로 양재천 다리 > 대치교 > 청담대교 중간지점 > 건대입구 > 망우,20.4833,13,"{""phase"":""A"",""startLLA"":{""lat"":37.475767,""lon"":126.982185,""alt"":0},""endLLA"":{""lat"":37.475767,""lon"":126.982185,""alt"":0},""targetSpeed"":3,""seq"":1}","{""phase"":""B"",""startLLA"":{""lat"":37.475767,""lon"":126.982185,""alt"":0},""endLLA"":{""lat"":37.475767,""lon"":126.982185,""alt"":15},""targetSpeed"":10,""seq"":2}","{""phase"":""C"",""startLLA"":{""lat"":37.475767,""lon"":126.982185,""alt"":15},""endLLA"":{""lat"":37.474631,""lon"":126.99575,""alt"":100},""targetSpeed"":36,""seq"":3}","{""phase"":""E"",""startLLA"":{""lat"":37.474631,""lon"":126.99575,""alt"":100},""endLLA"":{""lat"":37.471593,""lon"":127.032031,""alt"":287.28},""targetSpeed"":51.4,""seq"":4}","{""phase"":""E"",""startLLA"":{""lat"":37.471593,""lon"":127.032031,""alt"":287.28},""endLLA"":{""lat"":37.473287,""lon"":127.034744,""alt"":305},""targetSpeed"":51.4,""seq"":5}","{""phase"":""F"",""startLLA"":{""lat"":37.473287,""lon"":127.034744,""alt"":305},""endLLA"":{""lat"":37.497702,""lon"":127.073855,""alt"":305},""targetSpeed"":51.4,""seq"":6}","{""phase"":""F"",""startLLA"":{""lat"":37.497702,""lon"":127.073855,""alt"":305},""endLLA"":{""lat"":37.526451,""lon"":127.064361,""alt"":305},""targetSpeed"":51.4,""seq"":7}","{""phase"":""F"",""startLLA"":{""lat"":37.526451,""lon"":127.064361,""alt"":305},""endLLA"":{""lat"":37.540426,""lon"":127.069298,""alt"":305},""targetSpeed"":51.4,""seq"":8}","{""phase"":""F"",""startLLA"":{""lat"":37.540426,""lon"":127.069298,""alt"":305},""endLLA"":{""lat"":37.557141,""lon"":127.073901,""alt"":305},""targetSpeed"":51.4,""seq"":9}","{""phase"":""G"",""startLLA"":{""lat"":37.557141,""lon"":127.073901,""alt"":305},""endLLA"":{""lat"":37.588105,""lon"":127.082427,""alt"":100},""targetSpeed"":36,""seq"":10}","{""phase"":""I"",""startLLA"":{""lat"":37.588105,""lon"":127.082427,""alt"":100},""endLLA"":{""lat"":37.596919,""lon"":127.084854,""alt"":15},""targetSpeed"":30,""seq"":11}","{""phase"":""J"",""startLLA"":{""lat"":37.596919,""lon"":127.084854,""alt"":15},""endLLA"":{""lat"":37.596919,""lon"":127.084854,""alt"":0},""targetSpeed"":10,""seq"":12}","{""phase"":""K"",""startLLA"":{""lat"":37.596919,""lon"":127.084854,""alt"":0},""endLLA"":{""lat"":37.596919,""lon"":127.084854,""alt"":0},""targetSpeed"":3,""seq"":13}",,,,,,,,
d2d2f5e06492,2026-06-20,FPL0806002,UAM0004,a2,2,1,0.5,사당,사당,미아,미아,11,G1,F2,G1,F1,11:25:52,11:31:58,11:41:45,11:47:44,11:57:44,366.86,587.08,358.28,1312.22,0,0,ready,사당 > 경부고속도로 양재천 다리 > 대치교 > 청담대교 중간지점 > 건대입구 > 중랑천 제방길 > 상봉 > 월릉교 > 미아,27.2607,16,"{""phase"":""A"",""startLLA"":{""lat"":37.475767,""lon"":126.982185,""alt"":0},""endLLA"":{""lat"":37.475767,""lon"":126.982185,""alt"":0},""targetSpeed"":3,""seq"":1}","{""phase"":""B"",""startLLA"":{""lat"":37.475767,""lon"":126.982185,""alt"":0},""endLLA"":{""lat"":37.475767,""lon"":126.982185,""alt"":15},""targetSpeed"":10,""seq"":2}","{""phase"":""C"",""startLLA"":{""lat"":37.475767,""lon"":126.982185,""alt"":15},""endLLA"":{""lat"":37.474631,""lon"":126.995747,""alt"":100},""targetSpeed"":36,""seq"":3}","{""phase"":""E"",""startLLA"":{""lat"":37.474631,""lon"":126.995747,""alt"":100},""endLLA"":{""lat"":37.471593,""lon"":127.032031,""alt"":287.34},""targetSpeed"":51.4,""seq"":4}","{""phase"":""E"",""startLLA"":{""lat"":37.471593,""lon"":127.032031,""alt"":287.34},""endLLA"":{""lat"":37.47328,""lon"":127.034734,""alt"":305},""targetSpeed"":51.4,""seq"":5}","{""phase"":""F"",""startLLA"":{""lat"":37.47328,""lon"":127.034734,""alt"":305},""endLLA"":{""lat"":37.497702,""lon"":127.073855,""alt"":305},""targetSpeed"":51.4,""seq"":6}","{""phase"":""F"",""startLLA"":{""lat"":37.497702,""lon"":127.073855,""alt"":305},""endLLA"":{""lat"":37.526451,""lon"":127.064361,""alt"":305},""targetSpeed"":51.4,""seq"":7}","{""phase"":""F"",""startLLA"":{""lat"":37.526451,""lon"":127.064361,""alt"":305},""endLLA"":{""lat"":37.540426,""lon"":127.069298,""alt"":305},""targetSpeed"":51.4,""seq"":8}","{""phase"":""F"",""startLLA"":{""lat"":37.540426,""lon"":127.069298,""alt"":305},""endLLA"":{""lat"":37.580774,""lon"":127.077387,""alt"":305},""targetSpeed"":51.4,""seq"":9}","{""phase"":""F"",""startLLA"":{""lat"":37.580774,""lon"":127.077387,""alt"":305},""endLLA"":{""lat"":37.596919,""lon"":127.084854,""alt"":305},""targetSpeed"":51.4,""seq"":10}","{""phase"":""F"",""startLLA"":{""lat"":37.596919,""lon"":127.084854,""alt"":305},""endLLA"":{""lat"":37.614356,""lon"":127.072723,""alt"":305},""targetSpeed"":51.4,""seq"":11}","{""phase"":""G"",""startLLA"":{""lat"":37.614356,""lon"":127.072723,""alt"":305},""endLLA"":{""lat"":37.616266,""lon"":127.071394,""alt"":290.89},""targetSpeed"":36,""seq"":12}","{""phase"":""G"",""startLLA"":{""lat"":37.616266,""lon"":127.071394,""alt"":290.89},""endLLA"":{""lat"":37.626943,""lon"":127.036668,""alt"":100},""targetSpeed"":36,""seq"":13}","{""phase"":""I"",""startLLA"":{""lat"":37.626943,""lon"":127.036668,""alt"":100},""endLLA"":{""lat"":37.630207,""lon"":127.026053,""alt"":15},""targetSpeed"":30,""seq"":14}","{""phase"":""J"",""startLLA"":{""lat"":37.630207,""lon"":127.026053,""alt"":15},""endLLA"":{""lat"":37.630207,""lon"":127.026053,""alt"":0},""targetSpeed"":10,""seq"":15}","{""phase"":""K"",""startLLA"":{""lat"":37.630207,""lon"":127.026053,""alt"":0},""endLLA"":{""lat"":37.630207,""lon"":127.026053,""alt"":0},""targetSpeed"":3,""seq"":16}",,,,,
d2d2f5e06492,2026-06-20,FPL0811005,UAM0053,a2,2,1,0.5,사당,사당,천호,천호,11,G8,F1,G1,F2,11:30:20,11:36:26,11:43:21,11:49:19,11:59:19,366.86,414.57,358.28,1139.71,0,2.59,ready,사당 > 경부고속도로 양재천 다리 > 대치교 > 청담대교 중간지점 > 잠실대교 중간지점 > 천호,18.2608,13,"{""phase"":""A"",""startLLA"":{""lat"":37.475767,""lon"":126.982185,""alt"":0},""endLLA"":{""lat"":37.475767,""lon"":126.982185,""alt"":0},""targetSpeed"":3,""seq"":1}","{""phase"":""B"",""startLLA"":{""lat"":37.475767,""lon"":126.982185,""alt"":0},""endLLA"":{""lat"":37.475767,""lon"":126.982185,""alt"":15},""targetSpeed"":10,""seq"":2}","{""phase"":""C"",""startLLA"":{""lat"":37.475767,""lon"":126.982185,""alt"":15},""endLLA"":{""lat"":37.474631,""lon"":126.995751,""alt"":100},""targetSpeed"":36,""seq"":3}","{""phase"":""E"",""startLLA"":{""lat"":37.474631,""lon"":126.995751,""alt"":100},""endLLA"":{""lat"":37.471593,""lon"":127.032031,""alt"":287.26},""targetSpeed"":51.4,""seq"":4}","{""phase"":""E"",""startLLA"":{""lat"":37.471593,""lon"":127.032031,""alt"":287.26},""endLLA"":{""lat"":37.473289,""lon"":127.034748,""alt"":305},""targetSpeed"":51.4,""seq"":5}","{""phase"":""F"",""startLLA"":{""lat"":37.473289,""lon"":127.034748,""alt"":305},""endLLA"":{""lat"":37.497702,""lon"":127.073855,""alt"":305},""targetSpeed"":51.4,""seq"":6}","{""phase"":""F"",""startLLA"":{""lat"":37.497702,""lon"":127.073855,""alt"":305},""endLLA"":{""lat"":37.526451,""lon"":127.064361,""alt"":305},""targetSpeed"":51.4,""seq"":7}","{""phase"":""F"",""startLLA"":{""lat"":37.526451,""lon"":127.064361,""alt"":305},""endLLA"":{""lat"":37.525291,""lon"":127.078991,""alt"":305},""targetSpeed"":51.4,""seq"":8}","{""phase"":""G"",""startLLA"":{""lat"":37.525291,""lon"":127.078991,""alt"":305},""endLLA"":{""lat"":37.524288,""lon"":127.091639,""alt"":239.8},""targetSpeed"":36,""seq"":9}","{""phase"":""G"",""startLLA"":{""lat"":37.524288,""lon"":127.091639,""alt"":239.8},""endLLA"":{""lat"":37.539418,""lon"":127.111105,""alt"":100},""targetSpeed"":36,""seq"":10}","{""phase"":""I"",""startLLA"":{""lat"":37.539418,""lon"":127.111105,""alt"":100},""endLLA"":{""lat"":37.545733,""lon"":127.11923,""alt"":15},""targetSpeed"":30,""seq"":11}","{""phase"":""J"",""startLLA"":{""lat"":37.545733,""lon"":127.11923,""alt"":15},""endLLA"":{""lat"":37.545733,""lon"":127.11923,""alt"":0},""targetSpeed"":10,""seq"":12}","{""phase"":""K"",""startLLA"":{""lat"":37.545733,""lon"":127.11923,""alt"":0},""endLLA"":{""lat"":37.545733,""lon"":127.11923,""alt"":0},""targetSpeed"":3,""seq"":13}",,,,,,,,
d2d2f5e06492,2026-06-20,FPL0805004,UAM0042,a2,2,2,1,사당,사당,목동,목동,12,G2,F1,G8,F1,12:00:00,12:06:36,12:11:08,12:17:06,12:27:06,396.86,271.42,358.28,1026.56,0,0,ready,사당 > 180고지 > 영등포 > 목동,11.0358,11,"{""phase"":""A"",""startLLA"":{""lat"":37.475767,""lon"":126.982185,""alt"":0},""endLLA"":{""lat"":37.475767,""lon"":126.982185,""alt"":0},""targetSpeed"":3,""seq"":1}","{""phase"":""B"",""startLLA"":{""lat"":37.475767,""lon"":126.982185,""alt"":0},""endLLA"":{""lat"":37.475767,""lon"":126.982185,""alt"":15},""targetSpeed"":10,""seq"":2}","{""phase"":""C"",""startLLA"":{""lat"":37.475767,""lon"":126.982185,""alt"":15},""endLLA"":{""lat"":37.480648,""lon"":126.970006,""alt"":100},""targetSpeed"":36,""seq"":3}","{""phase"":""E"",""startLLA"":{""lat"":37.480648,""lon"":126.970006,""alt"":100},""endLLA"":{""lat"":37.492877,""lon"":126.93949,""alt"":275.46},""targetSpeed"":51.4,""seq"":4}","{""phase"":""E"",""startLLA"":{""lat"":37.492877,""lon"":126.93949,""alt"":275.46},""endLLA"":{""lat"":37.495964,""lon"":126.935246,""alt"":305},""targetSpeed"":51.4,""seq"":5}","{""phase"":""F"",""startLLA"":{""lat"":37.495964,""lon"":126.935246,""alt"":305},""endLLA"":{""lat"":37.506735,""lon"":126.920442,""alt"":305},""targetSpeed"":51.4,""seq"":6}","{""phase"":""G"",""startLLA"":{""lat"":37.506735,""lon"":126.920442,""alt"":305},""endLLA"":{""lat"":37.515965,""lon"":126.907756,""alt"":216.68},""targetSpeed"":36,""seq"":7}","{""phase"":""G"",""startLLA"":{""lat"":37.515965,""lon"":126.907756,""alt"":216.68},""endLLA"":{""lat"":37.522883,""lon"":126.886749,""alt"":100},""targetSpeed"":36,""seq"":8}","{""phase"":""I"",""startLLA"":{""lat"":37.522883,""lon"":126.886749,""alt"":100},""endLLA"":{""lat"":37.526343,""lon"":126.876243,""alt"":15},""targetSpeed"":30,""seq"":9}","{""phase"":""J"",""startLLA"":{""lat"":37.526343,""lon"":126.876243,""alt"":15},""endLLA"":{""lat"":37.526343,""lon"":126.876243,""alt"":0},""targetSpeed"":10,""seq"":10}","{""phase"":""K"",""startLLA"":{""lat"":37.526343,""lon"":126.876243,""alt"":0},""endLLA"":{""lat"":37.526343,""lon"":126.876243,""alt"":0},""targetSpeed"":3,""seq"":11}",,,,,,,,,,
d2d2f5e06492,2026-06-20,FPL0812005,UAM0040,a2,2,1,0.5,사당,사당,광화문,광화문,12,G1,F1,G1,F1,12:38:15,12:44:21,12:51:52,12:57:50,13:07:50,366.86,450.47,358.28,1175.61,0,0,ready,사당 > 180고지 > 영등포 > 선유도 17고지 > 성산대교 중간지점 > 홍대입구 > 광화문,20.239,14,"{""phase"":""A"",""startLLA"":{""lat"":37.475767,""lon"":126.982185,""alt"":0},""endLLA"":{""lat"":37.475767,""lon"":126.982185,""alt"":0},""targetSpeed"":3,""seq"":1}","{""phase"":""B"",""startLLA"":{""lat"":37.475767,""lon"":126.982185,""alt"":0},""endLLA"":{""lat"":37.475767,""lon"":126.982185,""alt"":15},""targetSpeed"":10,""seq"":2}","{""phase"":""C"",""startLLA"":{""lat"":37.475767,""lon"":126.982185,""alt"":15},""endLLA"":{""lat"":37.480587,""lon"":126.970158,""alt"":100},""targetSpeed"":36,""seq"":3}","{""phase"":""E"",""startLLA"":{""lat"":37.480587,""lon"":126.970158,""alt"":100},""endLLA"":{""lat"":37.492877,""lon"":126.93949,""alt"":278.55},""targetSpeed"":51.4,""seq"":4}","{""phase"":""E"",""startLLA"":{""lat"":37.492877,""lon"":126.93949,""alt"":278.55},""endLLA"":{""lat"":37.495606,""lon"":126.935739,""alt"":305},""targetSpeed"":51.4,""seq"":5}","{""phase"":""F"",""startLLA"":{""lat"":37.495606,""lon"":126.935739,""alt"":305},""endLLA"":{""lat"":37.515965,""lon"":126.907756,""alt"":305},""targetSpeed"":51.4,""seq"":6}","{""phase"":""F"",""startLLA"":{""lat"":37.515965,""lon"":126.907756,""alt"":305},""endLLA"":{""lat"":37.542307,""lon"":126.90249,""alt"":305},""targetSpeed"":51.4,""seq"":7}","{""phase"":""F"",""startLLA"":{""lat"":37.542307,""lon"":126.90249,""alt"":305},""endLLA"":{""lat"":37.552574,""lon"":126.891431,""alt"":305},""targetSpeed"":51.4,""seq"":8}","{""phase"":""F"",""startLLA"":{""lat"":37.552574,""lon"":126.891431,""alt"":305},""endLLA"":{""lat"":37.556786,""lon"":126.923706,""alt"":305},""targetSpeed"":51.4,""seq"":9}","{""phase"":""F"",""startLLA"":{""lat"":37.556786,""lon"":126.923706,""alt"":305},""endLLA"":{""lat"":37.557137,""lon"":126.925138,""alt"":305},""targetSpeed"":51.4,""seq"":10}","{""phase"":""G"",""startLLA"":{""lat"":37.557137,""lon"":126.925138,""alt"":305},""endLLA"":{""lat"":37.566379,""lon"":126.962865,""alt"":100},""targetSpeed"":36,""seq"":11}","{""phase"":""I"",""startLLA"":{""lat"":37.566379,""lon"":126.962865,""alt"":100},""endLLA"":{""lat"":37.56901,""lon"":126.973604,""alt"":15},""targetSpeed"":30,""seq"":12}","{""phase"":""J"",""startLLA"":{""lat"":37.56901,""lon"":126.973604,""alt"":15},""endLLA"":{""lat"":37.56901,""lon"":126.973604,""alt"":0},""targetSpeed"":10,""seq"":13}","{""phase"":""K"",""startLLA"":{""lat"":37.56901,""lon"":126.973604,""alt"":0},""endLLA"":{""lat"":37.56901,""lon"":126.973604,""alt"":0},""targetSpeed"":3,""seq"":14}",,,,,,,
d2d2f5e06492,2026-06-20,FPL0811006,UAM0057,a2,2,1,0.5,사당,사당,천호,천호,12,G8,F1,G1,F2,12:47:07,12:53:13,13:01:42,13:07:40,13:17:40,366.86,508.55,358.28,1233.69,0,96.57,ready,사당 > 경부고속도로 양재천 다리 > 대치교 > 청담대교 중간지점 > 잠실대교 중간지점 > 천호,18.2608,13,"{""phase"":""A"",""startLLA"":{""lat"":37.475767,""lon"":126.982185,""alt"":0},""endLLA"":{""lat"":37.475767,""lon"":126.982185,""alt"":0},""targetSpeed"":3,""seq"":1}","{""phase"":""B"",""startLLA"":{""lat"":37.475767,""lon"":126.982185,""alt"":0},""endLLA"":{""lat"":37.475767,""lon"":126.982185,""alt"":15},""targetSpeed"":10,""seq"":2}","{""phase"":""C"",""startLLA"":{""lat"":37.475767,""lon"":126.982185,""alt"":15},""endLLA"":{""lat"":37.474631,""lon"":126.995751,""alt"":100},""targetSpeed"":36,""seq"":3}","{""phase"":""E"",""startLLA"":{""lat"":37.474631,""lon"":126.995751,""alt"":100},""endLLA"":{""lat"":37.471593,""lon"":127.032031,""alt"":287.26},""targetSpeed"":51.4,""seq"":4}","{""phase"":""E"",""startLLA"":{""lat"":37.471593,""lon"":127.032031,""alt"":287.26},""endLLA"":{""lat"":37.473289,""lon"":127.034748,""alt"":305},""targetSpeed"":51.4,""seq"":5}","{""phase"":""F"",""startLLA"":{""lat"":37.473289,""lon"":127.034748,""alt"":305},""endLLA"":{""lat"":37.497702,""lon"":127.073855,""alt"":305},""targetSpeed"":51.4,""seq"":6}","{""phase"":""F"",""startLLA"":{""lat"":37.497702,""lon"":127.073855,""alt"":305},""endLLA"":{""lat"":37.526451,""lon"":127.064361,""alt"":305},""targetSpeed"":51.4,""seq"":7}","{""phase"":""F"",""startLLA"":{""lat"":37.526451,""lon"":127.064361,""alt"":305},""endLLA"":{""lat"":37.525291,""lon"":127.078991,""alt"":305},""targetSpeed"":51.4,""seq"":8}","{""phase"":""G"",""startLLA"":{""lat"":37.525291,""lon"":127.078991,""alt"":305},""endLLA"":{""lat"":37.524288,""lon"":127.091639,""alt"":239.8},""targetSpeed"":36,""seq"":9}","{""phase"":""G"",""startLLA"":{""lat"":37.524288,""lon"":127.091639,""alt"":239.8},""endLLA"":{""lat"":37.539418,""lon"":127.111105,""alt"":100},""targetSpeed"":36,""seq"":10}","{""phase"":""I"",""startLLA"":{""lat"":37.539418,""lon"":127.111105,""alt"":100},""endLLA"":{""lat"":37.545733,""lon"":127.11923,""alt"":15},""targetSpeed"":30,""seq"":11}","{""phase"":""J"",""startLLA"":{""lat"":37.545733,""lon"":127.11923,""alt"":15},""endLLA"":{""lat"":37.545733,""lon"":127.11923,""alt"":0},""targetSpeed"":10,""seq"":12}","{""phase"":""K"",""startLLA"":{""lat"":37.545733,""lon"":127.11923,""alt"":0},""endLLA"":{""lat"":37.545733,""lon"":127.11923,""alt"":0},""targetSpeed"":3,""seq"":13}",,,,,,,,
d2d2f5e06492,2026-06-20,FPL0815005,UAM0035,a2,2,2,1,사당,사당,마곡,마곡,13,G1,F1,G6,F2,13:10:17,13:16:23,13:47:35,13:54:34,14:04:34,366.86,1872.12,418.28,2657.26,0,1328.41,ready,사당 > 180고지 > 영등포 > 목동교 > 염창교 > 가양대교 남단 > 마곡,21.5149,14,"{""phase"":""A"",""startLLA"":{""lat"":37.475767,""lon"":126.982185,""alt"":0},""endLLA"":{""lat"":37.475767,""lon"":126.982185,""alt"":0},""targetSpeed"":3,""seq"":1}","{""phase"":""B"",""startLLA"":{""lat"":37.475767,""lon"":126.982185,""alt"":0},""endLLA"":{""lat"":37.475767,""lon"":126.982185,""alt"":15},""targetSpeed"":10,""seq"":2}","{""phase"":""C"",""startLLA"":{""lat"":37.475767,""lon"":126.982185,""alt"":15},""endLLA"":{""lat"":37.480646,""lon"":126.97001,""alt"":100},""targetSpeed"":36,""seq"":3}","{""phase"":""E"",""startLLA"":{""lat"":37.480646,""lon"":126.97001,""alt"":100},""endLLA"":{""lat"":37.492877,""lon"":126.93949,""alt"":275.53},""targetSpeed"":51.4,""seq"":4}","{""phase"":""E"",""startLLA"":{""lat"":37.492877,""lon"":126.93949,""alt"":275.53},""endLLA"":{""lat"":37.495955,""lon"":126.935259,""alt"":305},""targetSpeed"":51.4,""seq"":5}","{""phase"":""F"",""startLLA"":{""lat"":37.495955,""lon"":126.935259,""alt"":305},""endLLA"":{""lat"":37.515965,""lon"":126.907756,""alt"":305},""targetSpeed"":51.4,""seq"":6}","{""phase"":""F"",""startLLA"":{""lat"":37.515965,""lon"":126.907756,""alt"":305},""endLLA"":{""lat"":37.530667,""lon"":126.888262,""alt"":305},""targetSpeed"":51.4,""seq"":7}","{""phase"":""F"",""startLLA"":{""lat"":37.530667,""lon"":126.888262,""alt"":305},""endLLA"":{""lat"":37.553824,""lon"":126.875819,""alt"":305},""targetSpeed"":51.4,""seq"":8}","{""phase"":""F"",""startLLA"":{""lat"":37.553824,""lon"":126.875819,""alt"":305},""endLLA"":{""lat"":37.569391,""lon"":126.861026,""alt"":305},""targetSpeed"":51.4,""seq"":9}","{""phase"":""F"",""startLLA"":{""lat"":37.569391,""lon"":126.861026,""alt"":305},""endLLA"":{""lat"":37.567855,""lon"":126.842869,""alt"":305},""targetSpeed"":51.4,""seq"":10}","{""phase"":""G"",""startLLA"":{""lat"":37.567855,""lon"":126.842869,""alt"":305},""endLLA"":{""lat"":37.564492,""lon"":126.803119,""alt"":100},""targetSpeed"":36,""seq"":11}","{""phase"":""I"",""startLLA"":{""lat"":37.564492,""lon"":126.803119,""alt"":100},""endLLA"":{""lat"":37.563535,""lon"":126.791805,""alt"":15},""targetSpeed"":30,""seq"":12}","{""phase"":""J"",""startLLA"":{""lat"":37.563535,""lon"":126.791805,""alt"":15},""endLLA"":{""lat"":37.563535,""lon"":126.791805,""alt"":0},""targetSpeed"":10,""seq"":13}","{""phase"":""K"",""startLLA"":{""lat"":37.563535,""lon"":126.791805,""alt"":0},""endLLA"":{""lat"":37.563535,""lon"":126.791805,""alt"":0},""targetSpeed"":3,""seq"":14}",,,,,,,
d2d2f5e06492,2026-06-20,FPL0803002,UAM0063,a2,2,2,1,사당,사당,상암,상암,13,G1,F1,G8,F2,13:36:01,13:42:07,13:49:13,13:55:12,14:05:12,366.86,426.14,358.28,1151.28,0,107.39,ready,사당 > 180고지 > 영등포 > 선유도 17고지 > 상암,13.4688,12,"{""phase"":""A"",""startLLA"":{""lat"":37.475767,""lon"":126.982185,""alt"":0},""endLLA"":{""lat"":37.475767,""lon"":126.982185,""alt"":0},""targetSpeed"":3,""seq"":1}","{""phase"":""B"",""startLLA"":{""lat"":37.475767,""lon"":126.982185,""alt"":0},""endLLA"":{""lat"":37.475767,""lon"":126.982185,""alt"":15},""targetSpeed"":10,""seq"":2}","{""phase"":""C"",""startLLA"":{""lat"":37.475767,""lon"":126.982185,""alt"":15},""endLLA"":{""lat"":37.480647,""lon"":126.970008,""alt"":100},""targetSpeed"":36,""seq"":3}","{""phase"":""E"",""startLLA"":{""lat"":37.480647,""lon"":126.970008,""alt"":100},""endLLA"":{""lat"":37.492877,""lon"":126.93949,""alt"":275.49},""targetSpeed"":51.4,""seq"":4}","{""phase"":""E"",""startLLA"":{""lat"":37.492877,""lon"":126.93949,""alt"":275.49},""endLLA"":{""lat"":37.495961,""lon"":126.935252,""alt"":305},""targetSpeed"":51.4,""seq"":5}","{""phase"":""F"",""startLLA"":{""lat"":37.495961,""lon"":126.935252,""alt"":305},""endLLA"":{""lat"":37.515965,""lon"":126.907756,""alt"":305},""targetSpeed"":51.4,""seq"":6}","{""phase"":""F"",""startLLA"":{""lat"":37.515965,""lon"":126.907756,""alt"":305},""endLLA"":{""lat"":37.524062,""lon"":126.906137,""alt"":305},""targetSpeed"":51.4,""seq"":7}","{""phase"":""G"",""startLLA"":{""lat"":37.524062,""lon"":126.906137,""alt"":305},""endLLA"":{""lat"":37.542307,""lon"":126.90249,""alt"":185.51},""targetSpeed"":36,""seq"":8}","{""phase"":""G"",""startLLA"":{""lat"":37.542307,""lon"":126.90249,""alt"":185.51},""endLLA"":{""lat"":37.55418,""lon"":126.895159,""alt"":100},""targetSpeed"":36,""seq"":9}","{""phase"":""I"",""startLLA"":{""lat"":37.55418,""lon"":126.895159,""alt"":100},""endLLA"":{""lat"":37.562282,""lon"":126.890156,""alt"":15},""targetSpeed"":30,""seq"":10}","{""phase"":""J"",""startLLA"":{""lat"":37.562282,""lon"":126.890156,""alt"":15},""endLLA"":{""lat"":37.562282,""lon"":126.890156,""alt"":0},""targetSpeed"":10,""seq"":11}","{""phase"":""K"",""startLLA"":{""lat"":37.562282,""lon"":126.890156,""alt"":0},""endLLA"":{""lat"":37.562282,""lon"":126.890156,""alt"":0},""targetSpeed"":3,""seq"":12}",,,,,,,,,
d2d2f5e06492,2026-06-20,FPL0815006,UAM0011,a2,2,2,1,사당,사당,마곡,마곡,14,G1,F1,G3,F2,14:00:21,14:06:27,14:33:37,14:40:35,14:50:35,366.86,1629.83,418.28,2414.97,0,1154.54,ready,사당 > 180고지 > 영등포 > 목동교 > 염창교 > 가양대교 남단 > 마곡,21.5149,14,"{""phase"":""A"",""startLLA"":{""lat"":37.475767,""lon"":126.982185,""alt"":0},""endLLA"":{""lat"":37.475767,""lon"":126.982185,""alt"":0},""targetSpeed"":3,""seq"":1}","{""phase"":""B"",""startLLA"":{""lat"":37.475767,""lon"":126.982185,""alt"":0},""endLLA"":{""lat"":37.475767,""lon"":126.982185,""alt"":15},""targetSpeed"":10,""seq"":2}","{""phase"":""C"",""startLLA"":{""lat"":37.475767,""lon"":126.982185,""alt"":15},""endLLA"":{""lat"":37.480646,""lon"":126.97001,""alt"":100},""targetSpeed"":36,""seq"":3}","{""phase"":""E"",""startLLA"":{""lat"":37.480646,""lon"":126.97001,""alt"":100},""endLLA"":{""lat"":37.492877,""lon"":126.93949,""alt"":275.53},""targetSpeed"":51.4,""seq"":4}","{""phase"":""E"",""startLLA"":{""lat"":37.492877,""lon"":126.93949,""alt"":275.53},""endLLA"":{""lat"":37.495955,""lon"":126.935259,""alt"":305},""targetSpeed"":51.4,""seq"":5}","{""phase"":""F"",""startLLA"":{""lat"":37.495955,""lon"":126.935259,""alt"":305},""endLLA"":{""lat"":37.515965,""lon"":126.907756,""alt"":305},""targetSpeed"":51.4,""seq"":6}","{""phase"":""F"",""startLLA"":{""lat"":37.515965,""lon"":126.907756,""alt"":305},""endLLA"":{""lat"":37.530667,""lon"":126.888262,""alt"":305},""targetSpeed"":51.4,""seq"":7}","{""phase"":""F"",""startLLA"":{""lat"":37.530667,""lon"":126.888262,""alt"":305},""endLLA"":{""lat"":37.553824,""lon"":126.875819,""alt"":305},""targetSpeed"":51.4,""seq"":8}","{""phase"":""F"",""startLLA"":{""lat"":37.553824,""lon"":126.875819,""alt"":305},""endLLA"":{""lat"":37.569391,""lon"":126.861026,""alt"":305},""targetSpeed"":51.4,""seq"":9}","{""phase"":""F"",""startLLA"":{""lat"":37.569391,""lon"":126.861026,""alt"":305},""endLLA"":{""lat"":37.567855,""lon"":126.842869,""alt"":305},""targetSpeed"":51.4,""seq"":10}","{""phase"":""G"",""startLLA"":{""lat"":37.567855,""lon"":126.842869,""alt"":305},""endLLA"":{""lat"":37.564492,""lon"":126.803119,""alt"":100},""targetSpeed"":36,""seq"":11}","{""phase"":""I"",""startLLA"":{""lat"":37.564492,""lon"":126.803119,""alt"":100},""endLLA"":{""lat"":37.563535,""lon"":126.791805,""alt"":15},""targetSpeed"":30,""seq"":12}","{""phase"":""J"",""startLLA"":{""lat"":37.563535,""lon"":126.791805,""alt"":15},""endLLA"":{""lat"":37.563535,""lon"":126.791805,""alt"":0},""targetSpeed"":10,""seq"":13}","{""phase"":""K"",""startLLA"":{""lat"":37.563535,""lon"":126.791805,""alt"":0},""endLLA"":{""lat"":37.563535,""lon"":126.791805,""alt"":0},""targetSpeed"":3,""seq"":14}",,,,,,,
d2d2f5e06492,2026-06-20,FPL0805005,UAM0022,a2,2,2,1,사당,사당,목동,목동,14,G1,F1,G8,F1,14:37:21,14:43:27,14:54:49,15:00:48,15:10:48,366.86,682.14,358.28,1407.28,0,410.73,ready,사당 > 180고지 > 영등포 > 목동,11.0358,11,"{""phase"":""A"",""startLLA"":{""lat"":37.475767,""lon"":126.982185,""alt"":0},""endLLA"":{""lat"":37.475767,""lon"":126.982185,""alt"":0},""targetSpeed"":3,""seq"":1}","{""phase"":""B"",""startLLA"":{""lat"":37.475767,""lon"":126.982185,""alt"":0},""endLLA"":{""lat"":37.475767,""lon"":126.982185,""alt"":15},""targetSpeed"":10,""seq"":2}","{""phase"":""C"",""startLLA"":{""lat"":37.475767,""lon"":126.982185,""alt"":15},""endLLA"":{""lat"":37.480648,""lon"":126.970006,""alt"":100},""targetSpeed"":36,""seq"":3}","{""phase"":""E"",""startLLA"":{""lat"":37.480648,""lon"":126.970006,""alt"":100},""endLLA"":{""lat"":37.492877,""lon"":126.93949,""alt"":275.46},""targetSpeed"":51.4,""seq"":4}","{""phase"":""E"",""startLLA"":{""lat"":37.492877,""lon"":126.93949,""alt"":275.46},""endLLA"":{""lat"":37.495964,""lon"":126.935246,""alt"":305},""targetSpeed"":51.4,""seq"":5}","{""phase"":""F"",""startLLA"":{""lat"":37.495964,""lon"":126.935246,""alt"":305},""endLLA"":{""lat"":37.506735,""lon"":126.920442,""alt"":305},""targetSpeed"":51.4,""seq"":6}","{""phase"":""G"",""startLLA"":{""lat"":37.506735,""lon"":126.920442,""alt"":305},""endLLA"":{""lat"":37.515965,""lon"":126.907756,""alt"":216.68},""targetSpeed"":36,""seq"":7}","{""phase"":""G"",""startLLA"":{""lat"":37.515965,""lon"":126.907756,""alt"":216.68},""endLLA"":{""lat"":37.522883,""lon"":126.886749,""alt"":100},""targetSpeed"":36,""seq"":8}","{""phase"":""I"",""startLLA"":{""lat"":37.522883,""lon"":126.886749,""alt"":100},""endLLA"":{""lat"":37.526343,""lon"":126.876243,""alt"":15},""targetSpeed"":30,""seq"":9}","{""phase"":""J"",""startLLA"":{""lat"":37.526343,""lon"":126.876243,""alt"":15},""endLLA"":{""lat"":37.526343,""lon"":126.876243,""alt"":0},""targetSpeed"":10,""seq"":10}","{""phase"":""K"",""startLLA"":{""lat"":37.526343,""lon"":126.876243,""alt"":0},""endLLA"":{""lat"":37.526343,""lon"":126.876243,""alt"":0},""targetSpeed"":3,""seq"":11}",,,,,,,,,,
d2d2f5e06492,2026-06-20,FPL0812006,UAM0053,a2,2,1,0.5,사당,사당,광화문,광화문,14,G8,F2,G8,F1,14:40:11,14:46:17,14:53:48,14:59:46,15:09:46,366.86,450.47,358.28,1175.61,0,0,ready,사당 > 180고지 > 영등포 > 선유도 17고지 > 성산대교 중간지점 > 홍대입구 > 광화문,20.239,14,"{""phase"":""A"",""startLLA"":{""lat"":37.475767,""lon"":126.982185,""alt"":0},""endLLA"":{""lat"":37.475767,""lon"":126.982185,""alt"":0},""targetSpeed"":3,""seq"":1}","{""phase"":""B"",""startLLA"":{""lat"":37.475767,""lon"":126.982185,""alt"":0},""endLLA"":{""lat"":37.475767,""lon"":126.982185,""alt"":15},""targetSpeed"":10,""seq"":2}","{""phase"":""C"",""startLLA"":{""lat"":37.475767,""lon"":126.982185,""alt"":15},""endLLA"":{""lat"":37.480587,""lon"":126.970158,""alt"":100},""targetSpeed"":36,""seq"":3}","{""phase"":""E"",""startLLA"":{""lat"":37.480587,""lon"":126.970158,""alt"":100},""endLLA"":{""lat"":37.492877,""lon"":126.93949,""alt"":278.55},""targetSpeed"":51.4,""seq"":4}","{""phase"":""E"",""startLLA"":{""lat"":37.492877,""lon"":126.93949,""alt"":278.55},""endLLA"":{""lat"":37.495606,""lon"":126.935739,""alt"":305},""targetSpeed"":51.4,""seq"":5}","{""phase"":""F"",""startLLA"":{""lat"":37.495606,""lon"":126.935739,""alt"":305},""endLLA"":{""lat"":37.515965,""lon"":126.907756,""alt"":305},""targetSpeed"":51.4,""seq"":6}","{""phase"":""F"",""startLLA"":{""lat"":37.515965,""lon"":126.907756,""alt"":305},""endLLA"":{""lat"":37.542307,""lon"":126.90249,""alt"":305},""targetSpeed"":51.4,""seq"":7}","{""phase"":""F"",""startLLA"":{""lat"":37.542307,""lon"":126.90249,""alt"":305},""endLLA"":{""lat"":37.552574,""lon"":126.891431,""alt"":305},""targetSpeed"":51.4,""seq"":8}","{""phase"":""F"",""startLLA"":{""lat"":37.552574,""lon"":126.891431,""alt"":305},""endLLA"":{""lat"":37.556786,""lon"":126.923706,""alt"":305},""targetSpeed"":51.4,""seq"":9}","{""phase"":""F"",""startLLA"":{""lat"":37.556786,""lon"":126.923706,""alt"":305},""endLLA"":{""lat"":37.557137,""lon"":126.925138,""alt"":305},""targetSpeed"":51.4,""seq"":10}","{""phase"":""G"",""startLLA"":{""lat"":37.557137,""lon"":126.925138,""alt"":305},""endLLA"":{""lat"":37.566379,""lon"":126.962865,""alt"":100},""targetSpeed"":36,""seq"":11}","{""phase"":""I"",""startLLA"":{""lat"":37.566379,""lon"":126.962865,""alt"":100},""endLLA"":{""lat"":37.56901,""lon"":126.973604,""alt"":15},""targetSpeed"":30,""seq"":12}","{""phase"":""J"",""startLLA"":{""lat"":37.56901,""lon"":126.973604,""alt"":15},""endLLA"":{""lat"":37.56901,""lon"":126.973604,""alt"":0},""targetSpeed"":10,""seq"":13}","{""phase"":""K"",""startLLA"":{""lat"":37.56901,""lon"":126.973604,""alt"":0},""endLLA"":{""lat"":37.56901,""lon"":126.973604,""alt"":0},""targetSpeed"":3,""seq"":14}",,,,,,,
d2d2f5e06492,2026-06-20,FPL0816005,UAM0058,a2,2,1,0.5,사당,사당,망우,망우,14,G2,F2,G8,F2,14:46:33,14:53:09,15:18:12,15:24:16,15:34:16,396.86,1502.71,364.15,2263.72,0,1053.36,ready,사당 > 경부고속도로 양재천 다리 > 대치교 > 청담대교 중간지점 > 건대입구 > 망우,20.4833,13,"{""phase"":""A"",""startLLA"":{""lat"":37.475767,""lon"":126.982185,""alt"":0},""endLLA"":{""lat"":37.475767,""lon"":126.982185,""alt"":0},""targetSpeed"":3,""seq"":1}","{""phase"":""B"",""startLLA"":{""lat"":37.475767,""lon"":126.982185,""alt"":0},""endLLA"":{""lat"":37.475767,""lon"":126.982185,""alt"":15},""targetSpeed"":10,""seq"":2}","{""phase"":""C"",""startLLA"":{""lat"":37.475767,""lon"":126.982185,""alt"":15},""endLLA"":{""lat"":37.474631,""lon"":126.99575,""alt"":100},""targetSpeed"":36,""seq"":3}","{""phase"":""E"",""startLLA"":{""lat"":37.474631,""lon"":126.99575,""alt"":100},""endLLA"":{""lat"":37.471593,""lon"":127.032031,""alt"":287.28},""targetSpeed"":51.4,""seq"":4}","{""phase"":""E"",""startLLA"":{""lat"":37.471593,""lon"":127.032031,""alt"":287.28},""endLLA"":{""lat"":37.473287,""lon"":127.034744,""alt"":305},""targetSpeed"":51.4,""seq"":5}","{""phase"":""F"",""startLLA"":{""lat"":37.473287,""lon"":127.034744,""alt"":305},""endLLA"":{""lat"":37.497702,""lon"":127.073855,""alt"":305},""targetSpeed"":51.4,""seq"":6}","{""phase"":""F"",""startLLA"":{""lat"":37.497702,""lon"":127.073855,""alt"":305},""endLLA"":{""lat"":37.526451,""lon"":127.064361,""alt"":305},""targetSpeed"":51.4,""seq"":7}","{""phase"":""F"",""startLLA"":{""lat"":37.526451,""lon"":127.064361,""alt"":305},""endLLA"":{""lat"":37.540426,""lon"":127.069298,""alt"":305},""targetSpeed"":51.4,""seq"":8}","{""phase"":""F"",""startLLA"":{""lat"":37.540426,""lon"":127.069298,""alt"":305},""endLLA"":{""lat"":37.557141,""lon"":127.073901,""alt"":305},""targetSpeed"":51.4,""seq"":9}","{""phase"":""G"",""startLLA"":{""lat"":37.557141,""lon"":127.073901,""alt"":305},""endLLA"":{""lat"":37.588105,""lon"":127.082427,""alt"":100},""targetSpeed"":36,""seq"":10}","{""phase"":""I"",""startLLA"":{""lat"":37.588105,""lon"":127.082427,""alt"":100},""endLLA"":{""lat"":37.596919,""lon"":127.084854,""alt"":15},""targetSpeed"":30,""seq"":11}","{""phase"":""J"",""startLLA"":{""lat"":37.596919,""lon"":127.084854,""alt"":15},""endLLA"":{""lat"":37.596919,""lon"":127.084854,""alt"":0},""targetSpeed"":10,""seq"":12}","{""phase"":""K"",""startLLA"":{""lat"":37.596919,""lon"":127.084854,""alt"":0},""endLLA"":{""lat"":37.596919,""lon"":127.084854,""alt"":0},""targetSpeed"":3,""seq"":13}",,,,,,,,
d2d2f5e06492,2026-06-20,FPL0810003,UAM0055,a2,2,2,1,사당,사당,연신내,연신내,15,G1,F1,G1,F2,15:00:35,15:07:51,15:15:27,15:21:26,15:31:26,436.83,455.92,358.28,1251.03,69.97,0,ready,사당 > 180고지 > 영등포 > 선유도 17고지 > 성산대교 중간지점 > 수색교 > 연신내,20.5191,14,"{""phase"":""A"",""startLLA"":{""lat"":37.475767,""lon"":126.982185,""alt"":0},""endLLA"":{""lat"":37.475767,""lon"":126.982185,""alt"":0},""targetSpeed"":3,""seq"":1}","{""phase"":""B"",""startLLA"":{""lat"":37.475767,""lon"":126.982185,""alt"":0},""endLLA"":{""lat"":37.475767,""lon"":126.982185,""alt"":15},""targetSpeed"":10,""seq"":2}","{""phase"":""C"",""startLLA"":{""lat"":37.475767,""lon"":126.982185,""alt"":15},""endLLA"":{""lat"":37.480646,""lon"":126.97001,""alt"":100},""targetSpeed"":36,""seq"":3}","{""phase"":""E"",""startLLA"":{""lat"":37.480646,""lon"":126.97001,""alt"":100},""endLLA"":{""lat"":37.492877,""lon"":126.93949,""alt"":275.53},""targetSpeed"":51.4,""seq"":4}","{""phase"":""E"",""startLLA"":{""lat"":37.492877,""lon"":126.93949,""alt"":275.53},""endLLA"":{""lat"":37.495955,""lon"":126.935259,""alt"":305},""targetSpeed"":51.4,""seq"":5}","{""phase"":""F"",""startLLA"":{""lat"":37.495955,""lon"":126.935259,""alt"":305},""endLLA"":{""lat"":37.515965,""lon"":126.907756,""alt"":305},""targetSpeed"":51.4,""seq"":6}","{""phase"":""F"",""startLLA"":{""lat"":37.515965,""lon"":126.907756,""alt"":305},""endLLA"":{""lat"":37.542307,""lon"":126.90249,""alt"":305},""targetSpeed"":51.4,""seq"":7}","{""phase"":""F"",""startLLA"":{""lat"":37.542307,""lon"":126.90249,""alt"":305},""endLLA"":{""lat"":37.552574,""lon"":126.891431,""alt"":305},""targetSpeed"":51.4,""seq"":8}","{""phase"":""F"",""startLLA"":{""lat"":37.552574,""lon"":126.891431,""alt"":305},""endLLA"":{""lat"":37.583699,""lon"":126.886697,""alt"":305},""targetSpeed"":51.4,""seq"":9}","{""phase"":""G"",""startLLA"":{""lat"":37.583699,""lon"":126.886697,""alt"":305},""endLLA"":{""lat"":37.586283,""lon"":126.886304,""alt"":288.16},""targetSpeed"":36,""seq"":10}","{""phase"":""G"",""startLLA"":{""lat"":37.586283,""lon"":126.886304,""alt"":288.16},""endLLA"":{""lat"":37.60526,""lon"":126.914121,""alt"":100},""targetSpeed"":36,""seq"":11}","{""phase"":""I"",""startLLA"":{""lat"":37.60526,""lon"":126.914121,""alt"":100},""endLLA"":{""lat"":37.611145,""lon"":126.922747,""alt"":15},""targetSpeed"":30,""seq"":12}","{""phase"":""J"",""startLLA"":{""lat"":37.611145,""lon"":126.922747,""alt"":15},""endLLA"":{""lat"":37.611145,""lon"":126.922747,""alt"":0},""targetSpeed"":10,""seq"":13}","{""phase"":""K"",""startLLA"":{""lat"":37.611145,""lon"":126.922747,""alt"":0},""endLLA"":{""lat"":37.611145,""lon"":126.922747,""alt"":0},""targetSpeed"":3,""seq"":14}",,,,,,,
d2d2f5e06492,2026-06-20,FPL0816006,UAM0001,a2,2,2,1,사당,사당,망우,망우,15,G8,F1,G3,F1,15:12:55,15:19:01,15:35:50,15:43:31,15:53:31,366.86,1008.87,460.7,1836.42,0,596.06,ready,사당 > 경부고속도로 양재천 다리 > 대치교 > 청담대교 중간지점 > 건대입구 > 망우,20.4833,13,"{""phase"":""A"",""startLLA"":{""lat"":37.475767,""lon"":126.982185,""alt"":0},""endLLA"":{""lat"":37.475767,""lon"":126.982185,""alt"":0},""targetSpeed"":3,""seq"":1}","{""phase"":""B"",""startLLA"":{""lat"":37.475767,""lon"":126.982185,""alt"":0},""endLLA"":{""lat"":37.475767,""lon"":126.982185,""alt"":15},""targetSpeed"":10,""seq"":2}","{""phase"":""C"",""startLLA"":{""lat"":37.475767,""lon"":126.982185,""alt"":15},""endLLA"":{""lat"":37.474631,""lon"":126.99575,""alt"":100},""targetSpeed"":36,""seq"":3}","{""phase"":""E"",""startLLA"":{""lat"":37.474631,""lon"":126.99575,""alt"":100},""endLLA"":{""lat"":37.471593,""lon"":127.032031,""alt"":287.28},""targetSpeed"":51.4,""seq"":4}","{""phase"":""E"",""startLLA"":{""lat"":37.471593,""lon"":127.032031,""alt"":287.28},""endLLA"":{""lat"":37.473287,""lon"":127.034744,""alt"":305},""targetSpeed"":51.4,""seq"":5}","{""phase"":""F"",""startLLA"":{""lat"":37.473287,""lon"":127.034744,""alt"":305},""endLLA"":{""lat"":37.497702,""lon"":127.073855,""alt"":305},""targetSpeed"":51.4,""seq"":6}","{""phase"":""F"",""startLLA"":{""lat"":37.497702,""lon"":127.073855,""alt"":305},""endLLA"":{""lat"":37.526451,""lon"":127.064361,""alt"":305},""targetSpeed"":51.4,""seq"":7}","{""phase"":""F"",""startLLA"":{""lat"":37.526451,""lon"":127.064361,""alt"":305},""endLLA"":{""lat"":37.540426,""lon"":127.069298,""alt"":305},""targetSpeed"":51.4,""seq"":8}","{""phase"":""F"",""startLLA"":{""lat"":37.540426,""lon"":127.069298,""alt"":305},""endLLA"":{""lat"":37.557141,""lon"":127.073901,""alt"":305},""targetSpeed"":51.4,""seq"":9}","{""phase"":""G"",""startLLA"":{""lat"":37.557141,""lon"":127.073901,""alt"":305},""endLLA"":{""lat"":37.588105,""lon"":127.082427,""alt"":100},""targetSpeed"":36,""seq"":10}","{""phase"":""I"",""startLLA"":{""lat"":37.588105,""lon"":127.082427,""alt"":100},""endLLA"":{""lat"":37.596919,""lon"":127.084854,""alt"":15},""targetSpeed"":30,""seq"":11}","{""phase"":""J"",""startLLA"":{""lat"":37.596919,""lon"":127.084854,""alt"":15},""endLLA"":{""lat"":37.596919,""lon"":127.084854,""alt"":0},""targetSpeed"":10,""seq"":12}","{""phase"":""K"",""startLLA"":{""lat"":37.596919,""lon"":127.084854,""alt"":0},""endLLA"":{""lat"":37.596919,""lon"":127.084854,""alt"":0},""targetSpeed"":3,""seq"":13}",,,,,,,,
d2d2f5e06492,2026-06-20,FPL0805006,UAM0020,a2,2,2,1,사당,사당,목동,목동,15,G2,F2,G8,F1,15:16:09,15:22:45,15:27:17,15:33:15,15:43:15,396.86,271.42,358.28,1026.56,0,0,ready,사당 > 180고지 > 영등포 > 목동,11.0358,11,"{""phase"":""A"",""startLLA"":{""lat"":37.475767,""lon"":126.982185,""alt"":0},""endLLA"":{""lat"":37.475767,""lon"":126.982185,""alt"":0},""targetSpeed"":3,""seq"":1}","{""phase"":""B"",""startLLA"":{""lat"":37.475767,""lon"":126.982185,""alt"":0},""endLLA"":{""lat"":37.475767,""lon"":126.982185,""alt"":15},""targetSpeed"":10,""seq"":2}","{""phase"":""C"",""startLLA"":{""lat"":37.475767,""lon"":126.982185,""alt"":15},""endLLA"":{""lat"":37.480648,""lon"":126.970006,""alt"":100},""targetSpeed"":36,""seq"":3}","{""phase"":""E"",""startLLA"":{""lat"":37.480648,""lon"":126.970006,""alt"":100},""endLLA"":{""lat"":37.492877,""lon"":126.93949,""alt"":275.46},""targetSpeed"":51.4,""seq"":4}","{""phase"":""E"",""startLLA"":{""lat"":37.492877,""lon"":126.93949,""alt"":275.46},""endLLA"":{""lat"":37.495964,""lon"":126.935246,""alt"":305},""targetSpeed"":51.4,""seq"":5}","{""phase"":""F"",""startLLA"":{""lat"":37.495964,""lon"":126.935246,""alt"":305},""endLLA"":{""lat"":37.506735,""lon"":126.920442,""alt"":305},""targetSpeed"":51.4,""seq"":6}","{""phase"":""G"",""startLLA"":{""lat"":37.506735,""lon"":126.920442,""alt"":305},""endLLA"":{""lat"":37.515965,""lon"":126.907756,""alt"":216.68},""targetSpeed"":36,""seq"":7}","{""phase"":""G"",""startLLA"":{""lat"":37.515965,""lon"":126.907756,""alt"":216.68},""endLLA"":{""lat"":37.522883,""lon"":126.886749,""alt"":100},""targetSpeed"":36,""seq"":8}","{""phase"":""I"",""startLLA"":{""lat"":37.522883,""lon"":126.886749,""alt"":100},""endLLA"":{""lat"":37.526343,""lon"":126.876243,""alt"":15},""targetSpeed"":30,""seq"":9}","{""phase"":""J"",""startLLA"":{""lat"":37.526343,""lon"":126.876243,""alt"":15},""endLLA"":{""lat"":37.526343,""lon"":126.876243,""alt"":0},""targetSpeed"":10,""seq"":10}","{""phase"":""K"",""startLLA"":{""lat"":37.526343,""lon"":126.876243,""alt"":0},""endLLA"":{""lat"":37.526343,""lon"":126.876243,""alt"":0},""targetSpeed"":3,""seq"":11}",,,,,,,,,,
d2d2f5e06492,2026-06-20,FPL0815007,UAM0041,a2,2,1,0.5,사당,사당,마곡,마곡,15,G1,F1,G6,F1,15:37:32,15:44:46,15:59:17,16:06:49,16:16:49,434.98,870.7,451.72,1757.39,68.12,428.84,ready,사당 > 180고지 > 영등포 > 목동교 > 염창교 > 가양대교 남단 > 마곡,21.5149,14,"{""phase"":""A"",""startLLA"":{""lat"":37.475767,""lon"":126.982185,""alt"":0},""endLLA"":{""lat"":37.475767,""lon"":126.982185,""alt"":0},""targetSpeed"":3,""seq"":1}","{""phase"":""B"",""startLLA"":{""lat"":37.475767,""lon"":126.982185,""alt"":0},""endLLA"":{""lat"":37.475767,""lon"":126.982185,""alt"":15},""targetSpeed"":10,""seq"":2}","{""phase"":""C"",""startLLA"":{""lat"":37.475767,""lon"":126.982185,""alt"":15},""endLLA"":{""lat"":37.480646,""lon"":126.97001,""alt"":100},""targetSpeed"":36,""seq"":3}","{""phase"":""E"",""startLLA"":{""lat"":37.480646,""lon"":126.97001,""alt"":100},""endLLA"":{""lat"":37.492877,""lon"":126.93949,""alt"":275.53},""targetSpeed"":51.4,""seq"":4}","{""phase"":""E"",""startLLA"":{""lat"":37.492877,""lon"":126.93949,""alt"":275.53},""endLLA"":{""lat"":37.495955,""lon"":126.935259,""alt"":305},""targetSpeed"":51.4,""seq"":5}","{""phase"":""F"",""startLLA"":{""lat"":37.495955,""lon"":126.935259,""alt"":305},""endLLA"":{""lat"":37.515965,""lon"":126.907756,""alt"":305},""targetSpeed"":51.4,""seq"":6}","{""phase"":""F"",""startLLA"":{""lat"":37.515965,""lon"":126.907756,""alt"":305},""endLLA"":{""lat"":37.530667,""lon"":126.888262,""alt"":305},""targetSpeed"":51.4,""seq"":7}","{""phase"":""F"",""startLLA"":{""lat"":37.530667,""lon"":126.888262,""alt"":305},""endLLA"":{""lat"":37.553824,""lon"":126.875819,""alt"":305},""targetSpeed"":51.4,""seq"":8}","{""phase"":""F"",""startLLA"":{""lat"":37.553824,""lon"":126.875819,""alt"":305},""endLLA"":{""lat"":37.569391,""lon"":126.861026,""alt"":305},""targetSpeed"":51.4,""seq"":9}","{""phase"":""F"",""startLLA"":{""lat"":37.569391,""lon"":126.861026,""alt"":305},""endLLA"":{""lat"":37.567855,""lon"":126.842869,""alt"":305},""targetSpeed"":51.4,""seq"":10}","{""phase"":""G"",""startLLA"":{""lat"":37.567855,""lon"":126.842869,""alt"":305},""endLLA"":{""lat"":37.564492,""lon"":126.803119,""alt"":100},""targetSpeed"":36,""seq"":11}","{""phase"":""I"",""startLLA"":{""lat"":37.564492,""lon"":126.803119,""alt"":100},""endLLA"":{""lat"":37.563535,""lon"":126.791805,""alt"":15},""targetSpeed"":30,""seq"":12}","{""phase"":""J"",""startLLA"":{""lat"":37.563535,""lon"":126.791805,""alt"":15},""endLLA"":{""lat"":37.563535,""lon"":126.791805,""alt"":0},""targetSpeed"":10,""seq"":13}","{""phase"":""K"",""startLLA"":{""lat"":37.563535,""lon"":126.791805,""alt"":0},""endLLA"":{""lat"":37.563535,""lon"":126.791805,""alt"":0},""targetSpeed"":3,""seq"":14}",,,,,,,
d2d2f5e06492,2026-06-20,FPL0805007,UAM0064,a2,2,1,0.5,사당,사당,목동,목동,15,G8,F2,G3,F2,15:43:22,15:49:28,15:59:56,16:06:55,16:16:55,366.86,628.14,418.28,1413.28,0,356.73,ready,사당 > 180고지 > 영등포 > 목동,11.0358,11,"{""phase"":""A"",""startLLA"":{""lat"":37.475767,""lon"":126.982185,""alt"":0},""endLLA"":{""lat"":37.475767,""lon"":126.982185,""alt"":0},""targetSpeed"":3,""seq"":1}","{""phase"":""B"",""startLLA"":{""lat"":37.475767,""lon"":126.982185,""alt"":0},""endLLA"":{""lat"":37.475767,""lon"":126.982185,""alt"":15},""targetSpeed"":10,""seq"":2}","{""phase"":""C"",""startLLA"":{""lat"":37.475767,""lon"":126.982185,""alt"":15},""endLLA"":{""lat"":37.480648,""lon"":126.970006,""alt"":100},""targetSpeed"":36,""seq"":3}","{""phase"":""E"",""startLLA"":{""lat"":37.480648,""lon"":126.970006,""alt"":100},""endLLA"":{""lat"":37.492877,""lon"":126.93949,""alt"":275.46},""targetSpeed"":51.4,""seq"":4}","{""phase"":""E"",""startLLA"":{""lat"":37.492877,""lon"":126.93949,""alt"":275.46},""endLLA"":{""lat"":37.495964,""lon"":126.935246,""alt"":305},""targetSpeed"":51.4,""seq"":5}","{""phase"":""F"",""startLLA"":{""lat"":37.495964,""lon"":126.935246,""alt"":305},""endLLA"":{""lat"":37.506735,""lon"":126.920442,""alt"":305},""targetSpeed"":51.4,""seq"":6}","{""phase"":""G"",""startLLA"":{""lat"":37.506735,""lon"":126.920442,""alt"":305},""endLLA"":{""lat"":37.515965,""lon"":126.907756,""alt"":216.68},""targetSpeed"":36,""seq"":7}","{""phase"":""G"",""startLLA"":{""lat"":37.515965,""lon"":126.907756,""alt"":216.68},""endLLA"":{""lat"":37.522883,""lon"":126.886749,""alt"":100},""targetSpeed"":36,""seq"":8}","{""phase"":""I"",""startLLA"":{""lat"":37.522883,""lon"":126.886749,""alt"":100},""endLLA"":{""lat"":37.526343,""lon"":126.876243,""alt"":15},""targetSpeed"":30,""seq"":9}","{""phase"":""J"",""startLLA"":{""lat"":37.526343,""lon"":126.876243,""alt"":15},""endLLA"":{""lat"":37.526343,""lon"":126.876243,""alt"":0},""targetSpeed"":10,""seq"":10}","{""phase"":""K"",""startLLA"":{""lat"":37.526343,""lon"":126.876243,""alt"":0},""endLLA"":{""lat"":37.526343,""lon"":126.876243,""alt"":0},""targetSpeed"":3,""seq"":11}",,,,,,,,,,
d2d2f5e06492,2026-06-20,FPL0803003,UAM0014,a2,2,1,0.5,사당,사당,상암,상암,15,G2,F1,G8,F2,15:50:59,15:58:16,16:07:15,16:13:13,16:23:13,436.86,539.02,358.28,1334.16,78.56,220.26,ready,사당 > 180고지 > 영등포 > 선유도 17고지 > 상암,13.4688,12,"{""phase"":""A"",""startLLA"":{""lat"":37.475767,""lon"":126.982185,""alt"":0},""endLLA"":{""lat"":37.475767,""lon"":126.982185,""alt"":0},""targetSpeed"":3,""seq"":1}","{""phase"":""B"",""startLLA"":{""lat"":37.475767,""lon"":126.982185,""alt"":0},""endLLA"":{""lat"":37.475767,""lon"":126.982185,""alt"":15},""targetSpeed"":10,""seq"":2}","{""phase"":""C"",""startLLA"":{""lat"":37.475767,""lon"":126.982185,""alt"":15},""endLLA"":{""lat"":37.480647,""lon"":126.970008,""alt"":100},""targetSpeed"":36,""seq"":3}","{""phase"":""E"",""startLLA"":{""lat"":37.480647,""lon"":126.970008,""alt"":100},""endLLA"":{""lat"":37.492877,""lon"":126.93949,""alt"":275.49},""targetSpeed"":51.4,""seq"":4}","{""phase"":""E"",""startLLA"":{""lat"":37.492877,""lon"":126.93949,""alt"":275.49},""endLLA"":{""lat"":37.495961,""lon"":126.935252,""alt"":305},""targetSpeed"":51.4,""seq"":5}","{""phase"":""F"",""startLLA"":{""lat"":37.495961,""lon"":126.935252,""alt"":305},""endLLA"":{""lat"":37.515965,""lon"":126.907756,""alt"":305},""targetSpeed"":51.4,""seq"":6}","{""phase"":""F"",""startLLA"":{""lat"":37.515965,""lon"":126.907756,""alt"":305},""endLLA"":{""lat"":37.524062,""lon"":126.906137,""alt"":305},""targetSpeed"":51.4,""seq"":7}","{""phase"":""G"",""startLLA"":{""lat"":37.524062,""lon"":126.906137,""alt"":305},""endLLA"":{""lat"":37.542307,""lon"":126.90249,""alt"":185.51},""targetSpeed"":36,""seq"":8}","{""phase"":""G"",""startLLA"":{""lat"":37.542307,""lon"":126.90249,""alt"":185.51},""endLLA"":{""lat"":37.55418,""lon"":126.895159,""alt"":100},""targetSpeed"":36,""seq"":9}","{""phase"":""I"",""startLLA"":{""lat"":37.55418,""lon"":126.895159,""alt"":100},""endLLA"":{""lat"":37.562282,""lon"":126.890156,""alt"":15},""targetSpeed"":30,""seq"":10}","{""phase"":""J"",""startLLA"":{""lat"":37.562282,""lon"":126.890156,""alt"":15},""endLLA"":{""lat"":37.562282,""lon"":126.890156,""alt"":0},""targetSpeed"":10,""seq"":11}","{""phase"":""K"",""startLLA"":{""lat"":37.562282,""lon"":126.890156,""alt"":0},""endLLA"":{""lat"":37.562282,""lon"":126.890156,""alt"":0},""targetSpeed"":3,""seq"":12}",,,,,,,,,
d2d2f5e06492,2026-06-20,FPL0817004,UAM0067,a2,2,2,1,사당,사당,수서,수서,16,G1,F1,G2,F2,16:03:20,16:10:20,16:14:45,16:21:13,16:31:13,420.12,265.44,388.28,1073.85,53.27,0,ready,사당 > 경부고속도로 양재천 다리 > 수서,10.7285,10,"{""phase"":""A"",""startLLA"":{""lat"":37.475767,""lon"":126.982185,""alt"":0},""endLLA"":{""lat"":37.475767,""lon"":126.982185,""alt"":0},""targetSpeed"":3,""seq"":1}","{""phase"":""B"",""startLLA"":{""lat"":37.475767,""lon"":126.982185,""alt"":0},""endLLA"":{""lat"":37.475767,""lon"":126.982185,""alt"":15},""targetSpeed"":10,""seq"":2}","{""phase"":""C"",""startLLA"":{""lat"":37.475767,""lon"":126.982185,""alt"":15},""endLLA"":{""lat"":37.47463,""lon"":126.995757,""alt"":100},""targetSpeed"":36,""seq"":3}","{""phase"":""E"",""startLLA"":{""lat"":37.47463,""lon"":126.995757,""alt"":100},""endLLA"":{""lat"":37.471593,""lon"":127.032031,""alt"":287.14},""targetSpeed"":51.4,""seq"":4}","{""phase"":""E"",""startLLA"":{""lat"":37.471593,""lon"":127.032031,""alt"":287.14},""endLLA"":{""lat"":37.472365,""lon"":127.035373,""alt"":305},""targetSpeed"":51.4,""seq"":5}","{""phase"":""F"",""startLLA"":{""lat"":37.472365,""lon"":127.035373,""alt"":305},""endLLA"":{""lat"":37.476051,""lon"":127.051318,""alt"":305},""targetSpeed"":51.4,""seq"":6}","{""phase"":""G"",""startLLA"":{""lat"":37.476051,""lon"":127.051318,""alt"":305},""endLLA"":{""lat"":37.484917,""lon"":127.089683,""alt"":100},""targetSpeed"":36,""seq"":7}","{""phase"":""I"",""startLLA"":{""lat"":37.484917,""lon"":127.089683,""alt"":100},""endLLA"":{""lat"":37.487441,""lon"":127.100603,""alt"":15},""targetSpeed"":30,""seq"":8}","{""phase"":""J"",""startLLA"":{""lat"":37.487441,""lon"":127.100603,""alt"":15},""endLLA"":{""lat"":37.487441,""lon"":127.100603,""alt"":0},""targetSpeed"":10,""seq"":9}","{""phase"":""K"",""startLLA"":{""lat"":37.487441,""lon"":127.100603,""alt"":0},""endLLA"":{""lat"":37.487441,""lon"":127.100603,""alt"":0},""targetSpeed"":3,""seq"":10}",,,,,,,,,,,
d2d2f5e06492,2026-06-20,FPL0811007,UAM0033,a2,2,2,1,사당,사당,천호,천호,16,G8,F2,G1,F1,16:06:36,16:12:42,16:19:34,16:25:33,16:35:33,366.86,411.98,358.28,1137.12,0,0,ready,사당 > 경부고속도로 양재천 다리 > 대치교 > 청담대교 중간지점 > 잠실대교 중간지점 > 천호,18.2608,13,"{""phase"":""A"",""startLLA"":{""lat"":37.475767,""lon"":126.982185,""alt"":0},""endLLA"":{""lat"":37.475767,""lon"":126.982185,""alt"":0},""targetSpeed"":3,""seq"":1}","{""phase"":""B"",""startLLA"":{""lat"":37.475767,""lon"":126.982185,""alt"":0},""endLLA"":{""lat"":37.475767,""lon"":126.982185,""alt"":15},""targetSpeed"":10,""seq"":2}","{""phase"":""C"",""startLLA"":{""lat"":37.475767,""lon"":126.982185,""alt"":15},""endLLA"":{""lat"":37.474631,""lon"":126.995751,""alt"":100},""targetSpeed"":36,""seq"":3}","{""phase"":""E"",""startLLA"":{""lat"":37.474631,""lon"":126.995751,""alt"":100},""endLLA"":{""lat"":37.471593,""lon"":127.032031,""alt"":287.26},""targetSpeed"":51.4,""seq"":4}","{""phase"":""E"",""startLLA"":{""lat"":37.471593,""lon"":127.032031,""alt"":287.26},""endLLA"":{""lat"":37.473289,""lon"":127.034748,""alt"":305},""targetSpeed"":51.4,""seq"":5}","{""phase"":""F"",""startLLA"":{""lat"":37.473289,""lon"":127.034748,""alt"":305},""endLLA"":{""lat"":37.497702,""lon"":127.073855,""alt"":305},""targetSpeed"":51.4,""seq"":6}","{""phase"":""F"",""startLLA"":{""lat"":37.497702,""lon"":127.073855,""alt"":305},""endLLA"":{""lat"":37.526451,""lon"":127.064361,""alt"":305},""targetSpeed"":51.4,""seq"":7}","{""phase"":""F"",""startLLA"":{""lat"":37.526451,""lon"":127.064361,""alt"":305},""endLLA"":{""lat"":37.525291,""lon"":127.078991,""alt"":305},""targetSpeed"":51.4,""seq"":8}","{""phase"":""G"",""startLLA"":{""lat"":37.525291,""lon"":127.078991,""alt"":305},""endLLA"":{""lat"":37.524288,""lon"":127.091639,""alt"":239.8},""targetSpeed"":36,""seq"":9}","{""phase"":""G"",""startLLA"":{""lat"":37.524288,""lon"":127.091639,""alt"":239.8},""endLLA"":{""lat"":37.539418,""lon"":127.111105,""alt"":100},""targetSpeed"":36,""seq"":10}","{""phase"":""I"",""startLLA"":{""lat"":37.539418,""lon"":127.111105,""alt"":100},""endLLA"":{""lat"":37.545733,""lon"":127.11923,""alt"":15},""targetSpeed"":30,""seq"":11}","{""phase"":""J"",""startLLA"":{""lat"":37.545733,""lon"":127.11923,""alt"":15},""endLLA"":{""lat"":37.545733,""lon"":127.11923,""alt"":0},""targetSpeed"":10,""seq"":12}","{""phase"":""K"",""startLLA"":{""lat"":37.545733,""lon"":127.11923,""alt"":0},""endLLA"":{""lat"":37.545733,""lon"":127.11923,""alt"":0},""targetSpeed"":3,""seq"":13}",,,,,,,,
d2d2f5e06492,2026-06-20,FPL0805008,UAM0040,a2,2,2,1,사당,사당,목동,목동,16,G2,F1,G2,F2,16:11:35,16:18:11,16:32:54,16:39:23,16:49:23,396.86,883.14,388.28,1668.28,0,611.72,ready,사당 > 180고지 > 영등포 > 목동,11.0358,11,"{""phase"":""A"",""startLLA"":{""lat"":37.475767,""lon"":126.982185,""alt"":0},""endLLA"":{""lat"":37.475767,""lon"":126.982185,""alt"":0},""targetSpeed"":3,""seq"":1}","{""phase"":""B"",""startLLA"":{""lat"":37.475767,""lon"":126.982185,""alt"":0},""endLLA"":{""lat"":37.475767,""lon"":126.982185,""alt"":15},""targetSpeed"":10,""seq"":2}","{""phase"":""C"",""startLLA"":{""lat"":37.475767,""lon"":126.982185,""alt"":15},""endLLA"":{""lat"":37.480648,""lon"":126.970006,""alt"":100},""targetSpeed"":36,""seq"":3}","{""phase"":""E"",""startLLA"":{""lat"":37.480648,""lon"":126.970006,""alt"":100},""endLLA"":{""lat"":37.492877,""lon"":126.93949,""alt"":275.46},""targetSpeed"":51.4,""seq"":4}","{""phase"":""E"",""startLLA"":{""lat"":37.492877,""lon"":126.93949,""alt"":275.46},""endLLA"":{""lat"":37.495964,""lon"":126.935246,""alt"":305},""targetSpeed"":51.4,""seq"":5}","{""phase"":""F"",""startLLA"":{""lat"":37.495964,""lon"":126.935246,""alt"":305},""endLLA"":{""lat"":37.506735,""lon"":126.920442,""alt"":305},""targetSpeed"":51.4,""seq"":6}","{""phase"":""G"",""startLLA"":{""lat"":37.506735,""lon"":126.920442,""alt"":305},""endLLA"":{""lat"":37.515965,""lon"":126.907756,""alt"":216.68},""targetSpeed"":36,""seq"":7}","{""phase"":""G"",""startLLA"":{""lat"":37.515965,""lon"":126.907756,""alt"":216.68},""endLLA"":{""lat"":37.522883,""lon"":126.886749,""alt"":100},""targetSpeed"":36,""seq"":8}","{""phase"":""I"",""startLLA"":{""lat"":37.522883,""lon"":126.886749,""alt"":100},""endLLA"":{""lat"":37.526343,""lon"":126.876243,""alt"":15},""targetSpeed"":30,""seq"":9}","{""phase"":""J"",""startLLA"":{""lat"":37.526343,""lon"":126.876243,""alt"":15},""endLLA"":{""lat"":37.526343,""lon"":126.876243,""alt"":0},""targetSpeed"":10,""seq"":10}","{""phase"":""K"",""startLLA"":{""lat"":37.526343,""lon"":126.876243,""alt"":0},""endLLA"":{""lat"":37.526343,""lon"":126.876243,""alt"":0},""targetSpeed"":3,""seq"":11}",,,,,,,,,,
d2d2f5e06492,2026-06-20,FPL0812007,UAM0020,a2,2,1,0.5,사당,사당,광화문,광화문,16,G7,F1,G7,F2,16:15:54,16:23:40,16:36:22,16:42:51,16:52:51,466.43,762.38,388.28,1617.09,69.57,311.91,ready,사당 > 180고지 > 영등포 > 선유도 17고지 > 성산대교 중간지점 > 홍대입구 > 광화문,20.239,14,"{""phase"":""A"",""startLLA"":{""lat"":37.475767,""lon"":126.982185,""alt"":0},""endLLA"":{""lat"":37.475767,""lon"":126.982185,""alt"":0},""targetSpeed"":3,""seq"":1}","{""phase"":""B"",""startLLA"":{""lat"":37.475767,""lon"":126.982185,""alt"":0},""endLLA"":{""lat"":37.475767,""lon"":126.982185,""alt"":15},""targetSpeed"":10,""seq"":2}","{""phase"":""C"",""startLLA"":{""lat"":37.475767,""lon"":126.982185,""alt"":15},""endLLA"":{""lat"":37.480587,""lon"":126.970158,""alt"":100},""targetSpeed"":36,""seq"":3}","{""phase"":""E"",""startLLA"":{""lat"":37.480587,""lon"":126.970158,""alt"":100},""endLLA"":{""lat"":37.492877,""lon"":126.93949,""alt"":278.55},""targetSpeed"":51.4,""seq"":4}","{""phase"":""E"",""startLLA"":{""lat"":37.492877,""lon"":126.93949,""alt"":278.55},""endLLA"":{""lat"":37.495606,""lon"":126.935739,""alt"":305},""targetSpeed"":51.4,""seq"":5}","{""phase"":""F"",""startLLA"":{""lat"":37.495606,""lon"":126.935739,""alt"":305},""endLLA"":{""lat"":37.515965,""lon"":126.907756,""alt"":305},""targetSpeed"":51.4,""seq"":6}","{""phase"":""F"",""startLLA"":{""lat"":37.515965,""lon"":126.907756,""alt"":305},""endLLA"":{""lat"":37.542307,""lon"":126.90249,""alt"":305},""targetSpeed"":51.4,""seq"":7}","{""phase"":""F"",""startLLA"":{""lat"":37.542307,""lon"":126.90249,""alt"":305},""endLLA"":{""lat"":37.552574,""lon"":126.891431,""alt"":305},""targetSpeed"":51.4,""seq"":8}","{""phase"":""F"",""startLLA"":{""lat"":37.552574,""lon"":126.891431,""alt"":305},""endLLA"":{""lat"":37.556786,""lon"":126.923706,""alt"":305},""targetSpeed"":51.4,""seq"":9}","{""phase"":""F"",""startLLA"":{""lat"":37.556786,""lon"":126.923706,""alt"":305},""endLLA"":{""lat"":37.557137,""lon"":126.925138,""alt"":305},""targetSpeed"":51.4,""seq"":10}","{""phase"":""G"",""startLLA"":{""lat"":37.557137,""lon"":126.925138,""alt"":305},""endLLA"":{""lat"":37.566379,""lon"":126.962865,""alt"":100},""targetSpeed"":36,""seq"":11}","{""phase"":""I"",""startLLA"":{""lat"":37.566379,""lon"":126.962865,""alt"":100},""endLLA"":{""lat"":37.56901,""lon"":126.973604,""alt"":15},""targetSpeed"":30,""seq"":12}","{""phase"":""J"",""startLLA"":{""lat"":37.56901,""lon"":126.973604,""alt"":15},""endLLA"":{""lat"":37.56901,""lon"":126.973604,""alt"":0},""targetSpeed"":10,""seq"":13}","{""phase"":""K"",""startLLA"":{""lat"":37.56901,""lon"":126.973604,""alt"":0},""endLLA"":{""lat"":37.56901,""lon"":126.973604,""alt"":0},""targetSpeed"":3,""seq"":14}",,,,,,,
d2d2f5e06492,2026-06-20,FPL0805009,UAM0065,a2,2,1,0.5,사당,사당,목동,목동,16,G1,F1,G8,F1,16:30:16,16:37:14,16:41:45,16:47:44,16:57:44,418.36,271.42,358.28,1048.06,51.5,0,ready,사당 > 180고지 > 영등포 > 목동,11.0358,11,"{""phase"":""A"",""startLLA"":{""lat"":37.475767,""lon"":126.982185,""alt"":0},""endLLA"":{""lat"":37.475767,""lon"":126.982185,""alt"":0},""targetSpeed"":3,""seq"":1}","{""phase"":""B"",""startLLA"":{""lat"":37.475767,""lon"":126.982185,""alt"":0},""endLLA"":{""lat"":37.475767,""lon"":126.982185,""alt"":15},""targetSpeed"":10,""seq"":2}","{""phase"":""C"",""startLLA"":{""lat"":37.475767,""lon"":126.982185,""alt"":15},""endLLA"":{""lat"":37.480648,""lon"":126.970006,""alt"":100},""targetSpeed"":36,""seq"":3}","{""phase"":""E"",""startLLA"":{""lat"":37.480648,""lon"":126.970006,""alt"":100},""endLLA"":{""lat"":37.492877,""lon"":126.93949,""alt"":275.46},""targetSpeed"":51.4,""seq"":4}","{""phase"":""E"",""startLLA"":{""lat"":37.492877,""lon"":126.93949,""alt"":275.46},""endLLA"":{""lat"":37.495964,""lon"":126.935246,""alt"":305},""targetSpeed"":51.4,""seq"":5}","{""phase"":""F"",""startLLA"":{""lat"":37.495964,""lon"":126.935246,""alt"":305},""endLLA"":{""lat"":37.506735,""lon"":126.920442,""alt"":305},""targetSpeed"":51.4,""seq"":6}","{""phase"":""G"",""startLLA"":{""lat"":37.506735,""lon"":126.920442,""alt"":305},""endLLA"":{""lat"":37.515965,""lon"":126.907756,""alt"":216.68},""targetSpeed"":36,""seq"":7}","{""phase"":""G"",""startLLA"":{""lat"":37.515965,""lon"":126.907756,""alt"":216.68},""endLLA"":{""lat"":37.522883,""lon"":126.886749,""alt"":100},""targetSpeed"":36,""seq"":8}","{""phase"":""I"",""startLLA"":{""lat"":37.522883,""lon"":126.886749,""alt"":100},""endLLA"":{""lat"":37.526343,""lon"":126.876243,""alt"":15},""targetSpeed"":30,""seq"":9}","{""phase"":""J"",""startLLA"":{""lat"":37.526343,""lon"":126.876243,""alt"":15},""endLLA"":{""lat"":37.526343,""lon"":126.876243,""alt"":0},""targetSpeed"":10,""seq"":10}","{""phase"":""K"",""startLLA"":{""lat"":37.526343,""lon"":126.876243,""alt"":0},""endLLA"":{""lat"":37.526343,""lon"":126.876243,""alt"":0},""targetSpeed"":3,""seq"":11}",,,,,,,,,,
d2d2f5e06492,2026-06-20,FPL0817005,UAM0001,a2,2,2,1,사당,사당,수서,수서,17,G3,F1,G8,F2,17:00:00,17:07:06,17:11:32,17:17:30,17:27:30,426.86,265.44,358.28,1050.58,0,0,ready,사당 > 경부고속도로 양재천 다리 > 수서,10.7285,10,"{""phase"":""A"",""startLLA"":{""lat"":37.475767,""lon"":126.982185,""alt"":0},""endLLA"":{""lat"":37.475767,""lon"":126.982185,""alt"":0},""targetSpeed"":3,""seq"":1}","{""phase"":""B"",""startLLA"":{""lat"":37.475767,""lon"":126.982185,""alt"":0},""endLLA"":{""lat"":37.475767,""lon"":126.982185,""alt"":15},""targetSpeed"":10,""seq"":2}","{""phase"":""C"",""startLLA"":{""lat"":37.475767,""lon"":126.982185,""alt"":15},""endLLA"":{""lat"":37.47463,""lon"":126.995757,""alt"":100},""targetSpeed"":36,""seq"":3}","{""phase"":""E"",""startLLA"":{""lat"":37.47463,""lon"":126.995757,""alt"":100},""endLLA"":{""lat"":37.471593,""lon"":127.032031,""alt"":287.14},""targetSpeed"":51.4,""seq"":4}","{""phase"":""E"",""startLLA"":{""lat"":37.471593,""lon"":127.032031,""alt"":287.14},""endLLA"":{""lat"":37.472365,""lon"":127.035373,""alt"":305},""targetSpeed"":51.4,""seq"":5}","{""phase"":""F"",""startLLA"":{""lat"":37.472365,""lon"":127.035373,""alt"":305},""endLLA"":{""lat"":37.476051,""lon"":127.051318,""alt"":305},""targetSpeed"":51.4,""seq"":6}","{""phase"":""G"",""startLLA"":{""lat"":37.476051,""lon"":127.051318,""alt"":305},""endLLA"":{""lat"":37.484917,""lon"":127.089683,""alt"":100},""targetSpeed"":36,""seq"":7}","{""phase"":""I"",""startLLA"":{""lat"":37.484917,""lon"":127.089683,""alt"":100},""endLLA"":{""lat"":37.487441,""lon"":127.100603,""alt"":15},""targetSpeed"":30,""seq"":8}","{""phase"":""J"",""startLLA"":{""lat"":37.487441,""lon"":127.100603,""alt"":15},""endLLA"":{""lat"":37.487441,""lon"":127.100603,""alt"":0},""targetSpeed"":10,""seq"":9}","{""phase"":""K"",""startLLA"":{""lat"":37.487441,""lon"":127.100603,""alt"":0},""endLLA"":{""lat"":37.487441,""lon"":127.100603,""alt"":0},""targetSpeed"":3,""seq"":10}",,,,,,,,,,,
d2d2f5e06492,2026-06-20,FPL0812008,UAM0043,a2,2,1,0.5,사당,사당,광화문,광화문,17,G2,F2,G1,F1,17:00:30,17:07:46,17:15:17,17:21:15,17:31:15,436.86,450.47,358.28,1245.61,70,0,ready,사당 > 180고지 > 영등포 > 선유도 17고지 > 성산대교 중간지점 > 홍대입구 > 광화문,20.239,14,"{""phase"":""A"",""startLLA"":{""lat"":37.475767,""lon"":126.982185,""alt"":0},""endLLA"":{""lat"":37.475767,""lon"":126.982185,""alt"":0},""targetSpeed"":3,""seq"":1}","{""phase"":""B"",""startLLA"":{""lat"":37.475767,""lon"":126.982185,""alt"":0},""endLLA"":{""lat"":37.475767,""lon"":126.982185,""alt"":15},""targetSpeed"":10,""seq"":2}","{""phase"":""C"",""startLLA"":{""lat"":37.475767,""lon"":126.982185,""alt"":15},""endLLA"":{""lat"":37.480587,""lon"":126.970158,""alt"":100},""targetSpeed"":36,""seq"":3}","{""phase"":""E"",""startLLA"":{""lat"":37.480587,""lon"":126.970158,""alt"":100},""endLLA"":{""lat"":37.492877,""lon"":126.93949,""alt"":278.55},""targetSpeed"":51.4,""seq"":4}","{""phase"":""E"",""startLLA"":{""lat"":37.492877,""lon"":126.93949,""alt"":278.55},""endLLA"":{""lat"":37.495606,""lon"":126.935739,""alt"":305},""targetSpeed"":51.4,""seq"":5}","{""phase"":""F"",""startLLA"":{""lat"":37.495606,""lon"":126.935739,""alt"":305},""endLLA"":{""lat"":37.515965,""lon"":126.907756,""alt"":305},""targetSpeed"":51.4,""seq"":6}","{""phase"":""F"",""startLLA"":{""lat"":37.515965,""lon"":126.907756,""alt"":305},""endLLA"":{""lat"":37.542307,""lon"":126.90249,""alt"":305},""targetSpeed"":51.4,""seq"":7}","{""phase"":""F"",""startLLA"":{""lat"":37.542307,""lon"":126.90249,""alt"":305},""endLLA"":{""lat"":37.552574,""lon"":126.891431,""alt"":305},""targetSpeed"":51.4,""seq"":8}","{""phase"":""F"",""startLLA"":{""lat"":37.552574,""lon"":126.891431,""alt"":305},""endLLA"":{""lat"":37.556786,""lon"":126.923706,""alt"":305},""targetSpeed"":51.4,""seq"":9}","{""phase"":""F"",""startLLA"":{""lat"":37.556786,""lon"":126.923706,""alt"":305},""endLLA"":{""lat"":37.557137,""lon"":126.925138,""alt"":305},""targetSpeed"":51.4,""seq"":10}","{""phase"":""G"",""startLLA"":{""lat"":37.557137,""lon"":126.925138,""alt"":305},""endLLA"":{""lat"":37.566379,""lon"":126.962865,""alt"":100},""targetSpeed"":36,""seq"":11}","{""phase"":""I"",""startLLA"":{""lat"":37.566379,""lon"":126.962865,""alt"":100},""endLLA"":{""lat"":37.56901,""lon"":126.973604,""alt"":15},""targetSpeed"":30,""seq"":12}","{""phase"":""J"",""startLLA"":{""lat"":37.56901,""lon"":126.973604,""alt"":15},""endLLA"":{""lat"":37.56901,""lon"":126.973604,""alt"":0},""targetSpeed"":10,""seq"":13}","{""phase"":""K"",""startLLA"":{""lat"":37.56901,""lon"":126.973604,""alt"":0},""endLLA"":{""lat"":37.56901,""lon"":126.973604,""alt"":0},""targetSpeed"":3,""seq"":14}",,,,,,,
d2d2f5e06492,2026-06-20,FPL0815008,UAM0053,a2,2,1,0.5,사당,사당,마곡,마곡,17,G7,F1,G4,F2,17:00:30,17:12:35,17:33:38,17:41:07,17:51:07,725.43,1263.47,448.28,2437.18,358.57,788.18,ready,사당 > 180고지 > 영등포 > 목동교 > 염창교 > 가양대교 남단 > 마곡,21.5149,14,"{""phase"":""A"",""startLLA"":{""lat"":37.475767,""lon"":126.982185,""alt"":0},""endLLA"":{""lat"":37.475767,""lon"":126.982185,""alt"":0},""targetSpeed"":3,""seq"":1}","{""phase"":""B"",""startLLA"":{""lat"":37.475767,""lon"":126.982185,""alt"":0},""endLLA"":{""lat"":37.475767,""lon"":126.982185,""alt"":15},""targetSpeed"":10,""seq"":2}","{""phase"":""C"",""startLLA"":{""lat"":37.475767,""lon"":126.982185,""alt"":15},""endLLA"":{""lat"":37.480646,""lon"":126.97001,""alt"":100},""targetSpeed"":36,""seq"":3}","{""phase"":""E"",""startLLA"":{""lat"":37.480646,""lon"":126.97001,""alt"":100},""endLLA"":{""lat"":37.492877,""lon"":126.93949,""alt"":275.53},""targetSpeed"":51.4,""seq"":4}","{""phase"":""E"",""startLLA"":{""lat"":37.492877,""lon"":126.93949,""alt"":275.53},""endLLA"":{""lat"":37.495955,""lon"":126.935259,""alt"":305},""targetSpeed"":51.4,""seq"":5}","{""phase"":""F"",""startLLA"":{""lat"":37.495955,""lon"":126.935259,""alt"":305},""endLLA"":{""lat"":37.515965,""lon"":126.907756,""alt"":305},""targetSpeed"":51.4,""seq"":6}","{""phase"":""F"",""startLLA"":{""lat"":37.515965,""lon"":126.907756,""alt"":305},""endLLA"":{""lat"":37.530667,""lon"":126.888262,""alt"":305},""targetSpeed"":51.4,""seq"":7}","{""phase"":""F"",""startLLA"":{""lat"":37.530667,""lon"":126.888262,""alt"":305},""endLLA"":{""lat"":37.553824,""lon"":126.875819,""alt"":305},""targetSpeed"":51.4,""seq"":8}","{""phase"":""F"",""startLLA"":{""lat"":37.553824,""lon"":126.875819,""alt"":305},""endLLA"":{""lat"":37.569391,""lon"":126.861026,""alt"":305},""targetSpeed"":51.4,""seq"":9}","{""phase"":""F"",""startLLA"":{""lat"":37.569391,""lon"":126.861026,""alt"":305},""endLLA"":{""lat"":37.567855,""lon"":126.842869,""alt"":305},""targetSpeed"":51.4,""seq"":10}","{""phase"":""G"",""startLLA"":{""lat"":37.567855,""lon"":126.842869,""alt"":305},""endLLA"":{""lat"":37.564492,""lon"":126.803119,""alt"":100},""targetSpeed"":36,""seq"":11}","{""phase"":""I"",""startLLA"":{""lat"":37.564492,""lon"":126.803119,""alt"":100},""endLLA"":{""lat"":37.563535,""lon"":126.791805,""alt"":15},""targetSpeed"":30,""seq"":12}","{""phase"":""J"",""startLLA"":{""lat"":37.563535,""lon"":126.791805,""alt"":15},""endLLA"":{""lat"":37.563535,""lon"":126.791805,""alt"":0},""targetSpeed"":10,""seq"":13}","{""phase"":""K"",""startLLA"":{""lat"":37.563535,""lon"":126.791805,""alt"":0},""endLLA"":{""lat"":37.563535,""lon"":126.791805,""alt"":0},""targetSpeed"":3,""seq"":14}",,,,,,,
d2d2f5e06492,2026-06-20,FPL0805010,UAM0056,a2,2,1,0.5,사당,사당,목동,목동,17,G1,F2,G2,F2,17:01:40,17:13:15,17:17:46,17:24:15,17:34:15,695.43,271.42,388.28,1355.13,428.57,0,ready,사당 > 180고지 > 영등포 > 목동,11.0358,11,"{""phase"":""A"",""startLLA"":{""lat"":37.475767,""lon"":126.982185,""alt"":0},""endLLA"":{""lat"":37.475767,""lon"":126.982185,""alt"":0},""targetSpeed"":3,""seq"":1}","{""phase"":""B"",""startLLA"":{""lat"":37.475767,""lon"":126.982185,""alt"":0},""endLLA"":{""lat"":37.475767,""lon"":126.982185,""alt"":15},""targetSpeed"":10,""seq"":2}","{""phase"":""C"",""startLLA"":{""lat"":37.475767,""lon"":126.982185,""alt"":15},""endLLA"":{""lat"":37.480648,""lon"":126.970006,""alt"":100},""targetSpeed"":36,""seq"":3}","{""phase"":""E"",""startLLA"":{""lat"":37.480648,""lon"":126.970006,""alt"":100},""endLLA"":{""lat"":37.492877,""lon"":126.93949,""alt"":275.46},""targetSpeed"":51.4,""seq"":4}","{""phase"":""E"",""startLLA"":{""lat"":37.492877,""lon"":126.93949,""alt"":275.46},""endLLA"":{""lat"":37.495964,""lon"":126.935246,""alt"":305},""targetSpeed"":51.4,""seq"":5}","{""phase"":""F"",""startLLA"":{""lat"":37.495964,""lon"":126.935246,""alt"":305},""endLLA"":{""lat"":37.506735,""lon"":126.920442,""alt"":305},""targetSpeed"":51.4,""seq"":6}","{""phase"":""G"",""startLLA"":{""lat"":37.506735,""lon"":126.920442,""alt"":305},""endLLA"":{""lat"":37.515965,""lon"":126.907756,""alt"":216.68},""targetSpeed"":36,""seq"":7}","{""phase"":""G"",""startLLA"":{""lat"":37.515965,""lon"":126.907756,""alt"":216.68},""endLLA"":{""lat"":37.522883,""lon"":126.886749,""alt"":100},""targetSpeed"":36,""seq"":8}","{""phase"":""I"",""startLLA"":{""lat"":37.522883,""lon"":126.886749,""alt"":100},""endLLA"":{""lat"":37.526343,""lon"":126.876243,""alt"":15},""targetSpeed"":30,""seq"":9}","{""phase"":""J"",""startLLA"":{""lat"":37.526343,""lon"":126.876243,""alt"":15},""endLLA"":{""lat"":37.526343,""lon"":126.876243,""alt"":0},""targetSpeed"":10,""seq"":10}","{""phase"":""K"",""startLLA"":{""lat"":37.526343,""lon"":126.876243,""alt"":0},""endLLA"":{""lat"":37.526343,""lon"":126.876243,""alt"":0},""targetSpeed"":3,""seq"":11}",,,,,,,,,,
d2d2f5e06492,2026-06-20,FPL0806003,UAM0059,a2,2,1,0.5,사당,사당,미아,미아,17,G8,F1,G1,F2,17:01:00,17:18:03,17:27:51,17:33:49,17:43:49,1024,587.08,358.28,1969.36,717.14,0,ready,사당 > 경부고속도로 양재천 다리 > 대치교 > 청담대교 중간지점 > 건대입구 > 중랑천 제방길 > 상봉 > 월릉교 > 미아,27.2607,16,"{""phase"":""A"",""startLLA"":{""lat"":37.475767,""lon"":126.982185,""alt"":0},""endLLA"":{""lat"":37.475767,""lon"":126.982185,""alt"":0},""targetSpeed"":3,""seq"":1}","{""phase"":""B"",""startLLA"":{""lat"":37.475767,""lon"":126.982185,""alt"":0},""endLLA"":{""lat"":37.475767,""lon"":126.982185,""alt"":15},""targetSpeed"":10,""seq"":2}","{""phase"":""C"",""startLLA"":{""lat"":37.475767,""lon"":126.982185,""alt"":15},""endLLA"":{""lat"":37.474631,""lon"":126.995747,""alt"":100},""targetSpeed"":36,""seq"":3}","{""phase"":""E"",""startLLA"":{""lat"":37.474631,""lon"":126.995747,""alt"":100},""endLLA"":{""lat"":37.471593,""lon"":127.032031,""alt"":287.34},""targetSpeed"":51.4,""seq"":4}","{""phase"":""E"",""startLLA"":{""lat"":37.471593,""lon"":127.032031,""alt"":287.34},""endLLA"":{""lat"":37.47328,""lon"":127.034734,""alt"":305},""targetSpeed"":51.4,""seq"":5}","{""phase"":""F"",""startLLA"":{""lat"":37.47328,""lon"":127.034734,""alt"":305},""endLLA"":{""lat"":37.497702,""lon"":127.073855,""alt"":305},""targetSpeed"":51.4,""seq"":6}","{""phase"":""F"",""startLLA"":{""lat"":37.497702,""lon"":127.073855,""alt"":305},""endLLA"":{""lat"":37.526451,""lon"":127.064361,""alt"":305},""targetSpeed"":51.4,""seq"":7}","{""phase"":""F"",""startLLA"":{""lat"":37.526451,""lon"":127.064361,""alt"":305},""endLLA"":{""lat"":37.540426,""lon"":127.069298,""alt"":305},""targetSpeed"":51.4,""seq"":8}","{""phase"":""F"",""startLLA"":{""lat"":37.540426,""lon"":127.069298,""alt"":305},""endLLA"":{""lat"":37.580774,""lon"":127.077387,""alt"":305},""targetSpeed"":51.4,""seq"":9}","{""phase"":""F"",""startLLA"":{""lat"":37.580774,""lon"":127.077387,""alt"":305},""endLLA"":{""lat"":37.596919,""lon"":127.084854,""alt"":305},""targetSpeed"":51.4,""seq"":10}","{""phase"":""F"",""startLLA"":{""lat"":37.596919,""lon"":127.084854,""alt"":305},""endLLA"":{""lat"":37.614356,""lon"":127.072723,""alt"":305},""targetSpeed"":51.4,""seq"":11}","{""phase"":""G"",""startLLA"":{""lat"":37.614356,""lon"":127.072723,""alt"":305},""endLLA"":{""lat"":37.616266,""lon"":127.071394,""alt"":290.89},""targetSpeed"":36,""seq"":12}","{""phase"":""G"",""startLLA"":{""lat"":37.616266,""lon"":127.071394,""alt"":290.89},""endLLA"":{""lat"":37.626943,""lon"":127.036668,""alt"":100},""targetSpeed"":36,""seq"":13}","{""phase"":""I"",""startLLA"":{""lat"":37.626943,""lon"":127.036668,""alt"":100},""endLLA"":{""lat"":37.630207,""lon"":127.026053,""alt"":15},""targetSpeed"":30,""seq"":14}","{""phase"":""J"",""startLLA"":{""lat"":37.630207,""lon"":127.026053,""alt"":15},""endLLA"":{""lat"":37.630207,""lon"":127.026053,""alt"":0},""targetSpeed"":10,""seq"":15}","{""phase"":""K"",""startLLA"":{""lat"":37.630207,""lon"":127.026053,""alt"":0},""endLLA"":{""lat"":37.630207,""lon"":127.026053,""alt"":0},""targetSpeed"":3,""seq"":16}",,,,,
d2d2f5e06492,2026-06-20,FPL0810004,UAM0013,a2,2,1,0.5,사당,사당,연신내,연신내,17,G6,F2,G8,F1,17:05:20,17:18:43,17:26:19,17:32:18,17:42:18,804,455.92,358.28,1618.2,377.14,0,ready,사당 > 180고지 > 영등포 > 선유도 17고지 > 성산대교 중간지점 > 수색교 > 연신내,20.5191,14,"{""phase"":""A"",""startLLA"":{""lat"":37.475767,""lon"":126.982185,""alt"":0},""endLLA"":{""lat"":37.475767,""lon"":126.982185,""alt"":0},""targetSpeed"":3,""seq"":1}","{""phase"":""B"",""startLLA"":{""lat"":37.475767,""lon"":126.982185,""alt"":0},""endLLA"":{""lat"":37.475767,""lon"":126.982185,""alt"":15},""targetSpeed"":10,""seq"":2}","{""phase"":""C"",""startLLA"":{""lat"":37.475767,""lon"":126.982185,""alt"":15},""endLLA"":{""lat"":37.480646,""lon"":126.97001,""alt"":100},""targetSpeed"":36,""seq"":3}","{""phase"":""E"",""startLLA"":{""lat"":37.480646,""lon"":126.97001,""alt"":100},""endLLA"":{""lat"":37.492877,""lon"":126.93949,""alt"":275.53},""targetSpeed"":51.4,""seq"":4}","{""phase"":""E"",""startLLA"":{""lat"":37.492877,""lon"":126.93949,""alt"":275.53},""endLLA"":{""lat"":37.495955,""lon"":126.935259,""alt"":305},""targetSpeed"":51.4,""seq"":5}","{""phase"":""F"",""startLLA"":{""lat"":37.495955,""lon"":126.935259,""alt"":305},""endLLA"":{""lat"":37.515965,""lon"":126.907756,""alt"":305},""targetSpeed"":51.4,""seq"":6}","{""phase"":""F"",""startLLA"":{""lat"":37.515965,""lon"":126.907756,""alt"":305},""endLLA"":{""lat"":37.542307,""lon"":126.90249,""alt"":305},""targetSpeed"":51.4,""seq"":7}","{""phase"":""F"",""startLLA"":{""lat"":37.542307,""lon"":126.90249,""alt"":305},""endLLA"":{""lat"":37.552574,""lon"":126.891431,""alt"":305},""targetSpeed"":51.4,""seq"":8}","{""phase"":""F"",""startLLA"":{""lat"":37.552574,""lon"":126.891431,""alt"":305},""endLLA"":{""lat"":37.583699,""lon"":126.886697,""alt"":305},""targetSpeed"":51.4,""seq"":9}","{""phase"":""G"",""startLLA"":{""lat"":37.583699,""lon"":126.886697,""alt"":305},""endLLA"":{""lat"":37.586283,""lon"":126.886304,""alt"":288.16},""targetSpeed"":36,""seq"":10}","{""phase"":""G"",""startLLA"":{""lat"":37.586283,""lon"":126.886304,""alt"":288.16},""endLLA"":{""lat"":37.60526,""lon"":126.914121,""alt"":100},""targetSpeed"":36,""seq"":11}","{""phase"":""I"",""startLLA"":{""lat"":37.60526,""lon"":126.914121,""alt"":100},""endLLA"":{""lat"":37.611145,""lon"":126.922747,""alt"":15},""targetSpeed"":30,""seq"":12}","{""phase"":""J"",""startLLA"":{""lat"":37.611145,""lon"":126.922747,""alt"":15},""endLLA"":{""lat"":37.611145,""lon"":126.922747,""alt"":0},""targetSpeed"":10,""seq"":13}","{""phase"":""K"",""startLLA"":{""lat"":37.611145,""lon"":126.922747,""alt"":0},""endLLA"":{""lat"":37.611145,""lon"":126.922747,""alt"":0},""targetSpeed"":3,""seq"":14}",,,,,,,
d2d2f5e06492,2026-06-20,FPL0805011,UAM0001,a2,2,2,1,사당,사당,목동,목동,18,G2,F1,G2,F1,18:00:40,18:07:56,18:14:52,18:21:20,18:31:20,436.86,415.35,388.28,1240.49,80.06,143.94,ready,사당 > 180고지 > 영등포 > 목동,11.0358,11,"{""phase"":""A"",""startLLA"":{""lat"":37.475767,""lon"":126.982185,""alt"":0},""endLLA"":{""lat"":37.475767,""lon"":126.982185,""alt"":0},""targetSpeed"":3,""seq"":1}","{""phase"":""B"",""startLLA"":{""lat"":37.475767,""lon"":126.982185,""alt"":0},""endLLA"":{""lat"":37.475767,""lon"":126.982185,""alt"":15},""targetSpeed"":10,""seq"":2}","{""phase"":""C"",""startLLA"":{""lat"":37.475767,""lon"":126.982185,""alt"":15},""endLLA"":{""lat"":37.480648,""lon"":126.970006,""alt"":100},""targetSpeed"":36,""seq"":3}","{""phase"":""E"",""startLLA"":{""lat"":37.480648,""lon"":126.970006,""alt"":100},""endLLA"":{""lat"":37.492877,""lon"":126.93949,""alt"":275.46},""targetSpeed"":51.4,""seq"":4}","{""phase"":""E"",""startLLA"":{""lat"":37.492877,""lon"":126.93949,""alt"":275.46},""endLLA"":{""lat"":37.495964,""lon"":126.935246,""alt"":305},""targetSpeed"":51.4,""seq"":5}","{""phase"":""F"",""startLLA"":{""lat"":37.495964,""lon"":126.935246,""alt"":305},""endLLA"":{""lat"":37.506735,""lon"":126.920442,""alt"":305},""targetSpeed"":51.4,""seq"":6}","{""phase"":""G"",""startLLA"":{""lat"":37.506735,""lon"":126.920442,""alt"":305},""endLLA"":{""lat"":37.515965,""lon"":126.907756,""alt"":216.68},""targetSpeed"":36,""seq"":7}","{""phase"":""G"",""startLLA"":{""lat"":37.515965,""lon"":126.907756,""alt"":216.68},""endLLA"":{""lat"":37.522883,""lon"":126.886749,""alt"":100},""targetSpeed"":36,""seq"":8}","{""phase"":""I"",""startLLA"":{""lat"":37.522883,""lon"":126.886749,""alt"":100},""endLLA"":{""lat"":37.526343,""lon"":126.876243,""alt"":15},""targetSpeed"":30,""seq"":9}","{""phase"":""J"",""startLLA"":{""lat"":37.526343,""lon"":126.876243,""alt"":15},""endLLA"":{""lat"":37.526343,""lon"":126.876243,""alt"":0},""targetSpeed"":10,""seq"":10}","{""phase"":""K"",""startLLA"":{""lat"":37.526343,""lon"":126.876243,""alt"":0},""endLLA"":{""lat"":37.526343,""lon"":126.876243,""alt"":0},""targetSpeed"":3,""seq"":11}",,,,,,,,,,
d2d2f5e06492,2026-06-20,FPL0815009,UAM0020,a2,2,2,1,사당,사당,마곡,마곡,18,G1,F2,G6,F1,18:00:00,18:06:56,18:31:32,18:38:30,18:48:30,416.91,1475.69,418.28,2310.89,50.06,1000.4,ready,사당 > 180고지 > 영등포 > 목동교 > 염창교 > 가양대교 남단 > 마곡,21.5149,14,"{""phase"":""A"",""startLLA"":{""lat"":37.475767,""lon"":126.982185,""alt"":0},""endLLA"":{""lat"":37.475767,""lon"":126.982185,""alt"":0},""targetSpeed"":3,""seq"":1}","{""phase"":""B"",""startLLA"":{""lat"":37.475767,""lon"":126.982185,""alt"":0},""endLLA"":{""lat"":37.475767,""lon"":126.982185,""alt"":15},""targetSpeed"":10,""seq"":2}","{""phase"":""C"",""startLLA"":{""lat"":37.475767,""lon"":126.982185,""alt"":15},""endLLA"":{""lat"":37.480646,""lon"":126.97001,""alt"":100},""targetSpeed"":36,""seq"":3}","{""phase"":""E"",""startLLA"":{""lat"":37.480646,""lon"":126.97001,""alt"":100},""endLLA"":{""lat"":37.492877,""lon"":126.93949,""alt"":275.53},""targetSpeed"":51.4,""seq"":4}","{""phase"":""E"",""startLLA"":{""lat"":37.492877,""lon"":126.93949,""alt"":275.53},""endLLA"":{""lat"":37.495955,""lon"":126.935259,""alt"":305},""targetSpeed"":51.4,""seq"":5}","{""phase"":""F"",""startLLA"":{""lat"":37.495955,""lon"":126.935259,""alt"":305},""endLLA"":{""lat"":37.515965,""lon"":126.907756,""alt"":305},""targetSpeed"":51.4,""seq"":6}","{""phase"":""F"",""startLLA"":{""lat"":37.515965,""lon"":126.907756,""alt"":305},""endLLA"":{""lat"":37.530667,""lon"":126.888262,""alt"":305},""targetSpeed"":51.4,""seq"":7}","{""phase"":""F"",""startLLA"":{""lat"":37.530667,""lon"":126.888262,""alt"":305},""endLLA"":{""lat"":37.553824,""lon"":126.875819,""alt"":305},""targetSpeed"":51.4,""seq"":8}","{""phase"":""F"",""startLLA"":{""lat"":37.553824,""lon"":126.875819,""alt"":305},""endLLA"":{""lat"":37.569391,""lon"":126.861026,""alt"":305},""targetSpeed"":51.4,""seq"":9}","{""phase"":""F"",""startLLA"":{""lat"":37.569391,""lon"":126.861026,""alt"":305},""endLLA"":{""lat"":37.567855,""lon"":126.842869,""alt"":305},""targetSpeed"":51.4,""seq"":10}","{""phase"":""G"",""startLLA"":{""lat"":37.567855,""lon"":126.842869,""alt"":305},""endLLA"":{""lat"":37.564492,""lon"":126.803119,""alt"":100},""targetSpeed"":36,""seq"":11}","{""phase"":""I"",""startLLA"":{""lat"":37.564492,""lon"":126.803119,""alt"":100},""endLLA"":{""lat"":37.563535,""lon"":126.791805,""alt"":15},""targetSpeed"":30,""seq"":12}","{""phase"":""J"",""startLLA"":{""lat"":37.563535,""lon"":126.791805,""alt"":15},""endLLA"":{""lat"":37.563535,""lon"":126.791805,""alt"":0},""targetSpeed"":10,""seq"":13}","{""phase"":""K"",""startLLA"":{""lat"":37.563535,""lon"":126.791805,""alt"":0},""endLLA"":{""lat"":37.563535,""lon"":126.791805,""alt"":0},""targetSpeed"":3,""seq"":14}",,,,,,,
d2d2f5e06492,2026-06-20,FPL0812009,UAM0033,a2,2,1,0.5,사당,사당,광화문,광화문,18,G4,F2,G1,F1,18:00:40,18:12:25,18:19:55,18:25:54,18:35:54,705.43,450.47,358.28,1514.18,288.63,0,ready,사당 > 180고지 > 영등포 > 선유도 17고지 > 성산대교 중간지점 > 홍대입구 > 광화문,20.239,14,"{""phase"":""A"",""startLLA"":{""lat"":37.475767,""lon"":126.982185,""alt"":0},""endLLA"":{""lat"":37.475767,""lon"":126.982185,""alt"":0},""targetSpeed"":3,""seq"":1}","{""phase"":""B"",""startLLA"":{""lat"":37.475767,""lon"":126.982185,""alt"":0},""endLLA"":{""lat"":37.475767,""lon"":126.982185,""alt"":15},""targetSpeed"":10,""seq"":2}","{""phase"":""C"",""startLLA"":{""lat"":37.475767,""lon"":126.982185,""alt"":15},""endLLA"":{""lat"":37.480587,""lon"":126.970158,""alt"":100},""targetSpeed"":36,""seq"":3}","{""phase"":""E"",""startLLA"":{""lat"":37.480587,""lon"":126.970158,""alt"":100},""endLLA"":{""lat"":37.492877,""lon"":126.93949,""alt"":278.55},""targetSpeed"":51.4,""seq"":4}","{""phase"":""E"",""startLLA"":{""lat"":37.492877,""lon"":126.93949,""alt"":278.55},""endLLA"":{""lat"":37.495606,""lon"":126.935739,""alt"":305},""targetSpeed"":51.4,""seq"":5}","{""phase"":""F"",""startLLA"":{""lat"":37.495606,""lon"":126.935739,""alt"":305},""endLLA"":{""lat"":37.515965,""lon"":126.907756,""alt"":305},""targetSpeed"":51.4,""seq"":6}","{""phase"":""F"",""startLLA"":{""lat"":37.515965,""lon"":126.907756,""alt"":305},""endLLA"":{""lat"":37.542307,""lon"":126.90249,""alt"":305},""targetSpeed"":51.4,""seq"":7}","{""phase"":""F"",""startLLA"":{""lat"":37.542307,""lon"":126.90249,""alt"":305},""endLLA"":{""lat"":37.552574,""lon"":126.891431,""alt"":305},""targetSpeed"":51.4,""seq"":8}","{""phase"":""F"",""startLLA"":{""lat"":37.552574,""lon"":126.891431,""alt"":305},""endLLA"":{""lat"":37.556786,""lon"":126.923706,""alt"":305},""targetSpeed"":51.4,""seq"":9}","{""phase"":""F"",""startLLA"":{""lat"":37.556786,""lon"":126.923706,""alt"":305},""endLLA"":{""lat"":37.557137,""lon"":126.925138,""alt"":305},""targetSpeed"":51.4,""seq"":10}","{""phase"":""G"",""startLLA"":{""lat"":37.557137,""lon"":126.925138,""alt"":305},""endLLA"":{""lat"":37.566379,""lon"":126.962865,""alt"":100},""targetSpeed"":36,""seq"":11}","{""phase"":""I"",""startLLA"":{""lat"":37.566379,""lon"":126.962865,""alt"":100},""endLLA"":{""lat"":37.56901,""lon"":126.973604,""alt"":15},""targetSpeed"":30,""seq"":12}","{""phase"":""J"",""startLLA"":{""lat"":37.56901,""lon"":126.973604,""alt"":15},""endLLA"":{""lat"":37.56901,""lon"":126.973604,""alt"":0},""targetSpeed"":10,""seq"":13}","{""phase"":""K"",""startLLA"":{""lat"":37.56901,""lon"":126.973604,""alt"":0},""endLLA"":{""lat"":37.56901,""lon"":126.973604,""alt"":0},""targetSpeed"":3,""seq"":14}",,,,,,,
d2d2f5e06492,2026-06-20,FPL0816007,UAM0038,a2,2,1,0.5,사당,사당,망우,망우,18,G5,F1,G8,F2,18:00:40,18:13:25,19:18:52,19:24:59,19:34:59,765.43,3927.09,366.57,5059.08,348.63,1121.28,ready,사당 > 경부고속도로 양재천 다리 > 대치교 > 청담대교 중간지점 > 건대입구 > 망우,20.4833,13,"{""phase"":""A"",""startLLA"":{""lat"":37.475767,""lon"":126.982185,""alt"":0},""endLLA"":{""lat"":37.475767,""lon"":126.982185,""alt"":0},""targetSpeed"":3,""seq"":1}","{""phase"":""B"",""startLLA"":{""lat"":37.475767,""lon"":126.982185,""alt"":0},""endLLA"":{""lat"":37.475767,""lon"":126.982185,""alt"":15},""targetSpeed"":10,""seq"":2}","{""phase"":""C"",""startLLA"":{""lat"":37.475767,""lon"":126.982185,""alt"":15},""endLLA"":{""lat"":37.474631,""lon"":126.99575,""alt"":100},""targetSpeed"":36,""seq"":3}","{""phase"":""E"",""startLLA"":{""lat"":37.474631,""lon"":126.99575,""alt"":100},""endLLA"":{""lat"":37.471593,""lon"":127.032031,""alt"":287.28},""targetSpeed"":51.4,""seq"":4}","{""phase"":""E"",""startLLA"":{""lat"":37.471593,""lon"":127.032031,""alt"":287.28},""endLLA"":{""lat"":37.473287,""lon"":127.034744,""alt"":305},""targetSpeed"":51.4,""seq"":5}","{""phase"":""F"",""startLLA"":{""lat"":37.473287,""lon"":127.034744,""alt"":305},""endLLA"":{""lat"":37.497702,""lon"":127.073855,""alt"":305},""targetSpeed"":51.4,""seq"":6}","{""phase"":""F"",""startLLA"":{""lat"":37.497702,""lon"":127.073855,""alt"":305},""endLLA"":{""lat"":37.526451,""lon"":127.064361,""alt"":305},""targetSpeed"":51.4,""seq"":7}","{""phase"":""F"",""startLLA"":{""lat"":37.526451,""lon"":127.064361,""alt"":305},""endLLA"":{""lat"":37.540426,""lon"":127.069298,""alt"":305},""targetSpeed"":51.4,""seq"":8}","{""phase"":""F"",""startLLA"":{""lat"":37.540426,""lon"":127.069298,""alt"":305},""endLLA"":{""lat"":37.557141,""lon"":127.073901,""alt"":305},""targetSpeed"":51.4,""seq"":9}","{""phase"":""G"",""startLLA"":{""lat"":37.557141,""lon"":127.073901,""alt"":305},""endLLA"":{""lat"":37.588105,""lon"":127.082427,""alt"":100},""targetSpeed"":36,""seq"":10}","{""phase"":""I"",""startLLA"":{""lat"":37.588105,""lon"":127.082427,""alt"":100},""endLLA"":{""lat"":37.596919,""lon"":127.084854,""alt"":15},""targetSpeed"":30,""seq"":11}","{""phase"":""J"",""startLLA"":{""lat"":37.596919,""lon"":127.084854,""alt"":15},""endLLA"":{""lat"":37.596919,""lon"":127.084854,""alt"":0},""targetSpeed"":10,""seq"":12}","{""phase"":""K"",""startLLA"":{""lat"":37.596919,""lon"":127.084854,""alt"":0},""endLLA"":{""lat"":37.596919,""lon"":127.084854,""alt"":0},""targetSpeed"":3,""seq"":13}",,,,,,,,
d2d2f5e06492,2026-06-20,FPL0806004,UAM0051,a2,2,1,0.5,사당,사당,미아,미아,18,G8,F2,G1,F1,18:00:00,18:17:54,18:27:41,18:33:39,18:43:39,1074.05,587.08,358.28,2019.41,707.2,0,ready,사당 > 경부고속도로 양재천 다리 > 대치교 > 청담대교 중간지점 > 건대입구 > 중랑천 제방길 > 상봉 > 월릉교 > 미아,27.2607,16,"{""phase"":""A"",""startLLA"":{""lat"":37.475767,""lon"":126.982185,""alt"":0},""endLLA"":{""lat"":37.475767,""lon"":126.982185,""alt"":0},""targetSpeed"":3,""seq"":1}","{""phase"":""B"",""startLLA"":{""lat"":37.475767,""lon"":126.982185,""alt"":0},""endLLA"":{""lat"":37.475767,""lon"":126.982185,""alt"":15},""targetSpeed"":10,""seq"":2}","{""phase"":""C"",""startLLA"":{""lat"":37.475767,""lon"":126.982185,""alt"":15},""endLLA"":{""lat"":37.474631,""lon"":126.995747,""alt"":100},""targetSpeed"":36,""seq"":3}","{""phase"":""E"",""startLLA"":{""lat"":37.474631,""lon"":126.995747,""alt"":100},""endLLA"":{""lat"":37.471593,""lon"":127.032031,""alt"":287.34},""targetSpeed"":51.4,""seq"":4}","{""phase"":""E"",""startLLA"":{""lat"":37.471593,""lon"":127.032031,""alt"":287.34},""endLLA"":{""lat"":37.47328,""lon"":127.034734,""alt"":305},""targetSpeed"":51.4,""seq"":5}","{""phase"":""F"",""startLLA"":{""lat"":37.47328,""lon"":127.034734,""alt"":305},""endLLA"":{""lat"":37.497702,""lon"":127.073855,""alt"":305},""targetSpeed"":51.4,""seq"":6}","{""phase"":""F"",""startLLA"":{""lat"":37.497702,""lon"":127.073855,""alt"":305},""endLLA"":{""lat"":37.526451,""lon"":127.064361,""alt"":305},""targetSpeed"":51.4,""seq"":7}","{""phase"":""F"",""startLLA"":{""lat"":37.526451,""lon"":127.064361,""alt"":305},""endLLA"":{""lat"":37.540426,""lon"":127.069298,""alt"":305},""targetSpeed"":51.4,""seq"":8}","{""phase"":""F"",""startLLA"":{""lat"":37.540426,""lon"":127.069298,""alt"":305},""endLLA"":{""lat"":37.580774,""lon"":127.077387,""alt"":305},""targetSpeed"":51.4,""seq"":9}","{""phase"":""F"",""startLLA"":{""lat"":37.580774,""lon"":127.077387,""alt"":305},""endLLA"":{""lat"":37.596919,""lon"":127.084854,""alt"":305},""targetSpeed"":51.4,""seq"":10}","{""phase"":""F"",""startLLA"":{""lat"":37.596919,""lon"":127.084854,""alt"":305},""endLLA"":{""lat"":37.614356,""lon"":127.072723,""alt"":305},""targetSpeed"":51.4,""seq"":11}","{""phase"":""G"",""startLLA"":{""lat"":37.614356,""lon"":127.072723,""alt"":305},""endLLA"":{""lat"":37.616266,""lon"":127.071394,""alt"":290.89},""targetSpeed"":36,""seq"":12}","{""phase"":""G"",""startLLA"":{""lat"":37.616266,""lon"":127.071394,""alt"":290.89},""endLLA"":{""lat"":37.626943,""lon"":127.036668,""alt"":100},""targetSpeed"":36,""seq"":13}","{""phase"":""I"",""startLLA"":{""lat"":37.626943,""lon"":127.036668,""alt"":100},""endLLA"":{""lat"":37.630207,""lon"":127.026053,""alt"":15},""targetSpeed"":30,""seq"":14}","{""phase"":""J"",""startLLA"":{""lat"":37.630207,""lon"":127.026053,""alt"":15},""endLLA"":{""lat"":37.630207,""lon"":127.026053,""alt"":0},""targetSpeed"":10,""seq"":15}","{""phase"":""K"",""startLLA"":{""lat"":37.630207,""lon"":127.026053,""alt"":0},""endLLA"":{""lat"":37.630207,""lon"":127.026053,""alt"":0},""targetSpeed"":3,""seq"":16}",,,,,
d2d2f5e06492,2026-06-20,FPL0811008,UAM0050,a2,2,1,0.5,사당,사당,천호,천호,18,G7,F1,G1,F1,18:07:44,18:18:54,18:25:46,18:31:44,18:41:44,670.05,411.98,358.28,1440.32,273.2,0,ready,사당 > 경부고속도로 양재천 다리 > 대치교 > 청담대교 중간지점 > 잠실대교 중간지점 > 천호,18.2608,13,"{""phase"":""A"",""startLLA"":{""lat"":37.475767,""lon"":126.982185,""alt"":0},""endLLA"":{""lat"":37.475767,""lon"":126.982185,""alt"":0},""targetSpeed"":3,""seq"":1}","{""phase"":""B"",""startLLA"":{""lat"":37.475767,""lon"":126.982185,""alt"":0},""endLLA"":{""lat"":37.475767,""lon"":126.982185,""alt"":15},""targetSpeed"":10,""seq"":2}","{""phase"":""C"",""startLLA"":{""lat"":37.475767,""lon"":126.982185,""alt"":15},""endLLA"":{""lat"":37.474631,""lon"":126.995751,""alt"":100},""targetSpeed"":36,""seq"":3}","{""phase"":""E"",""startLLA"":{""lat"":37.474631,""lon"":126.995751,""alt"":100},""endLLA"":{""lat"":37.471593,""lon"":127.032031,""alt"":287.26},""targetSpeed"":51.4,""seq"":4}","{""phase"":""E"",""startLLA"":{""lat"":37.471593,""lon"":127.032031,""alt"":287.26},""endLLA"":{""lat"":37.473289,""lon"":127.034748,""alt"":305},""targetSpeed"":51.4,""seq"":5}","{""phase"":""F"",""startLLA"":{""lat"":37.473289,""lon"":127.034748,""alt"":305},""endLLA"":{""lat"":37.497702,""lon"":127.073855,""alt"":305},""targetSpeed"":51.4,""seq"":6}","{""phase"":""F"",""startLLA"":{""lat"":37.497702,""lon"":127.073855,""alt"":305},""endLLA"":{""lat"":37.526451,""lon"":127.064361,""alt"":305},""targetSpeed"":51.4,""seq"":7}","{""phase"":""F"",""startLLA"":{""lat"":37.526451,""lon"":127.064361,""alt"":305},""endLLA"":{""lat"":37.525291,""lon"":127.078991,""alt"":305},""targetSpeed"":51.4,""seq"":8}","{""phase"":""G"",""startLLA"":{""lat"":37.525291,""lon"":127.078991,""alt"":305},""endLLA"":{""lat"":37.524288,""lon"":127.091639,""alt"":239.8},""targetSpeed"":36,""seq"":9}","{""phase"":""G"",""startLLA"":{""lat"":37.524288,""lon"":127.091639,""alt"":239.8},""endLLA"":{""lat"":37.539418,""lon"":127.111105,""alt"":100},""targetSpeed"":36,""seq"":10}","{""phase"":""I"",""startLLA"":{""lat"":37.539418,""lon"":127.111105,""alt"":100},""endLLA"":{""lat"":37.545733,""lon"":127.11923,""alt"":15},""targetSpeed"":30,""seq"":11}","{""phase"":""J"",""startLLA"":{""lat"":37.545733,""lon"":127.11923,""alt"":15},""endLLA"":{""lat"":37.545733,""lon"":127.11923,""alt"":0},""targetSpeed"":10,""seq"":12}","{""phase"":""K"",""startLLA"":{""lat"":37.545733,""lon"":127.11923,""alt"":0},""endLLA"":{""lat"":37.545733,""lon"":127.11923,""alt"":0},""targetSpeed"":3,""seq"":13}",,,,,,,,
d2d2f5e06492,2026-06-20,FPL0815010,UAM0013,a2,2,2,1,사당,사당,마곡,마곡,19,G3,F1,G7,F2,19:00:00,19:07:06,19:27:49,19:34:18,19:44:18,426.86,1242.88,388.28,2058.02,0,767.59,ready,사당 > 180고지 > 영등포 > 목동교 > 염창교 > 가양대교 남단 > 마곡,21.5149,14,"{""phase"":""A"",""startLLA"":{""lat"":37.475767,""lon"":126.982185,""alt"":0},""endLLA"":{""lat"":37.475767,""lon"":126.982185,""alt"":0},""targetSpeed"":3,""seq"":1}","{""phase"":""B"",""startLLA"":{""lat"":37.475767,""lon"":126.982185,""alt"":0},""endLLA"":{""lat"":37.475767,""lon"":126.982185,""alt"":15},""targetSpeed"":10,""seq"":2}","{""phase"":""C"",""startLLA"":{""lat"":37.475767,""lon"":126.982185,""alt"":15},""endLLA"":{""lat"":37.480646,""lon"":126.97001,""alt"":100},""targetSpeed"":36,""seq"":3}","{""phase"":""E"",""startLLA"":{""lat"":37.480646,""lon"":126.97001,""alt"":100},""endLLA"":{""lat"":37.492877,""lon"":126.93949,""alt"":275.53},""targetSpeed"":51.4,""seq"":4}","{""phase"":""E"",""startLLA"":{""lat"":37.492877,""lon"":126.93949,""alt"":275.53},""endLLA"":{""lat"":37.495955,""lon"":126.935259,""alt"":305},""targetSpeed"":51.4,""seq"":5}","{""phase"":""F"",""startLLA"":{""lat"":37.495955,""lon"":126.935259,""alt"":305},""endLLA"":{""lat"":37.515965,""lon"":126.907756,""alt"":305},""targetSpeed"":51.4,""seq"":6}","{""phase"":""F"",""startLLA"":{""lat"":37.515965,""lon"":126.907756,""alt"":305},""endLLA"":{""lat"":37.530667,""lon"":126.888262,""alt"":305},""targetSpeed"":51.4,""seq"":7}","{""phase"":""F"",""startLLA"":{""lat"":37.530667,""lon"":126.888262,""alt"":305},""endLLA"":{""lat"":37.553824,""lon"":126.875819,""alt"":305},""targetSpeed"":51.4,""seq"":8}","{""phase"":""F"",""startLLA"":{""lat"":37.553824,""lon"":126.875819,""alt"":305},""endLLA"":{""lat"":37.569391,""lon"":126.861026,""alt"":305},""targetSpeed"":51.4,""seq"":9}","{""phase"":""F"",""startLLA"":{""lat"":37.569391,""lon"":126.861026,""alt"":305},""endLLA"":{""lat"":37.567855,""lon"":126.842869,""alt"":305},""targetSpeed"":51.4,""seq"":10}","{""phase"":""G"",""startLLA"":{""lat"":37.567855,""lon"":126.842869,""alt"":305},""endLLA"":{""lat"":37.564492,""lon"":126.803119,""alt"":100},""targetSpeed"":36,""seq"":11}","{""phase"":""I"",""startLLA"":{""lat"":37.564492,""lon"":126.803119,""alt"":100},""endLLA"":{""lat"":37.563535,""lon"":126.791805,""alt"":15},""targetSpeed"":30,""seq"":12}","{""phase"":""J"",""startLLA"":{""lat"":37.563535,""lon"":126.791805,""alt"":15},""endLLA"":{""lat"":37.563535,""lon"":126.791805,""alt"":0},""targetSpeed"":10,""seq"":13}","{""phase"":""K"",""startLLA"":{""lat"":37.563535,""lon"":126.791805,""alt"":0},""endLLA"":{""lat"":37.563535,""lon"":126.791805,""alt"":0},""targetSpeed"":3,""seq"":14}",,,,,,,
d2d2f5e06492,2026-06-20,FPL0812010,UAM0031,a2,2,1,0.5,사당,사당,광화문,광화문,19,G1,F2,G1,F2,19:00:00,19:06:06,19:13:37,19:19:35,19:29:35,366.86,450.47,358.28,1175.61,0,0,ready,사당 > 180고지 > 영등포 > 선유도 17고지 > 성산대교 중간지점 > 홍대입구 > 광화문,20.239,14,"{""phase"":""A"",""startLLA"":{""lat"":37.475767,""lon"":126.982185,""alt"":0},""endLLA"":{""lat"":37.475767,""lon"":126.982185,""alt"":0},""targetSpeed"":3,""seq"":1}","{""phase"":""B"",""startLLA"":{""lat"":37.475767,""lon"":126.982185,""alt"":0},""endLLA"":{""lat"":37.475767,""lon"":126.982185,""alt"":15},""targetSpeed"":10,""seq"":2}","{""phase"":""C"",""startLLA"":{""lat"":37.475767,""lon"":126.982185,""alt"":15},""endLLA"":{""lat"":37.480587,""lon"":126.970158,""alt"":100},""targetSpeed"":36,""seq"":3}","{""phase"":""E"",""startLLA"":{""lat"":37.480587,""lon"":126.970158,""alt"":100},""endLLA"":{""lat"":37.492877,""lon"":126.93949,""alt"":278.55},""targetSpeed"":51.4,""seq"":4}","{""phase"":""E"",""startLLA"":{""lat"":37.492877,""lon"":126.93949,""alt"":278.55},""endLLA"":{""lat"":37.495606,""lon"":126.935739,""alt"":305},""targetSpeed"":51.4,""seq"":5}","{""phase"":""F"",""startLLA"":{""lat"":37.495606,""lon"":126.935739,""alt"":305},""endLLA"":{""lat"":37.515965,""lon"":126.907756,""alt"":305},""targetSpeed"":51.4,""seq"":6}","{""phase"":""F"",""startLLA"":{""lat"":37.515965,""lon"":126.907756,""alt"":305},""endLLA"":{""lat"":37.542307,""lon"":126.90249,""alt"":305},""targetSpeed"":51.4,""seq"":7}","{""phase"":""F"",""startLLA"":{""lat"":37.542307,""lon"":126.90249,""alt"":305},""endLLA"":{""lat"":37.552574,""lon"":126.891431,""alt"":305},""targetSpeed"":51.4,""seq"":8}","{""phase"":""F"",""startLLA"":{""lat"":37.552574,""lon"":126.891431,""alt"":305},""endLLA"":{""lat"":37.556786,""lon"":126.923706,""alt"":305},""targetSpeed"":51.4,""seq"":9}","{""phase"":""F"",""startLLA"":{""lat"":37.556786,""lon"":126.923706,""alt"":305},""endLLA"":{""lat"":37.557137,""lon"":126.925138,""alt"":305},""targetSpeed"":51.4,""seq"":10}","{""phase"":""G"",""startLLA"":{""lat"":37.557137,""lon"":126.925138,""alt"":305},""endLLA"":{""lat"":37.566379,""lon"":126.962865,""alt"":100},""targetSpeed"":36,""seq"":11}","{""phase"":""I"",""startLLA"":{""lat"":37.566379,""lon"":126.962865,""alt"":100},""endLLA"":{""lat"":37.56901,""lon"":126.973604,""alt"":15},""targetSpeed"":30,""seq"":12}","{""phase"":""J"",""startLLA"":{""lat"":37.56901,""lon"":126.973604,""alt"":15},""endLLA"":{""lat"":37.56901,""lon"":126.973604,""alt"":0},""targetSpeed"":10,""seq"":13}","{""phase"":""K"",""startLLA"":{""lat"":37.56901,""lon"":126.973604,""alt"":0},""endLLA"":{""lat"":37.56901,""lon"":126.973604,""alt"":0},""targetSpeed"":3,""seq"":14}",,,,,,,
d2d2f5e06492,2026-06-20,FPL0806005,UAM0048,a2,2,1,0.5,사당,사당,미아,미아,19,G8,F2,G1,F1,19:00:00,19:11:35,19:21:22,19:27:20,19:37:20,695.43,587.08,358.28,1640.79,328.57,0,ready,사당 > 경부고속도로 양재천 다리 > 대치교 > 청담대교 중간지점 > 건대입구 > 중랑천 제방길 > 상봉 > 월릉교 > 미아,27.2607,16,"{""phase"":""A"",""startLLA"":{""lat"":37.475767,""lon"":126.982185,""alt"":0},""endLLA"":{""lat"":37.475767,""lon"":126.982185,""alt"":0},""targetSpeed"":3,""seq"":1}","{""phase"":""B"",""startLLA"":{""lat"":37.475767,""lon"":126.982185,""alt"":0},""endLLA"":{""lat"":37.475767,""lon"":126.982185,""alt"":15},""targetSpeed"":10,""seq"":2}","{""phase"":""C"",""startLLA"":{""lat"":37.475767,""lon"":126.982185,""alt"":15},""endLLA"":{""lat"":37.474631,""lon"":126.995747,""alt"":100},""targetSpeed"":36,""seq"":3}","{""phase"":""E"",""startLLA"":{""lat"":37.474631,""lon"":126.995747,""alt"":100},""endLLA"":{""lat"":37.471593,""lon"":127.032031,""alt"":287.34},""targetSpeed"":51.4,""seq"":4}","{""phase"":""E"",""startLLA"":{""lat"":37.471593,""lon"":127.032031,""alt"":287.34},""endLLA"":{""lat"":37.47328,""lon"":127.034734,""alt"":305},""targetSpeed"":51.4,""seq"":5}","{""phase"":""F"",""startLLA"":{""lat"":37.47328,""lon"":127.034734,""alt"":305},""endLLA"":{""lat"":37.497702,""lon"":127.073855,""alt"":305},""targetSpeed"":51.4,""seq"":6}","{""phase"":""F"",""startLLA"":{""lat"":37.497702,""lon"":127.073855,""alt"":305},""endLLA"":{""lat"":37.526451,""lon"":127.064361,""alt"":305},""targetSpeed"":51.4,""seq"":7}","{""phase"":""F"",""startLLA"":{""lat"":37.526451,""lon"":127.064361,""alt"":305},""endLLA"":{""lat"":37.540426,""lon"":127.069298,""alt"":305},""targetSpeed"":51.4,""seq"":8}","{""phase"":""F"",""startLLA"":{""lat"":37.540426,""lon"":127.069298,""alt"":305},""endLLA"":{""lat"":37.580774,""lon"":127.077387,""alt"":305},""targetSpeed"":51.4,""seq"":9}","{""phase"":""F"",""startLLA"":{""lat"":37.580774,""lon"":127.077387,""alt"":305},""endLLA"":{""lat"":37.596919,""lon"":127.084854,""alt"":305},""targetSpeed"":51.4,""seq"":10}","{""phase"":""F"",""startLLA"":{""lat"":37.596919,""lon"":127.084854,""alt"":305},""endLLA"":{""lat"":37.614356,""lon"":127.072723,""alt"":305},""targetSpeed"":51.4,""seq"":11}","{""phase"":""G"",""startLLA"":{""lat"":37.614356,""lon"":127.072723,""alt"":305},""endLLA"":{""lat"":37.616266,""lon"":127.071394,""alt"":290.89},""targetSpeed"":36,""seq"":12}","{""phase"":""G"",""startLLA"":{""lat"":37.616266,""lon"":127.071394,""alt"":290.89},""endLLA"":{""lat"":37.626943,""lon"":127.036668,""alt"":100},""targetSpeed"":36,""seq"":13}","{""phase"":""I"",""startLLA"":{""lat"":37.626943,""lon"":127.036668,""alt"":100},""endLLA"":{""lat"":37.630207,""lon"":127.026053,""alt"":15},""targetSpeed"":30,""seq"":14}","{""phase"":""J"",""startLLA"":{""lat"":37.630207,""lon"":127.026053,""alt"":15},""endLLA"":{""lat"":37.630207,""lon"":127.026053,""alt"":0},""targetSpeed"":10,""seq"":15}","{""phase"":""K"",""startLLA"":{""lat"":37.630207,""lon"":127.026053,""alt"":0},""endLLA"":{""lat"":37.630207,""lon"":127.026053,""alt"":0},""targetSpeed"":3,""seq"":16}",,,,,
d2d2f5e06492,2026-06-20,FPL0803004,UAM0053,a2,2,1,0.5,사당,사당,상암,상암,19,G2,F1,G8,F1,19:00:30,19:12:35,19:17:54,19:23:52,19:33:52,725.43,318.75,358.28,1402.46,358.57,0,ready,사당 > 180고지 > 영등포 > 선유도 17고지 > 상암,13.4688,12,"{""phase"":""A"",""startLLA"":{""lat"":37.475767,""lon"":126.982185,""alt"":0},""endLLA"":{""lat"":37.475767,""lon"":126.982185,""alt"":0},""targetSpeed"":3,""seq"":1}","{""phase"":""B"",""startLLA"":{""lat"":37.475767,""lon"":126.982185,""alt"":0},""endLLA"":{""lat"":37.475767,""lon"":126.982185,""alt"":15},""targetSpeed"":10,""seq"":2}","{""phase"":""C"",""startLLA"":{""lat"":37.475767,""lon"":126.982185,""alt"":15},""endLLA"":{""lat"":37.480647,""lon"":126.970008,""alt"":100},""targetSpeed"":36,""seq"":3}","{""phase"":""E"",""startLLA"":{""lat"":37.480647,""lon"":126.970008,""alt"":100},""endLLA"":{""lat"":37.492877,""lon"":126.93949,""alt"":275.49},""targetSpeed"":51.4,""seq"":4}","{""phase"":""E"",""startLLA"":{""lat"":37.492877,""lon"":126.93949,""alt"":275.49},""endLLA"":{""lat"":37.495961,""lon"":126.935252,""alt"":305},""targetSpeed"":51.4,""seq"":5}","{""phase"":""F"",""startLLA"":{""lat"":37.495961,""lon"":126.935252,""alt"":305},""endLLA"":{""lat"":37.515965,""lon"":126.907756,""alt"":305},""targetSpeed"":51.4,""seq"":6}","{""phase"":""F"",""startLLA"":{""lat"":37.515965,""lon"":126.907756,""alt"":305},""endLLA"":{""lat"":37.524062,""lon"":126.906137,""alt"":305},""targetSpeed"":51.4,""seq"":7}","{""phase"":""G"",""startLLA"":{""lat"":37.524062,""lon"":126.906137,""alt"":305},""endLLA"":{""lat"":37.542307,""lon"":126.90249,""alt"":185.51},""targetSpeed"":36,""seq"":8}","{""phase"":""G"",""startLLA"":{""lat"":37.542307,""lon"":126.90249,""alt"":185.51},""endLLA"":{""lat"":37.55418,""lon"":126.895159,""alt"":100},""targetSpeed"":36,""seq"":9}","{""phase"":""I"",""startLLA"":{""lat"":37.55418,""lon"":126.895159,""alt"":100},""endLLA"":{""lat"":37.562282,""lon"":126.890156,""alt"":15},""targetSpeed"":30,""seq"":10}","{""phase"":""J"",""startLLA"":{""lat"":37.562282,""lon"":126.890156,""alt"":15},""endLLA"":{""lat"":37.562282,""lon"":126.890156,""alt"":0},""targetSpeed"":10,""seq"":11}","{""phase"":""K"",""startLLA"":{""lat"":37.562282,""lon"":126.890156,""alt"":0},""endLLA"":{""lat"":37.562282,""lon"":126.890156,""alt"":0},""targetSpeed"":3,""seq"":12}",,,,,,,,,
d2d2f5e06492,2026-06-20,FPL0811009,UAM0037,a2,2,1,0.5,사당,사당,천호,천호,19,G7,F2,G3,F1,19:06:09,19:17:03,19:26:08,19:33:06,19:43:06,655,544.04,418.28,1617.32,258.14,132.06,ready,사당 > 경부고속도로 양재천 다리 > 대치교 > 청담대교 중간지점 > 잠실대교 중간지점 > 천호,18.2608,13,"{""phase"":""A"",""startLLA"":{""lat"":37.475767,""lon"":126.982185,""alt"":0},""endLLA"":{""lat"":37.475767,""lon"":126.982185,""alt"":0},""targetSpeed"":3,""seq"":1}","{""phase"":""B"",""startLLA"":{""lat"":37.475767,""lon"":126.982185,""alt"":0},""endLLA"":{""lat"":37.475767,""lon"":126.982185,""alt"":15},""targetSpeed"":10,""seq"":2}","{""phase"":""C"",""startLLA"":{""lat"":37.475767,""lon"":126.982185,""alt"":15},""endLLA"":{""lat"":37.474631,""lon"":126.995751,""alt"":100},""targetSpeed"":36,""seq"":3}","{""phase"":""E"",""startLLA"":{""lat"":37.474631,""lon"":126.995751,""alt"":100},""endLLA"":{""lat"":37.471593,""lon"":127.032031,""alt"":287.26},""targetSpeed"":51.4,""seq"":4}","{""phase"":""E"",""startLLA"":{""lat"":37.471593,""lon"":127.032031,""alt"":287.26},""endLLA"":{""lat"":37.473289,""lon"":127.034748,""alt"":305},""targetSpeed"":51.4,""seq"":5}","{""phase"":""F"",""startLLA"":{""lat"":37.473289,""lon"":127.034748,""alt"":305},""endLLA"":{""lat"":37.497702,""lon"":127.073855,""alt"":305},""targetSpeed"":51.4,""seq"":6}","{""phase"":""F"",""startLLA"":{""lat"":37.497702,""lon"":127.073855,""alt"":305},""endLLA"":{""lat"":37.526451,""lon"":127.064361,""alt"":305},""targetSpeed"":51.4,""seq"":7}","{""phase"":""F"",""startLLA"":{""lat"":37.526451,""lon"":127.064361,""alt"":305},""endLLA"":{""lat"":37.525291,""lon"":127.078991,""alt"":305},""targetSpeed"":51.4,""seq"":8}","{""phase"":""G"",""startLLA"":{""lat"":37.525291,""lon"":127.078991,""alt"":305},""endLLA"":{""lat"":37.524288,""lon"":127.091639,""alt"":239.8},""targetSpeed"":36,""seq"":9}","{""phase"":""G"",""startLLA"":{""lat"":37.524288,""lon"":127.091639,""alt"":239.8},""endLLA"":{""lat"":37.539418,""lon"":127.111105,""alt"":100},""targetSpeed"":36,""seq"":10}","{""phase"":""I"",""startLLA"":{""lat"":37.539418,""lon"":127.111105,""alt"":100},""endLLA"":{""lat"":37.545733,""lon"":127.11923,""alt"":15},""targetSpeed"":30,""seq"":11}","{""phase"":""J"",""startLLA"":{""lat"":37.545733,""lon"":127.11923,""alt"":15},""endLLA"":{""lat"":37.545733,""lon"":127.11923,""alt"":0},""targetSpeed"":10,""seq"":12}","{""phase"":""K"",""startLLA"":{""lat"":37.545733,""lon"":127.11923,""alt"":0},""endLLA"":{""lat"":37.545733,""lon"":127.11923,""alt"":0},""targetSpeed"":3,""seq"":13}",,,,,,,,
d2d2f5e06492,2026-06-20,FPL0811010,UAM0058,a2,2,2,1,사당,사당,천호,천호,20,G8,F1,G8,F2,20:00:00,20:06:06,20:12:58,20:18:57,20:28:57,366.86,411.98,358.28,1137.12,0,0,ready,사당 > 경부고속도로 양재천 다리 > 대치교 > 청담대교 중간지점 > 잠실대교 중간지점 > 천호,18.2608,13,"{""phase"":""A"",""startLLA"":{""lat"":37.475767,""lon"":126.982185,""alt"":0},""endLLA"":{""lat"":37.475767,""lon"":126.982185,""alt"":0},""targetSpeed"":3,""seq"":1}","{""phase"":""B"",""startLLA"":{""lat"":37.475767,""lon"":126.982185,""alt"":0},""endLLA"":{""lat"":37.475767,""lon"":126.982185,""alt"":15},""targetSpeed"":10,""seq"":2}","{""phase"":""C"",""startLLA"":{""lat"":37.475767,""lon"":126.982185,""alt"":15},""endLLA"":{""lat"":37.474631,""lon"":126.995751,""alt"":100},""targetSpeed"":36,""seq"":3}","{""phase"":""E"",""startLLA"":{""lat"":37.474631,""lon"":126.995751,""alt"":100},""endLLA"":{""lat"":37.471593,""lon"":127.032031,""alt"":287.26},""targetSpeed"":51.4,""seq"":4}","{""phase"":""E"",""startLLA"":{""lat"":37.471593,""lon"":127.032031,""alt"":287.26},""endLLA"":{""lat"":37.473289,""lon"":127.034748,""alt"":305},""targetSpeed"":51.4,""seq"":5}","{""phase"":""F"",""startLLA"":{""lat"":37.473289,""lon"":127.034748,""alt"":305},""endLLA"":{""lat"":37.497702,""lon"":127.073855,""alt"":305},""targetSpeed"":51.4,""seq"":6}","{""phase"":""F"",""startLLA"":{""lat"":37.497702,""lon"":127.073855,""alt"":305},""endLLA"":{""lat"":37.526451,""lon"":127.064361,""alt"":305},""targetSpeed"":51.4,""seq"":7}","{""phase"":""F"",""startLLA"":{""lat"":37.526451,""lon"":127.064361,""alt"":305},""endLLA"":{""lat"":37.525291,""lon"":127.078991,""alt"":305},""targetSpeed"":51.4,""seq"":8}","{""phase"":""G"",""startLLA"":{""lat"":37.525291,""lon"":127.078991,""alt"":305},""endLLA"":{""lat"":37.524288,""lon"":127.091639,""alt"":239.8},""targetSpeed"":36,""seq"":9}","{""phase"":""G"",""startLLA"":{""lat"":37.524288,""lon"":127.091639,""alt"":239.8},""endLLA"":{""lat"":37.539418,""lon"":127.111105,""alt"":100},""targetSpeed"":36,""seq"":10}","{""phase"":""I"",""startLLA"":{""lat"":37.539418,""lon"":127.111105,""alt"":100},""endLLA"":{""lat"":37.545733,""lon"":127.11923,""alt"":15},""targetSpeed"":30,""seq"":11}","{""phase"":""J"",""startLLA"":{""lat"":37.545733,""lon"":127.11923,""alt"":15},""endLLA"":{""lat"":37.545733,""lon"":127.11923,""alt"":0},""targetSpeed"":10,""seq"":12}","{""phase"":""K"",""startLLA"":{""lat"":37.545733,""lon"":127.11923,""alt"":0},""endLLA"":{""lat"":37.545733,""lon"":127.11923,""alt"":0},""targetSpeed"":3,""seq"":13}",,,,,,,,
d2d2f5e06492,2026-06-20,FPL0817006,UAM0060,a2,2,2,1,사당,사당,수서,수서,20,G1,F2,G8,F2,20:00:00,20:06:46,20:11:12,20:17:10,20:27:10,406.86,265.44,358.28,1030.58,40,0,ready,사당 > 경부고속도로 양재천 다리 > 수서,10.7285,10,"{""phase"":""A"",""startLLA"":{""lat"":37.475767,""lon"":126.982185,""alt"":0},""endLLA"":{""lat"":37.475767,""lon"":126.982185,""alt"":0},""targetSpeed"":3,""seq"":1}","{""phase"":""B"",""startLLA"":{""lat"":37.475767,""lon"":126.982185,""alt"":0},""endLLA"":{""lat"":37.475767,""lon"":126.982185,""alt"":15},""targetSpeed"":10,""seq"":2}","{""phase"":""C"",""startLLA"":{""lat"":37.475767,""lon"":126.982185,""alt"":15},""endLLA"":{""lat"":37.47463,""lon"":126.995757,""alt"":100},""targetSpeed"":36,""seq"":3}","{""phase"":""E"",""startLLA"":{""lat"":37.47463,""lon"":126.995757,""alt"":100},""endLLA"":{""lat"":37.471593,""lon"":127.032031,""alt"":287.14},""targetSpeed"":51.4,""seq"":4}","{""phase"":""E"",""startLLA"":{""lat"":37.471593,""lon"":127.032031,""alt"":287.14},""endLLA"":{""lat"":37.472365,""lon"":127.035373,""alt"":305},""targetSpeed"":51.4,""seq"":5}","{""phase"":""F"",""startLLA"":{""lat"":37.472365,""lon"":127.035373,""alt"":305},""endLLA"":{""lat"":37.476051,""lon"":127.051318,""alt"":305},""targetSpeed"":51.4,""seq"":6}","{""phase"":""G"",""startLLA"":{""lat"":37.476051,""lon"":127.051318,""alt"":305},""endLLA"":{""lat"":37.484917,""lon"":127.089683,""alt"":100},""targetSpeed"":36,""seq"":7}","{""phase"":""I"",""startLLA"":{""lat"":37.484917,""lon"":127.089683,""alt"":100},""endLLA"":{""lat"":37.487441,""lon"":127.100603,""alt"":15},""targetSpeed"":30,""seq"":8}","{""phase"":""J"",""startLLA"":{""lat"":37.487441,""lon"":127.100603,""alt"":15},""endLLA"":{""lat"":37.487441,""lon"":127.100603,""alt"":0},""targetSpeed"":10,""seq"":9}","{""phase"":""K"",""startLLA"":{""lat"":37.487441,""lon"":127.100603,""alt"":0},""endLLA"":{""lat"":37.487441,""lon"":127.100603,""alt"":0},""targetSpeed"":3,""seq"":10}",,,,,,,,,,,
d2d2f5e06492,2026-06-20,FPL0812011,UAM0018,a2,2,1,0.5,사당,사당,광화문,광화문,20,G2,F1,G1,F2,20:04:23,20:11:35,20:19:05,20:25:04,20:35:04,432.43,450.47,358.28,1241.18,35.57,0,ready,사당 > 180고지 > 영등포 > 선유도 17고지 > 성산대교 중간지점 > 홍대입구 > 광화문,20.239,14,"{""phase"":""A"",""startLLA"":{""lat"":37.475767,""lon"":126.982185,""alt"":0},""endLLA"":{""lat"":37.475767,""lon"":126.982185,""alt"":0},""targetSpeed"":3,""seq"":1}","{""phase"":""B"",""startLLA"":{""lat"":37.475767,""lon"":126.982185,""alt"":0},""endLLA"":{""lat"":37.475767,""lon"":126.982185,""alt"":15},""targetSpeed"":10,""seq"":2}","{""phase"":""C"",""startLLA"":{""lat"":37.475767,""lon"":126.982185,""alt"":15},""endLLA"":{""lat"":37.480587,""lon"":126.970158,""alt"":100},""targetSpeed"":36,""seq"":3}","{""phase"":""E"",""startLLA"":{""lat"":37.480587,""lon"":126.970158,""alt"":100},""endLLA"":{""lat"":37.492877,""lon"":126.93949,""alt"":278.55},""targetSpeed"":51.4,""seq"":4}","{""phase"":""E"",""startLLA"":{""lat"":37.492877,""lon"":126.93949,""alt"":278.55},""endLLA"":{""lat"":37.495606,""lon"":126.935739,""alt"":305},""targetSpeed"":51.4,""seq"":5}","{""phase"":""F"",""startLLA"":{""lat"":37.495606,""lon"":126.935739,""alt"":305},""endLLA"":{""lat"":37.515965,""lon"":126.907756,""alt"":305},""targetSpeed"":51.4,""seq"":6}","{""phase"":""F"",""startLLA"":{""lat"":37.515965,""lon"":126.907756,""alt"":305},""endLLA"":{""lat"":37.542307,""lon"":126.90249,""alt"":305},""targetSpeed"":51.4,""seq"":7}","{""phase"":""F"",""startLLA"":{""lat"":37.542307,""lon"":126.90249,""alt"":305},""endLLA"":{""lat"":37.552574,""lon"":126.891431,""alt"":305},""targetSpeed"":51.4,""seq"":8}","{""phase"":""F"",""startLLA"":{""lat"":37.552574,""lon"":126.891431,""alt"":305},""endLLA"":{""lat"":37.556786,""lon"":126.923706,""alt"":305},""targetSpeed"":51.4,""seq"":9}","{""phase"":""F"",""startLLA"":{""lat"":37.556786,""lon"":126.923706,""alt"":305},""endLLA"":{""lat"":37.557137,""lon"":126.925138,""alt"":305},""targetSpeed"":51.4,""seq"":10}","{""phase"":""G"",""startLLA"":{""lat"":37.557137,""lon"":126.925138,""alt"":305},""endLLA"":{""lat"":37.566379,""lon"":126.962865,""alt"":100},""targetSpeed"":36,""seq"":11}","{""phase"":""I"",""startLLA"":{""lat"":37.566379,""lon"":126.962865,""alt"":100},""endLLA"":{""lat"":37.56901,""lon"":126.973604,""alt"":15},""targetSpeed"":30,""seq"":12}","{""phase"":""J"",""startLLA"":{""lat"":37.56901,""lon"":126.973604,""alt"":15},""endLLA"":{""lat"":37.56901,""lon"":126.973604,""alt"":0},""targetSpeed"":10,""seq"":13}","{""phase"":""K"",""startLLA"":{""lat"":37.56901,""lon"":126.973604,""alt"":0},""endLLA"":{""lat"":37.56901,""lon"":126.973604,""alt"":0},""targetSpeed"":3,""seq"":14}",,,,,,,
d2d2f5e06492,2026-06-20,FPL0816008,UAM0027,a2,2,1,0.5,사당,사당,망우,망우,20,G1,F1,G8,F2,20:37:34,20:43:40,21:12:23,21:18:22,21:28:22,366.86,1723.14,358.28,2448.28,0,731.43,ready,사당 > 경부고속도로 양재천 다리 > 대치교 > 청담대교 중간지점 > 건대입구 > 망우,20.4833,13,"{""phase"":""A"",""startLLA"":{""lat"":37.475767,""lon"":126.982185,""alt"":0},""endLLA"":{""lat"":37.475767,""lon"":126.982185,""alt"":0},""targetSpeed"":3,""seq"":1}","{""phase"":""B"",""startLLA"":{""lat"":37.475767,""lon"":126.982185,""alt"":0},""endLLA"":{""lat"":37.475767,""lon"":126.982185,""alt"":15},""targetSpeed"":10,""seq"":2}","{""phase"":""C"",""startLLA"":{""lat"":37.475767,""lon"":126.982185,""alt"":15},""endLLA"":{""lat"":37.474631,""lon"":126.99575,""alt"":100},""targetSpeed"":36,""seq"":3}","{""phase"":""E"",""startLLA"":{""lat"":37.474631,""lon"":126.99575,""alt"":100},""endLLA"":{""lat"":37.471593,""lon"":127.032031,""alt"":287.28},""targetSpeed"":51.4,""seq"":4}","{""phase"":""E"",""startLLA"":{""lat"":37.471593,""lon"":127.032031,""alt"":287.28},""endLLA"":{""lat"":37.473287,""lon"":127.034744,""alt"":305},""targetSpeed"":51.4,""seq"":5}","{""phase"":""F"",""startLLA"":{""lat"":37.473287,""lon"":127.034744,""alt"":305},""endLLA"":{""lat"":37.497702,""lon"":127.073855,""alt"":305},""targetSpeed"":51.4,""seq"":6}","{""phase"":""F"",""startLLA"":{""lat"":37.497702,""lon"":127.073855,""alt"":305},""endLLA"":{""lat"":37.526451,""lon"":127.064361,""alt"":305},""targetSpeed"":51.4,""seq"":7}","{""phase"":""F"",""startLLA"":{""lat"":37.526451,""lon"":127.064361,""alt"":305},""endLLA"":{""lat"":37.540426,""lon"":127.069298,""alt"":305},""targetSpeed"":51.4,""seq"":8}","{""phase"":""F"",""startLLA"":{""lat"":37.540426,""lon"":127.069298,""alt"":305},""endLLA"":{""lat"":37.557141,""lon"":127.073901,""alt"":305},""targetSpeed"":51.4,""seq"":9}","{""phase"":""G"",""startLLA"":{""lat"":37.557141,""lon"":127.073901,""alt"":305},""endLLA"":{""lat"":37.588105,""lon"":127.082427,""alt"":100},""targetSpeed"":36,""seq"":10}","{""phase"":""I"",""startLLA"":{""lat"":37.588105,""lon"":127.082427,""alt"":100},""endLLA"":{""lat"":37.596919,""lon"":127.084854,""alt"":15},""targetSpeed"":30,""seq"":11}","{""phase"":""J"",""startLLA"":{""lat"":37.596919,""lon"":127.084854,""alt"":15},""endLLA"":{""lat"":37.596919,""lon"":127.084854,""alt"":0},""targetSpeed"":10,""seq"":12}","{""phase"":""K"",""startLLA"":{""lat"":37.596919,""lon"":127.084854,""alt"":0},""endLLA"":{""lat"":37.596919,""lon"":127.084854,""alt"":0},""targetSpeed"":3,""seq"":13}",,,,,,,,
d2d2f5e06492,2026-06-20,FPL0806006,UAM0022,a2,2,1,0.5,사당,사당,미아,미아,20,G1,F1,G8,F2,20:57:59,21:04:05,21:13:52,21:19:51,21:29:51,366.86,587.08,358.28,1312.22,0,0,ready,사당 > 경부고속도로 양재천 다리 > 대치교 > 청담대교 중간지점 > 건대입구 > 중랑천 제방길 > 상봉 > 월릉교 > 미아,27.2607,16,"{""phase"":""A"",""startLLA"":{""lat"":37.475767,""lon"":126.982185,""alt"":0},""endLLA"":{""lat"":37.475767,""lon"":126.982185,""alt"":0},""targetSpeed"":3,""seq"":1}","{""phase"":""B"",""startLLA"":{""lat"":37.475767,""lon"":126.982185,""alt"":0},""endLLA"":{""lat"":37.475767,""lon"":126.982185,""alt"":15},""targetSpeed"":10,""seq"":2}","{""phase"":""C"",""startLLA"":{""lat"":37.475767,""lon"":126.982185,""alt"":15},""endLLA"":{""lat"":37.474631,""lon"":126.995747,""alt"":100},""targetSpeed"":36,""seq"":3}","{""phase"":""E"",""startLLA"":{""lat"":37.474631,""lon"":126.995747,""alt"":100},""endLLA"":{""lat"":37.471593,""lon"":127.032031,""alt"":287.34},""targetSpeed"":51.4,""seq"":4}","{""phase"":""E"",""startLLA"":{""lat"":37.471593,""lon"":127.032031,""alt"":287.34},""endLLA"":{""lat"":37.47328,""lon"":127.034734,""alt"":305},""targetSpeed"":51.4,""seq"":5}","{""phase"":""F"",""startLLA"":{""lat"":37.47328,""lon"":127.034734,""alt"":305},""endLLA"":{""lat"":37.497702,""lon"":127.073855,""alt"":305},""targetSpeed"":51.4,""seq"":6}","{""phase"":""F"",""startLLA"":{""lat"":37.497702,""lon"":127.073855,""alt"":305},""endLLA"":{""lat"":37.526451,""lon"":127.064361,""alt"":305},""targetSpeed"":51.4,""seq"":7}","{""phase"":""F"",""startLLA"":{""lat"":37.526451,""lon"":127.064361,""alt"":305},""endLLA"":{""lat"":37.540426,""lon"":127.069298,""alt"":305},""targetSpeed"":51.4,""seq"":8}","{""phase"":""F"",""startLLA"":{""lat"":37.540426,""lon"":127.069298,""alt"":305},""endLLA"":{""lat"":37.580774,""lon"":127.077387,""alt"":305},""targetSpeed"":51.4,""seq"":9}","{""phase"":""F"",""startLLA"":{""lat"":37.580774,""lon"":127.077387,""alt"":305},""endLLA"":{""lat"":37.596919,""lon"":127.084854,""alt"":305},""targetSpeed"":51.4,""seq"":10}","{""phase"":""F"",""startLLA"":{""lat"":37.596919,""lon"":127.084854,""alt"":305},""endLLA"":{""lat"":37.614356,""lon"":127.072723,""alt"":305},""targetSpeed"":51.4,""seq"":11}","{""phase"":""G"",""startLLA"":{""lat"":37.614356,""lon"":127.072723,""alt"":305},""endLLA"":{""lat"":37.616266,""lon"":127.071394,""alt"":290.89},""targetSpeed"":36,""seq"":12}","{""phase"":""G"",""startLLA"":{""lat"":37.616266,""lon"":127.071394,""alt"":290.89},""endLLA"":{""lat"":37.626943,""lon"":127.036668,""alt"":100},""targetSpeed"":36,""seq"":13}","{""phase"":""I"",""startLLA"":{""lat"":37.626943,""lon"":127.036668,""alt"":100},""endLLA"":{""lat"":37.630207,""lon"":127.026053,""alt"":15},""targetSpeed"":30,""seq"":14}","{""phase"":""J"",""startLLA"":{""lat"":37.630207,""lon"":127.026053,""alt"":15},""endLLA"":{""lat"":37.630207,""lon"":127.026053,""alt"":0},""targetSpeed"":10,""seq"":15}","{""phase"":""K"",""startLLA"":{""lat"":37.630207,""lon"":127.026053,""alt"":0},""endLLA"":{""lat"":37.630207,""lon"":127.026053,""alt"":0},""targetSpeed"":3,""seq"":16}",,,,,
d2d2f5e06492,2026-06-20,FPL0811011,UAM0035,a2,2,2,1,사당,사당,천호,천호,21,G8,F1,G3,F2,21:05:35,21:11:41,21:19:39,21:26:37,21:36:37,366.86,477.74,418.28,1262.88,0,65.76,ready,사당 > 경부고속도로 양재천 다리 > 대치교 > 청담대교 중간지점 > 잠실대교 중간지점 > 천호,18.2608,13,"{""phase"":""A"",""startLLA"":{""lat"":37.475767,""lon"":126.982185,""alt"":0},""endLLA"":{""lat"":37.475767,""lon"":126.982185,""alt"":0},""targetSpeed"":3,""seq"":1}","{""phase"":""B"",""startLLA"":{""lat"":37.475767,""lon"":126.982185,""alt"":0},""endLLA"":{""lat"":37.475767,""lon"":126.982185,""alt"":15},""targetSpeed"":10,""seq"":2}","{""phase"":""C"",""startLLA"":{""lat"":37.475767,""lon"":126.982185,""alt"":15},""endLLA"":{""lat"":37.474631,""lon"":126.995751,""alt"":100},""targetSpeed"":36,""seq"":3}","{""phase"":""E"",""startLLA"":{""lat"":37.474631,""lon"":126.995751,""alt"":100},""endLLA"":{""lat"":37.471593,""lon"":127.032031,""alt"":287.26},""targetSpeed"":51.4,""seq"":4}","{""phase"":""E"",""startLLA"":{""lat"":37.471593,""lon"":127.032031,""alt"":287.26},""endLLA"":{""lat"":37.473289,""lon"":127.034748,""alt"":305},""targetSpeed"":51.4,""seq"":5}","{""phase"":""F"",""startLLA"":{""lat"":37.473289,""lon"":127.034748,""alt"":305},""endLLA"":{""lat"":37.497702,""lon"":127.073855,""alt"":305},""targetSpeed"":51.4,""seq"":6}","{""phase"":""F"",""startLLA"":{""lat"":37.497702,""lon"":127.073855,""alt"":305},""endLLA"":{""lat"":37.526451,""lon"":127.064361,""alt"":305},""targetSpeed"":51.4,""seq"":7}","{""phase"":""F"",""startLLA"":{""lat"":37.526451,""lon"":127.064361,""alt"":305},""endLLA"":{""lat"":37.525291,""lon"":127.078991,""alt"":305},""targetSpeed"":51.4,""seq"":8}","{""phase"":""G"",""startLLA"":{""lat"":37.525291,""lon"":127.078991,""alt"":305},""endLLA"":{""lat"":37.524288,""lon"":127.091639,""alt"":239.8},""targetSpeed"":36,""seq"":9}","{""phase"":""G"",""startLLA"":{""lat"":37.524288,""lon"":127.091639,""alt"":239.8},""endLLA"":{""lat"":37.539418,""lon"":127.111105,""alt"":100},""targetSpeed"":36,""seq"":10}","{""phase"":""I"",""startLLA"":{""lat"":37.539418,""lon"":127.111105,""alt"":100},""endLLA"":{""lat"":37.545733,""lon"":127.11923,""alt"":15},""targetSpeed"":30,""seq"":11}","{""phase"":""J"",""startLLA"":{""lat"":37.545733,""lon"":127.11923,""alt"":15},""endLLA"":{""lat"":37.545733,""lon"":127.11923,""alt"":0},""targetSpeed"":10,""seq"":12}","{""phase"":""K"",""startLLA"":{""lat"":37.545733,""lon"":127.11923,""alt"":0},""endLLA"":{""lat"":37.545733,""lon"":127.11923,""alt"":0},""targetSpeed"":3,""seq"":13}",,,,,,,,
