scenario_id,scenario_date,fpl_id,aircraft_id,aircraft_type,capacity,passenger_count,load_factor,origin_vertiport_id,origin_vertiport,destination_vertiport_id,destination_vertiport,demand_hour,departure_gate_id,departure_fato_id,arrival_gate_id,arrival_fato_id,gate_out_time,takeoff_time,landing_time,gate_in_time,ready_time,gate_to_takeoff_sec,air_time_sec,landing_to_gate_sec,gate_to_gate_sec,departure_wait_sec,arrival_wait_sec,status,route_path,route_distance_km,segment_count,segment_001,segment_002,segment_003,segment_004,segment_005,segment_006,segment_007,segment_008,segment_009,segment_010,segment_011,segment_012,segment_013,segment_014,segment_015,segment_016,segment_017,segment_018,segment_019,segment_020,segment_021
d2d2f5e06492,2026-06-20,FPL1215001,UAM0045,a2,2,1,0.5,광화문,광화문,마곡,마곡,6,G1,F1,G1,F1,06:30:00,06:36:06,06:42:43,06:48:42,06:58:42,366.86,397.14,358.28,1122.28,0,6.59,ready,광화문 > 홍대입구 > 성산대교 중간지점 > 가양대교 남단 > 마곡,17.1596,12,"{""phase"":""A"",""startLLA"":{""lat"":37.56901,""lon"":126.973604,""alt"":0},""endLLA"":{""lat"":37.56901,""lon"":126.973604,""alt"":0},""targetSpeed"":3,""seq"":1}","{""phase"":""B"",""startLLA"":{""lat"":37.56901,""lon"":126.973604,""alt"":0},""endLLA"":{""lat"":37.56901,""lon"":126.973604,""alt"":15},""targetSpeed"":10,""seq"":2}","{""phase"":""C"",""startLLA"":{""lat"":37.56901,""lon"":126.973604,""alt"":15},""endLLA"":{""lat"":37.565861,""lon"":126.96075,""alt"":100},""targetSpeed"":36,""seq"":3}","{""phase"":""E"",""startLLA"":{""lat"":37.565861,""lon"":126.96075,""alt"":100},""endLLA"":{""lat"":37.556786,""lon"":126.923706,""alt"":301.81},""targetSpeed"":51.4,""seq"":4}","{""phase"":""E"",""startLLA"":{""lat"":37.556786,""lon"":126.923706,""alt"":301.81},""endLLA"":{""lat"":37.556707,""lon"":126.923101,""alt"":305},""targetSpeed"":51.4,""seq"":5}","{""phase"":""F"",""startLLA"":{""lat"":37.556707,""lon"":126.923101,""alt"":305},""endLLA"":{""lat"":37.552574,""lon"":126.891431,""alt"":305},""targetSpeed"":51.4,""seq"":6}","{""phase"":""F"",""startLLA"":{""lat"":37.552574,""lon"":126.891431,""alt"":305},""endLLA"":{""lat"":37.569391,""lon"":126.861026,""alt"":305},""targetSpeed"":51.4,""seq"":7}","{""phase"":""F"",""startLLA"":{""lat"":37.569391,""lon"":126.861026,""alt"":305},""endLLA"":{""lat"":37.567792,""lon"":126.84212,""alt"":305},""targetSpeed"":51.4,""seq"":8}","{""phase"":""G"",""startLLA"":{""lat"":37.567792,""lon"":126.84212,""alt"":305},""endLLA"":{""lat"":37.564478,""lon"":126.802953,""alt"":100},""targetSpeed"":36,""seq"":9}","{""phase"":""I"",""startLLA"":{""lat"":37.564478,""lon"":126.802953,""alt"":100},""endLLA"":{""lat"":37.563535,""lon"":126.791805,""alt"":15},""targetSpeed"":30,""seq"":10}","{""phase"":""J"",""startLLA"":{""lat"":37.563535,""lon"":126.791805,""alt"":15},""endLLA"":{""lat"":37.563535,""lon"":126.791805,""alt"":0},""targetSpeed"":10,""seq"":11}","{""phase"":""K"",""startLLA"":{""lat"":37.563535,""lon"":126.791805,""alt"":0},""endLLA"":{""lat"":37.563535,""lon"":126.791805,""alt"":0},""targetSpeed"":3,""seq"":12}",,,,,,,,,
d2d2f5e06492,2026-06-20,FPL1211001,UAM0046,a2,2,2,1,광화문,광화문,천호,천호,7,G2,F1,G1,F2,07:00:00,07:06:36,07:13:19,07:19:17,07:29:17,396.86,402.51,358.28,1157.65,0,0,ready,광화문 > 신설동역 > 청량리 > 중랑철교 > 상봉 > 아차산 고가차도 > 천호,17.9893,14,"{""phase"":""A"",""startLLA"":{""lat"":37.56901,""lon"":126.973604,""alt"":0},""endLLA"":{""lat"":37.56901,""lon"":126.973604,""alt"":0},""targetSpeed"":3,""seq"":1}","{""phase"":""B"",""startLLA"":{""lat"":37.56901,""lon"":126.973604,""alt"":0},""endLLA"":{""lat"":37.56901,""lon"":126.973604,""alt"":15},""targetSpeed"":10,""seq"":2}","{""phase"":""C"",""startLLA"":{""lat"":37.56901,""lon"":126.973604,""alt"":15},""endLLA"":{""lat"":37.570827,""lon"":126.987248,""alt"":100},""targetSpeed"":36,""seq"":3}","{""phase"":""E"",""startLLA"":{""lat"":37.570827,""lon"":126.987248,""alt"":100},""endLLA"":{""lat"":37.575658,""lon"":127.02353,""alt"":286.2},""targetSpeed"":51.4,""seq"":4}","{""phase"":""E"",""startLLA"":{""lat"":37.575658,""lon"":127.02353,""alt"":286.2},""endLLA"":{""lat"":37.576483,""lon"":127.027095,""alt"":305},""targetSpeed"":51.4,""seq"":5}","{""phase"":""F"",""startLLA"":{""lat"":37.576483,""lon"":127.027095,""alt"":305},""endLLA"":{""lat"":37.581542,""lon"":127.048947,""alt"":305},""targetSpeed"":51.4,""seq"":6}","{""phase"":""F"",""startLLA"":{""lat"":37.581542,""lon"":127.048947,""alt"":305},""endLLA"":{""lat"":37.593586,""lon"":127.069978,""alt"":305},""targetSpeed"":51.4,""seq"":7}","{""phase"":""F"",""startLLA"":{""lat"":37.593586,""lon"":127.069978,""alt"":305},""endLLA"":{""lat"":37.596919,""lon"":127.084854,""alt"":305},""targetSpeed"":51.4,""seq"":8}","{""phase"":""F"",""startLLA"":{""lat"":37.596919,""lon"":127.084854,""alt"":305},""endLLA"":{""lat"":37.570823,""lon"":127.091481,""alt"":305},""targetSpeed"":51.4,""seq"":9}","{""phase"":""G"",""startLLA"":{""lat"":37.570823,""lon"":127.091481,""alt"":305},""endLLA"":{""lat"":37.547423,""lon"":127.097424,""alt"":152.58},""targetSpeed"":36,""seq"":10}","{""phase"":""G"",""startLLA"":{""lat"":37.547423,""lon"":127.097424,""alt"":152.58},""endLLA"":{""lat"":37.546622,""lon"":127.107759,""alt"":100},""targetSpeed"":36,""seq"":11}","{""phase"":""I"",""startLLA"":{""lat"":37.546622,""lon"":127.107759,""alt"":100},""endLLA"":{""lat"":37.545733,""lon"":127.11923,""alt"":15},""targetSpeed"":30,""seq"":12}","{""phase"":""J"",""startLLA"":{""lat"":37.545733,""lon"":127.11923,""alt"":15},""endLLA"":{""lat"":37.545733,""lon"":127.11923,""alt"":0},""targetSpeed"":10,""seq"":13}","{""phase"":""K"",""startLLA"":{""lat"":37.545733,""lon"":127.11923,""alt"":0},""endLLA"":{""lat"":37.545733,""lon"":127.11923,""alt"":0},""targetSpeed"":3,""seq"":14}",,,,,,,
d2d2f5e06492,2026-06-20,FPL1217001,UAM0047,a2,2,2,1,광화문,광화문,수서,수서,7,G3,F2,G8,F1,07:00:00,07:07:16,07:19:37,07:25:36,07:35:36,436.86,741.14,358.28,1536.28,10,269.52,ready,광화문 > 신설동역 > 청량리 > 왕십리역 > 성수대교 남단 > 청담대교 중간지점 > 잠실대교 중간지점 > 수서,21.5406,15,"{""phase"":""A"",""startLLA"":{""lat"":37.56901,""lon"":126.973604,""alt"":0},""endLLA"":{""lat"":37.56901,""lon"":126.973604,""alt"":0},""targetSpeed"":3,""seq"":1}","{""phase"":""B"",""startLLA"":{""lat"":37.56901,""lon"":126.973604,""alt"":0},""endLLA"":{""lat"":37.56901,""lon"":126.973604,""alt"":15},""targetSpeed"":10,""seq"":2}","{""phase"":""C"",""startLLA"":{""lat"":37.56901,""lon"":126.973604,""alt"":15},""endLLA"":{""lat"":37.570823,""lon"":126.98722,""alt"":100},""targetSpeed"":36,""seq"":3}","{""phase"":""E"",""startLLA"":{""lat"":37.570823,""lon"":126.98722,""alt"":100},""endLLA"":{""lat"":37.575658,""lon"":127.02353,""alt"":286.73},""targetSpeed"":51.4,""seq"":4}","{""phase"":""E"",""startLLA"":{""lat"":37.575658,""lon"":127.02353,""alt"":286.73},""endLLA"":{""lat"":37.576459,""lon"":127.026988,""alt"":305},""targetSpeed"":51.4,""seq"":5}","{""phase"":""F"",""startLLA"":{""lat"":37.576459,""lon"":127.026988,""alt"":305},""endLLA"":{""lat"":37.581542,""lon"":127.048947,""alt"":305},""targetSpeed"":51.4,""seq"":6}","{""phase"":""F"",""startLLA"":{""lat"":37.581542,""lon"":127.048947,""alt"":305},""endLLA"":{""lat"":37.561925,""lon"":127.038491,""alt"":305},""targetSpeed"":51.4,""seq"":7}","{""phase"":""F"",""startLLA"":{""lat"":37.561925,""lon"":127.038491,""alt"":305},""endLLA"":{""lat"":37.53537,""lon"":127.034503,""alt"":305},""targetSpeed"":51.4,""seq"":8}","{""phase"":""F"",""startLLA"":{""lat"":37.53537,""lon"":127.034503,""alt"":305},""endLLA"":{""lat"":37.526451,""lon"":127.064361,""alt"":305},""targetSpeed"":51.4,""seq"":9}","{""phase"":""F"",""startLLA"":{""lat"":37.526451,""lon"":127.064361,""alt"":305},""endLLA"":{""lat"":37.524649,""lon"":127.087085,""alt"":305},""targetSpeed"":51.4,""seq"":10}","{""phase"":""G"",""startLLA"":{""lat"":37.524649,""lon"":127.087085,""alt"":305},""endLLA"":{""lat"":37.524288,""lon"":127.091639,""alt"":281.77},""targetSpeed"":36,""seq"":11}","{""phase"":""G"",""startLLA"":{""lat"":37.524288,""lon"":127.091639,""alt"":281.77},""endLLA"":{""lat"":37.496395,""lon"":127.098425,""alt"":100},""targetSpeed"":36,""seq"":12}","{""phase"":""I"",""startLLA"":{""lat"":37.496395,""lon"":127.098425,""alt"":100},""endLLA"":{""lat"":37.487441,""lon"":127.100603,""alt"":15},""targetSpeed"":30,""seq"":13}","{""phase"":""J"",""startLLA"":{""lat"":37.487441,""lon"":127.100603,""alt"":15},""endLLA"":{""lat"":37.487441,""lon"":127.100603,""alt"":0},""targetSpeed"":10,""seq"":14}","{""phase"":""K"",""startLLA"":{""lat"":37.487441,""lon"":127.100603,""alt"":0},""endLLA"":{""lat"":37.487441,""lon"":127.100603,""alt"":0},""targetSpeed"":3,""seq"":15}",,,,,,
d2d2f5e06492,2026-06-20,FPL1202001,UAM0048,a2,2,2,1,광화문,광화문,잠실,잠실,7,G4,F1,G7,F2,07:00:00,07:12:05,07:23:41,07:30:09,07:40:09,725.43,695.71,388.28,1809.43,268.57,266.09,ready,광화문 > 신설동역 > 청량리 > 왕십리역 > 성수대교 남단 > 청담대교 중간지점 > 건대입구 > 잠실,19.3835,15,"{""phase"":""A"",""startLLA"":{""lat"":37.56901,""lon"":126.973604,""alt"":0},""endLLA"":{""lat"":37.56901,""lon"":126.973604,""alt"":0},""targetSpeed"":3,""seq"":1}","{""phase"":""B"",""startLLA"":{""lat"":37.56901,""lon"":126.973604,""alt"":0},""endLLA"":{""lat"":37.56901,""lon"":126.973604,""alt"":15},""targetSpeed"":10,""seq"":2}","{""phase"":""C"",""startLLA"":{""lat"":37.56901,""lon"":126.973604,""alt"":15},""endLLA"":{""lat"":37.570825,""lon"":126.987237,""alt"":100},""targetSpeed"":36,""seq"":3}","{""phase"":""E"",""startLLA"":{""lat"":37.570825,""lon"":126.987237,""alt"":100},""endLLA"":{""lat"":37.575658,""lon"":127.02353,""alt"":286.42},""targetSpeed"":51.4,""seq"":4}","{""phase"":""E"",""startLLA"":{""lat"":37.575658,""lon"":127.02353,""alt"":286.42},""endLLA"":{""lat"":37.576473,""lon"":127.027052,""alt"":305},""targetSpeed"":51.4,""seq"":5}","{""phase"":""F"",""startLLA"":{""lat"":37.576473,""lon"":127.027052,""alt"":305},""endLLA"":{""lat"":37.581542,""lon"":127.048947,""alt"":305},""targetSpeed"":51.4,""seq"":6}","{""phase"":""F"",""startLLA"":{""lat"":37.581542,""lon"":127.048947,""alt"":305},""endLLA"":{""lat"":37.561925,""lon"":127.038491,""alt"":305},""targetSpeed"":51.4,""seq"":7}","{""phase"":""F"",""startLLA"":{""lat"":37.561925,""lon"":127.038491,""alt"":305},""endLLA"":{""lat"":37.53537,""lon"":127.034503,""alt"":305},""targetSpeed"":51.4,""seq"":8}","{""phase"":""F"",""startLLA"":{""lat"":37.53537,""lon"":127.034503,""alt"":305},""endLLA"":{""lat"":37.526922,""lon"":127.062783,""alt"":305},""targetSpeed"":51.4,""seq"":9}","{""phase"":""G"",""startLLA"":{""lat"":37.526922,""lon"":127.062783,""alt"":305},""endLLA"":{""lat"":37.526451,""lon"":127.064361,""alt"":296.46},""targetSpeed"":36,""seq"":10}","{""phase"":""G"",""startLLA"":{""lat"":37.526451,""lon"":127.064361,""alt"":296.46},""endLLA"":{""lat"":37.540426,""lon"":127.069298,""alt"":203.7},""targetSpeed"":36,""seq"":11}","{""phase"":""G"",""startLLA"":{""lat"":37.540426,""lon"":127.069298,""alt"":203.7},""endLLA"":{""lat"":37.524201,""lon"":127.06907,""alt"":100},""targetSpeed"":36,""seq"":12}","{""phase"":""I"",""startLLA"":{""lat"":37.524201,""lon"":127.06907,""alt"":100},""endLLA"":{""lat"":37.515071,""lon"":127.068942,""alt"":15},""targetSpeed"":30,""seq"":13}","{""phase"":""J"",""startLLA"":{""lat"":37.515071,""lon"":127.068942,""alt"":15},""endLLA"":{""lat"":37.515071,""lon"":127.068942,""alt"":0},""targetSpeed"":10,""seq"":14}","{""phase"":""K"",""startLLA"":{""lat"":37.515071,""lon"":127.068942,""alt"":0},""endLLA"":{""lat"":37.515071,""lon"":127.068942,""alt"":0},""targetSpeed"":3,""seq"":15}",,,,,,
d2d2f5e06492,2026-06-20,FPL1202002,UAM0066,a2,2,2,1,광화문,광화문,잠실,잠실,7,G1,F2,G3,F1,07:00:37,07:12:45,07:27:09,07:34:07,07:44:07,728.43,864.29,418.28,2011,361.57,434.66,ready,광화문 > 신설동역 > 청량리 > 왕십리역 > 성수대교 남단 > 청담대교 중간지점 > 건대입구 > 잠실,19.3835,15,"{""phase"":""A"",""startLLA"":{""lat"":37.56901,""lon"":126.973604,""alt"":0},""endLLA"":{""lat"":37.56901,""lon"":126.973604,""alt"":0},""targetSpeed"":3,""seq"":1}","{""phase"":""B"",""startLLA"":{""lat"":37.56901,""lon"":126.973604,""alt"":0},""endLLA"":{""lat"":37.56901,""lon"":126.973604,""alt"":15},""targetSpeed"":10,""seq"":2}","{""phase"":""C"",""startLLA"":{""lat"":37.56901,""lon"":126.973604,""alt"":15},""endLLA"":{""lat"":37.570825,""lon"":126.987237,""alt"":100},""targetSpeed"":36,""seq"":3}","{""phase"":""E"",""startLLA"":{""lat"":37.570825,""lon"":126.987237,""alt"":100},""endLLA"":{""lat"":37.575658,""lon"":127.02353,""alt"":286.42},""targetSpeed"":51.4,""seq"":4}","{""phase"":""E"",""startLLA"":{""lat"":37.575658,""lon"":127.02353,""alt"":286.42},""endLLA"":{""lat"":37.576473,""lon"":127.027052,""alt"":305},""targetSpeed"":51.4,""seq"":5}","{""phase"":""F"",""startLLA"":{""lat"":37.576473,""lon"":127.027052,""alt"":305},""endLLA"":{""lat"":37.581542,""lon"":127.048947,""alt"":305},""targetSpeed"":51.4,""seq"":6}","{""phase"":""F"",""startLLA"":{""lat"":37.581542,""lon"":127.048947,""alt"":305},""endLLA"":{""lat"":37.561925,""lon"":127.038491,""alt"":305},""targetSpeed"":51.4,""seq"":7}","{""phase"":""F"",""startLLA"":{""lat"":37.561925,""lon"":127.038491,""alt"":305},""endLLA"":{""lat"":37.53537,""lon"":127.034503,""alt"":305},""targetSpeed"":51.4,""seq"":8}","{""phase"":""F"",""startLLA"":{""lat"":37.53537,""lon"":127.034503,""alt"":305},""endLLA"":{""lat"":37.526922,""lon"":127.062783,""alt"":305},""targetSpeed"":51.4,""seq"":9}","{""phase"":""G"",""startLLA"":{""lat"":37.526922,""lon"":127.062783,""alt"":305},""endLLA"":{""lat"":37.526451,""lon"":127.064361,""alt"":296.46},""targetSpeed"":36,""seq"":10}","{""phase"":""G"",""startLLA"":{""lat"":37.526451,""lon"":127.064361,""alt"":296.46},""endLLA"":{""lat"":37.540426,""lon"":127.069298,""alt"":203.7},""targetSpeed"":36,""seq"":11}","{""phase"":""G"",""startLLA"":{""lat"":37.540426,""lon"":127.069298,""alt"":203.7},""endLLA"":{""lat"":37.524201,""lon"":127.06907,""alt"":100},""targetSpeed"":36,""seq"":12}","{""phase"":""I"",""startLLA"":{""lat"":37.524201,""lon"":127.06907,""alt"":100},""endLLA"":{""lat"":37.515071,""lon"":127.068942,""alt"":15},""targetSpeed"":30,""seq"":13}","{""phase"":""J"",""startLLA"":{""lat"":37.515071,""lon"":127.068942,""alt"":15},""endLLA"":{""lat"":37.515071,""lon"":127.068942,""alt"":0},""targetSpeed"":10,""seq"":14}","{""phase"":""K"",""startLLA"":{""lat"":37.515071,""lon"":127.068942,""alt"":0},""endLLA"":{""lat"":37.515071,""lon"":127.068942,""alt"":0},""targetSpeed"":3,""seq"":15}",,,,,,
d2d2f5e06492,2026-06-20,FPL1214001,UAM0045,a2,2,1,0.5,광화문,광화문,가산,가산,7,G1,F2,G1,F2,07:30:22,07:36:28,07:42:39,07:48:38,07:58:38,366.86,370.9,358.28,1096.04,0,0,ready,광화문 > 홍대입구 > 성산대교 중간지점 > 선유도 17고지 > 영등포 > 가산,16.1492,13,"{""phase"":""A"",""startLLA"":{""lat"":37.56901,""lon"":126.973604,""alt"":0},""endLLA"":{""lat"":37.56901,""lon"":126.973604,""alt"":0},""targetSpeed"":3,""seq"":1}","{""phase"":""B"",""startLLA"":{""lat"":37.56901,""lon"":126.973604,""alt"":0},""endLLA"":{""lat"":37.56901,""lon"":126.973604,""alt"":15},""targetSpeed"":10,""seq"":2}","{""phase"":""C"",""startLLA"":{""lat"":37.56901,""lon"":126.973604,""alt"":15},""endLLA"":{""lat"":37.565863,""lon"":126.96076,""alt"":100},""targetSpeed"":36,""seq"":3}","{""phase"":""E"",""startLLA"":{""lat"":37.565863,""lon"":126.96076,""alt"":100},""endLLA"":{""lat"":37.556786,""lon"":126.923706,""alt"":302},""targetSpeed"":51.4,""seq"":4}","{""phase"":""E"",""startLLA"":{""lat"":37.556786,""lon"":126.923706,""alt"":302},""endLLA"":{""lat"":37.556712,""lon"":126.923138,""alt"":305},""targetSpeed"":51.4,""seq"":5}","{""phase"":""F"",""startLLA"":{""lat"":37.556712,""lon"":126.923138,""alt"":305},""endLLA"":{""lat"":37.552574,""lon"":126.891431,""alt"":305},""targetSpeed"":51.4,""seq"":6}","{""phase"":""F"",""startLLA"":{""lat"":37.552574,""lon"":126.891431,""alt"":305},""endLLA"":{""lat"":37.542307,""lon"":126.90249,""alt"":305},""targetSpeed"":51.4,""seq"":7}","{""phase"":""F"",""startLLA"":{""lat"":37.542307,""lon"":126.90249,""alt"":305},""endLLA"":{""lat"":37.520637,""lon"":126.906822,""alt"":305},""targetSpeed"":51.4,""seq"":8}","{""phase"":""G"",""startLLA"":{""lat"":37.520637,""lon"":126.906822,""alt"":305},""endLLA"":{""lat"":37.515965,""lon"":126.907756,""alt"":273.92},""targetSpeed"":36,""seq"":9}","{""phase"":""G"",""startLLA"":{""lat"":37.515965,""lon"":126.907756,""alt"":273.92},""endLLA"":{""lat"":37.495842,""lon"":126.886081,""alt"":100},""targetSpeed"":36,""seq"":10}","{""phase"":""I"",""startLLA"":{""lat"":37.495842,""lon"":126.886081,""alt"":100},""endLLA"":{""lat"":37.489091,""lon"":126.878809,""alt"":15},""targetSpeed"":30,""seq"":11}","{""phase"":""J"",""startLLA"":{""lat"":37.489091,""lon"":126.878809,""alt"":15},""endLLA"":{""lat"":37.489091,""lon"":126.878809,""alt"":0},""targetSpeed"":10,""seq"":12}","{""phase"":""K"",""startLLA"":{""lat"":37.489091,""lon"":126.878809,""alt"":0},""endLLA"":{""lat"":37.489091,""lon"":126.878809,""alt"":0},""targetSpeed"":3,""seq"":13}",,,,,,,,
d2d2f5e06492,2026-06-20,FPL1208001,UAM0008,a2,2,1,0.5,광화문,광화문,사당,사당,7,G8,F1,G8,F1,07:34:44,07:40:50,07:48:21,07:54:19,08:04:19,366.86,450.47,358.28,1175.61,0,0,ready,광화문 > 홍대입구 > 성산대교 중간지점 > 선유도 17고지 > 영등포 > 180고지 > 사당,20.239,14,"{""phase"":""A"",""startLLA"":{""lat"":37.56901,""lon"":126.973604,""alt"":0},""endLLA"":{""lat"":37.56901,""lon"":126.973604,""alt"":0},""targetSpeed"":3,""seq"":1}","{""phase"":""B"",""startLLA"":{""lat"":37.56901,""lon"":126.973604,""alt"":0},""endLLA"":{""lat"":37.56901,""lon"":126.973604,""alt"":15},""targetSpeed"":10,""seq"":2}","{""phase"":""C"",""startLLA"":{""lat"":37.56901,""lon"":126.973604,""alt"":15},""endLLA"":{""lat"":37.565853,""lon"":126.960717,""alt"":100},""targetSpeed"":36,""seq"":3}","{""phase"":""E"",""startLLA"":{""lat"":37.565853,""lon"":126.960717,""alt"":100},""endLLA"":{""lat"":37.556786,""lon"":126.923706,""alt"":301.11},""targetSpeed"":51.4,""seq"":4}","{""phase"":""E"",""startLLA"":{""lat"":37.556786,""lon"":126.923706,""alt"":301.11},""endLLA"":{""lat"":37.55669,""lon"":126.922967,""alt"":305},""targetSpeed"":51.4,""seq"":5}","{""phase"":""F"",""startLLA"":{""lat"":37.55669,""lon"":126.922967,""alt"":305},""endLLA"":{""lat"":37.552574,""lon"":126.891431,""alt"":305},""targetSpeed"":51.4,""seq"":6}","{""phase"":""F"",""startLLA"":{""lat"":37.552574,""lon"":126.891431,""alt"":305},""endLLA"":{""lat"":37.542307,""lon"":126.90249,""alt"":305},""targetSpeed"":51.4,""seq"":7}","{""phase"":""F"",""startLLA"":{""lat"":37.542307,""lon"":126.90249,""alt"":305},""endLLA"":{""lat"":37.515965,""lon"":126.907756,""alt"":305},""targetSpeed"":51.4,""seq"":8}","{""phase"":""F"",""startLLA"":{""lat"":37.515965,""lon"":126.907756,""alt"":305},""endLLA"":{""lat"":37.494402,""lon"":126.937394,""alt"":305},""targetSpeed"":51.4,""seq"":9}","{""phase"":""G"",""startLLA"":{""lat"":37.494402,""lon"":126.937394,""alt"":305},""endLLA"":{""lat"":37.492877,""lon"":126.93949,""alt"":290.22},""targetSpeed"":36,""seq"":10}","{""phase"":""G"",""startLLA"":{""lat"":37.492877,""lon"":126.93949,""alt"":290.22},""endLLA"":{""lat"":37.479784,""lon"":126.972163,""alt"":100},""targetSpeed"":36,""seq"":11}","{""phase"":""I"",""startLLA"":{""lat"":37.479784,""lon"":126.972163,""alt"":100},""endLLA"":{""lat"":37.475767,""lon"":126.982185,""alt"":15},""targetSpeed"":30,""seq"":12}","{""phase"":""J"",""startLLA"":{""lat"":37.475767,""lon"":126.982185,""alt"":15},""endLLA"":{""lat"":37.475767,""lon"":126.982185,""alt"":0},""targetSpeed"":10,""seq"":13}","{""phase"":""K"",""startLLA"":{""lat"":37.475767,""lon"":126.982185,""alt"":0},""endLLA"":{""lat"":37.475767,""lon"":126.982185,""alt"":0},""targetSpeed"":3,""seq"":14}",,,,,,,
d2d2f5e06492,2026-06-20,FPL1202003,UAM0068,a2,2,1,0.5,광화문,광화문,잠실,잠실,7,G2,F2,G1,F1,07:38:01,07:44:37,07:51:47,07:57:45,08:07:45,396.86,429.62,358.28,1184.76,0,0,ready,광화문 > 신설동역 > 청량리 > 왕십리역 > 성수대교 남단 > 청담대교 중간지점 > 건대입구 > 잠실,19.3835,15,"{""phase"":""A"",""startLLA"":{""lat"":37.56901,""lon"":126.973604,""alt"":0},""endLLA"":{""lat"":37.56901,""lon"":126.973604,""alt"":0},""targetSpeed"":3,""seq"":1}","{""phase"":""B"",""startLLA"":{""lat"":37.56901,""lon"":126.973604,""alt"":0},""endLLA"":{""lat"":37.56901,""lon"":126.973604,""alt"":15},""targetSpeed"":10,""seq"":2}","{""phase"":""C"",""startLLA"":{""lat"":37.56901,""lon"":126.973604,""alt"":15},""endLLA"":{""lat"":37.570825,""lon"":126.987237,""alt"":100},""targetSpeed"":36,""seq"":3}","{""phase"":""E"",""startLLA"":{""lat"":37.570825,""lon"":126.987237,""alt"":100},""endLLA"":{""lat"":37.575658,""lon"":127.02353,""alt"":286.42},""targetSpeed"":51.4,""seq"":4}","{""phase"":""E"",""startLLA"":{""lat"":37.575658,""lon"":127.02353,""alt"":286.42},""endLLA"":{""lat"":37.576473,""lon"":127.027052,""alt"":305},""targetSpeed"":51.4,""seq"":5}","{""phase"":""F"",""startLLA"":{""lat"":37.576473,""lon"":127.027052,""alt"":305},""endLLA"":{""lat"":37.581542,""lon"":127.048947,""alt"":305},""targetSpeed"":51.4,""seq"":6}","{""phase"":""F"",""startLLA"":{""lat"":37.581542,""lon"":127.048947,""alt"":305},""endLLA"":{""lat"":37.561925,""lon"":127.038491,""alt"":305},""targetSpeed"":51.4,""seq"":7}","{""phase"":""F"",""startLLA"":{""lat"":37.561925,""lon"":127.038491,""alt"":305},""endLLA"":{""lat"":37.53537,""lon"":127.034503,""alt"":305},""targetSpeed"":51.4,""seq"":8}","{""phase"":""F"",""startLLA"":{""lat"":37.53537,""lon"":127.034503,""alt"":305},""endLLA"":{""lat"":37.526922,""lon"":127.062783,""alt"":305},""targetSpeed"":51.4,""seq"":9}","{""phase"":""G"",""startLLA"":{""lat"":37.526922,""lon"":127.062783,""alt"":305},""endLLA"":{""lat"":37.526451,""lon"":127.064361,""alt"":296.46},""targetSpeed"":36,""seq"":10}","{""phase"":""G"",""startLLA"":{""lat"":37.526451,""lon"":127.064361,""alt"":296.46},""endLLA"":{""lat"":37.540426,""lon"":127.069298,""alt"":203.7},""targetSpeed"":36,""seq"":11}","{""phase"":""G"",""startLLA"":{""lat"":37.540426,""lon"":127.069298,""alt"":203.7},""endLLA"":{""lat"":37.524201,""lon"":127.06907,""alt"":100},""targetSpeed"":36,""seq"":12}","{""phase"":""I"",""startLLA"":{""lat"":37.524201,""lon"":127.06907,""alt"":100},""endLLA"":{""lat"":37.515071,""lon"":127.068942,""alt"":15},""targetSpeed"":30,""seq"":13}","{""phase"":""J"",""startLLA"":{""lat"":37.515071,""lon"":127.068942,""alt"":15},""endLLA"":{""lat"":37.515071,""lon"":127.068942,""alt"":0},""targetSpeed"":10,""seq"":14}","{""phase"":""K"",""startLLA"":{""lat"":37.515071,""lon"":127.068942,""alt"":0},""endLLA"":{""lat"":37.515071,""lon"":127.068942,""alt"":0},""targetSpeed"":3,""seq"":15}",,,,,,
d2d2f5e06492,2026-06-20,FPL1211002,UAM0064,a2,2,1,0.5,광화문,광화문,천호,천호,7,G7,F1,G2,F2,07:45:37,07:52:54,08:04:47,08:11:15,08:21:15,436.86,713.1,388.28,1538.24,127.71,310.59,ready,광화문 > 신설동역 > 청량리 > 중랑철교 > 상봉 > 아차산 고가차도 > 천호,17.9893,14,"{""phase"":""A"",""startLLA"":{""lat"":37.56901,""lon"":126.973604,""alt"":0},""endLLA"":{""lat"":37.56901,""lon"":126.973604,""alt"":0},""targetSpeed"":3,""seq"":1}","{""phase"":""B"",""startLLA"":{""lat"":37.56901,""lon"":126.973604,""alt"":0},""endLLA"":{""lat"":37.56901,""lon"":126.973604,""alt"":15},""targetSpeed"":10,""seq"":2}","{""phase"":""C"",""startLLA"":{""lat"":37.56901,""lon"":126.973604,""alt"":15},""endLLA"":{""lat"":37.570827,""lon"":126.987248,""alt"":100},""targetSpeed"":36,""seq"":3}","{""phase"":""E"",""startLLA"":{""lat"":37.570827,""lon"":126.987248,""alt"":100},""endLLA"":{""lat"":37.575658,""lon"":127.02353,""alt"":286.2},""targetSpeed"":51.4,""seq"":4}","{""phase"":""E"",""startLLA"":{""lat"":37.575658,""lon"":127.02353,""alt"":286.2},""endLLA"":{""lat"":37.576483,""lon"":127.027095,""alt"":305},""targetSpeed"":51.4,""seq"":5}","{""phase"":""F"",""startLLA"":{""lat"":37.576483,""lon"":127.027095,""alt"":305},""endLLA"":{""lat"":37.581542,""lon"":127.048947,""alt"":305},""targetSpeed"":51.4,""seq"":6}","{""phase"":""F"",""startLLA"":{""lat"":37.581542,""lon"":127.048947,""alt"":305},""endLLA"":{""lat"":37.593586,""lon"":127.069978,""alt"":305},""targetSpeed"":51.4,""seq"":7}","{""phase"":""F"",""startLLA"":{""lat"":37.593586,""lon"":127.069978,""alt"":305},""endLLA"":{""lat"":37.596919,""lon"":127.084854,""alt"":305},""targetSpeed"":51.4,""seq"":8}","{""phase"":""F"",""startLLA"":{""lat"":37.596919,""lon"":127.084854,""alt"":305},""endLLA"":{""lat"":37.570823,""lon"":127.091481,""alt"":305},""targetSpeed"":51.4,""seq"":9}","{""phase"":""G"",""startLLA"":{""lat"":37.570823,""lon"":127.091481,""alt"":305},""endLLA"":{""lat"":37.547423,""lon"":127.097424,""alt"":152.58},""targetSpeed"":36,""seq"":10}","{""phase"":""G"",""startLLA"":{""lat"":37.547423,""lon"":127.097424,""alt"":152.58},""endLLA"":{""lat"":37.546622,""lon"":127.107759,""alt"":100},""targetSpeed"":36,""seq"":11}","{""phase"":""I"",""startLLA"":{""lat"":37.546622,""lon"":127.107759,""alt"":100},""endLLA"":{""lat"":37.545733,""lon"":127.11923,""alt"":15},""targetSpeed"":30,""seq"":12}","{""phase"":""J"",""startLLA"":{""lat"":37.545733,""lon"":127.11923,""alt"":15},""endLLA"":{""lat"":37.545733,""lon"":127.11923,""alt"":0},""targetSpeed"":10,""seq"":13}","{""phase"":""K"",""startLLA"":{""lat"":37.545733,""lon"":127.11923,""alt"":0},""endLLA"":{""lat"":37.545733,""lon"":127.11923,""alt"":0},""targetSpeed"":3,""seq"":14}",,,,,,,
d2d2f5e06492,2026-06-20,FPL1202004,UAM0051,a2,2,2,1,광화문,광화문,잠실,잠실,8,G1,F1,G8,F2,08:00:00,08:06:06,08:18:22,08:24:20,08:34:20,366.86,735.71,358.28,1460.85,0,306.09,ready,광화문 > 신설동역 > 청량리 > 왕십리역 > 성수대교 남단 > 청담대교 중간지점 > 건대입구 > 잠실,19.3835,15,"{""phase"":""A"",""startLLA"":{""lat"":37.56901,""lon"":126.973604,""alt"":0},""endLLA"":{""lat"":37.56901,""lon"":126.973604,""alt"":0},""targetSpeed"":3,""seq"":1}","{""phase"":""B"",""startLLA"":{""lat"":37.56901,""lon"":126.973604,""alt"":0},""endLLA"":{""lat"":37.56901,""lon"":126.973604,""alt"":15},""targetSpeed"":10,""seq"":2}","{""phase"":""C"",""startLLA"":{""lat"":37.56901,""lon"":126.973604,""alt"":15},""endLLA"":{""lat"":37.570825,""lon"":126.987237,""alt"":100},""targetSpeed"":36,""seq"":3}","{""phase"":""E"",""startLLA"":{""lat"":37.570825,""lon"":126.987237,""alt"":100},""endLLA"":{""lat"":37.575658,""lon"":127.02353,""alt"":286.42},""targetSpeed"":51.4,""seq"":4}","{""phase"":""E"",""startLLA"":{""lat"":37.575658,""lon"":127.02353,""alt"":286.42},""endLLA"":{""lat"":37.576473,""lon"":127.027052,""alt"":305},""targetSpeed"":51.4,""seq"":5}","{""phase"":""F"",""startLLA"":{""lat"":37.576473,""lon"":127.027052,""alt"":305},""endLLA"":{""lat"":37.581542,""lon"":127.048947,""alt"":305},""targetSpeed"":51.4,""seq"":6}","{""phase"":""F"",""startLLA"":{""lat"":37.581542,""lon"":127.048947,""alt"":305},""endLLA"":{""lat"":37.561925,""lon"":127.038491,""alt"":305},""targetSpeed"":51.4,""seq"":7}","{""phase"":""F"",""startLLA"":{""lat"":37.561925,""lon"":127.038491,""alt"":305},""endLLA"":{""lat"":37.53537,""lon"":127.034503,""alt"":305},""targetSpeed"":51.4,""seq"":8}","{""phase"":""F"",""startLLA"":{""lat"":37.53537,""lon"":127.034503,""alt"":305},""endLLA"":{""lat"":37.526922,""lon"":127.062783,""alt"":305},""targetSpeed"":51.4,""seq"":9}","{""phase"":""G"",""startLLA"":{""lat"":37.526922,""lon"":127.062783,""alt"":305},""endLLA"":{""lat"":37.526451,""lon"":127.064361,""alt"":296.46},""targetSpeed"":36,""seq"":10}","{""phase"":""G"",""startLLA"":{""lat"":37.526451,""lon"":127.064361,""alt"":296.46},""endLLA"":{""lat"":37.540426,""lon"":127.069298,""alt"":203.7},""targetSpeed"":36,""seq"":11}","{""phase"":""G"",""startLLA"":{""lat"":37.540426,""lon"":127.069298,""alt"":203.7},""endLLA"":{""lat"":37.524201,""lon"":127.06907,""alt"":100},""targetSpeed"":36,""seq"":12}","{""phase"":""I"",""startLLA"":{""lat"":37.524201,""lon"":127.06907,""alt"":100},""endLLA"":{""lat"":37.515071,""lon"":127.068942,""alt"":15},""targetSpeed"":30,""seq"":13}","{""phase"":""J"",""startLLA"":{""lat"":37.515071,""lon"":127.068942,""alt"":15},""endLLA"":{""lat"":37.515071,""lon"":127.068942,""alt"":0},""targetSpeed"":10,""seq"":14}","{""phase"":""K"",""startLLA"":{""lat"":37.515071,""lon"":127.068942,""alt"":0},""endLLA"":{""lat"":37.515071,""lon"":127.068942,""alt"":0},""targetSpeed"":3,""seq"":15}",,,,,,
d2d2f5e06492,2026-06-20,FPL1214002,UAM0007,a2,2,2,1,광화문,광화문,가산,가산,8,G8,F2,G8,F2,08:01:45,08:07:51,08:14:02,08:20:01,08:30:01,366.86,370.9,358.28,1096.04,0,0,ready,광화문 > 홍대입구 > 성산대교 중간지점 > 선유도 17고지 > 영등포 > 가산,16.1492,13,"{""phase"":""A"",""startLLA"":{""lat"":37.56901,""lon"":126.973604,""alt"":0},""endLLA"":{""lat"":37.56901,""lon"":126.973604,""alt"":0},""targetSpeed"":3,""seq"":1}","{""phase"":""B"",""startLLA"":{""lat"":37.56901,""lon"":126.973604,""alt"":0},""endLLA"":{""lat"":37.56901,""lon"":126.973604,""alt"":15},""targetSpeed"":10,""seq"":2}","{""phase"":""C"",""startLLA"":{""lat"":37.56901,""lon"":126.973604,""alt"":15},""endLLA"":{""lat"":37.565863,""lon"":126.96076,""alt"":100},""targetSpeed"":36,""seq"":3}","{""phase"":""E"",""startLLA"":{""lat"":37.565863,""lon"":126.96076,""alt"":100},""endLLA"":{""lat"":37.556786,""lon"":126.923706,""alt"":302},""targetSpeed"":51.4,""seq"":4}","{""phase"":""E"",""startLLA"":{""lat"":37.556786,""lon"":126.923706,""alt"":302},""endLLA"":{""lat"":37.556712,""lon"":126.923138,""alt"":305},""targetSpeed"":51.4,""seq"":5}","{""phase"":""F"",""startLLA"":{""lat"":37.556712,""lon"":126.923138,""alt"":305},""endLLA"":{""lat"":37.552574,""lon"":126.891431,""alt"":305},""targetSpeed"":51.4,""seq"":6}","{""phase"":""F"",""startLLA"":{""lat"":37.552574,""lon"":126.891431,""alt"":305},""endLLA"":{""lat"":37.542307,""lon"":126.90249,""alt"":305},""targetSpeed"":51.4,""seq"":7}","{""phase"":""F"",""startLLA"":{""lat"":37.542307,""lon"":126.90249,""alt"":305},""endLLA"":{""lat"":37.520637,""lon"":126.906822,""alt"":305},""targetSpeed"":51.4,""seq"":8}","{""phase"":""G"",""startLLA"":{""lat"":37.520637,""lon"":126.906822,""alt"":305},""endLLA"":{""lat"":37.515965,""lon"":126.907756,""alt"":273.92},""targetSpeed"":36,""seq"":9}","{""phase"":""G"",""startLLA"":{""lat"":37.515965,""lon"":126.907756,""alt"":273.92},""endLLA"":{""lat"":37.495842,""lon"":126.886081,""alt"":100},""targetSpeed"":36,""seq"":10}","{""phase"":""I"",""startLLA"":{""lat"":37.495842,""lon"":126.886081,""alt"":100},""endLLA"":{""lat"":37.489091,""lon"":126.878809,""alt"":15},""targetSpeed"":30,""seq"":11}","{""phase"":""J"",""startLLA"":{""lat"":37.489091,""lon"":126.878809,""alt"":15},""endLLA"":{""lat"":37.489091,""lon"":126.878809,""alt"":0},""targetSpeed"":10,""seq"":12}","{""phase"":""K"",""startLLA"":{""lat"":37.489091,""lon"":126.878809,""alt"":0},""endLLA"":{""lat"":37.489091,""lon"":126.878809,""alt"":0},""targetSpeed"":3,""seq"":13}",,,,,,,,
d2d2f5e06492,2026-06-20,FPL1215002,UAM0019,a2,2,2,1,광화문,광화문,마곡,마곡,8,G1,F1,G2,F1,08:23:14,08:30:01,08:54:57,09:01:25,09:11:25,407.03,1496.39,388.28,2291.71,40.18,574.85,ready,광화문 > 홍대입구 > 성산대교 중간지점 > 가양대교 남단 > 마곡,17.1596,12,"{""phase"":""A"",""startLLA"":{""lat"":37.56901,""lon"":126.973604,""alt"":0},""endLLA"":{""lat"":37.56901,""lon"":126.973604,""alt"":0},""targetSpeed"":3,""seq"":1}","{""phase"":""B"",""startLLA"":{""lat"":37.56901,""lon"":126.973604,""alt"":0},""endLLA"":{""lat"":37.56901,""lon"":126.973604,""alt"":15},""targetSpeed"":10,""seq"":2}","{""phase"":""C"",""startLLA"":{""lat"":37.56901,""lon"":126.973604,""alt"":15},""endLLA"":{""lat"":37.565861,""lon"":126.96075,""alt"":100},""targetSpeed"":36,""seq"":3}","{""phase"":""E"",""startLLA"":{""lat"":37.565861,""lon"":126.96075,""alt"":100},""endLLA"":{""lat"":37.556786,""lon"":126.923706,""alt"":301.81},""targetSpeed"":51.4,""seq"":4}","{""phase"":""E"",""startLLA"":{""lat"":37.556786,""lon"":126.923706,""alt"":301.81},""endLLA"":{""lat"":37.556707,""lon"":126.923101,""alt"":305},""targetSpeed"":51.4,""seq"":5}","{""phase"":""F"",""startLLA"":{""lat"":37.556707,""lon"":126.923101,""alt"":305},""endLLA"":{""lat"":37.552574,""lon"":126.891431,""alt"":305},""targetSpeed"":51.4,""seq"":6}","{""phase"":""F"",""startLLA"":{""lat"":37.552574,""lon"":126.891431,""alt"":305},""endLLA"":{""lat"":37.569391,""lon"":126.861026,""alt"":305},""targetSpeed"":51.4,""seq"":7}","{""phase"":""F"",""startLLA"":{""lat"":37.569391,""lon"":126.861026,""alt"":305},""endLLA"":{""lat"":37.567792,""lon"":126.84212,""alt"":305},""targetSpeed"":51.4,""seq"":8}","{""phase"":""G"",""startLLA"":{""lat"":37.567792,""lon"":126.84212,""alt"":305},""endLLA"":{""lat"":37.564478,""lon"":126.802953,""alt"":100},""targetSpeed"":36,""seq"":9}","{""phase"":""I"",""startLLA"":{""lat"":37.564478,""lon"":126.802953,""alt"":100},""endLLA"":{""lat"":37.563535,""lon"":126.791805,""alt"":15},""targetSpeed"":30,""seq"":10}","{""phase"":""J"",""startLLA"":{""lat"":37.563535,""lon"":126.791805,""alt"":15},""endLLA"":{""lat"":37.563535,""lon"":126.791805,""alt"":0},""targetSpeed"":10,""seq"":11}","{""phase"":""K"",""startLLA"":{""lat"":37.563535,""lon"":126.791805,""alt"":0},""endLLA"":{""lat"":37.563535,""lon"":126.791805,""alt"":0},""targetSpeed"":3,""seq"":12}",,,,,,,,,
d2d2f5e06492,2026-06-20,FPL1216001,UAM0011,a2,2,1,0.5,광화문,광화문,망우,망우,8,G8,F2,G1,F1,08:27:20,08:33:26,09:13:13,09:19:12,09:29:12,366.86,2387.14,358.28,3112.28,0,781.43,ready,광화문 > 신설동역 > 청량리 > 망우,10.3914,11,"{""phase"":""A"",""startLLA"":{""lat"":37.56901,""lon"":126.973604,""alt"":0},""endLLA"":{""lat"":37.56901,""lon"":126.973604,""alt"":0},""targetSpeed"":3,""seq"":1}","{""phase"":""B"",""startLLA"":{""lat"":37.56901,""lon"":126.973604,""alt"":0},""endLLA"":{""lat"":37.56901,""lon"":126.973604,""alt"":15},""targetSpeed"":10,""seq"":2}","{""phase"":""C"",""startLLA"":{""lat"":37.56901,""lon"":126.973604,""alt"":15},""endLLA"":{""lat"":37.570845,""lon"":126.987382,""alt"":100},""targetSpeed"":36,""seq"":3}","{""phase"":""E"",""startLLA"":{""lat"":37.570845,""lon"":126.987382,""alt"":100},""endLLA"":{""lat"":37.575658,""lon"":127.02353,""alt"":283.71},""targetSpeed"":51.4,""seq"":4}","{""phase"":""E"",""startLLA"":{""lat"":37.575658,""lon"":127.02353,""alt"":283.71},""endLLA"":{""lat"":37.576602,""lon"":127.027607,""alt"":305},""targetSpeed"":51.4,""seq"":5}","{""phase"":""F"",""startLLA"":{""lat"":37.576602,""lon"":127.027607,""alt"":305},""endLLA"":{""lat"":37.578933,""lon"":127.037679,""alt"":305},""targetSpeed"":51.4,""seq"":6}","{""phase"":""G"",""startLLA"":{""lat"":37.578933,""lon"":127.037679,""alt"":305},""endLLA"":{""lat"":37.581542,""lon"":127.048947,""alt"":246.17},""targetSpeed"":36,""seq"":7}","{""phase"":""G"",""startLLA"":{""lat"":37.581542,""lon"":127.048947,""alt"":246.17},""endLLA"":{""lat"":37.592532,""lon"":127.074609,""alt"":100},""targetSpeed"":36,""seq"":8}","{""phase"":""I"",""startLLA"":{""lat"":37.592532,""lon"":127.074609,""alt"":100},""endLLA"":{""lat"":37.596919,""lon"":127.084854,""alt"":15},""targetSpeed"":30,""seq"":9}","{""phase"":""J"",""startLLA"":{""lat"":37.596919,""lon"":127.084854,""alt"":15},""endLLA"":{""lat"":37.596919,""lon"":127.084854,""alt"":0},""targetSpeed"":10,""seq"":10}","{""phase"":""K"",""startLLA"":{""lat"":37.596919,""lon"":127.084854,""alt"":0},""endLLA"":{""lat"":37.596919,""lon"":127.084854,""alt"":0},""targetSpeed"":3,""seq"":11}",,,,,,,,,,
d2d2f5e06492,2026-06-20,FPL1217002,UAM0041,a2,2,1,0.5,광화문,광화문,수서,수서,8,G2,F1,G7,F1,08:30:55,08:37:31,08:45:23,08:51:51,09:01:51,396.86,471.62,388.28,1256.76,0,0,ready,광화문 > 신설동역 > 청량리 > 왕십리역 > 성수대교 남단 > 청담대교 중간지점 > 잠실대교 중간지점 > 수서,21.5406,15,"{""phase"":""A"",""startLLA"":{""lat"":37.56901,""lon"":126.973604,""alt"":0},""endLLA"":{""lat"":37.56901,""lon"":126.973604,""alt"":0},""targetSpeed"":3,""seq"":1}","{""phase"":""B"",""startLLA"":{""lat"":37.56901,""lon"":126.973604,""alt"":0},""endLLA"":{""lat"":37.56901,""lon"":126.973604,""alt"":15},""targetSpeed"":10,""seq"":2}","{""phase"":""C"",""startLLA"":{""lat"":37.56901,""lon"":126.973604,""alt"":15},""endLLA"":{""lat"":37.570823,""lon"":126.98722,""alt"":100},""targetSpeed"":36,""seq"":3}","{""phase"":""E"",""startLLA"":{""lat"":37.570823,""lon"":126.98722,""alt"":100},""endLLA"":{""lat"":37.575658,""lon"":127.02353,""alt"":286.73},""targetSpeed"":51.4,""seq"":4}","{""phase"":""E"",""startLLA"":{""lat"":37.575658,""lon"":127.02353,""alt"":286.73},""endLLA"":{""lat"":37.576459,""lon"":127.026988,""alt"":305},""targetSpeed"":51.4,""seq"":5}","{""phase"":""F"",""startLLA"":{""lat"":37.576459,""lon"":127.026988,""alt"":305},""endLLA"":{""lat"":37.581542,""lon"":127.048947,""alt"":305},""targetSpeed"":51.4,""seq"":6}","{""phase"":""F"",""startLLA"":{""lat"":37.581542,""lon"":127.048947,""alt"":305},""endLLA"":{""lat"":37.561925,""lon"":127.038491,""alt"":305},""targetSpeed"":51.4,""seq"":7}","{""phase"":""F"",""startLLA"":{""lat"":37.561925,""lon"":127.038491,""alt"":305},""endLLA"":{""lat"":37.53537,""lon"":127.034503,""alt"":305},""targetSpeed"":51.4,""seq"":8}","{""phase"":""F"",""startLLA"":{""lat"":37.53537,""lon"":127.034503,""alt"":305},""endLLA"":{""lat"":37.526451,""lon"":127.064361,""alt"":305},""targetSpeed"":51.4,""seq"":9}","{""phase"":""F"",""startLLA"":{""lat"":37.526451,""lon"":127.064361,""alt"":305},""endLLA"":{""lat"":37.524649,""lon"":127.087085,""alt"":305},""targetSpeed"":51.4,""seq"":10}","{""phase"":""G"",""startLLA"":{""lat"":37.524649,""lon"":127.087085,""alt"":305},""endLLA"":{""lat"":37.524288,""lon"":127.091639,""alt"":281.77},""targetSpeed"":36,""seq"":11}","{""phase"":""G"",""startLLA"":{""lat"":37.524288,""lon"":127.091639,""alt"":281.77},""endLLA"":{""lat"":37.496395,""lon"":127.098425,""alt"":100},""targetSpeed"":36,""seq"":12}","{""phase"":""I"",""startLLA"":{""lat"":37.496395,""lon"":127.098425,""alt"":100},""endLLA"":{""lat"":37.487441,""lon"":127.100603,""alt"":15},""targetSpeed"":30,""seq"":13}","{""phase"":""J"",""startLLA"":{""lat"":37.487441,""lon"":127.100603,""alt"":15},""endLLA"":{""lat"":37.487441,""lon"":127.100603,""alt"":0},""targetSpeed"":10,""seq"":14}","{""phase"":""K"",""startLLA"":{""lat"":37.487441,""lon"":127.100603,""alt"":0},""endLLA"":{""lat"":37.487441,""lon"":127.100603,""alt"":0},""targetSpeed"":3,""seq"":15}",,,,,,
d2d2f5e06492,2026-06-20,FPL1202005,UAM0049,a2,2,1,0.5,광화문,광화문,잠실,잠실,8,G7,F2,G7,F1,08:32:19,08:38:55,08:46:05,08:52:33,09:02:33,396.86,429.62,388.28,1214.76,0,0,ready,광화문 > 신설동역 > 청량리 > 왕십리역 > 성수대교 남단 > 청담대교 중간지점 > 건대입구 > 잠실,19.3835,15,"{""phase"":""A"",""startLLA"":{""lat"":37.56901,""lon"":126.973604,""alt"":0},""endLLA"":{""lat"":37.56901,""lon"":126.973604,""alt"":0},""targetSpeed"":3,""seq"":1}","{""phase"":""B"",""startLLA"":{""lat"":37.56901,""lon"":126.973604,""alt"":0},""endLLA"":{""lat"":37.56901,""lon"":126.973604,""alt"":15},""targetSpeed"":10,""seq"":2}","{""phase"":""C"",""startLLA"":{""lat"":37.56901,""lon"":126.973604,""alt"":15},""endLLA"":{""lat"":37.570825,""lon"":126.987237,""alt"":100},""targetSpeed"":36,""seq"":3}","{""phase"":""E"",""startLLA"":{""lat"":37.570825,""lon"":126.987237,""alt"":100},""endLLA"":{""lat"":37.575658,""lon"":127.02353,""alt"":286.42},""targetSpeed"":51.4,""seq"":4}","{""phase"":""E"",""startLLA"":{""lat"":37.575658,""lon"":127.02353,""alt"":286.42},""endLLA"":{""lat"":37.576473,""lon"":127.027052,""alt"":305},""targetSpeed"":51.4,""seq"":5}","{""phase"":""F"",""startLLA"":{""lat"":37.576473,""lon"":127.027052,""alt"":305},""endLLA"":{""lat"":37.581542,""lon"":127.048947,""alt"":305},""targetSpeed"":51.4,""seq"":6}","{""phase"":""F"",""startLLA"":{""lat"":37.581542,""lon"":127.048947,""alt"":305},""endLLA"":{""lat"":37.561925,""lon"":127.038491,""alt"":305},""targetSpeed"":51.4,""seq"":7}","{""phase"":""F"",""startLLA"":{""lat"":37.561925,""lon"":127.038491,""alt"":305},""endLLA"":{""lat"":37.53537,""lon"":127.034503,""alt"":305},""targetSpeed"":51.4,""seq"":8}","{""phase"":""F"",""startLLA"":{""lat"":37.53537,""lon"":127.034503,""alt"":305},""endLLA"":{""lat"":37.526922,""lon"":127.062783,""alt"":305},""targetSpeed"":51.4,""seq"":9}","{""phase"":""G"",""startLLA"":{""lat"":37.526922,""lon"":127.062783,""alt"":305},""endLLA"":{""lat"":37.526451,""lon"":127.064361,""alt"":296.46},""targetSpeed"":36,""seq"":10}","{""phase"":""G"",""startLLA"":{""lat"":37.526451,""lon"":127.064361,""alt"":296.46},""endLLA"":{""lat"":37.540426,""lon"":127.069298,""alt"":203.7},""targetSpeed"":36,""seq"":11}","{""phase"":""G"",""startLLA"":{""lat"":37.540426,""lon"":127.069298,""alt"":203.7},""endLLA"":{""lat"":37.524201,""lon"":127.06907,""alt"":100},""targetSpeed"":36,""seq"":12}","{""phase"":""I"",""startLLA"":{""lat"":37.524201,""lon"":127.06907,""alt"":100},""endLLA"":{""lat"":37.515071,""lon"":127.068942,""alt"":15},""targetSpeed"":30,""seq"":13}","{""phase"":""J"",""startLLA"":{""lat"":37.515071,""lon"":127.068942,""alt"":15},""endLLA"":{""lat"":37.515071,""lon"":127.068942,""alt"":0},""targetSpeed"":10,""seq"":14}","{""phase"":""K"",""startLLA"":{""lat"":37.515071,""lon"":127.068942,""alt"":0},""endLLA"":{""lat"":37.515071,""lon"":127.068942,""alt"":0},""targetSpeed"":3,""seq"":15}",,,,,,
d2d2f5e06492,2026-06-20,FPL1211003,UAM0008,a2,2,1,0.5,광화문,광화문,천호,천호,8,G3,F1,G1,F2,08:36:05,08:43:11,08:52:16,08:58:14,09:08:14,426.86,544.57,358.28,1329.71,0,142.06,ready,광화문 > 신설동역 > 청량리 > 중랑철교 > 상봉 > 아차산 고가차도 > 천호,17.9893,14,"{""phase"":""A"",""startLLA"":{""lat"":37.56901,""lon"":126.973604,""alt"":0},""endLLA"":{""lat"":37.56901,""lon"":126.973604,""alt"":0},""targetSpeed"":3,""seq"":1}","{""phase"":""B"",""startLLA"":{""lat"":37.56901,""lon"":126.973604,""alt"":0},""endLLA"":{""lat"":37.56901,""lon"":126.973604,""alt"":15},""targetSpeed"":10,""seq"":2}","{""phase"":""C"",""startLLA"":{""lat"":37.56901,""lon"":126.973604,""alt"":15},""endLLA"":{""lat"":37.570827,""lon"":126.987248,""alt"":100},""targetSpeed"":36,""seq"":3}","{""phase"":""E"",""startLLA"":{""lat"":37.570827,""lon"":126.987248,""alt"":100},""endLLA"":{""lat"":37.575658,""lon"":127.02353,""alt"":286.2},""targetSpeed"":51.4,""seq"":4}","{""phase"":""E"",""startLLA"":{""lat"":37.575658,""lon"":127.02353,""alt"":286.2},""endLLA"":{""lat"":37.576483,""lon"":127.027095,""alt"":305},""targetSpeed"":51.4,""seq"":5}","{""phase"":""F"",""startLLA"":{""lat"":37.576483,""lon"":127.027095,""alt"":305},""endLLA"":{""lat"":37.581542,""lon"":127.048947,""alt"":305},""targetSpeed"":51.4,""seq"":6}","{""phase"":""F"",""startLLA"":{""lat"":37.581542,""lon"":127.048947,""alt"":305},""endLLA"":{""lat"":37.593586,""lon"":127.069978,""alt"":305},""targetSpeed"":51.4,""seq"":7}","{""phase"":""F"",""startLLA"":{""lat"":37.593586,""lon"":127.069978,""alt"":305},""endLLA"":{""lat"":37.596919,""lon"":127.084854,""alt"":305},""targetSpeed"":51.4,""seq"":8}","{""phase"":""F"",""startLLA"":{""lat"":37.596919,""lon"":127.084854,""alt"":305},""endLLA"":{""lat"":37.570823,""lon"":127.091481,""alt"":305},""targetSpeed"":51.4,""seq"":9}","{""phase"":""G"",""startLLA"":{""lat"":37.570823,""lon"":127.091481,""alt"":305},""endLLA"":{""lat"":37.547423,""lon"":127.097424,""alt"":152.58},""targetSpeed"":36,""seq"":10}","{""phase"":""G"",""startLLA"":{""lat"":37.547423,""lon"":127.097424,""alt"":152.58},""endLLA"":{""lat"":37.546622,""lon"":127.107759,""alt"":100},""targetSpeed"":36,""seq"":11}","{""phase"":""I"",""startLLA"":{""lat"":37.546622,""lon"":127.107759,""alt"":100},""endLLA"":{""lat"":37.545733,""lon"":127.11923,""alt"":15},""targetSpeed"":30,""seq"":12}","{""phase"":""J"",""startLLA"":{""lat"":37.545733,""lon"":127.11923,""alt"":15},""endLLA"":{""lat"":37.545733,""lon"":127.11923,""alt"":0},""targetSpeed"":10,""seq"":13}","{""phase"":""K"",""startLLA"":{""lat"":37.545733,""lon"":127.11923,""alt"":0},""endLLA"":{""lat"":37.545733,""lon"":127.11923,""alt"":0},""targetSpeed"":3,""seq"":14}",,,,,,,
d2d2f5e06492,2026-06-20,FPL1216002,UAM0055,a2,2,2,1,광화문,광화문,망우,망우,9,G1,F1,G3,F1,09:35:35,09:41:41,10:33:08,10:40:06,10:50:06,366.86,3086.43,418.28,3871.57,0,1977.71,ready,광화문 > 신설동역 > 청량리 > 망우,10.3914,11,"{""phase"":""A"",""startLLA"":{""lat"":37.56901,""lon"":126.973604,""alt"":0},""endLLA"":{""lat"":37.56901,""lon"":126.973604,""alt"":0},""targetSpeed"":3,""seq"":1}","{""phase"":""B"",""startLLA"":{""lat"":37.56901,""lon"":126.973604,""alt"":0},""endLLA"":{""lat"":37.56901,""lon"":126.973604,""alt"":15},""targetSpeed"":10,""seq"":2}","{""phase"":""C"",""startLLA"":{""lat"":37.56901,""lon"":126.973604,""alt"":15},""endLLA"":{""lat"":37.570845,""lon"":126.987382,""alt"":100},""targetSpeed"":36,""seq"":3}","{""phase"":""E"",""startLLA"":{""lat"":37.570845,""lon"":126.987382,""alt"":100},""endLLA"":{""lat"":37.575658,""lon"":127.02353,""alt"":283.71},""targetSpeed"":51.4,""seq"":4}","{""phase"":""E"",""startLLA"":{""lat"":37.575658,""lon"":127.02353,""alt"":283.71},""endLLA"":{""lat"":37.576602,""lon"":127.027607,""alt"":305},""targetSpeed"":51.4,""seq"":5}","{""phase"":""F"",""startLLA"":{""lat"":37.576602,""lon"":127.027607,""alt"":305},""endLLA"":{""lat"":37.578933,""lon"":127.037679,""alt"":305},""targetSpeed"":51.4,""seq"":6}","{""phase"":""G"",""startLLA"":{""lat"":37.578933,""lon"":127.037679,""alt"":305},""endLLA"":{""lat"":37.581542,""lon"":127.048947,""alt"":246.17},""targetSpeed"":36,""seq"":7}","{""phase"":""G"",""startLLA"":{""lat"":37.581542,""lon"":127.048947,""alt"":246.17},""endLLA"":{""lat"":37.592532,""lon"":127.074609,""alt"":100},""targetSpeed"":36,""seq"":8}","{""phase"":""I"",""startLLA"":{""lat"":37.592532,""lon"":127.074609,""alt"":100},""endLLA"":{""lat"":37.596919,""lon"":127.084854,""alt"":15},""targetSpeed"":30,""seq"":9}","{""phase"":""J"",""startLLA"":{""lat"":37.596919,""lon"":127.084854,""alt"":15},""endLLA"":{""lat"":37.596919,""lon"":127.084854,""alt"":0},""targetSpeed"":10,""seq"":10}","{""phase"":""K"",""startLLA"":{""lat"":37.596919,""lon"":127.084854,""alt"":0},""endLLA"":{""lat"":37.596919,""lon"":127.084854,""alt"":0},""targetSpeed"":3,""seq"":11}",,,,,,,,,,
d2d2f5e06492,2026-06-20,FPL1202006,UAM0049,a2,2,2,1,광화문,광화문,잠실,잠실,9,G8,F2,G1,F1,09:40:12,09:46:18,09:53:28,09:59:26,10:09:26,366.86,429.62,358.28,1154.76,0,0,ready,광화문 > 신설동역 > 청량리 > 왕십리역 > 성수대교 남단 > 청담대교 중간지점 > 건대입구 > 잠실,19.3835,15,"{""phase"":""A"",""startLLA"":{""lat"":37.56901,""lon"":126.973604,""alt"":0},""endLLA"":{""lat"":37.56901,""lon"":126.973604,""alt"":0},""targetSpeed"":3,""seq"":1}","{""phase"":""B"",""startLLA"":{""lat"":37.56901,""lon"":126.973604,""alt"":0},""endLLA"":{""lat"":37.56901,""lon"":126.973604,""alt"":15},""targetSpeed"":10,""seq"":2}","{""phase"":""C"",""startLLA"":{""lat"":37.56901,""lon"":126.973604,""alt"":15},""endLLA"":{""lat"":37.570825,""lon"":126.987237,""alt"":100},""targetSpeed"":36,""seq"":3}","{""phase"":""E"",""startLLA"":{""lat"":37.570825,""lon"":126.987237,""alt"":100},""endLLA"":{""lat"":37.575658,""lon"":127.02353,""alt"":286.42},""targetSpeed"":51.4,""seq"":4}","{""phase"":""E"",""startLLA"":{""lat"":37.575658,""lon"":127.02353,""alt"":286.42},""endLLA"":{""lat"":37.576473,""lon"":127.027052,""alt"":305},""targetSpeed"":51.4,""seq"":5}","{""phase"":""F"",""startLLA"":{""lat"":37.576473,""lon"":127.027052,""alt"":305},""endLLA"":{""lat"":37.581542,""lon"":127.048947,""alt"":305},""targetSpeed"":51.4,""seq"":6}","{""phase"":""F"",""startLLA"":{""lat"":37.581542,""lon"":127.048947,""alt"":305},""endLLA"":{""lat"":37.561925,""lon"":127.038491,""alt"":305},""targetSpeed"":51.4,""seq"":7}","{""phase"":""F"",""startLLA"":{""lat"":37.561925,""lon"":127.038491,""alt"":305},""endLLA"":{""lat"":37.53537,""lon"":127.034503,""alt"":305},""targetSpeed"":51.4,""seq"":8}","{""phase"":""F"",""startLLA"":{""lat"":37.53537,""lon"":127.034503,""alt"":305},""endLLA"":{""lat"":37.526922,""lon"":127.062783,""alt"":305},""targetSpeed"":51.4,""seq"":9}","{""phase"":""G"",""startLLA"":{""lat"":37.526922,""lon"":127.062783,""alt"":305},""endLLA"":{""lat"":37.526451,""lon"":127.064361,""alt"":296.46},""targetSpeed"":36,""seq"":10}","{""phase"":""G"",""startLLA"":{""lat"":37.526451,""lon"":127.064361,""alt"":296.46},""endLLA"":{""lat"":37.540426,""lon"":127.069298,""alt"":203.7},""targetSpeed"":36,""seq"":11}","{""phase"":""G"",""startLLA"":{""lat"":37.540426,""lon"":127.069298,""alt"":203.7},""endLLA"":{""lat"":37.524201,""lon"":127.06907,""alt"":100},""targetSpeed"":36,""seq"":12}","{""phase"":""I"",""startLLA"":{""lat"":37.524201,""lon"":127.06907,""alt"":100},""endLLA"":{""lat"":37.515071,""lon"":127.068942,""alt"":15},""targetSpeed"":30,""seq"":13}","{""phase"":""J"",""startLLA"":{""lat"":37.515071,""lon"":127.068942,""alt"":15},""endLLA"":{""lat"":37.515071,""lon"":127.068942,""alt"":0},""targetSpeed"":10,""seq"":14}","{""phase"":""K"",""startLLA"":{""lat"":37.515071,""lon"":127.068942,""alt"":0},""endLLA"":{""lat"":37.515071,""lon"":127.068942,""alt"":0},""targetSpeed"":3,""seq"":15}",,,,,,
d2d2f5e06492,2026-06-20,FPL1215003,UAM0068,a2,2,2,1,광화문,광화문,마곡,마곡,9,G1,F1,G3,F2,09:58:49,10:04:55,10:35:46,10:42:45,10:52:45,366.86,1851,418.28,2636.14,0,1460.44,ready,광화문 > 홍대입구 > 성산대교 중간지점 > 가양대교 남단 > 마곡,17.1596,12,"{""phase"":""A"",""startLLA"":{""lat"":37.56901,""lon"":126.973604,""alt"":0},""endLLA"":{""lat"":37.56901,""lon"":126.973604,""alt"":0},""targetSpeed"":3,""seq"":1}","{""phase"":""B"",""startLLA"":{""lat"":37.56901,""lon"":126.973604,""alt"":0},""endLLA"":{""lat"":37.56901,""lon"":126.973604,""alt"":15},""targetSpeed"":10,""seq"":2}","{""phase"":""C"",""startLLA"":{""lat"":37.56901,""lon"":126.973604,""alt"":15},""endLLA"":{""lat"":37.565861,""lon"":126.96075,""alt"":100},""targetSpeed"":36,""seq"":3}","{""phase"":""E"",""startLLA"":{""lat"":37.565861,""lon"":126.96075,""alt"":100},""endLLA"":{""lat"":37.556786,""lon"":126.923706,""alt"":301.81},""targetSpeed"":51.4,""seq"":4}","{""phase"":""E"",""startLLA"":{""lat"":37.556786,""lon"":126.923706,""alt"":301.81},""endLLA"":{""lat"":37.556707,""lon"":126.923101,""alt"":305},""targetSpeed"":51.4,""seq"":5}","{""phase"":""F"",""startLLA"":{""lat"":37.556707,""lon"":126.923101,""alt"":305},""endLLA"":{""lat"":37.552574,""lon"":126.891431,""alt"":305},""targetSpeed"":51.4,""seq"":6}","{""phase"":""F"",""startLLA"":{""lat"":37.552574,""lon"":126.891431,""alt"":305},""endLLA"":{""lat"":37.569391,""lon"":126.861026,""alt"":305},""targetSpeed"":51.4,""seq"":7}","{""phase"":""F"",""startLLA"":{""lat"":37.569391,""lon"":126.861026,""alt"":305},""endLLA"":{""lat"":37.567792,""lon"":126.84212,""alt"":305},""targetSpeed"":51.4,""seq"":8}","{""phase"":""G"",""startLLA"":{""lat"":37.567792,""lon"":126.84212,""alt"":305},""endLLA"":{""lat"":37.564478,""lon"":126.802953,""alt"":100},""targetSpeed"":36,""seq"":9}","{""phase"":""I"",""startLLA"":{""lat"":37.564478,""lon"":126.802953,""alt"":100},""endLLA"":{""lat"":37.563535,""lon"":126.791805,""alt"":15},""targetSpeed"":30,""seq"":10}","{""phase"":""J"",""startLLA"":{""lat"":37.563535,""lon"":126.791805,""alt"":15},""endLLA"":{""lat"":37.563535,""lon"":126.791805,""alt"":0},""targetSpeed"":10,""seq"":11}","{""phase"":""K"",""startLLA"":{""lat"":37.563535,""lon"":126.791805,""alt"":0},""endLLA"":{""lat"":37.563535,""lon"":126.791805,""alt"":0},""targetSpeed"":3,""seq"":12}",,,,,,,,,
d2d2f5e06492,2026-06-20,FPL1202007,UAM0054,a2,2,2,1,광화문,광화문,잠실,잠실,10,G8,F1,G1,F1,10:05:06,10:11:12,10:18:22,10:24:20,10:34:20,366.86,429.62,358.28,1154.76,0,0,ready,광화문 > 신설동역 > 청량리 > 왕십리역 > 성수대교 남단 > 청담대교 중간지점 > 건대입구 > 잠실,19.3835,15,"{""phase"":""A"",""startLLA"":{""lat"":37.56901,""lon"":126.973604,""alt"":0},""endLLA"":{""lat"":37.56901,""lon"":126.973604,""alt"":0},""targetSpeed"":3,""seq"":1}","{""phase"":""B"",""startLLA"":{""lat"":37.56901,""lon"":126.973604,""alt"":0},""endLLA"":{""lat"":37.56901,""lon"":126.973604,""alt"":15},""targetSpeed"":10,""seq"":2}","{""phase"":""C"",""startLLA"":{""lat"":37.56901,""lon"":126.973604,""alt"":15},""endLLA"":{""lat"":37.570825,""lon"":126.987237,""alt"":100},""targetSpeed"":36,""seq"":3}","{""phase"":""E"",""startLLA"":{""lat"":37.570825,""lon"":126.987237,""alt"":100},""endLLA"":{""lat"":37.575658,""lon"":127.02353,""alt"":286.42},""targetSpeed"":51.4,""seq"":4}","{""phase"":""E"",""startLLA"":{""lat"":37.575658,""lon"":127.02353,""alt"":286.42},""endLLA"":{""lat"":37.576473,""lon"":127.027052,""alt"":305},""targetSpeed"":51.4,""seq"":5}","{""phase"":""F"",""startLLA"":{""lat"":37.576473,""lon"":127.027052,""alt"":305},""endLLA"":{""lat"":37.581542,""lon"":127.048947,""alt"":305},""targetSpeed"":51.4,""seq"":6}","{""phase"":""F"",""startLLA"":{""lat"":37.581542,""lon"":127.048947,""alt"":305},""endLLA"":{""lat"":37.561925,""lon"":127.038491,""alt"":305},""targetSpeed"":51.4,""seq"":7}","{""phase"":""F"",""startLLA"":{""lat"":37.561925,""lon"":127.038491,""alt"":305},""endLLA"":{""lat"":37.53537,""lon"":127.034503,""alt"":305},""targetSpeed"":51.4,""seq"":8}","{""phase"":""F"",""startLLA"":{""lat"":37.53537,""lon"":127.034503,""alt"":305},""endLLA"":{""lat"":37.526922,""lon"":127.062783,""alt"":305},""targetSpeed"":51.4,""seq"":9}","{""phase"":""G"",""startLLA"":{""lat"":37.526922,""lon"":127.062783,""alt"":305},""endLLA"":{""lat"":37.526451,""lon"":127.064361,""alt"":296.46},""targetSpeed"":36,""seq"":10}","{""phase"":""G"",""startLLA"":{""lat"":37.526451,""lon"":127.064361,""alt"":296.46},""endLLA"":{""lat"":37.540426,""lon"":127.069298,""alt"":203.7},""targetSpeed"":36,""seq"":11}","{""phase"":""G"",""startLLA"":{""lat"":37.540426,""lon"":127.069298,""alt"":203.7},""endLLA"":{""lat"":37.524201,""lon"":127.06907,""alt"":100},""targetSpeed"":36,""seq"":12}","{""phase"":""I"",""startLLA"":{""lat"":37.524201,""lon"":127.06907,""alt"":100},""endLLA"":{""lat"":37.515071,""lon"":127.068942,""alt"":15},""targetSpeed"":30,""seq"":13}","{""phase"":""J"",""startLLA"":{""lat"":37.515071,""lon"":127.068942,""alt"":15},""endLLA"":{""lat"":37.515071,""lon"":127.068942,""alt"":0},""targetSpeed"":10,""seq"":14}","{""phase"":""K"",""startLLA"":{""lat"":37.515071,""lon"":127.068942,""alt"":0},""endLLA"":{""lat"":37.515071,""lon"":127.068942,""alt"":0},""targetSpeed"":3,""seq"":15}",,,,,,
d2d2f5e06492,2026-06-20,FPL1214003,UAM0051,a2,2,2,1,광화문,광화문,가산,가산,10,G2,F2,G2,F1,10:08:14,10:14:50,10:21:01,10:27:30,10:37:30,396.86,370.9,388.28,1156.04,0,0,ready,광화문 > 홍대입구 > 성산대교 중간지점 > 선유도 17고지 > 영등포 > 가산,16.1492,13,"{""phase"":""A"",""startLLA"":{""lat"":37.56901,""lon"":126.973604,""alt"":0},""endLLA"":{""lat"":37.56901,""lon"":126.973604,""alt"":0},""targetSpeed"":3,""seq"":1}","{""phase"":""B"",""startLLA"":{""lat"":37.56901,""lon"":126.973604,""alt"":0},""endLLA"":{""lat"":37.56901,""lon"":126.973604,""alt"":15},""targetSpeed"":10,""seq"":2}","{""phase"":""C"",""startLLA"":{""lat"":37.56901,""lon"":126.973604,""alt"":15},""endLLA"":{""lat"":37.565863,""lon"":126.96076,""alt"":100},""targetSpeed"":36,""seq"":3}","{""phase"":""E"",""startLLA"":{""lat"":37.565863,""lon"":126.96076,""alt"":100},""endLLA"":{""lat"":37.556786,""lon"":126.923706,""alt"":302},""targetSpeed"":51.4,""seq"":4}","{""phase"":""E"",""startLLA"":{""lat"":37.556786,""lon"":126.923706,""alt"":302},""endLLA"":{""lat"":37.556712,""lon"":126.923138,""alt"":305},""targetSpeed"":51.4,""seq"":5}","{""phase"":""F"",""startLLA"":{""lat"":37.556712,""lon"":126.923138,""alt"":305},""endLLA"":{""lat"":37.552574,""lon"":126.891431,""alt"":305},""targetSpeed"":51.4,""seq"":6}","{""phase"":""F"",""startLLA"":{""lat"":37.552574,""lon"":126.891431,""alt"":305},""endLLA"":{""lat"":37.542307,""lon"":126.90249,""alt"":305},""targetSpeed"":51.4,""seq"":7}","{""phase"":""F"",""startLLA"":{""lat"":37.542307,""lon"":126.90249,""alt"":305},""endLLA"":{""lat"":37.520637,""lon"":126.906822,""alt"":305},""targetSpeed"":51.4,""seq"":8}","{""phase"":""G"",""startLLA"":{""lat"":37.520637,""lon"":126.906822,""alt"":305},""endLLA"":{""lat"":37.515965,""lon"":126.907756,""alt"":273.92},""targetSpeed"":36,""seq"":9}","{""phase"":""G"",""startLLA"":{""lat"":37.515965,""lon"":126.907756,""alt"":273.92},""endLLA"":{""lat"":37.495842,""lon"":126.886081,""alt"":100},""targetSpeed"":36,""seq"":10}","{""phase"":""I"",""startLLA"":{""lat"":37.495842,""lon"":126.886081,""alt"":100},""endLLA"":{""lat"":37.489091,""lon"":126.878809,""alt"":15},""targetSpeed"":30,""seq"":11}","{""phase"":""J"",""startLLA"":{""lat"":37.489091,""lon"":126.878809,""alt"":15},""endLLA"":{""lat"":37.489091,""lon"":126.878809,""alt"":0},""targetSpeed"":10,""seq"":12}","{""phase"":""K"",""startLLA"":{""lat"":37.489091,""lon"":126.878809,""alt"":0},""endLLA"":{""lat"":37.489091,""lon"":126.878809,""alt"":0},""targetSpeed"":3,""seq"":13}",,,,,,,,
d2d2f5e06492,2026-06-20,FPL1217003,UAM0045,a2,2,2,1,광화문,광화문,수서,수서,10,G1,F1,G2,F1,10:32:59,10:39:05,10:46:57,10:53:25,11:03:25,366.86,471.62,388.28,1226.76,0,0,ready,광화문 > 신설동역 > 청량리 > 왕십리역 > 성수대교 남단 > 청담대교 중간지점 > 잠실대교 중간지점 > 수서,21.5406,15,"{""phase"":""A"",""startLLA"":{""lat"":37.56901,""lon"":126.973604,""alt"":0},""endLLA"":{""lat"":37.56901,""lon"":126.973604,""alt"":0},""targetSpeed"":3,""seq"":1}","{""phase"":""B"",""startLLA"":{""lat"":37.56901,""lon"":126.973604,""alt"":0},""endLLA"":{""lat"":37.56901,""lon"":126.973604,""alt"":15},""targetSpeed"":10,""seq"":2}","{""phase"":""C"",""startLLA"":{""lat"":37.56901,""lon"":126.973604,""alt"":15},""endLLA"":{""lat"":37.570823,""lon"":126.98722,""alt"":100},""targetSpeed"":36,""seq"":3}","{""phase"":""E"",""startLLA"":{""lat"":37.570823,""lon"":126.98722,""alt"":100},""endLLA"":{""lat"":37.575658,""lon"":127.02353,""alt"":286.73},""targetSpeed"":51.4,""seq"":4}","{""phase"":""E"",""startLLA"":{""lat"":37.575658,""lon"":127.02353,""alt"":286.73},""endLLA"":{""lat"":37.576459,""lon"":127.026988,""alt"":305},""targetSpeed"":51.4,""seq"":5}","{""phase"":""F"",""startLLA"":{""lat"":37.576459,""lon"":127.026988,""alt"":305},""endLLA"":{""lat"":37.581542,""lon"":127.048947,""alt"":305},""targetSpeed"":51.4,""seq"":6}","{""phase"":""F"",""startLLA"":{""lat"":37.581542,""lon"":127.048947,""alt"":305},""endLLA"":{""lat"":37.561925,""lon"":127.038491,""alt"":305},""targetSpeed"":51.4,""seq"":7}","{""phase"":""F"",""startLLA"":{""lat"":37.561925,""lon"":127.038491,""alt"":305},""endLLA"":{""lat"":37.53537,""lon"":127.034503,""alt"":305},""targetSpeed"":51.4,""seq"":8}","{""phase"":""F"",""startLLA"":{""lat"":37.53537,""lon"":127.034503,""alt"":305},""endLLA"":{""lat"":37.526451,""lon"":127.064361,""alt"":305},""targetSpeed"":51.4,""seq"":9}","{""phase"":""F"",""startLLA"":{""lat"":37.526451,""lon"":127.064361,""alt"":305},""endLLA"":{""lat"":37.524649,""lon"":127.087085,""alt"":305},""targetSpeed"":51.4,""seq"":10}","{""phase"":""G"",""startLLA"":{""lat"":37.524649,""lon"":127.087085,""alt"":305},""endLLA"":{""lat"":37.524288,""lon"":127.091639,""alt"":281.77},""targetSpeed"":36,""seq"":11}","{""phase"":""G"",""startLLA"":{""lat"":37.524288,""lon"":127.091639,""alt"":281.77},""endLLA"":{""lat"":37.496395,""lon"":127.098425,""alt"":100},""targetSpeed"":36,""seq"":12}","{""phase"":""I"",""startLLA"":{""lat"":37.496395,""lon"":127.098425,""alt"":100},""endLLA"":{""lat"":37.487441,""lon"":127.100603,""alt"":15},""targetSpeed"":30,""seq"":13}","{""phase"":""J"",""startLLA"":{""lat"":37.487441,""lon"":127.100603,""alt"":15},""endLLA"":{""lat"":37.487441,""lon"":127.100603,""alt"":0},""targetSpeed"":10,""seq"":14}","{""phase"":""K"",""startLLA"":{""lat"":37.487441,""lon"":127.100603,""alt"":0},""endLLA"":{""lat"":37.487441,""lon"":127.100603,""alt"":0},""targetSpeed"":3,""seq"":15}",,,,,,
d2d2f5e06492,2026-06-20,FPL1215004,UAM0032,a2,2,1,0.5,광화문,광화문,마곡,마곡,10,G8,F2,G7,F1,10:36:36,10:42:42,11:20:36,11:27:05,11:37:05,366.86,2273.99,388.28,3029.13,0,1216.28,ready,광화문 > 홍대입구 > 성산대교 중간지점 > 가양대교 남단 > 마곡,17.1596,12,"{""phase"":""A"",""startLLA"":{""lat"":37.56901,""lon"":126.973604,""alt"":0},""endLLA"":{""lat"":37.56901,""lon"":126.973604,""alt"":0},""targetSpeed"":3,""seq"":1}","{""phase"":""B"",""startLLA"":{""lat"":37.56901,""lon"":126.973604,""alt"":0},""endLLA"":{""lat"":37.56901,""lon"":126.973604,""alt"":15},""targetSpeed"":10,""seq"":2}","{""phase"":""C"",""startLLA"":{""lat"":37.56901,""lon"":126.973604,""alt"":15},""endLLA"":{""lat"":37.565861,""lon"":126.96075,""alt"":100},""targetSpeed"":36,""seq"":3}","{""phase"":""E"",""startLLA"":{""lat"":37.565861,""lon"":126.96075,""alt"":100},""endLLA"":{""lat"":37.556786,""lon"":126.923706,""alt"":301.81},""targetSpeed"":51.4,""seq"":4}","{""phase"":""E"",""startLLA"":{""lat"":37.556786,""lon"":126.923706,""alt"":301.81},""endLLA"":{""lat"":37.556707,""lon"":126.923101,""alt"":305},""targetSpeed"":51.4,""seq"":5}","{""phase"":""F"",""startLLA"":{""lat"":37.556707,""lon"":126.923101,""alt"":305},""endLLA"":{""lat"":37.552574,""lon"":126.891431,""alt"":305},""targetSpeed"":51.4,""seq"":6}","{""phase"":""F"",""startLLA"":{""lat"":37.552574,""lon"":126.891431,""alt"":305},""endLLA"":{""lat"":37.569391,""lon"":126.861026,""alt"":305},""targetSpeed"":51.4,""seq"":7}","{""phase"":""F"",""startLLA"":{""lat"":37.569391,""lon"":126.861026,""alt"":305},""endLLA"":{""lat"":37.567792,""lon"":126.84212,""alt"":305},""targetSpeed"":51.4,""seq"":8}","{""phase"":""G"",""startLLA"":{""lat"":37.567792,""lon"":126.84212,""alt"":305},""endLLA"":{""lat"":37.564478,""lon"":126.802953,""alt"":100},""targetSpeed"":36,""seq"":9}","{""phase"":""I"",""startLLA"":{""lat"":37.564478,""lon"":126.802953,""alt"":100},""endLLA"":{""lat"":37.563535,""lon"":126.791805,""alt"":15},""targetSpeed"":30,""seq"":10}","{""phase"":""J"",""startLLA"":{""lat"":37.563535,""lon"":126.791805,""alt"":15},""endLLA"":{""lat"":37.563535,""lon"":126.791805,""alt"":0},""targetSpeed"":10,""seq"":11}","{""phase"":""K"",""startLLA"":{""lat"":37.563535,""lon"":126.791805,""alt"":0},""endLLA"":{""lat"":37.563535,""lon"":126.791805,""alt"":0},""targetSpeed"":3,""seq"":12}",,,,,,,,,
d2d2f5e06492,2026-06-20,FPL1216003,UAM0015,a2,2,2,1,광화문,광화문,망우,망우,11,G1,F1,G6,F1,11:02:49,11:09:36,11:32:38,11:39:36,11:49:36,406.86,1382.02,418.28,2207.16,89.41,1127.5,ready,광화문 > 신설동역 > 청량리 > 망우,10.3914,11,"{""phase"":""A"",""startLLA"":{""lat"":37.56901,""lon"":126.973604,""alt"":0},""endLLA"":{""lat"":37.56901,""lon"":126.973604,""alt"":0},""targetSpeed"":3,""seq"":1}","{""phase"":""B"",""startLLA"":{""lat"":37.56901,""lon"":126.973604,""alt"":0},""endLLA"":{""lat"":37.56901,""lon"":126.973604,""alt"":15},""targetSpeed"":10,""seq"":2}","{""phase"":""C"",""startLLA"":{""lat"":37.56901,""lon"":126.973604,""alt"":15},""endLLA"":{""lat"":37.570845,""lon"":126.987382,""alt"":100},""targetSpeed"":36,""seq"":3}","{""phase"":""E"",""startLLA"":{""lat"":37.570845,""lon"":126.987382,""alt"":100},""endLLA"":{""lat"":37.575658,""lon"":127.02353,""alt"":283.71},""targetSpeed"":51.4,""seq"":4}","{""phase"":""E"",""startLLA"":{""lat"":37.575658,""lon"":127.02353,""alt"":283.71},""endLLA"":{""lat"":37.576602,""lon"":127.027607,""alt"":305},""targetSpeed"":51.4,""seq"":5}","{""phase"":""F"",""startLLA"":{""lat"":37.576602,""lon"":127.027607,""alt"":305},""endLLA"":{""lat"":37.578933,""lon"":127.037679,""alt"":305},""targetSpeed"":51.4,""seq"":6}","{""phase"":""G"",""startLLA"":{""lat"":37.578933,""lon"":127.037679,""alt"":305},""endLLA"":{""lat"":37.581542,""lon"":127.048947,""alt"":246.17},""targetSpeed"":36,""seq"":7}","{""phase"":""G"",""startLLA"":{""lat"":37.581542,""lon"":127.048947,""alt"":246.17},""endLLA"":{""lat"":37.592532,""lon"":127.074609,""alt"":100},""targetSpeed"":36,""seq"":8}","{""phase"":""I"",""startLLA"":{""lat"":37.592532,""lon"":127.074609,""alt"":100},""endLLA"":{""lat"":37.596919,""lon"":127.084854,""alt"":15},""targetSpeed"":30,""seq"":9}","{""phase"":""J"",""startLLA"":{""lat"":37.596919,""lon"":127.084854,""alt"":15},""endLLA"":{""lat"":37.596919,""lon"":127.084854,""alt"":0},""targetSpeed"":10,""seq"":10}","{""phase"":""K"",""startLLA"":{""lat"":37.596919,""lon"":127.084854,""alt"":0},""endLLA"":{""lat"":37.596919,""lon"":127.084854,""alt"":0},""targetSpeed"":3,""seq"":11}",,,,,,,,,,
d2d2f5e06492,2026-06-20,FPL1215005,UAM0047,a2,2,2,1,광화문,광화문,마곡,마곡,11,G8,F2,G6,F2,11:05:43,11:12:30,11:41:42,11:48:41,11:58:41,406.86,1752.38,418.28,2577.52,214.61,1361.83,ready,광화문 > 홍대입구 > 성산대교 중간지점 > 가양대교 남단 > 마곡,17.1596,12,"{""phase"":""A"",""startLLA"":{""lat"":37.56901,""lon"":126.973604,""alt"":0},""endLLA"":{""lat"":37.56901,""lon"":126.973604,""alt"":0},""targetSpeed"":3,""seq"":1}","{""phase"":""B"",""startLLA"":{""lat"":37.56901,""lon"":126.973604,""alt"":0},""endLLA"":{""lat"":37.56901,""lon"":126.973604,""alt"":15},""targetSpeed"":10,""seq"":2}","{""phase"":""C"",""startLLA"":{""lat"":37.56901,""lon"":126.973604,""alt"":15},""endLLA"":{""lat"":37.565861,""lon"":126.96075,""alt"":100},""targetSpeed"":36,""seq"":3}","{""phase"":""E"",""startLLA"":{""lat"":37.565861,""lon"":126.96075,""alt"":100},""endLLA"":{""lat"":37.556786,""lon"":126.923706,""alt"":301.81},""targetSpeed"":51.4,""seq"":4}","{""phase"":""E"",""startLLA"":{""lat"":37.556786,""lon"":126.923706,""alt"":301.81},""endLLA"":{""lat"":37.556707,""lon"":126.923101,""alt"":305},""targetSpeed"":51.4,""seq"":5}","{""phase"":""F"",""startLLA"":{""lat"":37.556707,""lon"":126.923101,""alt"":305},""endLLA"":{""lat"":37.552574,""lon"":126.891431,""alt"":305},""targetSpeed"":51.4,""seq"":6}","{""phase"":""F"",""startLLA"":{""lat"":37.552574,""lon"":126.891431,""alt"":305},""endLLA"":{""lat"":37.569391,""lon"":126.861026,""alt"":305},""targetSpeed"":51.4,""seq"":7}","{""phase"":""F"",""startLLA"":{""lat"":37.569391,""lon"":126.861026,""alt"":305},""endLLA"":{""lat"":37.567792,""lon"":126.84212,""alt"":305},""targetSpeed"":51.4,""seq"":8}","{""phase"":""G"",""startLLA"":{""lat"":37.567792,""lon"":126.84212,""alt"":305},""endLLA"":{""lat"":37.564478,""lon"":126.802953,""alt"":100},""targetSpeed"":36,""seq"":9}","{""phase"":""I"",""startLLA"":{""lat"":37.564478,""lon"":126.802953,""alt"":100},""endLLA"":{""lat"":37.563535,""lon"":126.791805,""alt"":15},""targetSpeed"":30,""seq"":10}","{""phase"":""J"",""startLLA"":{""lat"":37.563535,""lon"":126.791805,""alt"":15},""endLLA"":{""lat"":37.563535,""lon"":126.791805,""alt"":0},""targetSpeed"":10,""seq"":11}","{""phase"":""K"",""startLLA"":{""lat"":37.563535,""lon"":126.791805,""alt"":0},""endLLA"":{""lat"":37.563535,""lon"":126.791805,""alt"":0},""targetSpeed"":3,""seq"":12}",,,,,,,,,
d2d2f5e06492,2026-06-20,FPL1214004,UAM0036,a2,2,2,1,광화문,광화문,가산,가산,11,G2,F1,G3,F2,11:15:10,11:21:46,11:32:51,11:39:49,11:49:49,396.86,664.28,418.28,1479.42,0,293.38,ready,광화문 > 홍대입구 > 성산대교 중간지점 > 선유도 17고지 > 영등포 > 가산,16.1492,13,"{""phase"":""A"",""startLLA"":{""lat"":37.56901,""lon"":126.973604,""alt"":0},""endLLA"":{""lat"":37.56901,""lon"":126.973604,""alt"":0},""targetSpeed"":3,""seq"":1}","{""phase"":""B"",""startLLA"":{""lat"":37.56901,""lon"":126.973604,""alt"":0},""endLLA"":{""lat"":37.56901,""lon"":126.973604,""alt"":15},""targetSpeed"":10,""seq"":2}","{""phase"":""C"",""startLLA"":{""lat"":37.56901,""lon"":126.973604,""alt"":15},""endLLA"":{""lat"":37.565863,""lon"":126.96076,""alt"":100},""targetSpeed"":36,""seq"":3}","{""phase"":""E"",""startLLA"":{""lat"":37.565863,""lon"":126.96076,""alt"":100},""endLLA"":{""lat"":37.556786,""lon"":126.923706,""alt"":302},""targetSpeed"":51.4,""seq"":4}","{""phase"":""E"",""startLLA"":{""lat"":37.556786,""lon"":126.923706,""alt"":302},""endLLA"":{""lat"":37.556712,""lon"":126.923138,""alt"":305},""targetSpeed"":51.4,""seq"":5}","{""phase"":""F"",""startLLA"":{""lat"":37.556712,""lon"":126.923138,""alt"":305},""endLLA"":{""lat"":37.552574,""lon"":126.891431,""alt"":305},""targetSpeed"":51.4,""seq"":6}","{""phase"":""F"",""startLLA"":{""lat"":37.552574,""lon"":126.891431,""alt"":305},""endLLA"":{""lat"":37.542307,""lon"":126.90249,""alt"":305},""targetSpeed"":51.4,""seq"":7}","{""phase"":""F"",""startLLA"":{""lat"":37.542307,""lon"":126.90249,""alt"":305},""endLLA"":{""lat"":37.520637,""lon"":126.906822,""alt"":305},""targetSpeed"":51.4,""seq"":8}","{""phase"":""G"",""startLLA"":{""lat"":37.520637,""lon"":126.906822,""alt"":305},""endLLA"":{""lat"":37.515965,""lon"":126.907756,""alt"":273.92},""targetSpeed"":36,""seq"":9}","{""phase"":""G"",""startLLA"":{""lat"":37.515965,""lon"":126.907756,""alt"":273.92},""endLLA"":{""lat"":37.495842,""lon"":126.886081,""alt"":100},""targetSpeed"":36,""seq"":10}","{""phase"":""I"",""startLLA"":{""lat"":37.495842,""lon"":126.886081,""alt"":100},""endLLA"":{""lat"":37.489091,""lon"":126.878809,""alt"":15},""targetSpeed"":30,""seq"":11}","{""phase"":""J"",""startLLA"":{""lat"":37.489091,""lon"":126.878809,""alt"":15},""endLLA"":{""lat"":37.489091,""lon"":126.878809,""alt"":0},""targetSpeed"":10,""seq"":12}","{""phase"":""K"",""startLLA"":{""lat"":37.489091,""lon"":126.878809,""alt"":0},""endLLA"":{""lat"":37.489091,""lon"":126.878809,""alt"":0},""targetSpeed"":3,""seq"":13}",,,,,,,,
d2d2f5e06492,2026-06-20,FPL1215006,UAM0041,a2,2,1,0.5,광화문,광화문,마곡,마곡,11,G7,F2,G7,F1,11:19:37,11:26:53,12:03:58,12:10:26,12:20:26,436.86,2224.39,388.28,3049.53,133.02,1602.7,ready,광화문 > 홍대입구 > 성산대교 중간지점 > 가양대교 남단 > 마곡,17.1596,12,"{""phase"":""A"",""startLLA"":{""lat"":37.56901,""lon"":126.973604,""alt"":0},""endLLA"":{""lat"":37.56901,""lon"":126.973604,""alt"":0},""targetSpeed"":3,""seq"":1}","{""phase"":""B"",""startLLA"":{""lat"":37.56901,""lon"":126.973604,""alt"":0},""endLLA"":{""lat"":37.56901,""lon"":126.973604,""alt"":15},""targetSpeed"":10,""seq"":2}","{""phase"":""C"",""startLLA"":{""lat"":37.56901,""lon"":126.973604,""alt"":15},""endLLA"":{""lat"":37.565861,""lon"":126.96075,""alt"":100},""targetSpeed"":36,""seq"":3}","{""phase"":""E"",""startLLA"":{""lat"":37.565861,""lon"":126.96075,""alt"":100},""endLLA"":{""lat"":37.556786,""lon"":126.923706,""alt"":301.81},""targetSpeed"":51.4,""seq"":4}","{""phase"":""E"",""startLLA"":{""lat"":37.556786,""lon"":126.923706,""alt"":301.81},""endLLA"":{""lat"":37.556707,""lon"":126.923101,""alt"":305},""targetSpeed"":51.4,""seq"":5}","{""phase"":""F"",""startLLA"":{""lat"":37.556707,""lon"":126.923101,""alt"":305},""endLLA"":{""lat"":37.552574,""lon"":126.891431,""alt"":305},""targetSpeed"":51.4,""seq"":6}","{""phase"":""F"",""startLLA"":{""lat"":37.552574,""lon"":126.891431,""alt"":305},""endLLA"":{""lat"":37.569391,""lon"":126.861026,""alt"":305},""targetSpeed"":51.4,""seq"":7}","{""phase"":""F"",""startLLA"":{""lat"":37.569391,""lon"":126.861026,""alt"":305},""endLLA"":{""lat"":37.567792,""lon"":126.84212,""alt"":305},""targetSpeed"":51.4,""seq"":8}","{""phase"":""G"",""startLLA"":{""lat"":37.567792,""lon"":126.84212,""alt"":305},""endLLA"":{""lat"":37.564478,""lon"":126.802953,""alt"":100},""targetSpeed"":36,""seq"":9}","{""phase"":""I"",""startLLA"":{""lat"":37.564478,""lon"":126.802953,""alt"":100},""endLLA"":{""lat"":37.563535,""lon"":126.791805,""alt"":15},""targetSpeed"":30,""seq"":10}","{""phase"":""J"",""startLLA"":{""lat"":37.563535,""lon"":126.791805,""alt"":15},""endLLA"":{""lat"":37.563535,""lon"":126.791805,""alt"":0},""targetSpeed"":10,""seq"":11}","{""phase"":""K"",""startLLA"":{""lat"":37.563535,""lon"":126.791805,""alt"":0},""endLLA"":{""lat"":37.563535,""lon"":126.791805,""alt"":0},""targetSpeed"":3,""seq"":12}",,,,,,,,,
d2d2f5e06492,2026-06-20,FPL1217004,UAM0017,a2,2,1,0.5,광화문,광화문,수서,수서,11,G1,F1,G8,F2,11:31:58,11:38:19,11:46:10,11:52:09,12:02:09,381.14,471.62,358.28,1211.04,14.28,0,ready,광화문 > 신설동역 > 청량리 > 왕십리역 > 성수대교 남단 > 청담대교 중간지점 > 잠실대교 중간지점 > 수서,21.5406,15,"{""phase"":""A"",""startLLA"":{""lat"":37.56901,""lon"":126.973604,""alt"":0},""endLLA"":{""lat"":37.56901,""lon"":126.973604,""alt"":0},""targetSpeed"":3,""seq"":1}","{""phase"":""B"",""startLLA"":{""lat"":37.56901,""lon"":126.973604,""alt"":0},""endLLA"":{""lat"":37.56901,""lon"":126.973604,""alt"":15},""targetSpeed"":10,""seq"":2}","{""phase"":""C"",""startLLA"":{""lat"":37.56901,""lon"":126.973604,""alt"":15},""endLLA"":{""lat"":37.570823,""lon"":126.98722,""alt"":100},""targetSpeed"":36,""seq"":3}","{""phase"":""E"",""startLLA"":{""lat"":37.570823,""lon"":126.98722,""alt"":100},""endLLA"":{""lat"":37.575658,""lon"":127.02353,""alt"":286.73},""targetSpeed"":51.4,""seq"":4}","{""phase"":""E"",""startLLA"":{""lat"":37.575658,""lon"":127.02353,""alt"":286.73},""endLLA"":{""lat"":37.576459,""lon"":127.026988,""alt"":305},""targetSpeed"":51.4,""seq"":5}","{""phase"":""F"",""startLLA"":{""lat"":37.576459,""lon"":127.026988,""alt"":305},""endLLA"":{""lat"":37.581542,""lon"":127.048947,""alt"":305},""targetSpeed"":51.4,""seq"":6}","{""phase"":""F"",""startLLA"":{""lat"":37.581542,""lon"":127.048947,""alt"":305},""endLLA"":{""lat"":37.561925,""lon"":127.038491,""alt"":305},""targetSpeed"":51.4,""seq"":7}","{""phase"":""F"",""startLLA"":{""lat"":37.561925,""lon"":127.038491,""alt"":305},""endLLA"":{""lat"":37.53537,""lon"":127.034503,""alt"":305},""targetSpeed"":51.4,""seq"":8}","{""phase"":""F"",""startLLA"":{""lat"":37.53537,""lon"":127.034503,""alt"":305},""endLLA"":{""lat"":37.526451,""lon"":127.064361,""alt"":305},""targetSpeed"":51.4,""seq"":9}","{""phase"":""F"",""startLLA"":{""lat"":37.526451,""lon"":127.064361,""alt"":305},""endLLA"":{""lat"":37.524649,""lon"":127.087085,""alt"":305},""targetSpeed"":51.4,""seq"":10}","{""phase"":""G"",""startLLA"":{""lat"":37.524649,""lon"":127.087085,""alt"":305},""endLLA"":{""lat"":37.524288,""lon"":127.091639,""alt"":281.77},""targetSpeed"":36,""seq"":11}","{""phase"":""G"",""startLLA"":{""lat"":37.524288,""lon"":127.091639,""alt"":281.77},""endLLA"":{""lat"":37.496395,""lon"":127.098425,""alt"":100},""targetSpeed"":36,""seq"":12}","{""phase"":""I"",""startLLA"":{""lat"":37.496395,""lon"":127.098425,""alt"":100},""endLLA"":{""lat"":37.487441,""lon"":127.100603,""alt"":15},""targetSpeed"":30,""seq"":13}","{""phase"":""J"",""startLLA"":{""lat"":37.487441,""lon"":127.100603,""alt"":15},""endLLA"":{""lat"":37.487441,""lon"":127.100603,""alt"":0},""targetSpeed"":10,""seq"":14}","{""phase"":""K"",""startLLA"":{""lat"":37.487441,""lon"":127.100603,""alt"":0},""endLLA"":{""lat"":37.487441,""lon"":127.100603,""alt"":0},""targetSpeed"":3,""seq"":15}",,,,,,
d2d2f5e06492,2026-06-20,FPL1211004,UAM0016,a2,2,1,0.5,광화문,광화문,천호,천호,11,G8,F1,G8,F1,11:38:54,11:45:00,11:51:43,11:57:41,12:07:41,366.86,402.51,358.28,1127.65,0,0,ready,광화문 > 신설동역 > 청량리 > 중랑철교 > 상봉 > 아차산 고가차도 > 천호,17.9893,14,"{""phase"":""A"",""startLLA"":{""lat"":37.56901,""lon"":126.973604,""alt"":0},""endLLA"":{""lat"":37.56901,""lon"":126.973604,""alt"":0},""targetSpeed"":3,""seq"":1}","{""phase"":""B"",""startLLA"":{""lat"":37.56901,""lon"":126.973604,""alt"":0},""endLLA"":{""lat"":37.56901,""lon"":126.973604,""alt"":15},""targetSpeed"":10,""seq"":2}","{""phase"":""C"",""startLLA"":{""lat"":37.56901,""lon"":126.973604,""alt"":15},""endLLA"":{""lat"":37.570827,""lon"":126.987248,""alt"":100},""targetSpeed"":36,""seq"":3}","{""phase"":""E"",""startLLA"":{""lat"":37.570827,""lon"":126.987248,""alt"":100},""endLLA"":{""lat"":37.575658,""lon"":127.02353,""alt"":286.2},""targetSpeed"":51.4,""seq"":4}","{""phase"":""E"",""startLLA"":{""lat"":37.575658,""lon"":127.02353,""alt"":286.2},""endLLA"":{""lat"":37.576483,""lon"":127.027095,""alt"":305},""targetSpeed"":51.4,""seq"":5}","{""phase"":""F"",""startLLA"":{""lat"":37.576483,""lon"":127.027095,""alt"":305},""endLLA"":{""lat"":37.581542,""lon"":127.048947,""alt"":305},""targetSpeed"":51.4,""seq"":6}","{""phase"":""F"",""startLLA"":{""lat"":37.581542,""lon"":127.048947,""alt"":305},""endLLA"":{""lat"":37.593586,""lon"":127.069978,""alt"":305},""targetSpeed"":51.4,""seq"":7}","{""phase"":""F"",""startLLA"":{""lat"":37.593586,""lon"":127.069978,""alt"":305},""endLLA"":{""lat"":37.596919,""lon"":127.084854,""alt"":305},""targetSpeed"":51.4,""seq"":8}","{""phase"":""F"",""startLLA"":{""lat"":37.596919,""lon"":127.084854,""alt"":305},""endLLA"":{""lat"":37.570823,""lon"":127.091481,""alt"":305},""targetSpeed"":51.4,""seq"":9}","{""phase"":""G"",""startLLA"":{""lat"":37.570823,""lon"":127.091481,""alt"":305},""endLLA"":{""lat"":37.547423,""lon"":127.097424,""alt"":152.58},""targetSpeed"":36,""seq"":10}","{""phase"":""G"",""startLLA"":{""lat"":37.547423,""lon"":127.097424,""alt"":152.58},""endLLA"":{""lat"":37.546622,""lon"":127.107759,""alt"":100},""targetSpeed"":36,""seq"":11}","{""phase"":""I"",""startLLA"":{""lat"":37.546622,""lon"":127.107759,""alt"":100},""endLLA"":{""lat"":37.545733,""lon"":127.11923,""alt"":15},""targetSpeed"":30,""seq"":12}","{""phase"":""J"",""startLLA"":{""lat"":37.545733,""lon"":127.11923,""alt"":15},""endLLA"":{""lat"":37.545733,""lon"":127.11923,""alt"":0},""targetSpeed"":10,""seq"":13}","{""phase"":""K"",""startLLA"":{""lat"":37.545733,""lon"":127.11923,""alt"":0},""endLLA"":{""lat"":37.545733,""lon"":127.11923,""alt"":0},""targetSpeed"":3,""seq"":14}",,,,,,,
d2d2f5e06492,2026-06-20,FPL1211005,UAM0068,a2,2,2,1,광화문,광화문,천호,천호,12,G2,F1,G1,F2,12:00:00,12:06:36,12:13:19,12:19:17,12:29:17,396.86,402.51,358.28,1157.65,0,0,ready,광화문 > 신설동역 > 청량리 > 중랑철교 > 상봉 > 아차산 고가차도 > 천호,17.9893,14,"{""phase"":""A"",""startLLA"":{""lat"":37.56901,""lon"":126.973604,""alt"":0},""endLLA"":{""lat"":37.56901,""lon"":126.973604,""alt"":0},""targetSpeed"":3,""seq"":1}","{""phase"":""B"",""startLLA"":{""lat"":37.56901,""lon"":126.973604,""alt"":0},""endLLA"":{""lat"":37.56901,""lon"":126.973604,""alt"":15},""targetSpeed"":10,""seq"":2}","{""phase"":""C"",""startLLA"":{""lat"":37.56901,""lon"":126.973604,""alt"":15},""endLLA"":{""lat"":37.570827,""lon"":126.987248,""alt"":100},""targetSpeed"":36,""seq"":3}","{""phase"":""E"",""startLLA"":{""lat"":37.570827,""lon"":126.987248,""alt"":100},""endLLA"":{""lat"":37.575658,""lon"":127.02353,""alt"":286.2},""targetSpeed"":51.4,""seq"":4}","{""phase"":""E"",""startLLA"":{""lat"":37.575658,""lon"":127.02353,""alt"":286.2},""endLLA"":{""lat"":37.576483,""lon"":127.027095,""alt"":305},""targetSpeed"":51.4,""seq"":5}","{""phase"":""F"",""startLLA"":{""lat"":37.576483,""lon"":127.027095,""alt"":305},""endLLA"":{""lat"":37.581542,""lon"":127.048947,""alt"":305},""targetSpeed"":51.4,""seq"":6}","{""phase"":""F"",""startLLA"":{""lat"":37.581542,""lon"":127.048947,""alt"":305},""endLLA"":{""lat"":37.593586,""lon"":127.069978,""alt"":305},""targetSpeed"":51.4,""seq"":7}","{""phase"":""F"",""startLLA"":{""lat"":37.593586,""lon"":127.069978,""alt"":305},""endLLA"":{""lat"":37.596919,""lon"":127.084854,""alt"":305},""targetSpeed"":51.4,""seq"":8}","{""phase"":""F"",""startLLA"":{""lat"":37.596919,""lon"":127.084854,""alt"":305},""endLLA"":{""lat"":37.570823,""lon"":127.091481,""alt"":305},""targetSpeed"":51.4,""seq"":9}","{""phase"":""G"",""startLLA"":{""lat"":37.570823,""lon"":127.091481,""alt"":305},""endLLA"":{""lat"":37.547423,""lon"":127.097424,""alt"":152.58},""targetSpeed"":36,""seq"":10}","{""phase"":""G"",""startLLA"":{""lat"":37.547423,""lon"":127.097424,""alt"":152.58},""endLLA"":{""lat"":37.546622,""lon"":127.107759,""alt"":100},""targetSpeed"":36,""seq"":11}","{""phase"":""I"",""startLLA"":{""lat"":37.546622,""lon"":127.107759,""alt"":100},""endLLA"":{""lat"":37.545733,""lon"":127.11923,""alt"":15},""targetSpeed"":30,""seq"":12}","{""phase"":""J"",""startLLA"":{""lat"":37.545733,""lon"":127.11923,""alt"":15},""endLLA"":{""lat"":37.545733,""lon"":127.11923,""alt"":0},""targetSpeed"":10,""seq"":13}","{""phase"":""K"",""startLLA"":{""lat"":37.545733,""lon"":127.11923,""alt"":0},""endLLA"":{""lat"":37.545733,""lon"":127.11923,""alt"":0},""targetSpeed"":3,""seq"":14}",,,,,,,
d2d2f5e06492,2026-06-20,FPL1215007,UAM0038,a2,2,1,0.5,광화문,광화문,마곡,마곡,12,G1,F1,G6,F1,12:38:26,12:44:32,13:08:04,13:15:02,13:25:02,366.86,1411.41,418.28,2196.55,0,1020.85,ready,광화문 > 홍대입구 > 성산대교 중간지점 > 가양대교 남단 > 마곡,17.1596,12,"{""phase"":""A"",""startLLA"":{""lat"":37.56901,""lon"":126.973604,""alt"":0},""endLLA"":{""lat"":37.56901,""lon"":126.973604,""alt"":0},""targetSpeed"":3,""seq"":1}","{""phase"":""B"",""startLLA"":{""lat"":37.56901,""lon"":126.973604,""alt"":0},""endLLA"":{""lat"":37.56901,""lon"":126.973604,""alt"":15},""targetSpeed"":10,""seq"":2}","{""phase"":""C"",""startLLA"":{""lat"":37.56901,""lon"":126.973604,""alt"":15},""endLLA"":{""lat"":37.565861,""lon"":126.96075,""alt"":100},""targetSpeed"":36,""seq"":3}","{""phase"":""E"",""startLLA"":{""lat"":37.565861,""lon"":126.96075,""alt"":100},""endLLA"":{""lat"":37.556786,""lon"":126.923706,""alt"":301.81},""targetSpeed"":51.4,""seq"":4}","{""phase"":""E"",""startLLA"":{""lat"":37.556786,""lon"":126.923706,""alt"":301.81},""endLLA"":{""lat"":37.556707,""lon"":126.923101,""alt"":305},""targetSpeed"":51.4,""seq"":5}","{""phase"":""F"",""startLLA"":{""lat"":37.556707,""lon"":126.923101,""alt"":305},""endLLA"":{""lat"":37.552574,""lon"":126.891431,""alt"":305},""targetSpeed"":51.4,""seq"":6}","{""phase"":""F"",""startLLA"":{""lat"":37.552574,""lon"":126.891431,""alt"":305},""endLLA"":{""lat"":37.569391,""lon"":126.861026,""alt"":305},""targetSpeed"":51.4,""seq"":7}","{""phase"":""F"",""startLLA"":{""lat"":37.569391,""lon"":126.861026,""alt"":305},""endLLA"":{""lat"":37.567792,""lon"":126.84212,""alt"":305},""targetSpeed"":51.4,""seq"":8}","{""phase"":""G"",""startLLA"":{""lat"":37.567792,""lon"":126.84212,""alt"":305},""endLLA"":{""lat"":37.564478,""lon"":126.802953,""alt"":100},""targetSpeed"":36,""seq"":9}","{""phase"":""I"",""startLLA"":{""lat"":37.564478,""lon"":126.802953,""alt"":100},""endLLA"":{""lat"":37.563535,""lon"":126.791805,""alt"":15},""targetSpeed"":30,""seq"":10}","{""phase"":""J"",""startLLA"":{""lat"":37.563535,""lon"":126.791805,""alt"":15},""endLLA"":{""lat"":37.563535,""lon"":126.791805,""alt"":0},""targetSpeed"":10,""seq"":11}","{""phase"":""K"",""startLLA"":{""lat"":37.563535,""lon"":126.791805,""alt"":0},""endLLA"":{""lat"":37.563535,""lon"":126.791805,""alt"":0},""targetSpeed"":3,""seq"":12}",,,,,,,,,
d2d2f5e06492,2026-06-20,FPL1208002,UAM0035,a2,2,1,0.5,광화문,광화문,사당,사당,12,G8,F2,G1,F2,12:40:41,12:46:47,12:54:18,13:00:16,13:10:16,366.86,450.47,358.28,1175.61,0,0,ready,광화문 > 홍대입구 > 성산대교 중간지점 > 선유도 17고지 > 영등포 > 180고지 > 사당,20.239,14,"{""phase"":""A"",""startLLA"":{""lat"":37.56901,""lon"":126.973604,""alt"":0},""endLLA"":{""lat"":37.56901,""lon"":126.973604,""alt"":0},""targetSpeed"":3,""seq"":1}","{""phase"":""B"",""startLLA"":{""lat"":37.56901,""lon"":126.973604,""alt"":0},""endLLA"":{""lat"":37.56901,""lon"":126.973604,""alt"":15},""targetSpeed"":10,""seq"":2}","{""phase"":""C"",""startLLA"":{""lat"":37.56901,""lon"":126.973604,""alt"":15},""endLLA"":{""lat"":37.565853,""lon"":126.960717,""alt"":100},""targetSpeed"":36,""seq"":3}","{""phase"":""E"",""startLLA"":{""lat"":37.565853,""lon"":126.960717,""alt"":100},""endLLA"":{""lat"":37.556786,""lon"":126.923706,""alt"":301.11},""targetSpeed"":51.4,""seq"":4}","{""phase"":""E"",""startLLA"":{""lat"":37.556786,""lon"":126.923706,""alt"":301.11},""endLLA"":{""lat"":37.55669,""lon"":126.922967,""alt"":305},""targetSpeed"":51.4,""seq"":5}","{""phase"":""F"",""startLLA"":{""lat"":37.55669,""lon"":126.922967,""alt"":305},""endLLA"":{""lat"":37.552574,""lon"":126.891431,""alt"":305},""targetSpeed"":51.4,""seq"":6}","{""phase"":""F"",""startLLA"":{""lat"":37.552574,""lon"":126.891431,""alt"":305},""endLLA"":{""lat"":37.542307,""lon"":126.90249,""alt"":305},""targetSpeed"":51.4,""seq"":7}","{""phase"":""F"",""startLLA"":{""lat"":37.542307,""lon"":126.90249,""alt"":305},""endLLA"":{""lat"":37.515965,""lon"":126.907756,""alt"":305},""targetSpeed"":51.4,""seq"":8}","{""phase"":""F"",""startLLA"":{""lat"":37.515965,""lon"":126.907756,""alt"":305},""endLLA"":{""lat"":37.494402,""lon"":126.937394,""alt"":305},""targetSpeed"":51.4,""seq"":9}","{""phase"":""G"",""startLLA"":{""lat"":37.494402,""lon"":126.937394,""alt"":305},""endLLA"":{""lat"":37.492877,""lon"":126.93949,""alt"":290.22},""targetSpeed"":36,""seq"":10}","{""phase"":""G"",""startLLA"":{""lat"":37.492877,""lon"":126.93949,""alt"":290.22},""endLLA"":{""lat"":37.479784,""lon"":126.972163,""alt"":100},""targetSpeed"":36,""seq"":11}","{""phase"":""I"",""startLLA"":{""lat"":37.479784,""lon"":126.972163,""alt"":100},""endLLA"":{""lat"":37.475767,""lon"":126.982185,""alt"":15},""targetSpeed"":30,""seq"":12}","{""phase"":""J"",""startLLA"":{""lat"":37.475767,""lon"":126.982185,""alt"":15},""endLLA"":{""lat"":37.475767,""lon"":126.982185,""alt"":0},""targetSpeed"":10,""seq"":13}","{""phase"":""K"",""startLLA"":{""lat"":37.475767,""lon"":126.982185,""alt"":0},""endLLA"":{""lat"":37.475767,""lon"":126.982185,""alt"":0},""targetSpeed"":3,""seq"":14}",,,,,,,
d2d2f5e06492,2026-06-20,FPL1217005,UAM0040,a2,2,2,1,광화문,광화문,수서,수서,13,G1,F1,G1,F1,13:07:51,13:13:57,13:21:49,13:27:47,13:37:47,366.86,471.62,358.28,1196.76,0,0,ready,광화문 > 신설동역 > 청량리 > 왕십리역 > 성수대교 남단 > 청담대교 중간지점 > 잠실대교 중간지점 > 수서,21.5406,15,"{""phase"":""A"",""startLLA"":{""lat"":37.56901,""lon"":126.973604,""alt"":0},""endLLA"":{""lat"":37.56901,""lon"":126.973604,""alt"":0},""targetSpeed"":3,""seq"":1}","{""phase"":""B"",""startLLA"":{""lat"":37.56901,""lon"":126.973604,""alt"":0},""endLLA"":{""lat"":37.56901,""lon"":126.973604,""alt"":15},""targetSpeed"":10,""seq"":2}","{""phase"":""C"",""startLLA"":{""lat"":37.56901,""lon"":126.973604,""alt"":15},""endLLA"":{""lat"":37.570823,""lon"":126.98722,""alt"":100},""targetSpeed"":36,""seq"":3}","{""phase"":""E"",""startLLA"":{""lat"":37.570823,""lon"":126.98722,""alt"":100},""endLLA"":{""lat"":37.575658,""lon"":127.02353,""alt"":286.73},""targetSpeed"":51.4,""seq"":4}","{""phase"":""E"",""startLLA"":{""lat"":37.575658,""lon"":127.02353,""alt"":286.73},""endLLA"":{""lat"":37.576459,""lon"":127.026988,""alt"":305},""targetSpeed"":51.4,""seq"":5}","{""phase"":""F"",""startLLA"":{""lat"":37.576459,""lon"":127.026988,""alt"":305},""endLLA"":{""lat"":37.581542,""lon"":127.048947,""alt"":305},""targetSpeed"":51.4,""seq"":6}","{""phase"":""F"",""startLLA"":{""lat"":37.581542,""lon"":127.048947,""alt"":305},""endLLA"":{""lat"":37.561925,""lon"":127.038491,""alt"":305},""targetSpeed"":51.4,""seq"":7}","{""phase"":""F"",""startLLA"":{""lat"":37.561925,""lon"":127.038491,""alt"":305},""endLLA"":{""lat"":37.53537,""lon"":127.034503,""alt"":305},""targetSpeed"":51.4,""seq"":8}","{""phase"":""F"",""startLLA"":{""lat"":37.53537,""lon"":127.034503,""alt"":305},""endLLA"":{""lat"":37.526451,""lon"":127.064361,""alt"":305},""targetSpeed"":51.4,""seq"":9}","{""phase"":""F"",""startLLA"":{""lat"":37.526451,""lon"":127.064361,""alt"":305},""endLLA"":{""lat"":37.524649,""lon"":127.087085,""alt"":305},""targetSpeed"":51.4,""seq"":10}","{""phase"":""G"",""startLLA"":{""lat"":37.524649,""lon"":127.087085,""alt"":305},""endLLA"":{""lat"":37.524288,""lon"":127.091639,""alt"":281.77},""targetSpeed"":36,""seq"":11}","{""phase"":""G"",""startLLA"":{""lat"":37.524288,""lon"":127.091639,""alt"":281.77},""endLLA"":{""lat"":37.496395,""lon"":127.098425,""alt"":100},""targetSpeed"":36,""seq"":12}","{""phase"":""I"",""startLLA"":{""lat"":37.496395,""lon"":127.098425,""alt"":100},""endLLA"":{""lat"":37.487441,""lon"":127.100603,""alt"":15},""targetSpeed"":30,""seq"":13}","{""phase"":""J"",""startLLA"":{""lat"":37.487441,""lon"":127.100603,""alt"":15},""endLLA"":{""lat"":37.487441,""lon"":127.100603,""alt"":0},""targetSpeed"":10,""seq"":14}","{""phase"":""K"",""startLLA"":{""lat"":37.487441,""lon"":127.100603,""alt"":0},""endLLA"":{""lat"":37.487441,""lon"":127.100603,""alt"":0},""targetSpeed"":3,""seq"":15}",,,,,,
d2d2f5e06492,2026-06-20,FPL1216004,UAM0041,a2,2,2,1,광화문,광화문,망우,망우,13,G8,F2,G2,F1,13:12:42,13:18:48,13:23:03,13:29:31,13:39:31,366.86,254.52,388.28,1009.66,0,0,ready,광화문 > 신설동역 > 청량리 > 망우,10.3914,11,"{""phase"":""A"",""startLLA"":{""lat"":37.56901,""lon"":126.973604,""alt"":0},""endLLA"":{""lat"":37.56901,""lon"":126.973604,""alt"":0},""targetSpeed"":3,""seq"":1}","{""phase"":""B"",""startLLA"":{""lat"":37.56901,""lon"":126.973604,""alt"":0},""endLLA"":{""lat"":37.56901,""lon"":126.973604,""alt"":15},""targetSpeed"":10,""seq"":2}","{""phase"":""C"",""startLLA"":{""lat"":37.56901,""lon"":126.973604,""alt"":15},""endLLA"":{""lat"":37.570845,""lon"":126.987382,""alt"":100},""targetSpeed"":36,""seq"":3}","{""phase"":""E"",""startLLA"":{""lat"":37.570845,""lon"":126.987382,""alt"":100},""endLLA"":{""lat"":37.575658,""lon"":127.02353,""alt"":283.71},""targetSpeed"":51.4,""seq"":4}","{""phase"":""E"",""startLLA"":{""lat"":37.575658,""lon"":127.02353,""alt"":283.71},""endLLA"":{""lat"":37.576602,""lon"":127.027607,""alt"":305},""targetSpeed"":51.4,""seq"":5}","{""phase"":""F"",""startLLA"":{""lat"":37.576602,""lon"":127.027607,""alt"":305},""endLLA"":{""lat"":37.578933,""lon"":127.037679,""alt"":305},""targetSpeed"":51.4,""seq"":6}","{""phase"":""G"",""startLLA"":{""lat"":37.578933,""lon"":127.037679,""alt"":305},""endLLA"":{""lat"":37.581542,""lon"":127.048947,""alt"":246.17},""targetSpeed"":36,""seq"":7}","{""phase"":""G"",""startLLA"":{""lat"":37.581542,""lon"":127.048947,""alt"":246.17},""endLLA"":{""lat"":37.592532,""lon"":127.074609,""alt"":100},""targetSpeed"":36,""seq"":8}","{""phase"":""I"",""startLLA"":{""lat"":37.592532,""lon"":127.074609,""alt"":100},""endLLA"":{""lat"":37.596919,""lon"":127.084854,""alt"":15},""targetSpeed"":30,""seq"":9}","{""phase"":""J"",""startLLA"":{""lat"":37.596919,""lon"":127.084854,""alt"":15},""endLLA"":{""lat"":37.596919,""lon"":127.084854,""alt"":0},""targetSpeed"":10,""seq"":10}","{""phase"":""K"",""startLLA"":{""lat"":37.596919,""lon"":127.084854,""alt"":0},""endLLA"":{""lat"":37.596919,""lon"":127.084854,""alt"":0},""targetSpeed"":3,""seq"":11}",,,,,,,,,,
d2d2f5e06492,2026-06-20,FPL1214005,UAM0043,a2,2,1,0.5,광화문,광화문,가산,가산,13,G2,F1,G3,F2,13:15:02,13:21:38,13:27:49,13:34:48,13:44:48,396.86,370.9,418.28,1186.04,0,0,ready,광화문 > 홍대입구 > 성산대교 중간지점 > 선유도 17고지 > 영등포 > 가산,16.1492,13,"{""phase"":""A"",""startLLA"":{""lat"":37.56901,""lon"":126.973604,""alt"":0},""endLLA"":{""lat"":37.56901,""lon"":126.973604,""alt"":0},""targetSpeed"":3,""seq"":1}","{""phase"":""B"",""startLLA"":{""lat"":37.56901,""lon"":126.973604,""alt"":0},""endLLA"":{""lat"":37.56901,""lon"":126.973604,""alt"":15},""targetSpeed"":10,""seq"":2}","{""phase"":""C"",""startLLA"":{""lat"":37.56901,""lon"":126.973604,""alt"":15},""endLLA"":{""lat"":37.565863,""lon"":126.96076,""alt"":100},""targetSpeed"":36,""seq"":3}","{""phase"":""E"",""startLLA"":{""lat"":37.565863,""lon"":126.96076,""alt"":100},""endLLA"":{""lat"":37.556786,""lon"":126.923706,""alt"":302},""targetSpeed"":51.4,""seq"":4}","{""phase"":""E"",""startLLA"":{""lat"":37.556786,""lon"":126.923706,""alt"":302},""endLLA"":{""lat"":37.556712,""lon"":126.923138,""alt"":305},""targetSpeed"":51.4,""seq"":5}","{""phase"":""F"",""startLLA"":{""lat"":37.556712,""lon"":126.923138,""alt"":305},""endLLA"":{""lat"":37.552574,""lon"":126.891431,""alt"":305},""targetSpeed"":51.4,""seq"":6}","{""phase"":""F"",""startLLA"":{""lat"":37.552574,""lon"":126.891431,""alt"":305},""endLLA"":{""lat"":37.542307,""lon"":126.90249,""alt"":305},""targetSpeed"":51.4,""seq"":7}","{""phase"":""F"",""startLLA"":{""lat"":37.542307,""lon"":126.90249,""alt"":305},""endLLA"":{""lat"":37.520637,""lon"":126.906822,""alt"":305},""targetSpeed"":51.4,""seq"":8}","{""phase"":""G"",""startLLA"":{""lat"":37.520637,""lon"":126.906822,""alt"":305},""endLLA"":{""lat"":37.515965,""lon"":126.907756,""alt"":273.92},""targetSpeed"":36,""seq"":9}","{""phase"":""G"",""startLLA"":{""lat"":37.515965,""lon"":126.907756,""alt"":273.92},""endLLA"":{""lat"":37.495842,""lon"":126.886081,""alt"":100},""targetSpeed"":36,""seq"":10}","{""phase"":""I"",""startLLA"":{""lat"":37.495842,""lon"":126.886081,""alt"":100},""endLLA"":{""lat"":37.489091,""lon"":126.878809,""alt"":15},""targetSpeed"":30,""seq"":11}","{""phase"":""J"",""startLLA"":{""lat"":37.489091,""lon"":126.878809,""alt"":15},""endLLA"":{""lat"":37.489091,""lon"":126.878809,""alt"":0},""targetSpeed"":10,""seq"":12}","{""phase"":""K"",""startLLA"":{""lat"":37.489091,""lon"":126.878809,""alt"":0},""endLLA"":{""lat"":37.489091,""lon"":126.878809,""alt"":0},""targetSpeed"":3,""seq"":13}",,,,,,,,
d2d2f5e06492,2026-06-20,FPL1215008,UAM0057,a2,2,1,0.5,광화문,광화문,마곡,마곡,13,G1,F1,G2,F1,13:46:29,13:52:35,14:21:28,14:27:57,14:37:57,366.86,1732.97,388.28,2488.11,0,1342.42,ready,광화문 > 홍대입구 > 성산대교 중간지점 > 가양대교 남단 > 마곡,17.1596,12,"{""phase"":""A"",""startLLA"":{""lat"":37.56901,""lon"":126.973604,""alt"":0},""endLLA"":{""lat"":37.56901,""lon"":126.973604,""alt"":0},""targetSpeed"":3,""seq"":1}","{""phase"":""B"",""startLLA"":{""lat"":37.56901,""lon"":126.973604,""alt"":0},""endLLA"":{""lat"":37.56901,""lon"":126.973604,""alt"":15},""targetSpeed"":10,""seq"":2}","{""phase"":""C"",""startLLA"":{""lat"":37.56901,""lon"":126.973604,""alt"":15},""endLLA"":{""lat"":37.565861,""lon"":126.96075,""alt"":100},""targetSpeed"":36,""seq"":3}","{""phase"":""E"",""startLLA"":{""lat"":37.565861,""lon"":126.96075,""alt"":100},""endLLA"":{""lat"":37.556786,""lon"":126.923706,""alt"":301.81},""targetSpeed"":51.4,""seq"":4}","{""phase"":""E"",""startLLA"":{""lat"":37.556786,""lon"":126.923706,""alt"":301.81},""endLLA"":{""lat"":37.556707,""lon"":126.923101,""alt"":305},""targetSpeed"":51.4,""seq"":5}","{""phase"":""F"",""startLLA"":{""lat"":37.556707,""lon"":126.923101,""alt"":305},""endLLA"":{""lat"":37.552574,""lon"":126.891431,""alt"":305},""targetSpeed"":51.4,""seq"":6}","{""phase"":""F"",""startLLA"":{""lat"":37.552574,""lon"":126.891431,""alt"":305},""endLLA"":{""lat"":37.569391,""lon"":126.861026,""alt"":305},""targetSpeed"":51.4,""seq"":7}","{""phase"":""F"",""startLLA"":{""lat"":37.569391,""lon"":126.861026,""alt"":305},""endLLA"":{""lat"":37.567792,""lon"":126.84212,""alt"":305},""targetSpeed"":51.4,""seq"":8}","{""phase"":""G"",""startLLA"":{""lat"":37.567792,""lon"":126.84212,""alt"":305},""endLLA"":{""lat"":37.564478,""lon"":126.802953,""alt"":100},""targetSpeed"":36,""seq"":9}","{""phase"":""I"",""startLLA"":{""lat"":37.564478,""lon"":126.802953,""alt"":100},""endLLA"":{""lat"":37.563535,""lon"":126.791805,""alt"":15},""targetSpeed"":30,""seq"":10}","{""phase"":""J"",""startLLA"":{""lat"":37.563535,""lon"":126.791805,""alt"":15},""endLLA"":{""lat"":37.563535,""lon"":126.791805,""alt"":0},""targetSpeed"":10,""seq"":11}","{""phase"":""K"",""startLLA"":{""lat"":37.563535,""lon"":126.791805,""alt"":0},""endLLA"":{""lat"":37.563535,""lon"":126.791805,""alt"":0},""targetSpeed"":3,""seq"":12}",,,,,,,,,
d2d2f5e06492,2026-06-20,FPL1216005,UAM0029,a2,2,1,0.5,광화문,광화문,망우,망우,13,G8,F2,G3,F1,13:47:17,13:53:23,13:57:38,14:04:36,14:14:36,366.86,254.52,418.28,1039.66,0,0,ready,광화문 > 신설동역 > 청량리 > 망우,10.3914,11,"{""phase"":""A"",""startLLA"":{""lat"":37.56901,""lon"":126.973604,""alt"":0},""endLLA"":{""lat"":37.56901,""lon"":126.973604,""alt"":0},""targetSpeed"":3,""seq"":1}","{""phase"":""B"",""startLLA"":{""lat"":37.56901,""lon"":126.973604,""alt"":0},""endLLA"":{""lat"":37.56901,""lon"":126.973604,""alt"":15},""targetSpeed"":10,""seq"":2}","{""phase"":""C"",""startLLA"":{""lat"":37.56901,""lon"":126.973604,""alt"":15},""endLLA"":{""lat"":37.570845,""lon"":126.987382,""alt"":100},""targetSpeed"":36,""seq"":3}","{""phase"":""E"",""startLLA"":{""lat"":37.570845,""lon"":126.987382,""alt"":100},""endLLA"":{""lat"":37.575658,""lon"":127.02353,""alt"":283.71},""targetSpeed"":51.4,""seq"":4}","{""phase"":""E"",""startLLA"":{""lat"":37.575658,""lon"":127.02353,""alt"":283.71},""endLLA"":{""lat"":37.576602,""lon"":127.027607,""alt"":305},""targetSpeed"":51.4,""seq"":5}","{""phase"":""F"",""startLLA"":{""lat"":37.576602,""lon"":127.027607,""alt"":305},""endLLA"":{""lat"":37.578933,""lon"":127.037679,""alt"":305},""targetSpeed"":51.4,""seq"":6}","{""phase"":""G"",""startLLA"":{""lat"":37.578933,""lon"":127.037679,""alt"":305},""endLLA"":{""lat"":37.581542,""lon"":127.048947,""alt"":246.17},""targetSpeed"":36,""seq"":7}","{""phase"":""G"",""startLLA"":{""lat"":37.581542,""lon"":127.048947,""alt"":246.17},""endLLA"":{""lat"":37.592532,""lon"":127.074609,""alt"":100},""targetSpeed"":36,""seq"":8}","{""phase"":""I"",""startLLA"":{""lat"":37.592532,""lon"":127.074609,""alt"":100},""endLLA"":{""lat"":37.596919,""lon"":127.084854,""alt"":15},""targetSpeed"":30,""seq"":9}","{""phase"":""J"",""startLLA"":{""lat"":37.596919,""lon"":127.084854,""alt"":15},""endLLA"":{""lat"":37.596919,""lon"":127.084854,""alt"":0},""targetSpeed"":10,""seq"":10}","{""phase"":""K"",""startLLA"":{""lat"":37.596919,""lon"":127.084854,""alt"":0},""endLLA"":{""lat"":37.596919,""lon"":127.084854,""alt"":0},""targetSpeed"":3,""seq"":11}",,,,,,,,,,
d2d2f5e06492,2026-06-20,FPL1208003,UAM0053,a2,2,2,1,광화문,광화문,사당,사당,14,G1,F1,G8,F2,14:10:35,14:16:41,14:24:12,14:30:10,14:40:10,366.86,450.47,358.28,1175.61,0,0,ready,광화문 > 홍대입구 > 성산대교 중간지점 > 선유도 17고지 > 영등포 > 180고지 > 사당,20.239,14,"{""phase"":""A"",""startLLA"":{""lat"":37.56901,""lon"":126.973604,""alt"":0},""endLLA"":{""lat"":37.56901,""lon"":126.973604,""alt"":0},""targetSpeed"":3,""seq"":1}","{""phase"":""B"",""startLLA"":{""lat"":37.56901,""lon"":126.973604,""alt"":0},""endLLA"":{""lat"":37.56901,""lon"":126.973604,""alt"":15},""targetSpeed"":10,""seq"":2}","{""phase"":""C"",""startLLA"":{""lat"":37.56901,""lon"":126.973604,""alt"":15},""endLLA"":{""lat"":37.565853,""lon"":126.960717,""alt"":100},""targetSpeed"":36,""seq"":3}","{""phase"":""E"",""startLLA"":{""lat"":37.565853,""lon"":126.960717,""alt"":100},""endLLA"":{""lat"":37.556786,""lon"":126.923706,""alt"":301.11},""targetSpeed"":51.4,""seq"":4}","{""phase"":""E"",""startLLA"":{""lat"":37.556786,""lon"":126.923706,""alt"":301.11},""endLLA"":{""lat"":37.55669,""lon"":126.922967,""alt"":305},""targetSpeed"":51.4,""seq"":5}","{""phase"":""F"",""startLLA"":{""lat"":37.55669,""lon"":126.922967,""alt"":305},""endLLA"":{""lat"":37.552574,""lon"":126.891431,""alt"":305},""targetSpeed"":51.4,""seq"":6}","{""phase"":""F"",""startLLA"":{""lat"":37.552574,""lon"":126.891431,""alt"":305},""endLLA"":{""lat"":37.542307,""lon"":126.90249,""alt"":305},""targetSpeed"":51.4,""seq"":7}","{""phase"":""F"",""startLLA"":{""lat"":37.542307,""lon"":126.90249,""alt"":305},""endLLA"":{""lat"":37.515965,""lon"":126.907756,""alt"":305},""targetSpeed"":51.4,""seq"":8}","{""phase"":""F"",""startLLA"":{""lat"":37.515965,""lon"":126.907756,""alt"":305},""endLLA"":{""lat"":37.494402,""lon"":126.937394,""alt"":305},""targetSpeed"":51.4,""seq"":9}","{""phase"":""G"",""startLLA"":{""lat"":37.494402,""lon"":126.937394,""alt"":305},""endLLA"":{""lat"":37.492877,""lon"":126.93949,""alt"":290.22},""targetSpeed"":36,""seq"":10}","{""phase"":""G"",""startLLA"":{""lat"":37.492877,""lon"":126.93949,""alt"":290.22},""endLLA"":{""lat"":37.479784,""lon"":126.972163,""alt"":100},""targetSpeed"":36,""seq"":11}","{""phase"":""I"",""startLLA"":{""lat"":37.479784,""lon"":126.972163,""alt"":100},""endLLA"":{""lat"":37.475767,""lon"":126.982185,""alt"":15},""targetSpeed"":30,""seq"":12}","{""phase"":""J"",""startLLA"":{""lat"":37.475767,""lon"":126.982185,""alt"":15},""endLLA"":{""lat"":37.475767,""lon"":126.982185,""alt"":0},""targetSpeed"":10,""seq"":13}","{""phase"":""K"",""startLLA"":{""lat"":37.475767,""lon"":126.982185,""alt"":0},""endLLA"":{""lat"":37.475767,""lon"":126.982185,""alt"":0},""targetSpeed"":3,""seq"":14}",,,,,,,
d2d2f5e06492,2026-06-20,FPL1211006,UAM0020,a2,2,2,1,광화문,광화문,천호,천호,14,G8,F2,G8,F2,14:14:29,14:20:35,14:29:42,14:35:40,14:45:40,366.86,546.84,358.28,1271.98,0,144.33,ready,광화문 > 신설동역 > 청량리 > 중랑철교 > 상봉 > 아차산 고가차도 > 천호,17.9893,14,"{""phase"":""A"",""startLLA"":{""lat"":37.56901,""lon"":126.973604,""alt"":0},""endLLA"":{""lat"":37.56901,""lon"":126.973604,""alt"":0},""targetSpeed"":3,""seq"":1}","{""phase"":""B"",""startLLA"":{""lat"":37.56901,""lon"":126.973604,""alt"":0},""endLLA"":{""lat"":37.56901,""lon"":126.973604,""alt"":15},""targetSpeed"":10,""seq"":2}","{""phase"":""C"",""startLLA"":{""lat"":37.56901,""lon"":126.973604,""alt"":15},""endLLA"":{""lat"":37.570827,""lon"":126.987248,""alt"":100},""targetSpeed"":36,""seq"":3}","{""phase"":""E"",""startLLA"":{""lat"":37.570827,""lon"":126.987248,""alt"":100},""endLLA"":{""lat"":37.575658,""lon"":127.02353,""alt"":286.2},""targetSpeed"":51.4,""seq"":4}","{""phase"":""E"",""startLLA"":{""lat"":37.575658,""lon"":127.02353,""alt"":286.2},""endLLA"":{""lat"":37.576483,""lon"":127.027095,""alt"":305},""targetSpeed"":51.4,""seq"":5}","{""phase"":""F"",""startLLA"":{""lat"":37.576483,""lon"":127.027095,""alt"":305},""endLLA"":{""lat"":37.581542,""lon"":127.048947,""alt"":305},""targetSpeed"":51.4,""seq"":6}","{""phase"":""F"",""startLLA"":{""lat"":37.581542,""lon"":127.048947,""alt"":305},""endLLA"":{""lat"":37.593586,""lon"":127.069978,""alt"":305},""targetSpeed"":51.4,""seq"":7}","{""phase"":""F"",""startLLA"":{""lat"":37.593586,""lon"":127.069978,""alt"":305},""endLLA"":{""lat"":37.596919,""lon"":127.084854,""alt"":305},""targetSpeed"":51.4,""seq"":8}","{""phase"":""F"",""startLLA"":{""lat"":37.596919,""lon"":127.084854,""alt"":305},""endLLA"":{""lat"":37.570823,""lon"":127.091481,""alt"":305},""targetSpeed"":51.4,""seq"":9}","{""phase"":""G"",""startLLA"":{""lat"":37.570823,""lon"":127.091481,""alt"":305},""endLLA"":{""lat"":37.547423,""lon"":127.097424,""alt"":152.58},""targetSpeed"":36,""seq"":10}","{""phase"":""G"",""startLLA"":{""lat"":37.547423,""lon"":127.097424,""alt"":152.58},""endLLA"":{""lat"":37.546622,""lon"":127.107759,""alt"":100},""targetSpeed"":36,""seq"":11}","{""phase"":""I"",""startLLA"":{""lat"":37.546622,""lon"":127.107759,""alt"":100},""endLLA"":{""lat"":37.545733,""lon"":127.11923,""alt"":15},""targetSpeed"":30,""seq"":12}","{""phase"":""J"",""startLLA"":{""lat"":37.545733,""lon"":127.11923,""alt"":15},""endLLA"":{""lat"":37.545733,""lon"":127.11923,""alt"":0},""targetSpeed"":10,""seq"":13}","{""phase"":""K"",""startLLA"":{""lat"":37.545733,""lon"":127.11923,""alt"":0},""endLLA"":{""lat"":37.545733,""lon"":127.11923,""alt"":0},""targetSpeed"":3,""seq"":14}",,,,,,,
d2d2f5e06492,2026-06-20,FPL1208004,UAM0058,a2,2,2,1,광화문,광화문,사당,사당,14,G2,F1,G2,F1,14:15:57,14:22:33,14:30:04,14:36:32,14:46:32,396.86,450.47,388.28,1235.61,0,0,ready,광화문 > 홍대입구 > 성산대교 중간지점 > 선유도 17고지 > 영등포 > 180고지 > 사당,20.239,14,"{""phase"":""A"",""startLLA"":{""lat"":37.56901,""lon"":126.973604,""alt"":0},""endLLA"":{""lat"":37.56901,""lon"":126.973604,""alt"":0},""targetSpeed"":3,""seq"":1}","{""phase"":""B"",""startLLA"":{""lat"":37.56901,""lon"":126.973604,""alt"":0},""endLLA"":{""lat"":37.56901,""lon"":126.973604,""alt"":15},""targetSpeed"":10,""seq"":2}","{""phase"":""C"",""startLLA"":{""lat"":37.56901,""lon"":126.973604,""alt"":15},""endLLA"":{""lat"":37.565853,""lon"":126.960717,""alt"":100},""targetSpeed"":36,""seq"":3}","{""phase"":""E"",""startLLA"":{""lat"":37.565853,""lon"":126.960717,""alt"":100},""endLLA"":{""lat"":37.556786,""lon"":126.923706,""alt"":301.11},""targetSpeed"":51.4,""seq"":4}","{""phase"":""E"",""startLLA"":{""lat"":37.556786,""lon"":126.923706,""alt"":301.11},""endLLA"":{""lat"":37.55669,""lon"":126.922967,""alt"":305},""targetSpeed"":51.4,""seq"":5}","{""phase"":""F"",""startLLA"":{""lat"":37.55669,""lon"":126.922967,""alt"":305},""endLLA"":{""lat"":37.552574,""lon"":126.891431,""alt"":305},""targetSpeed"":51.4,""seq"":6}","{""phase"":""F"",""startLLA"":{""lat"":37.552574,""lon"":126.891431,""alt"":305},""endLLA"":{""lat"":37.542307,""lon"":126.90249,""alt"":305},""targetSpeed"":51.4,""seq"":7}","{""phase"":""F"",""startLLA"":{""lat"":37.542307,""lon"":126.90249,""alt"":305},""endLLA"":{""lat"":37.515965,""lon"":126.907756,""alt"":305},""targetSpeed"":51.4,""seq"":8}","{""phase"":""F"",""startLLA"":{""lat"":37.515965,""lon"":126.907756,""alt"":305},""endLLA"":{""lat"":37.494402,""lon"":126.937394,""alt"":305},""targetSpeed"":51.4,""seq"":9}","{""phase"":""G"",""startLLA"":{""lat"":37.494402,""lon"":126.937394,""alt"":305},""endLLA"":{""lat"":37.492877,""lon"":126.93949,""alt"":290.22},""targetSpeed"":36,""seq"":10}","{""phase"":""G"",""startLLA"":{""lat"":37.492877,""lon"":126.93949,""alt"":290.22},""endLLA"":{""lat"":37.479784,""lon"":126.972163,""alt"":100},""targetSpeed"":36,""seq"":11}","{""phase"":""I"",""startLLA"":{""lat"":37.479784,""lon"":126.972163,""alt"":100},""endLLA"":{""lat"":37.475767,""lon"":126.982185,""alt"":15},""targetSpeed"":30,""seq"":12}","{""phase"":""J"",""startLLA"":{""lat"":37.475767,""lon"":126.982185,""alt"":15},""endLLA"":{""lat"":37.475767,""lon"":126.982185,""alt"":0},""targetSpeed"":10,""seq"":13}","{""phase"":""K"",""startLLA"":{""lat"":37.475767,""lon"":126.982185,""alt"":0},""endLLA"":{""lat"":37.475767,""lon"":126.982185,""alt"":0},""targetSpeed"":3,""seq"":14}",,,,,,,
d2d2f5e06492,2026-06-20,FPL1215009,UAM0065,a2,2,2,1,광화문,광화문,마곡,마곡,14,G1,F1,G7,F1,14:37:43,14:43:49,14:58:55,15:05:23,15:15:23,366.86,905.54,388.28,1660.68,0,514.99,ready,광화문 > 홍대입구 > 성산대교 중간지점 > 가양대교 남단 > 마곡,17.1596,12,"{""phase"":""A"",""startLLA"":{""lat"":37.56901,""lon"":126.973604,""alt"":0},""endLLA"":{""lat"":37.56901,""lon"":126.973604,""alt"":0},""targetSpeed"":3,""seq"":1}","{""phase"":""B"",""startLLA"":{""lat"":37.56901,""lon"":126.973604,""alt"":0},""endLLA"":{""lat"":37.56901,""lon"":126.973604,""alt"":15},""targetSpeed"":10,""seq"":2}","{""phase"":""C"",""startLLA"":{""lat"":37.56901,""lon"":126.973604,""alt"":15},""endLLA"":{""lat"":37.565861,""lon"":126.96075,""alt"":100},""targetSpeed"":36,""seq"":3}","{""phase"":""E"",""startLLA"":{""lat"":37.565861,""lon"":126.96075,""alt"":100},""endLLA"":{""lat"":37.556786,""lon"":126.923706,""alt"":301.81},""targetSpeed"":51.4,""seq"":4}","{""phase"":""E"",""startLLA"":{""lat"":37.556786,""lon"":126.923706,""alt"":301.81},""endLLA"":{""lat"":37.556707,""lon"":126.923101,""alt"":305},""targetSpeed"":51.4,""seq"":5}","{""phase"":""F"",""startLLA"":{""lat"":37.556707,""lon"":126.923101,""alt"":305},""endLLA"":{""lat"":37.552574,""lon"":126.891431,""alt"":305},""targetSpeed"":51.4,""seq"":6}","{""phase"":""F"",""startLLA"":{""lat"":37.552574,""lon"":126.891431,""alt"":305},""endLLA"":{""lat"":37.569391,""lon"":126.861026,""alt"":305},""targetSpeed"":51.4,""seq"":7}","{""phase"":""F"",""startLLA"":{""lat"":37.569391,""lon"":126.861026,""alt"":305},""endLLA"":{""lat"":37.567792,""lon"":126.84212,""alt"":305},""targetSpeed"":51.4,""seq"":8}","{""phase"":""G"",""startLLA"":{""lat"":37.567792,""lon"":126.84212,""alt"":305},""endLLA"":{""lat"":37.564478,""lon"":126.802953,""alt"":100},""targetSpeed"":36,""seq"":9}","{""phase"":""I"",""startLLA"":{""lat"":37.564478,""lon"":126.802953,""alt"":100},""endLLA"":{""lat"":37.563535,""lon"":126.791805,""alt"":15},""targetSpeed"":30,""seq"":10}","{""phase"":""J"",""startLLA"":{""lat"":37.563535,""lon"":126.791805,""alt"":15},""endLLA"":{""lat"":37.563535,""lon"":126.791805,""alt"":0},""targetSpeed"":10,""seq"":11}","{""phase"":""K"",""startLLA"":{""lat"":37.563535,""lon"":126.791805,""alt"":0},""endLLA"":{""lat"":37.563535,""lon"":126.791805,""alt"":0},""targetSpeed"":3,""seq"":12}",,,,,,,,,
d2d2f5e06492,2026-06-20,FPL1215010,UAM0021,a2,2,2,1,광화문,광화문,마곡,마곡,15,G1,F1,G1,F1,15:02:08,15:08:14,15:25:24,15:31:23,15:41:23,366.86,1029.97,358.28,1755.11,0,639.41,ready,광화문 > 홍대입구 > 성산대교 중간지점 > 가양대교 남단 > 마곡,17.1596,12,"{""phase"":""A"",""startLLA"":{""lat"":37.56901,""lon"":126.973604,""alt"":0},""endLLA"":{""lat"":37.56901,""lon"":126.973604,""alt"":0},""targetSpeed"":3,""seq"":1}","{""phase"":""B"",""startLLA"":{""lat"":37.56901,""lon"":126.973604,""alt"":0},""endLLA"":{""lat"":37.56901,""lon"":126.973604,""alt"":15},""targetSpeed"":10,""seq"":2}","{""phase"":""C"",""startLLA"":{""lat"":37.56901,""lon"":126.973604,""alt"":15},""endLLA"":{""lat"":37.565861,""lon"":126.96075,""alt"":100},""targetSpeed"":36,""seq"":3}","{""phase"":""E"",""startLLA"":{""lat"":37.565861,""lon"":126.96075,""alt"":100},""endLLA"":{""lat"":37.556786,""lon"":126.923706,""alt"":301.81},""targetSpeed"":51.4,""seq"":4}","{""phase"":""E"",""startLLA"":{""lat"":37.556786,""lon"":126.923706,""alt"":301.81},""endLLA"":{""lat"":37.556707,""lon"":126.923101,""alt"":305},""targetSpeed"":51.4,""seq"":5}","{""phase"":""F"",""startLLA"":{""lat"":37.556707,""lon"":126.923101,""alt"":305},""endLLA"":{""lat"":37.552574,""lon"":126.891431,""alt"":305},""targetSpeed"":51.4,""seq"":6}","{""phase"":""F"",""startLLA"":{""lat"":37.552574,""lon"":126.891431,""alt"":305},""endLLA"":{""lat"":37.569391,""lon"":126.861026,""alt"":305},""targetSpeed"":51.4,""seq"":7}","{""phase"":""F"",""startLLA"":{""lat"":37.569391,""lon"":126.861026,""alt"":305},""endLLA"":{""lat"":37.567792,""lon"":126.84212,""alt"":305},""targetSpeed"":51.4,""seq"":8}","{""phase"":""G"",""startLLA"":{""lat"":37.567792,""lon"":126.84212,""alt"":305},""endLLA"":{""lat"":37.564478,""lon"":126.802953,""alt"":100},""targetSpeed"":36,""seq"":9}","{""phase"":""I"",""startLLA"":{""lat"":37.564478,""lon"":126.802953,""alt"":100},""endLLA"":{""lat"":37.563535,""lon"":126.791805,""alt"":15},""targetSpeed"":30,""seq"":10}","{""phase"":""J"",""startLLA"":{""lat"":37.563535,""lon"":126.791805,""alt"":15},""endLLA"":{""lat"":37.563535,""lon"":126.791805,""alt"":0},""targetSpeed"":10,""seq"":11}","{""phase"":""K"",""startLLA"":{""lat"":37.563535,""lon"":126.791805,""alt"":0},""endLLA"":{""lat"":37.563535,""lon"":126.791805,""alt"":0},""targetSpeed"":3,""seq"":12}",,,,,,,,,
d2d2f5e06492,2026-06-20,FPL1211007,UAM0053,a2,2,2,1,광화문,광화문,천호,천호,15,G8,F1,G8,F1,15:09:47,15:16:19,15:28:08,15:34:06,15:44:06,392.19,709.24,358.28,1459.71,25.33,306.73,ready,광화문 > 신설동역 > 청량리 > 중랑철교 > 상봉 > 아차산 고가차도 > 천호,17.9893,14,"{""phase"":""A"",""startLLA"":{""lat"":37.56901,""lon"":126.973604,""alt"":0},""endLLA"":{""lat"":37.56901,""lon"":126.973604,""alt"":0},""targetSpeed"":3,""seq"":1}","{""phase"":""B"",""startLLA"":{""lat"":37.56901,""lon"":126.973604,""alt"":0},""endLLA"":{""lat"":37.56901,""lon"":126.973604,""alt"":15},""targetSpeed"":10,""seq"":2}","{""phase"":""C"",""startLLA"":{""lat"":37.56901,""lon"":126.973604,""alt"":15},""endLLA"":{""lat"":37.570827,""lon"":126.987248,""alt"":100},""targetSpeed"":36,""seq"":3}","{""phase"":""E"",""startLLA"":{""lat"":37.570827,""lon"":126.987248,""alt"":100},""endLLA"":{""lat"":37.575658,""lon"":127.02353,""alt"":286.2},""targetSpeed"":51.4,""seq"":4}","{""phase"":""E"",""startLLA"":{""lat"":37.575658,""lon"":127.02353,""alt"":286.2},""endLLA"":{""lat"":37.576483,""lon"":127.027095,""alt"":305},""targetSpeed"":51.4,""seq"":5}","{""phase"":""F"",""startLLA"":{""lat"":37.576483,""lon"":127.027095,""alt"":305},""endLLA"":{""lat"":37.581542,""lon"":127.048947,""alt"":305},""targetSpeed"":51.4,""seq"":6}","{""phase"":""F"",""startLLA"":{""lat"":37.581542,""lon"":127.048947,""alt"":305},""endLLA"":{""lat"":37.593586,""lon"":127.069978,""alt"":305},""targetSpeed"":51.4,""seq"":7}","{""phase"":""F"",""startLLA"":{""lat"":37.593586,""lon"":127.069978,""alt"":305},""endLLA"":{""lat"":37.596919,""lon"":127.084854,""alt"":305},""targetSpeed"":51.4,""seq"":8}","{""phase"":""F"",""startLLA"":{""lat"":37.596919,""lon"":127.084854,""alt"":305},""endLLA"":{""lat"":37.570823,""lon"":127.091481,""alt"":305},""targetSpeed"":51.4,""seq"":9}","{""phase"":""G"",""startLLA"":{""lat"":37.570823,""lon"":127.091481,""alt"":305},""endLLA"":{""lat"":37.547423,""lon"":127.097424,""alt"":152.58},""targetSpeed"":36,""seq"":10}","{""phase"":""G"",""startLLA"":{""lat"":37.547423,""lon"":127.097424,""alt"":152.58},""endLLA"":{""lat"":37.546622,""lon"":127.107759,""alt"":100},""targetSpeed"":36,""seq"":11}","{""phase"":""I"",""startLLA"":{""lat"":37.546622,""lon"":127.107759,""alt"":100},""endLLA"":{""lat"":37.545733,""lon"":127.11923,""alt"":15},""targetSpeed"":30,""seq"":12}","{""phase"":""J"",""startLLA"":{""lat"":37.545733,""lon"":127.11923,""alt"":15},""endLLA"":{""lat"":37.545733,""lon"":127.11923,""alt"":0},""targetSpeed"":10,""seq"":13}","{""phase"":""K"",""startLLA"":{""lat"":37.545733,""lon"":127.11923,""alt"":0},""endLLA"":{""lat"":37.545733,""lon"":127.11923,""alt"":0},""targetSpeed"":3,""seq"":14}",,,,,,,
d2d2f5e06492,2026-06-20,FPL1214006,UAM0042,a2,2,1,0.5,광화문,광화문,가산,가산,15,G1,F1,G6,F2,15:21:23,15:27:29,15:33:48,15:40:54,15:50:54,366.86,378.43,426.57,1171.85,0,15.81,ready,광화문 > 홍대입구 > 성산대교 중간지점 > 선유도 17고지 > 영등포 > 가산,16.1492,13,"{""phase"":""A"",""startLLA"":{""lat"":37.56901,""lon"":126.973604,""alt"":0},""endLLA"":{""lat"":37.56901,""lon"":126.973604,""alt"":0},""targetSpeed"":3,""seq"":1}","{""phase"":""B"",""startLLA"":{""lat"":37.56901,""lon"":126.973604,""alt"":0},""endLLA"":{""lat"":37.56901,""lon"":126.973604,""alt"":15},""targetSpeed"":10,""seq"":2}","{""phase"":""C"",""startLLA"":{""lat"":37.56901,""lon"":126.973604,""alt"":15},""endLLA"":{""lat"":37.565863,""lon"":126.96076,""alt"":100},""targetSpeed"":36,""seq"":3}","{""phase"":""E"",""startLLA"":{""lat"":37.565863,""lon"":126.96076,""alt"":100},""endLLA"":{""lat"":37.556786,""lon"":126.923706,""alt"":302},""targetSpeed"":51.4,""seq"":4}","{""phase"":""E"",""startLLA"":{""lat"":37.556786,""lon"":126.923706,""alt"":302},""endLLA"":{""lat"":37.556712,""lon"":126.923138,""alt"":305},""targetSpeed"":51.4,""seq"":5}","{""phase"":""F"",""startLLA"":{""lat"":37.556712,""lon"":126.923138,""alt"":305},""endLLA"":{""lat"":37.552574,""lon"":126.891431,""alt"":305},""targetSpeed"":51.4,""seq"":6}","{""phase"":""F"",""startLLA"":{""lat"":37.552574,""lon"":126.891431,""alt"":305},""endLLA"":{""lat"":37.542307,""lon"":126.90249,""alt"":305},""targetSpeed"":51.4,""seq"":7}","{""phase"":""F"",""startLLA"":{""lat"":37.542307,""lon"":126.90249,""alt"":305},""endLLA"":{""lat"":37.520637,""lon"":126.906822,""alt"":305},""targetSpeed"":51.4,""seq"":8}","{""phase"":""G"",""startLLA"":{""lat"":37.520637,""lon"":126.906822,""alt"":305},""endLLA"":{""lat"":37.515965,""lon"":126.907756,""alt"":273.92},""targetSpeed"":36,""seq"":9}","{""phase"":""G"",""startLLA"":{""lat"":37.515965,""lon"":126.907756,""alt"":273.92},""endLLA"":{""lat"":37.495842,""lon"":126.886081,""alt"":100},""targetSpeed"":36,""seq"":10}","{""phase"":""I"",""startLLA"":{""lat"":37.495842,""lon"":126.886081,""alt"":100},""endLLA"":{""lat"":37.489091,""lon"":126.878809,""alt"":15},""targetSpeed"":30,""seq"":11}","{""phase"":""J"",""startLLA"":{""lat"":37.489091,""lon"":126.878809,""alt"":15},""endLLA"":{""lat"":37.489091,""lon"":126.878809,""alt"":0},""targetSpeed"":10,""seq"":12}","{""phase"":""K"",""startLLA"":{""lat"":37.489091,""lon"":126.878809,""alt"":0},""endLLA"":{""lat"":37.489091,""lon"":126.878809,""alt"":0},""targetSpeed"":3,""seq"":13}",,,,,,,,
d2d2f5e06492,2026-06-20,FPL1216006,UAM0018,a2,2,1,0.5,광화문,광화문,망우,망우,15,G8,F1,G4,F1,15:28:47,15:34:53,15:40:19,15:48:29,15:58:29,366.86,325.44,490.7,1182.99,0,113.33,ready,광화문 > 신설동역 > 청량리 > 망우,10.3914,11,"{""phase"":""A"",""startLLA"":{""lat"":37.56901,""lon"":126.973604,""alt"":0},""endLLA"":{""lat"":37.56901,""lon"":126.973604,""alt"":0},""targetSpeed"":3,""seq"":1}","{""phase"":""B"",""startLLA"":{""lat"":37.56901,""lon"":126.973604,""alt"":0},""endLLA"":{""lat"":37.56901,""lon"":126.973604,""alt"":15},""targetSpeed"":10,""seq"":2}","{""phase"":""C"",""startLLA"":{""lat"":37.56901,""lon"":126.973604,""alt"":15},""endLLA"":{""lat"":37.570845,""lon"":126.987382,""alt"":100},""targetSpeed"":36,""seq"":3}","{""phase"":""E"",""startLLA"":{""lat"":37.570845,""lon"":126.987382,""alt"":100},""endLLA"":{""lat"":37.575658,""lon"":127.02353,""alt"":283.71},""targetSpeed"":51.4,""seq"":4}","{""phase"":""E"",""startLLA"":{""lat"":37.575658,""lon"":127.02353,""alt"":283.71},""endLLA"":{""lat"":37.576602,""lon"":127.027607,""alt"":305},""targetSpeed"":51.4,""seq"":5}","{""phase"":""F"",""startLLA"":{""lat"":37.576602,""lon"":127.027607,""alt"":305},""endLLA"":{""lat"":37.578933,""lon"":127.037679,""alt"":305},""targetSpeed"":51.4,""seq"":6}","{""phase"":""G"",""startLLA"":{""lat"":37.578933,""lon"":127.037679,""alt"":305},""endLLA"":{""lat"":37.581542,""lon"":127.048947,""alt"":246.17},""targetSpeed"":36,""seq"":7}","{""phase"":""G"",""startLLA"":{""lat"":37.581542,""lon"":127.048947,""alt"":246.17},""endLLA"":{""lat"":37.592532,""lon"":127.074609,""alt"":100},""targetSpeed"":36,""seq"":8}","{""phase"":""I"",""startLLA"":{""lat"":37.592532,""lon"":127.074609,""alt"":100},""endLLA"":{""lat"":37.596919,""lon"":127.084854,""alt"":15},""targetSpeed"":30,""seq"":9}","{""phase"":""J"",""startLLA"":{""lat"":37.596919,""lon"":127.084854,""alt"":15},""endLLA"":{""lat"":37.596919,""lon"":127.084854,""alt"":0},""targetSpeed"":10,""seq"":10}","{""phase"":""K"",""startLLA"":{""lat"":37.596919,""lon"":127.084854,""alt"":0},""endLLA"":{""lat"":37.596919,""lon"":127.084854,""alt"":0},""targetSpeed"":3,""seq"":11}",,,,,,,,,,
d2d2f5e06492,2026-06-20,FPL1208005,UAM0040,a2,2,1,0.5,광화문,광화문,사당,사당,15,G1,F2,G2,F2,15:39:44,15:45:50,15:55:05,16:01:34,16:11:34,366.86,555.14,388.28,1310.28,0,104.68,ready,광화문 > 홍대입구 > 성산대교 중간지점 > 선유도 17고지 > 영등포 > 180고지 > 사당,20.239,14,"{""phase"":""A"",""startLLA"":{""lat"":37.56901,""lon"":126.973604,""alt"":0},""endLLA"":{""lat"":37.56901,""lon"":126.973604,""alt"":0},""targetSpeed"":3,""seq"":1}","{""phase"":""B"",""startLLA"":{""lat"":37.56901,""lon"":126.973604,""alt"":0},""endLLA"":{""lat"":37.56901,""lon"":126.973604,""alt"":15},""targetSpeed"":10,""seq"":2}","{""phase"":""C"",""startLLA"":{""lat"":37.56901,""lon"":126.973604,""alt"":15},""endLLA"":{""lat"":37.565853,""lon"":126.960717,""alt"":100},""targetSpeed"":36,""seq"":3}","{""phase"":""E"",""startLLA"":{""lat"":37.565853,""lon"":126.960717,""alt"":100},""endLLA"":{""lat"":37.556786,""lon"":126.923706,""alt"":301.11},""targetSpeed"":51.4,""seq"":4}","{""phase"":""E"",""startLLA"":{""lat"":37.556786,""lon"":126.923706,""alt"":301.11},""endLLA"":{""lat"":37.55669,""lon"":126.922967,""alt"":305},""targetSpeed"":51.4,""seq"":5}","{""phase"":""F"",""startLLA"":{""lat"":37.55669,""lon"":126.922967,""alt"":305},""endLLA"":{""lat"":37.552574,""lon"":126.891431,""alt"":305},""targetSpeed"":51.4,""seq"":6}","{""phase"":""F"",""startLLA"":{""lat"":37.552574,""lon"":126.891431,""alt"":305},""endLLA"":{""lat"":37.542307,""lon"":126.90249,""alt"":305},""targetSpeed"":51.4,""seq"":7}","{""phase"":""F"",""startLLA"":{""lat"":37.542307,""lon"":126.90249,""alt"":305},""endLLA"":{""lat"":37.515965,""lon"":126.907756,""alt"":305},""targetSpeed"":51.4,""seq"":8}","{""phase"":""F"",""startLLA"":{""lat"":37.515965,""lon"":126.907756,""alt"":305},""endLLA"":{""lat"":37.494402,""lon"":126.937394,""alt"":305},""targetSpeed"":51.4,""seq"":9}","{""phase"":""G"",""startLLA"":{""lat"":37.494402,""lon"":126.937394,""alt"":305},""endLLA"":{""lat"":37.492877,""lon"":126.93949,""alt"":290.22},""targetSpeed"":36,""seq"":10}","{""phase"":""G"",""startLLA"":{""lat"":37.492877,""lon"":126.93949,""alt"":290.22},""endLLA"":{""lat"":37.479784,""lon"":126.972163,""alt"":100},""targetSpeed"":36,""seq"":11}","{""phase"":""I"",""startLLA"":{""lat"":37.479784,""lon"":126.972163,""alt"":100},""endLLA"":{""lat"":37.475767,""lon"":126.982185,""alt"":15},""targetSpeed"":30,""seq"":12}","{""phase"":""J"",""startLLA"":{""lat"":37.475767,""lon"":126.982185,""alt"":15},""endLLA"":{""lat"":37.475767,""lon"":126.982185,""alt"":0},""targetSpeed"":10,""seq"":13}","{""phase"":""K"",""startLLA"":{""lat"":37.475767,""lon"":126.982185,""alt"":0},""endLLA"":{""lat"":37.475767,""lon"":126.982185,""alt"":0},""targetSpeed"":3,""seq"":14}",,,,,,,
d2d2f5e06492,2026-06-20,FPL1217006,UAM0019,a2,2,1,0.5,광화문,광화문,수서,수서,15,G2,F2,G1,F2,15:44:42,15:51:19,15:59:11,16:05:09,16:15:09,397.43,471.62,358.28,1227.33,0.57,0,ready,광화문 > 신설동역 > 청량리 > 왕십리역 > 성수대교 남단 > 청담대교 중간지점 > 잠실대교 중간지점 > 수서,21.5406,15,"{""phase"":""A"",""startLLA"":{""lat"":37.56901,""lon"":126.973604,""alt"":0},""endLLA"":{""lat"":37.56901,""lon"":126.973604,""alt"":0},""targetSpeed"":3,""seq"":1}","{""phase"":""B"",""startLLA"":{""lat"":37.56901,""lon"":126.973604,""alt"":0},""endLLA"":{""lat"":37.56901,""lon"":126.973604,""alt"":15},""targetSpeed"":10,""seq"":2}","{""phase"":""C"",""startLLA"":{""lat"":37.56901,""lon"":126.973604,""alt"":15},""endLLA"":{""lat"":37.570823,""lon"":126.98722,""alt"":100},""targetSpeed"":36,""seq"":3}","{""phase"":""E"",""startLLA"":{""lat"":37.570823,""lon"":126.98722,""alt"":100},""endLLA"":{""lat"":37.575658,""lon"":127.02353,""alt"":286.73},""targetSpeed"":51.4,""seq"":4}","{""phase"":""E"",""startLLA"":{""lat"":37.575658,""lon"":127.02353,""alt"":286.73},""endLLA"":{""lat"":37.576459,""lon"":127.026988,""alt"":305},""targetSpeed"":51.4,""seq"":5}","{""phase"":""F"",""startLLA"":{""lat"":37.576459,""lon"":127.026988,""alt"":305},""endLLA"":{""lat"":37.581542,""lon"":127.048947,""alt"":305},""targetSpeed"":51.4,""seq"":6}","{""phase"":""F"",""startLLA"":{""lat"":37.581542,""lon"":127.048947,""alt"":305},""endLLA"":{""lat"":37.561925,""lon"":127.038491,""alt"":305},""targetSpeed"":51.4,""seq"":7}","{""phase"":""F"",""startLLA"":{""lat"":37.561925,""lon"":127.038491,""alt"":305},""endLLA"":{""lat"":37.53537,""lon"":127.034503,""alt"":305},""targetSpeed"":51.4,""seq"":8}","{""phase"":""F"",""startLLA"":{""lat"":37.53537,""lon"":127.034503,""alt"":305},""endLLA"":{""lat"":37.526451,""lon"":127.064361,""alt"":305},""targetSpeed"":51.4,""seq"":9}","{""phase"":""F"",""startLLA"":{""lat"":37.526451,""lon"":127.064361,""alt"":305},""endLLA"":{""lat"":37.524649,""lon"":127.087085,""alt"":305},""targetSpeed"":51.4,""seq"":10}","{""phase"":""G"",""startLLA"":{""lat"":37.524649,""lon"":127.087085,""alt"":305},""endLLA"":{""lat"":37.524288,""lon"":127.091639,""alt"":281.77},""targetSpeed"":36,""seq"":11}","{""phase"":""G"",""startLLA"":{""lat"":37.524288,""lon"":127.091639,""alt"":281.77},""endLLA"":{""lat"":37.496395,""lon"":127.098425,""alt"":100},""targetSpeed"":36,""seq"":12}","{""phase"":""I"",""startLLA"":{""lat"":37.496395,""lon"":127.098425,""alt"":100},""endLLA"":{""lat"":37.487441,""lon"":127.100603,""alt"":15},""targetSpeed"":30,""seq"":13}","{""phase"":""J"",""startLLA"":{""lat"":37.487441,""lon"":127.100603,""alt"":15},""endLLA"":{""lat"":37.487441,""lon"":127.100603,""alt"":0},""targetSpeed"":10,""seq"":14}","{""phase"":""K"",""startLLA"":{""lat"":37.487441,""lon"":127.100603,""alt"":0},""endLLA"":{""lat"":37.487441,""lon"":127.100603,""alt"":0},""targetSpeed"":3,""seq"":15}",,,,,,
d2d2f5e06492,2026-06-20,FPL1216007,UAM0010,a2,2,2,1,광화문,광화문,망우,망우,16,G1,F1,G2,F2,16:00:00,16:06:06,16:19:52,16:26:29,16:36:29,366.86,825.71,396.57,1589.14,0,579.48,ready,광화문 > 신설동역 > 청량리 > 망우,10.3914,11,"{""phase"":""A"",""startLLA"":{""lat"":37.56901,""lon"":126.973604,""alt"":0},""endLLA"":{""lat"":37.56901,""lon"":126.973604,""alt"":0},""targetSpeed"":3,""seq"":1}","{""phase"":""B"",""startLLA"":{""lat"":37.56901,""lon"":126.973604,""alt"":0},""endLLA"":{""lat"":37.56901,""lon"":126.973604,""alt"":15},""targetSpeed"":10,""seq"":2}","{""phase"":""C"",""startLLA"":{""lat"":37.56901,""lon"":126.973604,""alt"":15},""endLLA"":{""lat"":37.570845,""lon"":126.987382,""alt"":100},""targetSpeed"":36,""seq"":3}","{""phase"":""E"",""startLLA"":{""lat"":37.570845,""lon"":126.987382,""alt"":100},""endLLA"":{""lat"":37.575658,""lon"":127.02353,""alt"":283.71},""targetSpeed"":51.4,""seq"":4}","{""phase"":""E"",""startLLA"":{""lat"":37.575658,""lon"":127.02353,""alt"":283.71},""endLLA"":{""lat"":37.576602,""lon"":127.027607,""alt"":305},""targetSpeed"":51.4,""seq"":5}","{""phase"":""F"",""startLLA"":{""lat"":37.576602,""lon"":127.027607,""alt"":305},""endLLA"":{""lat"":37.578933,""lon"":127.037679,""alt"":305},""targetSpeed"":51.4,""seq"":6}","{""phase"":""G"",""startLLA"":{""lat"":37.578933,""lon"":127.037679,""alt"":305},""endLLA"":{""lat"":37.581542,""lon"":127.048947,""alt"":246.17},""targetSpeed"":36,""seq"":7}","{""phase"":""G"",""startLLA"":{""lat"":37.581542,""lon"":127.048947,""alt"":246.17},""endLLA"":{""lat"":37.592532,""lon"":127.074609,""alt"":100},""targetSpeed"":36,""seq"":8}","{""phase"":""I"",""startLLA"":{""lat"":37.592532,""lon"":127.074609,""alt"":100},""endLLA"":{""lat"":37.596919,""lon"":127.084854,""alt"":15},""targetSpeed"":30,""seq"":9}","{""phase"":""J"",""startLLA"":{""lat"":37.596919,""lon"":127.084854,""alt"":15},""endLLA"":{""lat"":37.596919,""lon"":127.084854,""alt"":0},""targetSpeed"":10,""seq"":10}","{""phase"":""K"",""startLLA"":{""lat"":37.596919,""lon"":127.084854,""alt"":0},""endLLA"":{""lat"":37.596919,""lon"":127.084854,""alt"":0},""targetSpeed"":3,""seq"":11}",,,,,,,,,,
d2d2f5e06492,2026-06-20,FPL1208006,UAM0065,a2,2,2,1,광화문,광화문,사당,사당,16,G8,F2,G1,F2,16:00:00,16:06:46,16:14:17,16:20:15,16:30:15,406.86,450.47,358.28,1215.61,40,0,ready,광화문 > 홍대입구 > 성산대교 중간지점 > 선유도 17고지 > 영등포 > 180고지 > 사당,20.239,14,"{""phase"":""A"",""startLLA"":{""lat"":37.56901,""lon"":126.973604,""alt"":0},""endLLA"":{""lat"":37.56901,""lon"":126.973604,""alt"":0},""targetSpeed"":3,""seq"":1}","{""phase"":""B"",""startLLA"":{""lat"":37.56901,""lon"":126.973604,""alt"":0},""endLLA"":{""lat"":37.56901,""lon"":126.973604,""alt"":15},""targetSpeed"":10,""seq"":2}","{""phase"":""C"",""startLLA"":{""lat"":37.56901,""lon"":126.973604,""alt"":15},""endLLA"":{""lat"":37.565853,""lon"":126.960717,""alt"":100},""targetSpeed"":36,""seq"":3}","{""phase"":""E"",""startLLA"":{""lat"":37.565853,""lon"":126.960717,""alt"":100},""endLLA"":{""lat"":37.556786,""lon"":126.923706,""alt"":301.11},""targetSpeed"":51.4,""seq"":4}","{""phase"":""E"",""startLLA"":{""lat"":37.556786,""lon"":126.923706,""alt"":301.11},""endLLA"":{""lat"":37.55669,""lon"":126.922967,""alt"":305},""targetSpeed"":51.4,""seq"":5}","{""phase"":""F"",""startLLA"":{""lat"":37.55669,""lon"":126.922967,""alt"":305},""endLLA"":{""lat"":37.552574,""lon"":126.891431,""alt"":305},""targetSpeed"":51.4,""seq"":6}","{""phase"":""F"",""startLLA"":{""lat"":37.552574,""lon"":126.891431,""alt"":305},""endLLA"":{""lat"":37.542307,""lon"":126.90249,""alt"":305},""targetSpeed"":51.4,""seq"":7}","{""phase"":""F"",""startLLA"":{""lat"":37.542307,""lon"":126.90249,""alt"":305},""endLLA"":{""lat"":37.515965,""lon"":126.907756,""alt"":305},""targetSpeed"":51.4,""seq"":8}","{""phase"":""F"",""startLLA"":{""lat"":37.515965,""lon"":126.907756,""alt"":305},""endLLA"":{""lat"":37.494402,""lon"":126.937394,""alt"":305},""targetSpeed"":51.4,""seq"":9}","{""phase"":""G"",""startLLA"":{""lat"":37.494402,""lon"":126.937394,""alt"":305},""endLLA"":{""lat"":37.492877,""lon"":126.93949,""alt"":290.22},""targetSpeed"":36,""seq"":10}","{""phase"":""G"",""startLLA"":{""lat"":37.492877,""lon"":126.93949,""alt"":290.22},""endLLA"":{""lat"":37.479784,""lon"":126.972163,""alt"":100},""targetSpeed"":36,""seq"":11}","{""phase"":""I"",""startLLA"":{""lat"":37.479784,""lon"":126.972163,""alt"":100},""endLLA"":{""lat"":37.475767,""lon"":126.982185,""alt"":15},""targetSpeed"":30,""seq"":12}","{""phase"":""J"",""startLLA"":{""lat"":37.475767,""lon"":126.982185,""alt"":15},""endLLA"":{""lat"":37.475767,""lon"":126.982185,""alt"":0},""targetSpeed"":10,""seq"":13}","{""phase"":""K"",""startLLA"":{""lat"":37.475767,""lon"":126.982185,""alt"":0},""endLLA"":{""lat"":37.475767,""lon"":126.982185,""alt"":0},""targetSpeed"":3,""seq"":14}",,,,,,,
d2d2f5e06492,2026-06-20,FPL1202008,UAM0008,a2,2,2,1,광화문,광화문,잠실,잠실,16,G1,F1,G1,F1,16:29:03,16:35:50,16:42:59,16:48:57,16:58:57,406.86,429.62,358.28,1194.76,103.18,0,ready,광화문 > 신설동역 > 청량리 > 왕십리역 > 성수대교 남단 > 청담대교 중간지점 > 건대입구 > 잠실,19.3835,15,"{""phase"":""A"",""startLLA"":{""lat"":37.56901,""lon"":126.973604,""alt"":0},""endLLA"":{""lat"":37.56901,""lon"":126.973604,""alt"":0},""targetSpeed"":3,""seq"":1}","{""phase"":""B"",""startLLA"":{""lat"":37.56901,""lon"":126.973604,""alt"":0},""endLLA"":{""lat"":37.56901,""lon"":126.973604,""alt"":15},""targetSpeed"":10,""seq"":2}","{""phase"":""C"",""startLLA"":{""lat"":37.56901,""lon"":126.973604,""alt"":15},""endLLA"":{""lat"":37.570825,""lon"":126.987237,""alt"":100},""targetSpeed"":36,""seq"":3}","{""phase"":""E"",""startLLA"":{""lat"":37.570825,""lon"":126.987237,""alt"":100},""endLLA"":{""lat"":37.575658,""lon"":127.02353,""alt"":286.42},""targetSpeed"":51.4,""seq"":4}","{""phase"":""E"",""startLLA"":{""lat"":37.575658,""lon"":127.02353,""alt"":286.42},""endLLA"":{""lat"":37.576473,""lon"":127.027052,""alt"":305},""targetSpeed"":51.4,""seq"":5}","{""phase"":""F"",""startLLA"":{""lat"":37.576473,""lon"":127.027052,""alt"":305},""endLLA"":{""lat"":37.581542,""lon"":127.048947,""alt"":305},""targetSpeed"":51.4,""seq"":6}","{""phase"":""F"",""startLLA"":{""lat"":37.581542,""lon"":127.048947,""alt"":305},""endLLA"":{""lat"":37.561925,""lon"":127.038491,""alt"":305},""targetSpeed"":51.4,""seq"":7}","{""phase"":""F"",""startLLA"":{""lat"":37.561925,""lon"":127.038491,""alt"":305},""endLLA"":{""lat"":37.53537,""lon"":127.034503,""alt"":305},""targetSpeed"":51.4,""seq"":8}","{""phase"":""F"",""startLLA"":{""lat"":37.53537,""lon"":127.034503,""alt"":305},""endLLA"":{""lat"":37.526922,""lon"":127.062783,""alt"":305},""targetSpeed"":51.4,""seq"":9}","{""phase"":""G"",""startLLA"":{""lat"":37.526922,""lon"":127.062783,""alt"":305},""endLLA"":{""lat"":37.526451,""lon"":127.064361,""alt"":296.46},""targetSpeed"":36,""seq"":10}","{""phase"":""G"",""startLLA"":{""lat"":37.526451,""lon"":127.064361,""alt"":296.46},""endLLA"":{""lat"":37.540426,""lon"":127.069298,""alt"":203.7},""targetSpeed"":36,""seq"":11}","{""phase"":""G"",""startLLA"":{""lat"":37.540426,""lon"":127.069298,""alt"":203.7},""endLLA"":{""lat"":37.524201,""lon"":127.06907,""alt"":100},""targetSpeed"":36,""seq"":12}","{""phase"":""I"",""startLLA"":{""lat"":37.524201,""lon"":127.06907,""alt"":100},""endLLA"":{""lat"":37.515071,""lon"":127.068942,""alt"":15},""targetSpeed"":30,""seq"":13}","{""phase"":""J"",""startLLA"":{""lat"":37.515071,""lon"":127.068942,""alt"":15},""endLLA"":{""lat"":37.515071,""lon"":127.068942,""alt"":0},""targetSpeed"":10,""seq"":14}","{""phase"":""K"",""startLLA"":{""lat"":37.515071,""lon"":127.068942,""alt"":0},""endLLA"":{""lat"":37.515071,""lon"":127.068942,""alt"":0},""targetSpeed"":3,""seq"":15}",,,,,,
d2d2f5e06492,2026-06-20,FPL1214007,UAM0025,a2,2,1,0.5,광화문,광화문,가산,가산,16,G8,F1,G8,F2,16:40:54,16:47:17,16:56:16,17:02:14,17:12:14,383.94,538.24,358.28,1280.47,17.09,167.34,ready,광화문 > 홍대입구 > 성산대교 중간지점 > 선유도 17고지 > 영등포 > 가산,16.1492,13,"{""phase"":""A"",""startLLA"":{""lat"":37.56901,""lon"":126.973604,""alt"":0},""endLLA"":{""lat"":37.56901,""lon"":126.973604,""alt"":0},""targetSpeed"":3,""seq"":1}","{""phase"":""B"",""startLLA"":{""lat"":37.56901,""lon"":126.973604,""alt"":0},""endLLA"":{""lat"":37.56901,""lon"":126.973604,""alt"":15},""targetSpeed"":10,""seq"":2}","{""phase"":""C"",""startLLA"":{""lat"":37.56901,""lon"":126.973604,""alt"":15},""endLLA"":{""lat"":37.565863,""lon"":126.96076,""alt"":100},""targetSpeed"":36,""seq"":3}","{""phase"":""E"",""startLLA"":{""lat"":37.565863,""lon"":126.96076,""alt"":100},""endLLA"":{""lat"":37.556786,""lon"":126.923706,""alt"":302},""targetSpeed"":51.4,""seq"":4}","{""phase"":""E"",""startLLA"":{""lat"":37.556786,""lon"":126.923706,""alt"":302},""endLLA"":{""lat"":37.556712,""lon"":126.923138,""alt"":305},""targetSpeed"":51.4,""seq"":5}","{""phase"":""F"",""startLLA"":{""lat"":37.556712,""lon"":126.923138,""alt"":305},""endLLA"":{""lat"":37.552574,""lon"":126.891431,""alt"":305},""targetSpeed"":51.4,""seq"":6}","{""phase"":""F"",""startLLA"":{""lat"":37.552574,""lon"":126.891431,""alt"":305},""endLLA"":{""lat"":37.542307,""lon"":126.90249,""alt"":305},""targetSpeed"":51.4,""seq"":7}","{""phase"":""F"",""startLLA"":{""lat"":37.542307,""lon"":126.90249,""alt"":305},""endLLA"":{""lat"":37.520637,""lon"":126.906822,""alt"":305},""targetSpeed"":51.4,""seq"":8}","{""phase"":""G"",""startLLA"":{""lat"":37.520637,""lon"":126.906822,""alt"":305},""endLLA"":{""lat"":37.515965,""lon"":126.907756,""alt"":273.92},""targetSpeed"":36,""seq"":9}","{""phase"":""G"",""startLLA"":{""lat"":37.515965,""lon"":126.907756,""alt"":273.92},""endLLA"":{""lat"":37.495842,""lon"":126.886081,""alt"":100},""targetSpeed"":36,""seq"":10}","{""phase"":""I"",""startLLA"":{""lat"":37.495842,""lon"":126.886081,""alt"":100},""endLLA"":{""lat"":37.489091,""lon"":126.878809,""alt"":15},""targetSpeed"":30,""seq"":11}","{""phase"":""J"",""startLLA"":{""lat"":37.489091,""lon"":126.878809,""alt"":15},""endLLA"":{""lat"":37.489091,""lon"":126.878809,""alt"":0},""targetSpeed"":10,""seq"":12}","{""phase"":""K"",""startLLA"":{""lat"":37.489091,""lon"":126.878809,""alt"":0},""endLLA"":{""lat"":37.489091,""lon"":126.878809,""alt"":0},""targetSpeed"":3,""seq"":13}",,,,,,,,
d2d2f5e06492,2026-06-20,FPL1215011,UAM0002,a2,2,1,0.5,광화문,광화문,마곡,마곡,16,G2,F2,G2,F2,16:43:54,16:50:30,16:57:01,17:03:29,17:13:29,396.86,390.56,388.28,1175.7,0,0,ready,광화문 > 홍대입구 > 성산대교 중간지점 > 가양대교 남단 > 마곡,17.1596,12,"{""phase"":""A"",""startLLA"":{""lat"":37.56901,""lon"":126.973604,""alt"":0},""endLLA"":{""lat"":37.56901,""lon"":126.973604,""alt"":0},""targetSpeed"":3,""seq"":1}","{""phase"":""B"",""startLLA"":{""lat"":37.56901,""lon"":126.973604,""alt"":0},""endLLA"":{""lat"":37.56901,""lon"":126.973604,""alt"":15},""targetSpeed"":10,""seq"":2}","{""phase"":""C"",""startLLA"":{""lat"":37.56901,""lon"":126.973604,""alt"":15},""endLLA"":{""lat"":37.565861,""lon"":126.96075,""alt"":100},""targetSpeed"":36,""seq"":3}","{""phase"":""E"",""startLLA"":{""lat"":37.565861,""lon"":126.96075,""alt"":100},""endLLA"":{""lat"":37.556786,""lon"":126.923706,""alt"":301.81},""targetSpeed"":51.4,""seq"":4}","{""phase"":""E"",""startLLA"":{""lat"":37.556786,""lon"":126.923706,""alt"":301.81},""endLLA"":{""lat"":37.556707,""lon"":126.923101,""alt"":305},""targetSpeed"":51.4,""seq"":5}","{""phase"":""F"",""startLLA"":{""lat"":37.556707,""lon"":126.923101,""alt"":305},""endLLA"":{""lat"":37.552574,""lon"":126.891431,""alt"":305},""targetSpeed"":51.4,""seq"":6}","{""phase"":""F"",""startLLA"":{""lat"":37.552574,""lon"":126.891431,""alt"":305},""endLLA"":{""lat"":37.569391,""lon"":126.861026,""alt"":305},""targetSpeed"":51.4,""seq"":7}","{""phase"":""F"",""startLLA"":{""lat"":37.569391,""lon"":126.861026,""alt"":305},""endLLA"":{""lat"":37.567792,""lon"":126.84212,""alt"":305},""targetSpeed"":51.4,""seq"":8}","{""phase"":""G"",""startLLA"":{""lat"":37.567792,""lon"":126.84212,""alt"":305},""endLLA"":{""lat"":37.564478,""lon"":126.802953,""alt"":100},""targetSpeed"":36,""seq"":9}","{""phase"":""I"",""startLLA"":{""lat"":37.564478,""lon"":126.802953,""alt"":100},""endLLA"":{""lat"":37.563535,""lon"":126.791805,""alt"":15},""targetSpeed"":30,""seq"":10}","{""phase"":""J"",""startLLA"":{""lat"":37.563535,""lon"":126.791805,""alt"":15},""endLLA"":{""lat"":37.563535,""lon"":126.791805,""alt"":0},""targetSpeed"":10,""seq"":11}","{""phase"":""K"",""startLLA"":{""lat"":37.563535,""lon"":126.791805,""alt"":0},""endLLA"":{""lat"":37.563535,""lon"":126.791805,""alt"":0},""targetSpeed"":3,""seq"":12}",,,,,,,,,
d2d2f5e06492,2026-06-20,FPL1216008,UAM0037,a2,2,1,0.5,광화문,광화문,망우,망우,16,G1,F1,G1,F2,16:47:53,16:53:59,17:14:13,17:20:12,17:30:12,366.86,1214.14,358.28,1939.28,0,824.43,ready,광화문 > 신설동역 > 청량리 > 망우,10.3914,11,"{""phase"":""A"",""startLLA"":{""lat"":37.56901,""lon"":126.973604,""alt"":0},""endLLA"":{""lat"":37.56901,""lon"":126.973604,""alt"":0},""targetSpeed"":3,""seq"":1}","{""phase"":""B"",""startLLA"":{""lat"":37.56901,""lon"":126.973604,""alt"":0},""endLLA"":{""lat"":37.56901,""lon"":126.973604,""alt"":15},""targetSpeed"":10,""seq"":2}","{""phase"":""C"",""startLLA"":{""lat"":37.56901,""lon"":126.973604,""alt"":15},""endLLA"":{""lat"":37.570845,""lon"":126.987382,""alt"":100},""targetSpeed"":36,""seq"":3}","{""phase"":""E"",""startLLA"":{""lat"":37.570845,""lon"":126.987382,""alt"":100},""endLLA"":{""lat"":37.575658,""lon"":127.02353,""alt"":283.71},""targetSpeed"":51.4,""seq"":4}","{""phase"":""E"",""startLLA"":{""lat"":37.575658,""lon"":127.02353,""alt"":283.71},""endLLA"":{""lat"":37.576602,""lon"":127.027607,""alt"":305},""targetSpeed"":51.4,""seq"":5}","{""phase"":""F"",""startLLA"":{""lat"":37.576602,""lon"":127.027607,""alt"":305},""endLLA"":{""lat"":37.578933,""lon"":127.037679,""alt"":305},""targetSpeed"":51.4,""seq"":6}","{""phase"":""G"",""startLLA"":{""lat"":37.578933,""lon"":127.037679,""alt"":305},""endLLA"":{""lat"":37.581542,""lon"":127.048947,""alt"":246.17},""targetSpeed"":36,""seq"":7}","{""phase"":""G"",""startLLA"":{""lat"":37.581542,""lon"":127.048947,""alt"":246.17},""endLLA"":{""lat"":37.592532,""lon"":127.074609,""alt"":100},""targetSpeed"":36,""seq"":8}","{""phase"":""I"",""startLLA"":{""lat"":37.592532,""lon"":127.074609,""alt"":100},""endLLA"":{""lat"":37.596919,""lon"":127.084854,""alt"":15},""targetSpeed"":30,""seq"":9}","{""phase"":""J"",""startLLA"":{""lat"":37.596919,""lon"":127.084854,""alt"":15},""endLLA"":{""lat"":37.596919,""lon"":127.084854,""alt"":0},""targetSpeed"":10,""seq"":10}","{""phase"":""K"",""startLLA"":{""lat"":37.596919,""lon"":127.084854,""alt"":0},""endLLA"":{""lat"":37.596919,""lon"":127.084854,""alt"":0},""targetSpeed"":3,""seq"":11}",,,,,,,,,,
d2d2f5e06492,2026-06-20,FPL1208007,UAM0020,a2,2,1,0.5,광화문,광화문,사당,사당,16,G7,F1,G1,F1,16:52:52,16:59:28,17:19:12,17:25:10,17:35:10,396.86,1183.71,358.28,1938.85,0,733.25,ready,광화문 > 홍대입구 > 성산대교 중간지점 > 선유도 17고지 > 영등포 > 180고지 > 사당,20.239,14,"{""phase"":""A"",""startLLA"":{""lat"":37.56901,""lon"":126.973604,""alt"":0},""endLLA"":{""lat"":37.56901,""lon"":126.973604,""alt"":0},""targetSpeed"":3,""seq"":1}","{""phase"":""B"",""startLLA"":{""lat"":37.56901,""lon"":126.973604,""alt"":0},""endLLA"":{""lat"":37.56901,""lon"":126.973604,""alt"":15},""targetSpeed"":10,""seq"":2}","{""phase"":""C"",""startLLA"":{""lat"":37.56901,""lon"":126.973604,""alt"":15},""endLLA"":{""lat"":37.565853,""lon"":126.960717,""alt"":100},""targetSpeed"":36,""seq"":3}","{""phase"":""E"",""startLLA"":{""lat"":37.565853,""lon"":126.960717,""alt"":100},""endLLA"":{""lat"":37.556786,""lon"":126.923706,""alt"":301.11},""targetSpeed"":51.4,""seq"":4}","{""phase"":""E"",""startLLA"":{""lat"":37.556786,""lon"":126.923706,""alt"":301.11},""endLLA"":{""lat"":37.55669,""lon"":126.922967,""alt"":305},""targetSpeed"":51.4,""seq"":5}","{""phase"":""F"",""startLLA"":{""lat"":37.55669,""lon"":126.922967,""alt"":305},""endLLA"":{""lat"":37.552574,""lon"":126.891431,""alt"":305},""targetSpeed"":51.4,""seq"":6}","{""phase"":""F"",""startLLA"":{""lat"":37.552574,""lon"":126.891431,""alt"":305},""endLLA"":{""lat"":37.542307,""lon"":126.90249,""alt"":305},""targetSpeed"":51.4,""seq"":7}","{""phase"":""F"",""startLLA"":{""lat"":37.542307,""lon"":126.90249,""alt"":305},""endLLA"":{""lat"":37.515965,""lon"":126.907756,""alt"":305},""targetSpeed"":51.4,""seq"":8}","{""phase"":""F"",""startLLA"":{""lat"":37.515965,""lon"":126.907756,""alt"":305},""endLLA"":{""lat"":37.494402,""lon"":126.937394,""alt"":305},""targetSpeed"":51.4,""seq"":9}","{""phase"":""G"",""startLLA"":{""lat"":37.494402,""lon"":126.937394,""alt"":305},""endLLA"":{""lat"":37.492877,""lon"":126.93949,""alt"":290.22},""targetSpeed"":36,""seq"":10}","{""phase"":""G"",""startLLA"":{""lat"":37.492877,""lon"":126.93949,""alt"":290.22},""endLLA"":{""lat"":37.479784,""lon"":126.972163,""alt"":100},""targetSpeed"":36,""seq"":11}","{""phase"":""I"",""startLLA"":{""lat"":37.479784,""lon"":126.972163,""alt"":100},""endLLA"":{""lat"":37.475767,""lon"":126.982185,""alt"":15},""targetSpeed"":30,""seq"":12}","{""phase"":""J"",""startLLA"":{""lat"":37.475767,""lon"":126.982185,""alt"":15},""endLLA"":{""lat"":37.475767,""lon"":126.982185,""alt"":0},""targetSpeed"":10,""seq"":13}","{""phase"":""K"",""startLLA"":{""lat"":37.475767,""lon"":126.982185,""alt"":0},""endLLA"":{""lat"":37.475767,""lon"":126.982185,""alt"":0},""targetSpeed"":3,""seq"":14}",,,,,,,
d2d2f5e06492,2026-06-20,FPL1214008,UAM0043,a2,2,2,1,광화문,광화문,가산,가산,17,G1,F2,G8,F1,17:31:16,17:37:22,17:46:59,17:52:58,18:02:58,366.86,577.14,358.28,1302.28,0,206.24,ready,광화문 > 홍대입구 > 성산대교 중간지점 > 선유도 17고지 > 영등포 > 가산,16.1492,13,"{""phase"":""A"",""startLLA"":{""lat"":37.56901,""lon"":126.973604,""alt"":0},""endLLA"":{""lat"":37.56901,""lon"":126.973604,""alt"":0},""targetSpeed"":3,""seq"":1}","{""phase"":""B"",""startLLA"":{""lat"":37.56901,""lon"":126.973604,""alt"":0},""endLLA"":{""lat"":37.56901,""lon"":126.973604,""alt"":15},""targetSpeed"":10,""seq"":2}","{""phase"":""C"",""startLLA"":{""lat"":37.56901,""lon"":126.973604,""alt"":15},""endLLA"":{""lat"":37.565863,""lon"":126.96076,""alt"":100},""targetSpeed"":36,""seq"":3}","{""phase"":""E"",""startLLA"":{""lat"":37.565863,""lon"":126.96076,""alt"":100},""endLLA"":{""lat"":37.556786,""lon"":126.923706,""alt"":302},""targetSpeed"":51.4,""seq"":4}","{""phase"":""E"",""startLLA"":{""lat"":37.556786,""lon"":126.923706,""alt"":302},""endLLA"":{""lat"":37.556712,""lon"":126.923138,""alt"":305},""targetSpeed"":51.4,""seq"":5}","{""phase"":""F"",""startLLA"":{""lat"":37.556712,""lon"":126.923138,""alt"":305},""endLLA"":{""lat"":37.552574,""lon"":126.891431,""alt"":305},""targetSpeed"":51.4,""seq"":6}","{""phase"":""F"",""startLLA"":{""lat"":37.552574,""lon"":126.891431,""alt"":305},""endLLA"":{""lat"":37.542307,""lon"":126.90249,""alt"":305},""targetSpeed"":51.4,""seq"":7}","{""phase"":""F"",""startLLA"":{""lat"":37.542307,""lon"":126.90249,""alt"":305},""endLLA"":{""lat"":37.520637,""lon"":126.906822,""alt"":305},""targetSpeed"":51.4,""seq"":8}","{""phase"":""G"",""startLLA"":{""lat"":37.520637,""lon"":126.906822,""alt"":305},""endLLA"":{""lat"":37.515965,""lon"":126.907756,""alt"":273.92},""targetSpeed"":36,""seq"":9}","{""phase"":""G"",""startLLA"":{""lat"":37.515965,""lon"":126.907756,""alt"":273.92},""endLLA"":{""lat"":37.495842,""lon"":126.886081,""alt"":100},""targetSpeed"":36,""seq"":10}","{""phase"":""I"",""startLLA"":{""lat"":37.495842,""lon"":126.886081,""alt"":100},""endLLA"":{""lat"":37.489091,""lon"":126.878809,""alt"":15},""targetSpeed"":30,""seq"":11}","{""phase"":""J"",""startLLA"":{""lat"":37.489091,""lon"":126.878809,""alt"":15},""endLLA"":{""lat"":37.489091,""lon"":126.878809,""alt"":0},""targetSpeed"":10,""seq"":12}","{""phase"":""K"",""startLLA"":{""lat"":37.489091,""lon"":126.878809,""alt"":0},""endLLA"":{""lat"":37.489091,""lon"":126.878809,""alt"":0},""targetSpeed"":3,""seq"":13}",,,,,,,,
d2d2f5e06492,2026-06-20,FPL1217007,UAM0025,a2,2,2,1,광화문,광화문,수서,수서,17,G8,F1,G2,F1,17:44:38,17:50:44,17:58:36,18:05:04,18:15:04,366.86,471.62,388.28,1226.76,0,0,ready,광화문 > 신설동역 > 청량리 > 왕십리역 > 성수대교 남단 > 청담대교 중간지점 > 잠실대교 중간지점 > 수서,21.5406,15,"{""phase"":""A"",""startLLA"":{""lat"":37.56901,""lon"":126.973604,""alt"":0},""endLLA"":{""lat"":37.56901,""lon"":126.973604,""alt"":0},""targetSpeed"":3,""seq"":1}","{""phase"":""B"",""startLLA"":{""lat"":37.56901,""lon"":126.973604,""alt"":0},""endLLA"":{""lat"":37.56901,""lon"":126.973604,""alt"":15},""targetSpeed"":10,""seq"":2}","{""phase"":""C"",""startLLA"":{""lat"":37.56901,""lon"":126.973604,""alt"":15},""endLLA"":{""lat"":37.570823,""lon"":126.98722,""alt"":100},""targetSpeed"":36,""seq"":3}","{""phase"":""E"",""startLLA"":{""lat"":37.570823,""lon"":126.98722,""alt"":100},""endLLA"":{""lat"":37.575658,""lon"":127.02353,""alt"":286.73},""targetSpeed"":51.4,""seq"":4}","{""phase"":""E"",""startLLA"":{""lat"":37.575658,""lon"":127.02353,""alt"":286.73},""endLLA"":{""lat"":37.576459,""lon"":127.026988,""alt"":305},""targetSpeed"":51.4,""seq"":5}","{""phase"":""F"",""startLLA"":{""lat"":37.576459,""lon"":127.026988,""alt"":305},""endLLA"":{""lat"":37.581542,""lon"":127.048947,""alt"":305},""targetSpeed"":51.4,""seq"":6}","{""phase"":""F"",""startLLA"":{""lat"":37.581542,""lon"":127.048947,""alt"":305},""endLLA"":{""lat"":37.561925,""lon"":127.038491,""alt"":305},""targetSpeed"":51.4,""seq"":7}","{""phase"":""F"",""startLLA"":{""lat"":37.561925,""lon"":127.038491,""alt"":305},""endLLA"":{""lat"":37.53537,""lon"":127.034503,""alt"":305},""targetSpeed"":51.4,""seq"":8}","{""phase"":""F"",""startLLA"":{""lat"":37.53537,""lon"":127.034503,""alt"":305},""endLLA"":{""lat"":37.526451,""lon"":127.064361,""alt"":305},""targetSpeed"":51.4,""seq"":9}","{""phase"":""F"",""startLLA"":{""lat"":37.526451,""lon"":127.064361,""alt"":305},""endLLA"":{""lat"":37.524649,""lon"":127.087085,""alt"":305},""targetSpeed"":51.4,""seq"":10}","{""phase"":""G"",""startLLA"":{""lat"":37.524649,""lon"":127.087085,""alt"":305},""endLLA"":{""lat"":37.524288,""lon"":127.091639,""alt"":281.77},""targetSpeed"":36,""seq"":11}","{""phase"":""G"",""startLLA"":{""lat"":37.524288,""lon"":127.091639,""alt"":281.77},""endLLA"":{""lat"":37.496395,""lon"":127.098425,""alt"":100},""targetSpeed"":36,""seq"":12}","{""phase"":""I"",""startLLA"":{""lat"":37.496395,""lon"":127.098425,""alt"":100},""endLLA"":{""lat"":37.487441,""lon"":127.100603,""alt"":15},""targetSpeed"":30,""seq"":13}","{""phase"":""J"",""startLLA"":{""lat"":37.487441,""lon"":127.100603,""alt"":15},""endLLA"":{""lat"":37.487441,""lon"":127.100603,""alt"":0},""targetSpeed"":10,""seq"":14}","{""phase"":""K"",""startLLA"":{""lat"":37.487441,""lon"":127.100603,""alt"":0},""endLLA"":{""lat"":37.487441,""lon"":127.100603,""alt"":0},""targetSpeed"":3,""seq"":15}",,,,,,
d2d2f5e06492,2026-06-20,FPL1208008,UAM0048,a2,2,2,1,광화문,광화문,사당,사당,18,G1,F1,G8,F1,18:06:47,18:12:53,18:20:24,18:26:22,18:36:22,366.86,450.47,358.28,1175.61,0,0,ready,광화문 > 홍대입구 > 성산대교 중간지점 > 선유도 17고지 > 영등포 > 180고지 > 사당,20.239,14,"{""phase"":""A"",""startLLA"":{""lat"":37.56901,""lon"":126.973604,""alt"":0},""endLLA"":{""lat"":37.56901,""lon"":126.973604,""alt"":0},""targetSpeed"":3,""seq"":1}","{""phase"":""B"",""startLLA"":{""lat"":37.56901,""lon"":126.973604,""alt"":0},""endLLA"":{""lat"":37.56901,""lon"":126.973604,""alt"":15},""targetSpeed"":10,""seq"":2}","{""phase"":""C"",""startLLA"":{""lat"":37.56901,""lon"":126.973604,""alt"":15},""endLLA"":{""lat"":37.565853,""lon"":126.960717,""alt"":100},""targetSpeed"":36,""seq"":3}","{""phase"":""E"",""startLLA"":{""lat"":37.565853,""lon"":126.960717,""alt"":100},""endLLA"":{""lat"":37.556786,""lon"":126.923706,""alt"":301.11},""targetSpeed"":51.4,""seq"":4}","{""phase"":""E"",""startLLA"":{""lat"":37.556786,""lon"":126.923706,""alt"":301.11},""endLLA"":{""lat"":37.55669,""lon"":126.922967,""alt"":305},""targetSpeed"":51.4,""seq"":5}","{""phase"":""F"",""startLLA"":{""lat"":37.55669,""lon"":126.922967,""alt"":305},""endLLA"":{""lat"":37.552574,""lon"":126.891431,""alt"":305},""targetSpeed"":51.4,""seq"":6}","{""phase"":""F"",""startLLA"":{""lat"":37.552574,""lon"":126.891431,""alt"":305},""endLLA"":{""lat"":37.542307,""lon"":126.90249,""alt"":305},""targetSpeed"":51.4,""seq"":7}","{""phase"":""F"",""startLLA"":{""lat"":37.542307,""lon"":126.90249,""alt"":305},""endLLA"":{""lat"":37.515965,""lon"":126.907756,""alt"":305},""targetSpeed"":51.4,""seq"":8}","{""phase"":""F"",""startLLA"":{""lat"":37.515965,""lon"":126.907756,""alt"":305},""endLLA"":{""lat"":37.494402,""lon"":126.937394,""alt"":305},""targetSpeed"":51.4,""seq"":9}","{""phase"":""G"",""startLLA"":{""lat"":37.494402,""lon"":126.937394,""alt"":305},""endLLA"":{""lat"":37.492877,""lon"":126.93949,""alt"":290.22},""targetSpeed"":36,""seq"":10}","{""phase"":""G"",""startLLA"":{""lat"":37.492877,""lon"":126.93949,""alt"":290.22},""endLLA"":{""lat"":37.479784,""lon"":126.972163,""alt"":100},""targetSpeed"":36,""seq"":11}","{""phase"":""I"",""startLLA"":{""lat"":37.479784,""lon"":126.972163,""alt"":100},""endLLA"":{""lat"":37.475767,""lon"":126.982185,""alt"":15},""targetSpeed"":30,""seq"":12}","{""phase"":""J"",""startLLA"":{""lat"":37.475767,""lon"":126.982185,""alt"":15},""endLLA"":{""lat"":37.475767,""lon"":126.982185,""alt"":0},""targetSpeed"":10,""seq"":13}","{""phase"":""K"",""startLLA"":{""lat"":37.475767,""lon"":126.982185,""alt"":0},""endLLA"":{""lat"":37.475767,""lon"":126.982185,""alt"":0},""targetSpeed"":3,""seq"":14}",,,,,,,
d2d2f5e06492,2026-06-20,FPL1215012,UAM0047,a2,2,2,1,광화문,광화문,마곡,마곡,18,G8,F2,G4,F1,18:10:59,18:17:05,18:40:29,18:47:58,18:57:58,366.86,1403.89,448.28,2219.03,0,1013.33,ready,광화문 > 홍대입구 > 성산대교 중간지점 > 가양대교 남단 > 마곡,17.1596,12,"{""phase"":""A"",""startLLA"":{""lat"":37.56901,""lon"":126.973604,""alt"":0},""endLLA"":{""lat"":37.56901,""lon"":126.973604,""alt"":0},""targetSpeed"":3,""seq"":1}","{""phase"":""B"",""startLLA"":{""lat"":37.56901,""lon"":126.973604,""alt"":0},""endLLA"":{""lat"":37.56901,""lon"":126.973604,""alt"":15},""targetSpeed"":10,""seq"":2}","{""phase"":""C"",""startLLA"":{""lat"":37.56901,""lon"":126.973604,""alt"":15},""endLLA"":{""lat"":37.565861,""lon"":126.96075,""alt"":100},""targetSpeed"":36,""seq"":3}","{""phase"":""E"",""startLLA"":{""lat"":37.565861,""lon"":126.96075,""alt"":100},""endLLA"":{""lat"":37.556786,""lon"":126.923706,""alt"":301.81},""targetSpeed"":51.4,""seq"":4}","{""phase"":""E"",""startLLA"":{""lat"":37.556786,""lon"":126.923706,""alt"":301.81},""endLLA"":{""lat"":37.556707,""lon"":126.923101,""alt"":305},""targetSpeed"":51.4,""seq"":5}","{""phase"":""F"",""startLLA"":{""lat"":37.556707,""lon"":126.923101,""alt"":305},""endLLA"":{""lat"":37.552574,""lon"":126.891431,""alt"":305},""targetSpeed"":51.4,""seq"":6}","{""phase"":""F"",""startLLA"":{""lat"":37.552574,""lon"":126.891431,""alt"":305},""endLLA"":{""lat"":37.569391,""lon"":126.861026,""alt"":305},""targetSpeed"":51.4,""seq"":7}","{""phase"":""F"",""startLLA"":{""lat"":37.569391,""lon"":126.861026,""alt"":305},""endLLA"":{""lat"":37.567792,""lon"":126.84212,""alt"":305},""targetSpeed"":51.4,""seq"":8}","{""phase"":""G"",""startLLA"":{""lat"":37.567792,""lon"":126.84212,""alt"":305},""endLLA"":{""lat"":37.564478,""lon"":126.802953,""alt"":100},""targetSpeed"":36,""seq"":9}","{""phase"":""I"",""startLLA"":{""lat"":37.564478,""lon"":126.802953,""alt"":100},""endLLA"":{""lat"":37.563535,""lon"":126.791805,""alt"":15},""targetSpeed"":30,""seq"":10}","{""phase"":""J"",""startLLA"":{""lat"":37.563535,""lon"":126.791805,""alt"":15},""endLLA"":{""lat"":37.563535,""lon"":126.791805,""alt"":0},""targetSpeed"":10,""seq"":11}","{""phase"":""K"",""startLLA"":{""lat"":37.563535,""lon"":126.791805,""alt"":0},""endLLA"":{""lat"":37.563535,""lon"":126.791805,""alt"":0},""targetSpeed"":3,""seq"":12}",,,,,,,,,
d2d2f5e06492,2026-06-20,FPL1214009,UAM0033,a2,2,2,1,광화문,광화문,가산,가산,18,G1,F1,G8,F1,18:35:55,18:42:01,18:48:12,18:54:11,19:04:11,366.86,370.9,358.28,1096.04,0,0,ready,광화문 > 홍대입구 > 성산대교 중간지점 > 선유도 17고지 > 영등포 > 가산,16.1492,13,"{""phase"":""A"",""startLLA"":{""lat"":37.56901,""lon"":126.973604,""alt"":0},""endLLA"":{""lat"":37.56901,""lon"":126.973604,""alt"":0},""targetSpeed"":3,""seq"":1}","{""phase"":""B"",""startLLA"":{""lat"":37.56901,""lon"":126.973604,""alt"":0},""endLLA"":{""lat"":37.56901,""lon"":126.973604,""alt"":15},""targetSpeed"":10,""seq"":2}","{""phase"":""C"",""startLLA"":{""lat"":37.56901,""lon"":126.973604,""alt"":15},""endLLA"":{""lat"":37.565863,""lon"":126.96076,""alt"":100},""targetSpeed"":36,""seq"":3}","{""phase"":""E"",""startLLA"":{""lat"":37.565863,""lon"":126.96076,""alt"":100},""endLLA"":{""lat"":37.556786,""lon"":126.923706,""alt"":302},""targetSpeed"":51.4,""seq"":4}","{""phase"":""E"",""startLLA"":{""lat"":37.556786,""lon"":126.923706,""alt"":302},""endLLA"":{""lat"":37.556712,""lon"":126.923138,""alt"":305},""targetSpeed"":51.4,""seq"":5}","{""phase"":""F"",""startLLA"":{""lat"":37.556712,""lon"":126.923138,""alt"":305},""endLLA"":{""lat"":37.552574,""lon"":126.891431,""alt"":305},""targetSpeed"":51.4,""seq"":6}","{""phase"":""F"",""startLLA"":{""lat"":37.552574,""lon"":126.891431,""alt"":305},""endLLA"":{""lat"":37.542307,""lon"":126.90249,""alt"":305},""targetSpeed"":51.4,""seq"":7}","{""phase"":""F"",""startLLA"":{""lat"":37.542307,""lon"":126.90249,""alt"":305},""endLLA"":{""lat"":37.520637,""lon"":126.906822,""alt"":305},""targetSpeed"":51.4,""seq"":8}","{""phase"":""G"",""startLLA"":{""lat"":37.520637,""lon"":126.906822,""alt"":305},""endLLA"":{""lat"":37.515965,""lon"":126.907756,""alt"":273.92},""targetSpeed"":36,""seq"":9}","{""phase"":""G"",""startLLA"":{""lat"":37.515965,""lon"":126.907756,""alt"":273.92},""endLLA"":{""lat"":37.495842,""lon"":126.886081,""alt"":100},""targetSpeed"":36,""seq"":10}","{""phase"":""I"",""startLLA"":{""lat"":37.495842,""lon"":126.886081,""alt"":100},""endLLA"":{""lat"":37.489091,""lon"":126.878809,""alt"":15},""targetSpeed"":30,""seq"":11}","{""phase"":""J"",""startLLA"":{""lat"":37.489091,""lon"":126.878809,""alt"":15},""endLLA"":{""lat"":37.489091,""lon"":126.878809,""alt"":0},""targetSpeed"":10,""seq"":12}","{""phase"":""K"",""startLLA"":{""lat"":37.489091,""lon"":126.878809,""alt"":0},""endLLA"":{""lat"":37.489091,""lon"":126.878809,""alt"":0},""targetSpeed"":3,""seq"":13}",,,,,,,,
d2d2f5e06492,2026-06-20,FPL1211008,UAM0003,a2,2,2,1,광화문,광화문,천호,천호,18,G8,F2,G8,F2,18:37:46,18:43:52,18:50:35,18:56:33,19:06:33,366.86,402.51,358.28,1127.65,0,0,ready,광화문 > 신설동역 > 청량리 > 중랑철교 > 상봉 > 아차산 고가차도 > 천호,17.9893,14,"{""phase"":""A"",""startLLA"":{""lat"":37.56901,""lon"":126.973604,""alt"":0},""endLLA"":{""lat"":37.56901,""lon"":126.973604,""alt"":0},""targetSpeed"":3,""seq"":1}","{""phase"":""B"",""startLLA"":{""lat"":37.56901,""lon"":126.973604,""alt"":0},""endLLA"":{""lat"":37.56901,""lon"":126.973604,""alt"":15},""targetSpeed"":10,""seq"":2}","{""phase"":""C"",""startLLA"":{""lat"":37.56901,""lon"":126.973604,""alt"":15},""endLLA"":{""lat"":37.570827,""lon"":126.987248,""alt"":100},""targetSpeed"":36,""seq"":3}","{""phase"":""E"",""startLLA"":{""lat"":37.570827,""lon"":126.987248,""alt"":100},""endLLA"":{""lat"":37.575658,""lon"":127.02353,""alt"":286.2},""targetSpeed"":51.4,""seq"":4}","{""phase"":""E"",""startLLA"":{""lat"":37.575658,""lon"":127.02353,""alt"":286.2},""endLLA"":{""lat"":37.576483,""lon"":127.027095,""alt"":305},""targetSpeed"":51.4,""seq"":5}","{""phase"":""F"",""startLLA"":{""lat"":37.576483,""lon"":127.027095,""alt"":305},""endLLA"":{""lat"":37.581542,""lon"":127.048947,""alt"":305},""targetSpeed"":51.4,""seq"":6}","{""phase"":""F"",""startLLA"":{""lat"":37.581542,""lon"":127.048947,""alt"":305},""endLLA"":{""lat"":37.593586,""lon"":127.069978,""alt"":305},""targetSpeed"":51.4,""seq"":7}","{""phase"":""F"",""startLLA"":{""lat"":37.593586,""lon"":127.069978,""alt"":305},""endLLA"":{""lat"":37.596919,""lon"":127.084854,""alt"":305},""targetSpeed"":51.4,""seq"":8}","{""phase"":""F"",""startLLA"":{""lat"":37.596919,""lon"":127.084854,""alt"":305},""endLLA"":{""lat"":37.570823,""lon"":127.091481,""alt"":305},""targetSpeed"":51.4,""seq"":9}","{""phase"":""G"",""startLLA"":{""lat"":37.570823,""lon"":127.091481,""alt"":305},""endLLA"":{""lat"":37.547423,""lon"":127.097424,""alt"":152.58},""targetSpeed"":36,""seq"":10}","{""phase"":""G"",""startLLA"":{""lat"":37.547423,""lon"":127.097424,""alt"":152.58},""endLLA"":{""lat"":37.546622,""lon"":127.107759,""alt"":100},""targetSpeed"":36,""seq"":11}","{""phase"":""I"",""startLLA"":{""lat"":37.546622,""lon"":127.107759,""alt"":100},""endLLA"":{""lat"":37.545733,""lon"":127.11923,""alt"":15},""targetSpeed"":30,""seq"":12}","{""phase"":""J"",""startLLA"":{""lat"":37.545733,""lon"":127.11923,""alt"":15},""endLLA"":{""lat"":37.545733,""lon"":127.11923,""alt"":0},""targetSpeed"":10,""seq"":13}","{""phase"":""K"",""startLLA"":{""lat"":37.545733,""lon"":127.11923,""alt"":0},""endLLA"":{""lat"":37.545733,""lon"":127.11923,""alt"":0},""targetSpeed"":3,""seq"":14}",,,,,,,
d2d2f5e06492,2026-06-20,FPL1217008,UAM0057,a2,2,2,1,광화문,광화문,수서,수서,19,G1,F1,G2,F2,19:07:08,19:13:14,19:23:53,19:30:21,19:40:21,366.86,638.67,388.28,1393.81,0,167.05,ready,광화문 > 신설동역 > 청량리 > 왕십리역 > 성수대교 남단 > 청담대교 중간지점 > 잠실대교 중간지점 > 수서,21.5406,15,"{""phase"":""A"",""startLLA"":{""lat"":37.56901,""lon"":126.973604,""alt"":0},""endLLA"":{""lat"":37.56901,""lon"":126.973604,""alt"":0},""targetSpeed"":3,""seq"":1}","{""phase"":""B"",""startLLA"":{""lat"":37.56901,""lon"":126.973604,""alt"":0},""endLLA"":{""lat"":37.56901,""lon"":126.973604,""alt"":15},""targetSpeed"":10,""seq"":2}","{""phase"":""C"",""startLLA"":{""lat"":37.56901,""lon"":126.973604,""alt"":15},""endLLA"":{""lat"":37.570823,""lon"":126.98722,""alt"":100},""targetSpeed"":36,""seq"":3}","{""phase"":""E"",""startLLA"":{""lat"":37.570823,""lon"":126.98722,""alt"":100},""endLLA"":{""lat"":37.575658,""lon"":127.02353,""alt"":286.73},""targetSpeed"":51.4,""seq"":4}","{""phase"":""E"",""startLLA"":{""lat"":37.575658,""lon"":127.02353,""alt"":286.73},""endLLA"":{""lat"":37.576459,""lon"":127.026988,""alt"":305},""targetSpeed"":51.4,""seq"":5}","{""phase"":""F"",""startLLA"":{""lat"":37.576459,""lon"":127.026988,""alt"":305},""endLLA"":{""lat"":37.581542,""lon"":127.048947,""alt"":305},""targetSpeed"":51.4,""seq"":6}","{""phase"":""F"",""startLLA"":{""lat"":37.581542,""lon"":127.048947,""alt"":305},""endLLA"":{""lat"":37.561925,""lon"":127.038491,""alt"":305},""targetSpeed"":51.4,""seq"":7}","{""phase"":""F"",""startLLA"":{""lat"":37.561925,""lon"":127.038491,""alt"":305},""endLLA"":{""lat"":37.53537,""lon"":127.034503,""alt"":305},""targetSpeed"":51.4,""seq"":8}","{""phase"":""F"",""startLLA"":{""lat"":37.53537,""lon"":127.034503,""alt"":305},""endLLA"":{""lat"":37.526451,""lon"":127.064361,""alt"":305},""targetSpeed"":51.4,""seq"":9}","{""phase"":""F"",""startLLA"":{""lat"":37.526451,""lon"":127.064361,""alt"":305},""endLLA"":{""lat"":37.524649,""lon"":127.087085,""alt"":305},""targetSpeed"":51.4,""seq"":10}","{""phase"":""G"",""startLLA"":{""lat"":37.524649,""lon"":127.087085,""alt"":305},""endLLA"":{""lat"":37.524288,""lon"":127.091639,""alt"":281.77},""targetSpeed"":36,""seq"":11}","{""phase"":""G"",""startLLA"":{""lat"":37.524288,""lon"":127.091639,""alt"":281.77},""endLLA"":{""lat"":37.496395,""lon"":127.098425,""alt"":100},""targetSpeed"":36,""seq"":12}","{""phase"":""I"",""startLLA"":{""lat"":37.496395,""lon"":127.098425,""alt"":100},""endLLA"":{""lat"":37.487441,""lon"":127.100603,""alt"":15},""targetSpeed"":30,""seq"":13}","{""phase"":""J"",""startLLA"":{""lat"":37.487441,""lon"":127.100603,""alt"":15},""endLLA"":{""lat"":37.487441,""lon"":127.100603,""alt"":0},""targetSpeed"":10,""seq"":14}","{""phase"":""K"",""startLLA"":{""lat"":37.487441,""lon"":127.100603,""alt"":0},""endLLA"":{""lat"":37.487441,""lon"":127.100603,""alt"":0},""targetSpeed"":3,""seq"":15}",,,,,,
d2d2f5e06492,2026-06-20,FPL1211009,UAM0031,a2,2,2,1,광화문,광화문,천호,천호,19,G1,F1,G1,F1,19:29:36,19:35:42,19:43:40,19:49:38,19:59:38,366.86,477.46,358.28,1202.6,0,74.95,ready,광화문 > 신설동역 > 청량리 > 중랑철교 > 상봉 > 아차산 고가차도 > 천호,17.9893,14,"{""phase"":""A"",""startLLA"":{""lat"":37.56901,""lon"":126.973604,""alt"":0},""endLLA"":{""lat"":37.56901,""lon"":126.973604,""alt"":0},""targetSpeed"":3,""seq"":1}","{""phase"":""B"",""startLLA"":{""lat"":37.56901,""lon"":126.973604,""alt"":0},""endLLA"":{""lat"":37.56901,""lon"":126.973604,""alt"":15},""targetSpeed"":10,""seq"":2}","{""phase"":""C"",""startLLA"":{""lat"":37.56901,""lon"":126.973604,""alt"":15},""endLLA"":{""lat"":37.570827,""lon"":126.987248,""alt"":100},""targetSpeed"":36,""seq"":3}","{""phase"":""E"",""startLLA"":{""lat"":37.570827,""lon"":126.987248,""alt"":100},""endLLA"":{""lat"":37.575658,""lon"":127.02353,""alt"":286.2},""targetSpeed"":51.4,""seq"":4}","{""phase"":""E"",""startLLA"":{""lat"":37.575658,""lon"":127.02353,""alt"":286.2},""endLLA"":{""lat"":37.576483,""lon"":127.027095,""alt"":305},""targetSpeed"":51.4,""seq"":5}","{""phase"":""F"",""startLLA"":{""lat"":37.576483,""lon"":127.027095,""alt"":305},""endLLA"":{""lat"":37.581542,""lon"":127.048947,""alt"":305},""targetSpeed"":51.4,""seq"":6}","{""phase"":""F"",""startLLA"":{""lat"":37.581542,""lon"":127.048947,""alt"":305},""endLLA"":{""lat"":37.593586,""lon"":127.069978,""alt"":305},""targetSpeed"":51.4,""seq"":7}","{""phase"":""F"",""startLLA"":{""lat"":37.593586,""lon"":127.069978,""alt"":305},""endLLA"":{""lat"":37.596919,""lon"":127.084854,""alt"":305},""targetSpeed"":51.4,""seq"":8}","{""phase"":""F"",""startLLA"":{""lat"":37.596919,""lon"":127.084854,""alt"":305},""endLLA"":{""lat"":37.570823,""lon"":127.091481,""alt"":305},""targetSpeed"":51.4,""seq"":9}","{""phase"":""G"",""startLLA"":{""lat"":37.570823,""lon"":127.091481,""alt"":305},""endLLA"":{""lat"":37.547423,""lon"":127.097424,""alt"":152.58},""targetSpeed"":36,""seq"":10}","{""phase"":""G"",""startLLA"":{""lat"":37.547423,""lon"":127.097424,""alt"":152.58},""endLLA"":{""lat"":37.546622,""lon"":127.107759,""alt"":100},""targetSpeed"":36,""seq"":11}","{""phase"":""I"",""startLLA"":{""lat"":37.546622,""lon"":127.107759,""alt"":100},""endLLA"":{""lat"":37.545733,""lon"":127.11923,""alt"":15},""targetSpeed"":30,""seq"":12}","{""phase"":""J"",""startLLA"":{""lat"":37.545733,""lon"":127.11923,""alt"":15},""endLLA"":{""lat"":37.545733,""lon"":127.11923,""alt"":0},""targetSpeed"":10,""seq"":13}","{""phase"":""K"",""startLLA"":{""lat"":37.545733,""lon"":127.11923,""alt"":0},""endLLA"":{""lat"":37.545733,""lon"":127.11923,""alt"":0},""targetSpeed"":3,""seq"":14}",,,,,,,
d2d2f5e06492,2026-06-20,FPL1215013,UAM0034,a2,2,2,1,광화문,광화문,마곡,마곡,19,G8,F1,G1,F2,19:31:49,19:41:11,19:49:50,19:55:48,20:05:48,562.43,519.16,358.28,1439.88,195.57,128.61,ready,광화문 > 홍대입구 > 성산대교 중간지점 > 가양대교 남단 > 마곡,17.1596,12,"{""phase"":""A"",""startLLA"":{""lat"":37.56901,""lon"":126.973604,""alt"":0},""endLLA"":{""lat"":37.56901,""lon"":126.973604,""alt"":0},""targetSpeed"":3,""seq"":1}","{""phase"":""B"",""startLLA"":{""lat"":37.56901,""lon"":126.973604,""alt"":0},""endLLA"":{""lat"":37.56901,""lon"":126.973604,""alt"":15},""targetSpeed"":10,""seq"":2}","{""phase"":""C"",""startLLA"":{""lat"":37.56901,""lon"":126.973604,""alt"":15},""endLLA"":{""lat"":37.565861,""lon"":126.96075,""alt"":100},""targetSpeed"":36,""seq"":3}","{""phase"":""E"",""startLLA"":{""lat"":37.565861,""lon"":126.96075,""alt"":100},""endLLA"":{""lat"":37.556786,""lon"":126.923706,""alt"":301.81},""targetSpeed"":51.4,""seq"":4}","{""phase"":""E"",""startLLA"":{""lat"":37.556786,""lon"":126.923706,""alt"":301.81},""endLLA"":{""lat"":37.556707,""lon"":126.923101,""alt"":305},""targetSpeed"":51.4,""seq"":5}","{""phase"":""F"",""startLLA"":{""lat"":37.556707,""lon"":126.923101,""alt"":305},""endLLA"":{""lat"":37.552574,""lon"":126.891431,""alt"":305},""targetSpeed"":51.4,""seq"":6}","{""phase"":""F"",""startLLA"":{""lat"":37.552574,""lon"":126.891431,""alt"":305},""endLLA"":{""lat"":37.569391,""lon"":126.861026,""alt"":305},""targetSpeed"":51.4,""seq"":7}","{""phase"":""F"",""startLLA"":{""lat"":37.569391,""lon"":126.861026,""alt"":305},""endLLA"":{""lat"":37.567792,""lon"":126.84212,""alt"":305},""targetSpeed"":51.4,""seq"":8}","{""phase"":""G"",""startLLA"":{""lat"":37.567792,""lon"":126.84212,""alt"":305},""endLLA"":{""lat"":37.564478,""lon"":126.802953,""alt"":100},""targetSpeed"":36,""seq"":9}","{""phase"":""I"",""startLLA"":{""lat"":37.564478,""lon"":126.802953,""alt"":100},""endLLA"":{""lat"":37.563535,""lon"":126.791805,""alt"":15},""targetSpeed"":30,""seq"":10}","{""phase"":""J"",""startLLA"":{""lat"":37.563535,""lon"":126.791805,""alt"":15},""endLLA"":{""lat"":37.563535,""lon"":126.791805,""alt"":0},""targetSpeed"":10,""seq"":11}","{""phase"":""K"",""startLLA"":{""lat"":37.563535,""lon"":126.791805,""alt"":0},""endLLA"":{""lat"":37.563535,""lon"":126.791805,""alt"":0},""targetSpeed"":3,""seq"":12}",,,,,,,,,
d2d2f5e06492,2026-06-20,FPL1211010,UAM0003,a2,2,2,1,광화문,광화문,천호,천호,19,G2,F2,G2,F1,19:35:52,19:42:28,19:49:11,19:55:39,20:05:39,396.86,402.51,388.28,1187.65,0,0,ready,광화문 > 신설동역 > 청량리 > 중랑철교 > 상봉 > 아차산 고가차도 > 천호,17.9893,14,"{""phase"":""A"",""startLLA"":{""lat"":37.56901,""lon"":126.973604,""alt"":0},""endLLA"":{""lat"":37.56901,""lon"":126.973604,""alt"":0},""targetSpeed"":3,""seq"":1}","{""phase"":""B"",""startLLA"":{""lat"":37.56901,""lon"":126.973604,""alt"":0},""endLLA"":{""lat"":37.56901,""lon"":126.973604,""alt"":15},""targetSpeed"":10,""seq"":2}","{""phase"":""C"",""startLLA"":{""lat"":37.56901,""lon"":126.973604,""alt"":15},""endLLA"":{""lat"":37.570827,""lon"":126.987248,""alt"":100},""targetSpeed"":36,""seq"":3}","{""phase"":""E"",""startLLA"":{""lat"":37.570827,""lon"":126.987248,""alt"":100},""endLLA"":{""lat"":37.575658,""lon"":127.02353,""alt"":286.2},""targetSpeed"":51.4,""seq"":4}","{""phase"":""E"",""startLLA"":{""lat"":37.575658,""lon"":127.02353,""alt"":286.2},""endLLA"":{""lat"":37.576483,""lon"":127.027095,""alt"":305},""targetSpeed"":51.4,""seq"":5}","{""phase"":""F"",""startLLA"":{""lat"":37.576483,""lon"":127.027095,""alt"":305},""endLLA"":{""lat"":37.581542,""lon"":127.048947,""alt"":305},""targetSpeed"":51.4,""seq"":6}","{""phase"":""F"",""startLLA"":{""lat"":37.581542,""lon"":127.048947,""alt"":305},""endLLA"":{""lat"":37.593586,""lon"":127.069978,""alt"":305},""targetSpeed"":51.4,""seq"":7}","{""phase"":""F"",""startLLA"":{""lat"":37.593586,""lon"":127.069978,""alt"":305},""endLLA"":{""lat"":37.596919,""lon"":127.084854,""alt"":305},""targetSpeed"":51.4,""seq"":8}","{""phase"":""F"",""startLLA"":{""lat"":37.596919,""lon"":127.084854,""alt"":305},""endLLA"":{""lat"":37.570823,""lon"":127.091481,""alt"":305},""targetSpeed"":51.4,""seq"":9}","{""phase"":""G"",""startLLA"":{""lat"":37.570823,""lon"":127.091481,""alt"":305},""endLLA"":{""lat"":37.547423,""lon"":127.097424,""alt"":152.58},""targetSpeed"":36,""seq"":10}","{""phase"":""G"",""startLLA"":{""lat"":37.547423,""lon"":127.097424,""alt"":152.58},""endLLA"":{""lat"":37.546622,""lon"":127.107759,""alt"":100},""targetSpeed"":36,""seq"":11}","{""phase"":""I"",""startLLA"":{""lat"":37.546622,""lon"":127.107759,""alt"":100},""endLLA"":{""lat"":37.545733,""lon"":127.11923,""alt"":15},""targetSpeed"":30,""seq"":12}","{""phase"":""J"",""startLLA"":{""lat"":37.545733,""lon"":127.11923,""alt"":15},""endLLA"":{""lat"":37.545733,""lon"":127.11923,""alt"":0},""targetSpeed"":10,""seq"":13}","{""phase"":""K"",""startLLA"":{""lat"":37.545733,""lon"":127.11923,""alt"":0},""endLLA"":{""lat"":37.545733,""lon"":127.11923,""alt"":0},""targetSpeed"":3,""seq"":14}",,,,,,,
d2d2f5e06492,2026-06-20,FPL1215014,UAM0030,a2,2,1,0.5,광화문,광화문,마곡,마곡,19,G1,F1,G7,F2,19:47:12,19:53:18,20:18:22,20:24:50,20:34:50,366.86,1503.71,388.28,2258.85,0,1086,ready,광화문 > 홍대입구 > 성산대교 중간지점 > 가양대교 남단 > 마곡,17.1596,12,"{""phase"":""A"",""startLLA"":{""lat"":37.56901,""lon"":126.973604,""alt"":0},""endLLA"":{""lat"":37.56901,""lon"":126.973604,""alt"":0},""targetSpeed"":3,""seq"":1}","{""phase"":""B"",""startLLA"":{""lat"":37.56901,""lon"":126.973604,""alt"":0},""endLLA"":{""lat"":37.56901,""lon"":126.973604,""alt"":15},""targetSpeed"":10,""seq"":2}","{""phase"":""C"",""startLLA"":{""lat"":37.56901,""lon"":126.973604,""alt"":15},""endLLA"":{""lat"":37.565861,""lon"":126.96075,""alt"":100},""targetSpeed"":36,""seq"":3}","{""phase"":""E"",""startLLA"":{""lat"":37.565861,""lon"":126.96075,""alt"":100},""endLLA"":{""lat"":37.556786,""lon"":126.923706,""alt"":301.81},""targetSpeed"":51.4,""seq"":4}","{""phase"":""E"",""startLLA"":{""lat"":37.556786,""lon"":126.923706,""alt"":301.81},""endLLA"":{""lat"":37.556707,""lon"":126.923101,""alt"":305},""targetSpeed"":51.4,""seq"":5}","{""phase"":""F"",""startLLA"":{""lat"":37.556707,""lon"":126.923101,""alt"":305},""endLLA"":{""lat"":37.552574,""lon"":126.891431,""alt"":305},""targetSpeed"":51.4,""seq"":6}","{""phase"":""F"",""startLLA"":{""lat"":37.552574,""lon"":126.891431,""alt"":305},""endLLA"":{""lat"":37.569391,""lon"":126.861026,""alt"":305},""targetSpeed"":51.4,""seq"":7}","{""phase"":""F"",""startLLA"":{""lat"":37.569391,""lon"":126.861026,""alt"":305},""endLLA"":{""lat"":37.567792,""lon"":126.84212,""alt"":305},""targetSpeed"":51.4,""seq"":8}","{""phase"":""G"",""startLLA"":{""lat"":37.567792,""lon"":126.84212,""alt"":305},""endLLA"":{""lat"":37.564478,""lon"":126.802953,""alt"":100},""targetSpeed"":36,""seq"":9}","{""phase"":""I"",""startLLA"":{""lat"":37.564478,""lon"":126.802953,""alt"":100},""endLLA"":{""lat"":37.563535,""lon"":126.791805,""alt"":15},""targetSpeed"":30,""seq"":10}","{""phase"":""J"",""startLLA"":{""lat"":37.563535,""lon"":126.791805,""alt"":15},""endLLA"":{""lat"":37.563535,""lon"":126.791805,""alt"":0},""targetSpeed"":10,""seq"":11}","{""phase"":""K"",""startLLA"":{""lat"":37.563535,""lon"":126.791805,""alt"":0},""endLLA"":{""lat"":37.563535,""lon"":126.791805,""alt"":0},""targetSpeed"":3,""seq"":12}",,,,,,,,,
d2d2f5e06492,2026-06-20,FPL1202009,UAM0037,a2,2,2,1,광화문,광화문,잠실,잠실,20,G1,F1,G8,F1,20:15:59,20:22:46,20:29:56,20:35:54,20:45:54,406.86,429.62,358.28,1194.76,82.66,0,ready,광화문 > 신설동역 > 청량리 > 왕십리역 > 성수대교 남단 > 청담대교 중간지점 > 건대입구 > 잠실,19.3835,15,"{""phase"":""A"",""startLLA"":{""lat"":37.56901,""lon"":126.973604,""alt"":0},""endLLA"":{""lat"":37.56901,""lon"":126.973604,""alt"":0},""targetSpeed"":3,""seq"":1}","{""phase"":""B"",""startLLA"":{""lat"":37.56901,""lon"":126.973604,""alt"":0},""endLLA"":{""lat"":37.56901,""lon"":126.973604,""alt"":15},""targetSpeed"":10,""seq"":2}","{""phase"":""C"",""startLLA"":{""lat"":37.56901,""lon"":126.973604,""alt"":15},""endLLA"":{""lat"":37.570825,""lon"":126.987237,""alt"":100},""targetSpeed"":36,""seq"":3}","{""phase"":""E"",""startLLA"":{""lat"":37.570825,""lon"":126.987237,""alt"":100},""endLLA"":{""lat"":37.575658,""lon"":127.02353,""alt"":286.42},""targetSpeed"":51.4,""seq"":4}","{""phase"":""E"",""startLLA"":{""lat"":37.575658,""lon"":127.02353,""alt"":286.42},""endLLA"":{""lat"":37.576473,""lon"":127.027052,""alt"":305},""targetSpeed"":51.4,""seq"":5}","{""phase"":""F"",""startLLA"":{""lat"":37.576473,""lon"":127.027052,""alt"":305},""endLLA"":{""lat"":37.581542,""lon"":127.048947,""alt"":305},""targetSpeed"":51.4,""seq"":6}","{""phase"":""F"",""startLLA"":{""lat"":37.581542,""lon"":127.048947,""alt"":305},""endLLA"":{""lat"":37.561925,""lon"":127.038491,""alt"":305},""targetSpeed"":51.4,""seq"":7}","{""phase"":""F"",""startLLA"":{""lat"":37.561925,""lon"":127.038491,""alt"":305},""endLLA"":{""lat"":37.53537,""lon"":127.034503,""alt"":305},""targetSpeed"":51.4,""seq"":8}","{""phase"":""F"",""startLLA"":{""lat"":37.53537,""lon"":127.034503,""alt"":305},""endLLA"":{""lat"":37.526922,""lon"":127.062783,""alt"":305},""targetSpeed"":51.4,""seq"":9}","{""phase"":""G"",""startLLA"":{""lat"":37.526922,""lon"":127.062783,""alt"":305},""endLLA"":{""lat"":37.526451,""lon"":127.064361,""alt"":296.46},""targetSpeed"":36,""seq"":10}","{""phase"":""G"",""startLLA"":{""lat"":37.526451,""lon"":127.064361,""alt"":296.46},""endLLA"":{""lat"":37.540426,""lon"":127.069298,""alt"":203.7},""targetSpeed"":36,""seq"":11}","{""phase"":""G"",""startLLA"":{""lat"":37.540426,""lon"":127.069298,""alt"":203.7},""endLLA"":{""lat"":37.524201,""lon"":127.06907,""alt"":100},""targetSpeed"":36,""seq"":12}","{""phase"":""I"",""startLLA"":{""lat"":37.524201,""lon"":127.06907,""alt"":100},""endLLA"":{""lat"":37.515071,""lon"":127.068942,""alt"":15},""targetSpeed"":30,""seq"":13}","{""phase"":""J"",""startLLA"":{""lat"":37.515071,""lon"":127.068942,""alt"":15},""endLLA"":{""lat"":37.515071,""lon"":127.068942,""alt"":0},""targetSpeed"":10,""seq"":14}","{""phase"":""K"",""startLLA"":{""lat"":37.515071,""lon"":127.068942,""alt"":0},""endLLA"":{""lat"":37.515071,""lon"":127.068942,""alt"":0},""targetSpeed"":3,""seq"":15}",,,,,,
d2d2f5e06492,2026-06-20,FPL1208009,UAM0022,a2,2,1,0.5,광화문,광화문,사당,사당,20,G8,F2,G1,F2,20:27:50,20:34:29,20:42:00,20:47:58,20:57:58,399.6,450.47,358.28,1208.36,32.75,0,ready,광화문 > 홍대입구 > 성산대교 중간지점 > 선유도 17고지 > 영등포 > 180고지 > 사당,20.239,14,"{""phase"":""A"",""startLLA"":{""lat"":37.56901,""lon"":126.973604,""alt"":0},""endLLA"":{""lat"":37.56901,""lon"":126.973604,""alt"":0},""targetSpeed"":3,""seq"":1}","{""phase"":""B"",""startLLA"":{""lat"":37.56901,""lon"":126.973604,""alt"":0},""endLLA"":{""lat"":37.56901,""lon"":126.973604,""alt"":15},""targetSpeed"":10,""seq"":2}","{""phase"":""C"",""startLLA"":{""lat"":37.56901,""lon"":126.973604,""alt"":15},""endLLA"":{""lat"":37.565853,""lon"":126.960717,""alt"":100},""targetSpeed"":36,""seq"":3}","{""phase"":""E"",""startLLA"":{""lat"":37.565853,""lon"":126.960717,""alt"":100},""endLLA"":{""lat"":37.556786,""lon"":126.923706,""alt"":301.11},""targetSpeed"":51.4,""seq"":4}","{""phase"":""E"",""startLLA"":{""lat"":37.556786,""lon"":126.923706,""alt"":301.11},""endLLA"":{""lat"":37.55669,""lon"":126.922967,""alt"":305},""targetSpeed"":51.4,""seq"":5}","{""phase"":""F"",""startLLA"":{""lat"":37.55669,""lon"":126.922967,""alt"":305},""endLLA"":{""lat"":37.552574,""lon"":126.891431,""alt"":305},""targetSpeed"":51.4,""seq"":6}","{""phase"":""F"",""startLLA"":{""lat"":37.552574,""lon"":126.891431,""alt"":305},""endLLA"":{""lat"":37.542307,""lon"":126.90249,""alt"":305},""targetSpeed"":51.4,""seq"":7}","{""phase"":""F"",""startLLA"":{""lat"":37.542307,""lon"":126.90249,""alt"":305},""endLLA"":{""lat"":37.515965,""lon"":126.907756,""alt"":305},""targetSpeed"":51.4,""seq"":8}","{""phase"":""F"",""startLLA"":{""lat"":37.515965,""lon"":126.907756,""alt"":305},""endLLA"":{""lat"":37.494402,""lon"":126.937394,""alt"":305},""targetSpeed"":51.4,""seq"":9}","{""phase"":""G"",""startLLA"":{""lat"":37.494402,""lon"":126.937394,""alt"":305},""endLLA"":{""lat"":37.492877,""lon"":126.93949,""alt"":290.22},""targetSpeed"":36,""seq"":10}","{""phase"":""G"",""startLLA"":{""lat"":37.492877,""lon"":126.93949,""alt"":290.22},""endLLA"":{""lat"":37.479784,""lon"":126.972163,""alt"":100},""targetSpeed"":36,""seq"":11}","{""phase"":""I"",""startLLA"":{""lat"":37.479784,""lon"":126.972163,""alt"":100},""endLLA"":{""lat"":37.475767,""lon"":126.982185,""alt"":15},""targetSpeed"":30,""seq"":12}","{""phase"":""J"",""startLLA"":{""lat"":37.475767,""lon"":126.982185,""alt"":15},""endLLA"":{""lat"":37.475767,""lon"":126.982185,""alt"":0},""targetSpeed"":10,""seq"":13}","{""phase"":""K"",""startLLA"":{""lat"":37.475767,""lon"":126.982185,""alt"":0},""endLLA"":{""lat"":37.475767,""lon"":126.982185,""alt"":0},""targetSpeed"":3,""seq"":14}",,,,,,,
d2d2f5e06492,2026-06-20,FPL1217009,UAM0018,a2,2,1,0.5,광화문,광화문,수서,수서,20,G1,F1,G7,F1,20:35:05,20:41:11,20:52:49,20:59:17,21:09:17,366.86,697.2,388.28,1452.34,0,225.57,ready,광화문 > 신설동역 > 청량리 > 왕십리역 > 성수대교 남단 > 청담대교 중간지점 > 잠실대교 중간지점 > 수서,21.5406,15,"{""phase"":""A"",""startLLA"":{""lat"":37.56901,""lon"":126.973604,""alt"":0},""endLLA"":{""lat"":37.56901,""lon"":126.973604,""alt"":0},""targetSpeed"":3,""seq"":1}","{""phase"":""B"",""startLLA"":{""lat"":37.56901,""lon"":126.973604,""alt"":0},""endLLA"":{""lat"":37.56901,""lon"":126.973604,""alt"":15},""targetSpeed"":10,""seq"":2}","{""phase"":""C"",""startLLA"":{""lat"":37.56901,""lon"":126.973604,""alt"":15},""endLLA"":{""lat"":37.570823,""lon"":126.98722,""alt"":100},""targetSpeed"":36,""seq"":3}","{""phase"":""E"",""startLLA"":{""lat"":37.570823,""lon"":126.98722,""alt"":100},""endLLA"":{""lat"":37.575658,""lon"":127.02353,""alt"":286.73},""targetSpeed"":51.4,""seq"":4}","{""phase"":""E"",""startLLA"":{""lat"":37.575658,""lon"":127.02353,""alt"":286.73},""endLLA"":{""lat"":37.576459,""lon"":127.026988,""alt"":305},""targetSpeed"":51.4,""seq"":5}","{""phase"":""F"",""startLLA"":{""lat"":37.576459,""lon"":127.026988,""alt"":305},""endLLA"":{""lat"":37.581542,""lon"":127.048947,""alt"":305},""targetSpeed"":51.4,""seq"":6}","{""phase"":""F"",""startLLA"":{""lat"":37.581542,""lon"":127.048947,""alt"":305},""endLLA"":{""lat"":37.561925,""lon"":127.038491,""alt"":305},""targetSpeed"":51.4,""seq"":7}","{""phase"":""F"",""startLLA"":{""lat"":37.561925,""lon"":127.038491,""alt"":305},""endLLA"":{""lat"":37.53537,""lon"":127.034503,""alt"":305},""targetSpeed"":51.4,""seq"":8}","{""phase"":""F"",""startLLA"":{""lat"":37.53537,""lon"":127.034503,""alt"":305},""endLLA"":{""lat"":37.526451,""lon"":127.064361,""alt"":305},""targetSpeed"":51.4,""seq"":9}","{""phase"":""F"",""startLLA"":{""lat"":37.526451,""lon"":127.064361,""alt"":305},""endLLA"":{""lat"":37.524649,""lon"":127.087085,""alt"":305},""targetSpeed"":51.4,""seq"":10}","{""phase"":""G"",""startLLA"":{""lat"":37.524649,""lon"":127.087085,""alt"":305},""endLLA"":{""lat"":37.524288,""lon"":127.091639,""alt"":281.77},""targetSpeed"":36,""seq"":11}","{""phase"":""G"",""startLLA"":{""lat"":37.524288,""lon"":127.091639,""alt"":281.77},""endLLA"":{""lat"":37.496395,""lon"":127.098425,""alt"":100},""targetSpeed"":36,""seq"":12}","{""phase"":""I"",""startLLA"":{""lat"":37.496395,""lon"":127.098425,""alt"":100},""endLLA"":{""lat"":37.487441,""lon"":127.100603,""alt"":15},""targetSpeed"":30,""seq"":13}","{""phase"":""J"",""startLLA"":{""lat"":37.487441,""lon"":127.100603,""alt"":15},""endLLA"":{""lat"":37.487441,""lon"":127.100603,""alt"":0},""targetSpeed"":10,""seq"":14}","{""phase"":""K"",""startLLA"":{""lat"":37.487441,""lon"":127.100603,""alt"":0},""endLLA"":{""lat"":37.487441,""lon"":127.100603,""alt"":0},""targetSpeed"":3,""seq"":15}",,,,,,
d2d2f5e06492,2026-06-20,FPL1215015,UAM0033,a2,2,1,0.5,광화문,광화문,마곡,마곡,21,G7,F2,G4,F2,21:00:00,21:06:36,21:23:21,21:30:49,21:40:49,396.86,1004.29,448.28,1849.43,0,613.73,ready,광화문 > 홍대입구 > 성산대교 중간지점 > 가양대교 남단 > 마곡,17.1596,12,"{""phase"":""A"",""startLLA"":{""lat"":37.56901,""lon"":126.973604,""alt"":0},""endLLA"":{""lat"":37.56901,""lon"":126.973604,""alt"":0},""targetSpeed"":3,""seq"":1}","{""phase"":""B"",""startLLA"":{""lat"":37.56901,""lon"":126.973604,""alt"":0},""endLLA"":{""lat"":37.56901,""lon"":126.973604,""alt"":15},""targetSpeed"":10,""seq"":2}","{""phase"":""C"",""startLLA"":{""lat"":37.56901,""lon"":126.973604,""alt"":15},""endLLA"":{""lat"":37.565861,""lon"":126.96075,""alt"":100},""targetSpeed"":36,""seq"":3}","{""phase"":""E"",""startLLA"":{""lat"":37.565861,""lon"":126.96075,""alt"":100},""endLLA"":{""lat"":37.556786,""lon"":126.923706,""alt"":301.81},""targetSpeed"":51.4,""seq"":4}","{""phase"":""E"",""startLLA"":{""lat"":37.556786,""lon"":126.923706,""alt"":301.81},""endLLA"":{""lat"":37.556707,""lon"":126.923101,""alt"":305},""targetSpeed"":51.4,""seq"":5}","{""phase"":""F"",""startLLA"":{""lat"":37.556707,""lon"":126.923101,""alt"":305},""endLLA"":{""lat"":37.552574,""lon"":126.891431,""alt"":305},""targetSpeed"":51.4,""seq"":6}","{""phase"":""F"",""startLLA"":{""lat"":37.552574,""lon"":126.891431,""alt"":305},""endLLA"":{""lat"":37.569391,""lon"":126.861026,""alt"":305},""targetSpeed"":51.4,""seq"":7}","{""phase"":""F"",""startLLA"":{""lat"":37.569391,""lon"":126.861026,""alt"":305},""endLLA"":{""lat"":37.567792,""lon"":126.84212,""alt"":305},""targetSpeed"":51.4,""seq"":8}","{""phase"":""G"",""startLLA"":{""lat"":37.567792,""lon"":126.84212,""alt"":305},""endLLA"":{""lat"":37.564478,""lon"":126.802953,""alt"":100},""targetSpeed"":36,""seq"":9}","{""phase"":""I"",""startLLA"":{""lat"":37.564478,""lon"":126.802953,""alt"":100},""endLLA"":{""lat"":37.563535,""lon"":126.791805,""alt"":15},""targetSpeed"":30,""seq"":10}","{""phase"":""J"",""startLLA"":{""lat"":37.563535,""lon"":126.791805,""alt"":15},""endLLA"":{""lat"":37.563535,""lon"":126.791805,""alt"":0},""targetSpeed"":10,""seq"":11}","{""phase"":""K"",""startLLA"":{""lat"":37.563535,""lon"":126.791805,""alt"":0},""endLLA"":{""lat"":37.563535,""lon"":126.791805,""alt"":0},""targetSpeed"":3,""seq"":12}",,,,,,,,,
d2d2f5e06492,2026-06-20,FPL1208010,UAM0051,a2,2,1,0.5,광화문,광화문,사당,사당,21,G2,F1,G8,F2,21:02:49,21:10:06,21:17:37,21:23:35,21:33:35,436.86,450.47,358.28,1245.61,209.76,0,ready,광화문 > 홍대입구 > 성산대교 중간지점 > 선유도 17고지 > 영등포 > 180고지 > 사당,20.239,14,"{""phase"":""A"",""startLLA"":{""lat"":37.56901,""lon"":126.973604,""alt"":0},""endLLA"":{""lat"":37.56901,""lon"":126.973604,""alt"":0},""targetSpeed"":3,""seq"":1}","{""phase"":""B"",""startLLA"":{""lat"":37.56901,""lon"":126.973604,""alt"":0},""endLLA"":{""lat"":37.56901,""lon"":126.973604,""alt"":15},""targetSpeed"":10,""seq"":2}","{""phase"":""C"",""startLLA"":{""lat"":37.56901,""lon"":126.973604,""alt"":15},""endLLA"":{""lat"":37.565853,""lon"":126.960717,""alt"":100},""targetSpeed"":36,""seq"":3}","{""phase"":""E"",""startLLA"":{""lat"":37.565853,""lon"":126.960717,""alt"":100},""endLLA"":{""lat"":37.556786,""lon"":126.923706,""alt"":301.11},""targetSpeed"":51.4,""seq"":4}","{""phase"":""E"",""startLLA"":{""lat"":37.556786,""lon"":126.923706,""alt"":301.11},""endLLA"":{""lat"":37.55669,""lon"":126.922967,""alt"":305},""targetSpeed"":51.4,""seq"":5}","{""phase"":""F"",""startLLA"":{""lat"":37.55669,""lon"":126.922967,""alt"":305},""endLLA"":{""lat"":37.552574,""lon"":126.891431,""alt"":305},""targetSpeed"":51.4,""seq"":6}","{""phase"":""F"",""startLLA"":{""lat"":37.552574,""lon"":126.891431,""alt"":305},""endLLA"":{""lat"":37.542307,""lon"":126.90249,""alt"":305},""targetSpeed"":51.4,""seq"":7}","{""phase"":""F"",""startLLA"":{""lat"":37.542307,""lon"":126.90249,""alt"":305},""endLLA"":{""lat"":37.515965,""lon"":126.907756,""alt"":305},""targetSpeed"":51.4,""seq"":8}","{""phase"":""F"",""startLLA"":{""lat"":37.515965,""lon"":126.907756,""alt"":305},""endLLA"":{""lat"":37.494402,""lon"":126.937394,""alt"":305},""targetSpeed"":51.4,""seq"":9}","{""phase"":""G"",""startLLA"":{""lat"":37.494402,""lon"":126.937394,""alt"":305},""endLLA"":{""lat"":37.492877,""lon"":126.93949,""alt"":290.22},""targetSpeed"":36,""seq"":10}","{""phase"":""G"",""startLLA"":{""lat"":37.492877,""lon"":126.93949,""alt"":290.22},""endLLA"":{""lat"":37.479784,""lon"":126.972163,""alt"":100},""targetSpeed"":36,""seq"":11}","{""phase"":""I"",""startLLA"":{""lat"":37.479784,""lon"":126.972163,""alt"":100},""endLLA"":{""lat"":37.475767,""lon"":126.982185,""alt"":15},""targetSpeed"":30,""seq"":12}","{""phase"":""J"",""startLLA"":{""lat"":37.475767,""lon"":126.982185,""alt"":15},""endLLA"":{""lat"":37.475767,""lon"":126.982185,""alt"":0},""targetSpeed"":10,""seq"":13}","{""phase"":""K"",""startLLA"":{""lat"":37.475767,""lon"":126.982185,""alt"":0},""endLLA"":{""lat"":37.475767,""lon"":126.982185,""alt"":0},""targetSpeed"":3,""seq"":14}",,,,,,,
