scenario_id,scenario_date,fpl_id,aircraft_id,aircraft_type,capacity,passenger_count,load_factor,origin_vertiport_id,origin_vertiport,destination_vertiport_id,destination_vertiport,demand_hour,departure_gate_id,departure_fato_id,arrival_gate_id,arrival_fato_id,gate_out_time,takeoff_time,landing_time,gate_in_time,ready_time,gate_to_takeoff_sec,air_time_sec,landing_to_gate_sec,gate_to_gate_sec,departure_wait_sec,arrival_wait_sec,status,route_path,route_distance_km,segment_count,segment_001,segment_002,segment_003,segment_004,segment_005,segment_006,segment_007,segment_008,segment_009,segment_010,segment_011,segment_012,segment_013,segment_014,segment_015,segment_016,segment_017,segment_018,segment_019,segment_020,segment_021
b4a2894cba5c,2026-06-20,FPL0309001,UAM0017,a2,2,2,1,상암,상암,성수,성수,6,gate-1,fato-1,gate-4,fato-3,06:30:00,06:37:30,06:44:51,06:51:41,07:01:41,450,441.35,410,1301.35,0,0,ready,상암 > 선유도 17고지 > 서강대교 중간지점 > 63빌딩 > 상도터널 > 이수고가차로 > 주흥교 > 성수,18.6691,15,"{""phase"":""A"",""startLLA"":{""lat"":37.562282,""lon"":126.890156,""alt"":0},""endLLA"":{""lat"":37.562282,""lon"":126.890156,""alt"":0},""targetSpeed"":3,""seq"":1}","{""phase"":""B"",""startLLA"":{""lat"":37.562282,""lon"":126.890156,""alt"":0},""endLLA"":{""lat"":37.562282,""lon"":126.890156,""alt"":15},""targetSpeed"":10,""seq"":2}","{""phase"":""C"",""startLLA"":{""lat"":37.562282,""lon"":126.890156,""alt"":15},""endLLA"":{""lat"":37.55256,""lon"":126.896159,""alt"":100},""targetSpeed"":36,""seq"":3}","{""phase"":""E"",""startLLA"":{""lat"":37.55256,""lon"":126.896159,""alt"":100},""endLLA"":{""lat"":37.542307,""lon"":126.90249,""alt"":173.85},""targetSpeed"":51.4,""seq"":4}","{""phase"":""E"",""startLLA"":{""lat"":37.542307,""lon"":126.90249,""alt"":173.85},""endLLA"":{""lat"":37.536949,""lon"":126.924908,""alt"":293.95},""targetSpeed"":51.4,""seq"":5}","{""phase"":""E"",""startLLA"":{""lat"":37.536949,""lon"":126.924908,""alt"":293.95},""endLLA"":{""lat"":37.535544,""lon"":126.926131,""alt"":305},""targetSpeed"":51.4,""seq"":6}","{""phase"":""F"",""startLLA"":{""lat"":37.535544,""lon"":126.926131,""alt"":305},""endLLA"":{""lat"":37.519378,""lon"":126.94021,""alt"":305},""targetSpeed"":51.4,""seq"":7}","{""phase"":""F"",""startLLA"":{""lat"":37.519378,""lon"":126.94021,""alt"":305},""endLLA"":{""lat"":37.508684,""lon"":126.95211,""alt"":305},""targetSpeed"":51.4,""seq"":8}","{""phase"":""F"",""startLLA"":{""lat"":37.508684,""lon"":126.95211,""alt"":305},""endLLA"":{""lat"":37.497738,""lon"":126.983721,""alt"":305},""targetSpeed"":51.4,""seq"":9}","{""phase"":""F"",""startLLA"":{""lat"":37.497738,""lon"":126.983721,""alt"":305},""endLLA"":{""lat"":37.507423,""lon"":127.010353,""alt"":305},""targetSpeed"":51.4,""seq"":10}","{""phase"":""G"",""startLLA"":{""lat"":37.507423,""lon"":127.010353,""alt"":305},""endLLA"":{""lat"":37.509486,""lon"":127.016026,""alt"":272.98},""targetSpeed"":36,""seq"":11}","{""phase"":""G"",""startLLA"":{""lat"":37.509486,""lon"":127.016026,""alt"":272.98},""endLLA"":{""lat"":37.531493,""lon"":127.035175,""alt"":100},""targetSpeed"":36,""seq"":12}","{""phase"":""I"",""startLLA"":{""lat"":37.531493,""lon"":127.035175,""alt"":100},""endLLA"":{""lat"":37.538917,""lon"":127.041635,""alt"":15},""targetSpeed"":30,""seq"":13}","{""phase"":""J"",""startLLA"":{""lat"":37.538917,""lon"":127.041635,""alt"":15},""endLLA"":{""lat"":37.538917,""lon"":127.041635,""alt"":0},""targetSpeed"":10,""seq"":14}","{""phase"":""K"",""startLLA"":{""lat"":37.538917,""lon"":127.041635,""alt"":0},""endLLA"":{""lat"":37.538917,""lon"":127.041635,""alt"":0},""targetSpeed"":3,""seq"":15}",,,,,,
b4a2894cba5c,2026-06-20,FPL0302001,UAM0018,a2,2,2,1,상암,상암,잠실,잠실,6,gate-2,fato-2,gate-8,fato-4,06:30:00,06:38:10,06:47:29,06:54:19,07:04:19,490,559.65,410,1459.65,10,0,ready,상암 > 선유도 17고지 > 영등포 > 180고지 > 채석장 > 경부고속도로 양재천 다리 > 대치교 > 잠실,24.7496,15,"{""phase"":""A"",""startLLA"":{""lat"":37.562282,""lon"":126.890156,""alt"":0},""endLLA"":{""lat"":37.562282,""lon"":126.890156,""alt"":0},""targetSpeed"":3,""seq"":1}","{""phase"":""B"",""startLLA"":{""lat"":37.562282,""lon"":126.890156,""alt"":0},""endLLA"":{""lat"":37.562282,""lon"":126.890156,""alt"":15},""targetSpeed"":10,""seq"":2}","{""phase"":""C"",""startLLA"":{""lat"":37.562282,""lon"":126.890156,""alt"":15},""endLLA"":{""lat"":37.552558,""lon"":126.89616,""alt"":100},""targetSpeed"":36,""seq"":3}","{""phase"":""E"",""startLLA"":{""lat"":37.552558,""lon"":126.89616,""alt"":100},""endLLA"":{""lat"":37.542307,""lon"":126.90249,""alt"":173.82},""targetSpeed"":51.4,""seq"":4}","{""phase"":""E"",""startLLA"":{""lat"":37.542307,""lon"":126.90249,""alt"":173.82},""endLLA"":{""lat"":37.522274,""lon"":126.906495,""alt"":305},""targetSpeed"":51.4,""seq"":5}","{""phase"":""F"",""startLLA"":{""lat"":37.522274,""lon"":126.906495,""alt"":305},""endLLA"":{""lat"":37.515965,""lon"":126.907756,""alt"":305},""targetSpeed"":51.4,""seq"":6}","{""phase"":""F"",""startLLA"":{""lat"":37.515965,""lon"":126.907756,""alt"":305},""endLLA"":{""lat"":37.492877,""lon"":126.93949,""alt"":305},""targetSpeed"":51.4,""seq"":7}","{""phase"":""F"",""startLLA"":{""lat"":37.492877,""lon"":126.93949,""alt"":305},""endLLA"":{""lat"":37.471285,""lon"":126.985745,""alt"":305},""targetSpeed"":51.4,""seq"":8}","{""phase"":""F"",""startLLA"":{""lat"":37.471285,""lon"":126.985745,""alt"":305},""endLLA"":{""lat"":37.471593,""lon"":127.032031,""alt"":305},""targetSpeed"":51.4,""seq"":9}","{""phase"":""F"",""startLLA"":{""lat"":37.471593,""lon"":127.032031,""alt"":305},""endLLA"":{""lat"":37.483532,""lon"":127.051156,""alt"":305},""targetSpeed"":51.4,""seq"":10}","{""phase"":""G"",""startLLA"":{""lat"":37.483532,""lon"":127.051156,""alt"":305},""endLLA"":{""lat"":37.497702,""lon"":127.073855,""alt"":156.78},""targetSpeed"":36,""seq"":11}","{""phase"":""G"",""startLLA"":{""lat"":37.497702,""lon"":127.073855,""alt"":156.78},""endLLA"":{""lat"":37.506268,""lon"":127.071432,""alt"":100},""targetSpeed"":36,""seq"":12}","{""phase"":""I"",""startLLA"":{""lat"":37.506268,""lon"":127.071432,""alt"":100},""endLLA"":{""lat"":37.515071,""lon"":127.068942,""alt"":15},""targetSpeed"":30,""seq"":13}","{""phase"":""J"",""startLLA"":{""lat"":37.515071,""lon"":127.068942,""alt"":15},""endLLA"":{""lat"":37.515071,""lon"":127.068942,""alt"":0},""targetSpeed"":10,""seq"":14}","{""phase"":""K"",""startLLA"":{""lat"":37.515071,""lon"":127.068942,""alt"":0},""endLLA"":{""lat"":37.515071,""lon"":127.068942,""alt"":0},""targetSpeed"":3,""seq"":15}",,,,,,
b4a2894cba5c,2026-06-20,FPL0313001,UAM0019,a4,4,1,0.25,상암,상암,강남,강남,6,gate-3,fato-1,gate-3,fato-3,06:30:00,06:43:30,06:51:15,06:58:35,07:08:35,810,465.2,440,1715.2,300,94.28,ready,상암 > 선유도 17고지 > 서강대교 중간지점 > 63빌딩 > 상도터널 > 이수고가차로 > 강남,15.0491,14,"{""phase"":""A"",""startLLA"":{""lat"":37.562282,""lon"":126.890156,""alt"":0},""endLLA"":{""lat"":37.562282,""lon"":126.890156,""alt"":0},""targetSpeed"":3,""seq"":1}","{""phase"":""B"",""startLLA"":{""lat"":37.562282,""lon"":126.890156,""alt"":0},""endLLA"":{""lat"":37.562282,""lon"":126.890156,""alt"":15},""targetSpeed"":10,""seq"":2}","{""phase"":""C"",""startLLA"":{""lat"":37.562282,""lon"":126.890156,""alt"":15},""endLLA"":{""lat"":37.552559,""lon"":126.896159,""alt"":100},""targetSpeed"":36,""seq"":3}","{""phase"":""E"",""startLLA"":{""lat"":37.552559,""lon"":126.896159,""alt"":100},""endLLA"":{""lat"":37.542307,""lon"":126.90249,""alt"":173.84},""targetSpeed"":51.4,""seq"":4}","{""phase"":""E"",""startLLA"":{""lat"":37.542307,""lon"":126.90249,""alt"":173.84},""endLLA"":{""lat"":37.536949,""lon"":126.924908,""alt"":293.93},""targetSpeed"":51.4,""seq"":5}","{""phase"":""E"",""startLLA"":{""lat"":37.536949,""lon"":126.924908,""alt"":293.93},""endLLA"":{""lat"":37.535541,""lon"":126.926134,""alt"":305},""targetSpeed"":51.4,""seq"":6}","{""phase"":""F"",""startLLA"":{""lat"":37.535541,""lon"":126.926134,""alt"":305},""endLLA"":{""lat"":37.519378,""lon"":126.94021,""alt"":305},""targetSpeed"":51.4,""seq"":7}","{""phase"":""F"",""startLLA"":{""lat"":37.519378,""lon"":126.94021,""alt"":305},""endLLA"":{""lat"":37.508684,""lon"":126.95211,""alt"":305},""targetSpeed"":51.4,""seq"":8}","{""phase"":""F"",""startLLA"":{""lat"":37.508684,""lon"":126.95211,""alt"":305},""endLLA"":{""lat"":37.501448,""lon"":126.973006,""alt"":305},""targetSpeed"":51.4,""seq"":9}","{""phase"":""G"",""startLLA"":{""lat"":37.501448,""lon"":126.973006,""alt"":305},""endLLA"":{""lat"":37.497738,""lon"":126.983721,""alt"":245},""targetSpeed"":36,""seq"":10}","{""phase"":""G"",""startLLA"":{""lat"":37.497738,""lon"":126.983721,""alt"":245},""endLLA"":{""lat"":37.496706,""lon"":127.011945,""alt"":100},""targetSpeed"":36,""seq"":11}","{""phase"":""I"",""startLLA"":{""lat"":37.496706,""lon"":127.011945,""alt"":100},""endLLA"":{""lat"":37.496291,""lon"":127.023303,""alt"":15},""targetSpeed"":30,""seq"":12}","{""phase"":""J"",""startLLA"":{""lat"":37.496291,""lon"":127.023303,""alt"":15},""endLLA"":{""lat"":37.496291,""lon"":127.023303,""alt"":0},""targetSpeed"":10,""seq"":13}","{""phase"":""K"",""startLLA"":{""lat"":37.496291,""lon"":127.023303,""alt"":0},""endLLA"":{""lat"":37.496291,""lon"":127.023303,""alt"":0},""targetSpeed"":3,""seq"":14}",,,,,,,
b4a2894cba5c,2026-06-20,FPL0316001,UAM0020,a4,4,1,0.25,상암,상암,망우,망우,6,gate-4,fato-2,gate-1,fato-4,06:30:00,06:44:10,07:01:06,07:09:26,07:19:26,850,1016.65,500,2366.65,310,414.2,ready,상암 > 선유도 17고지 > 서강대교 중간지점 > 63빌딩 > 상도터널 > 이수고가차로 > 주흥교 > 성수대교 남단 > 왕십리역 > 청량리 > 망우,26.9495,18,"{""phase"":""A"",""startLLA"":{""lat"":37.562282,""lon"":126.890156,""alt"":0},""endLLA"":{""lat"":37.562282,""lon"":126.890156,""alt"":0},""targetSpeed"":3,""seq"":1}","{""phase"":""B"",""startLLA"":{""lat"":37.562282,""lon"":126.890156,""alt"":0},""endLLA"":{""lat"":37.562282,""lon"":126.890156,""alt"":15},""targetSpeed"":10,""seq"":2}","{""phase"":""C"",""startLLA"":{""lat"":37.562282,""lon"":126.890156,""alt"":15},""endLLA"":{""lat"":37.552561,""lon"":126.896158,""alt"":100},""targetSpeed"":36,""seq"":3}","{""phase"":""E"",""startLLA"":{""lat"":37.552561,""lon"":126.896158,""alt"":100},""endLLA"":{""lat"":37.542307,""lon"":126.90249,""alt"":173.87},""targetSpeed"":51.4,""seq"":4}","{""phase"":""E"",""startLLA"":{""lat"":37.542307,""lon"":126.90249,""alt"":173.87},""endLLA"":{""lat"":37.536949,""lon"":126.924908,""alt"":293.99},""targetSpeed"":51.4,""seq"":5}","{""phase"":""E"",""startLLA"":{""lat"":37.536949,""lon"":126.924908,""alt"":293.99},""endLLA"":{""lat"":37.535549,""lon"":126.926127,""alt"":305},""targetSpeed"":51.4,""seq"":6}","{""phase"":""F"",""startLLA"":{""lat"":37.535549,""lon"":126.926127,""alt"":305},""endLLA"":{""lat"":37.519378,""lon"":126.94021,""alt"":305},""targetSpeed"":51.4,""seq"":7}","{""phase"":""F"",""startLLA"":{""lat"":37.519378,""lon"":126.94021,""alt"":305},""endLLA"":{""lat"":37.508684,""lon"":126.95211,""alt"":305},""targetSpeed"":51.4,""seq"":8}","{""phase"":""F"",""startLLA"":{""lat"":37.508684,""lon"":126.95211,""alt"":305},""endLLA"":{""lat"":37.497738,""lon"":126.983721,""alt"":305},""targetSpeed"":51.4,""seq"":9}","{""phase"":""F"",""startLLA"":{""lat"":37.497738,""lon"":126.983721,""alt"":305},""endLLA"":{""lat"":37.509486,""lon"":127.016026,""alt"":305},""targetSpeed"":51.4,""seq"":10}","{""phase"":""F"",""startLLA"":{""lat"":37.509486,""lon"":127.016026,""alt"":305},""endLLA"":{""lat"":37.53537,""lon"":127.034503,""alt"":305},""targetSpeed"":51.4,""seq"":11}","{""phase"":""F"",""startLLA"":{""lat"":37.53537,""lon"":127.034503,""alt"":305},""endLLA"":{""lat"":37.561925,""lon"":127.038491,""alt"":305},""targetSpeed"":51.4,""seq"":12}","{""phase"":""F"",""startLLA"":{""lat"":37.561925,""lon"":127.038491,""alt"":305},""endLLA"":{""lat"":37.573839,""lon"":127.044841,""alt"":305},""targetSpeed"":51.4,""seq"":13}","{""phase"":""G"",""startLLA"":{""lat"":37.573839,""lon"":127.044841,""alt"":305},""endLLA"":{""lat"":37.581542,""lon"":127.048947,""alt"":250.9},""targetSpeed"":36,""seq"":14}","{""phase"":""G"",""startLLA"":{""lat"":37.581542,""lon"":127.048947,""alt"":250.9},""endLLA"":{""lat"":37.592631,""lon"":127.074841,""alt"":100},""targetSpeed"":36,""seq"":15}","{""phase"":""I"",""startLLA"":{""lat"":37.592631,""lon"":127.074841,""alt"":100},""endLLA"":{""lat"":37.596919,""lon"":127.084854,""alt"":15},""targetSpeed"":30,""seq"":16}","{""phase"":""J"",""startLLA"":{""lat"":37.596919,""lon"":127.084854,""alt"":15},""endLLA"":{""lat"":37.596919,""lon"":127.084854,""alt"":0},""targetSpeed"":10,""seq"":17}","{""phase"":""K"",""startLLA"":{""lat"":37.596919,""lon"":127.084854,""alt"":0},""endLLA"":{""lat"":37.596919,""lon"":127.084854,""alt"":0},""targetSpeed"":3,""seq"":18}",,,
b4a2894cba5c,2026-06-20,FPL0306001,UAM0021,a6,6,1,0.1667,상암,상암,미아,미아,6,gate-5,fato-1,gate-4,fato-3,06:30:00,06:49:30,07:01:06,07:07:56,07:17:56,1170,696.06,410,2276.06,720,0,ready,상암 > 선유도 17고지 > 서강대교 중간지점 > 63빌딩 > 상도터널 > 이수고가차로 > 주흥교 > 성수대교 남단 > 왕십리역 > 청량리 > 신설동역 > 미아,31.761,19,"{""phase"":""A"",""startLLA"":{""lat"":37.562282,""lon"":126.890156,""alt"":0},""endLLA"":{""lat"":37.562282,""lon"":126.890156,""alt"":0},""targetSpeed"":3,""seq"":1}","{""phase"":""B"",""startLLA"":{""lat"":37.562282,""lon"":126.890156,""alt"":0},""endLLA"":{""lat"":37.562282,""lon"":126.890156,""alt"":15},""targetSpeed"":10,""seq"":2}","{""phase"":""C"",""startLLA"":{""lat"":37.562282,""lon"":126.890156,""alt"":15},""endLLA"":{""lat"":37.552561,""lon"":126.896158,""alt"":100},""targetSpeed"":36,""seq"":3}","{""phase"":""E"",""startLLA"":{""lat"":37.552561,""lon"":126.896158,""alt"":100},""endLLA"":{""lat"":37.542307,""lon"":126.90249,""alt"":173.87},""targetSpeed"":51.4,""seq"":4}","{""phase"":""E"",""startLLA"":{""lat"":37.542307,""lon"":126.90249,""alt"":173.87},""endLLA"":{""lat"":37.536949,""lon"":126.924908,""alt"":293.99},""targetSpeed"":51.4,""seq"":5}","{""phase"":""E"",""startLLA"":{""lat"":37.536949,""lon"":126.924908,""alt"":293.99},""endLLA"":{""lat"":37.535548,""lon"":126.926128,""alt"":305},""targetSpeed"":51.4,""seq"":6}","{""phase"":""F"",""startLLA"":{""lat"":37.535548,""lon"":126.926128,""alt"":305},""endLLA"":{""lat"":37.519378,""lon"":126.94021,""alt"":305},""targetSpeed"":51.4,""seq"":7}","{""phase"":""F"",""startLLA"":{""lat"":37.519378,""lon"":126.94021,""alt"":305},""endLLA"":{""lat"":37.508684,""lon"":126.95211,""alt"":305},""targetSpeed"":51.4,""seq"":8}","{""phase"":""F"",""startLLA"":{""lat"":37.508684,""lon"":126.95211,""alt"":305},""endLLA"":{""lat"":37.497738,""lon"":126.983721,""alt"":305},""targetSpeed"":51.4,""seq"":9}","{""phase"":""F"",""startLLA"":{""lat"":37.497738,""lon"":126.983721,""alt"":305},""endLLA"":{""lat"":37.509486,""lon"":127.016026,""alt"":305},""targetSpeed"":51.4,""seq"":10}","{""phase"":""F"",""startLLA"":{""lat"":37.509486,""lon"":127.016026,""alt"":305},""endLLA"":{""lat"":37.53537,""lon"":127.034503,""alt"":305},""targetSpeed"":51.4,""seq"":11}","{""phase"":""F"",""startLLA"":{""lat"":37.53537,""lon"":127.034503,""alt"":305},""endLLA"":{""lat"":37.561925,""lon"":127.038491,""alt"":305},""targetSpeed"":51.4,""seq"":12}","{""phase"":""F"",""startLLA"":{""lat"":37.561925,""lon"":127.038491,""alt"":305},""endLLA"":{""lat"":37.581542,""lon"":127.048947,""alt"":305},""targetSpeed"":51.4,""seq"":13}","{""phase"":""F"",""startLLA"":{""lat"":37.581542,""lon"":127.048947,""alt"":305},""endLLA"":{""lat"":37.575658,""lon"":127.02353,""alt"":305},""targetSpeed"":51.4,""seq"":14}","{""phase"":""F"",""startLLA"":{""lat"":37.575658,""lon"":127.02353,""alt"":305},""endLLA"":{""lat"":37.58953,""lon"":127.024172,""alt"":305},""targetSpeed"":51.4,""seq"":15}","{""phase"":""G"",""startLLA"":{""lat"":37.58953,""lon"":127.024172,""alt"":305},""endLLA"":{""lat"":37.621194,""lon"":127.025636,""alt"":100},""targetSpeed"":36,""seq"":16}","{""phase"":""I"",""startLLA"":{""lat"":37.621194,""lon"":127.025636,""alt"":100},""endLLA"":{""lat"":37.630207,""lon"":127.026053,""alt"":15},""targetSpeed"":30,""seq"":17}","{""phase"":""J"",""startLLA"":{""lat"":37.630207,""lon"":127.026053,""alt"":15},""endLLA"":{""lat"":37.630207,""lon"":127.026053,""alt"":0},""targetSpeed"":10,""seq"":18}","{""phase"":""K"",""startLLA"":{""lat"":37.630207,""lon"":127.026053,""alt"":0},""endLLA"":{""lat"":37.630207,""lon"":127.026053,""alt"":0},""targetSpeed"":3,""seq"":19}",,
b4a2894cba5c,2026-06-20,FPL0308001,UAM0022,a6,6,1,0.1667,상암,상암,사당,사당,6,gate-6,fato-2,gate-3,fato-4,06:30:00,06:50:10,06:55:50,07:03:10,07:13:10,1210,340.18,440,1990.18,730,0,ready,상암 > 선유도 17고지 > 영등포 > 180고지 > 사당,13.4688,12,"{""phase"":""A"",""startLLA"":{""lat"":37.562282,""lon"":126.890156,""alt"":0},""endLLA"":{""lat"":37.562282,""lon"":126.890156,""alt"":0},""targetSpeed"":3,""seq"":1}","{""phase"":""B"",""startLLA"":{""lat"":37.562282,""lon"":126.890156,""alt"":0},""endLLA"":{""lat"":37.562282,""lon"":126.890156,""alt"":15},""targetSpeed"":10,""seq"":2}","{""phase"":""C"",""startLLA"":{""lat"":37.562282,""lon"":126.890156,""alt"":15},""endLLA"":{""lat"":37.552559,""lon"":126.896159,""alt"":100},""targetSpeed"":36,""seq"":3}","{""phase"":""E"",""startLLA"":{""lat"":37.552559,""lon"":126.896159,""alt"":100},""endLLA"":{""lat"":37.542307,""lon"":126.90249,""alt"":173.84},""targetSpeed"":51.4,""seq"":4}","{""phase"":""E"",""startLLA"":{""lat"":37.542307,""lon"":126.90249,""alt"":173.84},""endLLA"":{""lat"":37.52228,""lon"":126.906494,""alt"":305},""targetSpeed"":51.4,""seq"":5}","{""phase"":""F"",""startLLA"":{""lat"":37.52228,""lon"":126.906494,""alt"":305},""endLLA"":{""lat"":37.515965,""lon"":126.907756,""alt"":305},""targetSpeed"":51.4,""seq"":6}","{""phase"":""F"",""startLLA"":{""lat"":37.515965,""lon"":126.907756,""alt"":305},""endLLA"":{""lat"":37.494741,""lon"":126.936928,""alt"":305},""targetSpeed"":51.4,""seq"":7}","{""phase"":""G"",""startLLA"":{""lat"":37.494741,""lon"":126.936928,""alt"":305},""endLLA"":{""lat"":37.492877,""lon"":126.93949,""alt"":287.16},""targetSpeed"":36,""seq"":8}","{""phase"":""G"",""startLLA"":{""lat"":37.492877,""lon"":126.93949,""alt"":287.16},""endLLA"":{""lat"":37.479834,""lon"":126.972037,""alt"":100},""targetSpeed"":36,""seq"":9}","{""phase"":""I"",""startLLA"":{""lat"":37.479834,""lon"":126.972037,""alt"":100},""endLLA"":{""lat"":37.475767,""lon"":126.982185,""alt"":15},""targetSpeed"":30,""seq"":10}","{""phase"":""J"",""startLLA"":{""lat"":37.475767,""lon"":126.982185,""alt"":15},""endLLA"":{""lat"":37.475767,""lon"":126.982185,""alt"":0},""targetSpeed"":10,""seq"":11}","{""phase"":""K"",""startLLA"":{""lat"":37.475767,""lon"":126.982185,""alt"":0},""endLLA"":{""lat"":37.475767,""lon"":126.982185,""alt"":0},""targetSpeed"":3,""seq"":12}",,,,,,,,,
b4a2894cba5c,2026-06-20,FPL0317001,UAM0023,a8,8,1,0.125,상암,상암,수서,수서,6,gate-7,fato-1,gate-6,fato-4,06:30:00,06:55:30,07:08:33,07:16:23,07:26:23,1530,783.05,470,2783.05,1020,230.71,ready,상암 > 선유도 17고지 > 영등포 > 180고지 > 채석장 > 경부고속도로 양재천 다리 > 수서,24.374,14,"{""phase"":""A"",""startLLA"":{""lat"":37.562282,""lon"":126.890156,""alt"":0},""endLLA"":{""lat"":37.562282,""lon"":126.890156,""alt"":0},""targetSpeed"":3,""seq"":1}","{""phase"":""B"",""startLLA"":{""lat"":37.562282,""lon"":126.890156,""alt"":0},""endLLA"":{""lat"":37.562282,""lon"":126.890156,""alt"":15},""targetSpeed"":10,""seq"":2}","{""phase"":""C"",""startLLA"":{""lat"":37.562282,""lon"":126.890156,""alt"":15},""endLLA"":{""lat"":37.552557,""lon"":126.896161,""alt"":100},""targetSpeed"":36,""seq"":3}","{""phase"":""E"",""startLLA"":{""lat"":37.552557,""lon"":126.896161,""alt"":100},""endLLA"":{""lat"":37.542307,""lon"":126.90249,""alt"":173.8},""targetSpeed"":51.4,""seq"":4}","{""phase"":""E"",""startLLA"":{""lat"":37.542307,""lon"":126.90249,""alt"":173.8},""endLLA"":{""lat"":37.52227,""lon"":126.906496,""alt"":305},""targetSpeed"":51.4,""seq"":5}","{""phase"":""F"",""startLLA"":{""lat"":37.52227,""lon"":126.906496,""alt"":305},""endLLA"":{""lat"":37.515965,""lon"":126.907756,""alt"":305},""targetSpeed"":51.4,""seq"":6}","{""phase"":""F"",""startLLA"":{""lat"":37.515965,""lon"":126.907756,""alt"":305},""endLLA"":{""lat"":37.492877,""lon"":126.93949,""alt"":305},""targetSpeed"":51.4,""seq"":7}","{""phase"":""F"",""startLLA"":{""lat"":37.492877,""lon"":126.93949,""alt"":305},""endLLA"":{""lat"":37.471285,""lon"":126.985745,""alt"":305},""targetSpeed"":51.4,""seq"":8}","{""phase"":""F"",""startLLA"":{""lat"":37.471285,""lon"":126.985745,""alt"":305},""endLLA"":{""lat"":37.471593,""lon"":127.032031,""alt"":305},""targetSpeed"":51.4,""seq"":9}","{""phase"":""F"",""startLLA"":{""lat"":37.471593,""lon"":127.032031,""alt"":305},""endLLA"":{""lat"":37.476054,""lon"":127.051334,""alt"":305},""targetSpeed"":51.4,""seq"":10}","{""phase"":""G"",""startLLA"":{""lat"":37.476054,""lon"":127.051334,""alt"":305},""endLLA"":{""lat"":37.484918,""lon"":127.089686,""alt"":100},""targetSpeed"":36,""seq"":11}","{""phase"":""I"",""startLLA"":{""lat"":37.484918,""lon"":127.089686,""alt"":100},""endLLA"":{""lat"":37.487441,""lon"":127.100603,""alt"":15},""targetSpeed"":30,""seq"":12}","{""phase"":""J"",""startLLA"":{""lat"":37.487441,""lon"":127.100603,""alt"":15},""endLLA"":{""lat"":37.487441,""lon"":127.100603,""alt"":0},""targetSpeed"":10,""seq"":13}","{""phase"":""K"",""startLLA"":{""lat"":37.487441,""lon"":127.100603,""alt"":0},""endLLA"":{""lat"":37.487441,""lon"":127.100603,""alt"":0},""targetSpeed"":3,""seq"":14}",,,,,,,
b4a2894cba5c,2026-06-20,FPL0311001,UAM0024,a8,8,1,0.125,상암,상암,천호,천호,6,gate-8,fato-2,gate-3,fato-3,06:30:00,06:56:10,07:08:16,07:15:36,07:25:36,1570,726.48,440,2736.48,1030,86.48,ready,상암 > 선유도 17고지 > 서강대교 중간지점 > 63빌딩 > 상도터널 > 이수고가차로 > 주흥교 > 성수대교 남단 > 청담대교 중간지점 > 잠실대교 중간지점 > 천호,26.6459,18,"{""phase"":""A"",""startLLA"":{""lat"":37.562282,""lon"":126.890156,""alt"":0},""endLLA"":{""lat"":37.562282,""lon"":126.890156,""alt"":0},""targetSpeed"":3,""seq"":1}","{""phase"":""B"",""startLLA"":{""lat"":37.562282,""lon"":126.890156,""alt"":0},""endLLA"":{""lat"":37.562282,""lon"":126.890156,""alt"":15},""targetSpeed"":10,""seq"":2}","{""phase"":""C"",""startLLA"":{""lat"":37.562282,""lon"":126.890156,""alt"":15},""endLLA"":{""lat"":37.55256,""lon"":126.896159,""alt"":100},""targetSpeed"":36,""seq"":3}","{""phase"":""E"",""startLLA"":{""lat"":37.55256,""lon"":126.896159,""alt"":100},""endLLA"":{""lat"":37.542307,""lon"":126.90249,""alt"":173.85},""targetSpeed"":51.4,""seq"":4}","{""phase"":""E"",""startLLA"":{""lat"":37.542307,""lon"":126.90249,""alt"":173.85},""endLLA"":{""lat"":37.536949,""lon"":126.924908,""alt"":293.96},""targetSpeed"":51.4,""seq"":5}","{""phase"":""E"",""startLLA"":{""lat"":37.536949,""lon"":126.924908,""alt"":293.96},""endLLA"":{""lat"":37.535545,""lon"":126.926131,""alt"":305},""targetSpeed"":51.4,""seq"":6}","{""phase"":""F"",""startLLA"":{""lat"":37.535545,""lon"":126.926131,""alt"":305},""endLLA"":{""lat"":37.519378,""lon"":126.94021,""alt"":305},""targetSpeed"":51.4,""seq"":7}","{""phase"":""F"",""startLLA"":{""lat"":37.519378,""lon"":126.94021,""alt"":305},""endLLA"":{""lat"":37.508684,""lon"":126.95211,""alt"":305},""targetSpeed"":51.4,""seq"":8}","{""phase"":""F"",""startLLA"":{""lat"":37.508684,""lon"":126.95211,""alt"":305},""endLLA"":{""lat"":37.497738,""lon"":126.983721,""alt"":305},""targetSpeed"":51.4,""seq"":9}","{""phase"":""F"",""startLLA"":{""lat"":37.497738,""lon"":126.983721,""alt"":305},""endLLA"":{""lat"":37.509486,""lon"":127.016026,""alt"":305},""targetSpeed"":51.4,""seq"":10}","{""phase"":""F"",""startLLA"":{""lat"":37.509486,""lon"":127.016026,""alt"":305},""endLLA"":{""lat"":37.53537,""lon"":127.034503,""alt"":305},""targetSpeed"":51.4,""seq"":11}","{""phase"":""F"",""startLLA"":{""lat"":37.53537,""lon"":127.034503,""alt"":305},""endLLA"":{""lat"":37.526451,""lon"":127.064361,""alt"":305},""targetSpeed"":51.4,""seq"":12}","{""phase"":""F"",""startLLA"":{""lat"":37.526451,""lon"":127.064361,""alt"":305},""endLLA"":{""lat"":37.52529,""lon"":127.079002,""alt"":305},""targetSpeed"":51.4,""seq"":13}","{""phase"":""G"",""startLLA"":{""lat"":37.52529,""lon"":127.079002,""alt"":305},""endLLA"":{""lat"":37.524288,""lon"":127.091639,""alt"":239.84},""targetSpeed"":36,""seq"":14}","{""phase"":""G"",""startLLA"":{""lat"":37.524288,""lon"":127.091639,""alt"":239.84},""endLLA"":{""lat"":37.539419,""lon"":127.111107,""alt"":100},""targetSpeed"":36,""seq"":15}","{""phase"":""I"",""startLLA"":{""lat"":37.539419,""lon"":127.111107,""alt"":100},""endLLA"":{""lat"":37.545733,""lon"":127.11923,""alt"":15},""targetSpeed"":30,""seq"":16}","{""phase"":""J"",""startLLA"":{""lat"":37.545733,""lon"":127.11923,""alt"":15},""endLLA"":{""lat"":37.545733,""lon"":127.11923,""alt"":0},""targetSpeed"":10,""seq"":17}","{""phase"":""K"",""startLLA"":{""lat"":37.545733,""lon"":127.11923,""alt"":0},""endLLA"":{""lat"":37.545733,""lon"":127.11923,""alt"":0},""targetSpeed"":3,""seq"":18}",,,
b4a2894cba5c,2026-06-20,FPL0311002,UAM0070,a6,6,5,0.8333,상암,상암,천호,천호,7,gate-4,fato-1,gate-1,fato-3,07:14:22,07:23:22,07:37:16,07:45:36,07:55:36,540,834.48,500,1874.48,0,28.48,ready,상암 > 선유도 17고지 > 서강대교 중간지점 > 63빌딩 > 상도터널 > 이수고가차로 > 주흥교 > 성수대교 남단 > 청담대교 중간지점 > 잠실대교 중간지점 > 천호,26.6459,18,"{""phase"":""A"",""startLLA"":{""lat"":37.562282,""lon"":126.890156,""alt"":0},""endLLA"":{""lat"":37.562282,""lon"":126.890156,""alt"":0},""targetSpeed"":3,""seq"":1}","{""phase"":""B"",""startLLA"":{""lat"":37.562282,""lon"":126.890156,""alt"":0},""endLLA"":{""lat"":37.562282,""lon"":126.890156,""alt"":15},""targetSpeed"":10,""seq"":2}","{""phase"":""C"",""startLLA"":{""lat"":37.562282,""lon"":126.890156,""alt"":15},""endLLA"":{""lat"":37.55256,""lon"":126.896159,""alt"":100},""targetSpeed"":36,""seq"":3}","{""phase"":""E"",""startLLA"":{""lat"":37.55256,""lon"":126.896159,""alt"":100},""endLLA"":{""lat"":37.542307,""lon"":126.90249,""alt"":173.85},""targetSpeed"":51.4,""seq"":4}","{""phase"":""E"",""startLLA"":{""lat"":37.542307,""lon"":126.90249,""alt"":173.85},""endLLA"":{""lat"":37.536949,""lon"":126.924908,""alt"":293.96},""targetSpeed"":51.4,""seq"":5}","{""phase"":""E"",""startLLA"":{""lat"":37.536949,""lon"":126.924908,""alt"":293.96},""endLLA"":{""lat"":37.535545,""lon"":126.926131,""alt"":305},""targetSpeed"":51.4,""seq"":6}","{""phase"":""F"",""startLLA"":{""lat"":37.535545,""lon"":126.926131,""alt"":305},""endLLA"":{""lat"":37.519378,""lon"":126.94021,""alt"":305},""targetSpeed"":51.4,""seq"":7}","{""phase"":""F"",""startLLA"":{""lat"":37.519378,""lon"":126.94021,""alt"":305},""endLLA"":{""lat"":37.508684,""lon"":126.95211,""alt"":305},""targetSpeed"":51.4,""seq"":8}","{""phase"":""F"",""startLLA"":{""lat"":37.508684,""lon"":126.95211,""alt"":305},""endLLA"":{""lat"":37.497738,""lon"":126.983721,""alt"":305},""targetSpeed"":51.4,""seq"":9}","{""phase"":""F"",""startLLA"":{""lat"":37.497738,""lon"":126.983721,""alt"":305},""endLLA"":{""lat"":37.509486,""lon"":127.016026,""alt"":305},""targetSpeed"":51.4,""seq"":10}","{""phase"":""F"",""startLLA"":{""lat"":37.509486,""lon"":127.016026,""alt"":305},""endLLA"":{""lat"":37.53537,""lon"":127.034503,""alt"":305},""targetSpeed"":51.4,""seq"":11}","{""phase"":""F"",""startLLA"":{""lat"":37.53537,""lon"":127.034503,""alt"":305},""endLLA"":{""lat"":37.526451,""lon"":127.064361,""alt"":305},""targetSpeed"":51.4,""seq"":12}","{""phase"":""F"",""startLLA"":{""lat"":37.526451,""lon"":127.064361,""alt"":305},""endLLA"":{""lat"":37.52529,""lon"":127.079002,""alt"":305},""targetSpeed"":51.4,""seq"":13}","{""phase"":""G"",""startLLA"":{""lat"":37.52529,""lon"":127.079002,""alt"":305},""endLLA"":{""lat"":37.524288,""lon"":127.091639,""alt"":239.84},""targetSpeed"":36,""seq"":14}","{""phase"":""G"",""startLLA"":{""lat"":37.524288,""lon"":127.091639,""alt"":239.84},""endLLA"":{""lat"":37.539419,""lon"":127.111107,""alt"":100},""targetSpeed"":36,""seq"":15}","{""phase"":""I"",""startLLA"":{""lat"":37.539419,""lon"":127.111107,""alt"":100},""endLLA"":{""lat"":37.545733,""lon"":127.11923,""alt"":15},""targetSpeed"":30,""seq"":16}","{""phase"":""J"",""startLLA"":{""lat"":37.545733,""lon"":127.11923,""alt"":15},""endLLA"":{""lat"":37.545733,""lon"":127.11923,""alt"":0},""targetSpeed"":10,""seq"":17}","{""phase"":""K"",""startLLA"":{""lat"":37.545733,""lon"":127.11923,""alt"":0},""endLLA"":{""lat"":37.545733,""lon"":127.11923,""alt"":0},""targetSpeed"":3,""seq"":18}",,,
b4a2894cba5c,2026-06-20,FPL0313002,UAM0064,a8,8,4,0.5,상암,상암,강남,강남,7,gate-8,fato-2,gate-4,fato-3,07:18:41,07:27:41,07:41:10,07:48:00,07:58:00,540,809.92,410,1759.92,0,118.92,ready,상암 > 선유도 17고지 > 서강대교 중간지점 > 63빌딩 > 상도터널 > 이수고가차로 > 강남,15.0491,14,"{""phase"":""A"",""startLLA"":{""lat"":37.562282,""lon"":126.890156,""alt"":0},""endLLA"":{""lat"":37.562282,""lon"":126.890156,""alt"":0},""targetSpeed"":3,""seq"":1}","{""phase"":""B"",""startLLA"":{""lat"":37.562282,""lon"":126.890156,""alt"":0},""endLLA"":{""lat"":37.562282,""lon"":126.890156,""alt"":15},""targetSpeed"":10,""seq"":2}","{""phase"":""C"",""startLLA"":{""lat"":37.562282,""lon"":126.890156,""alt"":15},""endLLA"":{""lat"":37.552559,""lon"":126.896159,""alt"":100},""targetSpeed"":36,""seq"":3}","{""phase"":""E"",""startLLA"":{""lat"":37.552559,""lon"":126.896159,""alt"":100},""endLLA"":{""lat"":37.542307,""lon"":126.90249,""alt"":173.84},""targetSpeed"":51.4,""seq"":4}","{""phase"":""E"",""startLLA"":{""lat"":37.542307,""lon"":126.90249,""alt"":173.84},""endLLA"":{""lat"":37.536949,""lon"":126.924908,""alt"":293.93},""targetSpeed"":51.4,""seq"":5}","{""phase"":""E"",""startLLA"":{""lat"":37.536949,""lon"":126.924908,""alt"":293.93},""endLLA"":{""lat"":37.535541,""lon"":126.926134,""alt"":305},""targetSpeed"":51.4,""seq"":6}","{""phase"":""F"",""startLLA"":{""lat"":37.535541,""lon"":126.926134,""alt"":305},""endLLA"":{""lat"":37.519378,""lon"":126.94021,""alt"":305},""targetSpeed"":51.4,""seq"":7}","{""phase"":""F"",""startLLA"":{""lat"":37.519378,""lon"":126.94021,""alt"":305},""endLLA"":{""lat"":37.508684,""lon"":126.95211,""alt"":305},""targetSpeed"":51.4,""seq"":8}","{""phase"":""F"",""startLLA"":{""lat"":37.508684,""lon"":126.95211,""alt"":305},""endLLA"":{""lat"":37.501448,""lon"":126.973006,""alt"":305},""targetSpeed"":51.4,""seq"":9}","{""phase"":""G"",""startLLA"":{""lat"":37.501448,""lon"":126.973006,""alt"":305},""endLLA"":{""lat"":37.497738,""lon"":126.983721,""alt"":245},""targetSpeed"":36,""seq"":10}","{""phase"":""G"",""startLLA"":{""lat"":37.497738,""lon"":126.983721,""alt"":245},""endLLA"":{""lat"":37.496706,""lon"":127.011945,""alt"":100},""targetSpeed"":36,""seq"":11}","{""phase"":""I"",""startLLA"":{""lat"":37.496706,""lon"":127.011945,""alt"":100},""endLLA"":{""lat"":37.496291,""lon"":127.023303,""alt"":15},""targetSpeed"":30,""seq"":12}","{""phase"":""J"",""startLLA"":{""lat"":37.496291,""lon"":127.023303,""alt"":15},""endLLA"":{""lat"":37.496291,""lon"":127.023303,""alt"":0},""targetSpeed"":10,""seq"":13}","{""phase"":""K"",""startLLA"":{""lat"":37.496291,""lon"":127.023303,""alt"":0},""endLLA"":{""lat"":37.496291,""lon"":127.023303,""alt"":0},""targetSpeed"":3,""seq"":14}",,,,,,,
b4a2894cba5c,2026-06-20,FPL0316002,UAM0016,a8,8,4,0.5,상암,상암,망우,망우,7,gate-3,fato-1,gate-4,fato-3,07:22:50,07:31:20,07:44:24,07:51:14,08:01:14,510,784.32,410,1704.32,0,181.87,ready,상암 > 선유도 17고지 > 서강대교 중간지점 > 63빌딩 > 상도터널 > 이수고가차로 > 주흥교 > 성수대교 남단 > 왕십리역 > 청량리 > 망우,26.9495,18,"{""phase"":""A"",""startLLA"":{""lat"":37.562282,""lon"":126.890156,""alt"":0},""endLLA"":{""lat"":37.562282,""lon"":126.890156,""alt"":0},""targetSpeed"":3,""seq"":1}","{""phase"":""B"",""startLLA"":{""lat"":37.562282,""lon"":126.890156,""alt"":0},""endLLA"":{""lat"":37.562282,""lon"":126.890156,""alt"":15},""targetSpeed"":10,""seq"":2}","{""phase"":""C"",""startLLA"":{""lat"":37.562282,""lon"":126.890156,""alt"":15},""endLLA"":{""lat"":37.552561,""lon"":126.896158,""alt"":100},""targetSpeed"":36,""seq"":3}","{""phase"":""E"",""startLLA"":{""lat"":37.552561,""lon"":126.896158,""alt"":100},""endLLA"":{""lat"":37.542307,""lon"":126.90249,""alt"":173.87},""targetSpeed"":51.4,""seq"":4}","{""phase"":""E"",""startLLA"":{""lat"":37.542307,""lon"":126.90249,""alt"":173.87},""endLLA"":{""lat"":37.536949,""lon"":126.924908,""alt"":293.99},""targetSpeed"":51.4,""seq"":5}","{""phase"":""E"",""startLLA"":{""lat"":37.536949,""lon"":126.924908,""alt"":293.99},""endLLA"":{""lat"":37.535549,""lon"":126.926127,""alt"":305},""targetSpeed"":51.4,""seq"":6}","{""phase"":""F"",""startLLA"":{""lat"":37.535549,""lon"":126.926127,""alt"":305},""endLLA"":{""lat"":37.519378,""lon"":126.94021,""alt"":305},""targetSpeed"":51.4,""seq"":7}","{""phase"":""F"",""startLLA"":{""lat"":37.519378,""lon"":126.94021,""alt"":305},""endLLA"":{""lat"":37.508684,""lon"":126.95211,""alt"":305},""targetSpeed"":51.4,""seq"":8}","{""phase"":""F"",""startLLA"":{""lat"":37.508684,""lon"":126.95211,""alt"":305},""endLLA"":{""lat"":37.497738,""lon"":126.983721,""alt"":305},""targetSpeed"":51.4,""seq"":9}","{""phase"":""F"",""startLLA"":{""lat"":37.497738,""lon"":126.983721,""alt"":305},""endLLA"":{""lat"":37.509486,""lon"":127.016026,""alt"":305},""targetSpeed"":51.4,""seq"":10}","{""phase"":""F"",""startLLA"":{""lat"":37.509486,""lon"":127.016026,""alt"":305},""endLLA"":{""lat"":37.53537,""lon"":127.034503,""alt"":305},""targetSpeed"":51.4,""seq"":11}","{""phase"":""F"",""startLLA"":{""lat"":37.53537,""lon"":127.034503,""alt"":305},""endLLA"":{""lat"":37.561925,""lon"":127.038491,""alt"":305},""targetSpeed"":51.4,""seq"":12}","{""phase"":""F"",""startLLA"":{""lat"":37.561925,""lon"":127.038491,""alt"":305},""endLLA"":{""lat"":37.573839,""lon"":127.044841,""alt"":305},""targetSpeed"":51.4,""seq"":13}","{""phase"":""G"",""startLLA"":{""lat"":37.573839,""lon"":127.044841,""alt"":305},""endLLA"":{""lat"":37.581542,""lon"":127.048947,""alt"":250.9},""targetSpeed"":36,""seq"":14}","{""phase"":""G"",""startLLA"":{""lat"":37.581542,""lon"":127.048947,""alt"":250.9},""endLLA"":{""lat"":37.592631,""lon"":127.074841,""alt"":100},""targetSpeed"":36,""seq"":15}","{""phase"":""I"",""startLLA"":{""lat"":37.592631,""lon"":127.074841,""alt"":100},""endLLA"":{""lat"":37.596919,""lon"":127.084854,""alt"":15},""targetSpeed"":30,""seq"":16}","{""phase"":""J"",""startLLA"":{""lat"":37.596919,""lon"":127.084854,""alt"":15},""endLLA"":{""lat"":37.596919,""lon"":127.084854,""alt"":0},""targetSpeed"":10,""seq"":17}","{""phase"":""K"",""startLLA"":{""lat"":37.596919,""lon"":127.084854,""alt"":0},""endLLA"":{""lat"":37.596919,""lon"":127.084854,""alt"":0},""targetSpeed"":3,""seq"":18}",,,
b4a2894cba5c,2026-06-20,FPL0306002,UAM0127,a8,8,2,0.25,상암,상암,미아,미아,7,gate-7,fato-2,gate-4,fato-3,07:24:01,07:33:41,07:45:17,07:52:07,08:02:07,580,696.06,410,1686.06,70,0,ready,상암 > 선유도 17고지 > 서강대교 중간지점 > 63빌딩 > 상도터널 > 이수고가차로 > 주흥교 > 성수대교 남단 > 왕십리역 > 청량리 > 신설동역 > 미아,31.761,19,"{""phase"":""A"",""startLLA"":{""lat"":37.562282,""lon"":126.890156,""alt"":0},""endLLA"":{""lat"":37.562282,""lon"":126.890156,""alt"":0},""targetSpeed"":3,""seq"":1}","{""phase"":""B"",""startLLA"":{""lat"":37.562282,""lon"":126.890156,""alt"":0},""endLLA"":{""lat"":37.562282,""lon"":126.890156,""alt"":15},""targetSpeed"":10,""seq"":2}","{""phase"":""C"",""startLLA"":{""lat"":37.562282,""lon"":126.890156,""alt"":15},""endLLA"":{""lat"":37.552561,""lon"":126.896158,""alt"":100},""targetSpeed"":36,""seq"":3}","{""phase"":""E"",""startLLA"":{""lat"":37.552561,""lon"":126.896158,""alt"":100},""endLLA"":{""lat"":37.542307,""lon"":126.90249,""alt"":173.87},""targetSpeed"":51.4,""seq"":4}","{""phase"":""E"",""startLLA"":{""lat"":37.542307,""lon"":126.90249,""alt"":173.87},""endLLA"":{""lat"":37.536949,""lon"":126.924908,""alt"":293.99},""targetSpeed"":51.4,""seq"":5}","{""phase"":""E"",""startLLA"":{""lat"":37.536949,""lon"":126.924908,""alt"":293.99},""endLLA"":{""lat"":37.535548,""lon"":126.926128,""alt"":305},""targetSpeed"":51.4,""seq"":6}","{""phase"":""F"",""startLLA"":{""lat"":37.535548,""lon"":126.926128,""alt"":305},""endLLA"":{""lat"":37.519378,""lon"":126.94021,""alt"":305},""targetSpeed"":51.4,""seq"":7}","{""phase"":""F"",""startLLA"":{""lat"":37.519378,""lon"":126.94021,""alt"":305},""endLLA"":{""lat"":37.508684,""lon"":126.95211,""alt"":305},""targetSpeed"":51.4,""seq"":8}","{""phase"":""F"",""startLLA"":{""lat"":37.508684,""lon"":126.95211,""alt"":305},""endLLA"":{""lat"":37.497738,""lon"":126.983721,""alt"":305},""targetSpeed"":51.4,""seq"":9}","{""phase"":""F"",""startLLA"":{""lat"":37.497738,""lon"":126.983721,""alt"":305},""endLLA"":{""lat"":37.509486,""lon"":127.016026,""alt"":305},""targetSpeed"":51.4,""seq"":10}","{""phase"":""F"",""startLLA"":{""lat"":37.509486,""lon"":127.016026,""alt"":305},""endLLA"":{""lat"":37.53537,""lon"":127.034503,""alt"":305},""targetSpeed"":51.4,""seq"":11}","{""phase"":""F"",""startLLA"":{""lat"":37.53537,""lon"":127.034503,""alt"":305},""endLLA"":{""lat"":37.561925,""lon"":127.038491,""alt"":305},""targetSpeed"":51.4,""seq"":12}","{""phase"":""F"",""startLLA"":{""lat"":37.561925,""lon"":127.038491,""alt"":305},""endLLA"":{""lat"":37.581542,""lon"":127.048947,""alt"":305},""targetSpeed"":51.4,""seq"":13}","{""phase"":""F"",""startLLA"":{""lat"":37.581542,""lon"":127.048947,""alt"":305},""endLLA"":{""lat"":37.575658,""lon"":127.02353,""alt"":305},""targetSpeed"":51.4,""seq"":14}","{""phase"":""F"",""startLLA"":{""lat"":37.575658,""lon"":127.02353,""alt"":305},""endLLA"":{""lat"":37.58953,""lon"":127.024172,""alt"":305},""targetSpeed"":51.4,""seq"":15}","{""phase"":""G"",""startLLA"":{""lat"":37.58953,""lon"":127.024172,""alt"":305},""endLLA"":{""lat"":37.621194,""lon"":127.025636,""alt"":100},""targetSpeed"":36,""seq"":16}","{""phase"":""I"",""startLLA"":{""lat"":37.621194,""lon"":127.025636,""alt"":100},""endLLA"":{""lat"":37.630207,""lon"":127.026053,""alt"":15},""targetSpeed"":30,""seq"":17}","{""phase"":""J"",""startLLA"":{""lat"":37.630207,""lon"":127.026053,""alt"":15},""endLLA"":{""lat"":37.630207,""lon"":127.026053,""alt"":0},""targetSpeed"":10,""seq"":18}","{""phase"":""K"",""startLLA"":{""lat"":37.630207,""lon"":127.026053,""alt"":0},""endLLA"":{""lat"":37.630207,""lon"":127.026053,""alt"":0},""targetSpeed"":3,""seq"":19}",,
b4a2894cba5c,2026-06-20,FPL0308002,UAM0007,a8,8,2,0.25,상암,상암,사당,사당,7,gate-4,fato-1,gate-6,fato-3,07:55:00,08:04:00,08:12:24,08:20:14,08:30:14,540,504.89,470,1514.89,0,164.72,ready,상암 > 선유도 17고지 > 영등포 > 180고지 > 사당,13.4688,12,"{""phase"":""A"",""startLLA"":{""lat"":37.562282,""lon"":126.890156,""alt"":0},""endLLA"":{""lat"":37.562282,""lon"":126.890156,""alt"":0},""targetSpeed"":3,""seq"":1}","{""phase"":""B"",""startLLA"":{""lat"":37.562282,""lon"":126.890156,""alt"":0},""endLLA"":{""lat"":37.562282,""lon"":126.890156,""alt"":15},""targetSpeed"":10,""seq"":2}","{""phase"":""C"",""startLLA"":{""lat"":37.562282,""lon"":126.890156,""alt"":15},""endLLA"":{""lat"":37.552559,""lon"":126.896159,""alt"":100},""targetSpeed"":36,""seq"":3}","{""phase"":""E"",""startLLA"":{""lat"":37.552559,""lon"":126.896159,""alt"":100},""endLLA"":{""lat"":37.542307,""lon"":126.90249,""alt"":173.84},""targetSpeed"":51.4,""seq"":4}","{""phase"":""E"",""startLLA"":{""lat"":37.542307,""lon"":126.90249,""alt"":173.84},""endLLA"":{""lat"":37.52228,""lon"":126.906494,""alt"":305},""targetSpeed"":51.4,""seq"":5}","{""phase"":""F"",""startLLA"":{""lat"":37.52228,""lon"":126.906494,""alt"":305},""endLLA"":{""lat"":37.515965,""lon"":126.907756,""alt"":305},""targetSpeed"":51.4,""seq"":6}","{""phase"":""F"",""startLLA"":{""lat"":37.515965,""lon"":126.907756,""alt"":305},""endLLA"":{""lat"":37.494741,""lon"":126.936928,""alt"":305},""targetSpeed"":51.4,""seq"":7}","{""phase"":""G"",""startLLA"":{""lat"":37.494741,""lon"":126.936928,""alt"":305},""endLLA"":{""lat"":37.492877,""lon"":126.93949,""alt"":287.16},""targetSpeed"":36,""seq"":8}","{""phase"":""G"",""startLLA"":{""lat"":37.492877,""lon"":126.93949,""alt"":287.16},""endLLA"":{""lat"":37.479834,""lon"":126.972037,""alt"":100},""targetSpeed"":36,""seq"":9}","{""phase"":""I"",""startLLA"":{""lat"":37.479834,""lon"":126.972037,""alt"":100},""endLLA"":{""lat"":37.475767,""lon"":126.982185,""alt"":15},""targetSpeed"":30,""seq"":10}","{""phase"":""J"",""startLLA"":{""lat"":37.475767,""lon"":126.982185,""alt"":15},""endLLA"":{""lat"":37.475767,""lon"":126.982185,""alt"":0},""targetSpeed"":10,""seq"":11}","{""phase"":""K"",""startLLA"":{""lat"":37.475767,""lon"":126.982185,""alt"":0},""endLLA"":{""lat"":37.475767,""lon"":126.982185,""alt"":0},""targetSpeed"":3,""seq"":12}",,,,,,,,,
b4a2894cba5c,2026-06-20,FPL0302002,UAM0074,a2,2,2,1,상암,상암,잠실,잠실,8,gate-8,fato-1,gate-2,fato-4,08:10:42,08:19:42,08:30:57,08:38:47,08:48:47,540,675.36,470,1685.36,0,115.71,ready,상암 > 선유도 17고지 > 영등포 > 180고지 > 채석장 > 경부고속도로 양재천 다리 > 대치교 > 잠실,24.7496,15,"{""phase"":""A"",""startLLA"":{""lat"":37.562282,""lon"":126.890156,""alt"":0},""endLLA"":{""lat"":37.562282,""lon"":126.890156,""alt"":0},""targetSpeed"":3,""seq"":1}","{""phase"":""B"",""startLLA"":{""lat"":37.562282,""lon"":126.890156,""alt"":0},""endLLA"":{""lat"":37.562282,""lon"":126.890156,""alt"":15},""targetSpeed"":10,""seq"":2}","{""phase"":""C"",""startLLA"":{""lat"":37.562282,""lon"":126.890156,""alt"":15},""endLLA"":{""lat"":37.552558,""lon"":126.89616,""alt"":100},""targetSpeed"":36,""seq"":3}","{""phase"":""E"",""startLLA"":{""lat"":37.552558,""lon"":126.89616,""alt"":100},""endLLA"":{""lat"":37.542307,""lon"":126.90249,""alt"":173.82},""targetSpeed"":51.4,""seq"":4}","{""phase"":""E"",""startLLA"":{""lat"":37.542307,""lon"":126.90249,""alt"":173.82},""endLLA"":{""lat"":37.522274,""lon"":126.906495,""alt"":305},""targetSpeed"":51.4,""seq"":5}","{""phase"":""F"",""startLLA"":{""lat"":37.522274,""lon"":126.906495,""alt"":305},""endLLA"":{""lat"":37.515965,""lon"":126.907756,""alt"":305},""targetSpeed"":51.4,""seq"":6}","{""phase"":""F"",""startLLA"":{""lat"":37.515965,""lon"":126.907756,""alt"":305},""endLLA"":{""lat"":37.492877,""lon"":126.93949,""alt"":305},""targetSpeed"":51.4,""seq"":7}","{""phase"":""F"",""startLLA"":{""lat"":37.492877,""lon"":126.93949,""alt"":305},""endLLA"":{""lat"":37.471285,""lon"":126.985745,""alt"":305},""targetSpeed"":51.4,""seq"":8}","{""phase"":""F"",""startLLA"":{""lat"":37.471285,""lon"":126.985745,""alt"":305},""endLLA"":{""lat"":37.471593,""lon"":127.032031,""alt"":305},""targetSpeed"":51.4,""seq"":9}","{""phase"":""F"",""startLLA"":{""lat"":37.471593,""lon"":127.032031,""alt"":305},""endLLA"":{""lat"":37.483532,""lon"":127.051156,""alt"":305},""targetSpeed"":51.4,""seq"":10}","{""phase"":""G"",""startLLA"":{""lat"":37.483532,""lon"":127.051156,""alt"":305},""endLLA"":{""lat"":37.497702,""lon"":127.073855,""alt"":156.78},""targetSpeed"":36,""seq"":11}","{""phase"":""G"",""startLLA"":{""lat"":37.497702,""lon"":127.073855,""alt"":156.78},""endLLA"":{""lat"":37.506268,""lon"":127.071432,""alt"":100},""targetSpeed"":36,""seq"":12}","{""phase"":""I"",""startLLA"":{""lat"":37.506268,""lon"":127.071432,""alt"":100},""endLLA"":{""lat"":37.515071,""lon"":127.068942,""alt"":15},""targetSpeed"":30,""seq"":13}","{""phase"":""J"",""startLLA"":{""lat"":37.515071,""lon"":127.068942,""alt"":15},""endLLA"":{""lat"":37.515071,""lon"":127.068942,""alt"":0},""targetSpeed"":10,""seq"":14}","{""phase"":""K"",""startLLA"":{""lat"":37.515071,""lon"":127.068942,""alt"":0},""endLLA"":{""lat"":37.515071,""lon"":127.068942,""alt"":0},""targetSpeed"":3,""seq"":15}",,,,,,
b4a2894cba5c,2026-06-20,FPL0311003,UAM0121,a2,2,2,1,상암,상암,천호,천호,8,gate-3,fato-2,gate-8,fato-3,08:11:55,08:20:25,08:30:32,08:37:22,08:47:22,510,607.8,410,1527.8,0,11.26,ready,상암 > 선유도 17고지 > 서강대교 중간지점 > 63빌딩 > 상도터널 > 이수고가차로 > 주흥교 > 성수대교 남단 > 청담대교 중간지점 > 잠실대교 중간지점 > 천호,26.6459,18,"{""phase"":""A"",""startLLA"":{""lat"":37.562282,""lon"":126.890156,""alt"":0},""endLLA"":{""lat"":37.562282,""lon"":126.890156,""alt"":0},""targetSpeed"":3,""seq"":1}","{""phase"":""B"",""startLLA"":{""lat"":37.562282,""lon"":126.890156,""alt"":0},""endLLA"":{""lat"":37.562282,""lon"":126.890156,""alt"":15},""targetSpeed"":10,""seq"":2}","{""phase"":""C"",""startLLA"":{""lat"":37.562282,""lon"":126.890156,""alt"":15},""endLLA"":{""lat"":37.55256,""lon"":126.896159,""alt"":100},""targetSpeed"":36,""seq"":3}","{""phase"":""E"",""startLLA"":{""lat"":37.55256,""lon"":126.896159,""alt"":100},""endLLA"":{""lat"":37.542307,""lon"":126.90249,""alt"":173.85},""targetSpeed"":51.4,""seq"":4}","{""phase"":""E"",""startLLA"":{""lat"":37.542307,""lon"":126.90249,""alt"":173.85},""endLLA"":{""lat"":37.536949,""lon"":126.924908,""alt"":293.96},""targetSpeed"":51.4,""seq"":5}","{""phase"":""E"",""startLLA"":{""lat"":37.536949,""lon"":126.924908,""alt"":293.96},""endLLA"":{""lat"":37.535545,""lon"":126.926131,""alt"":305},""targetSpeed"":51.4,""seq"":6}","{""phase"":""F"",""startLLA"":{""lat"":37.535545,""lon"":126.926131,""alt"":305},""endLLA"":{""lat"":37.519378,""lon"":126.94021,""alt"":305},""targetSpeed"":51.4,""seq"":7}","{""phase"":""F"",""startLLA"":{""lat"":37.519378,""lon"":126.94021,""alt"":305},""endLLA"":{""lat"":37.508684,""lon"":126.95211,""alt"":305},""targetSpeed"":51.4,""seq"":8}","{""phase"":""F"",""startLLA"":{""lat"":37.508684,""lon"":126.95211,""alt"":305},""endLLA"":{""lat"":37.497738,""lon"":126.983721,""alt"":305},""targetSpeed"":51.4,""seq"":9}","{""phase"":""F"",""startLLA"":{""lat"":37.497738,""lon"":126.983721,""alt"":305},""endLLA"":{""lat"":37.509486,""lon"":127.016026,""alt"":305},""targetSpeed"":51.4,""seq"":10}","{""phase"":""F"",""startLLA"":{""lat"":37.509486,""lon"":127.016026,""alt"":305},""endLLA"":{""lat"":37.53537,""lon"":127.034503,""alt"":305},""targetSpeed"":51.4,""seq"":11}","{""phase"":""F"",""startLLA"":{""lat"":37.53537,""lon"":127.034503,""alt"":305},""endLLA"":{""lat"":37.526451,""lon"":127.064361,""alt"":305},""targetSpeed"":51.4,""seq"":12}","{""phase"":""F"",""startLLA"":{""lat"":37.526451,""lon"":127.064361,""alt"":305},""endLLA"":{""lat"":37.52529,""lon"":127.079002,""alt"":305},""targetSpeed"":51.4,""seq"":13}","{""phase"":""G"",""startLLA"":{""lat"":37.52529,""lon"":127.079002,""alt"":305},""endLLA"":{""lat"":37.524288,""lon"":127.091639,""alt"":239.84},""targetSpeed"":36,""seq"":14}","{""phase"":""G"",""startLLA"":{""lat"":37.524288,""lon"":127.091639,""alt"":239.84},""endLLA"":{""lat"":37.539419,""lon"":127.111107,""alt"":100},""targetSpeed"":36,""seq"":15}","{""phase"":""I"",""startLLA"":{""lat"":37.539419,""lon"":127.111107,""alt"":100},""endLLA"":{""lat"":37.545733,""lon"":127.11923,""alt"":15},""targetSpeed"":30,""seq"":16}","{""phase"":""J"",""startLLA"":{""lat"":37.545733,""lon"":127.11923,""alt"":15},""endLLA"":{""lat"":37.545733,""lon"":127.11923,""alt"":0},""targetSpeed"":10,""seq"":17}","{""phase"":""K"",""startLLA"":{""lat"":37.545733,""lon"":127.11923,""alt"":0},""endLLA"":{""lat"":37.545733,""lon"":127.11923,""alt"":0},""targetSpeed"":3,""seq"":18}",,,
b4a2894cba5c,2026-06-20,FPL0302003,UAM0066,a2,2,2,1,상암,상암,잠실,잠실,8,gate-4,fato-1,gate-1,fato-3,08:15:32,08:25:42,08:39:04,08:47:24,08:57:24,610,802.81,500,1912.81,70,243.15,ready,상암 > 선유도 17고지 > 영등포 > 180고지 > 채석장 > 경부고속도로 양재천 다리 > 대치교 > 잠실,24.7496,15,"{""phase"":""A"",""startLLA"":{""lat"":37.562282,""lon"":126.890156,""alt"":0},""endLLA"":{""lat"":37.562282,""lon"":126.890156,""alt"":0},""targetSpeed"":3,""seq"":1}","{""phase"":""B"",""startLLA"":{""lat"":37.562282,""lon"":126.890156,""alt"":0},""endLLA"":{""lat"":37.562282,""lon"":126.890156,""alt"":15},""targetSpeed"":10,""seq"":2}","{""phase"":""C"",""startLLA"":{""lat"":37.562282,""lon"":126.890156,""alt"":15},""endLLA"":{""lat"":37.552558,""lon"":126.89616,""alt"":100},""targetSpeed"":36,""seq"":3}","{""phase"":""E"",""startLLA"":{""lat"":37.552558,""lon"":126.89616,""alt"":100},""endLLA"":{""lat"":37.542307,""lon"":126.90249,""alt"":173.82},""targetSpeed"":51.4,""seq"":4}","{""phase"":""E"",""startLLA"":{""lat"":37.542307,""lon"":126.90249,""alt"":173.82},""endLLA"":{""lat"":37.522274,""lon"":126.906495,""alt"":305},""targetSpeed"":51.4,""seq"":5}","{""phase"":""F"",""startLLA"":{""lat"":37.522274,""lon"":126.906495,""alt"":305},""endLLA"":{""lat"":37.515965,""lon"":126.907756,""alt"":305},""targetSpeed"":51.4,""seq"":6}","{""phase"":""F"",""startLLA"":{""lat"":37.515965,""lon"":126.907756,""alt"":305},""endLLA"":{""lat"":37.492877,""lon"":126.93949,""alt"":305},""targetSpeed"":51.4,""seq"":7}","{""phase"":""F"",""startLLA"":{""lat"":37.492877,""lon"":126.93949,""alt"":305},""endLLA"":{""lat"":37.471285,""lon"":126.985745,""alt"":305},""targetSpeed"":51.4,""seq"":8}","{""phase"":""F"",""startLLA"":{""lat"":37.471285,""lon"":126.985745,""alt"":305},""endLLA"":{""lat"":37.471593,""lon"":127.032031,""alt"":305},""targetSpeed"":51.4,""seq"":9}","{""phase"":""F"",""startLLA"":{""lat"":37.471593,""lon"":127.032031,""alt"":305},""endLLA"":{""lat"":37.483532,""lon"":127.051156,""alt"":305},""targetSpeed"":51.4,""seq"":10}","{""phase"":""G"",""startLLA"":{""lat"":37.483532,""lon"":127.051156,""alt"":305},""endLLA"":{""lat"":37.497702,""lon"":127.073855,""alt"":156.78},""targetSpeed"":36,""seq"":11}","{""phase"":""G"",""startLLA"":{""lat"":37.497702,""lon"":127.073855,""alt"":156.78},""endLLA"":{""lat"":37.506268,""lon"":127.071432,""alt"":100},""targetSpeed"":36,""seq"":12}","{""phase"":""I"",""startLLA"":{""lat"":37.506268,""lon"":127.071432,""alt"":100},""endLLA"":{""lat"":37.515071,""lon"":127.068942,""alt"":15},""targetSpeed"":30,""seq"":13}","{""phase"":""J"",""startLLA"":{""lat"":37.515071,""lon"":127.068942,""alt"":15},""endLLA"":{""lat"":37.515071,""lon"":127.068942,""alt"":0},""targetSpeed"":10,""seq"":14}","{""phase"":""K"",""startLLA"":{""lat"":37.515071,""lon"":127.068942,""alt"":0},""endLLA"":{""lat"":37.515071,""lon"":127.068942,""alt"":0},""targetSpeed"":3,""seq"":15}",,,,,,
b4a2894cba5c,2026-06-20,FPL0313003,UAM0017,a2,2,2,1,상암,상암,강남,강남,8,gate-7,fato-2,gate-7,fato-3,08:16:45,08:26:25,08:32:54,08:40:14,08:50:14,580,389.68,440,1409.68,70,18.75,ready,상암 > 선유도 17고지 > 서강대교 중간지점 > 63빌딩 > 상도터널 > 이수고가차로 > 강남,15.0491,14,"{""phase"":""A"",""startLLA"":{""lat"":37.562282,""lon"":126.890156,""alt"":0},""endLLA"":{""lat"":37.562282,""lon"":126.890156,""alt"":0},""targetSpeed"":3,""seq"":1}","{""phase"":""B"",""startLLA"":{""lat"":37.562282,""lon"":126.890156,""alt"":0},""endLLA"":{""lat"":37.562282,""lon"":126.890156,""alt"":15},""targetSpeed"":10,""seq"":2}","{""phase"":""C"",""startLLA"":{""lat"":37.562282,""lon"":126.890156,""alt"":15},""endLLA"":{""lat"":37.552559,""lon"":126.896159,""alt"":100},""targetSpeed"":36,""seq"":3}","{""phase"":""E"",""startLLA"":{""lat"":37.552559,""lon"":126.896159,""alt"":100},""endLLA"":{""lat"":37.542307,""lon"":126.90249,""alt"":173.84},""targetSpeed"":51.4,""seq"":4}","{""phase"":""E"",""startLLA"":{""lat"":37.542307,""lon"":126.90249,""alt"":173.84},""endLLA"":{""lat"":37.536949,""lon"":126.924908,""alt"":293.93},""targetSpeed"":51.4,""seq"":5}","{""phase"":""E"",""startLLA"":{""lat"":37.536949,""lon"":126.924908,""alt"":293.93},""endLLA"":{""lat"":37.535541,""lon"":126.926134,""alt"":305},""targetSpeed"":51.4,""seq"":6}","{""phase"":""F"",""startLLA"":{""lat"":37.535541,""lon"":126.926134,""alt"":305},""endLLA"":{""lat"":37.519378,""lon"":126.94021,""alt"":305},""targetSpeed"":51.4,""seq"":7}","{""phase"":""F"",""startLLA"":{""lat"":37.519378,""lon"":126.94021,""alt"":305},""endLLA"":{""lat"":37.508684,""lon"":126.95211,""alt"":305},""targetSpeed"":51.4,""seq"":8}","{""phase"":""F"",""startLLA"":{""lat"":37.508684,""lon"":126.95211,""alt"":305},""endLLA"":{""lat"":37.501448,""lon"":126.973006,""alt"":305},""targetSpeed"":51.4,""seq"":9}","{""phase"":""G"",""startLLA"":{""lat"":37.501448,""lon"":126.973006,""alt"":305},""endLLA"":{""lat"":37.497738,""lon"":126.983721,""alt"":245},""targetSpeed"":36,""seq"":10}","{""phase"":""G"",""startLLA"":{""lat"":37.497738,""lon"":126.983721,""alt"":245},""endLLA"":{""lat"":37.496706,""lon"":127.011945,""alt"":100},""targetSpeed"":36,""seq"":11}","{""phase"":""I"",""startLLA"":{""lat"":37.496706,""lon"":127.011945,""alt"":100},""endLLA"":{""lat"":37.496291,""lon"":127.023303,""alt"":15},""targetSpeed"":30,""seq"":12}","{""phase"":""J"",""startLLA"":{""lat"":37.496291,""lon"":127.023303,""alt"":15},""endLLA"":{""lat"":37.496291,""lon"":127.023303,""alt"":0},""targetSpeed"":10,""seq"":13}","{""phase"":""K"",""startLLA"":{""lat"":37.496291,""lon"":127.023303,""alt"":0},""endLLA"":{""lat"":37.496291,""lon"":127.023303,""alt"":0},""targetSpeed"":3,""seq"":14}",,,,,,,
b4a2894cba5c,2026-06-20,FPL0317002,UAM0060,a4,4,3,0.75,상암,상암,수서,수서,8,gate-2,fato-1,gate-8,fato-4,08:21:54,08:31:42,08:40:54,08:47:44,08:57:44,588,552.34,410,1550.34,108,0,ready,상암 > 선유도 17고지 > 영등포 > 180고지 > 채석장 > 경부고속도로 양재천 다리 > 수서,24.374,14,"{""phase"":""A"",""startLLA"":{""lat"":37.562282,""lon"":126.890156,""alt"":0},""endLLA"":{""lat"":37.562282,""lon"":126.890156,""alt"":0},""targetSpeed"":3,""seq"":1}","{""phase"":""B"",""startLLA"":{""lat"":37.562282,""lon"":126.890156,""alt"":0},""endLLA"":{""lat"":37.562282,""lon"":126.890156,""alt"":15},""targetSpeed"":10,""seq"":2}","{""phase"":""C"",""startLLA"":{""lat"":37.562282,""lon"":126.890156,""alt"":15},""endLLA"":{""lat"":37.552557,""lon"":126.896161,""alt"":100},""targetSpeed"":36,""seq"":3}","{""phase"":""E"",""startLLA"":{""lat"":37.552557,""lon"":126.896161,""alt"":100},""endLLA"":{""lat"":37.542307,""lon"":126.90249,""alt"":173.8},""targetSpeed"":51.4,""seq"":4}","{""phase"":""E"",""startLLA"":{""lat"":37.542307,""lon"":126.90249,""alt"":173.8},""endLLA"":{""lat"":37.52227,""lon"":126.906496,""alt"":305},""targetSpeed"":51.4,""seq"":5}","{""phase"":""F"",""startLLA"":{""lat"":37.52227,""lon"":126.906496,""alt"":305},""endLLA"":{""lat"":37.515965,""lon"":126.907756,""alt"":305},""targetSpeed"":51.4,""seq"":6}","{""phase"":""F"",""startLLA"":{""lat"":37.515965,""lon"":126.907756,""alt"":305},""endLLA"":{""lat"":37.492877,""lon"":126.93949,""alt"":305},""targetSpeed"":51.4,""seq"":7}","{""phase"":""F"",""startLLA"":{""lat"":37.492877,""lon"":126.93949,""alt"":305},""endLLA"":{""lat"":37.471285,""lon"":126.985745,""alt"":305},""targetSpeed"":51.4,""seq"":8}","{""phase"":""F"",""startLLA"":{""lat"":37.471285,""lon"":126.985745,""alt"":305},""endLLA"":{""lat"":37.471593,""lon"":127.032031,""alt"":305},""targetSpeed"":51.4,""seq"":9}","{""phase"":""F"",""startLLA"":{""lat"":37.471593,""lon"":127.032031,""alt"":305},""endLLA"":{""lat"":37.476054,""lon"":127.051334,""alt"":305},""targetSpeed"":51.4,""seq"":10}","{""phase"":""G"",""startLLA"":{""lat"":37.476054,""lon"":127.051334,""alt"":305},""endLLA"":{""lat"":37.484918,""lon"":127.089686,""alt"":100},""targetSpeed"":36,""seq"":11}","{""phase"":""I"",""startLLA"":{""lat"":37.484918,""lon"":127.089686,""alt"":100},""endLLA"":{""lat"":37.487441,""lon"":127.100603,""alt"":15},""targetSpeed"":30,""seq"":12}","{""phase"":""J"",""startLLA"":{""lat"":37.487441,""lon"":127.100603,""alt"":15},""endLLA"":{""lat"":37.487441,""lon"":127.100603,""alt"":0},""targetSpeed"":10,""seq"":13}","{""phase"":""K"",""startLLA"":{""lat"":37.487441,""lon"":127.100603,""alt"":0},""endLLA"":{""lat"":37.487441,""lon"":127.100603,""alt"":0},""targetSpeed"":3,""seq"":14}",,,,,,,
b4a2894cba5c,2026-06-20,FPL0302004,UAM0010,a2,2,2,1,상암,상암,잠실,잠실,8,gate-6,fato-2,gate-4,fato-3,08:27:04,08:35:04,08:44:23,08:51:13,09:01:13,480,559.65,410,1449.65,0,0,ready,상암 > 선유도 17고지 > 영등포 > 180고지 > 채석장 > 경부고속도로 양재천 다리 > 대치교 > 잠실,24.7496,15,"{""phase"":""A"",""startLLA"":{""lat"":37.562282,""lon"":126.890156,""alt"":0},""endLLA"":{""lat"":37.562282,""lon"":126.890156,""alt"":0},""targetSpeed"":3,""seq"":1}","{""phase"":""B"",""startLLA"":{""lat"":37.562282,""lon"":126.890156,""alt"":0},""endLLA"":{""lat"":37.562282,""lon"":126.890156,""alt"":15},""targetSpeed"":10,""seq"":2}","{""phase"":""C"",""startLLA"":{""lat"":37.562282,""lon"":126.890156,""alt"":15},""endLLA"":{""lat"":37.552558,""lon"":126.89616,""alt"":100},""targetSpeed"":36,""seq"":3}","{""phase"":""E"",""startLLA"":{""lat"":37.552558,""lon"":126.89616,""alt"":100},""endLLA"":{""lat"":37.542307,""lon"":126.90249,""alt"":173.82},""targetSpeed"":51.4,""seq"":4}","{""phase"":""E"",""startLLA"":{""lat"":37.542307,""lon"":126.90249,""alt"":173.82},""endLLA"":{""lat"":37.522274,""lon"":126.906495,""alt"":305},""targetSpeed"":51.4,""seq"":5}","{""phase"":""F"",""startLLA"":{""lat"":37.522274,""lon"":126.906495,""alt"":305},""endLLA"":{""lat"":37.515965,""lon"":126.907756,""alt"":305},""targetSpeed"":51.4,""seq"":6}","{""phase"":""F"",""startLLA"":{""lat"":37.515965,""lon"":126.907756,""alt"":305},""endLLA"":{""lat"":37.492877,""lon"":126.93949,""alt"":305},""targetSpeed"":51.4,""seq"":7}","{""phase"":""F"",""startLLA"":{""lat"":37.492877,""lon"":126.93949,""alt"":305},""endLLA"":{""lat"":37.471285,""lon"":126.985745,""alt"":305},""targetSpeed"":51.4,""seq"":8}","{""phase"":""F"",""startLLA"":{""lat"":37.471285,""lon"":126.985745,""alt"":305},""endLLA"":{""lat"":37.471593,""lon"":127.032031,""alt"":305},""targetSpeed"":51.4,""seq"":9}","{""phase"":""F"",""startLLA"":{""lat"":37.471593,""lon"":127.032031,""alt"":305},""endLLA"":{""lat"":37.483532,""lon"":127.051156,""alt"":305},""targetSpeed"":51.4,""seq"":10}","{""phase"":""G"",""startLLA"":{""lat"":37.483532,""lon"":127.051156,""alt"":305},""endLLA"":{""lat"":37.497702,""lon"":127.073855,""alt"":156.78},""targetSpeed"":36,""seq"":11}","{""phase"":""G"",""startLLA"":{""lat"":37.497702,""lon"":127.073855,""alt"":156.78},""endLLA"":{""lat"":37.506268,""lon"":127.071432,""alt"":100},""targetSpeed"":36,""seq"":12}","{""phase"":""I"",""startLLA"":{""lat"":37.506268,""lon"":127.071432,""alt"":100},""endLLA"":{""lat"":37.515071,""lon"":127.068942,""alt"":15},""targetSpeed"":30,""seq"":13}","{""phase"":""J"",""startLLA"":{""lat"":37.515071,""lon"":127.068942,""alt"":15},""endLLA"":{""lat"":37.515071,""lon"":127.068942,""alt"":0},""targetSpeed"":10,""seq"":14}","{""phase"":""K"",""startLLA"":{""lat"":37.515071,""lon"":127.068942,""alt"":0},""endLLA"":{""lat"":37.515071,""lon"":127.068942,""alt"":0},""targetSpeed"":3,""seq"":15}",,,,,,
b4a2894cba5c,2026-06-20,FPL0313004,UAM0070,a6,6,2,0.3333,상암,상암,강남,강남,8,gate-4,fato-1,gate-7,fato-3,08:42:44,08:51:52,08:58:03,09:05:23,09:15:23,548.45,370.93,440,1359.37,8.45,0,ready,상암 > 선유도 17고지 > 서강대교 중간지점 > 63빌딩 > 상도터널 > 이수고가차로 > 강남,15.0491,14,"{""phase"":""A"",""startLLA"":{""lat"":37.562282,""lon"":126.890156,""alt"":0},""endLLA"":{""lat"":37.562282,""lon"":126.890156,""alt"":0},""targetSpeed"":3,""seq"":1}","{""phase"":""B"",""startLLA"":{""lat"":37.562282,""lon"":126.890156,""alt"":0},""endLLA"":{""lat"":37.562282,""lon"":126.890156,""alt"":15},""targetSpeed"":10,""seq"":2}","{""phase"":""C"",""startLLA"":{""lat"":37.562282,""lon"":126.890156,""alt"":15},""endLLA"":{""lat"":37.552559,""lon"":126.896159,""alt"":100},""targetSpeed"":36,""seq"":3}","{""phase"":""E"",""startLLA"":{""lat"":37.552559,""lon"":126.896159,""alt"":100},""endLLA"":{""lat"":37.542307,""lon"":126.90249,""alt"":173.84},""targetSpeed"":51.4,""seq"":4}","{""phase"":""E"",""startLLA"":{""lat"":37.542307,""lon"":126.90249,""alt"":173.84},""endLLA"":{""lat"":37.536949,""lon"":126.924908,""alt"":293.93},""targetSpeed"":51.4,""seq"":5}","{""phase"":""E"",""startLLA"":{""lat"":37.536949,""lon"":126.924908,""alt"":293.93},""endLLA"":{""lat"":37.535541,""lon"":126.926134,""alt"":305},""targetSpeed"":51.4,""seq"":6}","{""phase"":""F"",""startLLA"":{""lat"":37.535541,""lon"":126.926134,""alt"":305},""endLLA"":{""lat"":37.519378,""lon"":126.94021,""alt"":305},""targetSpeed"":51.4,""seq"":7}","{""phase"":""F"",""startLLA"":{""lat"":37.519378,""lon"":126.94021,""alt"":305},""endLLA"":{""lat"":37.508684,""lon"":126.95211,""alt"":305},""targetSpeed"":51.4,""seq"":8}","{""phase"":""F"",""startLLA"":{""lat"":37.508684,""lon"":126.95211,""alt"":305},""endLLA"":{""lat"":37.501448,""lon"":126.973006,""alt"":305},""targetSpeed"":51.4,""seq"":9}","{""phase"":""G"",""startLLA"":{""lat"":37.501448,""lon"":126.973006,""alt"":305},""endLLA"":{""lat"":37.497738,""lon"":126.983721,""alt"":245},""targetSpeed"":36,""seq"":10}","{""phase"":""G"",""startLLA"":{""lat"":37.497738,""lon"":126.983721,""alt"":245},""endLLA"":{""lat"":37.496706,""lon"":127.011945,""alt"":100},""targetSpeed"":36,""seq"":11}","{""phase"":""I"",""startLLA"":{""lat"":37.496706,""lon"":127.011945,""alt"":100},""endLLA"":{""lat"":37.496291,""lon"":127.023303,""alt"":15},""targetSpeed"":30,""seq"":12}","{""phase"":""J"",""startLLA"":{""lat"":37.496291,""lon"":127.023303,""alt"":15},""endLLA"":{""lat"":37.496291,""lon"":127.023303,""alt"":0},""targetSpeed"":10,""seq"":13}","{""phase"":""K"",""startLLA"":{""lat"":37.496291,""lon"":127.023303,""alt"":0},""endLLA"":{""lat"":37.496291,""lon"":127.023303,""alt"":0},""targetSpeed"":3,""seq"":14}",,,,,,,
b4a2894cba5c,2026-06-20,FPL0309002,UAM0026,a2,2,2,1,상암,상암,성수,성수,8,gate-8,fato-1,gate-3,fato-3,08:53:23,09:03:52,09:11:13,09:18:33,09:28:33,629.45,441.35,440,1510.8,89.45,0,ready,상암 > 선유도 17고지 > 서강대교 중간지점 > 63빌딩 > 상도터널 > 이수고가차로 > 주흥교 > 성수,18.6691,15,"{""phase"":""A"",""startLLA"":{""lat"":37.562282,""lon"":126.890156,""alt"":0},""endLLA"":{""lat"":37.562282,""lon"":126.890156,""alt"":0},""targetSpeed"":3,""seq"":1}","{""phase"":""B"",""startLLA"":{""lat"":37.562282,""lon"":126.890156,""alt"":0},""endLLA"":{""lat"":37.562282,""lon"":126.890156,""alt"":15},""targetSpeed"":10,""seq"":2}","{""phase"":""C"",""startLLA"":{""lat"":37.562282,""lon"":126.890156,""alt"":15},""endLLA"":{""lat"":37.55256,""lon"":126.896159,""alt"":100},""targetSpeed"":36,""seq"":3}","{""phase"":""E"",""startLLA"":{""lat"":37.55256,""lon"":126.896159,""alt"":100},""endLLA"":{""lat"":37.542307,""lon"":126.90249,""alt"":173.85},""targetSpeed"":51.4,""seq"":4}","{""phase"":""E"",""startLLA"":{""lat"":37.542307,""lon"":126.90249,""alt"":173.85},""endLLA"":{""lat"":37.536949,""lon"":126.924908,""alt"":293.95},""targetSpeed"":51.4,""seq"":5}","{""phase"":""E"",""startLLA"":{""lat"":37.536949,""lon"":126.924908,""alt"":293.95},""endLLA"":{""lat"":37.535544,""lon"":126.926131,""alt"":305},""targetSpeed"":51.4,""seq"":6}","{""phase"":""F"",""startLLA"":{""lat"":37.535544,""lon"":126.926131,""alt"":305},""endLLA"":{""lat"":37.519378,""lon"":126.94021,""alt"":305},""targetSpeed"":51.4,""seq"":7}","{""phase"":""F"",""startLLA"":{""lat"":37.519378,""lon"":126.94021,""alt"":305},""endLLA"":{""lat"":37.508684,""lon"":126.95211,""alt"":305},""targetSpeed"":51.4,""seq"":8}","{""phase"":""F"",""startLLA"":{""lat"":37.508684,""lon"":126.95211,""alt"":305},""endLLA"":{""lat"":37.497738,""lon"":126.983721,""alt"":305},""targetSpeed"":51.4,""seq"":9}","{""phase"":""F"",""startLLA"":{""lat"":37.497738,""lon"":126.983721,""alt"":305},""endLLA"":{""lat"":37.507423,""lon"":127.010353,""alt"":305},""targetSpeed"":51.4,""seq"":10}","{""phase"":""G"",""startLLA"":{""lat"":37.507423,""lon"":127.010353,""alt"":305},""endLLA"":{""lat"":37.509486,""lon"":127.016026,""alt"":272.98},""targetSpeed"":36,""seq"":11}","{""phase"":""G"",""startLLA"":{""lat"":37.509486,""lon"":127.016026,""alt"":272.98},""endLLA"":{""lat"":37.531493,""lon"":127.035175,""alt"":100},""targetSpeed"":36,""seq"":12}","{""phase"":""I"",""startLLA"":{""lat"":37.531493,""lon"":127.035175,""alt"":100},""endLLA"":{""lat"":37.538917,""lon"":127.041635,""alt"":15},""targetSpeed"":30,""seq"":13}","{""phase"":""J"",""startLLA"":{""lat"":37.538917,""lon"":127.041635,""alt"":15},""endLLA"":{""lat"":37.538917,""lon"":127.041635,""alt"":0},""targetSpeed"":10,""seq"":14}","{""phase"":""K"",""startLLA"":{""lat"":37.538917,""lon"":127.041635,""alt"":0},""endLLA"":{""lat"":37.538917,""lon"":127.041635,""alt"":0},""targetSpeed"":3,""seq"":15}",,,,,,
b4a2894cba5c,2026-06-20,FPL0316003,UAM0130,a2,2,1,0.5,상암,상암,망우,망우,8,gate-3,fato-2,gate-8,fato-4,08:54:33,09:04:32,09:14:34,09:21:24,09:31:24,599.45,602.45,410,1611.9,89.45,0,ready,상암 > 선유도 17고지 > 서강대교 중간지점 > 63빌딩 > 상도터널 > 이수고가차로 > 주흥교 > 성수대교 남단 > 왕십리역 > 청량리 > 망우,26.9495,18,"{""phase"":""A"",""startLLA"":{""lat"":37.562282,""lon"":126.890156,""alt"":0},""endLLA"":{""lat"":37.562282,""lon"":126.890156,""alt"":0},""targetSpeed"":3,""seq"":1}","{""phase"":""B"",""startLLA"":{""lat"":37.562282,""lon"":126.890156,""alt"":0},""endLLA"":{""lat"":37.562282,""lon"":126.890156,""alt"":15},""targetSpeed"":10,""seq"":2}","{""phase"":""C"",""startLLA"":{""lat"":37.562282,""lon"":126.890156,""alt"":15},""endLLA"":{""lat"":37.552561,""lon"":126.896158,""alt"":100},""targetSpeed"":36,""seq"":3}","{""phase"":""E"",""startLLA"":{""lat"":37.552561,""lon"":126.896158,""alt"":100},""endLLA"":{""lat"":37.542307,""lon"":126.90249,""alt"":173.87},""targetSpeed"":51.4,""seq"":4}","{""phase"":""E"",""startLLA"":{""lat"":37.542307,""lon"":126.90249,""alt"":173.87},""endLLA"":{""lat"":37.536949,""lon"":126.924908,""alt"":293.99},""targetSpeed"":51.4,""seq"":5}","{""phase"":""E"",""startLLA"":{""lat"":37.536949,""lon"":126.924908,""alt"":293.99},""endLLA"":{""lat"":37.535549,""lon"":126.926127,""alt"":305},""targetSpeed"":51.4,""seq"":6}","{""phase"":""F"",""startLLA"":{""lat"":37.535549,""lon"":126.926127,""alt"":305},""endLLA"":{""lat"":37.519378,""lon"":126.94021,""alt"":305},""targetSpeed"":51.4,""seq"":7}","{""phase"":""F"",""startLLA"":{""lat"":37.519378,""lon"":126.94021,""alt"":305},""endLLA"":{""lat"":37.508684,""lon"":126.95211,""alt"":305},""targetSpeed"":51.4,""seq"":8}","{""phase"":""F"",""startLLA"":{""lat"":37.508684,""lon"":126.95211,""alt"":305},""endLLA"":{""lat"":37.497738,""lon"":126.983721,""alt"":305},""targetSpeed"":51.4,""seq"":9}","{""phase"":""F"",""startLLA"":{""lat"":37.497738,""lon"":126.983721,""alt"":305},""endLLA"":{""lat"":37.509486,""lon"":127.016026,""alt"":305},""targetSpeed"":51.4,""seq"":10}","{""phase"":""F"",""startLLA"":{""lat"":37.509486,""lon"":127.016026,""alt"":305},""endLLA"":{""lat"":37.53537,""lon"":127.034503,""alt"":305},""targetSpeed"":51.4,""seq"":11}","{""phase"":""F"",""startLLA"":{""lat"":37.53537,""lon"":127.034503,""alt"":305},""endLLA"":{""lat"":37.561925,""lon"":127.038491,""alt"":305},""targetSpeed"":51.4,""seq"":12}","{""phase"":""F"",""startLLA"":{""lat"":37.561925,""lon"":127.038491,""alt"":305},""endLLA"":{""lat"":37.573839,""lon"":127.044841,""alt"":305},""targetSpeed"":51.4,""seq"":13}","{""phase"":""G"",""startLLA"":{""lat"":37.573839,""lon"":127.044841,""alt"":305},""endLLA"":{""lat"":37.581542,""lon"":127.048947,""alt"":250.9},""targetSpeed"":36,""seq"":14}","{""phase"":""G"",""startLLA"":{""lat"":37.581542,""lon"":127.048947,""alt"":250.9},""endLLA"":{""lat"":37.592631,""lon"":127.074841,""alt"":100},""targetSpeed"":36,""seq"":15}","{""phase"":""I"",""startLLA"":{""lat"":37.592631,""lon"":127.074841,""alt"":100},""endLLA"":{""lat"":37.596919,""lon"":127.084854,""alt"":15},""targetSpeed"":30,""seq"":16}","{""phase"":""J"",""startLLA"":{""lat"":37.596919,""lon"":127.084854,""alt"":15},""endLLA"":{""lat"":37.596919,""lon"":127.084854,""alt"":0},""targetSpeed"":10,""seq"":17}","{""phase"":""K"",""startLLA"":{""lat"":37.596919,""lon"":127.084854,""alt"":0},""endLLA"":{""lat"":37.596919,""lon"":127.084854,""alt"":0},""targetSpeed"":3,""seq"":18}",,,
b4a2894cba5c,2026-06-20,FPL0308003,UAM0020,a4,4,1,0.25,상암,상암,사당,사당,8,gate-7,fato-1,gate-7,fato-3,08:58:43,09:09:52,09:15:32,09:22:52,09:32:52,669.45,340.18,440,1449.63,159.45,0,ready,상암 > 선유도 17고지 > 영등포 > 180고지 > 사당,13.4688,12,"{""phase"":""A"",""startLLA"":{""lat"":37.562282,""lon"":126.890156,""alt"":0},""endLLA"":{""lat"":37.562282,""lon"":126.890156,""alt"":0},""targetSpeed"":3,""seq"":1}","{""phase"":""B"",""startLLA"":{""lat"":37.562282,""lon"":126.890156,""alt"":0},""endLLA"":{""lat"":37.562282,""lon"":126.890156,""alt"":15},""targetSpeed"":10,""seq"":2}","{""phase"":""C"",""startLLA"":{""lat"":37.562282,""lon"":126.890156,""alt"":15},""endLLA"":{""lat"":37.552559,""lon"":126.896159,""alt"":100},""targetSpeed"":36,""seq"":3}","{""phase"":""E"",""startLLA"":{""lat"":37.552559,""lon"":126.896159,""alt"":100},""endLLA"":{""lat"":37.542307,""lon"":126.90249,""alt"":173.84},""targetSpeed"":51.4,""seq"":4}","{""phase"":""E"",""startLLA"":{""lat"":37.542307,""lon"":126.90249,""alt"":173.84},""endLLA"":{""lat"":37.52228,""lon"":126.906494,""alt"":305},""targetSpeed"":51.4,""seq"":5}","{""phase"":""F"",""startLLA"":{""lat"":37.52228,""lon"":126.906494,""alt"":305},""endLLA"":{""lat"":37.515965,""lon"":126.907756,""alt"":305},""targetSpeed"":51.4,""seq"":6}","{""phase"":""F"",""startLLA"":{""lat"":37.515965,""lon"":126.907756,""alt"":305},""endLLA"":{""lat"":37.494741,""lon"":126.936928,""alt"":305},""targetSpeed"":51.4,""seq"":7}","{""phase"":""G"",""startLLA"":{""lat"":37.494741,""lon"":126.936928,""alt"":305},""endLLA"":{""lat"":37.492877,""lon"":126.93949,""alt"":287.16},""targetSpeed"":36,""seq"":8}","{""phase"":""G"",""startLLA"":{""lat"":37.492877,""lon"":126.93949,""alt"":287.16},""endLLA"":{""lat"":37.479834,""lon"":126.972037,""alt"":100},""targetSpeed"":36,""seq"":9}","{""phase"":""I"",""startLLA"":{""lat"":37.479834,""lon"":126.972037,""alt"":100},""endLLA"":{""lat"":37.475767,""lon"":126.982185,""alt"":15},""targetSpeed"":30,""seq"":10}","{""phase"":""J"",""startLLA"":{""lat"":37.475767,""lon"":126.982185,""alt"":15},""endLLA"":{""lat"":37.475767,""lon"":126.982185,""alt"":0},""targetSpeed"":10,""seq"":11}","{""phase"":""K"",""startLLA"":{""lat"":37.475767,""lon"":126.982185,""alt"":0},""endLLA"":{""lat"":37.475767,""lon"":126.982185,""alt"":0},""targetSpeed"":3,""seq"":12}",,,,,,,,,
b4a2894cba5c,2026-06-20,FPL0313005,UAM0051,a4,4,4,1,상암,상암,강남,강남,9,gate-4,fato-2,gate-7,fato-3,09:05:20,09:14:20,09:24:16,09:31:36,09:41:36,540,596.77,440,1576.77,0,225.85,ready,상암 > 선유도 17고지 > 서강대교 중간지점 > 63빌딩 > 상도터널 > 이수고가차로 > 강남,15.0491,14,"{""phase"":""A"",""startLLA"":{""lat"":37.562282,""lon"":126.890156,""alt"":0},""endLLA"":{""lat"":37.562282,""lon"":126.890156,""alt"":0},""targetSpeed"":3,""seq"":1}","{""phase"":""B"",""startLLA"":{""lat"":37.562282,""lon"":126.890156,""alt"":0},""endLLA"":{""lat"":37.562282,""lon"":126.890156,""alt"":15},""targetSpeed"":10,""seq"":2}","{""phase"":""C"",""startLLA"":{""lat"":37.562282,""lon"":126.890156,""alt"":15},""endLLA"":{""lat"":37.552559,""lon"":126.896159,""alt"":100},""targetSpeed"":36,""seq"":3}","{""phase"":""E"",""startLLA"":{""lat"":37.552559,""lon"":126.896159,""alt"":100},""endLLA"":{""lat"":37.542307,""lon"":126.90249,""alt"":173.84},""targetSpeed"":51.4,""seq"":4}","{""phase"":""E"",""startLLA"":{""lat"":37.542307,""lon"":126.90249,""alt"":173.84},""endLLA"":{""lat"":37.536949,""lon"":126.924908,""alt"":293.93},""targetSpeed"":51.4,""seq"":5}","{""phase"":""E"",""startLLA"":{""lat"":37.536949,""lon"":126.924908,""alt"":293.93},""endLLA"":{""lat"":37.535541,""lon"":126.926134,""alt"":305},""targetSpeed"":51.4,""seq"":6}","{""phase"":""F"",""startLLA"":{""lat"":37.535541,""lon"":126.926134,""alt"":305},""endLLA"":{""lat"":37.519378,""lon"":126.94021,""alt"":305},""targetSpeed"":51.4,""seq"":7}","{""phase"":""F"",""startLLA"":{""lat"":37.519378,""lon"":126.94021,""alt"":305},""endLLA"":{""lat"":37.508684,""lon"":126.95211,""alt"":305},""targetSpeed"":51.4,""seq"":8}","{""phase"":""F"",""startLLA"":{""lat"":37.508684,""lon"":126.95211,""alt"":305},""endLLA"":{""lat"":37.501448,""lon"":126.973006,""alt"":305},""targetSpeed"":51.4,""seq"":9}","{""phase"":""G"",""startLLA"":{""lat"":37.501448,""lon"":126.973006,""alt"":305},""endLLA"":{""lat"":37.497738,""lon"":126.983721,""alt"":245},""targetSpeed"":36,""seq"":10}","{""phase"":""G"",""startLLA"":{""lat"":37.497738,""lon"":126.983721,""alt"":245},""endLLA"":{""lat"":37.496706,""lon"":127.011945,""alt"":100},""targetSpeed"":36,""seq"":11}","{""phase"":""I"",""startLLA"":{""lat"":37.496706,""lon"":127.011945,""alt"":100},""endLLA"":{""lat"":37.496291,""lon"":127.023303,""alt"":15},""targetSpeed"":30,""seq"":12}","{""phase"":""J"",""startLLA"":{""lat"":37.496291,""lon"":127.023303,""alt"":15},""endLLA"":{""lat"":37.496291,""lon"":127.023303,""alt"":0},""targetSpeed"":10,""seq"":13}","{""phase"":""K"",""startLLA"":{""lat"":37.496291,""lon"":127.023303,""alt"":0},""endLLA"":{""lat"":37.496291,""lon"":127.023303,""alt"":0},""targetSpeed"":3,""seq"":14}",,,,,,,
b4a2894cba5c,2026-06-20,FPL0317003,UAM0054,a6,6,5,0.8333,상암,상암,수서,수서,9,gate-2,fato-1,gate-2,fato-3,09:07:03,09:15:52,09:25:04,09:32:54,09:42:54,529.45,552.34,470,1551.79,49.45,0,ready,상암 > 선유도 17고지 > 영등포 > 180고지 > 채석장 > 경부고속도로 양재천 다리 > 수서,24.374,14,"{""phase"":""A"",""startLLA"":{""lat"":37.562282,""lon"":126.890156,""alt"":0},""endLLA"":{""lat"":37.562282,""lon"":126.890156,""alt"":0},""targetSpeed"":3,""seq"":1}","{""phase"":""B"",""startLLA"":{""lat"":37.562282,""lon"":126.890156,""alt"":0},""endLLA"":{""lat"":37.562282,""lon"":126.890156,""alt"":15},""targetSpeed"":10,""seq"":2}","{""phase"":""C"",""startLLA"":{""lat"":37.562282,""lon"":126.890156,""alt"":15},""endLLA"":{""lat"":37.552557,""lon"":126.896161,""alt"":100},""targetSpeed"":36,""seq"":3}","{""phase"":""E"",""startLLA"":{""lat"":37.552557,""lon"":126.896161,""alt"":100},""endLLA"":{""lat"":37.542307,""lon"":126.90249,""alt"":173.8},""targetSpeed"":51.4,""seq"":4}","{""phase"":""E"",""startLLA"":{""lat"":37.542307,""lon"":126.90249,""alt"":173.8},""endLLA"":{""lat"":37.52227,""lon"":126.906496,""alt"":305},""targetSpeed"":51.4,""seq"":5}","{""phase"":""F"",""startLLA"":{""lat"":37.52227,""lon"":126.906496,""alt"":305},""endLLA"":{""lat"":37.515965,""lon"":126.907756,""alt"":305},""targetSpeed"":51.4,""seq"":6}","{""phase"":""F"",""startLLA"":{""lat"":37.515965,""lon"":126.907756,""alt"":305},""endLLA"":{""lat"":37.492877,""lon"":126.93949,""alt"":305},""targetSpeed"":51.4,""seq"":7}","{""phase"":""F"",""startLLA"":{""lat"":37.492877,""lon"":126.93949,""alt"":305},""endLLA"":{""lat"":37.471285,""lon"":126.985745,""alt"":305},""targetSpeed"":51.4,""seq"":8}","{""phase"":""F"",""startLLA"":{""lat"":37.471285,""lon"":126.985745,""alt"":305},""endLLA"":{""lat"":37.471593,""lon"":127.032031,""alt"":305},""targetSpeed"":51.4,""seq"":9}","{""phase"":""F"",""startLLA"":{""lat"":37.471593,""lon"":127.032031,""alt"":305},""endLLA"":{""lat"":37.476054,""lon"":127.051334,""alt"":305},""targetSpeed"":51.4,""seq"":10}","{""phase"":""G"",""startLLA"":{""lat"":37.476054,""lon"":127.051334,""alt"":305},""endLLA"":{""lat"":37.484918,""lon"":127.089686,""alt"":100},""targetSpeed"":36,""seq"":11}","{""phase"":""I"",""startLLA"":{""lat"":37.484918,""lon"":127.089686,""alt"":100},""endLLA"":{""lat"":37.487441,""lon"":127.100603,""alt"":15},""targetSpeed"":30,""seq"":12}","{""phase"":""J"",""startLLA"":{""lat"":37.487441,""lon"":127.100603,""alt"":15},""endLLA"":{""lat"":37.487441,""lon"":127.100603,""alt"":0},""targetSpeed"":10,""seq"":13}","{""phase"":""K"",""startLLA"":{""lat"":37.487441,""lon"":127.100603,""alt"":0},""endLLA"":{""lat"":37.487441,""lon"":127.100603,""alt"":0},""targetSpeed"":3,""seq"":14}",,,,,,,
b4a2894cba5c,2026-06-20,FPL0309003,UAM0025,a2,2,2,1,상암,상암,성수,성수,9,gate-6,fato-2,gate-5,fato-4,09:11:10,09:20:20,09:29:27,09:37:47,09:47:47,550,547.63,500,1597.63,70,106.28,ready,상암 > 선유도 17고지 > 서강대교 중간지점 > 63빌딩 > 상도터널 > 이수고가차로 > 주흥교 > 성수,18.6691,15,"{""phase"":""A"",""startLLA"":{""lat"":37.562282,""lon"":126.890156,""alt"":0},""endLLA"":{""lat"":37.562282,""lon"":126.890156,""alt"":0},""targetSpeed"":3,""seq"":1}","{""phase"":""B"",""startLLA"":{""lat"":37.562282,""lon"":126.890156,""alt"":0},""endLLA"":{""lat"":37.562282,""lon"":126.890156,""alt"":15},""targetSpeed"":10,""seq"":2}","{""phase"":""C"",""startLLA"":{""lat"":37.562282,""lon"":126.890156,""alt"":15},""endLLA"":{""lat"":37.55256,""lon"":126.896159,""alt"":100},""targetSpeed"":36,""seq"":3}","{""phase"":""E"",""startLLA"":{""lat"":37.55256,""lon"":126.896159,""alt"":100},""endLLA"":{""lat"":37.542307,""lon"":126.90249,""alt"":173.85},""targetSpeed"":51.4,""seq"":4}","{""phase"":""E"",""startLLA"":{""lat"":37.542307,""lon"":126.90249,""alt"":173.85},""endLLA"":{""lat"":37.536949,""lon"":126.924908,""alt"":293.95},""targetSpeed"":51.4,""seq"":5}","{""phase"":""E"",""startLLA"":{""lat"":37.536949,""lon"":126.924908,""alt"":293.95},""endLLA"":{""lat"":37.535544,""lon"":126.926131,""alt"":305},""targetSpeed"":51.4,""seq"":6}","{""phase"":""F"",""startLLA"":{""lat"":37.535544,""lon"":126.926131,""alt"":305},""endLLA"":{""lat"":37.519378,""lon"":126.94021,""alt"":305},""targetSpeed"":51.4,""seq"":7}","{""phase"":""F"",""startLLA"":{""lat"":37.519378,""lon"":126.94021,""alt"":305},""endLLA"":{""lat"":37.508684,""lon"":126.95211,""alt"":305},""targetSpeed"":51.4,""seq"":8}","{""phase"":""F"",""startLLA"":{""lat"":37.508684,""lon"":126.95211,""alt"":305},""endLLA"":{""lat"":37.497738,""lon"":126.983721,""alt"":305},""targetSpeed"":51.4,""seq"":9}","{""phase"":""F"",""startLLA"":{""lat"":37.497738,""lon"":126.983721,""alt"":305},""endLLA"":{""lat"":37.507423,""lon"":127.010353,""alt"":305},""targetSpeed"":51.4,""seq"":10}","{""phase"":""G"",""startLLA"":{""lat"":37.507423,""lon"":127.010353,""alt"":305},""endLLA"":{""lat"":37.509486,""lon"":127.016026,""alt"":272.98},""targetSpeed"":36,""seq"":11}","{""phase"":""G"",""startLLA"":{""lat"":37.509486,""lon"":127.016026,""alt"":272.98},""endLLA"":{""lat"":37.531493,""lon"":127.035175,""alt"":100},""targetSpeed"":36,""seq"":12}","{""phase"":""I"",""startLLA"":{""lat"":37.531493,""lon"":127.035175,""alt"":100},""endLLA"":{""lat"":37.538917,""lon"":127.041635,""alt"":15},""targetSpeed"":30,""seq"":13}","{""phase"":""J"",""startLLA"":{""lat"":37.538917,""lon"":127.041635,""alt"":15},""endLLA"":{""lat"":37.538917,""lon"":127.041635,""alt"":0},""targetSpeed"":10,""seq"":14}","{""phase"":""K"",""startLLA"":{""lat"":37.538917,""lon"":127.041635,""alt"":0},""endLLA"":{""lat"":37.538917,""lon"":127.041635,""alt"":0},""targetSpeed"":3,""seq"":15}",,,,,,
b4a2894cba5c,2026-06-20,FPL0302005,UAM0042,a2,2,2,1,상암,상암,잠실,잠실,9,gate-8,fato-1,gate-6,fato-3,09:21:48,09:30:48,09:40:07,09:47:57,09:57:57,540,559.65,470,1569.65,0,0,ready,상암 > 선유도 17고지 > 영등포 > 180고지 > 채석장 > 경부고속도로 양재천 다리 > 대치교 > 잠실,24.7496,15,"{""phase"":""A"",""startLLA"":{""lat"":37.562282,""lon"":126.890156,""alt"":0},""endLLA"":{""lat"":37.562282,""lon"":126.890156,""alt"":0},""targetSpeed"":3,""seq"":1}","{""phase"":""B"",""startLLA"":{""lat"":37.562282,""lon"":126.890156,""alt"":0},""endLLA"":{""lat"":37.562282,""lon"":126.890156,""alt"":15},""targetSpeed"":10,""seq"":2}","{""phase"":""C"",""startLLA"":{""lat"":37.562282,""lon"":126.890156,""alt"":15},""endLLA"":{""lat"":37.552558,""lon"":126.89616,""alt"":100},""targetSpeed"":36,""seq"":3}","{""phase"":""E"",""startLLA"":{""lat"":37.552558,""lon"":126.89616,""alt"":100},""endLLA"":{""lat"":37.542307,""lon"":126.90249,""alt"":173.82},""targetSpeed"":51.4,""seq"":4}","{""phase"":""E"",""startLLA"":{""lat"":37.542307,""lon"":126.90249,""alt"":173.82},""endLLA"":{""lat"":37.522274,""lon"":126.906495,""alt"":305},""targetSpeed"":51.4,""seq"":5}","{""phase"":""F"",""startLLA"":{""lat"":37.522274,""lon"":126.906495,""alt"":305},""endLLA"":{""lat"":37.515965,""lon"":126.907756,""alt"":305},""targetSpeed"":51.4,""seq"":6}","{""phase"":""F"",""startLLA"":{""lat"":37.515965,""lon"":126.907756,""alt"":305},""endLLA"":{""lat"":37.492877,""lon"":126.93949,""alt"":305},""targetSpeed"":51.4,""seq"":7}","{""phase"":""F"",""startLLA"":{""lat"":37.492877,""lon"":126.93949,""alt"":305},""endLLA"":{""lat"":37.471285,""lon"":126.985745,""alt"":305},""targetSpeed"":51.4,""seq"":8}","{""phase"":""F"",""startLLA"":{""lat"":37.471285,""lon"":126.985745,""alt"":305},""endLLA"":{""lat"":37.471593,""lon"":127.032031,""alt"":305},""targetSpeed"":51.4,""seq"":9}","{""phase"":""F"",""startLLA"":{""lat"":37.471593,""lon"":127.032031,""alt"":305},""endLLA"":{""lat"":37.483532,""lon"":127.051156,""alt"":305},""targetSpeed"":51.4,""seq"":10}","{""phase"":""G"",""startLLA"":{""lat"":37.483532,""lon"":127.051156,""alt"":305},""endLLA"":{""lat"":37.497702,""lon"":127.073855,""alt"":156.78},""targetSpeed"":36,""seq"":11}","{""phase"":""G"",""startLLA"":{""lat"":37.497702,""lon"":127.073855,""alt"":156.78},""endLLA"":{""lat"":37.506268,""lon"":127.071432,""alt"":100},""targetSpeed"":36,""seq"":12}","{""phase"":""I"",""startLLA"":{""lat"":37.506268,""lon"":127.071432,""alt"":100},""endLLA"":{""lat"":37.515071,""lon"":127.068942,""alt"":15},""targetSpeed"":30,""seq"":13}","{""phase"":""J"",""startLLA"":{""lat"":37.515071,""lon"":127.068942,""alt"":15},""endLLA"":{""lat"":37.515071,""lon"":127.068942,""alt"":0},""targetSpeed"":10,""seq"":14}","{""phase"":""K"",""startLLA"":{""lat"":37.515071,""lon"":127.068942,""alt"":0},""endLLA"":{""lat"":37.515071,""lon"":127.068942,""alt"":0},""targetSpeed"":3,""seq"":15}",,,,,,
b4a2894cba5c,2026-06-20,FPL0309004,UAM0074,a2,2,2,1,상암,상암,성수,성수,9,gate-4,fato-2,gate-4,fato-3,09:24:08,09:33:08,09:40:29,09:47:19,09:57:19,540,441.35,410,1391.35,0,0,ready,상암 > 선유도 17고지 > 서강대교 중간지점 > 63빌딩 > 상도터널 > 이수고가차로 > 주흥교 > 성수,18.6691,15,"{""phase"":""A"",""startLLA"":{""lat"":37.562282,""lon"":126.890156,""alt"":0},""endLLA"":{""lat"":37.562282,""lon"":126.890156,""alt"":0},""targetSpeed"":3,""seq"":1}","{""phase"":""B"",""startLLA"":{""lat"":37.562282,""lon"":126.890156,""alt"":0},""endLLA"":{""lat"":37.562282,""lon"":126.890156,""alt"":15},""targetSpeed"":10,""seq"":2}","{""phase"":""C"",""startLLA"":{""lat"":37.562282,""lon"":126.890156,""alt"":15},""endLLA"":{""lat"":37.55256,""lon"":126.896159,""alt"":100},""targetSpeed"":36,""seq"":3}","{""phase"":""E"",""startLLA"":{""lat"":37.55256,""lon"":126.896159,""alt"":100},""endLLA"":{""lat"":37.542307,""lon"":126.90249,""alt"":173.85},""targetSpeed"":51.4,""seq"":4}","{""phase"":""E"",""startLLA"":{""lat"":37.542307,""lon"":126.90249,""alt"":173.85},""endLLA"":{""lat"":37.536949,""lon"":126.924908,""alt"":293.95},""targetSpeed"":51.4,""seq"":5}","{""phase"":""E"",""startLLA"":{""lat"":37.536949,""lon"":126.924908,""alt"":293.95},""endLLA"":{""lat"":37.535544,""lon"":126.926131,""alt"":305},""targetSpeed"":51.4,""seq"":6}","{""phase"":""F"",""startLLA"":{""lat"":37.535544,""lon"":126.926131,""alt"":305},""endLLA"":{""lat"":37.519378,""lon"":126.94021,""alt"":305},""targetSpeed"":51.4,""seq"":7}","{""phase"":""F"",""startLLA"":{""lat"":37.519378,""lon"":126.94021,""alt"":305},""endLLA"":{""lat"":37.508684,""lon"":126.95211,""alt"":305},""targetSpeed"":51.4,""seq"":8}","{""phase"":""F"",""startLLA"":{""lat"":37.508684,""lon"":126.95211,""alt"":305},""endLLA"":{""lat"":37.497738,""lon"":126.983721,""alt"":305},""targetSpeed"":51.4,""seq"":9}","{""phase"":""F"",""startLLA"":{""lat"":37.497738,""lon"":126.983721,""alt"":305},""endLLA"":{""lat"":37.507423,""lon"":127.010353,""alt"":305},""targetSpeed"":51.4,""seq"":10}","{""phase"":""G"",""startLLA"":{""lat"":37.507423,""lon"":127.010353,""alt"":305},""endLLA"":{""lat"":37.509486,""lon"":127.016026,""alt"":272.98},""targetSpeed"":36,""seq"":11}","{""phase"":""G"",""startLLA"":{""lat"":37.509486,""lon"":127.016026,""alt"":272.98},""endLLA"":{""lat"":37.531493,""lon"":127.035175,""alt"":100},""targetSpeed"":36,""seq"":12}","{""phase"":""I"",""startLLA"":{""lat"":37.531493,""lon"":127.035175,""alt"":100},""endLLA"":{""lat"":37.538917,""lon"":127.041635,""alt"":15},""targetSpeed"":30,""seq"":13}","{""phase"":""J"",""startLLA"":{""lat"":37.538917,""lon"":127.041635,""alt"":15},""endLLA"":{""lat"":37.538917,""lon"":127.041635,""alt"":0},""targetSpeed"":10,""seq"":14}","{""phase"":""K"",""startLLA"":{""lat"":37.538917,""lon"":127.041635,""alt"":0},""endLLA"":{""lat"":37.538917,""lon"":127.041635,""alt"":0},""targetSpeed"":3,""seq"":15}",,,,,,
b4a2894cba5c,2026-06-20,FPL0308004,UAM0021,a6,6,2,0.3333,상암,상암,사당,사당,9,gate-3,fato-1,gate-4,fato-3,09:27:08,09:36:48,09:42:28,09:49:18,09:59:18,580,340.18,410,1330.18,70,0,ready,상암 > 선유도 17고지 > 영등포 > 180고지 > 사당,13.4688,12,"{""phase"":""A"",""startLLA"":{""lat"":37.562282,""lon"":126.890156,""alt"":0},""endLLA"":{""lat"":37.562282,""lon"":126.890156,""alt"":0},""targetSpeed"":3,""seq"":1}","{""phase"":""B"",""startLLA"":{""lat"":37.562282,""lon"":126.890156,""alt"":0},""endLLA"":{""lat"":37.562282,""lon"":126.890156,""alt"":15},""targetSpeed"":10,""seq"":2}","{""phase"":""C"",""startLLA"":{""lat"":37.562282,""lon"":126.890156,""alt"":15},""endLLA"":{""lat"":37.552559,""lon"":126.896159,""alt"":100},""targetSpeed"":36,""seq"":3}","{""phase"":""E"",""startLLA"":{""lat"":37.552559,""lon"":126.896159,""alt"":100},""endLLA"":{""lat"":37.542307,""lon"":126.90249,""alt"":173.84},""targetSpeed"":51.4,""seq"":4}","{""phase"":""E"",""startLLA"":{""lat"":37.542307,""lon"":126.90249,""alt"":173.84},""endLLA"":{""lat"":37.52228,""lon"":126.906494,""alt"":305},""targetSpeed"":51.4,""seq"":5}","{""phase"":""F"",""startLLA"":{""lat"":37.52228,""lon"":126.906494,""alt"":305},""endLLA"":{""lat"":37.515965,""lon"":126.907756,""alt"":305},""targetSpeed"":51.4,""seq"":6}","{""phase"":""F"",""startLLA"":{""lat"":37.515965,""lon"":126.907756,""alt"":305},""endLLA"":{""lat"":37.494741,""lon"":126.936928,""alt"":305},""targetSpeed"":51.4,""seq"":7}","{""phase"":""G"",""startLLA"":{""lat"":37.494741,""lon"":126.936928,""alt"":305},""endLLA"":{""lat"":37.492877,""lon"":126.93949,""alt"":287.16},""targetSpeed"":36,""seq"":8}","{""phase"":""G"",""startLLA"":{""lat"":37.492877,""lon"":126.93949,""alt"":287.16},""endLLA"":{""lat"":37.479834,""lon"":126.972037,""alt"":100},""targetSpeed"":36,""seq"":9}","{""phase"":""I"",""startLLA"":{""lat"":37.479834,""lon"":126.972037,""alt"":100},""endLLA"":{""lat"":37.475767,""lon"":126.982185,""alt"":15},""targetSpeed"":30,""seq"":10}","{""phase"":""J"",""startLLA"":{""lat"":37.475767,""lon"":126.982185,""alt"":15},""endLLA"":{""lat"":37.475767,""lon"":126.982185,""alt"":0},""targetSpeed"":10,""seq"":11}","{""phase"":""K"",""startLLA"":{""lat"":37.475767,""lon"":126.982185,""alt"":0},""endLLA"":{""lat"":37.475767,""lon"":126.982185,""alt"":0},""targetSpeed"":3,""seq"":12}",,,,,,,,,
b4a2894cba5c,2026-06-20,FPL0302006,UAM0032,a8,8,2,0.25,상암,상암,잠실,잠실,9,gate-7,fato-2,gate-8,fato-3,09:29:28,09:39:08,09:48:27,09:55:17,10:05:17,580,559.65,410,1549.65,70,0,ready,상암 > 선유도 17고지 > 영등포 > 180고지 > 채석장 > 경부고속도로 양재천 다리 > 대치교 > 잠실,24.7496,15,"{""phase"":""A"",""startLLA"":{""lat"":37.562282,""lon"":126.890156,""alt"":0},""endLLA"":{""lat"":37.562282,""lon"":126.890156,""alt"":0},""targetSpeed"":3,""seq"":1}","{""phase"":""B"",""startLLA"":{""lat"":37.562282,""lon"":126.890156,""alt"":0},""endLLA"":{""lat"":37.562282,""lon"":126.890156,""alt"":15},""targetSpeed"":10,""seq"":2}","{""phase"":""C"",""startLLA"":{""lat"":37.562282,""lon"":126.890156,""alt"":15},""endLLA"":{""lat"":37.552558,""lon"":126.89616,""alt"":100},""targetSpeed"":36,""seq"":3}","{""phase"":""E"",""startLLA"":{""lat"":37.552558,""lon"":126.89616,""alt"":100},""endLLA"":{""lat"":37.542307,""lon"":126.90249,""alt"":173.82},""targetSpeed"":51.4,""seq"":4}","{""phase"":""E"",""startLLA"":{""lat"":37.542307,""lon"":126.90249,""alt"":173.82},""endLLA"":{""lat"":37.522274,""lon"":126.906495,""alt"":305},""targetSpeed"":51.4,""seq"":5}","{""phase"":""F"",""startLLA"":{""lat"":37.522274,""lon"":126.906495,""alt"":305},""endLLA"":{""lat"":37.515965,""lon"":126.907756,""alt"":305},""targetSpeed"":51.4,""seq"":6}","{""phase"":""F"",""startLLA"":{""lat"":37.515965,""lon"":126.907756,""alt"":305},""endLLA"":{""lat"":37.492877,""lon"":126.93949,""alt"":305},""targetSpeed"":51.4,""seq"":7}","{""phase"":""F"",""startLLA"":{""lat"":37.492877,""lon"":126.93949,""alt"":305},""endLLA"":{""lat"":37.471285,""lon"":126.985745,""alt"":305},""targetSpeed"":51.4,""seq"":8}","{""phase"":""F"",""startLLA"":{""lat"":37.471285,""lon"":126.985745,""alt"":305},""endLLA"":{""lat"":37.471593,""lon"":127.032031,""alt"":305},""targetSpeed"":51.4,""seq"":9}","{""phase"":""F"",""startLLA"":{""lat"":37.471593,""lon"":127.032031,""alt"":305},""endLLA"":{""lat"":37.483532,""lon"":127.051156,""alt"":305},""targetSpeed"":51.4,""seq"":10}","{""phase"":""G"",""startLLA"":{""lat"":37.483532,""lon"":127.051156,""alt"":305},""endLLA"":{""lat"":37.497702,""lon"":127.073855,""alt"":156.78},""targetSpeed"":36,""seq"":11}","{""phase"":""G"",""startLLA"":{""lat"":37.497702,""lon"":127.073855,""alt"":156.78},""endLLA"":{""lat"":37.506268,""lon"":127.071432,""alt"":100},""targetSpeed"":36,""seq"":12}","{""phase"":""I"",""startLLA"":{""lat"":37.506268,""lon"":127.071432,""alt"":100},""endLLA"":{""lat"":37.515071,""lon"":127.068942,""alt"":15},""targetSpeed"":30,""seq"":13}","{""phase"":""J"",""startLLA"":{""lat"":37.515071,""lon"":127.068942,""alt"":15},""endLLA"":{""lat"":37.515071,""lon"":127.068942,""alt"":0},""targetSpeed"":10,""seq"":14}","{""phase"":""K"",""startLLA"":{""lat"":37.515071,""lon"":127.068942,""alt"":0},""endLLA"":{""lat"":37.515071,""lon"":127.068942,""alt"":0},""targetSpeed"":3,""seq"":15}",,,,,,
b4a2894cba5c,2026-06-20,FPL0313006,UAM0066,a2,2,1,0.5,상암,상암,강남,강남,9,gate-2,fato-1,gate-7,fato-4,09:35:38,09:43:38,09:49:48,09:57:08,10:07:08,480,370.93,440,1290.93,0,0,ready,상암 > 선유도 17고지 > 서강대교 중간지점 > 63빌딩 > 상도터널 > 이수고가차로 > 강남,15.0491,14,"{""phase"":""A"",""startLLA"":{""lat"":37.562282,""lon"":126.890156,""alt"":0},""endLLA"":{""lat"":37.562282,""lon"":126.890156,""alt"":0},""targetSpeed"":3,""seq"":1}","{""phase"":""B"",""startLLA"":{""lat"":37.562282,""lon"":126.890156,""alt"":0},""endLLA"":{""lat"":37.562282,""lon"":126.890156,""alt"":15},""targetSpeed"":10,""seq"":2}","{""phase"":""C"",""startLLA"":{""lat"":37.562282,""lon"":126.890156,""alt"":15},""endLLA"":{""lat"":37.552559,""lon"":126.896159,""alt"":100},""targetSpeed"":36,""seq"":3}","{""phase"":""E"",""startLLA"":{""lat"":37.552559,""lon"":126.896159,""alt"":100},""endLLA"":{""lat"":37.542307,""lon"":126.90249,""alt"":173.84},""targetSpeed"":51.4,""seq"":4}","{""phase"":""E"",""startLLA"":{""lat"":37.542307,""lon"":126.90249,""alt"":173.84},""endLLA"":{""lat"":37.536949,""lon"":126.924908,""alt"":293.93},""targetSpeed"":51.4,""seq"":5}","{""phase"":""E"",""startLLA"":{""lat"":37.536949,""lon"":126.924908,""alt"":293.93},""endLLA"":{""lat"":37.535541,""lon"":126.926134,""alt"":305},""targetSpeed"":51.4,""seq"":6}","{""phase"":""F"",""startLLA"":{""lat"":37.535541,""lon"":126.926134,""alt"":305},""endLLA"":{""lat"":37.519378,""lon"":126.94021,""alt"":305},""targetSpeed"":51.4,""seq"":7}","{""phase"":""F"",""startLLA"":{""lat"":37.519378,""lon"":126.94021,""alt"":305},""endLLA"":{""lat"":37.508684,""lon"":126.95211,""alt"":305},""targetSpeed"":51.4,""seq"":8}","{""phase"":""F"",""startLLA"":{""lat"":37.508684,""lon"":126.95211,""alt"":305},""endLLA"":{""lat"":37.501448,""lon"":126.973006,""alt"":305},""targetSpeed"":51.4,""seq"":9}","{""phase"":""G"",""startLLA"":{""lat"":37.501448,""lon"":126.973006,""alt"":305},""endLLA"":{""lat"":37.497738,""lon"":126.983721,""alt"":245},""targetSpeed"":36,""seq"":10}","{""phase"":""G"",""startLLA"":{""lat"":37.497738,""lon"":126.983721,""alt"":245},""endLLA"":{""lat"":37.496706,""lon"":127.011945,""alt"":100},""targetSpeed"":36,""seq"":11}","{""phase"":""I"",""startLLA"":{""lat"":37.496706,""lon"":127.011945,""alt"":100},""endLLA"":{""lat"":37.496291,""lon"":127.023303,""alt"":15},""targetSpeed"":30,""seq"":12}","{""phase"":""J"",""startLLA"":{""lat"":37.496291,""lon"":127.023303,""alt"":15},""endLLA"":{""lat"":37.496291,""lon"":127.023303,""alt"":0},""targetSpeed"":10,""seq"":13}","{""phase"":""K"",""startLLA"":{""lat"":37.496291,""lon"":127.023303,""alt"":0},""endLLA"":{""lat"":37.496291,""lon"":127.023303,""alt"":0},""targetSpeed"":3,""seq"":14}",,,,,,,
b4a2894cba5c,2026-06-20,FPL0309005,UAM0065,a2,2,2,1,상암,상암,성수,성수,10,gate-4,fato-1,gate-2,fato-3,10:00:00,10:09:00,10:16:21,10:24:11,10:34:11,540,441.35,470,1451.35,0,0,ready,상암 > 선유도 17고지 > 서강대교 중간지점 > 63빌딩 > 상도터널 > 이수고가차로 > 주흥교 > 성수,18.6691,15,"{""phase"":""A"",""startLLA"":{""lat"":37.562282,""lon"":126.890156,""alt"":0},""endLLA"":{""lat"":37.562282,""lon"":126.890156,""alt"":0},""targetSpeed"":3,""seq"":1}","{""phase"":""B"",""startLLA"":{""lat"":37.562282,""lon"":126.890156,""alt"":0},""endLLA"":{""lat"":37.562282,""lon"":126.890156,""alt"":15},""targetSpeed"":10,""seq"":2}","{""phase"":""C"",""startLLA"":{""lat"":37.562282,""lon"":126.890156,""alt"":15},""endLLA"":{""lat"":37.55256,""lon"":126.896159,""alt"":100},""targetSpeed"":36,""seq"":3}","{""phase"":""E"",""startLLA"":{""lat"":37.55256,""lon"":126.896159,""alt"":100},""endLLA"":{""lat"":37.542307,""lon"":126.90249,""alt"":173.85},""targetSpeed"":51.4,""seq"":4}","{""phase"":""E"",""startLLA"":{""lat"":37.542307,""lon"":126.90249,""alt"":173.85},""endLLA"":{""lat"":37.536949,""lon"":126.924908,""alt"":293.95},""targetSpeed"":51.4,""seq"":5}","{""phase"":""E"",""startLLA"":{""lat"":37.536949,""lon"":126.924908,""alt"":293.95},""endLLA"":{""lat"":37.535544,""lon"":126.926131,""alt"":305},""targetSpeed"":51.4,""seq"":6}","{""phase"":""F"",""startLLA"":{""lat"":37.535544,""lon"":126.926131,""alt"":305},""endLLA"":{""lat"":37.519378,""lon"":126.94021,""alt"":305},""targetSpeed"":51.4,""seq"":7}","{""phase"":""F"",""startLLA"":{""lat"":37.519378,""lon"":126.94021,""alt"":305},""endLLA"":{""lat"":37.508684,""lon"":126.95211,""alt"":305},""targetSpeed"":51.4,""seq"":8}","{""phase"":""F"",""startLLA"":{""lat"":37.508684,""lon"":126.95211,""alt"":305},""endLLA"":{""lat"":37.497738,""lon"":126.983721,""alt"":305},""targetSpeed"":51.4,""seq"":9}","{""phase"":""F"",""startLLA"":{""lat"":37.497738,""lon"":126.983721,""alt"":305},""endLLA"":{""lat"":37.507423,""lon"":127.010353,""alt"":305},""targetSpeed"":51.4,""seq"":10}","{""phase"":""G"",""startLLA"":{""lat"":37.507423,""lon"":127.010353,""alt"":305},""endLLA"":{""lat"":37.509486,""lon"":127.016026,""alt"":272.98},""targetSpeed"":36,""seq"":11}","{""phase"":""G"",""startLLA"":{""lat"":37.509486,""lon"":127.016026,""alt"":272.98},""endLLA"":{""lat"":37.531493,""lon"":127.035175,""alt"":100},""targetSpeed"":36,""seq"":12}","{""phase"":""I"",""startLLA"":{""lat"":37.531493,""lon"":127.035175,""alt"":100},""endLLA"":{""lat"":37.538917,""lon"":127.041635,""alt"":15},""targetSpeed"":30,""seq"":13}","{""phase"":""J"",""startLLA"":{""lat"":37.538917,""lon"":127.041635,""alt"":15},""endLLA"":{""lat"":37.538917,""lon"":127.041635,""alt"":0},""targetSpeed"":10,""seq"":14}","{""phase"":""K"",""startLLA"":{""lat"":37.538917,""lon"":127.041635,""alt"":0},""endLLA"":{""lat"":37.538917,""lon"":127.041635,""alt"":0},""targetSpeed"":3,""seq"":15}",,,,,,
b4a2894cba5c,2026-06-20,FPL0317004,UAM0020,a4,4,4,1,상암,상암,수서,수서,10,gate-8,fato-1,gate-3,fato-4,10:06:00,10:15:00,10:24:12,10:31:32,10:41:32,540,552.34,440,1532.34,0,0,ready,상암 > 선유도 17고지 > 영등포 > 180고지 > 채석장 > 경부고속도로 양재천 다리 > 수서,24.374,14,"{""phase"":""A"",""startLLA"":{""lat"":37.562282,""lon"":126.890156,""alt"":0},""endLLA"":{""lat"":37.562282,""lon"":126.890156,""alt"":0},""targetSpeed"":3,""seq"":1}","{""phase"":""B"",""startLLA"":{""lat"":37.562282,""lon"":126.890156,""alt"":0},""endLLA"":{""lat"":37.562282,""lon"":126.890156,""alt"":15},""targetSpeed"":10,""seq"":2}","{""phase"":""C"",""startLLA"":{""lat"":37.562282,""lon"":126.890156,""alt"":15},""endLLA"":{""lat"":37.552557,""lon"":126.896161,""alt"":100},""targetSpeed"":36,""seq"":3}","{""phase"":""E"",""startLLA"":{""lat"":37.552557,""lon"":126.896161,""alt"":100},""endLLA"":{""lat"":37.542307,""lon"":126.90249,""alt"":173.8},""targetSpeed"":51.4,""seq"":4}","{""phase"":""E"",""startLLA"":{""lat"":37.542307,""lon"":126.90249,""alt"":173.8},""endLLA"":{""lat"":37.52227,""lon"":126.906496,""alt"":305},""targetSpeed"":51.4,""seq"":5}","{""phase"":""F"",""startLLA"":{""lat"":37.52227,""lon"":126.906496,""alt"":305},""endLLA"":{""lat"":37.515965,""lon"":126.907756,""alt"":305},""targetSpeed"":51.4,""seq"":6}","{""phase"":""F"",""startLLA"":{""lat"":37.515965,""lon"":126.907756,""alt"":305},""endLLA"":{""lat"":37.492877,""lon"":126.93949,""alt"":305},""targetSpeed"":51.4,""seq"":7}","{""phase"":""F"",""startLLA"":{""lat"":37.492877,""lon"":126.93949,""alt"":305},""endLLA"":{""lat"":37.471285,""lon"":126.985745,""alt"":305},""targetSpeed"":51.4,""seq"":8}","{""phase"":""F"",""startLLA"":{""lat"":37.471285,""lon"":126.985745,""alt"":305},""endLLA"":{""lat"":37.471593,""lon"":127.032031,""alt"":305},""targetSpeed"":51.4,""seq"":9}","{""phase"":""F"",""startLLA"":{""lat"":37.471593,""lon"":127.032031,""alt"":305},""endLLA"":{""lat"":37.476054,""lon"":127.051334,""alt"":305},""targetSpeed"":51.4,""seq"":10}","{""phase"":""G"",""startLLA"":{""lat"":37.476054,""lon"":127.051334,""alt"":305},""endLLA"":{""lat"":37.484918,""lon"":127.089686,""alt"":100},""targetSpeed"":36,""seq"":11}","{""phase"":""I"",""startLLA"":{""lat"":37.484918,""lon"":127.089686,""alt"":100},""endLLA"":{""lat"":37.487441,""lon"":127.100603,""alt"":15},""targetSpeed"":30,""seq"":12}","{""phase"":""J"",""startLLA"":{""lat"":37.487441,""lon"":127.100603,""alt"":15},""endLLA"":{""lat"":37.487441,""lon"":127.100603,""alt"":0},""targetSpeed"":10,""seq"":13}","{""phase"":""K"",""startLLA"":{""lat"":37.487441,""lon"":127.100603,""alt"":0},""endLLA"":{""lat"":37.487441,""lon"":127.100603,""alt"":0},""targetSpeed"":3,""seq"":14}",,,,,,,
b4a2894cba5c,2026-06-20,FPL0313007,UAM0037,a6,6,3,0.5,상암,상암,강남,강남,10,gate-3,fato-2,gate-2,fato-3,10:07:10,10:15:40,10:21:50,10:29:40,10:39:40,510,370.93,470,1350.93,0,0,ready,상암 > 선유도 17고지 > 서강대교 중간지점 > 63빌딩 > 상도터널 > 이수고가차로 > 강남,15.0491,14,"{""phase"":""A"",""startLLA"":{""lat"":37.562282,""lon"":126.890156,""alt"":0},""endLLA"":{""lat"":37.562282,""lon"":126.890156,""alt"":0},""targetSpeed"":3,""seq"":1}","{""phase"":""B"",""startLLA"":{""lat"":37.562282,""lon"":126.890156,""alt"":0},""endLLA"":{""lat"":37.562282,""lon"":126.890156,""alt"":15},""targetSpeed"":10,""seq"":2}","{""phase"":""C"",""startLLA"":{""lat"":37.562282,""lon"":126.890156,""alt"":15},""endLLA"":{""lat"":37.552559,""lon"":126.896159,""alt"":100},""targetSpeed"":36,""seq"":3}","{""phase"":""E"",""startLLA"":{""lat"":37.552559,""lon"":126.896159,""alt"":100},""endLLA"":{""lat"":37.542307,""lon"":126.90249,""alt"":173.84},""targetSpeed"":51.4,""seq"":4}","{""phase"":""E"",""startLLA"":{""lat"":37.542307,""lon"":126.90249,""alt"":173.84},""endLLA"":{""lat"":37.536949,""lon"":126.924908,""alt"":293.93},""targetSpeed"":51.4,""seq"":5}","{""phase"":""E"",""startLLA"":{""lat"":37.536949,""lon"":126.924908,""alt"":293.93},""endLLA"":{""lat"":37.535541,""lon"":126.926134,""alt"":305},""targetSpeed"":51.4,""seq"":6}","{""phase"":""F"",""startLLA"":{""lat"":37.535541,""lon"":126.926134,""alt"":305},""endLLA"":{""lat"":37.519378,""lon"":126.94021,""alt"":305},""targetSpeed"":51.4,""seq"":7}","{""phase"":""F"",""startLLA"":{""lat"":37.519378,""lon"":126.94021,""alt"":305},""endLLA"":{""lat"":37.508684,""lon"":126.95211,""alt"":305},""targetSpeed"":51.4,""seq"":8}","{""phase"":""F"",""startLLA"":{""lat"":37.508684,""lon"":126.95211,""alt"":305},""endLLA"":{""lat"":37.501448,""lon"":126.973006,""alt"":305},""targetSpeed"":51.4,""seq"":9}","{""phase"":""G"",""startLLA"":{""lat"":37.501448,""lon"":126.973006,""alt"":305},""endLLA"":{""lat"":37.497738,""lon"":126.983721,""alt"":245},""targetSpeed"":36,""seq"":10}","{""phase"":""G"",""startLLA"":{""lat"":37.497738,""lon"":126.983721,""alt"":245},""endLLA"":{""lat"":37.496706,""lon"":127.011945,""alt"":100},""targetSpeed"":36,""seq"":11}","{""phase"":""I"",""startLLA"":{""lat"":37.496706,""lon"":127.011945,""alt"":100},""endLLA"":{""lat"":37.496291,""lon"":127.023303,""alt"":15},""targetSpeed"":30,""seq"":12}","{""phase"":""J"",""startLLA"":{""lat"":37.496291,""lon"":127.023303,""alt"":15},""endLLA"":{""lat"":37.496291,""lon"":127.023303,""alt"":0},""targetSpeed"":10,""seq"":13}","{""phase"":""K"",""startLLA"":{""lat"":37.496291,""lon"":127.023303,""alt"":0},""endLLA"":{""lat"":37.496291,""lon"":127.023303,""alt"":0},""targetSpeed"":3,""seq"":14}",,,,,,,
b4a2894cba5c,2026-06-20,FPL0311004,UAM0001,a2,2,2,1,상암,상암,천호,천호,10,gate-7,fato-1,gate-4,fato-3,10:11:20,10:21:00,10:35:33,10:42:23,10:52:23,580,873.41,410,1863.41,70,117.41,ready,상암 > 선유도 17고지 > 서강대교 중간지점 > 63빌딩 > 상도터널 > 이수고가차로 > 주흥교 > 성수대교 남단 > 청담대교 중간지점 > 잠실대교 중간지점 > 천호,26.6459,18,"{""phase"":""A"",""startLLA"":{""lat"":37.562282,""lon"":126.890156,""alt"":0},""endLLA"":{""lat"":37.562282,""lon"":126.890156,""alt"":0},""targetSpeed"":3,""seq"":1}","{""phase"":""B"",""startLLA"":{""lat"":37.562282,""lon"":126.890156,""alt"":0},""endLLA"":{""lat"":37.562282,""lon"":126.890156,""alt"":15},""targetSpeed"":10,""seq"":2}","{""phase"":""C"",""startLLA"":{""lat"":37.562282,""lon"":126.890156,""alt"":15},""endLLA"":{""lat"":37.55256,""lon"":126.896159,""alt"":100},""targetSpeed"":36,""seq"":3}","{""phase"":""E"",""startLLA"":{""lat"":37.55256,""lon"":126.896159,""alt"":100},""endLLA"":{""lat"":37.542307,""lon"":126.90249,""alt"":173.85},""targetSpeed"":51.4,""seq"":4}","{""phase"":""E"",""startLLA"":{""lat"":37.542307,""lon"":126.90249,""alt"":173.85},""endLLA"":{""lat"":37.536949,""lon"":126.924908,""alt"":293.96},""targetSpeed"":51.4,""seq"":5}","{""phase"":""E"",""startLLA"":{""lat"":37.536949,""lon"":126.924908,""alt"":293.96},""endLLA"":{""lat"":37.535545,""lon"":126.926131,""alt"":305},""targetSpeed"":51.4,""seq"":6}","{""phase"":""F"",""startLLA"":{""lat"":37.535545,""lon"":126.926131,""alt"":305},""endLLA"":{""lat"":37.519378,""lon"":126.94021,""alt"":305},""targetSpeed"":51.4,""seq"":7}","{""phase"":""F"",""startLLA"":{""lat"":37.519378,""lon"":126.94021,""alt"":305},""endLLA"":{""lat"":37.508684,""lon"":126.95211,""alt"":305},""targetSpeed"":51.4,""seq"":8}","{""phase"":""F"",""startLLA"":{""lat"":37.508684,""lon"":126.95211,""alt"":305},""endLLA"":{""lat"":37.497738,""lon"":126.983721,""alt"":305},""targetSpeed"":51.4,""seq"":9}","{""phase"":""F"",""startLLA"":{""lat"":37.497738,""lon"":126.983721,""alt"":305},""endLLA"":{""lat"":37.509486,""lon"":127.016026,""alt"":305},""targetSpeed"":51.4,""seq"":10}","{""phase"":""F"",""startLLA"":{""lat"":37.509486,""lon"":127.016026,""alt"":305},""endLLA"":{""lat"":37.53537,""lon"":127.034503,""alt"":305},""targetSpeed"":51.4,""seq"":11}","{""phase"":""F"",""startLLA"":{""lat"":37.53537,""lon"":127.034503,""alt"":305},""endLLA"":{""lat"":37.526451,""lon"":127.064361,""alt"":305},""targetSpeed"":51.4,""seq"":12}","{""phase"":""F"",""startLLA"":{""lat"":37.526451,""lon"":127.064361,""alt"":305},""endLLA"":{""lat"":37.52529,""lon"":127.079002,""alt"":305},""targetSpeed"":51.4,""seq"":13}","{""phase"":""G"",""startLLA"":{""lat"":37.52529,""lon"":127.079002,""alt"":305},""endLLA"":{""lat"":37.524288,""lon"":127.091639,""alt"":239.84},""targetSpeed"":36,""seq"":14}","{""phase"":""G"",""startLLA"":{""lat"":37.524288,""lon"":127.091639,""alt"":239.84},""endLLA"":{""lat"":37.539419,""lon"":127.111107,""alt"":100},""targetSpeed"":36,""seq"":15}","{""phase"":""I"",""startLLA"":{""lat"":37.539419,""lon"":127.111107,""alt"":100},""endLLA"":{""lat"":37.545733,""lon"":127.11923,""alt"":15},""targetSpeed"":30,""seq"":16}","{""phase"":""J"",""startLLA"":{""lat"":37.545733,""lon"":127.11923,""alt"":15},""endLLA"":{""lat"":37.545733,""lon"":127.11923,""alt"":0},""targetSpeed"":10,""seq"":17}","{""phase"":""K"",""startLLA"":{""lat"":37.545733,""lon"":127.11923,""alt"":0},""endLLA"":{""lat"":37.545733,""lon"":127.11923,""alt"":0},""targetSpeed"":3,""seq"":18}",,,
b4a2894cba5c,2026-06-20,FPL0309006,UAM0081,a2,2,2,1,상암,상암,성수,성수,10,gate-4,fato-1,gate-3,fato-3,10:19:33,10:28:33,10:40:25,10:47:45,10:57:45,540,712.63,440,1692.63,0,271.28,ready,상암 > 선유도 17고지 > 서강대교 중간지점 > 63빌딩 > 상도터널 > 이수고가차로 > 주흥교 > 성수,18.6691,15,"{""phase"":""A"",""startLLA"":{""lat"":37.562282,""lon"":126.890156,""alt"":0},""endLLA"":{""lat"":37.562282,""lon"":126.890156,""alt"":0},""targetSpeed"":3,""seq"":1}","{""phase"":""B"",""startLLA"":{""lat"":37.562282,""lon"":126.890156,""alt"":0},""endLLA"":{""lat"":37.562282,""lon"":126.890156,""alt"":15},""targetSpeed"":10,""seq"":2}","{""phase"":""C"",""startLLA"":{""lat"":37.562282,""lon"":126.890156,""alt"":15},""endLLA"":{""lat"":37.55256,""lon"":126.896159,""alt"":100},""targetSpeed"":36,""seq"":3}","{""phase"":""E"",""startLLA"":{""lat"":37.55256,""lon"":126.896159,""alt"":100},""endLLA"":{""lat"":37.542307,""lon"":126.90249,""alt"":173.85},""targetSpeed"":51.4,""seq"":4}","{""phase"":""E"",""startLLA"":{""lat"":37.542307,""lon"":126.90249,""alt"":173.85},""endLLA"":{""lat"":37.536949,""lon"":126.924908,""alt"":293.95},""targetSpeed"":51.4,""seq"":5}","{""phase"":""E"",""startLLA"":{""lat"":37.536949,""lon"":126.924908,""alt"":293.95},""endLLA"":{""lat"":37.535544,""lon"":126.926131,""alt"":305},""targetSpeed"":51.4,""seq"":6}","{""phase"":""F"",""startLLA"":{""lat"":37.535544,""lon"":126.926131,""alt"":305},""endLLA"":{""lat"":37.519378,""lon"":126.94021,""alt"":305},""targetSpeed"":51.4,""seq"":7}","{""phase"":""F"",""startLLA"":{""lat"":37.519378,""lon"":126.94021,""alt"":305},""endLLA"":{""lat"":37.508684,""lon"":126.95211,""alt"":305},""targetSpeed"":51.4,""seq"":8}","{""phase"":""F"",""startLLA"":{""lat"":37.508684,""lon"":126.95211,""alt"":305},""endLLA"":{""lat"":37.497738,""lon"":126.983721,""alt"":305},""targetSpeed"":51.4,""seq"":9}","{""phase"":""F"",""startLLA"":{""lat"":37.497738,""lon"":126.983721,""alt"":305},""endLLA"":{""lat"":37.507423,""lon"":127.010353,""alt"":305},""targetSpeed"":51.4,""seq"":10}","{""phase"":""G"",""startLLA"":{""lat"":37.507423,""lon"":127.010353,""alt"":305},""endLLA"":{""lat"":37.509486,""lon"":127.016026,""alt"":272.98},""targetSpeed"":36,""seq"":11}","{""phase"":""G"",""startLLA"":{""lat"":37.509486,""lon"":127.016026,""alt"":272.98},""endLLA"":{""lat"":37.531493,""lon"":127.035175,""alt"":100},""targetSpeed"":36,""seq"":12}","{""phase"":""I"",""startLLA"":{""lat"":37.531493,""lon"":127.035175,""alt"":100},""endLLA"":{""lat"":37.538917,""lon"":127.041635,""alt"":15},""targetSpeed"":30,""seq"":13}","{""phase"":""J"",""startLLA"":{""lat"":37.538917,""lon"":127.041635,""alt"":15},""endLLA"":{""lat"":37.538917,""lon"":127.041635,""alt"":0},""targetSpeed"":10,""seq"":14}","{""phase"":""K"",""startLLA"":{""lat"":37.538917,""lon"":127.041635,""alt"":0},""endLLA"":{""lat"":37.538917,""lon"":127.041635,""alt"":0},""targetSpeed"":3,""seq"":15}",,,,,,
b4a2894cba5c,2026-06-20,FPL0316004,UAM0035,a4,4,2,0.5,상암,상암,망우,망우,10,gate-8,fato-2,gate-2,fato-3,10:24:44,10:33:44,10:43:46,10:51:36,11:01:36,540,602.45,470,1612.45,0,0,ready,상암 > 선유도 17고지 > 서강대교 중간지점 > 63빌딩 > 상도터널 > 이수고가차로 > 주흥교 > 성수대교 남단 > 왕십리역 > 청량리 > 망우,26.9495,18,"{""phase"":""A"",""startLLA"":{""lat"":37.562282,""lon"":126.890156,""alt"":0},""endLLA"":{""lat"":37.562282,""lon"":126.890156,""alt"":0},""targetSpeed"":3,""seq"":1}","{""phase"":""B"",""startLLA"":{""lat"":37.562282,""lon"":126.890156,""alt"":0},""endLLA"":{""lat"":37.562282,""lon"":126.890156,""alt"":15},""targetSpeed"":10,""seq"":2}","{""phase"":""C"",""startLLA"":{""lat"":37.562282,""lon"":126.890156,""alt"":15},""endLLA"":{""lat"":37.552561,""lon"":126.896158,""alt"":100},""targetSpeed"":36,""seq"":3}","{""phase"":""E"",""startLLA"":{""lat"":37.552561,""lon"":126.896158,""alt"":100},""endLLA"":{""lat"":37.542307,""lon"":126.90249,""alt"":173.87},""targetSpeed"":51.4,""seq"":4}","{""phase"":""E"",""startLLA"":{""lat"":37.542307,""lon"":126.90249,""alt"":173.87},""endLLA"":{""lat"":37.536949,""lon"":126.924908,""alt"":293.99},""targetSpeed"":51.4,""seq"":5}","{""phase"":""E"",""startLLA"":{""lat"":37.536949,""lon"":126.924908,""alt"":293.99},""endLLA"":{""lat"":37.535549,""lon"":126.926127,""alt"":305},""targetSpeed"":51.4,""seq"":6}","{""phase"":""F"",""startLLA"":{""lat"":37.535549,""lon"":126.926127,""alt"":305},""endLLA"":{""lat"":37.519378,""lon"":126.94021,""alt"":305},""targetSpeed"":51.4,""seq"":7}","{""phase"":""F"",""startLLA"":{""lat"":37.519378,""lon"":126.94021,""alt"":305},""endLLA"":{""lat"":37.508684,""lon"":126.95211,""alt"":305},""targetSpeed"":51.4,""seq"":8}","{""phase"":""F"",""startLLA"":{""lat"":37.508684,""lon"":126.95211,""alt"":305},""endLLA"":{""lat"":37.497738,""lon"":126.983721,""alt"":305},""targetSpeed"":51.4,""seq"":9}","{""phase"":""F"",""startLLA"":{""lat"":37.497738,""lon"":126.983721,""alt"":305},""endLLA"":{""lat"":37.509486,""lon"":127.016026,""alt"":305},""targetSpeed"":51.4,""seq"":10}","{""phase"":""F"",""startLLA"":{""lat"":37.509486,""lon"":127.016026,""alt"":305},""endLLA"":{""lat"":37.53537,""lon"":127.034503,""alt"":305},""targetSpeed"":51.4,""seq"":11}","{""phase"":""F"",""startLLA"":{""lat"":37.53537,""lon"":127.034503,""alt"":305},""endLLA"":{""lat"":37.561925,""lon"":127.038491,""alt"":305},""targetSpeed"":51.4,""seq"":12}","{""phase"":""F"",""startLLA"":{""lat"":37.561925,""lon"":127.038491,""alt"":305},""endLLA"":{""lat"":37.573839,""lon"":127.044841,""alt"":305},""targetSpeed"":51.4,""seq"":13}","{""phase"":""G"",""startLLA"":{""lat"":37.573839,""lon"":127.044841,""alt"":305},""endLLA"":{""lat"":37.581542,""lon"":127.048947,""alt"":250.9},""targetSpeed"":36,""seq"":14}","{""phase"":""G"",""startLLA"":{""lat"":37.581542,""lon"":127.048947,""alt"":250.9},""endLLA"":{""lat"":37.592631,""lon"":127.074841,""alt"":100},""targetSpeed"":36,""seq"":15}","{""phase"":""I"",""startLLA"":{""lat"":37.592631,""lon"":127.074841,""alt"":100},""endLLA"":{""lat"":37.596919,""lon"":127.084854,""alt"":15},""targetSpeed"":30,""seq"":16}","{""phase"":""J"",""startLLA"":{""lat"":37.596919,""lon"":127.084854,""alt"":15},""endLLA"":{""lat"":37.596919,""lon"":127.084854,""alt"":0},""targetSpeed"":10,""seq"":17}","{""phase"":""K"",""startLLA"":{""lat"":37.596919,""lon"":127.084854,""alt"":0},""endLLA"":{""lat"":37.596919,""lon"":127.084854,""alt"":0},""targetSpeed"":3,""seq"":18}",,,
b4a2894cba5c,2026-06-20,FPL0309007,UAM0042,a2,2,1,0.5,상암,상암,성수,성수,10,gate-3,fato-1,gate-6,fato-4,10:33:28,10:41:58,10:49:19,10:57:09,11:07:09,510,441.35,470,1421.35,0,0,ready,상암 > 선유도 17고지 > 서강대교 중간지점 > 63빌딩 > 상도터널 > 이수고가차로 > 주흥교 > 성수,18.6691,15,"{""phase"":""A"",""startLLA"":{""lat"":37.562282,""lon"":126.890156,""alt"":0},""endLLA"":{""lat"":37.562282,""lon"":126.890156,""alt"":0},""targetSpeed"":3,""seq"":1}","{""phase"":""B"",""startLLA"":{""lat"":37.562282,""lon"":126.890156,""alt"":0},""endLLA"":{""lat"":37.562282,""lon"":126.890156,""alt"":15},""targetSpeed"":10,""seq"":2}","{""phase"":""C"",""startLLA"":{""lat"":37.562282,""lon"":126.890156,""alt"":15},""endLLA"":{""lat"":37.55256,""lon"":126.896159,""alt"":100},""targetSpeed"":36,""seq"":3}","{""phase"":""E"",""startLLA"":{""lat"":37.55256,""lon"":126.896159,""alt"":100},""endLLA"":{""lat"":37.542307,""lon"":126.90249,""alt"":173.85},""targetSpeed"":51.4,""seq"":4}","{""phase"":""E"",""startLLA"":{""lat"":37.542307,""lon"":126.90249,""alt"":173.85},""endLLA"":{""lat"":37.536949,""lon"":126.924908,""alt"":293.95},""targetSpeed"":51.4,""seq"":5}","{""phase"":""E"",""startLLA"":{""lat"":37.536949,""lon"":126.924908,""alt"":293.95},""endLLA"":{""lat"":37.535544,""lon"":126.926131,""alt"":305},""targetSpeed"":51.4,""seq"":6}","{""phase"":""F"",""startLLA"":{""lat"":37.535544,""lon"":126.926131,""alt"":305},""endLLA"":{""lat"":37.519378,""lon"":126.94021,""alt"":305},""targetSpeed"":51.4,""seq"":7}","{""phase"":""F"",""startLLA"":{""lat"":37.519378,""lon"":126.94021,""alt"":305},""endLLA"":{""lat"":37.508684,""lon"":126.95211,""alt"":305},""targetSpeed"":51.4,""seq"":8}","{""phase"":""F"",""startLLA"":{""lat"":37.508684,""lon"":126.95211,""alt"":305},""endLLA"":{""lat"":37.497738,""lon"":126.983721,""alt"":305},""targetSpeed"":51.4,""seq"":9}","{""phase"":""F"",""startLLA"":{""lat"":37.497738,""lon"":126.983721,""alt"":305},""endLLA"":{""lat"":37.507423,""lon"":127.010353,""alt"":305},""targetSpeed"":51.4,""seq"":10}","{""phase"":""G"",""startLLA"":{""lat"":37.507423,""lon"":127.010353,""alt"":305},""endLLA"":{""lat"":37.509486,""lon"":127.016026,""alt"":272.98},""targetSpeed"":36,""seq"":11}","{""phase"":""G"",""startLLA"":{""lat"":37.509486,""lon"":127.016026,""alt"":272.98},""endLLA"":{""lat"":37.531493,""lon"":127.035175,""alt"":100},""targetSpeed"":36,""seq"":12}","{""phase"":""I"",""startLLA"":{""lat"":37.531493,""lon"":127.035175,""alt"":100},""endLLA"":{""lat"":37.538917,""lon"":127.041635,""alt"":15},""targetSpeed"":30,""seq"":13}","{""phase"":""J"",""startLLA"":{""lat"":37.538917,""lon"":127.041635,""alt"":15},""endLLA"":{""lat"":37.538917,""lon"":127.041635,""alt"":0},""targetSpeed"":10,""seq"":14}","{""phase"":""K"",""startLLA"":{""lat"":37.538917,""lon"":127.041635,""alt"":0},""endLLA"":{""lat"":37.538917,""lon"":127.041635,""alt"":0},""targetSpeed"":3,""seq"":15}",,,,,,
b4a2894cba5c,2026-06-20,FPL0308005,UAM0028,a4,4,4,1,상암,상암,사당,사당,11,gate-7,fato-1,gate-8,fato-3,11:00:00,11:08:30,11:14:10,11:21:00,11:31:00,510,340.18,410,1260.18,0,0,ready,상암 > 선유도 17고지 > 영등포 > 180고지 > 사당,13.4688,12,"{""phase"":""A"",""startLLA"":{""lat"":37.562282,""lon"":126.890156,""alt"":0},""endLLA"":{""lat"":37.562282,""lon"":126.890156,""alt"":0},""targetSpeed"":3,""seq"":1}","{""phase"":""B"",""startLLA"":{""lat"":37.562282,""lon"":126.890156,""alt"":0},""endLLA"":{""lat"":37.562282,""lon"":126.890156,""alt"":15},""targetSpeed"":10,""seq"":2}","{""phase"":""C"",""startLLA"":{""lat"":37.562282,""lon"":126.890156,""alt"":15},""endLLA"":{""lat"":37.552559,""lon"":126.896159,""alt"":100},""targetSpeed"":36,""seq"":3}","{""phase"":""E"",""startLLA"":{""lat"":37.552559,""lon"":126.896159,""alt"":100},""endLLA"":{""lat"":37.542307,""lon"":126.90249,""alt"":173.84},""targetSpeed"":51.4,""seq"":4}","{""phase"":""E"",""startLLA"":{""lat"":37.542307,""lon"":126.90249,""alt"":173.84},""endLLA"":{""lat"":37.52228,""lon"":126.906494,""alt"":305},""targetSpeed"":51.4,""seq"":5}","{""phase"":""F"",""startLLA"":{""lat"":37.52228,""lon"":126.906494,""alt"":305},""endLLA"":{""lat"":37.515965,""lon"":126.907756,""alt"":305},""targetSpeed"":51.4,""seq"":6}","{""phase"":""F"",""startLLA"":{""lat"":37.515965,""lon"":126.907756,""alt"":305},""endLLA"":{""lat"":37.494741,""lon"":126.936928,""alt"":305},""targetSpeed"":51.4,""seq"":7}","{""phase"":""G"",""startLLA"":{""lat"":37.494741,""lon"":126.936928,""alt"":305},""endLLA"":{""lat"":37.492877,""lon"":126.93949,""alt"":287.16},""targetSpeed"":36,""seq"":8}","{""phase"":""G"",""startLLA"":{""lat"":37.492877,""lon"":126.93949,""alt"":287.16},""endLLA"":{""lat"":37.479834,""lon"":126.972037,""alt"":100},""targetSpeed"":36,""seq"":9}","{""phase"":""I"",""startLLA"":{""lat"":37.479834,""lon"":126.972037,""alt"":100},""endLLA"":{""lat"":37.475767,""lon"":126.982185,""alt"":15},""targetSpeed"":30,""seq"":10}","{""phase"":""J"",""startLLA"":{""lat"":37.475767,""lon"":126.982185,""alt"":15},""endLLA"":{""lat"":37.475767,""lon"":126.982185,""alt"":0},""targetSpeed"":10,""seq"":11}","{""phase"":""K"",""startLLA"":{""lat"":37.475767,""lon"":126.982185,""alt"":0},""endLLA"":{""lat"":37.475767,""lon"":126.982185,""alt"":0},""targetSpeed"":3,""seq"":12}",,,,,,,,,
b4a2894cba5c,2026-06-20,FPL0317005,UAM0066,a2,2,2,1,상암,상암,수서,수서,11,gate-4,fato-2,gate-6,fato-4,11:00:00,11:09:10,11:18:22,11:26:44,11:36:44,550,552.34,501.85,1604.19,10,31.85,ready,상암 > 선유도 17고지 > 영등포 > 180고지 > 채석장 > 경부고속도로 양재천 다리 > 수서,24.374,14,"{""phase"":""A"",""startLLA"":{""lat"":37.562282,""lon"":126.890156,""alt"":0},""endLLA"":{""lat"":37.562282,""lon"":126.890156,""alt"":0},""targetSpeed"":3,""seq"":1}","{""phase"":""B"",""startLLA"":{""lat"":37.562282,""lon"":126.890156,""alt"":0},""endLLA"":{""lat"":37.562282,""lon"":126.890156,""alt"":15},""targetSpeed"":10,""seq"":2}","{""phase"":""C"",""startLLA"":{""lat"":37.562282,""lon"":126.890156,""alt"":15},""endLLA"":{""lat"":37.552557,""lon"":126.896161,""alt"":100},""targetSpeed"":36,""seq"":3}","{""phase"":""E"",""startLLA"":{""lat"":37.552557,""lon"":126.896161,""alt"":100},""endLLA"":{""lat"":37.542307,""lon"":126.90249,""alt"":173.8},""targetSpeed"":51.4,""seq"":4}","{""phase"":""E"",""startLLA"":{""lat"":37.542307,""lon"":126.90249,""alt"":173.8},""endLLA"":{""lat"":37.52227,""lon"":126.906496,""alt"":305},""targetSpeed"":51.4,""seq"":5}","{""phase"":""F"",""startLLA"":{""lat"":37.52227,""lon"":126.906496,""alt"":305},""endLLA"":{""lat"":37.515965,""lon"":126.907756,""alt"":305},""targetSpeed"":51.4,""seq"":6}","{""phase"":""F"",""startLLA"":{""lat"":37.515965,""lon"":126.907756,""alt"":305},""endLLA"":{""lat"":37.492877,""lon"":126.93949,""alt"":305},""targetSpeed"":51.4,""seq"":7}","{""phase"":""F"",""startLLA"":{""lat"":37.492877,""lon"":126.93949,""alt"":305},""endLLA"":{""lat"":37.471285,""lon"":126.985745,""alt"":305},""targetSpeed"":51.4,""seq"":8}","{""phase"":""F"",""startLLA"":{""lat"":37.471285,""lon"":126.985745,""alt"":305},""endLLA"":{""lat"":37.471593,""lon"":127.032031,""alt"":305},""targetSpeed"":51.4,""seq"":9}","{""phase"":""F"",""startLLA"":{""lat"":37.471593,""lon"":127.032031,""alt"":305},""endLLA"":{""lat"":37.476054,""lon"":127.051334,""alt"":305},""targetSpeed"":51.4,""seq"":10}","{""phase"":""G"",""startLLA"":{""lat"":37.476054,""lon"":127.051334,""alt"":305},""endLLA"":{""lat"":37.484918,""lon"":127.089686,""alt"":100},""targetSpeed"":36,""seq"":11}","{""phase"":""I"",""startLLA"":{""lat"":37.484918,""lon"":127.089686,""alt"":100},""endLLA"":{""lat"":37.487441,""lon"":127.100603,""alt"":15},""targetSpeed"":30,""seq"":12}","{""phase"":""J"",""startLLA"":{""lat"":37.487441,""lon"":127.100603,""alt"":15},""endLLA"":{""lat"":37.487441,""lon"":127.100603,""alt"":0},""targetSpeed"":10,""seq"":13}","{""phase"":""K"",""startLLA"":{""lat"":37.487441,""lon"":127.100603,""alt"":0},""endLLA"":{""lat"":37.487441,""lon"":127.100603,""alt"":0},""targetSpeed"":3,""seq"":14}",,,,,,,
b4a2894cba5c,2026-06-20,FPL0311005,UAM0105,a2,2,2,1,상암,상암,천호,천호,11,gate-8,fato-1,gate-6,fato-3,11:00:00,11:14:30,11:30:06,11:37:56,11:47:56,870,936.48,470,2276.48,330,339.93,ready,상암 > 선유도 17고지 > 서강대교 중간지점 > 63빌딩 > 상도터널 > 이수고가차로 > 주흥교 > 성수대교 남단 > 청담대교 중간지점 > 잠실대교 중간지점 > 천호,26.6459,18,"{""phase"":""A"",""startLLA"":{""lat"":37.562282,""lon"":126.890156,""alt"":0},""endLLA"":{""lat"":37.562282,""lon"":126.890156,""alt"":0},""targetSpeed"":3,""seq"":1}","{""phase"":""B"",""startLLA"":{""lat"":37.562282,""lon"":126.890156,""alt"":0},""endLLA"":{""lat"":37.562282,""lon"":126.890156,""alt"":15},""targetSpeed"":10,""seq"":2}","{""phase"":""C"",""startLLA"":{""lat"":37.562282,""lon"":126.890156,""alt"":15},""endLLA"":{""lat"":37.55256,""lon"":126.896159,""alt"":100},""targetSpeed"":36,""seq"":3}","{""phase"":""E"",""startLLA"":{""lat"":37.55256,""lon"":126.896159,""alt"":100},""endLLA"":{""lat"":37.542307,""lon"":126.90249,""alt"":173.85},""targetSpeed"":51.4,""seq"":4}","{""phase"":""E"",""startLLA"":{""lat"":37.542307,""lon"":126.90249,""alt"":173.85},""endLLA"":{""lat"":37.536949,""lon"":126.924908,""alt"":293.96},""targetSpeed"":51.4,""seq"":5}","{""phase"":""E"",""startLLA"":{""lat"":37.536949,""lon"":126.924908,""alt"":293.96},""endLLA"":{""lat"":37.535545,""lon"":126.926131,""alt"":305},""targetSpeed"":51.4,""seq"":6}","{""phase"":""F"",""startLLA"":{""lat"":37.535545,""lon"":126.926131,""alt"":305},""endLLA"":{""lat"":37.519378,""lon"":126.94021,""alt"":305},""targetSpeed"":51.4,""seq"":7}","{""phase"":""F"",""startLLA"":{""lat"":37.519378,""lon"":126.94021,""alt"":305},""endLLA"":{""lat"":37.508684,""lon"":126.95211,""alt"":305},""targetSpeed"":51.4,""seq"":8}","{""phase"":""F"",""startLLA"":{""lat"":37.508684,""lon"":126.95211,""alt"":305},""endLLA"":{""lat"":37.497738,""lon"":126.983721,""alt"":305},""targetSpeed"":51.4,""seq"":9}","{""phase"":""F"",""startLLA"":{""lat"":37.497738,""lon"":126.983721,""alt"":305},""endLLA"":{""lat"":37.509486,""lon"":127.016026,""alt"":305},""targetSpeed"":51.4,""seq"":10}","{""phase"":""F"",""startLLA"":{""lat"":37.509486,""lon"":127.016026,""alt"":305},""endLLA"":{""lat"":37.53537,""lon"":127.034503,""alt"":305},""targetSpeed"":51.4,""seq"":11}","{""phase"":""F"",""startLLA"":{""lat"":37.53537,""lon"":127.034503,""alt"":305},""endLLA"":{""lat"":37.526451,""lon"":127.064361,""alt"":305},""targetSpeed"":51.4,""seq"":12}","{""phase"":""F"",""startLLA"":{""lat"":37.526451,""lon"":127.064361,""alt"":305},""endLLA"":{""lat"":37.52529,""lon"":127.079002,""alt"":305},""targetSpeed"":51.4,""seq"":13}","{""phase"":""G"",""startLLA"":{""lat"":37.52529,""lon"":127.079002,""alt"":305},""endLLA"":{""lat"":37.524288,""lon"":127.091639,""alt"":239.84},""targetSpeed"":36,""seq"":14}","{""phase"":""G"",""startLLA"":{""lat"":37.524288,""lon"":127.091639,""alt"":239.84},""endLLA"":{""lat"":37.539419,""lon"":127.111107,""alt"":100},""targetSpeed"":36,""seq"":15}","{""phase"":""I"",""startLLA"":{""lat"":37.539419,""lon"":127.111107,""alt"":100},""endLLA"":{""lat"":37.545733,""lon"":127.11923,""alt"":15},""targetSpeed"":30,""seq"":16}","{""phase"":""J"",""startLLA"":{""lat"":37.545733,""lon"":127.11923,""alt"":15},""endLLA"":{""lat"":37.545733,""lon"":127.11923,""alt"":0},""targetSpeed"":10,""seq"":17}","{""phase"":""K"",""startLLA"":{""lat"":37.545733,""lon"":127.11923,""alt"":0},""endLLA"":{""lat"":37.545733,""lon"":127.11923,""alt"":0},""targetSpeed"":3,""seq"":18}",,,
b4a2894cba5c,2026-06-20,FPL0313008,UAM0089,a2,2,2,1,상암,상암,강남,강남,11,gate-3,fato-2,gate-3,fato-3,11:00:18,11:15:10,11:21:20,11:28:40,11:38:40,892,370.93,440,1702.93,382,0,ready,상암 > 선유도 17고지 > 서강대교 중간지점 > 63빌딩 > 상도터널 > 이수고가차로 > 강남,15.0491,14,"{""phase"":""A"",""startLLA"":{""lat"":37.562282,""lon"":126.890156,""alt"":0},""endLLA"":{""lat"":37.562282,""lon"":126.890156,""alt"":0},""targetSpeed"":3,""seq"":1}","{""phase"":""B"",""startLLA"":{""lat"":37.562282,""lon"":126.890156,""alt"":0},""endLLA"":{""lat"":37.562282,""lon"":126.890156,""alt"":15},""targetSpeed"":10,""seq"":2}","{""phase"":""C"",""startLLA"":{""lat"":37.562282,""lon"":126.890156,""alt"":15},""endLLA"":{""lat"":37.552559,""lon"":126.896159,""alt"":100},""targetSpeed"":36,""seq"":3}","{""phase"":""E"",""startLLA"":{""lat"":37.552559,""lon"":126.896159,""alt"":100},""endLLA"":{""lat"":37.542307,""lon"":126.90249,""alt"":173.84},""targetSpeed"":51.4,""seq"":4}","{""phase"":""E"",""startLLA"":{""lat"":37.542307,""lon"":126.90249,""alt"":173.84},""endLLA"":{""lat"":37.536949,""lon"":126.924908,""alt"":293.93},""targetSpeed"":51.4,""seq"":5}","{""phase"":""E"",""startLLA"":{""lat"":37.536949,""lon"":126.924908,""alt"":293.93},""endLLA"":{""lat"":37.535541,""lon"":126.926134,""alt"":305},""targetSpeed"":51.4,""seq"":6}","{""phase"":""F"",""startLLA"":{""lat"":37.535541,""lon"":126.926134,""alt"":305},""endLLA"":{""lat"":37.519378,""lon"":126.94021,""alt"":305},""targetSpeed"":51.4,""seq"":7}","{""phase"":""F"",""startLLA"":{""lat"":37.519378,""lon"":126.94021,""alt"":305},""endLLA"":{""lat"":37.508684,""lon"":126.95211,""alt"":305},""targetSpeed"":51.4,""seq"":8}","{""phase"":""F"",""startLLA"":{""lat"":37.508684,""lon"":126.95211,""alt"":305},""endLLA"":{""lat"":37.501448,""lon"":126.973006,""alt"":305},""targetSpeed"":51.4,""seq"":9}","{""phase"":""G"",""startLLA"":{""lat"":37.501448,""lon"":126.973006,""alt"":305},""endLLA"":{""lat"":37.497738,""lon"":126.983721,""alt"":245},""targetSpeed"":36,""seq"":10}","{""phase"":""G"",""startLLA"":{""lat"":37.497738,""lon"":126.983721,""alt"":245},""endLLA"":{""lat"":37.496706,""lon"":127.011945,""alt"":100},""targetSpeed"":36,""seq"":11}","{""phase"":""I"",""startLLA"":{""lat"":37.496706,""lon"":127.011945,""alt"":100},""endLLA"":{""lat"":37.496291,""lon"":127.023303,""alt"":15},""targetSpeed"":30,""seq"":12}","{""phase"":""J"",""startLLA"":{""lat"":37.496291,""lon"":127.023303,""alt"":15},""endLLA"":{""lat"":37.496291,""lon"":127.023303,""alt"":0},""targetSpeed"":10,""seq"":13}","{""phase"":""K"",""startLLA"":{""lat"":37.496291,""lon"":127.023303,""alt"":0},""endLLA"":{""lat"":37.496291,""lon"":127.023303,""alt"":0},""targetSpeed"":3,""seq"":14}",,,,,,,
b4a2894cba5c,2026-06-20,FPL0309008,UAM0058,a2,2,2,1,상암,상암,성수,성수,11,gate-2,fato-1,gate-8,fato-3,11:05:53,11:20:30,11:27:51,11:34:41,11:44:41,877,441.35,410,1728.35,397,0,ready,상암 > 선유도 17고지 > 서강대교 중간지점 > 63빌딩 > 상도터널 > 이수고가차로 > 주흥교 > 성수,18.6691,15,"{""phase"":""A"",""startLLA"":{""lat"":37.562282,""lon"":126.890156,""alt"":0},""endLLA"":{""lat"":37.562282,""lon"":126.890156,""alt"":0},""targetSpeed"":3,""seq"":1}","{""phase"":""B"",""startLLA"":{""lat"":37.562282,""lon"":126.890156,""alt"":0},""endLLA"":{""lat"":37.562282,""lon"":126.890156,""alt"":15},""targetSpeed"":10,""seq"":2}","{""phase"":""C"",""startLLA"":{""lat"":37.562282,""lon"":126.890156,""alt"":15},""endLLA"":{""lat"":37.55256,""lon"":126.896159,""alt"":100},""targetSpeed"":36,""seq"":3}","{""phase"":""E"",""startLLA"":{""lat"":37.55256,""lon"":126.896159,""alt"":100},""endLLA"":{""lat"":37.542307,""lon"":126.90249,""alt"":173.85},""targetSpeed"":51.4,""seq"":4}","{""phase"":""E"",""startLLA"":{""lat"":37.542307,""lon"":126.90249,""alt"":173.85},""endLLA"":{""lat"":37.536949,""lon"":126.924908,""alt"":293.95},""targetSpeed"":51.4,""seq"":5}","{""phase"":""E"",""startLLA"":{""lat"":37.536949,""lon"":126.924908,""alt"":293.95},""endLLA"":{""lat"":37.535544,""lon"":126.926131,""alt"":305},""targetSpeed"":51.4,""seq"":6}","{""phase"":""F"",""startLLA"":{""lat"":37.535544,""lon"":126.926131,""alt"":305},""endLLA"":{""lat"":37.519378,""lon"":126.94021,""alt"":305},""targetSpeed"":51.4,""seq"":7}","{""phase"":""F"",""startLLA"":{""lat"":37.519378,""lon"":126.94021,""alt"":305},""endLLA"":{""lat"":37.508684,""lon"":126.95211,""alt"":305},""targetSpeed"":51.4,""seq"":8}","{""phase"":""F"",""startLLA"":{""lat"":37.508684,""lon"":126.95211,""alt"":305},""endLLA"":{""lat"":37.497738,""lon"":126.983721,""alt"":305},""targetSpeed"":51.4,""seq"":9}","{""phase"":""F"",""startLLA"":{""lat"":37.497738,""lon"":126.983721,""alt"":305},""endLLA"":{""lat"":37.507423,""lon"":127.010353,""alt"":305},""targetSpeed"":51.4,""seq"":10}","{""phase"":""G"",""startLLA"":{""lat"":37.507423,""lon"":127.010353,""alt"":305},""endLLA"":{""lat"":37.509486,""lon"":127.016026,""alt"":272.98},""targetSpeed"":36,""seq"":11}","{""phase"":""G"",""startLLA"":{""lat"":37.509486,""lon"":127.016026,""alt"":272.98},""endLLA"":{""lat"":37.531493,""lon"":127.035175,""alt"":100},""targetSpeed"":36,""seq"":12}","{""phase"":""I"",""startLLA"":{""lat"":37.531493,""lon"":127.035175,""alt"":100},""endLLA"":{""lat"":37.538917,""lon"":127.041635,""alt"":15},""targetSpeed"":30,""seq"":13}","{""phase"":""J"",""startLLA"":{""lat"":37.538917,""lon"":127.041635,""alt"":15},""endLLA"":{""lat"":37.538917,""lon"":127.041635,""alt"":0},""targetSpeed"":10,""seq"":14}","{""phase"":""K"",""startLLA"":{""lat"":37.538917,""lon"":127.041635,""alt"":0},""endLLA"":{""lat"":37.538917,""lon"":127.041635,""alt"":0},""targetSpeed"":3,""seq"":15}",,,,,,
b4a2894cba5c,2026-06-20,FPL0313009,UAM0060,a4,4,3,0.75,상암,상암,강남,강남,11,gate-6,fato-2,gate-2,fato-3,11:08:13,11:21:10,11:27:20,11:35:10,11:45:10,777,370.93,470,1617.93,297,0,ready,상암 > 선유도 17고지 > 서강대교 중간지점 > 63빌딩 > 상도터널 > 이수고가차로 > 강남,15.0491,14,"{""phase"":""A"",""startLLA"":{""lat"":37.562282,""lon"":126.890156,""alt"":0},""endLLA"":{""lat"":37.562282,""lon"":126.890156,""alt"":0},""targetSpeed"":3,""seq"":1}","{""phase"":""B"",""startLLA"":{""lat"":37.562282,""lon"":126.890156,""alt"":0},""endLLA"":{""lat"":37.562282,""lon"":126.890156,""alt"":15},""targetSpeed"":10,""seq"":2}","{""phase"":""C"",""startLLA"":{""lat"":37.562282,""lon"":126.890156,""alt"":15},""endLLA"":{""lat"":37.552559,""lon"":126.896159,""alt"":100},""targetSpeed"":36,""seq"":3}","{""phase"":""E"",""startLLA"":{""lat"":37.552559,""lon"":126.896159,""alt"":100},""endLLA"":{""lat"":37.542307,""lon"":126.90249,""alt"":173.84},""targetSpeed"":51.4,""seq"":4}","{""phase"":""E"",""startLLA"":{""lat"":37.542307,""lon"":126.90249,""alt"":173.84},""endLLA"":{""lat"":37.536949,""lon"":126.924908,""alt"":293.93},""targetSpeed"":51.4,""seq"":5}","{""phase"":""E"",""startLLA"":{""lat"":37.536949,""lon"":126.924908,""alt"":293.93},""endLLA"":{""lat"":37.535541,""lon"":126.926134,""alt"":305},""targetSpeed"":51.4,""seq"":6}","{""phase"":""F"",""startLLA"":{""lat"":37.535541,""lon"":126.926134,""alt"":305},""endLLA"":{""lat"":37.519378,""lon"":126.94021,""alt"":305},""targetSpeed"":51.4,""seq"":7}","{""phase"":""F"",""startLLA"":{""lat"":37.519378,""lon"":126.94021,""alt"":305},""endLLA"":{""lat"":37.508684,""lon"":126.95211,""alt"":305},""targetSpeed"":51.4,""seq"":8}","{""phase"":""F"",""startLLA"":{""lat"":37.508684,""lon"":126.95211,""alt"":305},""endLLA"":{""lat"":37.501448,""lon"":126.973006,""alt"":305},""targetSpeed"":51.4,""seq"":9}","{""phase"":""G"",""startLLA"":{""lat"":37.501448,""lon"":126.973006,""alt"":305},""endLLA"":{""lat"":37.497738,""lon"":126.983721,""alt"":245},""targetSpeed"":36,""seq"":10}","{""phase"":""G"",""startLLA"":{""lat"":37.497738,""lon"":126.983721,""alt"":245},""endLLA"":{""lat"":37.496706,""lon"":127.011945,""alt"":100},""targetSpeed"":36,""seq"":11}","{""phase"":""I"",""startLLA"":{""lat"":37.496706,""lon"":127.011945,""alt"":100},""endLLA"":{""lat"":37.496291,""lon"":127.023303,""alt"":15},""targetSpeed"":30,""seq"":12}","{""phase"":""J"",""startLLA"":{""lat"":37.496291,""lon"":127.023303,""alt"":15},""endLLA"":{""lat"":37.496291,""lon"":127.023303,""alt"":0},""targetSpeed"":10,""seq"":13}","{""phase"":""K"",""startLLA"":{""lat"":37.496291,""lon"":127.023303,""alt"":0},""endLLA"":{""lat"":37.496291,""lon"":127.023303,""alt"":0},""targetSpeed"":3,""seq"":14}",,,,,,,
b4a2894cba5c,2026-06-20,FPL0316005,UAM0076,a4,4,2,0.5,상암,상암,망우,망우,11,gate-1,fato-1,gate-7,fato-4,11:18:12,11:26:30,11:36:32,11:43:52,11:53:52,498,602.45,440,1540.45,48,0,ready,상암 > 선유도 17고지 > 서강대교 중간지점 > 63빌딩 > 상도터널 > 이수고가차로 > 주흥교 > 성수대교 남단 > 왕십리역 > 청량리 > 망우,26.9495,18,"{""phase"":""A"",""startLLA"":{""lat"":37.562282,""lon"":126.890156,""alt"":0},""endLLA"":{""lat"":37.562282,""lon"":126.890156,""alt"":0},""targetSpeed"":3,""seq"":1}","{""phase"":""B"",""startLLA"":{""lat"":37.562282,""lon"":126.890156,""alt"":0},""endLLA"":{""lat"":37.562282,""lon"":126.890156,""alt"":15},""targetSpeed"":10,""seq"":2}","{""phase"":""C"",""startLLA"":{""lat"":37.562282,""lon"":126.890156,""alt"":15},""endLLA"":{""lat"":37.552561,""lon"":126.896158,""alt"":100},""targetSpeed"":36,""seq"":3}","{""phase"":""E"",""startLLA"":{""lat"":37.552561,""lon"":126.896158,""alt"":100},""endLLA"":{""lat"":37.542307,""lon"":126.90249,""alt"":173.87},""targetSpeed"":51.4,""seq"":4}","{""phase"":""E"",""startLLA"":{""lat"":37.542307,""lon"":126.90249,""alt"":173.87},""endLLA"":{""lat"":37.536949,""lon"":126.924908,""alt"":293.99},""targetSpeed"":51.4,""seq"":5}","{""phase"":""E"",""startLLA"":{""lat"":37.536949,""lon"":126.924908,""alt"":293.99},""endLLA"":{""lat"":37.535549,""lon"":126.926127,""alt"":305},""targetSpeed"":51.4,""seq"":6}","{""phase"":""F"",""startLLA"":{""lat"":37.535549,""lon"":126.926127,""alt"":305},""endLLA"":{""lat"":37.519378,""lon"":126.94021,""alt"":305},""targetSpeed"":51.4,""seq"":7}","{""phase"":""F"",""startLLA"":{""lat"":37.519378,""lon"":126.94021,""alt"":305},""endLLA"":{""lat"":37.508684,""lon"":126.95211,""alt"":305},""targetSpeed"":51.4,""seq"":8}","{""phase"":""F"",""startLLA"":{""lat"":37.508684,""lon"":126.95211,""alt"":305},""endLLA"":{""lat"":37.497738,""lon"":126.983721,""alt"":305},""targetSpeed"":51.4,""seq"":9}","{""phase"":""F"",""startLLA"":{""lat"":37.497738,""lon"":126.983721,""alt"":305},""endLLA"":{""lat"":37.509486,""lon"":127.016026,""alt"":305},""targetSpeed"":51.4,""seq"":10}","{""phase"":""F"",""startLLA"":{""lat"":37.509486,""lon"":127.016026,""alt"":305},""endLLA"":{""lat"":37.53537,""lon"":127.034503,""alt"":305},""targetSpeed"":51.4,""seq"":11}","{""phase"":""F"",""startLLA"":{""lat"":37.53537,""lon"":127.034503,""alt"":305},""endLLA"":{""lat"":37.561925,""lon"":127.038491,""alt"":305},""targetSpeed"":51.4,""seq"":12}","{""phase"":""F"",""startLLA"":{""lat"":37.561925,""lon"":127.038491,""alt"":305},""endLLA"":{""lat"":37.573839,""lon"":127.044841,""alt"":305},""targetSpeed"":51.4,""seq"":13}","{""phase"":""G"",""startLLA"":{""lat"":37.573839,""lon"":127.044841,""alt"":305},""endLLA"":{""lat"":37.581542,""lon"":127.048947,""alt"":250.9},""targetSpeed"":36,""seq"":14}","{""phase"":""G"",""startLLA"":{""lat"":37.581542,""lon"":127.048947,""alt"":250.9},""endLLA"":{""lat"":37.592631,""lon"":127.074841,""alt"":100},""targetSpeed"":36,""seq"":15}","{""phase"":""I"",""startLLA"":{""lat"":37.592631,""lon"":127.074841,""alt"":100},""endLLA"":{""lat"":37.596919,""lon"":127.084854,""alt"":15},""targetSpeed"":30,""seq"":16}","{""phase"":""J"",""startLLA"":{""lat"":37.596919,""lon"":127.084854,""alt"":15},""endLLA"":{""lat"":37.596919,""lon"":127.084854,""alt"":0},""targetSpeed"":10,""seq"":17}","{""phase"":""K"",""startLLA"":{""lat"":37.596919,""lon"":127.084854,""alt"":0},""endLLA"":{""lat"":37.596919,""lon"":127.084854,""alt"":0},""targetSpeed"":3,""seq"":18}",,,
b4a2894cba5c,2026-06-20,FPL0308006,UAM0067,a4,4,1,0.25,상암,상암,사당,사당,11,gate-4,fato-1,gate-4,fato-3,11:29:11,11:38:11,11:43:51,11:50:41,12:00:41,540,340.18,410,1290.18,0,0,ready,상암 > 선유도 17고지 > 영등포 > 180고지 > 사당,13.4688,12,"{""phase"":""A"",""startLLA"":{""lat"":37.562282,""lon"":126.890156,""alt"":0},""endLLA"":{""lat"":37.562282,""lon"":126.890156,""alt"":0},""targetSpeed"":3,""seq"":1}","{""phase"":""B"",""startLLA"":{""lat"":37.562282,""lon"":126.890156,""alt"":0},""endLLA"":{""lat"":37.562282,""lon"":126.890156,""alt"":15},""targetSpeed"":10,""seq"":2}","{""phase"":""C"",""startLLA"":{""lat"":37.562282,""lon"":126.890156,""alt"":15},""endLLA"":{""lat"":37.552559,""lon"":126.896159,""alt"":100},""targetSpeed"":36,""seq"":3}","{""phase"":""E"",""startLLA"":{""lat"":37.552559,""lon"":126.896159,""alt"":100},""endLLA"":{""lat"":37.542307,""lon"":126.90249,""alt"":173.84},""targetSpeed"":51.4,""seq"":4}","{""phase"":""E"",""startLLA"":{""lat"":37.542307,""lon"":126.90249,""alt"":173.84},""endLLA"":{""lat"":37.52228,""lon"":126.906494,""alt"":305},""targetSpeed"":51.4,""seq"":5}","{""phase"":""F"",""startLLA"":{""lat"":37.52228,""lon"":126.906494,""alt"":305},""endLLA"":{""lat"":37.515965,""lon"":126.907756,""alt"":305},""targetSpeed"":51.4,""seq"":6}","{""phase"":""F"",""startLLA"":{""lat"":37.515965,""lon"":126.907756,""alt"":305},""endLLA"":{""lat"":37.494741,""lon"":126.936928,""alt"":305},""targetSpeed"":51.4,""seq"":7}","{""phase"":""G"",""startLLA"":{""lat"":37.494741,""lon"":126.936928,""alt"":305},""endLLA"":{""lat"":37.492877,""lon"":126.93949,""alt"":287.16},""targetSpeed"":36,""seq"":8}","{""phase"":""G"",""startLLA"":{""lat"":37.492877,""lon"":126.93949,""alt"":287.16},""endLLA"":{""lat"":37.479834,""lon"":126.972037,""alt"":100},""targetSpeed"":36,""seq"":9}","{""phase"":""I"",""startLLA"":{""lat"":37.479834,""lon"":126.972037,""alt"":100},""endLLA"":{""lat"":37.475767,""lon"":126.982185,""alt"":15},""targetSpeed"":30,""seq"":10}","{""phase"":""J"",""startLLA"":{""lat"":37.475767,""lon"":126.982185,""alt"":15},""endLLA"":{""lat"":37.475767,""lon"":126.982185,""alt"":0},""targetSpeed"":10,""seq"":11}","{""phase"":""K"",""startLLA"":{""lat"":37.475767,""lon"":126.982185,""alt"":0},""endLLA"":{""lat"":37.475767,""lon"":126.982185,""alt"":0},""targetSpeed"":3,""seq"":12}",,,,,,,,,
b4a2894cba5c,2026-06-20,FPL0317006,UAM0035,a4,4,1,0.25,상암,상암,수서,수서,11,gate-4,fato-1,gate-7,fato-4,11:47:53,11:56:53,12:06:05,12:13:25,12:23:25,540,552.34,440,1532.34,0,0,ready,상암 > 선유도 17고지 > 영등포 > 180고지 > 채석장 > 경부고속도로 양재천 다리 > 수서,24.374,14,"{""phase"":""A"",""startLLA"":{""lat"":37.562282,""lon"":126.890156,""alt"":0},""endLLA"":{""lat"":37.562282,""lon"":126.890156,""alt"":0},""targetSpeed"":3,""seq"":1}","{""phase"":""B"",""startLLA"":{""lat"":37.562282,""lon"":126.890156,""alt"":0},""endLLA"":{""lat"":37.562282,""lon"":126.890156,""alt"":15},""targetSpeed"":10,""seq"":2}","{""phase"":""C"",""startLLA"":{""lat"":37.562282,""lon"":126.890156,""alt"":15},""endLLA"":{""lat"":37.552557,""lon"":126.896161,""alt"":100},""targetSpeed"":36,""seq"":3}","{""phase"":""E"",""startLLA"":{""lat"":37.552557,""lon"":126.896161,""alt"":100},""endLLA"":{""lat"":37.542307,""lon"":126.90249,""alt"":173.8},""targetSpeed"":51.4,""seq"":4}","{""phase"":""E"",""startLLA"":{""lat"":37.542307,""lon"":126.90249,""alt"":173.8},""endLLA"":{""lat"":37.52227,""lon"":126.906496,""alt"":305},""targetSpeed"":51.4,""seq"":5}","{""phase"":""F"",""startLLA"":{""lat"":37.52227,""lon"":126.906496,""alt"":305},""endLLA"":{""lat"":37.515965,""lon"":126.907756,""alt"":305},""targetSpeed"":51.4,""seq"":6}","{""phase"":""F"",""startLLA"":{""lat"":37.515965,""lon"":126.907756,""alt"":305},""endLLA"":{""lat"":37.492877,""lon"":126.93949,""alt"":305},""targetSpeed"":51.4,""seq"":7}","{""phase"":""F"",""startLLA"":{""lat"":37.492877,""lon"":126.93949,""alt"":305},""endLLA"":{""lat"":37.471285,""lon"":126.985745,""alt"":305},""targetSpeed"":51.4,""seq"":8}","{""phase"":""F"",""startLLA"":{""lat"":37.471285,""lon"":126.985745,""alt"":305},""endLLA"":{""lat"":37.471593,""lon"":127.032031,""alt"":305},""targetSpeed"":51.4,""seq"":9}","{""phase"":""F"",""startLLA"":{""lat"":37.471593,""lon"":127.032031,""alt"":305},""endLLA"":{""lat"":37.476054,""lon"":127.051334,""alt"":305},""targetSpeed"":51.4,""seq"":10}","{""phase"":""G"",""startLLA"":{""lat"":37.476054,""lon"":127.051334,""alt"":305},""endLLA"":{""lat"":37.484918,""lon"":127.089686,""alt"":100},""targetSpeed"":36,""seq"":11}","{""phase"":""I"",""startLLA"":{""lat"":37.484918,""lon"":127.089686,""alt"":100},""endLLA"":{""lat"":37.487441,""lon"":127.100603,""alt"":15},""targetSpeed"":30,""seq"":12}","{""phase"":""J"",""startLLA"":{""lat"":37.487441,""lon"":127.100603,""alt"":15},""endLLA"":{""lat"":37.487441,""lon"":127.100603,""alt"":0},""targetSpeed"":10,""seq"":13}","{""phase"":""K"",""startLLA"":{""lat"":37.487441,""lon"":127.100603,""alt"":0},""endLLA"":{""lat"":37.487441,""lon"":127.100603,""alt"":0},""targetSpeed"":3,""seq"":14}",,,,,,,
b4a2894cba5c,2026-06-20,FPL0302007,UAM0120,a8,8,1,0.125,상암,상암,잠실,잠실,11,gate-8,fato-2,gate-8,fato-4,11:51:25,12:01:32,12:10:51,12:18:20,12:28:20,607.14,559.65,448.57,1615.36,67.14,38.57,ready,상암 > 선유도 17고지 > 영등포 > 180고지 > 채석장 > 경부고속도로 양재천 다리 > 대치교 > 잠실,24.7496,15,"{""phase"":""A"",""startLLA"":{""lat"":37.562282,""lon"":126.890156,""alt"":0},""endLLA"":{""lat"":37.562282,""lon"":126.890156,""alt"":0},""targetSpeed"":3,""seq"":1}","{""phase"":""B"",""startLLA"":{""lat"":37.562282,""lon"":126.890156,""alt"":0},""endLLA"":{""lat"":37.562282,""lon"":126.890156,""alt"":15},""targetSpeed"":10,""seq"":2}","{""phase"":""C"",""startLLA"":{""lat"":37.562282,""lon"":126.890156,""alt"":15},""endLLA"":{""lat"":37.552558,""lon"":126.89616,""alt"":100},""targetSpeed"":36,""seq"":3}","{""phase"":""E"",""startLLA"":{""lat"":37.552558,""lon"":126.89616,""alt"":100},""endLLA"":{""lat"":37.542307,""lon"":126.90249,""alt"":173.82},""targetSpeed"":51.4,""seq"":4}","{""phase"":""E"",""startLLA"":{""lat"":37.542307,""lon"":126.90249,""alt"":173.82},""endLLA"":{""lat"":37.522274,""lon"":126.906495,""alt"":305},""targetSpeed"":51.4,""seq"":5}","{""phase"":""F"",""startLLA"":{""lat"":37.522274,""lon"":126.906495,""alt"":305},""endLLA"":{""lat"":37.515965,""lon"":126.907756,""alt"":305},""targetSpeed"":51.4,""seq"":6}","{""phase"":""F"",""startLLA"":{""lat"":37.515965,""lon"":126.907756,""alt"":305},""endLLA"":{""lat"":37.492877,""lon"":126.93949,""alt"":305},""targetSpeed"":51.4,""seq"":7}","{""phase"":""F"",""startLLA"":{""lat"":37.492877,""lon"":126.93949,""alt"":305},""endLLA"":{""lat"":37.471285,""lon"":126.985745,""alt"":305},""targetSpeed"":51.4,""seq"":8}","{""phase"":""F"",""startLLA"":{""lat"":37.471285,""lon"":126.985745,""alt"":305},""endLLA"":{""lat"":37.471593,""lon"":127.032031,""alt"":305},""targetSpeed"":51.4,""seq"":9}","{""phase"":""F"",""startLLA"":{""lat"":37.471593,""lon"":127.032031,""alt"":305},""endLLA"":{""lat"":37.483532,""lon"":127.051156,""alt"":305},""targetSpeed"":51.4,""seq"":10}","{""phase"":""G"",""startLLA"":{""lat"":37.483532,""lon"":127.051156,""alt"":305},""endLLA"":{""lat"":37.497702,""lon"":127.073855,""alt"":156.78},""targetSpeed"":36,""seq"":11}","{""phase"":""G"",""startLLA"":{""lat"":37.497702,""lon"":127.073855,""alt"":156.78},""endLLA"":{""lat"":37.506268,""lon"":127.071432,""alt"":100},""targetSpeed"":36,""seq"":12}","{""phase"":""I"",""startLLA"":{""lat"":37.506268,""lon"":127.071432,""alt"":100},""endLLA"":{""lat"":37.515071,""lon"":127.068942,""alt"":15},""targetSpeed"":30,""seq"":13}","{""phase"":""J"",""startLLA"":{""lat"":37.515071,""lon"":127.068942,""alt"":15},""endLLA"":{""lat"":37.515071,""lon"":127.068942,""alt"":0},""targetSpeed"":10,""seq"":14}","{""phase"":""K"",""startLLA"":{""lat"":37.515071,""lon"":127.068942,""alt"":0},""endLLA"":{""lat"":37.515071,""lon"":127.068942,""alt"":0},""targetSpeed"":3,""seq"":15}",,,,,,
b4a2894cba5c,2026-06-20,FPL0311006,UAM0130,a2,2,1,0.5,상암,상암,천호,천호,11,gate-3,fato-1,gate-3,fato-3,11:53:13,12:02:53,12:12:49,12:20:09,12:30:09,580,596.54,440,1616.54,70,0,ready,상암 > 선유도 17고지 > 서강대교 중간지점 > 63빌딩 > 상도터널 > 이수고가차로 > 주흥교 > 성수대교 남단 > 청담대교 중간지점 > 잠실대교 중간지점 > 천호,26.6459,18,"{""phase"":""A"",""startLLA"":{""lat"":37.562282,""lon"":126.890156,""alt"":0},""endLLA"":{""lat"":37.562282,""lon"":126.890156,""alt"":0},""targetSpeed"":3,""seq"":1}","{""phase"":""B"",""startLLA"":{""lat"":37.562282,""lon"":126.890156,""alt"":0},""endLLA"":{""lat"":37.562282,""lon"":126.890156,""alt"":15},""targetSpeed"":10,""seq"":2}","{""phase"":""C"",""startLLA"":{""lat"":37.562282,""lon"":126.890156,""alt"":15},""endLLA"":{""lat"":37.55256,""lon"":126.896159,""alt"":100},""targetSpeed"":36,""seq"":3}","{""phase"":""E"",""startLLA"":{""lat"":37.55256,""lon"":126.896159,""alt"":100},""endLLA"":{""lat"":37.542307,""lon"":126.90249,""alt"":173.85},""targetSpeed"":51.4,""seq"":4}","{""phase"":""E"",""startLLA"":{""lat"":37.542307,""lon"":126.90249,""alt"":173.85},""endLLA"":{""lat"":37.536949,""lon"":126.924908,""alt"":293.96},""targetSpeed"":51.4,""seq"":5}","{""phase"":""E"",""startLLA"":{""lat"":37.536949,""lon"":126.924908,""alt"":293.96},""endLLA"":{""lat"":37.535545,""lon"":126.926131,""alt"":305},""targetSpeed"":51.4,""seq"":6}","{""phase"":""F"",""startLLA"":{""lat"":37.535545,""lon"":126.926131,""alt"":305},""endLLA"":{""lat"":37.519378,""lon"":126.94021,""alt"":305},""targetSpeed"":51.4,""seq"":7}","{""phase"":""F"",""startLLA"":{""lat"":37.519378,""lon"":126.94021,""alt"":305},""endLLA"":{""lat"":37.508684,""lon"":126.95211,""alt"":305},""targetSpeed"":51.4,""seq"":8}","{""phase"":""F"",""startLLA"":{""lat"":37.508684,""lon"":126.95211,""alt"":305},""endLLA"":{""lat"":37.497738,""lon"":126.983721,""alt"":305},""targetSpeed"":51.4,""seq"":9}","{""phase"":""F"",""startLLA"":{""lat"":37.497738,""lon"":126.983721,""alt"":305},""endLLA"":{""lat"":37.509486,""lon"":127.016026,""alt"":305},""targetSpeed"":51.4,""seq"":10}","{""phase"":""F"",""startLLA"":{""lat"":37.509486,""lon"":127.016026,""alt"":305},""endLLA"":{""lat"":37.53537,""lon"":127.034503,""alt"":305},""targetSpeed"":51.4,""seq"":11}","{""phase"":""F"",""startLLA"":{""lat"":37.53537,""lon"":127.034503,""alt"":305},""endLLA"":{""lat"":37.526451,""lon"":127.064361,""alt"":305},""targetSpeed"":51.4,""seq"":12}","{""phase"":""F"",""startLLA"":{""lat"":37.526451,""lon"":127.064361,""alt"":305},""endLLA"":{""lat"":37.52529,""lon"":127.079002,""alt"":305},""targetSpeed"":51.4,""seq"":13}","{""phase"":""G"",""startLLA"":{""lat"":37.52529,""lon"":127.079002,""alt"":305},""endLLA"":{""lat"":37.524288,""lon"":127.091639,""alt"":239.84},""targetSpeed"":36,""seq"":14}","{""phase"":""G"",""startLLA"":{""lat"":37.524288,""lon"":127.091639,""alt"":239.84},""endLLA"":{""lat"":37.539419,""lon"":127.111107,""alt"":100},""targetSpeed"":36,""seq"":15}","{""phase"":""I"",""startLLA"":{""lat"":37.539419,""lon"":127.111107,""alt"":100},""endLLA"":{""lat"":37.545733,""lon"":127.11923,""alt"":15},""targetSpeed"":30,""seq"":16}","{""phase"":""J"",""startLLA"":{""lat"":37.545733,""lon"":127.11923,""alt"":15},""endLLA"":{""lat"":37.545733,""lon"":127.11923,""alt"":0},""targetSpeed"":10,""seq"":17}","{""phase"":""K"",""startLLA"":{""lat"":37.545733,""lon"":127.11923,""alt"":0},""endLLA"":{""lat"":37.545733,""lon"":127.11923,""alt"":0},""targetSpeed"":3,""seq"":18}",,,
b4a2894cba5c,2026-06-20,FPL0311007,UAM0069,a6,6,4,0.6667,상암,상암,천호,천호,12,gate-7,fato-1,gate-8,fato-3,12:02:37,12:11:52,12:27:19,12:34:09,12:44:09,555.93,926.62,410,1892.54,45.93,269.54,ready,상암 > 선유도 17고지 > 서강대교 중간지점 > 63빌딩 > 상도터널 > 이수고가차로 > 주흥교 > 성수대교 남단 > 청담대교 중간지점 > 잠실대교 중간지점 > 천호,26.6459,18,"{""phase"":""A"",""startLLA"":{""lat"":37.562282,""lon"":126.890156,""alt"":0},""endLLA"":{""lat"":37.562282,""lon"":126.890156,""alt"":0},""targetSpeed"":3,""seq"":1}","{""phase"":""B"",""startLLA"":{""lat"":37.562282,""lon"":126.890156,""alt"":0},""endLLA"":{""lat"":37.562282,""lon"":126.890156,""alt"":15},""targetSpeed"":10,""seq"":2}","{""phase"":""C"",""startLLA"":{""lat"":37.562282,""lon"":126.890156,""alt"":15},""endLLA"":{""lat"":37.55256,""lon"":126.896159,""alt"":100},""targetSpeed"":36,""seq"":3}","{""phase"":""E"",""startLLA"":{""lat"":37.55256,""lon"":126.896159,""alt"":100},""endLLA"":{""lat"":37.542307,""lon"":126.90249,""alt"":173.85},""targetSpeed"":51.4,""seq"":4}","{""phase"":""E"",""startLLA"":{""lat"":37.542307,""lon"":126.90249,""alt"":173.85},""endLLA"":{""lat"":37.536949,""lon"":126.924908,""alt"":293.96},""targetSpeed"":51.4,""seq"":5}","{""phase"":""E"",""startLLA"":{""lat"":37.536949,""lon"":126.924908,""alt"":293.96},""endLLA"":{""lat"":37.535545,""lon"":126.926131,""alt"":305},""targetSpeed"":51.4,""seq"":6}","{""phase"":""F"",""startLLA"":{""lat"":37.535545,""lon"":126.926131,""alt"":305},""endLLA"":{""lat"":37.519378,""lon"":126.94021,""alt"":305},""targetSpeed"":51.4,""seq"":7}","{""phase"":""F"",""startLLA"":{""lat"":37.519378,""lon"":126.94021,""alt"":305},""endLLA"":{""lat"":37.508684,""lon"":126.95211,""alt"":305},""targetSpeed"":51.4,""seq"":8}","{""phase"":""F"",""startLLA"":{""lat"":37.508684,""lon"":126.95211,""alt"":305},""endLLA"":{""lat"":37.497738,""lon"":126.983721,""alt"":305},""targetSpeed"":51.4,""seq"":9}","{""phase"":""F"",""startLLA"":{""lat"":37.497738,""lon"":126.983721,""alt"":305},""endLLA"":{""lat"":37.509486,""lon"":127.016026,""alt"":305},""targetSpeed"":51.4,""seq"":10}","{""phase"":""F"",""startLLA"":{""lat"":37.509486,""lon"":127.016026,""alt"":305},""endLLA"":{""lat"":37.53537,""lon"":127.034503,""alt"":305},""targetSpeed"":51.4,""seq"":11}","{""phase"":""F"",""startLLA"":{""lat"":37.53537,""lon"":127.034503,""alt"":305},""endLLA"":{""lat"":37.526451,""lon"":127.064361,""alt"":305},""targetSpeed"":51.4,""seq"":12}","{""phase"":""F"",""startLLA"":{""lat"":37.526451,""lon"":127.064361,""alt"":305},""endLLA"":{""lat"":37.52529,""lon"":127.079002,""alt"":305},""targetSpeed"":51.4,""seq"":13}","{""phase"":""G"",""startLLA"":{""lat"":37.52529,""lon"":127.079002,""alt"":305},""endLLA"":{""lat"":37.524288,""lon"":127.091639,""alt"":239.84},""targetSpeed"":36,""seq"":14}","{""phase"":""G"",""startLLA"":{""lat"":37.524288,""lon"":127.091639,""alt"":239.84},""endLLA"":{""lat"":37.539419,""lon"":127.111107,""alt"":100},""targetSpeed"":36,""seq"":15}","{""phase"":""I"",""startLLA"":{""lat"":37.539419,""lon"":127.111107,""alt"":100},""endLLA"":{""lat"":37.545733,""lon"":127.11923,""alt"":15},""targetSpeed"":30,""seq"":16}","{""phase"":""J"",""startLLA"":{""lat"":37.545733,""lon"":127.11923,""alt"":15},""endLLA"":{""lat"":37.545733,""lon"":127.11923,""alt"":0},""targetSpeed"":10,""seq"":17}","{""phase"":""K"",""startLLA"":{""lat"":37.545733,""lon"":127.11923,""alt"":0},""endLLA"":{""lat"":37.545733,""lon"":127.11923,""alt"":0},""targetSpeed"":3,""seq"":18}",,,
b4a2894cba5c,2026-06-20,FPL0313010,UAM0048,a8,8,3,0.375,상암,상암,강남,강남,12,gate-2,fato-2,gate-3,fato-3,12:04:43,12:12:43,12:19:29,12:26:49,12:36:49,480,406.06,440,1326.06,0,35.13,ready,상암 > 선유도 17고지 > 서강대교 중간지점 > 63빌딩 > 상도터널 > 이수고가차로 > 강남,15.0491,14,"{""phase"":""A"",""startLLA"":{""lat"":37.562282,""lon"":126.890156,""alt"":0},""endLLA"":{""lat"":37.562282,""lon"":126.890156,""alt"":0},""targetSpeed"":3,""seq"":1}","{""phase"":""B"",""startLLA"":{""lat"":37.562282,""lon"":126.890156,""alt"":0},""endLLA"":{""lat"":37.562282,""lon"":126.890156,""alt"":15},""targetSpeed"":10,""seq"":2}","{""phase"":""C"",""startLLA"":{""lat"":37.562282,""lon"":126.890156,""alt"":15},""endLLA"":{""lat"":37.552559,""lon"":126.896159,""alt"":100},""targetSpeed"":36,""seq"":3}","{""phase"":""E"",""startLLA"":{""lat"":37.552559,""lon"":126.896159,""alt"":100},""endLLA"":{""lat"":37.542307,""lon"":126.90249,""alt"":173.84},""targetSpeed"":51.4,""seq"":4}","{""phase"":""E"",""startLLA"":{""lat"":37.542307,""lon"":126.90249,""alt"":173.84},""endLLA"":{""lat"":37.536949,""lon"":126.924908,""alt"":293.93},""targetSpeed"":51.4,""seq"":5}","{""phase"":""E"",""startLLA"":{""lat"":37.536949,""lon"":126.924908,""alt"":293.93},""endLLA"":{""lat"":37.535541,""lon"":126.926134,""alt"":305},""targetSpeed"":51.4,""seq"":6}","{""phase"":""F"",""startLLA"":{""lat"":37.535541,""lon"":126.926134,""alt"":305},""endLLA"":{""lat"":37.519378,""lon"":126.94021,""alt"":305},""targetSpeed"":51.4,""seq"":7}","{""phase"":""F"",""startLLA"":{""lat"":37.519378,""lon"":126.94021,""alt"":305},""endLLA"":{""lat"":37.508684,""lon"":126.95211,""alt"":305},""targetSpeed"":51.4,""seq"":8}","{""phase"":""F"",""startLLA"":{""lat"":37.508684,""lon"":126.95211,""alt"":305},""endLLA"":{""lat"":37.501448,""lon"":126.973006,""alt"":305},""targetSpeed"":51.4,""seq"":9}","{""phase"":""G"",""startLLA"":{""lat"":37.501448,""lon"":126.973006,""alt"":305},""endLLA"":{""lat"":37.497738,""lon"":126.983721,""alt"":245},""targetSpeed"":36,""seq"":10}","{""phase"":""G"",""startLLA"":{""lat"":37.497738,""lon"":126.983721,""alt"":245},""endLLA"":{""lat"":37.496706,""lon"":127.011945,""alt"":100},""targetSpeed"":36,""seq"":11}","{""phase"":""I"",""startLLA"":{""lat"":37.496706,""lon"":127.011945,""alt"":100},""endLLA"":{""lat"":37.496291,""lon"":127.023303,""alt"":15},""targetSpeed"":30,""seq"":12}","{""phase"":""J"",""startLLA"":{""lat"":37.496291,""lon"":127.023303,""alt"":15},""endLLA"":{""lat"":37.496291,""lon"":127.023303,""alt"":0},""targetSpeed"":10,""seq"":13}","{""phase"":""K"",""startLLA"":{""lat"":37.496291,""lon"":127.023303,""alt"":0},""endLLA"":{""lat"":37.496291,""lon"":127.023303,""alt"":0},""targetSpeed"":3,""seq"":14}",,,,,,,
b4a2894cba5c,2026-06-20,FPL0306003,UAM0100,a4,4,2,0.5,상암,상암,미아,미아,12,gate-4,fato-1,gate-4,fato-3,12:06:57,12:17:52,12:29:28,12:36:18,12:46:18,655.93,696.06,410,1761.98,115.93,0,ready,상암 > 선유도 17고지 > 서강대교 중간지점 > 63빌딩 > 상도터널 > 이수고가차로 > 주흥교 > 성수대교 남단 > 왕십리역 > 청량리 > 신설동역 > 미아,31.761,19,"{""phase"":""A"",""startLLA"":{""lat"":37.562282,""lon"":126.890156,""alt"":0},""endLLA"":{""lat"":37.562282,""lon"":126.890156,""alt"":0},""targetSpeed"":3,""seq"":1}","{""phase"":""B"",""startLLA"":{""lat"":37.562282,""lon"":126.890156,""alt"":0},""endLLA"":{""lat"":37.562282,""lon"":126.890156,""alt"":15},""targetSpeed"":10,""seq"":2}","{""phase"":""C"",""startLLA"":{""lat"":37.562282,""lon"":126.890156,""alt"":15},""endLLA"":{""lat"":37.552561,""lon"":126.896158,""alt"":100},""targetSpeed"":36,""seq"":3}","{""phase"":""E"",""startLLA"":{""lat"":37.552561,""lon"":126.896158,""alt"":100},""endLLA"":{""lat"":37.542307,""lon"":126.90249,""alt"":173.87},""targetSpeed"":51.4,""seq"":4}","{""phase"":""E"",""startLLA"":{""lat"":37.542307,""lon"":126.90249,""alt"":173.87},""endLLA"":{""lat"":37.536949,""lon"":126.924908,""alt"":293.99},""targetSpeed"":51.4,""seq"":5}","{""phase"":""E"",""startLLA"":{""lat"":37.536949,""lon"":126.924908,""alt"":293.99},""endLLA"":{""lat"":37.535548,""lon"":126.926128,""alt"":305},""targetSpeed"":51.4,""seq"":6}","{""phase"":""F"",""startLLA"":{""lat"":37.535548,""lon"":126.926128,""alt"":305},""endLLA"":{""lat"":37.519378,""lon"":126.94021,""alt"":305},""targetSpeed"":51.4,""seq"":7}","{""phase"":""F"",""startLLA"":{""lat"":37.519378,""lon"":126.94021,""alt"":305},""endLLA"":{""lat"":37.508684,""lon"":126.95211,""alt"":305},""targetSpeed"":51.4,""seq"":8}","{""phase"":""F"",""startLLA"":{""lat"":37.508684,""lon"":126.95211,""alt"":305},""endLLA"":{""lat"":37.497738,""lon"":126.983721,""alt"":305},""targetSpeed"":51.4,""seq"":9}","{""phase"":""F"",""startLLA"":{""lat"":37.497738,""lon"":126.983721,""alt"":305},""endLLA"":{""lat"":37.509486,""lon"":127.016026,""alt"":305},""targetSpeed"":51.4,""seq"":10}","{""phase"":""F"",""startLLA"":{""lat"":37.509486,""lon"":127.016026,""alt"":305},""endLLA"":{""lat"":37.53537,""lon"":127.034503,""alt"":305},""targetSpeed"":51.4,""seq"":11}","{""phase"":""F"",""startLLA"":{""lat"":37.53537,""lon"":127.034503,""alt"":305},""endLLA"":{""lat"":37.561925,""lon"":127.038491,""alt"":305},""targetSpeed"":51.4,""seq"":12}","{""phase"":""F"",""startLLA"":{""lat"":37.561925,""lon"":127.038491,""alt"":305},""endLLA"":{""lat"":37.581542,""lon"":127.048947,""alt"":305},""targetSpeed"":51.4,""seq"":13}","{""phase"":""F"",""startLLA"":{""lat"":37.581542,""lon"":127.048947,""alt"":305},""endLLA"":{""lat"":37.575658,""lon"":127.02353,""alt"":305},""targetSpeed"":51.4,""seq"":14}","{""phase"":""F"",""startLLA"":{""lat"":37.575658,""lon"":127.02353,""alt"":305},""endLLA"":{""lat"":37.58953,""lon"":127.024172,""alt"":305},""targetSpeed"":51.4,""seq"":15}","{""phase"":""G"",""startLLA"":{""lat"":37.58953,""lon"":127.024172,""alt"":305},""endLLA"":{""lat"":37.621194,""lon"":127.025636,""alt"":100},""targetSpeed"":36,""seq"":16}","{""phase"":""I"",""startLLA"":{""lat"":37.621194,""lon"":127.025636,""alt"":100},""endLLA"":{""lat"":37.630207,""lon"":127.026053,""alt"":15},""targetSpeed"":30,""seq"":17}","{""phase"":""J"",""startLLA"":{""lat"":37.630207,""lon"":127.026053,""alt"":15},""endLLA"":{""lat"":37.630207,""lon"":127.026053,""alt"":0},""targetSpeed"":10,""seq"":18}","{""phase"":""K"",""startLLA"":{""lat"":37.630207,""lon"":127.026053,""alt"":0},""endLLA"":{""lat"":37.630207,""lon"":127.026053,""alt"":0},""targetSpeed"":3,""seq"":19}",,
b4a2894cba5c,2026-06-20,FPL0308007,UAM0009,a2,2,2,1,상암,상암,사당,사당,12,gate-6,fato-2,gate-3,fato-4,12:09:33,12:18:43,12:24:23,12:31:43,12:41:43,550,340.18,440,1330.18,70,0,ready,상암 > 선유도 17고지 > 영등포 > 180고지 > 사당,13.4688,12,"{""phase"":""A"",""startLLA"":{""lat"":37.562282,""lon"":126.890156,""alt"":0},""endLLA"":{""lat"":37.562282,""lon"":126.890156,""alt"":0},""targetSpeed"":3,""seq"":1}","{""phase"":""B"",""startLLA"":{""lat"":37.562282,""lon"":126.890156,""alt"":0},""endLLA"":{""lat"":37.562282,""lon"":126.890156,""alt"":15},""targetSpeed"":10,""seq"":2}","{""phase"":""C"",""startLLA"":{""lat"":37.562282,""lon"":126.890156,""alt"":15},""endLLA"":{""lat"":37.552559,""lon"":126.896159,""alt"":100},""targetSpeed"":36,""seq"":3}","{""phase"":""E"",""startLLA"":{""lat"":37.552559,""lon"":126.896159,""alt"":100},""endLLA"":{""lat"":37.542307,""lon"":126.90249,""alt"":173.84},""targetSpeed"":51.4,""seq"":4}","{""phase"":""E"",""startLLA"":{""lat"":37.542307,""lon"":126.90249,""alt"":173.84},""endLLA"":{""lat"":37.52228,""lon"":126.906494,""alt"":305},""targetSpeed"":51.4,""seq"":5}","{""phase"":""F"",""startLLA"":{""lat"":37.52228,""lon"":126.906494,""alt"":305},""endLLA"":{""lat"":37.515965,""lon"":126.907756,""alt"":305},""targetSpeed"":51.4,""seq"":6}","{""phase"":""F"",""startLLA"":{""lat"":37.515965,""lon"":126.907756,""alt"":305},""endLLA"":{""lat"":37.494741,""lon"":126.936928,""alt"":305},""targetSpeed"":51.4,""seq"":7}","{""phase"":""G"",""startLLA"":{""lat"":37.494741,""lon"":126.936928,""alt"":305},""endLLA"":{""lat"":37.492877,""lon"":126.93949,""alt"":287.16},""targetSpeed"":36,""seq"":8}","{""phase"":""G"",""startLLA"":{""lat"":37.492877,""lon"":126.93949,""alt"":287.16},""endLLA"":{""lat"":37.479834,""lon"":126.972037,""alt"":100},""targetSpeed"":36,""seq"":9}","{""phase"":""I"",""startLLA"":{""lat"":37.479834,""lon"":126.972037,""alt"":100},""endLLA"":{""lat"":37.475767,""lon"":126.982185,""alt"":15},""targetSpeed"":30,""seq"":10}","{""phase"":""J"",""startLLA"":{""lat"":37.475767,""lon"":126.982185,""alt"":15},""endLLA"":{""lat"":37.475767,""lon"":126.982185,""alt"":0},""targetSpeed"":10,""seq"":11}","{""phase"":""K"",""startLLA"":{""lat"":37.475767,""lon"":126.982185,""alt"":0},""endLLA"":{""lat"":37.475767,""lon"":126.982185,""alt"":0},""targetSpeed"":3,""seq"":12}",,,,,,,,,
b4a2894cba5c,2026-06-20,FPL0302008,UAM0012,a4,4,2,0.5,상암,상암,잠실,잠실,12,gate-8,fato-1,gate-4,fato-3,12:11:47,12:23:52,12:33:12,12:40:02,12:50:02,725.93,559.65,410,1695.58,185.93,0,ready,상암 > 선유도 17고지 > 영등포 > 180고지 > 채석장 > 경부고속도로 양재천 다리 > 대치교 > 잠실,24.7496,15,"{""phase"":""A"",""startLLA"":{""lat"":37.562282,""lon"":126.890156,""alt"":0},""endLLA"":{""lat"":37.562282,""lon"":126.890156,""alt"":0},""targetSpeed"":3,""seq"":1}","{""phase"":""B"",""startLLA"":{""lat"":37.562282,""lon"":126.890156,""alt"":0},""endLLA"":{""lat"":37.562282,""lon"":126.890156,""alt"":15},""targetSpeed"":10,""seq"":2}","{""phase"":""C"",""startLLA"":{""lat"":37.562282,""lon"":126.890156,""alt"":15},""endLLA"":{""lat"":37.552558,""lon"":126.89616,""alt"":100},""targetSpeed"":36,""seq"":3}","{""phase"":""E"",""startLLA"":{""lat"":37.552558,""lon"":126.89616,""alt"":100},""endLLA"":{""lat"":37.542307,""lon"":126.90249,""alt"":173.82},""targetSpeed"":51.4,""seq"":4}","{""phase"":""E"",""startLLA"":{""lat"":37.542307,""lon"":126.90249,""alt"":173.82},""endLLA"":{""lat"":37.522274,""lon"":126.906495,""alt"":305},""targetSpeed"":51.4,""seq"":5}","{""phase"":""F"",""startLLA"":{""lat"":37.522274,""lon"":126.906495,""alt"":305},""endLLA"":{""lat"":37.515965,""lon"":126.907756,""alt"":305},""targetSpeed"":51.4,""seq"":6}","{""phase"":""F"",""startLLA"":{""lat"":37.515965,""lon"":126.907756,""alt"":305},""endLLA"":{""lat"":37.492877,""lon"":126.93949,""alt"":305},""targetSpeed"":51.4,""seq"":7}","{""phase"":""F"",""startLLA"":{""lat"":37.492877,""lon"":126.93949,""alt"":305},""endLLA"":{""lat"":37.471285,""lon"":126.985745,""alt"":305},""targetSpeed"":51.4,""seq"":8}","{""phase"":""F"",""startLLA"":{""lat"":37.471285,""lon"":126.985745,""alt"":305},""endLLA"":{""lat"":37.471593,""lon"":127.032031,""alt"":305},""targetSpeed"":51.4,""seq"":9}","{""phase"":""F"",""startLLA"":{""lat"":37.471593,""lon"":127.032031,""alt"":305},""endLLA"":{""lat"":37.483532,""lon"":127.051156,""alt"":305},""targetSpeed"":51.4,""seq"":10}","{""phase"":""G"",""startLLA"":{""lat"":37.483532,""lon"":127.051156,""alt"":305},""endLLA"":{""lat"":37.497702,""lon"":127.073855,""alt"":156.78},""targetSpeed"":36,""seq"":11}","{""phase"":""G"",""startLLA"":{""lat"":37.497702,""lon"":127.073855,""alt"":156.78},""endLLA"":{""lat"":37.506268,""lon"":127.071432,""alt"":100},""targetSpeed"":36,""seq"":12}","{""phase"":""I"",""startLLA"":{""lat"":37.506268,""lon"":127.071432,""alt"":100},""endLLA"":{""lat"":37.515071,""lon"":127.068942,""alt"":15},""targetSpeed"":30,""seq"":13}","{""phase"":""J"",""startLLA"":{""lat"":37.515071,""lon"":127.068942,""alt"":15},""endLLA"":{""lat"":37.515071,""lon"":127.068942,""alt"":0},""targetSpeed"":10,""seq"":14}","{""phase"":""K"",""startLLA"":{""lat"":37.515071,""lon"":127.068942,""alt"":0},""endLLA"":{""lat"":37.515071,""lon"":127.068942,""alt"":0},""targetSpeed"":3,""seq"":15}",,,,,,
b4a2894cba5c,2026-06-20,FPL0316006,UAM0115,a4,4,1,0.25,상암,상암,망우,망우,12,gate-3,fato-2,gate-5,fato-4,12:14:33,12:24:43,12:36:26,12:44:46,12:54:46,610,703.73,500,1813.73,100,101.28,ready,상암 > 선유도 17고지 > 서강대교 중간지점 > 63빌딩 > 상도터널 > 이수고가차로 > 주흥교 > 성수대교 남단 > 왕십리역 > 청량리 > 망우,26.9495,18,"{""phase"":""A"",""startLLA"":{""lat"":37.562282,""lon"":126.890156,""alt"":0},""endLLA"":{""lat"":37.562282,""lon"":126.890156,""alt"":0},""targetSpeed"":3,""seq"":1}","{""phase"":""B"",""startLLA"":{""lat"":37.562282,""lon"":126.890156,""alt"":0},""endLLA"":{""lat"":37.562282,""lon"":126.890156,""alt"":15},""targetSpeed"":10,""seq"":2}","{""phase"":""C"",""startLLA"":{""lat"":37.562282,""lon"":126.890156,""alt"":15},""endLLA"":{""lat"":37.552561,""lon"":126.896158,""alt"":100},""targetSpeed"":36,""seq"":3}","{""phase"":""E"",""startLLA"":{""lat"":37.552561,""lon"":126.896158,""alt"":100},""endLLA"":{""lat"":37.542307,""lon"":126.90249,""alt"":173.87},""targetSpeed"":51.4,""seq"":4}","{""phase"":""E"",""startLLA"":{""lat"":37.542307,""lon"":126.90249,""alt"":173.87},""endLLA"":{""lat"":37.536949,""lon"":126.924908,""alt"":293.99},""targetSpeed"":51.4,""seq"":5}","{""phase"":""E"",""startLLA"":{""lat"":37.536949,""lon"":126.924908,""alt"":293.99},""endLLA"":{""lat"":37.535549,""lon"":126.926127,""alt"":305},""targetSpeed"":51.4,""seq"":6}","{""phase"":""F"",""startLLA"":{""lat"":37.535549,""lon"":126.926127,""alt"":305},""endLLA"":{""lat"":37.519378,""lon"":126.94021,""alt"":305},""targetSpeed"":51.4,""seq"":7}","{""phase"":""F"",""startLLA"":{""lat"":37.519378,""lon"":126.94021,""alt"":305},""endLLA"":{""lat"":37.508684,""lon"":126.95211,""alt"":305},""targetSpeed"":51.4,""seq"":8}","{""phase"":""F"",""startLLA"":{""lat"":37.508684,""lon"":126.95211,""alt"":305},""endLLA"":{""lat"":37.497738,""lon"":126.983721,""alt"":305},""targetSpeed"":51.4,""seq"":9}","{""phase"":""F"",""startLLA"":{""lat"":37.497738,""lon"":126.983721,""alt"":305},""endLLA"":{""lat"":37.509486,""lon"":127.016026,""alt"":305},""targetSpeed"":51.4,""seq"":10}","{""phase"":""F"",""startLLA"":{""lat"":37.509486,""lon"":127.016026,""alt"":305},""endLLA"":{""lat"":37.53537,""lon"":127.034503,""alt"":305},""targetSpeed"":51.4,""seq"":11}","{""phase"":""F"",""startLLA"":{""lat"":37.53537,""lon"":127.034503,""alt"":305},""endLLA"":{""lat"":37.561925,""lon"":127.038491,""alt"":305},""targetSpeed"":51.4,""seq"":12}","{""phase"":""F"",""startLLA"":{""lat"":37.561925,""lon"":127.038491,""alt"":305},""endLLA"":{""lat"":37.573839,""lon"":127.044841,""alt"":305},""targetSpeed"":51.4,""seq"":13}","{""phase"":""G"",""startLLA"":{""lat"":37.573839,""lon"":127.044841,""alt"":305},""endLLA"":{""lat"":37.581542,""lon"":127.048947,""alt"":250.9},""targetSpeed"":36,""seq"":14}","{""phase"":""G"",""startLLA"":{""lat"":37.581542,""lon"":127.048947,""alt"":250.9},""endLLA"":{""lat"":37.592631,""lon"":127.074841,""alt"":100},""targetSpeed"":36,""seq"":15}","{""phase"":""I"",""startLLA"":{""lat"":37.592631,""lon"":127.074841,""alt"":100},""endLLA"":{""lat"":37.596919,""lon"":127.084854,""alt"":15},""targetSpeed"":30,""seq"":16}","{""phase"":""J"",""startLLA"":{""lat"":37.596919,""lon"":127.084854,""alt"":15},""endLLA"":{""lat"":37.596919,""lon"":127.084854,""alt"":0},""targetSpeed"":10,""seq"":17}","{""phase"":""K"",""startLLA"":{""lat"":37.596919,""lon"":127.084854,""alt"":0},""endLLA"":{""lat"":37.596919,""lon"":127.084854,""alt"":0},""targetSpeed"":3,""seq"":18}",,,
b4a2894cba5c,2026-06-20,FPL0309009,UAM0041,a2,2,1,0.5,상암,상암,성수,성수,12,gate-7,fato-1,gate-8,fato-4,12:20:35,12:29:52,12:37:14,12:44:04,12:54:04,557.93,441.35,410,1409.28,47.93,0,ready,상암 > 선유도 17고지 > 서강대교 중간지점 > 63빌딩 > 상도터널 > 이수고가차로 > 주흥교 > 성수,18.6691,15,"{""phase"":""A"",""startLLA"":{""lat"":37.562282,""lon"":126.890156,""alt"":0},""endLLA"":{""lat"":37.562282,""lon"":126.890156,""alt"":0},""targetSpeed"":3,""seq"":1}","{""phase"":""B"",""startLLA"":{""lat"":37.562282,""lon"":126.890156,""alt"":0},""endLLA"":{""lat"":37.562282,""lon"":126.890156,""alt"":15},""targetSpeed"":10,""seq"":2}","{""phase"":""C"",""startLLA"":{""lat"":37.562282,""lon"":126.890156,""alt"":15},""endLLA"":{""lat"":37.55256,""lon"":126.896159,""alt"":100},""targetSpeed"":36,""seq"":3}","{""phase"":""E"",""startLLA"":{""lat"":37.55256,""lon"":126.896159,""alt"":100},""endLLA"":{""lat"":37.542307,""lon"":126.90249,""alt"":173.85},""targetSpeed"":51.4,""seq"":4}","{""phase"":""E"",""startLLA"":{""lat"":37.542307,""lon"":126.90249,""alt"":173.85},""endLLA"":{""lat"":37.536949,""lon"":126.924908,""alt"":293.95},""targetSpeed"":51.4,""seq"":5}","{""phase"":""E"",""startLLA"":{""lat"":37.536949,""lon"":126.924908,""alt"":293.95},""endLLA"":{""lat"":37.535544,""lon"":126.926131,""alt"":305},""targetSpeed"":51.4,""seq"":6}","{""phase"":""F"",""startLLA"":{""lat"":37.535544,""lon"":126.926131,""alt"":305},""endLLA"":{""lat"":37.519378,""lon"":126.94021,""alt"":305},""targetSpeed"":51.4,""seq"":7}","{""phase"":""F"",""startLLA"":{""lat"":37.519378,""lon"":126.94021,""alt"":305},""endLLA"":{""lat"":37.508684,""lon"":126.95211,""alt"":305},""targetSpeed"":51.4,""seq"":8}","{""phase"":""F"",""startLLA"":{""lat"":37.508684,""lon"":126.95211,""alt"":305},""endLLA"":{""lat"":37.497738,""lon"":126.983721,""alt"":305},""targetSpeed"":51.4,""seq"":9}","{""phase"":""F"",""startLLA"":{""lat"":37.497738,""lon"":126.983721,""alt"":305},""endLLA"":{""lat"":37.507423,""lon"":127.010353,""alt"":305},""targetSpeed"":51.4,""seq"":10}","{""phase"":""G"",""startLLA"":{""lat"":37.507423,""lon"":127.010353,""alt"":305},""endLLA"":{""lat"":37.509486,""lon"":127.016026,""alt"":272.98},""targetSpeed"":36,""seq"":11}","{""phase"":""G"",""startLLA"":{""lat"":37.509486,""lon"":127.016026,""alt"":272.98},""endLLA"":{""lat"":37.531493,""lon"":127.035175,""alt"":100},""targetSpeed"":36,""seq"":12}","{""phase"":""I"",""startLLA"":{""lat"":37.531493,""lon"":127.035175,""alt"":100},""endLLA"":{""lat"":37.538917,""lon"":127.041635,""alt"":15},""targetSpeed"":30,""seq"":13}","{""phase"":""J"",""startLLA"":{""lat"":37.538917,""lon"":127.041635,""alt"":15},""endLLA"":{""lat"":37.538917,""lon"":127.041635,""alt"":0},""targetSpeed"":10,""seq"":14}","{""phase"":""K"",""startLLA"":{""lat"":37.538917,""lon"":127.041635,""alt"":0},""endLLA"":{""lat"":37.538917,""lon"":127.041635,""alt"":0},""targetSpeed"":3,""seq"":15}",,,,,,
b4a2894cba5c,2026-06-20,FPL0317007,UAM0050,a2,2,1,0.5,상암,상암,수서,수서,12,gate-2,fato-2,gate-4,fato-4,12:23:39,12:31:39,12:40:51,12:47:41,12:57:41,480,552.34,410,1442.34,0,0,ready,상암 > 선유도 17고지 > 영등포 > 180고지 > 채석장 > 경부고속도로 양재천 다리 > 수서,24.374,14,"{""phase"":""A"",""startLLA"":{""lat"":37.562282,""lon"":126.890156,""alt"":0},""endLLA"":{""lat"":37.562282,""lon"":126.890156,""alt"":0},""targetSpeed"":3,""seq"":1}","{""phase"":""B"",""startLLA"":{""lat"":37.562282,""lon"":126.890156,""alt"":0},""endLLA"":{""lat"":37.562282,""lon"":126.890156,""alt"":15},""targetSpeed"":10,""seq"":2}","{""phase"":""C"",""startLLA"":{""lat"":37.562282,""lon"":126.890156,""alt"":15},""endLLA"":{""lat"":37.552557,""lon"":126.896161,""alt"":100},""targetSpeed"":36,""seq"":3}","{""phase"":""E"",""startLLA"":{""lat"":37.552557,""lon"":126.896161,""alt"":100},""endLLA"":{""lat"":37.542307,""lon"":126.90249,""alt"":173.8},""targetSpeed"":51.4,""seq"":4}","{""phase"":""E"",""startLLA"":{""lat"":37.542307,""lon"":126.90249,""alt"":173.8},""endLLA"":{""lat"":37.52227,""lon"":126.906496,""alt"":305},""targetSpeed"":51.4,""seq"":5}","{""phase"":""F"",""startLLA"":{""lat"":37.52227,""lon"":126.906496,""alt"":305},""endLLA"":{""lat"":37.515965,""lon"":126.907756,""alt"":305},""targetSpeed"":51.4,""seq"":6}","{""phase"":""F"",""startLLA"":{""lat"":37.515965,""lon"":126.907756,""alt"":305},""endLLA"":{""lat"":37.492877,""lon"":126.93949,""alt"":305},""targetSpeed"":51.4,""seq"":7}","{""phase"":""F"",""startLLA"":{""lat"":37.492877,""lon"":126.93949,""alt"":305},""endLLA"":{""lat"":37.471285,""lon"":126.985745,""alt"":305},""targetSpeed"":51.4,""seq"":8}","{""phase"":""F"",""startLLA"":{""lat"":37.471285,""lon"":126.985745,""alt"":305},""endLLA"":{""lat"":37.471593,""lon"":127.032031,""alt"":305},""targetSpeed"":51.4,""seq"":9}","{""phase"":""F"",""startLLA"":{""lat"":37.471593,""lon"":127.032031,""alt"":305},""endLLA"":{""lat"":37.476054,""lon"":127.051334,""alt"":305},""targetSpeed"":51.4,""seq"":10}","{""phase"":""G"",""startLLA"":{""lat"":37.476054,""lon"":127.051334,""alt"":305},""endLLA"":{""lat"":37.484918,""lon"":127.089686,""alt"":100},""targetSpeed"":36,""seq"":11}","{""phase"":""I"",""startLLA"":{""lat"":37.484918,""lon"":127.089686,""alt"":100},""endLLA"":{""lat"":37.487441,""lon"":127.100603,""alt"":15},""targetSpeed"":30,""seq"":12}","{""phase"":""J"",""startLLA"":{""lat"":37.487441,""lon"":127.100603,""alt"":15},""endLLA"":{""lat"":37.487441,""lon"":127.100603,""alt"":0},""targetSpeed"":10,""seq"":13}","{""phase"":""K"",""startLLA"":{""lat"":37.487441,""lon"":127.100603,""alt"":0},""endLLA"":{""lat"":37.487441,""lon"":127.100603,""alt"":0},""targetSpeed"":3,""seq"":14}",,,,,,,
b4a2894cba5c,2026-06-20,FPL0313011,UAM0104,a8,8,3,0.375,상암,상암,강남,강남,13,gate-4,fato-1,gate-4,fato-3,13:00:36,13:10:16,13:16:26,13:23:16,13:33:16,580,370.93,410,1360.93,76.06,0,ready,상암 > 선유도 17고지 > 서강대교 중간지점 > 63빌딩 > 상도터널 > 이수고가차로 > 강남,15.0491,14,"{""phase"":""A"",""startLLA"":{""lat"":37.562282,""lon"":126.890156,""alt"":0},""endLLA"":{""lat"":37.562282,""lon"":126.890156,""alt"":0},""targetSpeed"":3,""seq"":1}","{""phase"":""B"",""startLLA"":{""lat"":37.562282,""lon"":126.890156,""alt"":0},""endLLA"":{""lat"":37.562282,""lon"":126.890156,""alt"":15},""targetSpeed"":10,""seq"":2}","{""phase"":""C"",""startLLA"":{""lat"":37.562282,""lon"":126.890156,""alt"":15},""endLLA"":{""lat"":37.552559,""lon"":126.896159,""alt"":100},""targetSpeed"":36,""seq"":3}","{""phase"":""E"",""startLLA"":{""lat"":37.552559,""lon"":126.896159,""alt"":100},""endLLA"":{""lat"":37.542307,""lon"":126.90249,""alt"":173.84},""targetSpeed"":51.4,""seq"":4}","{""phase"":""E"",""startLLA"":{""lat"":37.542307,""lon"":126.90249,""alt"":173.84},""endLLA"":{""lat"":37.536949,""lon"":126.924908,""alt"":293.93},""targetSpeed"":51.4,""seq"":5}","{""phase"":""E"",""startLLA"":{""lat"":37.536949,""lon"":126.924908,""alt"":293.93},""endLLA"":{""lat"":37.535541,""lon"":126.926134,""alt"":305},""targetSpeed"":51.4,""seq"":6}","{""phase"":""F"",""startLLA"":{""lat"":37.535541,""lon"":126.926134,""alt"":305},""endLLA"":{""lat"":37.519378,""lon"":126.94021,""alt"":305},""targetSpeed"":51.4,""seq"":7}","{""phase"":""F"",""startLLA"":{""lat"":37.519378,""lon"":126.94021,""alt"":305},""endLLA"":{""lat"":37.508684,""lon"":126.95211,""alt"":305},""targetSpeed"":51.4,""seq"":8}","{""phase"":""F"",""startLLA"":{""lat"":37.508684,""lon"":126.95211,""alt"":305},""endLLA"":{""lat"":37.501448,""lon"":126.973006,""alt"":305},""targetSpeed"":51.4,""seq"":9}","{""phase"":""G"",""startLLA"":{""lat"":37.501448,""lon"":126.973006,""alt"":305},""endLLA"":{""lat"":37.497738,""lon"":126.983721,""alt"":245},""targetSpeed"":36,""seq"":10}","{""phase"":""G"",""startLLA"":{""lat"":37.497738,""lon"":126.983721,""alt"":245},""endLLA"":{""lat"":37.496706,""lon"":127.011945,""alt"":100},""targetSpeed"":36,""seq"":11}","{""phase"":""I"",""startLLA"":{""lat"":37.496706,""lon"":127.011945,""alt"":100},""endLLA"":{""lat"":37.496291,""lon"":127.023303,""alt"":15},""targetSpeed"":30,""seq"":12}","{""phase"":""J"",""startLLA"":{""lat"":37.496291,""lon"":127.023303,""alt"":15},""endLLA"":{""lat"":37.496291,""lon"":127.023303,""alt"":0},""targetSpeed"":10,""seq"":13}","{""phase"":""K"",""startLLA"":{""lat"":37.496291,""lon"":127.023303,""alt"":0},""endLLA"":{""lat"":37.496291,""lon"":127.023303,""alt"":0},""targetSpeed"":3,""seq"":14}",,,,,,,
b4a2894cba5c,2026-06-20,FPL0316007,UAM0020,a4,4,3,0.75,상암,상암,망우,망우,13,gate-8,fato-2,gate-3,fato-3,13:04:35,13:13:35,13:26:36,13:33:56,13:43:56,540,781.73,440,1761.73,0,179.28,ready,상암 > 선유도 17고지 > 서강대교 중간지점 > 63빌딩 > 상도터널 > 이수고가차로 > 주흥교 > 성수대교 남단 > 왕십리역 > 청량리 > 망우,26.9495,18,"{""phase"":""A"",""startLLA"":{""lat"":37.562282,""lon"":126.890156,""alt"":0},""endLLA"":{""lat"":37.562282,""lon"":126.890156,""alt"":0},""targetSpeed"":3,""seq"":1}","{""phase"":""B"",""startLLA"":{""lat"":37.562282,""lon"":126.890156,""alt"":0},""endLLA"":{""lat"":37.562282,""lon"":126.890156,""alt"":15},""targetSpeed"":10,""seq"":2}","{""phase"":""C"",""startLLA"":{""lat"":37.562282,""lon"":126.890156,""alt"":15},""endLLA"":{""lat"":37.552561,""lon"":126.896158,""alt"":100},""targetSpeed"":36,""seq"":3}","{""phase"":""E"",""startLLA"":{""lat"":37.552561,""lon"":126.896158,""alt"":100},""endLLA"":{""lat"":37.542307,""lon"":126.90249,""alt"":173.87},""targetSpeed"":51.4,""seq"":4}","{""phase"":""E"",""startLLA"":{""lat"":37.542307,""lon"":126.90249,""alt"":173.87},""endLLA"":{""lat"":37.536949,""lon"":126.924908,""alt"":293.99},""targetSpeed"":51.4,""seq"":5}","{""phase"":""E"",""startLLA"":{""lat"":37.536949,""lon"":126.924908,""alt"":293.99},""endLLA"":{""lat"":37.535549,""lon"":126.926127,""alt"":305},""targetSpeed"":51.4,""seq"":6}","{""phase"":""F"",""startLLA"":{""lat"":37.535549,""lon"":126.926127,""alt"":305},""endLLA"":{""lat"":37.519378,""lon"":126.94021,""alt"":305},""targetSpeed"":51.4,""seq"":7}","{""phase"":""F"",""startLLA"":{""lat"":37.519378,""lon"":126.94021,""alt"":305},""endLLA"":{""lat"":37.508684,""lon"":126.95211,""alt"":305},""targetSpeed"":51.4,""seq"":8}","{""phase"":""F"",""startLLA"":{""lat"":37.508684,""lon"":126.95211,""alt"":305},""endLLA"":{""lat"":37.497738,""lon"":126.983721,""alt"":305},""targetSpeed"":51.4,""seq"":9}","{""phase"":""F"",""startLLA"":{""lat"":37.497738,""lon"":126.983721,""alt"":305},""endLLA"":{""lat"":37.509486,""lon"":127.016026,""alt"":305},""targetSpeed"":51.4,""seq"":10}","{""phase"":""F"",""startLLA"":{""lat"":37.509486,""lon"":127.016026,""alt"":305},""endLLA"":{""lat"":37.53537,""lon"":127.034503,""alt"":305},""targetSpeed"":51.4,""seq"":11}","{""phase"":""F"",""startLLA"":{""lat"":37.53537,""lon"":127.034503,""alt"":305},""endLLA"":{""lat"":37.561925,""lon"":127.038491,""alt"":305},""targetSpeed"":51.4,""seq"":12}","{""phase"":""F"",""startLLA"":{""lat"":37.561925,""lon"":127.038491,""alt"":305},""endLLA"":{""lat"":37.573839,""lon"":127.044841,""alt"":305},""targetSpeed"":51.4,""seq"":13}","{""phase"":""G"",""startLLA"":{""lat"":37.573839,""lon"":127.044841,""alt"":305},""endLLA"":{""lat"":37.581542,""lon"":127.048947,""alt"":250.9},""targetSpeed"":36,""seq"":14}","{""phase"":""G"",""startLLA"":{""lat"":37.581542,""lon"":127.048947,""alt"":250.9},""endLLA"":{""lat"":37.592631,""lon"":127.074841,""alt"":100},""targetSpeed"":36,""seq"":15}","{""phase"":""I"",""startLLA"":{""lat"":37.592631,""lon"":127.074841,""alt"":100},""endLLA"":{""lat"":37.596919,""lon"":127.084854,""alt"":15},""targetSpeed"":30,""seq"":16}","{""phase"":""J"",""startLLA"":{""lat"":37.596919,""lon"":127.084854,""alt"":15},""endLLA"":{""lat"":37.596919,""lon"":127.084854,""alt"":0},""targetSpeed"":10,""seq"":17}","{""phase"":""K"",""startLLA"":{""lat"":37.596919,""lon"":127.084854,""alt"":0},""endLLA"":{""lat"":37.596919,""lon"":127.084854,""alt"":0},""targetSpeed"":3,""seq"":18}",,,
b4a2894cba5c,2026-06-20,FPL0306004,UAM0077,a6,6,3,0.5,상암,상암,미아,미아,13,gate-3,fato-1,gate-8,fato-4,13:10:04,13:18:34,13:30:10,13:37:00,13:47:00,510,696.06,410,1616.06,0,0,ready,상암 > 선유도 17고지 > 서강대교 중간지점 > 63빌딩 > 상도터널 > 이수고가차로 > 주흥교 > 성수대교 남단 > 왕십리역 > 청량리 > 신설동역 > 미아,31.761,19,"{""phase"":""A"",""startLLA"":{""lat"":37.562282,""lon"":126.890156,""alt"":0},""endLLA"":{""lat"":37.562282,""lon"":126.890156,""alt"":0},""targetSpeed"":3,""seq"":1}","{""phase"":""B"",""startLLA"":{""lat"":37.562282,""lon"":126.890156,""alt"":0},""endLLA"":{""lat"":37.562282,""lon"":126.890156,""alt"":15},""targetSpeed"":10,""seq"":2}","{""phase"":""C"",""startLLA"":{""lat"":37.562282,""lon"":126.890156,""alt"":15},""endLLA"":{""lat"":37.552561,""lon"":126.896158,""alt"":100},""targetSpeed"":36,""seq"":3}","{""phase"":""E"",""startLLA"":{""lat"":37.552561,""lon"":126.896158,""alt"":100},""endLLA"":{""lat"":37.542307,""lon"":126.90249,""alt"":173.87},""targetSpeed"":51.4,""seq"":4}","{""phase"":""E"",""startLLA"":{""lat"":37.542307,""lon"":126.90249,""alt"":173.87},""endLLA"":{""lat"":37.536949,""lon"":126.924908,""alt"":293.99},""targetSpeed"":51.4,""seq"":5}","{""phase"":""E"",""startLLA"":{""lat"":37.536949,""lon"":126.924908,""alt"":293.99},""endLLA"":{""lat"":37.535548,""lon"":126.926128,""alt"":305},""targetSpeed"":51.4,""seq"":6}","{""phase"":""F"",""startLLA"":{""lat"":37.535548,""lon"":126.926128,""alt"":305},""endLLA"":{""lat"":37.519378,""lon"":126.94021,""alt"":305},""targetSpeed"":51.4,""seq"":7}","{""phase"":""F"",""startLLA"":{""lat"":37.519378,""lon"":126.94021,""alt"":305},""endLLA"":{""lat"":37.508684,""lon"":126.95211,""alt"":305},""targetSpeed"":51.4,""seq"":8}","{""phase"":""F"",""startLLA"":{""lat"":37.508684,""lon"":126.95211,""alt"":305},""endLLA"":{""lat"":37.497738,""lon"":126.983721,""alt"":305},""targetSpeed"":51.4,""seq"":9}","{""phase"":""F"",""startLLA"":{""lat"":37.497738,""lon"":126.983721,""alt"":305},""endLLA"":{""lat"":37.509486,""lon"":127.016026,""alt"":305},""targetSpeed"":51.4,""seq"":10}","{""phase"":""F"",""startLLA"":{""lat"":37.509486,""lon"":127.016026,""alt"":305},""endLLA"":{""lat"":37.53537,""lon"":127.034503,""alt"":305},""targetSpeed"":51.4,""seq"":11}","{""phase"":""F"",""startLLA"":{""lat"":37.53537,""lon"":127.034503,""alt"":305},""endLLA"":{""lat"":37.561925,""lon"":127.038491,""alt"":305},""targetSpeed"":51.4,""seq"":12}","{""phase"":""F"",""startLLA"":{""lat"":37.561925,""lon"":127.038491,""alt"":305},""endLLA"":{""lat"":37.581542,""lon"":127.048947,""alt"":305},""targetSpeed"":51.4,""seq"":13}","{""phase"":""F"",""startLLA"":{""lat"":37.581542,""lon"":127.048947,""alt"":305},""endLLA"":{""lat"":37.575658,""lon"":127.02353,""alt"":305},""targetSpeed"":51.4,""seq"":14}","{""phase"":""F"",""startLLA"":{""lat"":37.575658,""lon"":127.02353,""alt"":305},""endLLA"":{""lat"":37.58953,""lon"":127.024172,""alt"":305},""targetSpeed"":51.4,""seq"":15}","{""phase"":""G"",""startLLA"":{""lat"":37.58953,""lon"":127.024172,""alt"":305},""endLLA"":{""lat"":37.621194,""lon"":127.025636,""alt"":100},""targetSpeed"":36,""seq"":16}","{""phase"":""I"",""startLLA"":{""lat"":37.621194,""lon"":127.025636,""alt"":100},""endLLA"":{""lat"":37.630207,""lon"":127.026053,""alt"":15},""targetSpeed"":30,""seq"":17}","{""phase"":""J"",""startLLA"":{""lat"":37.630207,""lon"":127.026053,""alt"":15},""endLLA"":{""lat"":37.630207,""lon"":127.026053,""alt"":0},""targetSpeed"":10,""seq"":18}","{""phase"":""K"",""startLLA"":{""lat"":37.630207,""lon"":127.026053,""alt"":0},""endLLA"":{""lat"":37.630207,""lon"":127.026053,""alt"":0},""targetSpeed"":3,""seq"":19}",,
b4a2894cba5c,2026-06-20,FPL0302009,UAM0044,a4,4,3,0.75,상암,상암,잠실,잠실,13,gate-7,fato-2,gate-3,fato-3,13:12:57,13:21:27,13:30:46,13:38:06,13:48:06,510,559.65,440,1509.65,0,0,ready,상암 > 선유도 17고지 > 영등포 > 180고지 > 채석장 > 경부고속도로 양재천 다리 > 대치교 > 잠실,24.7496,15,"{""phase"":""A"",""startLLA"":{""lat"":37.562282,""lon"":126.890156,""alt"":0},""endLLA"":{""lat"":37.562282,""lon"":126.890156,""alt"":0},""targetSpeed"":3,""seq"":1}","{""phase"":""B"",""startLLA"":{""lat"":37.562282,""lon"":126.890156,""alt"":0},""endLLA"":{""lat"":37.562282,""lon"":126.890156,""alt"":15},""targetSpeed"":10,""seq"":2}","{""phase"":""C"",""startLLA"":{""lat"":37.562282,""lon"":126.890156,""alt"":15},""endLLA"":{""lat"":37.552558,""lon"":126.89616,""alt"":100},""targetSpeed"":36,""seq"":3}","{""phase"":""E"",""startLLA"":{""lat"":37.552558,""lon"":126.89616,""alt"":100},""endLLA"":{""lat"":37.542307,""lon"":126.90249,""alt"":173.82},""targetSpeed"":51.4,""seq"":4}","{""phase"":""E"",""startLLA"":{""lat"":37.542307,""lon"":126.90249,""alt"":173.82},""endLLA"":{""lat"":37.522274,""lon"":126.906495,""alt"":305},""targetSpeed"":51.4,""seq"":5}","{""phase"":""F"",""startLLA"":{""lat"":37.522274,""lon"":126.906495,""alt"":305},""endLLA"":{""lat"":37.515965,""lon"":126.907756,""alt"":305},""targetSpeed"":51.4,""seq"":6}","{""phase"":""F"",""startLLA"":{""lat"":37.515965,""lon"":126.907756,""alt"":305},""endLLA"":{""lat"":37.492877,""lon"":126.93949,""alt"":305},""targetSpeed"":51.4,""seq"":7}","{""phase"":""F"",""startLLA"":{""lat"":37.492877,""lon"":126.93949,""alt"":305},""endLLA"":{""lat"":37.471285,""lon"":126.985745,""alt"":305},""targetSpeed"":51.4,""seq"":8}","{""phase"":""F"",""startLLA"":{""lat"":37.471285,""lon"":126.985745,""alt"":305},""endLLA"":{""lat"":37.471593,""lon"":127.032031,""alt"":305},""targetSpeed"":51.4,""seq"":9}","{""phase"":""F"",""startLLA"":{""lat"":37.471593,""lon"":127.032031,""alt"":305},""endLLA"":{""lat"":37.483532,""lon"":127.051156,""alt"":305},""targetSpeed"":51.4,""seq"":10}","{""phase"":""G"",""startLLA"":{""lat"":37.483532,""lon"":127.051156,""alt"":305},""endLLA"":{""lat"":37.497702,""lon"":127.073855,""alt"":156.78},""targetSpeed"":36,""seq"":11}","{""phase"":""G"",""startLLA"":{""lat"":37.497702,""lon"":127.073855,""alt"":156.78},""endLLA"":{""lat"":37.506268,""lon"":127.071432,""alt"":100},""targetSpeed"":36,""seq"":12}","{""phase"":""I"",""startLLA"":{""lat"":37.506268,""lon"":127.071432,""alt"":100},""endLLA"":{""lat"":37.515071,""lon"":127.068942,""alt"":15},""targetSpeed"":30,""seq"":13}","{""phase"":""J"",""startLLA"":{""lat"":37.515071,""lon"":127.068942,""alt"":15},""endLLA"":{""lat"":37.515071,""lon"":127.068942,""alt"":0},""targetSpeed"":10,""seq"":14}","{""phase"":""K"",""startLLA"":{""lat"":37.515071,""lon"":127.068942,""alt"":0},""endLLA"":{""lat"":37.515071,""lon"":127.068942,""alt"":0},""targetSpeed"":3,""seq"":15}",,,,,,
b4a2894cba5c,2026-06-20,FPL0308008,UAM0039,a8,8,2,0.25,상암,상암,사당,사당,13,gate-4,fato-1,gate-8,fato-4,13:21:32,13:30:34,13:36:14,13:43:04,13:53:04,542.34,340.18,410,1292.52,2.34,0,ready,상암 > 선유도 17고지 > 영등포 > 180고지 > 사당,13.4688,12,"{""phase"":""A"",""startLLA"":{""lat"":37.562282,""lon"":126.890156,""alt"":0},""endLLA"":{""lat"":37.562282,""lon"":126.890156,""alt"":0},""targetSpeed"":3,""seq"":1}","{""phase"":""B"",""startLLA"":{""lat"":37.562282,""lon"":126.890156,""alt"":0},""endLLA"":{""lat"":37.562282,""lon"":126.890156,""alt"":15},""targetSpeed"":10,""seq"":2}","{""phase"":""C"",""startLLA"":{""lat"":37.562282,""lon"":126.890156,""alt"":15},""endLLA"":{""lat"":37.552559,""lon"":126.896159,""alt"":100},""targetSpeed"":36,""seq"":3}","{""phase"":""E"",""startLLA"":{""lat"":37.552559,""lon"":126.896159,""alt"":100},""endLLA"":{""lat"":37.542307,""lon"":126.90249,""alt"":173.84},""targetSpeed"":51.4,""seq"":4}","{""phase"":""E"",""startLLA"":{""lat"":37.542307,""lon"":126.90249,""alt"":173.84},""endLLA"":{""lat"":37.52228,""lon"":126.906494,""alt"":305},""targetSpeed"":51.4,""seq"":5}","{""phase"":""F"",""startLLA"":{""lat"":37.52228,""lon"":126.906494,""alt"":305},""endLLA"":{""lat"":37.515965,""lon"":126.907756,""alt"":305},""targetSpeed"":51.4,""seq"":6}","{""phase"":""F"",""startLLA"":{""lat"":37.515965,""lon"":126.907756,""alt"":305},""endLLA"":{""lat"":37.494741,""lon"":126.936928,""alt"":305},""targetSpeed"":51.4,""seq"":7}","{""phase"":""G"",""startLLA"":{""lat"":37.494741,""lon"":126.936928,""alt"":305},""endLLA"":{""lat"":37.492877,""lon"":126.93949,""alt"":287.16},""targetSpeed"":36,""seq"":8}","{""phase"":""G"",""startLLA"":{""lat"":37.492877,""lon"":126.93949,""alt"":287.16},""endLLA"":{""lat"":37.479834,""lon"":126.972037,""alt"":100},""targetSpeed"":36,""seq"":9}","{""phase"":""I"",""startLLA"":{""lat"":37.479834,""lon"":126.972037,""alt"":100},""endLLA"":{""lat"":37.475767,""lon"":126.982185,""alt"":15},""targetSpeed"":30,""seq"":10}","{""phase"":""J"",""startLLA"":{""lat"":37.475767,""lon"":126.982185,""alt"":15},""endLLA"":{""lat"":37.475767,""lon"":126.982185,""alt"":0},""targetSpeed"":10,""seq"":11}","{""phase"":""K"",""startLLA"":{""lat"":37.475767,""lon"":126.982185,""alt"":0},""endLLA"":{""lat"":37.475767,""lon"":126.982185,""alt"":0},""targetSpeed"":3,""seq"":12}",,,,,,,,,
b4a2894cba5c,2026-06-20,FPL0311008,UAM0071,a8,8,2,0.25,상암,상암,천호,천호,13,gate-8,fato-2,gate-6,fato-4,13:23:47,13:32:47,13:47:03,13:54:53,14:04:53,540,856.6,470,1866.6,0,58.6,ready,상암 > 선유도 17고지 > 서강대교 중간지점 > 63빌딩 > 상도터널 > 이수고가차로 > 주흥교 > 성수대교 남단 > 청담대교 중간지점 > 잠실대교 중간지점 > 천호,26.6459,18,"{""phase"":""A"",""startLLA"":{""lat"":37.562282,""lon"":126.890156,""alt"":0},""endLLA"":{""lat"":37.562282,""lon"":126.890156,""alt"":0},""targetSpeed"":3,""seq"":1}","{""phase"":""B"",""startLLA"":{""lat"":37.562282,""lon"":126.890156,""alt"":0},""endLLA"":{""lat"":37.562282,""lon"":126.890156,""alt"":15},""targetSpeed"":10,""seq"":2}","{""phase"":""C"",""startLLA"":{""lat"":37.562282,""lon"":126.890156,""alt"":15},""endLLA"":{""lat"":37.55256,""lon"":126.896159,""alt"":100},""targetSpeed"":36,""seq"":3}","{""phase"":""E"",""startLLA"":{""lat"":37.55256,""lon"":126.896159,""alt"":100},""endLLA"":{""lat"":37.542307,""lon"":126.90249,""alt"":173.85},""targetSpeed"":51.4,""seq"":4}","{""phase"":""E"",""startLLA"":{""lat"":37.542307,""lon"":126.90249,""alt"":173.85},""endLLA"":{""lat"":37.536949,""lon"":126.924908,""alt"":293.96},""targetSpeed"":51.4,""seq"":5}","{""phase"":""E"",""startLLA"":{""lat"":37.536949,""lon"":126.924908,""alt"":293.96},""endLLA"":{""lat"":37.535545,""lon"":126.926131,""alt"":305},""targetSpeed"":51.4,""seq"":6}","{""phase"":""F"",""startLLA"":{""lat"":37.535545,""lon"":126.926131,""alt"":305},""endLLA"":{""lat"":37.519378,""lon"":126.94021,""alt"":305},""targetSpeed"":51.4,""seq"":7}","{""phase"":""F"",""startLLA"":{""lat"":37.519378,""lon"":126.94021,""alt"":305},""endLLA"":{""lat"":37.508684,""lon"":126.95211,""alt"":305},""targetSpeed"":51.4,""seq"":8}","{""phase"":""F"",""startLLA"":{""lat"":37.508684,""lon"":126.95211,""alt"":305},""endLLA"":{""lat"":37.497738,""lon"":126.983721,""alt"":305},""targetSpeed"":51.4,""seq"":9}","{""phase"":""F"",""startLLA"":{""lat"":37.497738,""lon"":126.983721,""alt"":305},""endLLA"":{""lat"":37.509486,""lon"":127.016026,""alt"":305},""targetSpeed"":51.4,""seq"":10}","{""phase"":""F"",""startLLA"":{""lat"":37.509486,""lon"":127.016026,""alt"":305},""endLLA"":{""lat"":37.53537,""lon"":127.034503,""alt"":305},""targetSpeed"":51.4,""seq"":11}","{""phase"":""F"",""startLLA"":{""lat"":37.53537,""lon"":127.034503,""alt"":305},""endLLA"":{""lat"":37.526451,""lon"":127.064361,""alt"":305},""targetSpeed"":51.4,""seq"":12}","{""phase"":""F"",""startLLA"":{""lat"":37.526451,""lon"":127.064361,""alt"":305},""endLLA"":{""lat"":37.52529,""lon"":127.079002,""alt"":305},""targetSpeed"":51.4,""seq"":13}","{""phase"":""G"",""startLLA"":{""lat"":37.52529,""lon"":127.079002,""alt"":305},""endLLA"":{""lat"":37.524288,""lon"":127.091639,""alt"":239.84},""targetSpeed"":36,""seq"":14}","{""phase"":""G"",""startLLA"":{""lat"":37.524288,""lon"":127.091639,""alt"":239.84},""endLLA"":{""lat"":37.539419,""lon"":127.111107,""alt"":100},""targetSpeed"":36,""seq"":15}","{""phase"":""I"",""startLLA"":{""lat"":37.539419,""lon"":127.111107,""alt"":100},""endLLA"":{""lat"":37.545733,""lon"":127.11923,""alt"":15},""targetSpeed"":30,""seq"":16}","{""phase"":""J"",""startLLA"":{""lat"":37.545733,""lon"":127.11923,""alt"":15},""endLLA"":{""lat"":37.545733,""lon"":127.11923,""alt"":0},""targetSpeed"":10,""seq"":17}","{""phase"":""K"",""startLLA"":{""lat"":37.545733,""lon"":127.11923,""alt"":0},""endLLA"":{""lat"":37.545733,""lon"":127.11923,""alt"":0},""targetSpeed"":3,""seq"":18}",,,
b4a2894cba5c,2026-06-20,FPL0309010,UAM0128,a8,8,1,0.125,상암,상암,성수,성수,13,gate-2,fato-1,gate-4,fato-3,13:27:22,13:36:34,13:43:55,13:50:45,14:00:45,552.34,441.35,410,1403.69,72.34,0,ready,상암 > 선유도 17고지 > 서강대교 중간지점 > 63빌딩 > 상도터널 > 이수고가차로 > 주흥교 > 성수,18.6691,15,"{""phase"":""A"",""startLLA"":{""lat"":37.562282,""lon"":126.890156,""alt"":0},""endLLA"":{""lat"":37.562282,""lon"":126.890156,""alt"":0},""targetSpeed"":3,""seq"":1}","{""phase"":""B"",""startLLA"":{""lat"":37.562282,""lon"":126.890156,""alt"":0},""endLLA"":{""lat"":37.562282,""lon"":126.890156,""alt"":15},""targetSpeed"":10,""seq"":2}","{""phase"":""C"",""startLLA"":{""lat"":37.562282,""lon"":126.890156,""alt"":15},""endLLA"":{""lat"":37.55256,""lon"":126.896159,""alt"":100},""targetSpeed"":36,""seq"":3}","{""phase"":""E"",""startLLA"":{""lat"":37.55256,""lon"":126.896159,""alt"":100},""endLLA"":{""lat"":37.542307,""lon"":126.90249,""alt"":173.85},""targetSpeed"":51.4,""seq"":4}","{""phase"":""E"",""startLLA"":{""lat"":37.542307,""lon"":126.90249,""alt"":173.85},""endLLA"":{""lat"":37.536949,""lon"":126.924908,""alt"":293.95},""targetSpeed"":51.4,""seq"":5}","{""phase"":""E"",""startLLA"":{""lat"":37.536949,""lon"":126.924908,""alt"":293.95},""endLLA"":{""lat"":37.535544,""lon"":126.926131,""alt"":305},""targetSpeed"":51.4,""seq"":6}","{""phase"":""F"",""startLLA"":{""lat"":37.535544,""lon"":126.926131,""alt"":305},""endLLA"":{""lat"":37.519378,""lon"":126.94021,""alt"":305},""targetSpeed"":51.4,""seq"":7}","{""phase"":""F"",""startLLA"":{""lat"":37.519378,""lon"":126.94021,""alt"":305},""endLLA"":{""lat"":37.508684,""lon"":126.95211,""alt"":305},""targetSpeed"":51.4,""seq"":8}","{""phase"":""F"",""startLLA"":{""lat"":37.508684,""lon"":126.95211,""alt"":305},""endLLA"":{""lat"":37.497738,""lon"":126.983721,""alt"":305},""targetSpeed"":51.4,""seq"":9}","{""phase"":""F"",""startLLA"":{""lat"":37.497738,""lon"":126.983721,""alt"":305},""endLLA"":{""lat"":37.507423,""lon"":127.010353,""alt"":305},""targetSpeed"":51.4,""seq"":10}","{""phase"":""G"",""startLLA"":{""lat"":37.507423,""lon"":127.010353,""alt"":305},""endLLA"":{""lat"":37.509486,""lon"":127.016026,""alt"":272.98},""targetSpeed"":36,""seq"":11}","{""phase"":""G"",""startLLA"":{""lat"":37.509486,""lon"":127.016026,""alt"":272.98},""endLLA"":{""lat"":37.531493,""lon"":127.035175,""alt"":100},""targetSpeed"":36,""seq"":12}","{""phase"":""I"",""startLLA"":{""lat"":37.531493,""lon"":127.035175,""alt"":100},""endLLA"":{""lat"":37.538917,""lon"":127.041635,""alt"":15},""targetSpeed"":30,""seq"":13}","{""phase"":""J"",""startLLA"":{""lat"":37.538917,""lon"":127.041635,""alt"":15},""endLLA"":{""lat"":37.538917,""lon"":127.041635,""alt"":0},""targetSpeed"":10,""seq"":14}","{""phase"":""K"",""startLLA"":{""lat"":37.538917,""lon"":127.041635,""alt"":0},""endLLA"":{""lat"":37.538917,""lon"":127.041635,""alt"":0},""targetSpeed"":3,""seq"":15}",,,,,,
b4a2894cba5c,2026-06-20,FPL0317008,UAM0050,a2,2,1,0.5,상암,상암,수서,수서,13,gate-3,fato-2,gate-7,fato-4,13:33:15,13:41:45,13:50:57,13:58:17,14:08:17,510,552.34,440,1502.34,0,0,ready,상암 > 선유도 17고지 > 영등포 > 180고지 > 채석장 > 경부고속도로 양재천 다리 > 수서,24.374,14,"{""phase"":""A"",""startLLA"":{""lat"":37.562282,""lon"":126.890156,""alt"":0},""endLLA"":{""lat"":37.562282,""lon"":126.890156,""alt"":0},""targetSpeed"":3,""seq"":1}","{""phase"":""B"",""startLLA"":{""lat"":37.562282,""lon"":126.890156,""alt"":0},""endLLA"":{""lat"":37.562282,""lon"":126.890156,""alt"":15},""targetSpeed"":10,""seq"":2}","{""phase"":""C"",""startLLA"":{""lat"":37.562282,""lon"":126.890156,""alt"":15},""endLLA"":{""lat"":37.552557,""lon"":126.896161,""alt"":100},""targetSpeed"":36,""seq"":3}","{""phase"":""E"",""startLLA"":{""lat"":37.552557,""lon"":126.896161,""alt"":100},""endLLA"":{""lat"":37.542307,""lon"":126.90249,""alt"":173.8},""targetSpeed"":51.4,""seq"":4}","{""phase"":""E"",""startLLA"":{""lat"":37.542307,""lon"":126.90249,""alt"":173.8},""endLLA"":{""lat"":37.52227,""lon"":126.906496,""alt"":305},""targetSpeed"":51.4,""seq"":5}","{""phase"":""F"",""startLLA"":{""lat"":37.52227,""lon"":126.906496,""alt"":305},""endLLA"":{""lat"":37.515965,""lon"":126.907756,""alt"":305},""targetSpeed"":51.4,""seq"":6}","{""phase"":""F"",""startLLA"":{""lat"":37.515965,""lon"":126.907756,""alt"":305},""endLLA"":{""lat"":37.492877,""lon"":126.93949,""alt"":305},""targetSpeed"":51.4,""seq"":7}","{""phase"":""F"",""startLLA"":{""lat"":37.492877,""lon"":126.93949,""alt"":305},""endLLA"":{""lat"":37.471285,""lon"":126.985745,""alt"":305},""targetSpeed"":51.4,""seq"":8}","{""phase"":""F"",""startLLA"":{""lat"":37.471285,""lon"":126.985745,""alt"":305},""endLLA"":{""lat"":37.471593,""lon"":127.032031,""alt"":305},""targetSpeed"":51.4,""seq"":9}","{""phase"":""F"",""startLLA"":{""lat"":37.471593,""lon"":127.032031,""alt"":305},""endLLA"":{""lat"":37.476054,""lon"":127.051334,""alt"":305},""targetSpeed"":51.4,""seq"":10}","{""phase"":""G"",""startLLA"":{""lat"":37.476054,""lon"":127.051334,""alt"":305},""endLLA"":{""lat"":37.484918,""lon"":127.089686,""alt"":100},""targetSpeed"":36,""seq"":11}","{""phase"":""I"",""startLLA"":{""lat"":37.484918,""lon"":127.089686,""alt"":100},""endLLA"":{""lat"":37.487441,""lon"":127.100603,""alt"":15},""targetSpeed"":30,""seq"":12}","{""phase"":""J"",""startLLA"":{""lat"":37.487441,""lon"":127.100603,""alt"":15},""endLLA"":{""lat"":37.487441,""lon"":127.100603,""alt"":0},""targetSpeed"":10,""seq"":13}","{""phase"":""K"",""startLLA"":{""lat"":37.487441,""lon"":127.100603,""alt"":0},""endLLA"":{""lat"":37.487441,""lon"":127.100603,""alt"":0},""targetSpeed"":3,""seq"":14}",,,,,,,
b4a2894cba5c,2026-06-20,FPL0311009,UAM0130,a2,2,2,1,상암,상암,천호,천호,14,gate-4,fato-1,gate-4,fato-3,14:00:00,14:09:00,14:18:56,14:25:46,14:35:46,540,596.54,410,1546.54,0,0,ready,상암 > 선유도 17고지 > 서강대교 중간지점 > 63빌딩 > 상도터널 > 이수고가차로 > 주흥교 > 성수대교 남단 > 청담대교 중간지점 > 잠실대교 중간지점 > 천호,26.6459,18,"{""phase"":""A"",""startLLA"":{""lat"":37.562282,""lon"":126.890156,""alt"":0},""endLLA"":{""lat"":37.562282,""lon"":126.890156,""alt"":0},""targetSpeed"":3,""seq"":1}","{""phase"":""B"",""startLLA"":{""lat"":37.562282,""lon"":126.890156,""alt"":0},""endLLA"":{""lat"":37.562282,""lon"":126.890156,""alt"":15},""targetSpeed"":10,""seq"":2}","{""phase"":""C"",""startLLA"":{""lat"":37.562282,""lon"":126.890156,""alt"":15},""endLLA"":{""lat"":37.55256,""lon"":126.896159,""alt"":100},""targetSpeed"":36,""seq"":3}","{""phase"":""E"",""startLLA"":{""lat"":37.55256,""lon"":126.896159,""alt"":100},""endLLA"":{""lat"":37.542307,""lon"":126.90249,""alt"":173.85},""targetSpeed"":51.4,""seq"":4}","{""phase"":""E"",""startLLA"":{""lat"":37.542307,""lon"":126.90249,""alt"":173.85},""endLLA"":{""lat"":37.536949,""lon"":126.924908,""alt"":293.96},""targetSpeed"":51.4,""seq"":5}","{""phase"":""E"",""startLLA"":{""lat"":37.536949,""lon"":126.924908,""alt"":293.96},""endLLA"":{""lat"":37.535545,""lon"":126.926131,""alt"":305},""targetSpeed"":51.4,""seq"":6}","{""phase"":""F"",""startLLA"":{""lat"":37.535545,""lon"":126.926131,""alt"":305},""endLLA"":{""lat"":37.519378,""lon"":126.94021,""alt"":305},""targetSpeed"":51.4,""seq"":7}","{""phase"":""F"",""startLLA"":{""lat"":37.519378,""lon"":126.94021,""alt"":305},""endLLA"":{""lat"":37.508684,""lon"":126.95211,""alt"":305},""targetSpeed"":51.4,""seq"":8}","{""phase"":""F"",""startLLA"":{""lat"":37.508684,""lon"":126.95211,""alt"":305},""endLLA"":{""lat"":37.497738,""lon"":126.983721,""alt"":305},""targetSpeed"":51.4,""seq"":9}","{""phase"":""F"",""startLLA"":{""lat"":37.497738,""lon"":126.983721,""alt"":305},""endLLA"":{""lat"":37.509486,""lon"":127.016026,""alt"":305},""targetSpeed"":51.4,""seq"":10}","{""phase"":""F"",""startLLA"":{""lat"":37.509486,""lon"":127.016026,""alt"":305},""endLLA"":{""lat"":37.53537,""lon"":127.034503,""alt"":305},""targetSpeed"":51.4,""seq"":11}","{""phase"":""F"",""startLLA"":{""lat"":37.53537,""lon"":127.034503,""alt"":305},""endLLA"":{""lat"":37.526451,""lon"":127.064361,""alt"":305},""targetSpeed"":51.4,""seq"":12}","{""phase"":""F"",""startLLA"":{""lat"":37.526451,""lon"":127.064361,""alt"":305},""endLLA"":{""lat"":37.52529,""lon"":127.079002,""alt"":305},""targetSpeed"":51.4,""seq"":13}","{""phase"":""G"",""startLLA"":{""lat"":37.52529,""lon"":127.079002,""alt"":305},""endLLA"":{""lat"":37.524288,""lon"":127.091639,""alt"":239.84},""targetSpeed"":36,""seq"":14}","{""phase"":""G"",""startLLA"":{""lat"":37.524288,""lon"":127.091639,""alt"":239.84},""endLLA"":{""lat"":37.539419,""lon"":127.111107,""alt"":100},""targetSpeed"":36,""seq"":15}","{""phase"":""I"",""startLLA"":{""lat"":37.539419,""lon"":127.111107,""alt"":100},""endLLA"":{""lat"":37.545733,""lon"":127.11923,""alt"":15},""targetSpeed"":30,""seq"":16}","{""phase"":""J"",""startLLA"":{""lat"":37.545733,""lon"":127.11923,""alt"":15},""endLLA"":{""lat"":37.545733,""lon"":127.11923,""alt"":0},""targetSpeed"":10,""seq"":17}","{""phase"":""K"",""startLLA"":{""lat"":37.545733,""lon"":127.11923,""alt"":0},""endLLA"":{""lat"":37.545733,""lon"":127.11923,""alt"":0},""targetSpeed"":3,""seq"":18}",,,
b4a2894cba5c,2026-06-20,FPL0309011,UAM0087,a8,8,4,0.5,상암,상암,성수,성수,14,gate-8,fato-2,gate-8,fato-3,14:04:21,14:13:21,14:21:09,14:27:59,14:37:59,540,468.63,410,1418.63,0,27.27,ready,상암 > 선유도 17고지 > 서강대교 중간지점 > 63빌딩 > 상도터널 > 이수고가차로 > 주흥교 > 성수,18.6691,15,"{""phase"":""A"",""startLLA"":{""lat"":37.562282,""lon"":126.890156,""alt"":0},""endLLA"":{""lat"":37.562282,""lon"":126.890156,""alt"":0},""targetSpeed"":3,""seq"":1}","{""phase"":""B"",""startLLA"":{""lat"":37.562282,""lon"":126.890156,""alt"":0},""endLLA"":{""lat"":37.562282,""lon"":126.890156,""alt"":15},""targetSpeed"":10,""seq"":2}","{""phase"":""C"",""startLLA"":{""lat"":37.562282,""lon"":126.890156,""alt"":15},""endLLA"":{""lat"":37.55256,""lon"":126.896159,""alt"":100},""targetSpeed"":36,""seq"":3}","{""phase"":""E"",""startLLA"":{""lat"":37.55256,""lon"":126.896159,""alt"":100},""endLLA"":{""lat"":37.542307,""lon"":126.90249,""alt"":173.85},""targetSpeed"":51.4,""seq"":4}","{""phase"":""E"",""startLLA"":{""lat"":37.542307,""lon"":126.90249,""alt"":173.85},""endLLA"":{""lat"":37.536949,""lon"":126.924908,""alt"":293.95},""targetSpeed"":51.4,""seq"":5}","{""phase"":""E"",""startLLA"":{""lat"":37.536949,""lon"":126.924908,""alt"":293.95},""endLLA"":{""lat"":37.535544,""lon"":126.926131,""alt"":305},""targetSpeed"":51.4,""seq"":6}","{""phase"":""F"",""startLLA"":{""lat"":37.535544,""lon"":126.926131,""alt"":305},""endLLA"":{""lat"":37.519378,""lon"":126.94021,""alt"":305},""targetSpeed"":51.4,""seq"":7}","{""phase"":""F"",""startLLA"":{""lat"":37.519378,""lon"":126.94021,""alt"":305},""endLLA"":{""lat"":37.508684,""lon"":126.95211,""alt"":305},""targetSpeed"":51.4,""seq"":8}","{""phase"":""F"",""startLLA"":{""lat"":37.508684,""lon"":126.95211,""alt"":305},""endLLA"":{""lat"":37.497738,""lon"":126.983721,""alt"":305},""targetSpeed"":51.4,""seq"":9}","{""phase"":""F"",""startLLA"":{""lat"":37.497738,""lon"":126.983721,""alt"":305},""endLLA"":{""lat"":37.507423,""lon"":127.010353,""alt"":305},""targetSpeed"":51.4,""seq"":10}","{""phase"":""G"",""startLLA"":{""lat"":37.507423,""lon"":127.010353,""alt"":305},""endLLA"":{""lat"":37.509486,""lon"":127.016026,""alt"":272.98},""targetSpeed"":36,""seq"":11}","{""phase"":""G"",""startLLA"":{""lat"":37.509486,""lon"":127.016026,""alt"":272.98},""endLLA"":{""lat"":37.531493,""lon"":127.035175,""alt"":100},""targetSpeed"":36,""seq"":12}","{""phase"":""I"",""startLLA"":{""lat"":37.531493,""lon"":127.035175,""alt"":100},""endLLA"":{""lat"":37.538917,""lon"":127.041635,""alt"":15},""targetSpeed"":30,""seq"":13}","{""phase"":""J"",""startLLA"":{""lat"":37.538917,""lon"":127.041635,""alt"":15},""endLLA"":{""lat"":37.538917,""lon"":127.041635,""alt"":0},""targetSpeed"":10,""seq"":14}","{""phase"":""K"",""startLLA"":{""lat"":37.538917,""lon"":127.041635,""alt"":0},""endLLA"":{""lat"":37.538917,""lon"":127.041635,""alt"":0},""targetSpeed"":3,""seq"":15}",,,,,,
b4a2894cba5c,2026-06-20,FPL0311010,UAM0022,a6,6,4,0.6667,상암,상암,천호,천호,14,gate-3,fato-1,gate-6,fato-3,14:06:06,14:15:07,14:28:36,14:36:26,14:46:26,541.93,808.62,470,1820.54,31.93,183.54,ready,상암 > 선유도 17고지 > 서강대교 중간지점 > 63빌딩 > 상도터널 > 이수고가차로 > 주흥교 > 성수대교 남단 > 청담대교 중간지점 > 잠실대교 중간지점 > 천호,26.6459,18,"{""phase"":""A"",""startLLA"":{""lat"":37.562282,""lon"":126.890156,""alt"":0},""endLLA"":{""lat"":37.562282,""lon"":126.890156,""alt"":0},""targetSpeed"":3,""seq"":1}","{""phase"":""B"",""startLLA"":{""lat"":37.562282,""lon"":126.890156,""alt"":0},""endLLA"":{""lat"":37.562282,""lon"":126.890156,""alt"":15},""targetSpeed"":10,""seq"":2}","{""phase"":""C"",""startLLA"":{""lat"":37.562282,""lon"":126.890156,""alt"":15},""endLLA"":{""lat"":37.55256,""lon"":126.896159,""alt"":100},""targetSpeed"":36,""seq"":3}","{""phase"":""E"",""startLLA"":{""lat"":37.55256,""lon"":126.896159,""alt"":100},""endLLA"":{""lat"":37.542307,""lon"":126.90249,""alt"":173.85},""targetSpeed"":51.4,""seq"":4}","{""phase"":""E"",""startLLA"":{""lat"":37.542307,""lon"":126.90249,""alt"":173.85},""endLLA"":{""lat"":37.536949,""lon"":126.924908,""alt"":293.96},""targetSpeed"":51.4,""seq"":5}","{""phase"":""E"",""startLLA"":{""lat"":37.536949,""lon"":126.924908,""alt"":293.96},""endLLA"":{""lat"":37.535545,""lon"":126.926131,""alt"":305},""targetSpeed"":51.4,""seq"":6}","{""phase"":""F"",""startLLA"":{""lat"":37.535545,""lon"":126.926131,""alt"":305},""endLLA"":{""lat"":37.519378,""lon"":126.94021,""alt"":305},""targetSpeed"":51.4,""seq"":7}","{""phase"":""F"",""startLLA"":{""lat"":37.519378,""lon"":126.94021,""alt"":305},""endLLA"":{""lat"":37.508684,""lon"":126.95211,""alt"":305},""targetSpeed"":51.4,""seq"":8}","{""phase"":""F"",""startLLA"":{""lat"":37.508684,""lon"":126.95211,""alt"":305},""endLLA"":{""lat"":37.497738,""lon"":126.983721,""alt"":305},""targetSpeed"":51.4,""seq"":9}","{""phase"":""F"",""startLLA"":{""lat"":37.497738,""lon"":126.983721,""alt"":305},""endLLA"":{""lat"":37.509486,""lon"":127.016026,""alt"":305},""targetSpeed"":51.4,""seq"":10}","{""phase"":""F"",""startLLA"":{""lat"":37.509486,""lon"":127.016026,""alt"":305},""endLLA"":{""lat"":37.53537,""lon"":127.034503,""alt"":305},""targetSpeed"":51.4,""seq"":11}","{""phase"":""F"",""startLLA"":{""lat"":37.53537,""lon"":127.034503,""alt"":305},""endLLA"":{""lat"":37.526451,""lon"":127.064361,""alt"":305},""targetSpeed"":51.4,""seq"":12}","{""phase"":""F"",""startLLA"":{""lat"":37.526451,""lon"":127.064361,""alt"":305},""endLLA"":{""lat"":37.52529,""lon"":127.079002,""alt"":305},""targetSpeed"":51.4,""seq"":13}","{""phase"":""G"",""startLLA"":{""lat"":37.52529,""lon"":127.079002,""alt"":305},""endLLA"":{""lat"":37.524288,""lon"":127.091639,""alt"":239.84},""targetSpeed"":36,""seq"":14}","{""phase"":""G"",""startLLA"":{""lat"":37.524288,""lon"":127.091639,""alt"":239.84},""endLLA"":{""lat"":37.539419,""lon"":127.111107,""alt"":100},""targetSpeed"":36,""seq"":15}","{""phase"":""I"",""startLLA"":{""lat"":37.539419,""lon"":127.111107,""alt"":100},""endLLA"":{""lat"":37.545733,""lon"":127.11923,""alt"":15},""targetSpeed"":30,""seq"":16}","{""phase"":""J"",""startLLA"":{""lat"":37.545733,""lon"":127.11923,""alt"":15},""endLLA"":{""lat"":37.545733,""lon"":127.11923,""alt"":0},""targetSpeed"":10,""seq"":17}","{""phase"":""K"",""startLLA"":{""lat"":37.545733,""lon"":127.11923,""alt"":0},""endLLA"":{""lat"":37.545733,""lon"":127.11923,""alt"":0},""targetSpeed"":3,""seq"":18}",,,
b4a2894cba5c,2026-06-20,FPL0317009,UAM0016,a8,8,3,0.375,상암,상암,수서,수서,14,gate-7,fato-2,gate-2,fato-4,14:09:41,14:19:21,14:28:33,14:36:23,14:46:23,580,552.34,470,1602.34,70,0,ready,상암 > 선유도 17고지 > 영등포 > 180고지 > 채석장 > 경부고속도로 양재천 다리 > 수서,24.374,14,"{""phase"":""A"",""startLLA"":{""lat"":37.562282,""lon"":126.890156,""alt"":0},""endLLA"":{""lat"":37.562282,""lon"":126.890156,""alt"":0},""targetSpeed"":3,""seq"":1}","{""phase"":""B"",""startLLA"":{""lat"":37.562282,""lon"":126.890156,""alt"":0},""endLLA"":{""lat"":37.562282,""lon"":126.890156,""alt"":15},""targetSpeed"":10,""seq"":2}","{""phase"":""C"",""startLLA"":{""lat"":37.562282,""lon"":126.890156,""alt"":15},""endLLA"":{""lat"":37.552557,""lon"":126.896161,""alt"":100},""targetSpeed"":36,""seq"":3}","{""phase"":""E"",""startLLA"":{""lat"":37.552557,""lon"":126.896161,""alt"":100},""endLLA"":{""lat"":37.542307,""lon"":126.90249,""alt"":173.8},""targetSpeed"":51.4,""seq"":4}","{""phase"":""E"",""startLLA"":{""lat"":37.542307,""lon"":126.90249,""alt"":173.8},""endLLA"":{""lat"":37.52227,""lon"":126.906496,""alt"":305},""targetSpeed"":51.4,""seq"":5}","{""phase"":""F"",""startLLA"":{""lat"":37.52227,""lon"":126.906496,""alt"":305},""endLLA"":{""lat"":37.515965,""lon"":126.907756,""alt"":305},""targetSpeed"":51.4,""seq"":6}","{""phase"":""F"",""startLLA"":{""lat"":37.515965,""lon"":126.907756,""alt"":305},""endLLA"":{""lat"":37.492877,""lon"":126.93949,""alt"":305},""targetSpeed"":51.4,""seq"":7}","{""phase"":""F"",""startLLA"":{""lat"":37.492877,""lon"":126.93949,""alt"":305},""endLLA"":{""lat"":37.471285,""lon"":126.985745,""alt"":305},""targetSpeed"":51.4,""seq"":8}","{""phase"":""F"",""startLLA"":{""lat"":37.471285,""lon"":126.985745,""alt"":305},""endLLA"":{""lat"":37.471593,""lon"":127.032031,""alt"":305},""targetSpeed"":51.4,""seq"":9}","{""phase"":""F"",""startLLA"":{""lat"":37.471593,""lon"":127.032031,""alt"":305},""endLLA"":{""lat"":37.476054,""lon"":127.051334,""alt"":305},""targetSpeed"":51.4,""seq"":10}","{""phase"":""G"",""startLLA"":{""lat"":37.476054,""lon"":127.051334,""alt"":305},""endLLA"":{""lat"":37.484918,""lon"":127.089686,""alt"":100},""targetSpeed"":36,""seq"":11}","{""phase"":""I"",""startLLA"":{""lat"":37.484918,""lon"":127.089686,""alt"":100},""endLLA"":{""lat"":37.487441,""lon"":127.100603,""alt"":15},""targetSpeed"":30,""seq"":12}","{""phase"":""J"",""startLLA"":{""lat"":37.487441,""lon"":127.100603,""alt"":15},""endLLA"":{""lat"":37.487441,""lon"":127.100603,""alt"":0},""targetSpeed"":10,""seq"":13}","{""phase"":""K"",""startLLA"":{""lat"":37.487441,""lon"":127.100603,""alt"":0},""endLLA"":{""lat"":37.487441,""lon"":127.100603,""alt"":0},""targetSpeed"":3,""seq"":14}",,,,,,,
b4a2894cba5c,2026-06-20,FPL0313012,UAM0101,a6,6,2,0.3333,상암,상암,강남,강남,14,gate-2,fato-1,gate-3,fato-4,14:18:18,14:26:18,14:38:09,14:45:29,14:55:29,480,711.56,440,1631.56,0,340.64,ready,상암 > 선유도 17고지 > 서강대교 중간지점 > 63빌딩 > 상도터널 > 이수고가차로 > 강남,15.0491,14,"{""phase"":""A"",""startLLA"":{""lat"":37.562282,""lon"":126.890156,""alt"":0},""endLLA"":{""lat"":37.562282,""lon"":126.890156,""alt"":0},""targetSpeed"":3,""seq"":1}","{""phase"":""B"",""startLLA"":{""lat"":37.562282,""lon"":126.890156,""alt"":0},""endLLA"":{""lat"":37.562282,""lon"":126.890156,""alt"":15},""targetSpeed"":10,""seq"":2}","{""phase"":""C"",""startLLA"":{""lat"":37.562282,""lon"":126.890156,""alt"":15},""endLLA"":{""lat"":37.552559,""lon"":126.896159,""alt"":100},""targetSpeed"":36,""seq"":3}","{""phase"":""E"",""startLLA"":{""lat"":37.552559,""lon"":126.896159,""alt"":100},""endLLA"":{""lat"":37.542307,""lon"":126.90249,""alt"":173.84},""targetSpeed"":51.4,""seq"":4}","{""phase"":""E"",""startLLA"":{""lat"":37.542307,""lon"":126.90249,""alt"":173.84},""endLLA"":{""lat"":37.536949,""lon"":126.924908,""alt"":293.93},""targetSpeed"":51.4,""seq"":5}","{""phase"":""E"",""startLLA"":{""lat"":37.536949,""lon"":126.924908,""alt"":293.93},""endLLA"":{""lat"":37.535541,""lon"":126.926134,""alt"":305},""targetSpeed"":51.4,""seq"":6}","{""phase"":""F"",""startLLA"":{""lat"":37.535541,""lon"":126.926134,""alt"":305},""endLLA"":{""lat"":37.519378,""lon"":126.94021,""alt"":305},""targetSpeed"":51.4,""seq"":7}","{""phase"":""F"",""startLLA"":{""lat"":37.519378,""lon"":126.94021,""alt"":305},""endLLA"":{""lat"":37.508684,""lon"":126.95211,""alt"":305},""targetSpeed"":51.4,""seq"":8}","{""phase"":""F"",""startLLA"":{""lat"":37.508684,""lon"":126.95211,""alt"":305},""endLLA"":{""lat"":37.501448,""lon"":126.973006,""alt"":305},""targetSpeed"":51.4,""seq"":9}","{""phase"":""G"",""startLLA"":{""lat"":37.501448,""lon"":126.973006,""alt"":305},""endLLA"":{""lat"":37.497738,""lon"":126.983721,""alt"":245},""targetSpeed"":36,""seq"":10}","{""phase"":""G"",""startLLA"":{""lat"":37.497738,""lon"":126.983721,""alt"":245},""endLLA"":{""lat"":37.496706,""lon"":127.011945,""alt"":100},""targetSpeed"":36,""seq"":11}","{""phase"":""I"",""startLLA"":{""lat"":37.496706,""lon"":127.011945,""alt"":100},""endLLA"":{""lat"":37.496291,""lon"":127.023303,""alt"":15},""targetSpeed"":30,""seq"":12}","{""phase"":""J"",""startLLA"":{""lat"":37.496291,""lon"":127.023303,""alt"":15},""endLLA"":{""lat"":37.496291,""lon"":127.023303,""alt"":0},""targetSpeed"":10,""seq"":13}","{""phase"":""K"",""startLLA"":{""lat"":37.496291,""lon"":127.023303,""alt"":0},""endLLA"":{""lat"":37.496291,""lon"":127.023303,""alt"":0},""targetSpeed"":3,""seq"":14}",,,,,,,
b4a2894cba5c,2026-06-20,FPL0306005,UAM0033,a2,2,2,1,상암,상암,미아,미아,14,gate-4,fato-1,gate-2,fato-3,14:27:31,14:36:31,14:48:07,14:55:57,15:05:57,540,696.06,470,1706.06,0,0,ready,상암 > 선유도 17고지 > 서강대교 중간지점 > 63빌딩 > 상도터널 > 이수고가차로 > 주흥교 > 성수대교 남단 > 왕십리역 > 청량리 > 신설동역 > 미아,31.761,19,"{""phase"":""A"",""startLLA"":{""lat"":37.562282,""lon"":126.890156,""alt"":0},""endLLA"":{""lat"":37.562282,""lon"":126.890156,""alt"":0},""targetSpeed"":3,""seq"":1}","{""phase"":""B"",""startLLA"":{""lat"":37.562282,""lon"":126.890156,""alt"":0},""endLLA"":{""lat"":37.562282,""lon"":126.890156,""alt"":15},""targetSpeed"":10,""seq"":2}","{""phase"":""C"",""startLLA"":{""lat"":37.562282,""lon"":126.890156,""alt"":15},""endLLA"":{""lat"":37.552561,""lon"":126.896158,""alt"":100},""targetSpeed"":36,""seq"":3}","{""phase"":""E"",""startLLA"":{""lat"":37.552561,""lon"":126.896158,""alt"":100},""endLLA"":{""lat"":37.542307,""lon"":126.90249,""alt"":173.87},""targetSpeed"":51.4,""seq"":4}","{""phase"":""E"",""startLLA"":{""lat"":37.542307,""lon"":126.90249,""alt"":173.87},""endLLA"":{""lat"":37.536949,""lon"":126.924908,""alt"":293.99},""targetSpeed"":51.4,""seq"":5}","{""phase"":""E"",""startLLA"":{""lat"":37.536949,""lon"":126.924908,""alt"":293.99},""endLLA"":{""lat"":37.535548,""lon"":126.926128,""alt"":305},""targetSpeed"":51.4,""seq"":6}","{""phase"":""F"",""startLLA"":{""lat"":37.535548,""lon"":126.926128,""alt"":305},""endLLA"":{""lat"":37.519378,""lon"":126.94021,""alt"":305},""targetSpeed"":51.4,""seq"":7}","{""phase"":""F"",""startLLA"":{""lat"":37.519378,""lon"":126.94021,""alt"":305},""endLLA"":{""lat"":37.508684,""lon"":126.95211,""alt"":305},""targetSpeed"":51.4,""seq"":8}","{""phase"":""F"",""startLLA"":{""lat"":37.508684,""lon"":126.95211,""alt"":305},""endLLA"":{""lat"":37.497738,""lon"":126.983721,""alt"":305},""targetSpeed"":51.4,""seq"":9}","{""phase"":""F"",""startLLA"":{""lat"":37.497738,""lon"":126.983721,""alt"":305},""endLLA"":{""lat"":37.509486,""lon"":127.016026,""alt"":305},""targetSpeed"":51.4,""seq"":10}","{""phase"":""F"",""startLLA"":{""lat"":37.509486,""lon"":127.016026,""alt"":305},""endLLA"":{""lat"":37.53537,""lon"":127.034503,""alt"":305},""targetSpeed"":51.4,""seq"":11}","{""phase"":""F"",""startLLA"":{""lat"":37.53537,""lon"":127.034503,""alt"":305},""endLLA"":{""lat"":37.561925,""lon"":127.038491,""alt"":305},""targetSpeed"":51.4,""seq"":12}","{""phase"":""F"",""startLLA"":{""lat"":37.561925,""lon"":127.038491,""alt"":305},""endLLA"":{""lat"":37.581542,""lon"":127.048947,""alt"":305},""targetSpeed"":51.4,""seq"":13}","{""phase"":""F"",""startLLA"":{""lat"":37.581542,""lon"":127.048947,""alt"":305},""endLLA"":{""lat"":37.575658,""lon"":127.02353,""alt"":305},""targetSpeed"":51.4,""seq"":14}","{""phase"":""F"",""startLLA"":{""lat"":37.575658,""lon"":127.02353,""alt"":305},""endLLA"":{""lat"":37.58953,""lon"":127.024172,""alt"":305},""targetSpeed"":51.4,""seq"":15}","{""phase"":""G"",""startLLA"":{""lat"":37.58953,""lon"":127.024172,""alt"":305},""endLLA"":{""lat"":37.621194,""lon"":127.025636,""alt"":100},""targetSpeed"":36,""seq"":16}","{""phase"":""I"",""startLLA"":{""lat"":37.621194,""lon"":127.025636,""alt"":100},""endLLA"":{""lat"":37.630207,""lon"":127.026053,""alt"":15},""targetSpeed"":30,""seq"":17}","{""phase"":""J"",""startLLA"":{""lat"":37.630207,""lon"":127.026053,""alt"":15},""endLLA"":{""lat"":37.630207,""lon"":127.026053,""alt"":0},""targetSpeed"":10,""seq"":18}","{""phase"":""K"",""startLLA"":{""lat"":37.630207,""lon"":127.026053,""alt"":0},""endLLA"":{""lat"":37.630207,""lon"":127.026053,""alt"":0},""targetSpeed"":3,""seq"":19}",,
b4a2894cba5c,2026-06-20,FPL0308009,UAM0034,a2,2,1,0.5,상암,상암,사당,사당,14,gate-8,fato-2,gate-3,fato-3,14:33:09,14:42:09,14:47:49,14:55:09,15:05:09,540,340.18,440,1320.18,0,0,ready,상암 > 선유도 17고지 > 영등포 > 180고지 > 사당,13.4688,12,"{""phase"":""A"",""startLLA"":{""lat"":37.562282,""lon"":126.890156,""alt"":0},""endLLA"":{""lat"":37.562282,""lon"":126.890156,""alt"":0},""targetSpeed"":3,""seq"":1}","{""phase"":""B"",""startLLA"":{""lat"":37.562282,""lon"":126.890156,""alt"":0},""endLLA"":{""lat"":37.562282,""lon"":126.890156,""alt"":15},""targetSpeed"":10,""seq"":2}","{""phase"":""C"",""startLLA"":{""lat"":37.562282,""lon"":126.890156,""alt"":15},""endLLA"":{""lat"":37.552559,""lon"":126.896159,""alt"":100},""targetSpeed"":36,""seq"":3}","{""phase"":""E"",""startLLA"":{""lat"":37.552559,""lon"":126.896159,""alt"":100},""endLLA"":{""lat"":37.542307,""lon"":126.90249,""alt"":173.84},""targetSpeed"":51.4,""seq"":4}","{""phase"":""E"",""startLLA"":{""lat"":37.542307,""lon"":126.90249,""alt"":173.84},""endLLA"":{""lat"":37.52228,""lon"":126.906494,""alt"":305},""targetSpeed"":51.4,""seq"":5}","{""phase"":""F"",""startLLA"":{""lat"":37.52228,""lon"":126.906494,""alt"":305},""endLLA"":{""lat"":37.515965,""lon"":126.907756,""alt"":305},""targetSpeed"":51.4,""seq"":6}","{""phase"":""F"",""startLLA"":{""lat"":37.515965,""lon"":126.907756,""alt"":305},""endLLA"":{""lat"":37.494741,""lon"":126.936928,""alt"":305},""targetSpeed"":51.4,""seq"":7}","{""phase"":""G"",""startLLA"":{""lat"":37.494741,""lon"":126.936928,""alt"":305},""endLLA"":{""lat"":37.492877,""lon"":126.93949,""alt"":287.16},""targetSpeed"":36,""seq"":8}","{""phase"":""G"",""startLLA"":{""lat"":37.492877,""lon"":126.93949,""alt"":287.16},""endLLA"":{""lat"":37.479834,""lon"":126.972037,""alt"":100},""targetSpeed"":36,""seq"":9}","{""phase"":""I"",""startLLA"":{""lat"":37.479834,""lon"":126.972037,""alt"":100},""endLLA"":{""lat"":37.475767,""lon"":126.982185,""alt"":15},""targetSpeed"":30,""seq"":10}","{""phase"":""J"",""startLLA"":{""lat"":37.475767,""lon"":126.982185,""alt"":15},""endLLA"":{""lat"":37.475767,""lon"":126.982185,""alt"":0},""targetSpeed"":10,""seq"":11}","{""phase"":""K"",""startLLA"":{""lat"":37.475767,""lon"":126.982185,""alt"":0},""endLLA"":{""lat"":37.475767,""lon"":126.982185,""alt"":0},""targetSpeed"":3,""seq"":12}",,,,,,,,,
b4a2894cba5c,2026-06-20,FPL0302010,UAM0120,a8,8,1,0.125,상암,상암,잠실,잠실,14,gate-4,fato-1,gate-2,fato-4,14:51:08,15:00:40,15:13:05,15:20:55,15:30:55,572.54,744.82,470,1787.36,32.54,185.17,ready,상암 > 선유도 17고지 > 영등포 > 180고지 > 채석장 > 경부고속도로 양재천 다리 > 대치교 > 잠실,24.7496,15,"{""phase"":""A"",""startLLA"":{""lat"":37.562282,""lon"":126.890156,""alt"":0},""endLLA"":{""lat"":37.562282,""lon"":126.890156,""alt"":0},""targetSpeed"":3,""seq"":1}","{""phase"":""B"",""startLLA"":{""lat"":37.562282,""lon"":126.890156,""alt"":0},""endLLA"":{""lat"":37.562282,""lon"":126.890156,""alt"":15},""targetSpeed"":10,""seq"":2}","{""phase"":""C"",""startLLA"":{""lat"":37.562282,""lon"":126.890156,""alt"":15},""endLLA"":{""lat"":37.552558,""lon"":126.89616,""alt"":100},""targetSpeed"":36,""seq"":3}","{""phase"":""E"",""startLLA"":{""lat"":37.552558,""lon"":126.89616,""alt"":100},""endLLA"":{""lat"":37.542307,""lon"":126.90249,""alt"":173.82},""targetSpeed"":51.4,""seq"":4}","{""phase"":""E"",""startLLA"":{""lat"":37.542307,""lon"":126.90249,""alt"":173.82},""endLLA"":{""lat"":37.522274,""lon"":126.906495,""alt"":305},""targetSpeed"":51.4,""seq"":5}","{""phase"":""F"",""startLLA"":{""lat"":37.522274,""lon"":126.906495,""alt"":305},""endLLA"":{""lat"":37.515965,""lon"":126.907756,""alt"":305},""targetSpeed"":51.4,""seq"":6}","{""phase"":""F"",""startLLA"":{""lat"":37.515965,""lon"":126.907756,""alt"":305},""endLLA"":{""lat"":37.492877,""lon"":126.93949,""alt"":305},""targetSpeed"":51.4,""seq"":7}","{""phase"":""F"",""startLLA"":{""lat"":37.492877,""lon"":126.93949,""alt"":305},""endLLA"":{""lat"":37.471285,""lon"":126.985745,""alt"":305},""targetSpeed"":51.4,""seq"":8}","{""phase"":""F"",""startLLA"":{""lat"":37.471285,""lon"":126.985745,""alt"":305},""endLLA"":{""lat"":37.471593,""lon"":127.032031,""alt"":305},""targetSpeed"":51.4,""seq"":9}","{""phase"":""F"",""startLLA"":{""lat"":37.471593,""lon"":127.032031,""alt"":305},""endLLA"":{""lat"":37.483532,""lon"":127.051156,""alt"":305},""targetSpeed"":51.4,""seq"":10}","{""phase"":""G"",""startLLA"":{""lat"":37.483532,""lon"":127.051156,""alt"":305},""endLLA"":{""lat"":37.497702,""lon"":127.073855,""alt"":156.78},""targetSpeed"":36,""seq"":11}","{""phase"":""G"",""startLLA"":{""lat"":37.497702,""lon"":127.073855,""alt"":156.78},""endLLA"":{""lat"":37.506268,""lon"":127.071432,""alt"":100},""targetSpeed"":36,""seq"":12}","{""phase"":""I"",""startLLA"":{""lat"":37.506268,""lon"":127.071432,""alt"":100},""endLLA"":{""lat"":37.515071,""lon"":127.068942,""alt"":15},""targetSpeed"":30,""seq"":13}","{""phase"":""J"",""startLLA"":{""lat"":37.515071,""lon"":127.068942,""alt"":15},""endLLA"":{""lat"":37.515071,""lon"":127.068942,""alt"":0},""targetSpeed"":10,""seq"":14}","{""phase"":""K"",""startLLA"":{""lat"":37.515071,""lon"":127.068942,""alt"":0},""endLLA"":{""lat"":37.515071,""lon"":127.068942,""alt"":0},""targetSpeed"":3,""seq"":15}",,,,,,
b4a2894cba5c,2026-06-20,FPL0313013,UAM0121,a2,2,2,1,상암,상암,강남,강남,15,gate-8,fato-1,gate-7,fato-4,15:00:00,15:09:00,15:18:59,15:26:19,15:36:19,540,599.06,440,1579.06,0,228.13,ready,상암 > 선유도 17고지 > 서강대교 중간지점 > 63빌딩 > 상도터널 > 이수고가차로 > 강남,15.0491,14,"{""phase"":""A"",""startLLA"":{""lat"":37.562282,""lon"":126.890156,""alt"":0},""endLLA"":{""lat"":37.562282,""lon"":126.890156,""alt"":0},""targetSpeed"":3,""seq"":1}","{""phase"":""B"",""startLLA"":{""lat"":37.562282,""lon"":126.890156,""alt"":0},""endLLA"":{""lat"":37.562282,""lon"":126.890156,""alt"":15},""targetSpeed"":10,""seq"":2}","{""phase"":""C"",""startLLA"":{""lat"":37.562282,""lon"":126.890156,""alt"":15},""endLLA"":{""lat"":37.552559,""lon"":126.896159,""alt"":100},""targetSpeed"":36,""seq"":3}","{""phase"":""E"",""startLLA"":{""lat"":37.552559,""lon"":126.896159,""alt"":100},""endLLA"":{""lat"":37.542307,""lon"":126.90249,""alt"":173.84},""targetSpeed"":51.4,""seq"":4}","{""phase"":""E"",""startLLA"":{""lat"":37.542307,""lon"":126.90249,""alt"":173.84},""endLLA"":{""lat"":37.536949,""lon"":126.924908,""alt"":293.93},""targetSpeed"":51.4,""seq"":5}","{""phase"":""E"",""startLLA"":{""lat"":37.536949,""lon"":126.924908,""alt"":293.93},""endLLA"":{""lat"":37.535541,""lon"":126.926134,""alt"":305},""targetSpeed"":51.4,""seq"":6}","{""phase"":""F"",""startLLA"":{""lat"":37.535541,""lon"":126.926134,""alt"":305},""endLLA"":{""lat"":37.519378,""lon"":126.94021,""alt"":305},""targetSpeed"":51.4,""seq"":7}","{""phase"":""F"",""startLLA"":{""lat"":37.519378,""lon"":126.94021,""alt"":305},""endLLA"":{""lat"":37.508684,""lon"":126.95211,""alt"":305},""targetSpeed"":51.4,""seq"":8}","{""phase"":""F"",""startLLA"":{""lat"":37.508684,""lon"":126.95211,""alt"":305},""endLLA"":{""lat"":37.501448,""lon"":126.973006,""alt"":305},""targetSpeed"":51.4,""seq"":9}","{""phase"":""G"",""startLLA"":{""lat"":37.501448,""lon"":126.973006,""alt"":305},""endLLA"":{""lat"":37.497738,""lon"":126.983721,""alt"":245},""targetSpeed"":36,""seq"":10}","{""phase"":""G"",""startLLA"":{""lat"":37.497738,""lon"":126.983721,""alt"":245},""endLLA"":{""lat"":37.496706,""lon"":127.011945,""alt"":100},""targetSpeed"":36,""seq"":11}","{""phase"":""I"",""startLLA"":{""lat"":37.496706,""lon"":127.011945,""alt"":100},""endLLA"":{""lat"":37.496291,""lon"":127.023303,""alt"":15},""targetSpeed"":30,""seq"":12}","{""phase"":""J"",""startLLA"":{""lat"":37.496291,""lon"":127.023303,""alt"":15},""endLLA"":{""lat"":37.496291,""lon"":127.023303,""alt"":0},""targetSpeed"":10,""seq"":13}","{""phase"":""K"",""startLLA"":{""lat"":37.496291,""lon"":127.023303,""alt"":0},""endLLA"":{""lat"":37.496291,""lon"":127.023303,""alt"":0},""targetSpeed"":3,""seq"":14}",,,,,,,
b4a2894cba5c,2026-06-20,FPL0316008,UAM0007,a8,8,4,0.5,상암,상암,망우,망우,15,gate-3,fato-2,gate-3,fato-3,15:03:21,15:11:51,15:24:44,15:32:04,15:42:04,510,773,440,1723,0,88,ready,상암 > 선유도 17고지 > 서강대교 중간지점 > 63빌딩 > 상도터널 > 이수고가차로 > 주흥교 > 성수대교 남단 > 왕십리역 > 청량리 > 망우,26.9495,18,"{""phase"":""A"",""startLLA"":{""lat"":37.562282,""lon"":126.890156,""alt"":0},""endLLA"":{""lat"":37.562282,""lon"":126.890156,""alt"":0},""targetSpeed"":3,""seq"":1}","{""phase"":""B"",""startLLA"":{""lat"":37.562282,""lon"":126.890156,""alt"":0},""endLLA"":{""lat"":37.562282,""lon"":126.890156,""alt"":15},""targetSpeed"":10,""seq"":2}","{""phase"":""C"",""startLLA"":{""lat"":37.562282,""lon"":126.890156,""alt"":15},""endLLA"":{""lat"":37.552561,""lon"":126.896158,""alt"":100},""targetSpeed"":36,""seq"":3}","{""phase"":""E"",""startLLA"":{""lat"":37.552561,""lon"":126.896158,""alt"":100},""endLLA"":{""lat"":37.542307,""lon"":126.90249,""alt"":173.87},""targetSpeed"":51.4,""seq"":4}","{""phase"":""E"",""startLLA"":{""lat"":37.542307,""lon"":126.90249,""alt"":173.87},""endLLA"":{""lat"":37.536949,""lon"":126.924908,""alt"":293.99},""targetSpeed"":51.4,""seq"":5}","{""phase"":""E"",""startLLA"":{""lat"":37.536949,""lon"":126.924908,""alt"":293.99},""endLLA"":{""lat"":37.535549,""lon"":126.926127,""alt"":305},""targetSpeed"":51.4,""seq"":6}","{""phase"":""F"",""startLLA"":{""lat"":37.535549,""lon"":126.926127,""alt"":305},""endLLA"":{""lat"":37.519378,""lon"":126.94021,""alt"":305},""targetSpeed"":51.4,""seq"":7}","{""phase"":""F"",""startLLA"":{""lat"":37.519378,""lon"":126.94021,""alt"":305},""endLLA"":{""lat"":37.508684,""lon"":126.95211,""alt"":305},""targetSpeed"":51.4,""seq"":8}","{""phase"":""F"",""startLLA"":{""lat"":37.508684,""lon"":126.95211,""alt"":305},""endLLA"":{""lat"":37.497738,""lon"":126.983721,""alt"":305},""targetSpeed"":51.4,""seq"":9}","{""phase"":""F"",""startLLA"":{""lat"":37.497738,""lon"":126.983721,""alt"":305},""endLLA"":{""lat"":37.509486,""lon"":127.016026,""alt"":305},""targetSpeed"":51.4,""seq"":10}","{""phase"":""F"",""startLLA"":{""lat"":37.509486,""lon"":127.016026,""alt"":305},""endLLA"":{""lat"":37.53537,""lon"":127.034503,""alt"":305},""targetSpeed"":51.4,""seq"":11}","{""phase"":""F"",""startLLA"":{""lat"":37.53537,""lon"":127.034503,""alt"":305},""endLLA"":{""lat"":37.561925,""lon"":127.038491,""alt"":305},""targetSpeed"":51.4,""seq"":12}","{""phase"":""F"",""startLLA"":{""lat"":37.561925,""lon"":127.038491,""alt"":305},""endLLA"":{""lat"":37.573839,""lon"":127.044841,""alt"":305},""targetSpeed"":51.4,""seq"":13}","{""phase"":""G"",""startLLA"":{""lat"":37.573839,""lon"":127.044841,""alt"":305},""endLLA"":{""lat"":37.581542,""lon"":127.048947,""alt"":250.9},""targetSpeed"":36,""seq"":14}","{""phase"":""G"",""startLLA"":{""lat"":37.581542,""lon"":127.048947,""alt"":250.9},""endLLA"":{""lat"":37.592631,""lon"":127.074841,""alt"":100},""targetSpeed"":36,""seq"":15}","{""phase"":""I"",""startLLA"":{""lat"":37.592631,""lon"":127.074841,""alt"":100},""endLLA"":{""lat"":37.596919,""lon"":127.084854,""alt"":15},""targetSpeed"":30,""seq"":16}","{""phase"":""J"",""startLLA"":{""lat"":37.596919,""lon"":127.084854,""alt"":15},""endLLA"":{""lat"":37.596919,""lon"":127.084854,""alt"":0},""targetSpeed"":10,""seq"":17}","{""phase"":""K"",""startLLA"":{""lat"":37.596919,""lon"":127.084854,""alt"":0},""endLLA"":{""lat"":37.596919,""lon"":127.084854,""alt"":0},""targetSpeed"":3,""seq"":18}",,,
b4a2894cba5c,2026-06-20,FPL0311011,UAM0056,a8,8,4,0.5,상암,상암,천호,천호,15,gate-7,fato-1,gate-6,fato-3,15:05:36,15:15:00,15:27:57,15:35:47,15:45:47,564,777.68,470,1811.68,54,181.13,ready,상암 > 선유도 17고지 > 서강대교 중간지점 > 63빌딩 > 상도터널 > 이수고가차로 > 주흥교 > 성수대교 남단 > 청담대교 중간지점 > 잠실대교 중간지점 > 천호,26.6459,18,"{""phase"":""A"",""startLLA"":{""lat"":37.562282,""lon"":126.890156,""alt"":0},""endLLA"":{""lat"":37.562282,""lon"":126.890156,""alt"":0},""targetSpeed"":3,""seq"":1}","{""phase"":""B"",""startLLA"":{""lat"":37.562282,""lon"":126.890156,""alt"":0},""endLLA"":{""lat"":37.562282,""lon"":126.890156,""alt"":15},""targetSpeed"":10,""seq"":2}","{""phase"":""C"",""startLLA"":{""lat"":37.562282,""lon"":126.890156,""alt"":15},""endLLA"":{""lat"":37.55256,""lon"":126.896159,""alt"":100},""targetSpeed"":36,""seq"":3}","{""phase"":""E"",""startLLA"":{""lat"":37.55256,""lon"":126.896159,""alt"":100},""endLLA"":{""lat"":37.542307,""lon"":126.90249,""alt"":173.85},""targetSpeed"":51.4,""seq"":4}","{""phase"":""E"",""startLLA"":{""lat"":37.542307,""lon"":126.90249,""alt"":173.85},""endLLA"":{""lat"":37.536949,""lon"":126.924908,""alt"":293.96},""targetSpeed"":51.4,""seq"":5}","{""phase"":""E"",""startLLA"":{""lat"":37.536949,""lon"":126.924908,""alt"":293.96},""endLLA"":{""lat"":37.535545,""lon"":126.926131,""alt"":305},""targetSpeed"":51.4,""seq"":6}","{""phase"":""F"",""startLLA"":{""lat"":37.535545,""lon"":126.926131,""alt"":305},""endLLA"":{""lat"":37.519378,""lon"":126.94021,""alt"":305},""targetSpeed"":51.4,""seq"":7}","{""phase"":""F"",""startLLA"":{""lat"":37.519378,""lon"":126.94021,""alt"":305},""endLLA"":{""lat"":37.508684,""lon"":126.95211,""alt"":305},""targetSpeed"":51.4,""seq"":8}","{""phase"":""F"",""startLLA"":{""lat"":37.508684,""lon"":126.95211,""alt"":305},""endLLA"":{""lat"":37.497738,""lon"":126.983721,""alt"":305},""targetSpeed"":51.4,""seq"":9}","{""phase"":""F"",""startLLA"":{""lat"":37.497738,""lon"":126.983721,""alt"":305},""endLLA"":{""lat"":37.509486,""lon"":127.016026,""alt"":305},""targetSpeed"":51.4,""seq"":10}","{""phase"":""F"",""startLLA"":{""lat"":37.509486,""lon"":127.016026,""alt"":305},""endLLA"":{""lat"":37.53537,""lon"":127.034503,""alt"":305},""targetSpeed"":51.4,""seq"":11}","{""phase"":""F"",""startLLA"":{""lat"":37.53537,""lon"":127.034503,""alt"":305},""endLLA"":{""lat"":37.526451,""lon"":127.064361,""alt"":305},""targetSpeed"":51.4,""seq"":12}","{""phase"":""F"",""startLLA"":{""lat"":37.526451,""lon"":127.064361,""alt"":305},""endLLA"":{""lat"":37.52529,""lon"":127.079002,""alt"":305},""targetSpeed"":51.4,""seq"":13}","{""phase"":""G"",""startLLA"":{""lat"":37.52529,""lon"":127.079002,""alt"":305},""endLLA"":{""lat"":37.524288,""lon"":127.091639,""alt"":239.84},""targetSpeed"":36,""seq"":14}","{""phase"":""G"",""startLLA"":{""lat"":37.524288,""lon"":127.091639,""alt"":239.84},""endLLA"":{""lat"":37.539419,""lon"":127.111107,""alt"":100},""targetSpeed"":36,""seq"":15}","{""phase"":""I"",""startLLA"":{""lat"":37.539419,""lon"":127.111107,""alt"":100},""endLLA"":{""lat"":37.545733,""lon"":127.11923,""alt"":15},""targetSpeed"":30,""seq"":16}","{""phase"":""J"",""startLLA"":{""lat"":37.545733,""lon"":127.11923,""alt"":15},""endLLA"":{""lat"":37.545733,""lon"":127.11923,""alt"":0},""targetSpeed"":10,""seq"":17}","{""phase"":""K"",""startLLA"":{""lat"":37.545733,""lon"":127.11923,""alt"":0},""endLLA"":{""lat"":37.545733,""lon"":127.11923,""alt"":0},""targetSpeed"":3,""seq"":18}",,,
b4a2894cba5c,2026-06-20,FPL0313014,UAM0093,a6,6,3,0.5,상암,상암,강남,강남,15,gate-4,fato-1,gate-2,fato-3,15:29:21,15:38:21,15:44:50,15:52:40,16:02:40,540,389.3,470,1399.3,0,18.38,ready,상암 > 선유도 17고지 > 서강대교 중간지점 > 63빌딩 > 상도터널 > 이수고가차로 > 강남,15.0491,14,"{""phase"":""A"",""startLLA"":{""lat"":37.562282,""lon"":126.890156,""alt"":0},""endLLA"":{""lat"":37.562282,""lon"":126.890156,""alt"":0},""targetSpeed"":3,""seq"":1}","{""phase"":""B"",""startLLA"":{""lat"":37.562282,""lon"":126.890156,""alt"":0},""endLLA"":{""lat"":37.562282,""lon"":126.890156,""alt"":15},""targetSpeed"":10,""seq"":2}","{""phase"":""C"",""startLLA"":{""lat"":37.562282,""lon"":126.890156,""alt"":15},""endLLA"":{""lat"":37.552559,""lon"":126.896159,""alt"":100},""targetSpeed"":36,""seq"":3}","{""phase"":""E"",""startLLA"":{""lat"":37.552559,""lon"":126.896159,""alt"":100},""endLLA"":{""lat"":37.542307,""lon"":126.90249,""alt"":173.84},""targetSpeed"":51.4,""seq"":4}","{""phase"":""E"",""startLLA"":{""lat"":37.542307,""lon"":126.90249,""alt"":173.84},""endLLA"":{""lat"":37.536949,""lon"":126.924908,""alt"":293.93},""targetSpeed"":51.4,""seq"":5}","{""phase"":""E"",""startLLA"":{""lat"":37.536949,""lon"":126.924908,""alt"":293.93},""endLLA"":{""lat"":37.535541,""lon"":126.926134,""alt"":305},""targetSpeed"":51.4,""seq"":6}","{""phase"":""F"",""startLLA"":{""lat"":37.535541,""lon"":126.926134,""alt"":305},""endLLA"":{""lat"":37.519378,""lon"":126.94021,""alt"":305},""targetSpeed"":51.4,""seq"":7}","{""phase"":""F"",""startLLA"":{""lat"":37.519378,""lon"":126.94021,""alt"":305},""endLLA"":{""lat"":37.508684,""lon"":126.95211,""alt"":305},""targetSpeed"":51.4,""seq"":8}","{""phase"":""F"",""startLLA"":{""lat"":37.508684,""lon"":126.95211,""alt"":305},""endLLA"":{""lat"":37.501448,""lon"":126.973006,""alt"":305},""targetSpeed"":51.4,""seq"":9}","{""phase"":""G"",""startLLA"":{""lat"":37.501448,""lon"":126.973006,""alt"":305},""endLLA"":{""lat"":37.497738,""lon"":126.983721,""alt"":245},""targetSpeed"":36,""seq"":10}","{""phase"":""G"",""startLLA"":{""lat"":37.497738,""lon"":126.983721,""alt"":245},""endLLA"":{""lat"":37.496706,""lon"":127.011945,""alt"":100},""targetSpeed"":36,""seq"":11}","{""phase"":""I"",""startLLA"":{""lat"":37.496706,""lon"":127.011945,""alt"":100},""endLLA"":{""lat"":37.496291,""lon"":127.023303,""alt"":15},""targetSpeed"":30,""seq"":12}","{""phase"":""J"",""startLLA"":{""lat"":37.496291,""lon"":127.023303,""alt"":15},""endLLA"":{""lat"":37.496291,""lon"":127.023303,""alt"":0},""targetSpeed"":10,""seq"":13}","{""phase"":""K"",""startLLA"":{""lat"":37.496291,""lon"":127.023303,""alt"":0},""endLLA"":{""lat"":37.496291,""lon"":127.023303,""alt"":0},""targetSpeed"":3,""seq"":14}",,,,,,,
b4a2894cba5c,2026-06-20,FPL0302011,UAM0101,a6,6,3,0.5,상암,상암,잠실,잠실,15,gate-8,fato-2,gate-8,fato-3,15:30:01,15:39:01,15:48:20,15:55:10,16:05:10,540,559.65,410,1509.65,0,0,ready,상암 > 선유도 17고지 > 영등포 > 180고지 > 채석장 > 경부고속도로 양재천 다리 > 대치교 > 잠실,24.7496,15,"{""phase"":""A"",""startLLA"":{""lat"":37.562282,""lon"":126.890156,""alt"":0},""endLLA"":{""lat"":37.562282,""lon"":126.890156,""alt"":0},""targetSpeed"":3,""seq"":1}","{""phase"":""B"",""startLLA"":{""lat"":37.562282,""lon"":126.890156,""alt"":0},""endLLA"":{""lat"":37.562282,""lon"":126.890156,""alt"":15},""targetSpeed"":10,""seq"":2}","{""phase"":""C"",""startLLA"":{""lat"":37.562282,""lon"":126.890156,""alt"":15},""endLLA"":{""lat"":37.552558,""lon"":126.89616,""alt"":100},""targetSpeed"":36,""seq"":3}","{""phase"":""E"",""startLLA"":{""lat"":37.552558,""lon"":126.89616,""alt"":100},""endLLA"":{""lat"":37.542307,""lon"":126.90249,""alt"":173.82},""targetSpeed"":51.4,""seq"":4}","{""phase"":""E"",""startLLA"":{""lat"":37.542307,""lon"":126.90249,""alt"":173.82},""endLLA"":{""lat"":37.522274,""lon"":126.906495,""alt"":305},""targetSpeed"":51.4,""seq"":5}","{""phase"":""F"",""startLLA"":{""lat"":37.522274,""lon"":126.906495,""alt"":305},""endLLA"":{""lat"":37.515965,""lon"":126.907756,""alt"":305},""targetSpeed"":51.4,""seq"":6}","{""phase"":""F"",""startLLA"":{""lat"":37.515965,""lon"":126.907756,""alt"":305},""endLLA"":{""lat"":37.492877,""lon"":126.93949,""alt"":305},""targetSpeed"":51.4,""seq"":7}","{""phase"":""F"",""startLLA"":{""lat"":37.492877,""lon"":126.93949,""alt"":305},""endLLA"":{""lat"":37.471285,""lon"":126.985745,""alt"":305},""targetSpeed"":51.4,""seq"":8}","{""phase"":""F"",""startLLA"":{""lat"":37.471285,""lon"":126.985745,""alt"":305},""endLLA"":{""lat"":37.471593,""lon"":127.032031,""alt"":305},""targetSpeed"":51.4,""seq"":9}","{""phase"":""F"",""startLLA"":{""lat"":37.471593,""lon"":127.032031,""alt"":305},""endLLA"":{""lat"":37.483532,""lon"":127.051156,""alt"":305},""targetSpeed"":51.4,""seq"":10}","{""phase"":""G"",""startLLA"":{""lat"":37.483532,""lon"":127.051156,""alt"":305},""endLLA"":{""lat"":37.497702,""lon"":127.073855,""alt"":156.78},""targetSpeed"":36,""seq"":11}","{""phase"":""G"",""startLLA"":{""lat"":37.497702,""lon"":127.073855,""alt"":156.78},""endLLA"":{""lat"":37.506268,""lon"":127.071432,""alt"":100},""targetSpeed"":36,""seq"":12}","{""phase"":""I"",""startLLA"":{""lat"":37.506268,""lon"":127.071432,""alt"":100},""endLLA"":{""lat"":37.515071,""lon"":127.068942,""alt"":15},""targetSpeed"":30,""seq"":13}","{""phase"":""J"",""startLLA"":{""lat"":37.515071,""lon"":127.068942,""alt"":15},""endLLA"":{""lat"":37.515071,""lon"":127.068942,""alt"":0},""targetSpeed"":10,""seq"":14}","{""phase"":""K"",""startLLA"":{""lat"":37.515071,""lon"":127.068942,""alt"":0},""endLLA"":{""lat"":37.515071,""lon"":127.068942,""alt"":0},""targetSpeed"":3,""seq"":15}",,,,,,
b4a2894cba5c,2026-06-20,FPL0306006,UAM0027,a4,4,2,0.5,상암,상암,미아,미아,15,gate-4,fato-1,gate-3,fato-4,15:53:31,16:03:12,16:14:48,16:22:08,16:32:08,581.45,696.06,440,1717.51,41.45,0,ready,상암 > 선유도 17고지 > 서강대교 중간지점 > 63빌딩 > 상도터널 > 이수고가차로 > 주흥교 > 성수대교 남단 > 왕십리역 > 청량리 > 신설동역 > 미아,31.761,19,"{""phase"":""A"",""startLLA"":{""lat"":37.562282,""lon"":126.890156,""alt"":0},""endLLA"":{""lat"":37.562282,""lon"":126.890156,""alt"":0},""targetSpeed"":3,""seq"":1}","{""phase"":""B"",""startLLA"":{""lat"":37.562282,""lon"":126.890156,""alt"":0},""endLLA"":{""lat"":37.562282,""lon"":126.890156,""alt"":15},""targetSpeed"":10,""seq"":2}","{""phase"":""C"",""startLLA"":{""lat"":37.562282,""lon"":126.890156,""alt"":15},""endLLA"":{""lat"":37.552561,""lon"":126.896158,""alt"":100},""targetSpeed"":36,""seq"":3}","{""phase"":""E"",""startLLA"":{""lat"":37.552561,""lon"":126.896158,""alt"":100},""endLLA"":{""lat"":37.542307,""lon"":126.90249,""alt"":173.87},""targetSpeed"":51.4,""seq"":4}","{""phase"":""E"",""startLLA"":{""lat"":37.542307,""lon"":126.90249,""alt"":173.87},""endLLA"":{""lat"":37.536949,""lon"":126.924908,""alt"":293.99},""targetSpeed"":51.4,""seq"":5}","{""phase"":""E"",""startLLA"":{""lat"":37.536949,""lon"":126.924908,""alt"":293.99},""endLLA"":{""lat"":37.535548,""lon"":126.926128,""alt"":305},""targetSpeed"":51.4,""seq"":6}","{""phase"":""F"",""startLLA"":{""lat"":37.535548,""lon"":126.926128,""alt"":305},""endLLA"":{""lat"":37.519378,""lon"":126.94021,""alt"":305},""targetSpeed"":51.4,""seq"":7}","{""phase"":""F"",""startLLA"":{""lat"":37.519378,""lon"":126.94021,""alt"":305},""endLLA"":{""lat"":37.508684,""lon"":126.95211,""alt"":305},""targetSpeed"":51.4,""seq"":8}","{""phase"":""F"",""startLLA"":{""lat"":37.508684,""lon"":126.95211,""alt"":305},""endLLA"":{""lat"":37.497738,""lon"":126.983721,""alt"":305},""targetSpeed"":51.4,""seq"":9}","{""phase"":""F"",""startLLA"":{""lat"":37.497738,""lon"":126.983721,""alt"":305},""endLLA"":{""lat"":37.509486,""lon"":127.016026,""alt"":305},""targetSpeed"":51.4,""seq"":10}","{""phase"":""F"",""startLLA"":{""lat"":37.509486,""lon"":127.016026,""alt"":305},""endLLA"":{""lat"":37.53537,""lon"":127.034503,""alt"":305},""targetSpeed"":51.4,""seq"":11}","{""phase"":""F"",""startLLA"":{""lat"":37.53537,""lon"":127.034503,""alt"":305},""endLLA"":{""lat"":37.561925,""lon"":127.038491,""alt"":305},""targetSpeed"":51.4,""seq"":12}","{""phase"":""F"",""startLLA"":{""lat"":37.561925,""lon"":127.038491,""alt"":305},""endLLA"":{""lat"":37.581542,""lon"":127.048947,""alt"":305},""targetSpeed"":51.4,""seq"":13}","{""phase"":""F"",""startLLA"":{""lat"":37.581542,""lon"":127.048947,""alt"":305},""endLLA"":{""lat"":37.575658,""lon"":127.02353,""alt"":305},""targetSpeed"":51.4,""seq"":14}","{""phase"":""F"",""startLLA"":{""lat"":37.575658,""lon"":127.02353,""alt"":305},""endLLA"":{""lat"":37.58953,""lon"":127.024172,""alt"":305},""targetSpeed"":51.4,""seq"":15}","{""phase"":""G"",""startLLA"":{""lat"":37.58953,""lon"":127.024172,""alt"":305},""endLLA"":{""lat"":37.621194,""lon"":127.025636,""alt"":100},""targetSpeed"":36,""seq"":16}","{""phase"":""I"",""startLLA"":{""lat"":37.621194,""lon"":127.025636,""alt"":100},""endLLA"":{""lat"":37.630207,""lon"":127.026053,""alt"":15},""targetSpeed"":30,""seq"":17}","{""phase"":""J"",""startLLA"":{""lat"":37.630207,""lon"":127.026053,""alt"":15},""endLLA"":{""lat"":37.630207,""lon"":127.026053,""alt"":0},""targetSpeed"":10,""seq"":18}","{""phase"":""K"",""startLLA"":{""lat"":37.630207,""lon"":127.026053,""alt"":0},""endLLA"":{""lat"":37.630207,""lon"":127.026053,""alt"":0},""targetSpeed"":3,""seq"":19}",,
b4a2894cba5c,2026-06-20,FPL0311012,UAM0010,a2,2,2,1,상암,상암,천호,천호,16,gate-8,fato-1,gate-5,fato-3,16:05:23,16:14:23,16:31:27,16:39:47,16:49:47,540,1024.6,500,2064.6,0,428.05,ready,상암 > 선유도 17고지 > 서강대교 중간지점 > 63빌딩 > 상도터널 > 이수고가차로 > 주흥교 > 성수대교 남단 > 청담대교 중간지점 > 잠실대교 중간지점 > 천호,26.6459,18,"{""phase"":""A"",""startLLA"":{""lat"":37.562282,""lon"":126.890156,""alt"":0},""endLLA"":{""lat"":37.562282,""lon"":126.890156,""alt"":0},""targetSpeed"":3,""seq"":1}","{""phase"":""B"",""startLLA"":{""lat"":37.562282,""lon"":126.890156,""alt"":0},""endLLA"":{""lat"":37.562282,""lon"":126.890156,""alt"":15},""targetSpeed"":10,""seq"":2}","{""phase"":""C"",""startLLA"":{""lat"":37.562282,""lon"":126.890156,""alt"":15},""endLLA"":{""lat"":37.55256,""lon"":126.896159,""alt"":100},""targetSpeed"":36,""seq"":3}","{""phase"":""E"",""startLLA"":{""lat"":37.55256,""lon"":126.896159,""alt"":100},""endLLA"":{""lat"":37.542307,""lon"":126.90249,""alt"":173.85},""targetSpeed"":51.4,""seq"":4}","{""phase"":""E"",""startLLA"":{""lat"":37.542307,""lon"":126.90249,""alt"":173.85},""endLLA"":{""lat"":37.536949,""lon"":126.924908,""alt"":293.96},""targetSpeed"":51.4,""seq"":5}","{""phase"":""E"",""startLLA"":{""lat"":37.536949,""lon"":126.924908,""alt"":293.96},""endLLA"":{""lat"":37.535545,""lon"":126.926131,""alt"":305},""targetSpeed"":51.4,""seq"":6}","{""phase"":""F"",""startLLA"":{""lat"":37.535545,""lon"":126.926131,""alt"":305},""endLLA"":{""lat"":37.519378,""lon"":126.94021,""alt"":305},""targetSpeed"":51.4,""seq"":7}","{""phase"":""F"",""startLLA"":{""lat"":37.519378,""lon"":126.94021,""alt"":305},""endLLA"":{""lat"":37.508684,""lon"":126.95211,""alt"":305},""targetSpeed"":51.4,""seq"":8}","{""phase"":""F"",""startLLA"":{""lat"":37.508684,""lon"":126.95211,""alt"":305},""endLLA"":{""lat"":37.497738,""lon"":126.983721,""alt"":305},""targetSpeed"":51.4,""seq"":9}","{""phase"":""F"",""startLLA"":{""lat"":37.497738,""lon"":126.983721,""alt"":305},""endLLA"":{""lat"":37.509486,""lon"":127.016026,""alt"":305},""targetSpeed"":51.4,""seq"":10}","{""phase"":""F"",""startLLA"":{""lat"":37.509486,""lon"":127.016026,""alt"":305},""endLLA"":{""lat"":37.53537,""lon"":127.034503,""alt"":305},""targetSpeed"":51.4,""seq"":11}","{""phase"":""F"",""startLLA"":{""lat"":37.53537,""lon"":127.034503,""alt"":305},""endLLA"":{""lat"":37.526451,""lon"":127.064361,""alt"":305},""targetSpeed"":51.4,""seq"":12}","{""phase"":""F"",""startLLA"":{""lat"":37.526451,""lon"":127.064361,""alt"":305},""endLLA"":{""lat"":37.52529,""lon"":127.079002,""alt"":305},""targetSpeed"":51.4,""seq"":13}","{""phase"":""G"",""startLLA"":{""lat"":37.52529,""lon"":127.079002,""alt"":305},""endLLA"":{""lat"":37.524288,""lon"":127.091639,""alt"":239.84},""targetSpeed"":36,""seq"":14}","{""phase"":""G"",""startLLA"":{""lat"":37.524288,""lon"":127.091639,""alt"":239.84},""endLLA"":{""lat"":37.539419,""lon"":127.111107,""alt"":100},""targetSpeed"":36,""seq"":15}","{""phase"":""I"",""startLLA"":{""lat"":37.539419,""lon"":127.111107,""alt"":100},""endLLA"":{""lat"":37.545733,""lon"":127.11923,""alt"":15},""targetSpeed"":30,""seq"":16}","{""phase"":""J"",""startLLA"":{""lat"":37.545733,""lon"":127.11923,""alt"":15},""endLLA"":{""lat"":37.545733,""lon"":127.11923,""alt"":0},""targetSpeed"":10,""seq"":17}","{""phase"":""K"",""startLLA"":{""lat"":37.545733,""lon"":127.11923,""alt"":0},""endLLA"":{""lat"":37.545733,""lon"":127.11923,""alt"":0},""targetSpeed"":3,""seq"":18}",,,
b4a2894cba5c,2026-06-20,FPL0302012,UAM0026,a2,2,2,1,상암,상암,잠실,잠실,16,gate-3,fato-2,gate-4,fato-3,16:09:21,16:17:51,16:27:10,16:34:00,16:44:00,510,559.65,410,1479.65,0,0,ready,상암 > 선유도 17고지 > 영등포 > 180고지 > 채석장 > 경부고속도로 양재천 다리 > 대치교 > 잠실,24.7496,15,"{""phase"":""A"",""startLLA"":{""lat"":37.562282,""lon"":126.890156,""alt"":0},""endLLA"":{""lat"":37.562282,""lon"":126.890156,""alt"":0},""targetSpeed"":3,""seq"":1}","{""phase"":""B"",""startLLA"":{""lat"":37.562282,""lon"":126.890156,""alt"":0},""endLLA"":{""lat"":37.562282,""lon"":126.890156,""alt"":15},""targetSpeed"":10,""seq"":2}","{""phase"":""C"",""startLLA"":{""lat"":37.562282,""lon"":126.890156,""alt"":15},""endLLA"":{""lat"":37.552558,""lon"":126.89616,""alt"":100},""targetSpeed"":36,""seq"":3}","{""phase"":""E"",""startLLA"":{""lat"":37.552558,""lon"":126.89616,""alt"":100},""endLLA"":{""lat"":37.542307,""lon"":126.90249,""alt"":173.82},""targetSpeed"":51.4,""seq"":4}","{""phase"":""E"",""startLLA"":{""lat"":37.542307,""lon"":126.90249,""alt"":173.82},""endLLA"":{""lat"":37.522274,""lon"":126.906495,""alt"":305},""targetSpeed"":51.4,""seq"":5}","{""phase"":""F"",""startLLA"":{""lat"":37.522274,""lon"":126.906495,""alt"":305},""endLLA"":{""lat"":37.515965,""lon"":126.907756,""alt"":305},""targetSpeed"":51.4,""seq"":6}","{""phase"":""F"",""startLLA"":{""lat"":37.515965,""lon"":126.907756,""alt"":305},""endLLA"":{""lat"":37.492877,""lon"":126.93949,""alt"":305},""targetSpeed"":51.4,""seq"":7}","{""phase"":""F"",""startLLA"":{""lat"":37.492877,""lon"":126.93949,""alt"":305},""endLLA"":{""lat"":37.471285,""lon"":126.985745,""alt"":305},""targetSpeed"":51.4,""seq"":8}","{""phase"":""F"",""startLLA"":{""lat"":37.471285,""lon"":126.985745,""alt"":305},""endLLA"":{""lat"":37.471593,""lon"":127.032031,""alt"":305},""targetSpeed"":51.4,""seq"":9}","{""phase"":""F"",""startLLA"":{""lat"":37.471593,""lon"":127.032031,""alt"":305},""endLLA"":{""lat"":37.483532,""lon"":127.051156,""alt"":305},""targetSpeed"":51.4,""seq"":10}","{""phase"":""G"",""startLLA"":{""lat"":37.483532,""lon"":127.051156,""alt"":305},""endLLA"":{""lat"":37.497702,""lon"":127.073855,""alt"":156.78},""targetSpeed"":36,""seq"":11}","{""phase"":""G"",""startLLA"":{""lat"":37.497702,""lon"":127.073855,""alt"":156.78},""endLLA"":{""lat"":37.506268,""lon"":127.071432,""alt"":100},""targetSpeed"":36,""seq"":12}","{""phase"":""I"",""startLLA"":{""lat"":37.506268,""lon"":127.071432,""alt"":100},""endLLA"":{""lat"":37.515071,""lon"":127.068942,""alt"":15},""targetSpeed"":30,""seq"":13}","{""phase"":""J"",""startLLA"":{""lat"":37.515071,""lon"":127.068942,""alt"":15},""endLLA"":{""lat"":37.515071,""lon"":127.068942,""alt"":0},""targetSpeed"":10,""seq"":14}","{""phase"":""K"",""startLLA"":{""lat"":37.515071,""lon"":127.068942,""alt"":0},""endLLA"":{""lat"":37.515071,""lon"":127.068942,""alt"":0},""targetSpeed"":3,""seq"":15}",,,,,,
b4a2894cba5c,2026-06-20,FPL0309012,UAM0123,a4,4,4,1,상암,상암,성수,성수,16,gate-4,fato-1,gate-6,fato-4,16:13:00,16:22:00,16:29:21,16:37:11,16:47:11,540,441.35,470,1451.35,0,0,ready,상암 > 선유도 17고지 > 서강대교 중간지점 > 63빌딩 > 상도터널 > 이수고가차로 > 주흥교 > 성수,18.6691,15,"{""phase"":""A"",""startLLA"":{""lat"":37.562282,""lon"":126.890156,""alt"":0},""endLLA"":{""lat"":37.562282,""lon"":126.890156,""alt"":0},""targetSpeed"":3,""seq"":1}","{""phase"":""B"",""startLLA"":{""lat"":37.562282,""lon"":126.890156,""alt"":0},""endLLA"":{""lat"":37.562282,""lon"":126.890156,""alt"":15},""targetSpeed"":10,""seq"":2}","{""phase"":""C"",""startLLA"":{""lat"":37.562282,""lon"":126.890156,""alt"":15},""endLLA"":{""lat"":37.55256,""lon"":126.896159,""alt"":100},""targetSpeed"":36,""seq"":3}","{""phase"":""E"",""startLLA"":{""lat"":37.55256,""lon"":126.896159,""alt"":100},""endLLA"":{""lat"":37.542307,""lon"":126.90249,""alt"":173.85},""targetSpeed"":51.4,""seq"":4}","{""phase"":""E"",""startLLA"":{""lat"":37.542307,""lon"":126.90249,""alt"":173.85},""endLLA"":{""lat"":37.536949,""lon"":126.924908,""alt"":293.95},""targetSpeed"":51.4,""seq"":5}","{""phase"":""E"",""startLLA"":{""lat"":37.536949,""lon"":126.924908,""alt"":293.95},""endLLA"":{""lat"":37.535544,""lon"":126.926131,""alt"":305},""targetSpeed"":51.4,""seq"":6}","{""phase"":""F"",""startLLA"":{""lat"":37.535544,""lon"":126.926131,""alt"":305},""endLLA"":{""lat"":37.519378,""lon"":126.94021,""alt"":305},""targetSpeed"":51.4,""seq"":7}","{""phase"":""F"",""startLLA"":{""lat"":37.519378,""lon"":126.94021,""alt"":305},""endLLA"":{""lat"":37.508684,""lon"":126.95211,""alt"":305},""targetSpeed"":51.4,""seq"":8}","{""phase"":""F"",""startLLA"":{""lat"":37.508684,""lon"":126.95211,""alt"":305},""endLLA"":{""lat"":37.497738,""lon"":126.983721,""alt"":305},""targetSpeed"":51.4,""seq"":9}","{""phase"":""F"",""startLLA"":{""lat"":37.497738,""lon"":126.983721,""alt"":305},""endLLA"":{""lat"":37.507423,""lon"":127.010353,""alt"":305},""targetSpeed"":51.4,""seq"":10}","{""phase"":""G"",""startLLA"":{""lat"":37.507423,""lon"":127.010353,""alt"":305},""endLLA"":{""lat"":37.509486,""lon"":127.016026,""alt"":272.98},""targetSpeed"":36,""seq"":11}","{""phase"":""G"",""startLLA"":{""lat"":37.509486,""lon"":127.016026,""alt"":272.98},""endLLA"":{""lat"":37.531493,""lon"":127.035175,""alt"":100},""targetSpeed"":36,""seq"":12}","{""phase"":""I"",""startLLA"":{""lat"":37.531493,""lon"":127.035175,""alt"":100},""endLLA"":{""lat"":37.538917,""lon"":127.041635,""alt"":15},""targetSpeed"":30,""seq"":13}","{""phase"":""J"",""startLLA"":{""lat"":37.538917,""lon"":127.041635,""alt"":15},""endLLA"":{""lat"":37.538917,""lon"":127.041635,""alt"":0},""targetSpeed"":10,""seq"":14}","{""phase"":""K"",""startLLA"":{""lat"":37.538917,""lon"":127.041635,""alt"":0},""endLLA"":{""lat"":37.538917,""lon"":127.041635,""alt"":0},""targetSpeed"":3,""seq"":15}",,,,,,
b4a2894cba5c,2026-06-20,FPL0316009,UAM0058,a2,2,2,1,상암,상암,망우,망우,16,gate-7,fato-2,gate-8,fato-3,16:15:03,16:23:51,16:33:53,16:40:43,16:50:43,528,602.45,410,1540.45,18,0,ready,상암 > 선유도 17고지 > 서강대교 중간지점 > 63빌딩 > 상도터널 > 이수고가차로 > 주흥교 > 성수대교 남단 > 왕십리역 > 청량리 > 망우,26.9495,18,"{""phase"":""A"",""startLLA"":{""lat"":37.562282,""lon"":126.890156,""alt"":0},""endLLA"":{""lat"":37.562282,""lon"":126.890156,""alt"":0},""targetSpeed"":3,""seq"":1}","{""phase"":""B"",""startLLA"":{""lat"":37.562282,""lon"":126.890156,""alt"":0},""endLLA"":{""lat"":37.562282,""lon"":126.890156,""alt"":15},""targetSpeed"":10,""seq"":2}","{""phase"":""C"",""startLLA"":{""lat"":37.562282,""lon"":126.890156,""alt"":15},""endLLA"":{""lat"":37.552561,""lon"":126.896158,""alt"":100},""targetSpeed"":36,""seq"":3}","{""phase"":""E"",""startLLA"":{""lat"":37.552561,""lon"":126.896158,""alt"":100},""endLLA"":{""lat"":37.542307,""lon"":126.90249,""alt"":173.87},""targetSpeed"":51.4,""seq"":4}","{""phase"":""E"",""startLLA"":{""lat"":37.542307,""lon"":126.90249,""alt"":173.87},""endLLA"":{""lat"":37.536949,""lon"":126.924908,""alt"":293.99},""targetSpeed"":51.4,""seq"":5}","{""phase"":""E"",""startLLA"":{""lat"":37.536949,""lon"":126.924908,""alt"":293.99},""endLLA"":{""lat"":37.535549,""lon"":126.926127,""alt"":305},""targetSpeed"":51.4,""seq"":6}","{""phase"":""F"",""startLLA"":{""lat"":37.535549,""lon"":126.926127,""alt"":305},""endLLA"":{""lat"":37.519378,""lon"":126.94021,""alt"":305},""targetSpeed"":51.4,""seq"":7}","{""phase"":""F"",""startLLA"":{""lat"":37.519378,""lon"":126.94021,""alt"":305},""endLLA"":{""lat"":37.508684,""lon"":126.95211,""alt"":305},""targetSpeed"":51.4,""seq"":8}","{""phase"":""F"",""startLLA"":{""lat"":37.508684,""lon"":126.95211,""alt"":305},""endLLA"":{""lat"":37.497738,""lon"":126.983721,""alt"":305},""targetSpeed"":51.4,""seq"":9}","{""phase"":""F"",""startLLA"":{""lat"":37.497738,""lon"":126.983721,""alt"":305},""endLLA"":{""lat"":37.509486,""lon"":127.016026,""alt"":305},""targetSpeed"":51.4,""seq"":10}","{""phase"":""F"",""startLLA"":{""lat"":37.509486,""lon"":127.016026,""alt"":305},""endLLA"":{""lat"":37.53537,""lon"":127.034503,""alt"":305},""targetSpeed"":51.4,""seq"":11}","{""phase"":""F"",""startLLA"":{""lat"":37.53537,""lon"":127.034503,""alt"":305},""endLLA"":{""lat"":37.561925,""lon"":127.038491,""alt"":305},""targetSpeed"":51.4,""seq"":12}","{""phase"":""F"",""startLLA"":{""lat"":37.561925,""lon"":127.038491,""alt"":305},""endLLA"":{""lat"":37.573839,""lon"":127.044841,""alt"":305},""targetSpeed"":51.4,""seq"":13}","{""phase"":""G"",""startLLA"":{""lat"":37.573839,""lon"":127.044841,""alt"":305},""endLLA"":{""lat"":37.581542,""lon"":127.048947,""alt"":250.9},""targetSpeed"":36,""seq"":14}","{""phase"":""G"",""startLLA"":{""lat"":37.581542,""lon"":127.048947,""alt"":250.9},""endLLA"":{""lat"":37.592631,""lon"":127.074841,""alt"":100},""targetSpeed"":36,""seq"":15}","{""phase"":""I"",""startLLA"":{""lat"":37.592631,""lon"":127.074841,""alt"":100},""endLLA"":{""lat"":37.596919,""lon"":127.084854,""alt"":15},""targetSpeed"":30,""seq"":16}","{""phase"":""J"",""startLLA"":{""lat"":37.596919,""lon"":127.084854,""alt"":15},""endLLA"":{""lat"":37.596919,""lon"":127.084854,""alt"":0},""targetSpeed"":10,""seq"":17}","{""phase"":""K"",""startLLA"":{""lat"":37.596919,""lon"":127.084854,""alt"":0},""endLLA"":{""lat"":37.596919,""lon"":127.084854,""alt"":0},""targetSpeed"":3,""seq"":18}",,,
b4a2894cba5c,2026-06-20,FPL0313015,UAM0065,a2,2,2,1,상암,상암,강남,강남,16,gate-8,fato-1,gate-7,fato-3,16:29:47,16:39:36,16:45:47,16:53:07,17:03:07,589.54,370.93,440,1400.47,49.54,0,ready,상암 > 선유도 17고지 > 서강대교 중간지점 > 63빌딩 > 상도터널 > 이수고가차로 > 강남,15.0491,14,"{""phase"":""A"",""startLLA"":{""lat"":37.562282,""lon"":126.890156,""alt"":0},""endLLA"":{""lat"":37.562282,""lon"":126.890156,""alt"":0},""targetSpeed"":3,""seq"":1}","{""phase"":""B"",""startLLA"":{""lat"":37.562282,""lon"":126.890156,""alt"":0},""endLLA"":{""lat"":37.562282,""lon"":126.890156,""alt"":15},""targetSpeed"":10,""seq"":2}","{""phase"":""C"",""startLLA"":{""lat"":37.562282,""lon"":126.890156,""alt"":15},""endLLA"":{""lat"":37.552559,""lon"":126.896159,""alt"":100},""targetSpeed"":36,""seq"":3}","{""phase"":""E"",""startLLA"":{""lat"":37.552559,""lon"":126.896159,""alt"":100},""endLLA"":{""lat"":37.542307,""lon"":126.90249,""alt"":173.84},""targetSpeed"":51.4,""seq"":4}","{""phase"":""E"",""startLLA"":{""lat"":37.542307,""lon"":126.90249,""alt"":173.84},""endLLA"":{""lat"":37.536949,""lon"":126.924908,""alt"":293.93},""targetSpeed"":51.4,""seq"":5}","{""phase"":""E"",""startLLA"":{""lat"":37.536949,""lon"":126.924908,""alt"":293.93},""endLLA"":{""lat"":37.535541,""lon"":126.926134,""alt"":305},""targetSpeed"":51.4,""seq"":6}","{""phase"":""F"",""startLLA"":{""lat"":37.535541,""lon"":126.926134,""alt"":305},""endLLA"":{""lat"":37.519378,""lon"":126.94021,""alt"":305},""targetSpeed"":51.4,""seq"":7}","{""phase"":""F"",""startLLA"":{""lat"":37.519378,""lon"":126.94021,""alt"":305},""endLLA"":{""lat"":37.508684,""lon"":126.95211,""alt"":305},""targetSpeed"":51.4,""seq"":8}","{""phase"":""F"",""startLLA"":{""lat"":37.508684,""lon"":126.95211,""alt"":305},""endLLA"":{""lat"":37.501448,""lon"":126.973006,""alt"":305},""targetSpeed"":51.4,""seq"":9}","{""phase"":""G"",""startLLA"":{""lat"":37.501448,""lon"":126.973006,""alt"":305},""endLLA"":{""lat"":37.497738,""lon"":126.983721,""alt"":245},""targetSpeed"":36,""seq"":10}","{""phase"":""G"",""startLLA"":{""lat"":37.497738,""lon"":126.983721,""alt"":245},""endLLA"":{""lat"":37.496706,""lon"":127.011945,""alt"":100},""targetSpeed"":36,""seq"":11}","{""phase"":""I"",""startLLA"":{""lat"":37.496706,""lon"":127.011945,""alt"":100},""endLLA"":{""lat"":37.496291,""lon"":127.023303,""alt"":15},""targetSpeed"":30,""seq"":12}","{""phase"":""J"",""startLLA"":{""lat"":37.496291,""lon"":127.023303,""alt"":15},""endLLA"":{""lat"":37.496291,""lon"":127.023303,""alt"":0},""targetSpeed"":10,""seq"":13}","{""phase"":""K"",""startLLA"":{""lat"":37.496291,""lon"":127.023303,""alt"":0},""endLLA"":{""lat"":37.496291,""lon"":127.023303,""alt"":0},""targetSpeed"":3,""seq"":14}",,,,,,,
b4a2894cba5c,2026-06-20,FPL0308010,UAM0126,a6,6,3,0.5,상암,상암,사당,사당,16,gate-4,fato-2,gate-7,fato-3,16:33:55,16:42:55,16:48:35,16:55:55,17:05:55,540,340.18,440,1320.18,0,0,ready,상암 > 선유도 17고지 > 영등포 > 180고지 > 사당,13.4688,12,"{""phase"":""A"",""startLLA"":{""lat"":37.562282,""lon"":126.890156,""alt"":0},""endLLA"":{""lat"":37.562282,""lon"":126.890156,""alt"":0},""targetSpeed"":3,""seq"":1}","{""phase"":""B"",""startLLA"":{""lat"":37.562282,""lon"":126.890156,""alt"":0},""endLLA"":{""lat"":37.562282,""lon"":126.890156,""alt"":15},""targetSpeed"":10,""seq"":2}","{""phase"":""C"",""startLLA"":{""lat"":37.562282,""lon"":126.890156,""alt"":15},""endLLA"":{""lat"":37.552559,""lon"":126.896159,""alt"":100},""targetSpeed"":36,""seq"":3}","{""phase"":""E"",""startLLA"":{""lat"":37.552559,""lon"":126.896159,""alt"":100},""endLLA"":{""lat"":37.542307,""lon"":126.90249,""alt"":173.84},""targetSpeed"":51.4,""seq"":4}","{""phase"":""E"",""startLLA"":{""lat"":37.542307,""lon"":126.90249,""alt"":173.84},""endLLA"":{""lat"":37.52228,""lon"":126.906494,""alt"":305},""targetSpeed"":51.4,""seq"":5}","{""phase"":""F"",""startLLA"":{""lat"":37.52228,""lon"":126.906494,""alt"":305},""endLLA"":{""lat"":37.515965,""lon"":126.907756,""alt"":305},""targetSpeed"":51.4,""seq"":6}","{""phase"":""F"",""startLLA"":{""lat"":37.515965,""lon"":126.907756,""alt"":305},""endLLA"":{""lat"":37.494741,""lon"":126.936928,""alt"":305},""targetSpeed"":51.4,""seq"":7}","{""phase"":""G"",""startLLA"":{""lat"":37.494741,""lon"":126.936928,""alt"":305},""endLLA"":{""lat"":37.492877,""lon"":126.93949,""alt"":287.16},""targetSpeed"":36,""seq"":8}","{""phase"":""G"",""startLLA"":{""lat"":37.492877,""lon"":126.93949,""alt"":287.16},""endLLA"":{""lat"":37.479834,""lon"":126.972037,""alt"":100},""targetSpeed"":36,""seq"":9}","{""phase"":""I"",""startLLA"":{""lat"":37.479834,""lon"":126.972037,""alt"":100},""endLLA"":{""lat"":37.475767,""lon"":126.982185,""alt"":15},""targetSpeed"":30,""seq"":10}","{""phase"":""J"",""startLLA"":{""lat"":37.475767,""lon"":126.982185,""alt"":15},""endLLA"":{""lat"":37.475767,""lon"":126.982185,""alt"":0},""targetSpeed"":10,""seq"":11}","{""phase"":""K"",""startLLA"":{""lat"":37.475767,""lon"":126.982185,""alt"":0},""endLLA"":{""lat"":37.475767,""lon"":126.982185,""alt"":0},""targetSpeed"":3,""seq"":12}",,,,,,,,,
b4a2894cba5c,2026-06-20,FPL0311013,UAM0059,a4,4,2,0.5,상암,상암,천호,천호,16,gate-3,fato-1,gate-3,fato-4,16:42:17,16:50:47,17:00:43,17:08:34,17:18:34,510,596.54,470.46,1577,0,30.46,ready,상암 > 선유도 17고지 > 서강대교 중간지점 > 63빌딩 > 상도터널 > 이수고가차로 > 주흥교 > 성수대교 남단 > 청담대교 중간지점 > 잠실대교 중간지점 > 천호,26.6459,18,"{""phase"":""A"",""startLLA"":{""lat"":37.562282,""lon"":126.890156,""alt"":0},""endLLA"":{""lat"":37.562282,""lon"":126.890156,""alt"":0},""targetSpeed"":3,""seq"":1}","{""phase"":""B"",""startLLA"":{""lat"":37.562282,""lon"":126.890156,""alt"":0},""endLLA"":{""lat"":37.562282,""lon"":126.890156,""alt"":15},""targetSpeed"":10,""seq"":2}","{""phase"":""C"",""startLLA"":{""lat"":37.562282,""lon"":126.890156,""alt"":15},""endLLA"":{""lat"":37.55256,""lon"":126.896159,""alt"":100},""targetSpeed"":36,""seq"":3}","{""phase"":""E"",""startLLA"":{""lat"":37.55256,""lon"":126.896159,""alt"":100},""endLLA"":{""lat"":37.542307,""lon"":126.90249,""alt"":173.85},""targetSpeed"":51.4,""seq"":4}","{""phase"":""E"",""startLLA"":{""lat"":37.542307,""lon"":126.90249,""alt"":173.85},""endLLA"":{""lat"":37.536949,""lon"":126.924908,""alt"":293.96},""targetSpeed"":51.4,""seq"":5}","{""phase"":""E"",""startLLA"":{""lat"":37.536949,""lon"":126.924908,""alt"":293.96},""endLLA"":{""lat"":37.535545,""lon"":126.926131,""alt"":305},""targetSpeed"":51.4,""seq"":6}","{""phase"":""F"",""startLLA"":{""lat"":37.535545,""lon"":126.926131,""alt"":305},""endLLA"":{""lat"":37.519378,""lon"":126.94021,""alt"":305},""targetSpeed"":51.4,""seq"":7}","{""phase"":""F"",""startLLA"":{""lat"":37.519378,""lon"":126.94021,""alt"":305},""endLLA"":{""lat"":37.508684,""lon"":126.95211,""alt"":305},""targetSpeed"":51.4,""seq"":8}","{""phase"":""F"",""startLLA"":{""lat"":37.508684,""lon"":126.95211,""alt"":305},""endLLA"":{""lat"":37.497738,""lon"":126.983721,""alt"":305},""targetSpeed"":51.4,""seq"":9}","{""phase"":""F"",""startLLA"":{""lat"":37.497738,""lon"":126.983721,""alt"":305},""endLLA"":{""lat"":37.509486,""lon"":127.016026,""alt"":305},""targetSpeed"":51.4,""seq"":10}","{""phase"":""F"",""startLLA"":{""lat"":37.509486,""lon"":127.016026,""alt"":305},""endLLA"":{""lat"":37.53537,""lon"":127.034503,""alt"":305},""targetSpeed"":51.4,""seq"":11}","{""phase"":""F"",""startLLA"":{""lat"":37.53537,""lon"":127.034503,""alt"":305},""endLLA"":{""lat"":37.526451,""lon"":127.064361,""alt"":305},""targetSpeed"":51.4,""seq"":12}","{""phase"":""F"",""startLLA"":{""lat"":37.526451,""lon"":127.064361,""alt"":305},""endLLA"":{""lat"":37.52529,""lon"":127.079002,""alt"":305},""targetSpeed"":51.4,""seq"":13}","{""phase"":""G"",""startLLA"":{""lat"":37.52529,""lon"":127.079002,""alt"":305},""endLLA"":{""lat"":37.524288,""lon"":127.091639,""alt"":239.84},""targetSpeed"":36,""seq"":14}","{""phase"":""G"",""startLLA"":{""lat"":37.524288,""lon"":127.091639,""alt"":239.84},""endLLA"":{""lat"":37.539419,""lon"":127.111107,""alt"":100},""targetSpeed"":36,""seq"":15}","{""phase"":""I"",""startLLA"":{""lat"":37.539419,""lon"":127.111107,""alt"":100},""endLLA"":{""lat"":37.545733,""lon"":127.11923,""alt"":15},""targetSpeed"":30,""seq"":16}","{""phase"":""J"",""startLLA"":{""lat"":37.545733,""lon"":127.11923,""alt"":15},""endLLA"":{""lat"":37.545733,""lon"":127.11923,""alt"":0},""targetSpeed"":10,""seq"":17}","{""phase"":""K"",""startLLA"":{""lat"":37.545733,""lon"":127.11923,""alt"":0},""endLLA"":{""lat"":37.545733,""lon"":127.11923,""alt"":0},""targetSpeed"":3,""seq"":18}",,,
b4a2894cba5c,2026-06-20,FPL0313016,UAM0073,a2,2,1,0.5,상암,상암,강남,강남,16,gate-8,fato-1,gate-8,fato-4,16:49:34,16:58:34,17:04:44,17:11:34,17:21:34,540,370.93,410,1320.93,0,0,ready,상암 > 선유도 17고지 > 서강대교 중간지점 > 63빌딩 > 상도터널 > 이수고가차로 > 강남,15.0491,14,"{""phase"":""A"",""startLLA"":{""lat"":37.562282,""lon"":126.890156,""alt"":0},""endLLA"":{""lat"":37.562282,""lon"":126.890156,""alt"":0},""targetSpeed"":3,""seq"":1}","{""phase"":""B"",""startLLA"":{""lat"":37.562282,""lon"":126.890156,""alt"":0},""endLLA"":{""lat"":37.562282,""lon"":126.890156,""alt"":15},""targetSpeed"":10,""seq"":2}","{""phase"":""C"",""startLLA"":{""lat"":37.562282,""lon"":126.890156,""alt"":15},""endLLA"":{""lat"":37.552559,""lon"":126.896159,""alt"":100},""targetSpeed"":36,""seq"":3}","{""phase"":""E"",""startLLA"":{""lat"":37.552559,""lon"":126.896159,""alt"":100},""endLLA"":{""lat"":37.542307,""lon"":126.90249,""alt"":173.84},""targetSpeed"":51.4,""seq"":4}","{""phase"":""E"",""startLLA"":{""lat"":37.542307,""lon"":126.90249,""alt"":173.84},""endLLA"":{""lat"":37.536949,""lon"":126.924908,""alt"":293.93},""targetSpeed"":51.4,""seq"":5}","{""phase"":""E"",""startLLA"":{""lat"":37.536949,""lon"":126.924908,""alt"":293.93},""endLLA"":{""lat"":37.535541,""lon"":126.926134,""alt"":305},""targetSpeed"":51.4,""seq"":6}","{""phase"":""F"",""startLLA"":{""lat"":37.535541,""lon"":126.926134,""alt"":305},""endLLA"":{""lat"":37.519378,""lon"":126.94021,""alt"":305},""targetSpeed"":51.4,""seq"":7}","{""phase"":""F"",""startLLA"":{""lat"":37.519378,""lon"":126.94021,""alt"":305},""endLLA"":{""lat"":37.508684,""lon"":126.95211,""alt"":305},""targetSpeed"":51.4,""seq"":8}","{""phase"":""F"",""startLLA"":{""lat"":37.508684,""lon"":126.95211,""alt"":305},""endLLA"":{""lat"":37.501448,""lon"":126.973006,""alt"":305},""targetSpeed"":51.4,""seq"":9}","{""phase"":""G"",""startLLA"":{""lat"":37.501448,""lon"":126.973006,""alt"":305},""endLLA"":{""lat"":37.497738,""lon"":126.983721,""alt"":245},""targetSpeed"":36,""seq"":10}","{""phase"":""G"",""startLLA"":{""lat"":37.497738,""lon"":126.983721,""alt"":245},""endLLA"":{""lat"":37.496706,""lon"":127.011945,""alt"":100},""targetSpeed"":36,""seq"":11}","{""phase"":""I"",""startLLA"":{""lat"":37.496706,""lon"":127.011945,""alt"":100},""endLLA"":{""lat"":37.496291,""lon"":127.023303,""alt"":15},""targetSpeed"":30,""seq"":12}","{""phase"":""J"",""startLLA"":{""lat"":37.496291,""lon"":127.023303,""alt"":15},""endLLA"":{""lat"":37.496291,""lon"":127.023303,""alt"":0},""targetSpeed"":10,""seq"":13}","{""phase"":""K"",""startLLA"":{""lat"":37.496291,""lon"":127.023303,""alt"":0},""endLLA"":{""lat"":37.496291,""lon"":127.023303,""alt"":0},""targetSpeed"":3,""seq"":14}",,,,,,,
b4a2894cba5c,2026-06-20,FPL0306007,UAM0031,a8,8,1,0.125,상암,상암,미아,미아,16,gate-4,fato-2,gate-7,fato-3,16:53:32,17:04:16,17:19:04,17:26:24,17:36:24,644.45,887.8,440,1972.25,142.9,86.7,ready,상암 > 선유도 17고지 > 서강대교 중간지점 > 63빌딩 > 상도터널 > 이수고가차로 > 주흥교 > 성수대교 남단 > 왕십리역 > 청량리 > 신설동역 > 미아,31.761,19,"{""phase"":""A"",""startLLA"":{""lat"":37.562282,""lon"":126.890156,""alt"":0},""endLLA"":{""lat"":37.562282,""lon"":126.890156,""alt"":0},""targetSpeed"":3,""seq"":1}","{""phase"":""B"",""startLLA"":{""lat"":37.562282,""lon"":126.890156,""alt"":0},""endLLA"":{""lat"":37.562282,""lon"":126.890156,""alt"":15},""targetSpeed"":10,""seq"":2}","{""phase"":""C"",""startLLA"":{""lat"":37.562282,""lon"":126.890156,""alt"":15},""endLLA"":{""lat"":37.552561,""lon"":126.896158,""alt"":100},""targetSpeed"":36,""seq"":3}","{""phase"":""E"",""startLLA"":{""lat"":37.552561,""lon"":126.896158,""alt"":100},""endLLA"":{""lat"":37.542307,""lon"":126.90249,""alt"":173.87},""targetSpeed"":51.4,""seq"":4}","{""phase"":""E"",""startLLA"":{""lat"":37.542307,""lon"":126.90249,""alt"":173.87},""endLLA"":{""lat"":37.536949,""lon"":126.924908,""alt"":293.99},""targetSpeed"":51.4,""seq"":5}","{""phase"":""E"",""startLLA"":{""lat"":37.536949,""lon"":126.924908,""alt"":293.99},""endLLA"":{""lat"":37.535548,""lon"":126.926128,""alt"":305},""targetSpeed"":51.4,""seq"":6}","{""phase"":""F"",""startLLA"":{""lat"":37.535548,""lon"":126.926128,""alt"":305},""endLLA"":{""lat"":37.519378,""lon"":126.94021,""alt"":305},""targetSpeed"":51.4,""seq"":7}","{""phase"":""F"",""startLLA"":{""lat"":37.519378,""lon"":126.94021,""alt"":305},""endLLA"":{""lat"":37.508684,""lon"":126.95211,""alt"":305},""targetSpeed"":51.4,""seq"":8}","{""phase"":""F"",""startLLA"":{""lat"":37.508684,""lon"":126.95211,""alt"":305},""endLLA"":{""lat"":37.497738,""lon"":126.983721,""alt"":305},""targetSpeed"":51.4,""seq"":9}","{""phase"":""F"",""startLLA"":{""lat"":37.497738,""lon"":126.983721,""alt"":305},""endLLA"":{""lat"":37.509486,""lon"":127.016026,""alt"":305},""targetSpeed"":51.4,""seq"":10}","{""phase"":""F"",""startLLA"":{""lat"":37.509486,""lon"":127.016026,""alt"":305},""endLLA"":{""lat"":37.53537,""lon"":127.034503,""alt"":305},""targetSpeed"":51.4,""seq"":11}","{""phase"":""F"",""startLLA"":{""lat"":37.53537,""lon"":127.034503,""alt"":305},""endLLA"":{""lat"":37.561925,""lon"":127.038491,""alt"":305},""targetSpeed"":51.4,""seq"":12}","{""phase"":""F"",""startLLA"":{""lat"":37.561925,""lon"":127.038491,""alt"":305},""endLLA"":{""lat"":37.581542,""lon"":127.048947,""alt"":305},""targetSpeed"":51.4,""seq"":13}","{""phase"":""F"",""startLLA"":{""lat"":37.581542,""lon"":127.048947,""alt"":305},""endLLA"":{""lat"":37.575658,""lon"":127.02353,""alt"":305},""targetSpeed"":51.4,""seq"":14}","{""phase"":""F"",""startLLA"":{""lat"":37.575658,""lon"":127.02353,""alt"":305},""endLLA"":{""lat"":37.58953,""lon"":127.024172,""alt"":305},""targetSpeed"":51.4,""seq"":15}","{""phase"":""G"",""startLLA"":{""lat"":37.58953,""lon"":127.024172,""alt"":305},""endLLA"":{""lat"":37.621194,""lon"":127.025636,""alt"":100},""targetSpeed"":36,""seq"":16}","{""phase"":""I"",""startLLA"":{""lat"":37.621194,""lon"":127.025636,""alt"":100},""endLLA"":{""lat"":37.630207,""lon"":127.026053,""alt"":15},""targetSpeed"":30,""seq"":17}","{""phase"":""J"",""startLLA"":{""lat"":37.630207,""lon"":127.026053,""alt"":15},""endLLA"":{""lat"":37.630207,""lon"":127.026053,""alt"":0},""targetSpeed"":10,""seq"":18}","{""phase"":""K"",""startLLA"":{""lat"":37.630207,""lon"":127.026053,""alt"":0},""endLLA"":{""lat"":37.630207,""lon"":127.026053,""alt"":0},""targetSpeed"":3,""seq"":19}",,
b4a2894cba5c,2026-06-20,FPL0309013,UAM0046,a6,6,6,1,상암,상암,성수,성수,17,gate-3,fato-1,gate-7,fato-4,17:05:53,17:14:23,17:23:50,17:31:10,17:41:10,510,567.22,440,1517.22,0,125.87,ready,상암 > 선유도 17고지 > 서강대교 중간지점 > 63빌딩 > 상도터널 > 이수고가차로 > 주흥교 > 성수,18.6691,15,"{""phase"":""A"",""startLLA"":{""lat"":37.562282,""lon"":126.890156,""alt"":0},""endLLA"":{""lat"":37.562282,""lon"":126.890156,""alt"":0},""targetSpeed"":3,""seq"":1}","{""phase"":""B"",""startLLA"":{""lat"":37.562282,""lon"":126.890156,""alt"":0},""endLLA"":{""lat"":37.562282,""lon"":126.890156,""alt"":15},""targetSpeed"":10,""seq"":2}","{""phase"":""C"",""startLLA"":{""lat"":37.562282,""lon"":126.890156,""alt"":15},""endLLA"":{""lat"":37.55256,""lon"":126.896159,""alt"":100},""targetSpeed"":36,""seq"":3}","{""phase"":""E"",""startLLA"":{""lat"":37.55256,""lon"":126.896159,""alt"":100},""endLLA"":{""lat"":37.542307,""lon"":126.90249,""alt"":173.85},""targetSpeed"":51.4,""seq"":4}","{""phase"":""E"",""startLLA"":{""lat"":37.542307,""lon"":126.90249,""alt"":173.85},""endLLA"":{""lat"":37.536949,""lon"":126.924908,""alt"":293.95},""targetSpeed"":51.4,""seq"":5}","{""phase"":""E"",""startLLA"":{""lat"":37.536949,""lon"":126.924908,""alt"":293.95},""endLLA"":{""lat"":37.535544,""lon"":126.926131,""alt"":305},""targetSpeed"":51.4,""seq"":6}","{""phase"":""F"",""startLLA"":{""lat"":37.535544,""lon"":126.926131,""alt"":305},""endLLA"":{""lat"":37.519378,""lon"":126.94021,""alt"":305},""targetSpeed"":51.4,""seq"":7}","{""phase"":""F"",""startLLA"":{""lat"":37.519378,""lon"":126.94021,""alt"":305},""endLLA"":{""lat"":37.508684,""lon"":126.95211,""alt"":305},""targetSpeed"":51.4,""seq"":8}","{""phase"":""F"",""startLLA"":{""lat"":37.508684,""lon"":126.95211,""alt"":305},""endLLA"":{""lat"":37.497738,""lon"":126.983721,""alt"":305},""targetSpeed"":51.4,""seq"":9}","{""phase"":""F"",""startLLA"":{""lat"":37.497738,""lon"":126.983721,""alt"":305},""endLLA"":{""lat"":37.507423,""lon"":127.010353,""alt"":305},""targetSpeed"":51.4,""seq"":10}","{""phase"":""G"",""startLLA"":{""lat"":37.507423,""lon"":127.010353,""alt"":305},""endLLA"":{""lat"":37.509486,""lon"":127.016026,""alt"":272.98},""targetSpeed"":36,""seq"":11}","{""phase"":""G"",""startLLA"":{""lat"":37.509486,""lon"":127.016026,""alt"":272.98},""endLLA"":{""lat"":37.531493,""lon"":127.035175,""alt"":100},""targetSpeed"":36,""seq"":12}","{""phase"":""I"",""startLLA"":{""lat"":37.531493,""lon"":127.035175,""alt"":100},""endLLA"":{""lat"":37.538917,""lon"":127.041635,""alt"":15},""targetSpeed"":30,""seq"":13}","{""phase"":""J"",""startLLA"":{""lat"":37.538917,""lon"":127.041635,""alt"":15},""endLLA"":{""lat"":37.538917,""lon"":127.041635,""alt"":0},""targetSpeed"":10,""seq"":14}","{""phase"":""K"",""startLLA"":{""lat"":37.538917,""lon"":127.041635,""alt"":0},""endLLA"":{""lat"":37.538917,""lon"":127.041635,""alt"":0},""targetSpeed"":3,""seq"":15}",,,,,,
b4a2894cba5c,2026-06-20,FPL0306008,UAM0009,a2,2,2,1,상암,상암,미아,미아,17,gate-7,fato-2,gate-4,fato-4,17:06:57,17:15:27,17:27:03,17:33:53,17:43:53,510,696.06,410,1616.06,0,0,ready,상암 > 선유도 17고지 > 서강대교 중간지점 > 63빌딩 > 상도터널 > 이수고가차로 > 주흥교 > 성수대교 남단 > 왕십리역 > 청량리 > 신설동역 > 미아,31.761,19,"{""phase"":""A"",""startLLA"":{""lat"":37.562282,""lon"":126.890156,""alt"":0},""endLLA"":{""lat"":37.562282,""lon"":126.890156,""alt"":0},""targetSpeed"":3,""seq"":1}","{""phase"":""B"",""startLLA"":{""lat"":37.562282,""lon"":126.890156,""alt"":0},""endLLA"":{""lat"":37.562282,""lon"":126.890156,""alt"":15},""targetSpeed"":10,""seq"":2}","{""phase"":""C"",""startLLA"":{""lat"":37.562282,""lon"":126.890156,""alt"":15},""endLLA"":{""lat"":37.552561,""lon"":126.896158,""alt"":100},""targetSpeed"":36,""seq"":3}","{""phase"":""E"",""startLLA"":{""lat"":37.552561,""lon"":126.896158,""alt"":100},""endLLA"":{""lat"":37.542307,""lon"":126.90249,""alt"":173.87},""targetSpeed"":51.4,""seq"":4}","{""phase"":""E"",""startLLA"":{""lat"":37.542307,""lon"":126.90249,""alt"":173.87},""endLLA"":{""lat"":37.536949,""lon"":126.924908,""alt"":293.99},""targetSpeed"":51.4,""seq"":5}","{""phase"":""E"",""startLLA"":{""lat"":37.536949,""lon"":126.924908,""alt"":293.99},""endLLA"":{""lat"":37.535548,""lon"":126.926128,""alt"":305},""targetSpeed"":51.4,""seq"":6}","{""phase"":""F"",""startLLA"":{""lat"":37.535548,""lon"":126.926128,""alt"":305},""endLLA"":{""lat"":37.519378,""lon"":126.94021,""alt"":305},""targetSpeed"":51.4,""seq"":7}","{""phase"":""F"",""startLLA"":{""lat"":37.519378,""lon"":126.94021,""alt"":305},""endLLA"":{""lat"":37.508684,""lon"":126.95211,""alt"":305},""targetSpeed"":51.4,""seq"":8}","{""phase"":""F"",""startLLA"":{""lat"":37.508684,""lon"":126.95211,""alt"":305},""endLLA"":{""lat"":37.497738,""lon"":126.983721,""alt"":305},""targetSpeed"":51.4,""seq"":9}","{""phase"":""F"",""startLLA"":{""lat"":37.497738,""lon"":126.983721,""alt"":305},""endLLA"":{""lat"":37.509486,""lon"":127.016026,""alt"":305},""targetSpeed"":51.4,""seq"":10}","{""phase"":""F"",""startLLA"":{""lat"":37.509486,""lon"":127.016026,""alt"":305},""endLLA"":{""lat"":37.53537,""lon"":127.034503,""alt"":305},""targetSpeed"":51.4,""seq"":11}","{""phase"":""F"",""startLLA"":{""lat"":37.53537,""lon"":127.034503,""alt"":305},""endLLA"":{""lat"":37.561925,""lon"":127.038491,""alt"":305},""targetSpeed"":51.4,""seq"":12}","{""phase"":""F"",""startLLA"":{""lat"":37.561925,""lon"":127.038491,""alt"":305},""endLLA"":{""lat"":37.581542,""lon"":127.048947,""alt"":305},""targetSpeed"":51.4,""seq"":13}","{""phase"":""F"",""startLLA"":{""lat"":37.581542,""lon"":127.048947,""alt"":305},""endLLA"":{""lat"":37.575658,""lon"":127.02353,""alt"":305},""targetSpeed"":51.4,""seq"":14}","{""phase"":""F"",""startLLA"":{""lat"":37.575658,""lon"":127.02353,""alt"":305},""endLLA"":{""lat"":37.58953,""lon"":127.024172,""alt"":305},""targetSpeed"":51.4,""seq"":15}","{""phase"":""G"",""startLLA"":{""lat"":37.58953,""lon"":127.024172,""alt"":305},""endLLA"":{""lat"":37.621194,""lon"":127.025636,""alt"":100},""targetSpeed"":36,""seq"":16}","{""phase"":""I"",""startLLA"":{""lat"":37.621194,""lon"":127.025636,""alt"":100},""endLLA"":{""lat"":37.630207,""lon"":127.026053,""alt"":15},""targetSpeed"":30,""seq"":17}","{""phase"":""J"",""startLLA"":{""lat"":37.630207,""lon"":127.026053,""alt"":15},""endLLA"":{""lat"":37.630207,""lon"":127.026053,""alt"":0},""targetSpeed"":10,""seq"":18}","{""phase"":""K"",""startLLA"":{""lat"":37.630207,""lon"":127.026053,""alt"":0},""endLLA"":{""lat"":37.630207,""lon"":127.026053,""alt"":0},""targetSpeed"":3,""seq"":19}",,
b4a2894cba5c,2026-06-20,FPL0311014,UAM0007,a8,8,6,0.75,상암,상암,천호,천호,17,gate-4,fato-1,gate-7,fato-4,17:10:32,17:20:23,17:30:19,17:37:39,17:47:39,591,596.54,440,1627.54,51,0,ready,상암 > 선유도 17고지 > 서강대교 중간지점 > 63빌딩 > 상도터널 > 이수고가차로 > 주흥교 > 성수대교 남단 > 청담대교 중간지점 > 잠실대교 중간지점 > 천호,26.6459,18,"{""phase"":""A"",""startLLA"":{""lat"":37.562282,""lon"":126.890156,""alt"":0},""endLLA"":{""lat"":37.562282,""lon"":126.890156,""alt"":0},""targetSpeed"":3,""seq"":1}","{""phase"":""B"",""startLLA"":{""lat"":37.562282,""lon"":126.890156,""alt"":0},""endLLA"":{""lat"":37.562282,""lon"":126.890156,""alt"":15},""targetSpeed"":10,""seq"":2}","{""phase"":""C"",""startLLA"":{""lat"":37.562282,""lon"":126.890156,""alt"":15},""endLLA"":{""lat"":37.55256,""lon"":126.896159,""alt"":100},""targetSpeed"":36,""seq"":3}","{""phase"":""E"",""startLLA"":{""lat"":37.55256,""lon"":126.896159,""alt"":100},""endLLA"":{""lat"":37.542307,""lon"":126.90249,""alt"":173.85},""targetSpeed"":51.4,""seq"":4}","{""phase"":""E"",""startLLA"":{""lat"":37.542307,""lon"":126.90249,""alt"":173.85},""endLLA"":{""lat"":37.536949,""lon"":126.924908,""alt"":293.96},""targetSpeed"":51.4,""seq"":5}","{""phase"":""E"",""startLLA"":{""lat"":37.536949,""lon"":126.924908,""alt"":293.96},""endLLA"":{""lat"":37.535545,""lon"":126.926131,""alt"":305},""targetSpeed"":51.4,""seq"":6}","{""phase"":""F"",""startLLA"":{""lat"":37.535545,""lon"":126.926131,""alt"":305},""endLLA"":{""lat"":37.519378,""lon"":126.94021,""alt"":305},""targetSpeed"":51.4,""seq"":7}","{""phase"":""F"",""startLLA"":{""lat"":37.519378,""lon"":126.94021,""alt"":305},""endLLA"":{""lat"":37.508684,""lon"":126.95211,""alt"":305},""targetSpeed"":51.4,""seq"":8}","{""phase"":""F"",""startLLA"":{""lat"":37.508684,""lon"":126.95211,""alt"":305},""endLLA"":{""lat"":37.497738,""lon"":126.983721,""alt"":305},""targetSpeed"":51.4,""seq"":9}","{""phase"":""F"",""startLLA"":{""lat"":37.497738,""lon"":126.983721,""alt"":305},""endLLA"":{""lat"":37.509486,""lon"":127.016026,""alt"":305},""targetSpeed"":51.4,""seq"":10}","{""phase"":""F"",""startLLA"":{""lat"":37.509486,""lon"":127.016026,""alt"":305},""endLLA"":{""lat"":37.53537,""lon"":127.034503,""alt"":305},""targetSpeed"":51.4,""seq"":11}","{""phase"":""F"",""startLLA"":{""lat"":37.53537,""lon"":127.034503,""alt"":305},""endLLA"":{""lat"":37.526451,""lon"":127.064361,""alt"":305},""targetSpeed"":51.4,""seq"":12}","{""phase"":""F"",""startLLA"":{""lat"":37.526451,""lon"":127.064361,""alt"":305},""endLLA"":{""lat"":37.52529,""lon"":127.079002,""alt"":305},""targetSpeed"":51.4,""seq"":13}","{""phase"":""G"",""startLLA"":{""lat"":37.52529,""lon"":127.079002,""alt"":305},""endLLA"":{""lat"":37.524288,""lon"":127.091639,""alt"":239.84},""targetSpeed"":36,""seq"":14}","{""phase"":""G"",""startLLA"":{""lat"":37.524288,""lon"":127.091639,""alt"":239.84},""endLLA"":{""lat"":37.539419,""lon"":127.111107,""alt"":100},""targetSpeed"":36,""seq"":15}","{""phase"":""I"",""startLLA"":{""lat"":37.539419,""lon"":127.111107,""alt"":100},""endLLA"":{""lat"":37.545733,""lon"":127.11923,""alt"":15},""targetSpeed"":30,""seq"":16}","{""phase"":""J"",""startLLA"":{""lat"":37.545733,""lon"":127.11923,""alt"":15},""endLLA"":{""lat"":37.545733,""lon"":127.11923,""alt"":0},""targetSpeed"":10,""seq"":17}","{""phase"":""K"",""startLLA"":{""lat"":37.545733,""lon"":127.11923,""alt"":0},""endLLA"":{""lat"":37.545733,""lon"":127.11923,""alt"":0},""targetSpeed"":3,""seq"":18}",,,
b4a2894cba5c,2026-06-20,FPL0313017,UAM0032,a8,8,4,0.5,상암,상암,강남,강남,17,gate-8,fato-2,gate-5,fato-4,17:14:51,17:23:51,17:30:10,17:38:30,17:48:30,540,379.57,500,1419.57,0,8.65,ready,상암 > 선유도 17고지 > 서강대교 중간지점 > 63빌딩 > 상도터널 > 이수고가차로 > 강남,15.0491,14,"{""phase"":""A"",""startLLA"":{""lat"":37.562282,""lon"":126.890156,""alt"":0},""endLLA"":{""lat"":37.562282,""lon"":126.890156,""alt"":0},""targetSpeed"":3,""seq"":1}","{""phase"":""B"",""startLLA"":{""lat"":37.562282,""lon"":126.890156,""alt"":0},""endLLA"":{""lat"":37.562282,""lon"":126.890156,""alt"":15},""targetSpeed"":10,""seq"":2}","{""phase"":""C"",""startLLA"":{""lat"":37.562282,""lon"":126.890156,""alt"":15},""endLLA"":{""lat"":37.552559,""lon"":126.896159,""alt"":100},""targetSpeed"":36,""seq"":3}","{""phase"":""E"",""startLLA"":{""lat"":37.552559,""lon"":126.896159,""alt"":100},""endLLA"":{""lat"":37.542307,""lon"":126.90249,""alt"":173.84},""targetSpeed"":51.4,""seq"":4}","{""phase"":""E"",""startLLA"":{""lat"":37.542307,""lon"":126.90249,""alt"":173.84},""endLLA"":{""lat"":37.536949,""lon"":126.924908,""alt"":293.93},""targetSpeed"":51.4,""seq"":5}","{""phase"":""E"",""startLLA"":{""lat"":37.536949,""lon"":126.924908,""alt"":293.93},""endLLA"":{""lat"":37.535541,""lon"":126.926134,""alt"":305},""targetSpeed"":51.4,""seq"":6}","{""phase"":""F"",""startLLA"":{""lat"":37.535541,""lon"":126.926134,""alt"":305},""endLLA"":{""lat"":37.519378,""lon"":126.94021,""alt"":305},""targetSpeed"":51.4,""seq"":7}","{""phase"":""F"",""startLLA"":{""lat"":37.519378,""lon"":126.94021,""alt"":305},""endLLA"":{""lat"":37.508684,""lon"":126.95211,""alt"":305},""targetSpeed"":51.4,""seq"":8}","{""phase"":""F"",""startLLA"":{""lat"":37.508684,""lon"":126.95211,""alt"":305},""endLLA"":{""lat"":37.501448,""lon"":126.973006,""alt"":305},""targetSpeed"":51.4,""seq"":9}","{""phase"":""G"",""startLLA"":{""lat"":37.501448,""lon"":126.973006,""alt"":305},""endLLA"":{""lat"":37.497738,""lon"":126.983721,""alt"":245},""targetSpeed"":36,""seq"":10}","{""phase"":""G"",""startLLA"":{""lat"":37.497738,""lon"":126.983721,""alt"":245},""endLLA"":{""lat"":37.496706,""lon"":127.011945,""alt"":100},""targetSpeed"":36,""seq"":11}","{""phase"":""I"",""startLLA"":{""lat"":37.496706,""lon"":127.011945,""alt"":100},""endLLA"":{""lat"":37.496291,""lon"":127.023303,""alt"":15},""targetSpeed"":30,""seq"":12}","{""phase"":""J"",""startLLA"":{""lat"":37.496291,""lon"":127.023303,""alt"":15},""endLLA"":{""lat"":37.496291,""lon"":127.023303,""alt"":0},""targetSpeed"":10,""seq"":13}","{""phase"":""K"",""startLLA"":{""lat"":37.496291,""lon"":127.023303,""alt"":0},""endLLA"":{""lat"":37.496291,""lon"":127.023303,""alt"":0},""targetSpeed"":3,""seq"":14}",,,,,,,
b4a2894cba5c,2026-06-20,FPL0317010,UAM0068,a4,4,4,1,상암,상암,수서,수서,17,gate-2,fato-1,gate-3,fato-3,17:21:49,17:29:49,17:39:01,17:46:49,17:56:49,480,552.9,467.87,1500.77,0,28.43,ready,상암 > 선유도 17고지 > 영등포 > 180고지 > 채석장 > 경부고속도로 양재천 다리 > 수서,24.374,14,"{""phase"":""A"",""startLLA"":{""lat"":37.562282,""lon"":126.890156,""alt"":0},""endLLA"":{""lat"":37.562282,""lon"":126.890156,""alt"":0},""targetSpeed"":3,""seq"":1}","{""phase"":""B"",""startLLA"":{""lat"":37.562282,""lon"":126.890156,""alt"":0},""endLLA"":{""lat"":37.562282,""lon"":126.890156,""alt"":15},""targetSpeed"":10,""seq"":2}","{""phase"":""C"",""startLLA"":{""lat"":37.562282,""lon"":126.890156,""alt"":15},""endLLA"":{""lat"":37.552557,""lon"":126.896161,""alt"":100},""targetSpeed"":36,""seq"":3}","{""phase"":""E"",""startLLA"":{""lat"":37.552557,""lon"":126.896161,""alt"":100},""endLLA"":{""lat"":37.542307,""lon"":126.90249,""alt"":173.8},""targetSpeed"":51.4,""seq"":4}","{""phase"":""E"",""startLLA"":{""lat"":37.542307,""lon"":126.90249,""alt"":173.8},""endLLA"":{""lat"":37.52227,""lon"":126.906496,""alt"":305},""targetSpeed"":51.4,""seq"":5}","{""phase"":""F"",""startLLA"":{""lat"":37.52227,""lon"":126.906496,""alt"":305},""endLLA"":{""lat"":37.515965,""lon"":126.907756,""alt"":305},""targetSpeed"":51.4,""seq"":6}","{""phase"":""F"",""startLLA"":{""lat"":37.515965,""lon"":126.907756,""alt"":305},""endLLA"":{""lat"":37.492877,""lon"":126.93949,""alt"":305},""targetSpeed"":51.4,""seq"":7}","{""phase"":""F"",""startLLA"":{""lat"":37.492877,""lon"":126.93949,""alt"":305},""endLLA"":{""lat"":37.471285,""lon"":126.985745,""alt"":305},""targetSpeed"":51.4,""seq"":8}","{""phase"":""F"",""startLLA"":{""lat"":37.471285,""lon"":126.985745,""alt"":305},""endLLA"":{""lat"":37.471593,""lon"":127.032031,""alt"":305},""targetSpeed"":51.4,""seq"":9}","{""phase"":""F"",""startLLA"":{""lat"":37.471593,""lon"":127.032031,""alt"":305},""endLLA"":{""lat"":37.476054,""lon"":127.051334,""alt"":305},""targetSpeed"":51.4,""seq"":10}","{""phase"":""G"",""startLLA"":{""lat"":37.476054,""lon"":127.051334,""alt"":305},""endLLA"":{""lat"":37.484918,""lon"":127.089686,""alt"":100},""targetSpeed"":36,""seq"":11}","{""phase"":""I"",""startLLA"":{""lat"":37.484918,""lon"":127.089686,""alt"":100},""endLLA"":{""lat"":37.487441,""lon"":127.100603,""alt"":15},""targetSpeed"":30,""seq"":12}","{""phase"":""J"",""startLLA"":{""lat"":37.487441,""lon"":127.100603,""alt"":15},""endLLA"":{""lat"":37.487441,""lon"":127.100603,""alt"":0},""targetSpeed"":10,""seq"":13}","{""phase"":""K"",""startLLA"":{""lat"":37.487441,""lon"":127.100603,""alt"":0},""endLLA"":{""lat"":37.487441,""lon"":127.100603,""alt"":0},""targetSpeed"":3,""seq"":14}",,,,,,,
b4a2894cba5c,2026-06-20,FPL0308011,UAM0105,a2,2,2,1,상암,상암,사당,사당,17,gate-4,fato-1,gate-7,fato-4,17:33:29,17:42:29,17:49:33,17:56:53,18:06:53,540,424.41,440,1404.41,0,84.23,ready,상암 > 선유도 17고지 > 영등포 > 180고지 > 사당,13.4688,12,"{""phase"":""A"",""startLLA"":{""lat"":37.562282,""lon"":126.890156,""alt"":0},""endLLA"":{""lat"":37.562282,""lon"":126.890156,""alt"":0},""targetSpeed"":3,""seq"":1}","{""phase"":""B"",""startLLA"":{""lat"":37.562282,""lon"":126.890156,""alt"":0},""endLLA"":{""lat"":37.562282,""lon"":126.890156,""alt"":15},""targetSpeed"":10,""seq"":2}","{""phase"":""C"",""startLLA"":{""lat"":37.562282,""lon"":126.890156,""alt"":15},""endLLA"":{""lat"":37.552559,""lon"":126.896159,""alt"":100},""targetSpeed"":36,""seq"":3}","{""phase"":""E"",""startLLA"":{""lat"":37.552559,""lon"":126.896159,""alt"":100},""endLLA"":{""lat"":37.542307,""lon"":126.90249,""alt"":173.84},""targetSpeed"":51.4,""seq"":4}","{""phase"":""E"",""startLLA"":{""lat"":37.542307,""lon"":126.90249,""alt"":173.84},""endLLA"":{""lat"":37.52228,""lon"":126.906494,""alt"":305},""targetSpeed"":51.4,""seq"":5}","{""phase"":""F"",""startLLA"":{""lat"":37.52228,""lon"":126.906494,""alt"":305},""endLLA"":{""lat"":37.515965,""lon"":126.907756,""alt"":305},""targetSpeed"":51.4,""seq"":6}","{""phase"":""F"",""startLLA"":{""lat"":37.515965,""lon"":126.907756,""alt"":305},""endLLA"":{""lat"":37.494741,""lon"":126.936928,""alt"":305},""targetSpeed"":51.4,""seq"":7}","{""phase"":""G"",""startLLA"":{""lat"":37.494741,""lon"":126.936928,""alt"":305},""endLLA"":{""lat"":37.492877,""lon"":126.93949,""alt"":287.16},""targetSpeed"":36,""seq"":8}","{""phase"":""G"",""startLLA"":{""lat"":37.492877,""lon"":126.93949,""alt"":287.16},""endLLA"":{""lat"":37.479834,""lon"":126.972037,""alt"":100},""targetSpeed"":36,""seq"":9}","{""phase"":""I"",""startLLA"":{""lat"":37.479834,""lon"":126.972037,""alt"":100},""endLLA"":{""lat"":37.475767,""lon"":126.982185,""alt"":15},""targetSpeed"":30,""seq"":10}","{""phase"":""J"",""startLLA"":{""lat"":37.475767,""lon"":126.982185,""alt"":15},""endLLA"":{""lat"":37.475767,""lon"":126.982185,""alt"":0},""targetSpeed"":10,""seq"":11}","{""phase"":""K"",""startLLA"":{""lat"":37.475767,""lon"":126.982185,""alt"":0},""endLLA"":{""lat"":37.475767,""lon"":126.982185,""alt"":0},""targetSpeed"":3,""seq"":12}",,,,,,,,,
b4a2894cba5c,2026-06-20,FPL0306009,UAM0073,a2,2,2,1,상암,상암,미아,미아,17,gate-4,fato-1,gate-1,fato-3,17:53:36,18:03:42,18:18:50,18:27:10,18:37:10,606.45,907.89,500,2014.34,66.45,211.83,ready,상암 > 선유도 17고지 > 서강대교 중간지점 > 63빌딩 > 상도터널 > 이수고가차로 > 주흥교 > 성수대교 남단 > 왕십리역 > 청량리 > 신설동역 > 미아,31.761,19,"{""phase"":""A"",""startLLA"":{""lat"":37.562282,""lon"":126.890156,""alt"":0},""endLLA"":{""lat"":37.562282,""lon"":126.890156,""alt"":0},""targetSpeed"":3,""seq"":1}","{""phase"":""B"",""startLLA"":{""lat"":37.562282,""lon"":126.890156,""alt"":0},""endLLA"":{""lat"":37.562282,""lon"":126.890156,""alt"":15},""targetSpeed"":10,""seq"":2}","{""phase"":""C"",""startLLA"":{""lat"":37.562282,""lon"":126.890156,""alt"":15},""endLLA"":{""lat"":37.552561,""lon"":126.896158,""alt"":100},""targetSpeed"":36,""seq"":3}","{""phase"":""E"",""startLLA"":{""lat"":37.552561,""lon"":126.896158,""alt"":100},""endLLA"":{""lat"":37.542307,""lon"":126.90249,""alt"":173.87},""targetSpeed"":51.4,""seq"":4}","{""phase"":""E"",""startLLA"":{""lat"":37.542307,""lon"":126.90249,""alt"":173.87},""endLLA"":{""lat"":37.536949,""lon"":126.924908,""alt"":293.99},""targetSpeed"":51.4,""seq"":5}","{""phase"":""E"",""startLLA"":{""lat"":37.536949,""lon"":126.924908,""alt"":293.99},""endLLA"":{""lat"":37.535548,""lon"":126.926128,""alt"":305},""targetSpeed"":51.4,""seq"":6}","{""phase"":""F"",""startLLA"":{""lat"":37.535548,""lon"":126.926128,""alt"":305},""endLLA"":{""lat"":37.519378,""lon"":126.94021,""alt"":305},""targetSpeed"":51.4,""seq"":7}","{""phase"":""F"",""startLLA"":{""lat"":37.519378,""lon"":126.94021,""alt"":305},""endLLA"":{""lat"":37.508684,""lon"":126.95211,""alt"":305},""targetSpeed"":51.4,""seq"":8}","{""phase"":""F"",""startLLA"":{""lat"":37.508684,""lon"":126.95211,""alt"":305},""endLLA"":{""lat"":37.497738,""lon"":126.983721,""alt"":305},""targetSpeed"":51.4,""seq"":9}","{""phase"":""F"",""startLLA"":{""lat"":37.497738,""lon"":126.983721,""alt"":305},""endLLA"":{""lat"":37.509486,""lon"":127.016026,""alt"":305},""targetSpeed"":51.4,""seq"":10}","{""phase"":""F"",""startLLA"":{""lat"":37.509486,""lon"":127.016026,""alt"":305},""endLLA"":{""lat"":37.53537,""lon"":127.034503,""alt"":305},""targetSpeed"":51.4,""seq"":11}","{""phase"":""F"",""startLLA"":{""lat"":37.53537,""lon"":127.034503,""alt"":305},""endLLA"":{""lat"":37.561925,""lon"":127.038491,""alt"":305},""targetSpeed"":51.4,""seq"":12}","{""phase"":""F"",""startLLA"":{""lat"":37.561925,""lon"":127.038491,""alt"":305},""endLLA"":{""lat"":37.581542,""lon"":127.048947,""alt"":305},""targetSpeed"":51.4,""seq"":13}","{""phase"":""F"",""startLLA"":{""lat"":37.581542,""lon"":127.048947,""alt"":305},""endLLA"":{""lat"":37.575658,""lon"":127.02353,""alt"":305},""targetSpeed"":51.4,""seq"":14}","{""phase"":""F"",""startLLA"":{""lat"":37.575658,""lon"":127.02353,""alt"":305},""endLLA"":{""lat"":37.58953,""lon"":127.024172,""alt"":305},""targetSpeed"":51.4,""seq"":15}","{""phase"":""G"",""startLLA"":{""lat"":37.58953,""lon"":127.024172,""alt"":305},""endLLA"":{""lat"":37.621194,""lon"":127.025636,""alt"":100},""targetSpeed"":36,""seq"":16}","{""phase"":""I"",""startLLA"":{""lat"":37.621194,""lon"":127.025636,""alt"":100},""endLLA"":{""lat"":37.630207,""lon"":127.026053,""alt"":15},""targetSpeed"":30,""seq"":17}","{""phase"":""J"",""startLLA"":{""lat"":37.630207,""lon"":127.026053,""alt"":15},""endLLA"":{""lat"":37.630207,""lon"":127.026053,""alt"":0},""targetSpeed"":10,""seq"":18}","{""phase"":""K"",""startLLA"":{""lat"":37.630207,""lon"":127.026053,""alt"":0},""endLLA"":{""lat"":37.630207,""lon"":127.026053,""alt"":0},""targetSpeed"":3,""seq"":19}",,
b4a2894cba5c,2026-06-20,FPL0309014,UAM0071,a8,8,6,0.75,상암,상암,성수,성수,18,gate-8,fato-1,gate-2,fato-3,18:05:53,18:14:53,18:22:14,18:30:04,18:40:04,540,441.35,470,1451.35,0,0,ready,상암 > 선유도 17고지 > 서강대교 중간지점 > 63빌딩 > 상도터널 > 이수고가차로 > 주흥교 > 성수,18.6691,15,"{""phase"":""A"",""startLLA"":{""lat"":37.562282,""lon"":126.890156,""alt"":0},""endLLA"":{""lat"":37.562282,""lon"":126.890156,""alt"":0},""targetSpeed"":3,""seq"":1}","{""phase"":""B"",""startLLA"":{""lat"":37.562282,""lon"":126.890156,""alt"":0},""endLLA"":{""lat"":37.562282,""lon"":126.890156,""alt"":15},""targetSpeed"":10,""seq"":2}","{""phase"":""C"",""startLLA"":{""lat"":37.562282,""lon"":126.890156,""alt"":15},""endLLA"":{""lat"":37.55256,""lon"":126.896159,""alt"":100},""targetSpeed"":36,""seq"":3}","{""phase"":""E"",""startLLA"":{""lat"":37.55256,""lon"":126.896159,""alt"":100},""endLLA"":{""lat"":37.542307,""lon"":126.90249,""alt"":173.85},""targetSpeed"":51.4,""seq"":4}","{""phase"":""E"",""startLLA"":{""lat"":37.542307,""lon"":126.90249,""alt"":173.85},""endLLA"":{""lat"":37.536949,""lon"":126.924908,""alt"":293.95},""targetSpeed"":51.4,""seq"":5}","{""phase"":""E"",""startLLA"":{""lat"":37.536949,""lon"":126.924908,""alt"":293.95},""endLLA"":{""lat"":37.535544,""lon"":126.926131,""alt"":305},""targetSpeed"":51.4,""seq"":6}","{""phase"":""F"",""startLLA"":{""lat"":37.535544,""lon"":126.926131,""alt"":305},""endLLA"":{""lat"":37.519378,""lon"":126.94021,""alt"":305},""targetSpeed"":51.4,""seq"":7}","{""phase"":""F"",""startLLA"":{""lat"":37.519378,""lon"":126.94021,""alt"":305},""endLLA"":{""lat"":37.508684,""lon"":126.95211,""alt"":305},""targetSpeed"":51.4,""seq"":8}","{""phase"":""F"",""startLLA"":{""lat"":37.508684,""lon"":126.95211,""alt"":305},""endLLA"":{""lat"":37.497738,""lon"":126.983721,""alt"":305},""targetSpeed"":51.4,""seq"":9}","{""phase"":""F"",""startLLA"":{""lat"":37.497738,""lon"":126.983721,""alt"":305},""endLLA"":{""lat"":37.507423,""lon"":127.010353,""alt"":305},""targetSpeed"":51.4,""seq"":10}","{""phase"":""G"",""startLLA"":{""lat"":37.507423,""lon"":127.010353,""alt"":305},""endLLA"":{""lat"":37.509486,""lon"":127.016026,""alt"":272.98},""targetSpeed"":36,""seq"":11}","{""phase"":""G"",""startLLA"":{""lat"":37.509486,""lon"":127.016026,""alt"":272.98},""endLLA"":{""lat"":37.531493,""lon"":127.035175,""alt"":100},""targetSpeed"":36,""seq"":12}","{""phase"":""I"",""startLLA"":{""lat"":37.531493,""lon"":127.035175,""alt"":100},""endLLA"":{""lat"":37.538917,""lon"":127.041635,""alt"":15},""targetSpeed"":30,""seq"":13}","{""phase"":""J"",""startLLA"":{""lat"":37.538917,""lon"":127.041635,""alt"":15},""endLLA"":{""lat"":37.538917,""lon"":127.041635,""alt"":0},""targetSpeed"":10,""seq"":14}","{""phase"":""K"",""startLLA"":{""lat"":37.538917,""lon"":127.041635,""alt"":0},""endLLA"":{""lat"":37.538917,""lon"":127.041635,""alt"":0},""targetSpeed"":3,""seq"":15}",,,,,,
b4a2894cba5c,2026-06-20,FPL0308012,UAM0015,a8,8,5,0.625,상암,상암,사당,사당,18,gate-4,fato-2,gate-3,fato-3,18:11:14,18:20:21,18:26:02,18:33:22,18:43:22,547.93,340.18,440,1328.1,7.93,0,ready,상암 > 선유도 17고지 > 영등포 > 180고지 > 사당,13.4688,12,"{""phase"":""A"",""startLLA"":{""lat"":37.562282,""lon"":126.890156,""alt"":0},""endLLA"":{""lat"":37.562282,""lon"":126.890156,""alt"":0},""targetSpeed"":3,""seq"":1}","{""phase"":""B"",""startLLA"":{""lat"":37.562282,""lon"":126.890156,""alt"":0},""endLLA"":{""lat"":37.562282,""lon"":126.890156,""alt"":15},""targetSpeed"":10,""seq"":2}","{""phase"":""C"",""startLLA"":{""lat"":37.562282,""lon"":126.890156,""alt"":15},""endLLA"":{""lat"":37.552559,""lon"":126.896159,""alt"":100},""targetSpeed"":36,""seq"":3}","{""phase"":""E"",""startLLA"":{""lat"":37.552559,""lon"":126.896159,""alt"":100},""endLLA"":{""lat"":37.542307,""lon"":126.90249,""alt"":173.84},""targetSpeed"":51.4,""seq"":4}","{""phase"":""E"",""startLLA"":{""lat"":37.542307,""lon"":126.90249,""alt"":173.84},""endLLA"":{""lat"":37.52228,""lon"":126.906494,""alt"":305},""targetSpeed"":51.4,""seq"":5}","{""phase"":""F"",""startLLA"":{""lat"":37.52228,""lon"":126.906494,""alt"":305},""endLLA"":{""lat"":37.515965,""lon"":126.907756,""alt"":305},""targetSpeed"":51.4,""seq"":6}","{""phase"":""F"",""startLLA"":{""lat"":37.515965,""lon"":126.907756,""alt"":305},""endLLA"":{""lat"":37.494741,""lon"":126.936928,""alt"":305},""targetSpeed"":51.4,""seq"":7}","{""phase"":""G"",""startLLA"":{""lat"":37.494741,""lon"":126.936928,""alt"":305},""endLLA"":{""lat"":37.492877,""lon"":126.93949,""alt"":287.16},""targetSpeed"":36,""seq"":8}","{""phase"":""G"",""startLLA"":{""lat"":37.492877,""lon"":126.93949,""alt"":287.16},""endLLA"":{""lat"":37.479834,""lon"":126.972037,""alt"":100},""targetSpeed"":36,""seq"":9}","{""phase"":""I"",""startLLA"":{""lat"":37.479834,""lon"":126.972037,""alt"":100},""endLLA"":{""lat"":37.475767,""lon"":126.982185,""alt"":15},""targetSpeed"":30,""seq"":10}","{""phase"":""J"",""startLLA"":{""lat"":37.475767,""lon"":126.982185,""alt"":15},""endLLA"":{""lat"":37.475767,""lon"":126.982185,""alt"":0},""targetSpeed"":10,""seq"":11}","{""phase"":""K"",""startLLA"":{""lat"":37.475767,""lon"":126.982185,""alt"":0},""endLLA"":{""lat"":37.475767,""lon"":126.982185,""alt"":0},""targetSpeed"":3,""seq"":12}",,,,,,,,,
b4a2894cba5c,2026-06-20,FPL0316010,UAM0030,a6,6,4,0.6667,상암,상암,망우,망우,18,gate-3,fato-1,gate-7,fato-4,18:14:44,18:23:14,18:33:16,18:41:12,18:51:12,510,602.45,476.04,1588.49,0,36.04,ready,상암 > 선유도 17고지 > 서강대교 중간지점 > 63빌딩 > 상도터널 > 이수고가차로 > 주흥교 > 성수대교 남단 > 왕십리역 > 청량리 > 망우,26.9495,18,"{""phase"":""A"",""startLLA"":{""lat"":37.562282,""lon"":126.890156,""alt"":0},""endLLA"":{""lat"":37.562282,""lon"":126.890156,""alt"":0},""targetSpeed"":3,""seq"":1}","{""phase"":""B"",""startLLA"":{""lat"":37.562282,""lon"":126.890156,""alt"":0},""endLLA"":{""lat"":37.562282,""lon"":126.890156,""alt"":15},""targetSpeed"":10,""seq"":2}","{""phase"":""C"",""startLLA"":{""lat"":37.562282,""lon"":126.890156,""alt"":15},""endLLA"":{""lat"":37.552561,""lon"":126.896158,""alt"":100},""targetSpeed"":36,""seq"":3}","{""phase"":""E"",""startLLA"":{""lat"":37.552561,""lon"":126.896158,""alt"":100},""endLLA"":{""lat"":37.542307,""lon"":126.90249,""alt"":173.87},""targetSpeed"":51.4,""seq"":4}","{""phase"":""E"",""startLLA"":{""lat"":37.542307,""lon"":126.90249,""alt"":173.87},""endLLA"":{""lat"":37.536949,""lon"":126.924908,""alt"":293.99},""targetSpeed"":51.4,""seq"":5}","{""phase"":""E"",""startLLA"":{""lat"":37.536949,""lon"":126.924908,""alt"":293.99},""endLLA"":{""lat"":37.535549,""lon"":126.926127,""alt"":305},""targetSpeed"":51.4,""seq"":6}","{""phase"":""F"",""startLLA"":{""lat"":37.535549,""lon"":126.926127,""alt"":305},""endLLA"":{""lat"":37.519378,""lon"":126.94021,""alt"":305},""targetSpeed"":51.4,""seq"":7}","{""phase"":""F"",""startLLA"":{""lat"":37.519378,""lon"":126.94021,""alt"":305},""endLLA"":{""lat"":37.508684,""lon"":126.95211,""alt"":305},""targetSpeed"":51.4,""seq"":8}","{""phase"":""F"",""startLLA"":{""lat"":37.508684,""lon"":126.95211,""alt"":305},""endLLA"":{""lat"":37.497738,""lon"":126.983721,""alt"":305},""targetSpeed"":51.4,""seq"":9}","{""phase"":""F"",""startLLA"":{""lat"":37.497738,""lon"":126.983721,""alt"":305},""endLLA"":{""lat"":37.509486,""lon"":127.016026,""alt"":305},""targetSpeed"":51.4,""seq"":10}","{""phase"":""F"",""startLLA"":{""lat"":37.509486,""lon"":127.016026,""alt"":305},""endLLA"":{""lat"":37.53537,""lon"":127.034503,""alt"":305},""targetSpeed"":51.4,""seq"":11}","{""phase"":""F"",""startLLA"":{""lat"":37.53537,""lon"":127.034503,""alt"":305},""endLLA"":{""lat"":37.561925,""lon"":127.038491,""alt"":305},""targetSpeed"":51.4,""seq"":12}","{""phase"":""F"",""startLLA"":{""lat"":37.561925,""lon"":127.038491,""alt"":305},""endLLA"":{""lat"":37.573839,""lon"":127.044841,""alt"":305},""targetSpeed"":51.4,""seq"":13}","{""phase"":""G"",""startLLA"":{""lat"":37.573839,""lon"":127.044841,""alt"":305},""endLLA"":{""lat"":37.581542,""lon"":127.048947,""alt"":250.9},""targetSpeed"":36,""seq"":14}","{""phase"":""G"",""startLLA"":{""lat"":37.581542,""lon"":127.048947,""alt"":250.9},""endLLA"":{""lat"":37.592631,""lon"":127.074841,""alt"":100},""targetSpeed"":36,""seq"":15}","{""phase"":""I"",""startLLA"":{""lat"":37.592631,""lon"":127.074841,""alt"":100},""endLLA"":{""lat"":37.596919,""lon"":127.084854,""alt"":15},""targetSpeed"":30,""seq"":16}","{""phase"":""J"",""startLLA"":{""lat"":37.596919,""lon"":127.084854,""alt"":15},""endLLA"":{""lat"":37.596919,""lon"":127.084854,""alt"":0},""targetSpeed"":10,""seq"":17}","{""phase"":""K"",""startLLA"":{""lat"":37.596919,""lon"":127.084854,""alt"":0},""endLLA"":{""lat"":37.596919,""lon"":127.084854,""alt"":0},""targetSpeed"":3,""seq"":18}",,,
b4a2894cba5c,2026-06-20,FPL0317011,UAM0089,a2,2,2,1,상암,상암,수서,수서,18,gate-7,fato-2,gate-2,fato-4,18:20:43,18:29:13,18:42:02,18:49:52,18:59:52,510,769.46,470,1749.46,0,142.46,ready,상암 > 선유도 17고지 > 영등포 > 180고지 > 채석장 > 경부고속도로 양재천 다리 > 수서,24.374,14,"{""phase"":""A"",""startLLA"":{""lat"":37.562282,""lon"":126.890156,""alt"":0},""endLLA"":{""lat"":37.562282,""lon"":126.890156,""alt"":0},""targetSpeed"":3,""seq"":1}","{""phase"":""B"",""startLLA"":{""lat"":37.562282,""lon"":126.890156,""alt"":0},""endLLA"":{""lat"":37.562282,""lon"":126.890156,""alt"":15},""targetSpeed"":10,""seq"":2}","{""phase"":""C"",""startLLA"":{""lat"":37.562282,""lon"":126.890156,""alt"":15},""endLLA"":{""lat"":37.552557,""lon"":126.896161,""alt"":100},""targetSpeed"":36,""seq"":3}","{""phase"":""E"",""startLLA"":{""lat"":37.552557,""lon"":126.896161,""alt"":100},""endLLA"":{""lat"":37.542307,""lon"":126.90249,""alt"":173.8},""targetSpeed"":51.4,""seq"":4}","{""phase"":""E"",""startLLA"":{""lat"":37.542307,""lon"":126.90249,""alt"":173.8},""endLLA"":{""lat"":37.52227,""lon"":126.906496,""alt"":305},""targetSpeed"":51.4,""seq"":5}","{""phase"":""F"",""startLLA"":{""lat"":37.52227,""lon"":126.906496,""alt"":305},""endLLA"":{""lat"":37.515965,""lon"":126.907756,""alt"":305},""targetSpeed"":51.4,""seq"":6}","{""phase"":""F"",""startLLA"":{""lat"":37.515965,""lon"":126.907756,""alt"":305},""endLLA"":{""lat"":37.492877,""lon"":126.93949,""alt"":305},""targetSpeed"":51.4,""seq"":7}","{""phase"":""F"",""startLLA"":{""lat"":37.492877,""lon"":126.93949,""alt"":305},""endLLA"":{""lat"":37.471285,""lon"":126.985745,""alt"":305},""targetSpeed"":51.4,""seq"":8}","{""phase"":""F"",""startLLA"":{""lat"":37.471285,""lon"":126.985745,""alt"":305},""endLLA"":{""lat"":37.471593,""lon"":127.032031,""alt"":305},""targetSpeed"":51.4,""seq"":9}","{""phase"":""F"",""startLLA"":{""lat"":37.471593,""lon"":127.032031,""alt"":305},""endLLA"":{""lat"":37.476054,""lon"":127.051334,""alt"":305},""targetSpeed"":51.4,""seq"":10}","{""phase"":""G"",""startLLA"":{""lat"":37.476054,""lon"":127.051334,""alt"":305},""endLLA"":{""lat"":37.484918,""lon"":127.089686,""alt"":100},""targetSpeed"":36,""seq"":11}","{""phase"":""I"",""startLLA"":{""lat"":37.484918,""lon"":127.089686,""alt"":100},""endLLA"":{""lat"":37.487441,""lon"":127.100603,""alt"":15},""targetSpeed"":30,""seq"":12}","{""phase"":""J"",""startLLA"":{""lat"":37.487441,""lon"":127.100603,""alt"":15},""endLLA"":{""lat"":37.487441,""lon"":127.100603,""alt"":0},""targetSpeed"":10,""seq"":13}","{""phase"":""K"",""startLLA"":{""lat"":37.487441,""lon"":127.100603,""alt"":0},""endLLA"":{""lat"":37.487441,""lon"":127.100603,""alt"":0},""targetSpeed"":3,""seq"":14}",,,,,,,
b4a2894cba5c,2026-06-20,FPL0313018,UAM0032,a8,8,3,0.375,상암,상암,강남,강남,18,gate-2,fato-1,gate-8,fato-4,18:23:32,18:31:32,18:37:42,18:44:32,18:54:32,480,370.93,410,1260.93,0,0,ready,상암 > 선유도 17고지 > 서강대교 중간지점 > 63빌딩 > 상도터널 > 이수고가차로 > 강남,15.0491,14,"{""phase"":""A"",""startLLA"":{""lat"":37.562282,""lon"":126.890156,""alt"":0},""endLLA"":{""lat"":37.562282,""lon"":126.890156,""alt"":0},""targetSpeed"":3,""seq"":1}","{""phase"":""B"",""startLLA"":{""lat"":37.562282,""lon"":126.890156,""alt"":0},""endLLA"":{""lat"":37.562282,""lon"":126.890156,""alt"":15},""targetSpeed"":10,""seq"":2}","{""phase"":""C"",""startLLA"":{""lat"":37.562282,""lon"":126.890156,""alt"":15},""endLLA"":{""lat"":37.552559,""lon"":126.896159,""alt"":100},""targetSpeed"":36,""seq"":3}","{""phase"":""E"",""startLLA"":{""lat"":37.552559,""lon"":126.896159,""alt"":100},""endLLA"":{""lat"":37.542307,""lon"":126.90249,""alt"":173.84},""targetSpeed"":51.4,""seq"":4}","{""phase"":""E"",""startLLA"":{""lat"":37.542307,""lon"":126.90249,""alt"":173.84},""endLLA"":{""lat"":37.536949,""lon"":126.924908,""alt"":293.93},""targetSpeed"":51.4,""seq"":5}","{""phase"":""E"",""startLLA"":{""lat"":37.536949,""lon"":126.924908,""alt"":293.93},""endLLA"":{""lat"":37.535541,""lon"":126.926134,""alt"":305},""targetSpeed"":51.4,""seq"":6}","{""phase"":""F"",""startLLA"":{""lat"":37.535541,""lon"":126.926134,""alt"":305},""endLLA"":{""lat"":37.519378,""lon"":126.94021,""alt"":305},""targetSpeed"":51.4,""seq"":7}","{""phase"":""F"",""startLLA"":{""lat"":37.519378,""lon"":126.94021,""alt"":305},""endLLA"":{""lat"":37.508684,""lon"":126.95211,""alt"":305},""targetSpeed"":51.4,""seq"":8}","{""phase"":""F"",""startLLA"":{""lat"":37.508684,""lon"":126.95211,""alt"":305},""endLLA"":{""lat"":37.501448,""lon"":126.973006,""alt"":305},""targetSpeed"":51.4,""seq"":9}","{""phase"":""G"",""startLLA"":{""lat"":37.501448,""lon"":126.973006,""alt"":305},""endLLA"":{""lat"":37.497738,""lon"":126.983721,""alt"":245},""targetSpeed"":36,""seq"":10}","{""phase"":""G"",""startLLA"":{""lat"":37.497738,""lon"":126.983721,""alt"":245},""endLLA"":{""lat"":37.496706,""lon"":127.011945,""alt"":100},""targetSpeed"":36,""seq"":11}","{""phase"":""I"",""startLLA"":{""lat"":37.496706,""lon"":127.011945,""alt"":100},""endLLA"":{""lat"":37.496291,""lon"":127.023303,""alt"":15},""targetSpeed"":30,""seq"":12}","{""phase"":""J"",""startLLA"":{""lat"":37.496291,""lon"":127.023303,""alt"":15},""endLLA"":{""lat"":37.496291,""lon"":127.023303,""alt"":0},""targetSpeed"":10,""seq"":13}","{""phase"":""K"",""startLLA"":{""lat"":37.496291,""lon"":127.023303,""alt"":0},""endLLA"":{""lat"":37.496291,""lon"":127.023303,""alt"":0},""targetSpeed"":3,""seq"":14}",,,,,,,
b4a2894cba5c,2026-06-20,FPL0302013,UAM0100,a4,4,3,0.75,상암,상암,잠실,잠실,18,gate-8,fato-2,gate-3,fato-4,18:25:08,18:35:13,18:44:32,18:51:52,19:01:52,605,559.65,440,1604.65,65,0,ready,상암 > 선유도 17고지 > 영등포 > 180고지 > 채석장 > 경부고속도로 양재천 다리 > 대치교 > 잠실,24.7496,15,"{""phase"":""A"",""startLLA"":{""lat"":37.562282,""lon"":126.890156,""alt"":0},""endLLA"":{""lat"":37.562282,""lon"":126.890156,""alt"":0},""targetSpeed"":3,""seq"":1}","{""phase"":""B"",""startLLA"":{""lat"":37.562282,""lon"":126.890156,""alt"":0},""endLLA"":{""lat"":37.562282,""lon"":126.890156,""alt"":15},""targetSpeed"":10,""seq"":2}","{""phase"":""C"",""startLLA"":{""lat"":37.562282,""lon"":126.890156,""alt"":15},""endLLA"":{""lat"":37.552558,""lon"":126.89616,""alt"":100},""targetSpeed"":36,""seq"":3}","{""phase"":""E"",""startLLA"":{""lat"":37.552558,""lon"":126.89616,""alt"":100},""endLLA"":{""lat"":37.542307,""lon"":126.90249,""alt"":173.82},""targetSpeed"":51.4,""seq"":4}","{""phase"":""E"",""startLLA"":{""lat"":37.542307,""lon"":126.90249,""alt"":173.82},""endLLA"":{""lat"":37.522274,""lon"":126.906495,""alt"":305},""targetSpeed"":51.4,""seq"":5}","{""phase"":""F"",""startLLA"":{""lat"":37.522274,""lon"":126.906495,""alt"":305},""endLLA"":{""lat"":37.515965,""lon"":126.907756,""alt"":305},""targetSpeed"":51.4,""seq"":6}","{""phase"":""F"",""startLLA"":{""lat"":37.515965,""lon"":126.907756,""alt"":305},""endLLA"":{""lat"":37.492877,""lon"":126.93949,""alt"":305},""targetSpeed"":51.4,""seq"":7}","{""phase"":""F"",""startLLA"":{""lat"":37.492877,""lon"":126.93949,""alt"":305},""endLLA"":{""lat"":37.471285,""lon"":126.985745,""alt"":305},""targetSpeed"":51.4,""seq"":8}","{""phase"":""F"",""startLLA"":{""lat"":37.471285,""lon"":126.985745,""alt"":305},""endLLA"":{""lat"":37.471593,""lon"":127.032031,""alt"":305},""targetSpeed"":51.4,""seq"":9}","{""phase"":""F"",""startLLA"":{""lat"":37.471593,""lon"":127.032031,""alt"":305},""endLLA"":{""lat"":37.483532,""lon"":127.051156,""alt"":305},""targetSpeed"":51.4,""seq"":10}","{""phase"":""G"",""startLLA"":{""lat"":37.483532,""lon"":127.051156,""alt"":305},""endLLA"":{""lat"":37.497702,""lon"":127.073855,""alt"":156.78},""targetSpeed"":36,""seq"":11}","{""phase"":""G"",""startLLA"":{""lat"":37.497702,""lon"":127.073855,""alt"":156.78},""endLLA"":{""lat"":37.506268,""lon"":127.071432,""alt"":100},""targetSpeed"":36,""seq"":12}","{""phase"":""I"",""startLLA"":{""lat"":37.506268,""lon"":127.071432,""alt"":100},""endLLA"":{""lat"":37.515071,""lon"":127.068942,""alt"":15},""targetSpeed"":30,""seq"":13}","{""phase"":""J"",""startLLA"":{""lat"":37.515071,""lon"":127.068942,""alt"":15},""endLLA"":{""lat"":37.515071,""lon"":127.068942,""alt"":0},""targetSpeed"":10,""seq"":14}","{""phase"":""K"",""startLLA"":{""lat"":37.515071,""lon"":127.068942,""alt"":0},""endLLA"":{""lat"":37.515071,""lon"":127.068942,""alt"":0},""targetSpeed"":3,""seq"":15}",,,,,,
b4a2894cba5c,2026-06-20,FPL0311015,UAM0075,a4,4,3,0.75,상암,상암,천호,천호,18,gate-4,fato-1,gate-1,fato-3,18:33:12,18:42:12,18:54:09,19:02:29,19:12:29,540,717.41,500,1757.41,0,120.87,ready,상암 > 선유도 17고지 > 서강대교 중간지점 > 63빌딩 > 상도터널 > 이수고가차로 > 주흥교 > 성수대교 남단 > 청담대교 중간지점 > 잠실대교 중간지점 > 천호,26.6459,18,"{""phase"":""A"",""startLLA"":{""lat"":37.562282,""lon"":126.890156,""alt"":0},""endLLA"":{""lat"":37.562282,""lon"":126.890156,""alt"":0},""targetSpeed"":3,""seq"":1}","{""phase"":""B"",""startLLA"":{""lat"":37.562282,""lon"":126.890156,""alt"":0},""endLLA"":{""lat"":37.562282,""lon"":126.890156,""alt"":15},""targetSpeed"":10,""seq"":2}","{""phase"":""C"",""startLLA"":{""lat"":37.562282,""lon"":126.890156,""alt"":15},""endLLA"":{""lat"":37.55256,""lon"":126.896159,""alt"":100},""targetSpeed"":36,""seq"":3}","{""phase"":""E"",""startLLA"":{""lat"":37.55256,""lon"":126.896159,""alt"":100},""endLLA"":{""lat"":37.542307,""lon"":126.90249,""alt"":173.85},""targetSpeed"":51.4,""seq"":4}","{""phase"":""E"",""startLLA"":{""lat"":37.542307,""lon"":126.90249,""alt"":173.85},""endLLA"":{""lat"":37.536949,""lon"":126.924908,""alt"":293.96},""targetSpeed"":51.4,""seq"":5}","{""phase"":""E"",""startLLA"":{""lat"":37.536949,""lon"":126.924908,""alt"":293.96},""endLLA"":{""lat"":37.535545,""lon"":126.926131,""alt"":305},""targetSpeed"":51.4,""seq"":6}","{""phase"":""F"",""startLLA"":{""lat"":37.535545,""lon"":126.926131,""alt"":305},""endLLA"":{""lat"":37.519378,""lon"":126.94021,""alt"":305},""targetSpeed"":51.4,""seq"":7}","{""phase"":""F"",""startLLA"":{""lat"":37.519378,""lon"":126.94021,""alt"":305},""endLLA"":{""lat"":37.508684,""lon"":126.95211,""alt"":305},""targetSpeed"":51.4,""seq"":8}","{""phase"":""F"",""startLLA"":{""lat"":37.508684,""lon"":126.95211,""alt"":305},""endLLA"":{""lat"":37.497738,""lon"":126.983721,""alt"":305},""targetSpeed"":51.4,""seq"":9}","{""phase"":""F"",""startLLA"":{""lat"":37.497738,""lon"":126.983721,""alt"":305},""endLLA"":{""lat"":37.509486,""lon"":127.016026,""alt"":305},""targetSpeed"":51.4,""seq"":10}","{""phase"":""F"",""startLLA"":{""lat"":37.509486,""lon"":127.016026,""alt"":305},""endLLA"":{""lat"":37.53537,""lon"":127.034503,""alt"":305},""targetSpeed"":51.4,""seq"":11}","{""phase"":""F"",""startLLA"":{""lat"":37.53537,""lon"":127.034503,""alt"":305},""endLLA"":{""lat"":37.526451,""lon"":127.064361,""alt"":305},""targetSpeed"":51.4,""seq"":12}","{""phase"":""F"",""startLLA"":{""lat"":37.526451,""lon"":127.064361,""alt"":305},""endLLA"":{""lat"":37.52529,""lon"":127.079002,""alt"":305},""targetSpeed"":51.4,""seq"":13}","{""phase"":""G"",""startLLA"":{""lat"":37.52529,""lon"":127.079002,""alt"":305},""endLLA"":{""lat"":37.524288,""lon"":127.091639,""alt"":239.84},""targetSpeed"":36,""seq"":14}","{""phase"":""G"",""startLLA"":{""lat"":37.524288,""lon"":127.091639,""alt"":239.84},""endLLA"":{""lat"":37.539419,""lon"":127.111107,""alt"":100},""targetSpeed"":36,""seq"":15}","{""phase"":""I"",""startLLA"":{""lat"":37.539419,""lon"":127.111107,""alt"":100},""endLLA"":{""lat"":37.545733,""lon"":127.11923,""alt"":15},""targetSpeed"":30,""seq"":16}","{""phase"":""J"",""startLLA"":{""lat"":37.545733,""lon"":127.11923,""alt"":15},""endLLA"":{""lat"":37.545733,""lon"":127.11923,""alt"":0},""targetSpeed"":10,""seq"":17}","{""phase"":""K"",""startLLA"":{""lat"":37.545733,""lon"":127.11923,""alt"":0},""endLLA"":{""lat"":37.545733,""lon"":127.11923,""alt"":0},""targetSpeed"":3,""seq"":18}",,,
b4a2894cba5c,2026-06-20,FPL0317012,UAM0136,a8,8,2,0.25,상암,상암,수서,수서,18,gate-3,fato-2,gate-8,fato-3,18:34:47,18:43:17,18:52:29,18:59:19,19:09:19,510,552.34,410,1472.34,0,0,ready,상암 > 선유도 17고지 > 영등포 > 180고지 > 채석장 > 경부고속도로 양재천 다리 > 수서,24.374,14,"{""phase"":""A"",""startLLA"":{""lat"":37.562282,""lon"":126.890156,""alt"":0},""endLLA"":{""lat"":37.562282,""lon"":126.890156,""alt"":0},""targetSpeed"":3,""seq"":1}","{""phase"":""B"",""startLLA"":{""lat"":37.562282,""lon"":126.890156,""alt"":0},""endLLA"":{""lat"":37.562282,""lon"":126.890156,""alt"":15},""targetSpeed"":10,""seq"":2}","{""phase"":""C"",""startLLA"":{""lat"":37.562282,""lon"":126.890156,""alt"":15},""endLLA"":{""lat"":37.552557,""lon"":126.896161,""alt"":100},""targetSpeed"":36,""seq"":3}","{""phase"":""E"",""startLLA"":{""lat"":37.552557,""lon"":126.896161,""alt"":100},""endLLA"":{""lat"":37.542307,""lon"":126.90249,""alt"":173.8},""targetSpeed"":51.4,""seq"":4}","{""phase"":""E"",""startLLA"":{""lat"":37.542307,""lon"":126.90249,""alt"":173.8},""endLLA"":{""lat"":37.52227,""lon"":126.906496,""alt"":305},""targetSpeed"":51.4,""seq"":5}","{""phase"":""F"",""startLLA"":{""lat"":37.52227,""lon"":126.906496,""alt"":305},""endLLA"":{""lat"":37.515965,""lon"":126.907756,""alt"":305},""targetSpeed"":51.4,""seq"":6}","{""phase"":""F"",""startLLA"":{""lat"":37.515965,""lon"":126.907756,""alt"":305},""endLLA"":{""lat"":37.492877,""lon"":126.93949,""alt"":305},""targetSpeed"":51.4,""seq"":7}","{""phase"":""F"",""startLLA"":{""lat"":37.492877,""lon"":126.93949,""alt"":305},""endLLA"":{""lat"":37.471285,""lon"":126.985745,""alt"":305},""targetSpeed"":51.4,""seq"":8}","{""phase"":""F"",""startLLA"":{""lat"":37.471285,""lon"":126.985745,""alt"":305},""endLLA"":{""lat"":37.471593,""lon"":127.032031,""alt"":305},""targetSpeed"":51.4,""seq"":9}","{""phase"":""F"",""startLLA"":{""lat"":37.471593,""lon"":127.032031,""alt"":305},""endLLA"":{""lat"":37.476054,""lon"":127.051334,""alt"":305},""targetSpeed"":51.4,""seq"":10}","{""phase"":""G"",""startLLA"":{""lat"":37.476054,""lon"":127.051334,""alt"":305},""endLLA"":{""lat"":37.484918,""lon"":127.089686,""alt"":100},""targetSpeed"":36,""seq"":11}","{""phase"":""I"",""startLLA"":{""lat"":37.484918,""lon"":127.089686,""alt"":100},""endLLA"":{""lat"":37.487441,""lon"":127.100603,""alt"":15},""targetSpeed"":30,""seq"":12}","{""phase"":""J"",""startLLA"":{""lat"":37.487441,""lon"":127.100603,""alt"":15},""endLLA"":{""lat"":37.487441,""lon"":127.100603,""alt"":0},""targetSpeed"":10,""seq"":13}","{""phase"":""K"",""startLLA"":{""lat"":37.487441,""lon"":127.100603,""alt"":0},""endLLA"":{""lat"":37.487441,""lon"":127.100603,""alt"":0},""targetSpeed"":3,""seq"":14}",,,,,,,
b4a2894cba5c,2026-06-20,FPL0313019,UAM0129,a2,2,2,1,상암,상암,강남,강남,19,gate-4,fato-1,gate-7,fato-4,19:00:00,19:09:00,19:15:10,19:22:30,19:32:30,540,370.93,440,1350.93,0,0,ready,상암 > 선유도 17고지 > 서강대교 중간지점 > 63빌딩 > 상도터널 > 이수고가차로 > 강남,15.0491,14,"{""phase"":""A"",""startLLA"":{""lat"":37.562282,""lon"":126.890156,""alt"":0},""endLLA"":{""lat"":37.562282,""lon"":126.890156,""alt"":0},""targetSpeed"":3,""seq"":1}","{""phase"":""B"",""startLLA"":{""lat"":37.562282,""lon"":126.890156,""alt"":0},""endLLA"":{""lat"":37.562282,""lon"":126.890156,""alt"":15},""targetSpeed"":10,""seq"":2}","{""phase"":""C"",""startLLA"":{""lat"":37.562282,""lon"":126.890156,""alt"":15},""endLLA"":{""lat"":37.552559,""lon"":126.896159,""alt"":100},""targetSpeed"":36,""seq"":3}","{""phase"":""E"",""startLLA"":{""lat"":37.552559,""lon"":126.896159,""alt"":100},""endLLA"":{""lat"":37.542307,""lon"":126.90249,""alt"":173.84},""targetSpeed"":51.4,""seq"":4}","{""phase"":""E"",""startLLA"":{""lat"":37.542307,""lon"":126.90249,""alt"":173.84},""endLLA"":{""lat"":37.536949,""lon"":126.924908,""alt"":293.93},""targetSpeed"":51.4,""seq"":5}","{""phase"":""E"",""startLLA"":{""lat"":37.536949,""lon"":126.924908,""alt"":293.93},""endLLA"":{""lat"":37.535541,""lon"":126.926134,""alt"":305},""targetSpeed"":51.4,""seq"":6}","{""phase"":""F"",""startLLA"":{""lat"":37.535541,""lon"":126.926134,""alt"":305},""endLLA"":{""lat"":37.519378,""lon"":126.94021,""alt"":305},""targetSpeed"":51.4,""seq"":7}","{""phase"":""F"",""startLLA"":{""lat"":37.519378,""lon"":126.94021,""alt"":305},""endLLA"":{""lat"":37.508684,""lon"":126.95211,""alt"":305},""targetSpeed"":51.4,""seq"":8}","{""phase"":""F"",""startLLA"":{""lat"":37.508684,""lon"":126.95211,""alt"":305},""endLLA"":{""lat"":37.501448,""lon"":126.973006,""alt"":305},""targetSpeed"":51.4,""seq"":9}","{""phase"":""G"",""startLLA"":{""lat"":37.501448,""lon"":126.973006,""alt"":305},""endLLA"":{""lat"":37.497738,""lon"":126.983721,""alt"":245},""targetSpeed"":36,""seq"":10}","{""phase"":""G"",""startLLA"":{""lat"":37.497738,""lon"":126.983721,""alt"":245},""endLLA"":{""lat"":37.496706,""lon"":127.011945,""alt"":100},""targetSpeed"":36,""seq"":11}","{""phase"":""I"",""startLLA"":{""lat"":37.496706,""lon"":127.011945,""alt"":100},""endLLA"":{""lat"":37.496291,""lon"":127.023303,""alt"":15},""targetSpeed"":30,""seq"":12}","{""phase"":""J"",""startLLA"":{""lat"":37.496291,""lon"":127.023303,""alt"":15},""endLLA"":{""lat"":37.496291,""lon"":127.023303,""alt"":0},""targetSpeed"":10,""seq"":13}","{""phase"":""K"",""startLLA"":{""lat"":37.496291,""lon"":127.023303,""alt"":0},""endLLA"":{""lat"":37.496291,""lon"":127.023303,""alt"":0},""targetSpeed"":3,""seq"":14}",,,,,,,
b4a2894cba5c,2026-06-20,FPL0306010,UAM0113,a2,2,2,1,상암,상암,미아,미아,19,gate-8,fato-1,gate-8,fato-3,19:10:06,19:19:06,19:30:42,19:37:32,19:47:32,540,696.06,410,1646.06,0,0,ready,상암 > 선유도 17고지 > 서강대교 중간지점 > 63빌딩 > 상도터널 > 이수고가차로 > 주흥교 > 성수대교 남단 > 왕십리역 > 청량리 > 신설동역 > 미아,31.761,19,"{""phase"":""A"",""startLLA"":{""lat"":37.562282,""lon"":126.890156,""alt"":0},""endLLA"":{""lat"":37.562282,""lon"":126.890156,""alt"":0},""targetSpeed"":3,""seq"":1}","{""phase"":""B"",""startLLA"":{""lat"":37.562282,""lon"":126.890156,""alt"":0},""endLLA"":{""lat"":37.562282,""lon"":126.890156,""alt"":15},""targetSpeed"":10,""seq"":2}","{""phase"":""C"",""startLLA"":{""lat"":37.562282,""lon"":126.890156,""alt"":15},""endLLA"":{""lat"":37.552561,""lon"":126.896158,""alt"":100},""targetSpeed"":36,""seq"":3}","{""phase"":""E"",""startLLA"":{""lat"":37.552561,""lon"":126.896158,""alt"":100},""endLLA"":{""lat"":37.542307,""lon"":126.90249,""alt"":173.87},""targetSpeed"":51.4,""seq"":4}","{""phase"":""E"",""startLLA"":{""lat"":37.542307,""lon"":126.90249,""alt"":173.87},""endLLA"":{""lat"":37.536949,""lon"":126.924908,""alt"":293.99},""targetSpeed"":51.4,""seq"":5}","{""phase"":""E"",""startLLA"":{""lat"":37.536949,""lon"":126.924908,""alt"":293.99},""endLLA"":{""lat"":37.535548,""lon"":126.926128,""alt"":305},""targetSpeed"":51.4,""seq"":6}","{""phase"":""F"",""startLLA"":{""lat"":37.535548,""lon"":126.926128,""alt"":305},""endLLA"":{""lat"":37.519378,""lon"":126.94021,""alt"":305},""targetSpeed"":51.4,""seq"":7}","{""phase"":""F"",""startLLA"":{""lat"":37.519378,""lon"":126.94021,""alt"":305},""endLLA"":{""lat"":37.508684,""lon"":126.95211,""alt"":305},""targetSpeed"":51.4,""seq"":8}","{""phase"":""F"",""startLLA"":{""lat"":37.508684,""lon"":126.95211,""alt"":305},""endLLA"":{""lat"":37.497738,""lon"":126.983721,""alt"":305},""targetSpeed"":51.4,""seq"":9}","{""phase"":""F"",""startLLA"":{""lat"":37.497738,""lon"":126.983721,""alt"":305},""endLLA"":{""lat"":37.509486,""lon"":127.016026,""alt"":305},""targetSpeed"":51.4,""seq"":10}","{""phase"":""F"",""startLLA"":{""lat"":37.509486,""lon"":127.016026,""alt"":305},""endLLA"":{""lat"":37.53537,""lon"":127.034503,""alt"":305},""targetSpeed"":51.4,""seq"":11}","{""phase"":""F"",""startLLA"":{""lat"":37.53537,""lon"":127.034503,""alt"":305},""endLLA"":{""lat"":37.561925,""lon"":127.038491,""alt"":305},""targetSpeed"":51.4,""seq"":12}","{""phase"":""F"",""startLLA"":{""lat"":37.561925,""lon"":127.038491,""alt"":305},""endLLA"":{""lat"":37.581542,""lon"":127.048947,""alt"":305},""targetSpeed"":51.4,""seq"":13}","{""phase"":""F"",""startLLA"":{""lat"":37.581542,""lon"":127.048947,""alt"":305},""endLLA"":{""lat"":37.575658,""lon"":127.02353,""alt"":305},""targetSpeed"":51.4,""seq"":14}","{""phase"":""F"",""startLLA"":{""lat"":37.575658,""lon"":127.02353,""alt"":305},""endLLA"":{""lat"":37.58953,""lon"":127.024172,""alt"":305},""targetSpeed"":51.4,""seq"":15}","{""phase"":""G"",""startLLA"":{""lat"":37.58953,""lon"":127.024172,""alt"":305},""endLLA"":{""lat"":37.621194,""lon"":127.025636,""alt"":100},""targetSpeed"":36,""seq"":16}","{""phase"":""I"",""startLLA"":{""lat"":37.621194,""lon"":127.025636,""alt"":100},""endLLA"":{""lat"":37.630207,""lon"":127.026053,""alt"":15},""targetSpeed"":30,""seq"":17}","{""phase"":""J"",""startLLA"":{""lat"":37.630207,""lon"":127.026053,""alt"":15},""endLLA"":{""lat"":37.630207,""lon"":127.026053,""alt"":0},""targetSpeed"":10,""seq"":18}","{""phase"":""K"",""startLLA"":{""lat"":37.630207,""lon"":127.026053,""alt"":0},""endLLA"":{""lat"":37.630207,""lon"":127.026053,""alt"":0},""targetSpeed"":3,""seq"":19}",,
b4a2894cba5c,2026-06-20,FPL0306011,UAM0019,a4,4,4,1,상암,상암,미아,미아,19,gate-4,fato-1,gate-1,fato-4,19:20:24,19:29:24,19:44:16,19:52:36,20:02:36,540,892.14,500,1932.14,0,196.09,ready,상암 > 선유도 17고지 > 서강대교 중간지점 > 63빌딩 > 상도터널 > 이수고가차로 > 주흥교 > 성수대교 남단 > 왕십리역 > 청량리 > 신설동역 > 미아,31.761,19,"{""phase"":""A"",""startLLA"":{""lat"":37.562282,""lon"":126.890156,""alt"":0},""endLLA"":{""lat"":37.562282,""lon"":126.890156,""alt"":0},""targetSpeed"":3,""seq"":1}","{""phase"":""B"",""startLLA"":{""lat"":37.562282,""lon"":126.890156,""alt"":0},""endLLA"":{""lat"":37.562282,""lon"":126.890156,""alt"":15},""targetSpeed"":10,""seq"":2}","{""phase"":""C"",""startLLA"":{""lat"":37.562282,""lon"":126.890156,""alt"":15},""endLLA"":{""lat"":37.552561,""lon"":126.896158,""alt"":100},""targetSpeed"":36,""seq"":3}","{""phase"":""E"",""startLLA"":{""lat"":37.552561,""lon"":126.896158,""alt"":100},""endLLA"":{""lat"":37.542307,""lon"":126.90249,""alt"":173.87},""targetSpeed"":51.4,""seq"":4}","{""phase"":""E"",""startLLA"":{""lat"":37.542307,""lon"":126.90249,""alt"":173.87},""endLLA"":{""lat"":37.536949,""lon"":126.924908,""alt"":293.99},""targetSpeed"":51.4,""seq"":5}","{""phase"":""E"",""startLLA"":{""lat"":37.536949,""lon"":126.924908,""alt"":293.99},""endLLA"":{""lat"":37.535548,""lon"":126.926128,""alt"":305},""targetSpeed"":51.4,""seq"":6}","{""phase"":""F"",""startLLA"":{""lat"":37.535548,""lon"":126.926128,""alt"":305},""endLLA"":{""lat"":37.519378,""lon"":126.94021,""alt"":305},""targetSpeed"":51.4,""seq"":7}","{""phase"":""F"",""startLLA"":{""lat"":37.519378,""lon"":126.94021,""alt"":305},""endLLA"":{""lat"":37.508684,""lon"":126.95211,""alt"":305},""targetSpeed"":51.4,""seq"":8}","{""phase"":""F"",""startLLA"":{""lat"":37.508684,""lon"":126.95211,""alt"":305},""endLLA"":{""lat"":37.497738,""lon"":126.983721,""alt"":305},""targetSpeed"":51.4,""seq"":9}","{""phase"":""F"",""startLLA"":{""lat"":37.497738,""lon"":126.983721,""alt"":305},""endLLA"":{""lat"":37.509486,""lon"":127.016026,""alt"":305},""targetSpeed"":51.4,""seq"":10}","{""phase"":""F"",""startLLA"":{""lat"":37.509486,""lon"":127.016026,""alt"":305},""endLLA"":{""lat"":37.53537,""lon"":127.034503,""alt"":305},""targetSpeed"":51.4,""seq"":11}","{""phase"":""F"",""startLLA"":{""lat"":37.53537,""lon"":127.034503,""alt"":305},""endLLA"":{""lat"":37.561925,""lon"":127.038491,""alt"":305},""targetSpeed"":51.4,""seq"":12}","{""phase"":""F"",""startLLA"":{""lat"":37.561925,""lon"":127.038491,""alt"":305},""endLLA"":{""lat"":37.581542,""lon"":127.048947,""alt"":305},""targetSpeed"":51.4,""seq"":13}","{""phase"":""F"",""startLLA"":{""lat"":37.581542,""lon"":127.048947,""alt"":305},""endLLA"":{""lat"":37.575658,""lon"":127.02353,""alt"":305},""targetSpeed"":51.4,""seq"":14}","{""phase"":""F"",""startLLA"":{""lat"":37.575658,""lon"":127.02353,""alt"":305},""endLLA"":{""lat"":37.58953,""lon"":127.024172,""alt"":305},""targetSpeed"":51.4,""seq"":15}","{""phase"":""G"",""startLLA"":{""lat"":37.58953,""lon"":127.024172,""alt"":305},""endLLA"":{""lat"":37.621194,""lon"":127.025636,""alt"":100},""targetSpeed"":36,""seq"":16}","{""phase"":""I"",""startLLA"":{""lat"":37.621194,""lon"":127.025636,""alt"":100},""endLLA"":{""lat"":37.630207,""lon"":127.026053,""alt"":15},""targetSpeed"":30,""seq"":17}","{""phase"":""J"",""startLLA"":{""lat"":37.630207,""lon"":127.026053,""alt"":15},""endLLA"":{""lat"":37.630207,""lon"":127.026053,""alt"":0},""targetSpeed"":10,""seq"":18}","{""phase"":""K"",""startLLA"":{""lat"":37.630207,""lon"":127.026053,""alt"":0},""endLLA"":{""lat"":37.630207,""lon"":127.026053,""alt"":0},""targetSpeed"":3,""seq"":19}",,
b4a2894cba5c,2026-06-20,FPL0313020,UAM0062,a6,6,4,0.6667,상암,상암,강남,강남,19,gate-3,fato-2,gate-4,fato-3,19:25:53,19:34:23,19:40:33,19:47:23,19:57:23,510,370.93,410,1290.93,0,0,ready,상암 > 선유도 17고지 > 서강대교 중간지점 > 63빌딩 > 상도터널 > 이수고가차로 > 강남,15.0491,14,"{""phase"":""A"",""startLLA"":{""lat"":37.562282,""lon"":126.890156,""alt"":0},""endLLA"":{""lat"":37.562282,""lon"":126.890156,""alt"":0},""targetSpeed"":3,""seq"":1}","{""phase"":""B"",""startLLA"":{""lat"":37.562282,""lon"":126.890156,""alt"":0},""endLLA"":{""lat"":37.562282,""lon"":126.890156,""alt"":15},""targetSpeed"":10,""seq"":2}","{""phase"":""C"",""startLLA"":{""lat"":37.562282,""lon"":126.890156,""alt"":15},""endLLA"":{""lat"":37.552559,""lon"":126.896159,""alt"":100},""targetSpeed"":36,""seq"":3}","{""phase"":""E"",""startLLA"":{""lat"":37.552559,""lon"":126.896159,""alt"":100},""endLLA"":{""lat"":37.542307,""lon"":126.90249,""alt"":173.84},""targetSpeed"":51.4,""seq"":4}","{""phase"":""E"",""startLLA"":{""lat"":37.542307,""lon"":126.90249,""alt"":173.84},""endLLA"":{""lat"":37.536949,""lon"":126.924908,""alt"":293.93},""targetSpeed"":51.4,""seq"":5}","{""phase"":""E"",""startLLA"":{""lat"":37.536949,""lon"":126.924908,""alt"":293.93},""endLLA"":{""lat"":37.535541,""lon"":126.926134,""alt"":305},""targetSpeed"":51.4,""seq"":6}","{""phase"":""F"",""startLLA"":{""lat"":37.535541,""lon"":126.926134,""alt"":305},""endLLA"":{""lat"":37.519378,""lon"":126.94021,""alt"":305},""targetSpeed"":51.4,""seq"":7}","{""phase"":""F"",""startLLA"":{""lat"":37.519378,""lon"":126.94021,""alt"":305},""endLLA"":{""lat"":37.508684,""lon"":126.95211,""alt"":305},""targetSpeed"":51.4,""seq"":8}","{""phase"":""F"",""startLLA"":{""lat"":37.508684,""lon"":126.95211,""alt"":305},""endLLA"":{""lat"":37.501448,""lon"":126.973006,""alt"":305},""targetSpeed"":51.4,""seq"":9}","{""phase"":""G"",""startLLA"":{""lat"":37.501448,""lon"":126.973006,""alt"":305},""endLLA"":{""lat"":37.497738,""lon"":126.983721,""alt"":245},""targetSpeed"":36,""seq"":10}","{""phase"":""G"",""startLLA"":{""lat"":37.497738,""lon"":126.983721,""alt"":245},""endLLA"":{""lat"":37.496706,""lon"":127.011945,""alt"":100},""targetSpeed"":36,""seq"":11}","{""phase"":""I"",""startLLA"":{""lat"":37.496706,""lon"":127.011945,""alt"":100},""endLLA"":{""lat"":37.496291,""lon"":127.023303,""alt"":15},""targetSpeed"":30,""seq"":12}","{""phase"":""J"",""startLLA"":{""lat"":37.496291,""lon"":127.023303,""alt"":15},""endLLA"":{""lat"":37.496291,""lon"":127.023303,""alt"":0},""targetSpeed"":10,""seq"":13}","{""phase"":""K"",""startLLA"":{""lat"":37.496291,""lon"":127.023303,""alt"":0},""endLLA"":{""lat"":37.496291,""lon"":127.023303,""alt"":0},""targetSpeed"":3,""seq"":14}",,,,,,,
b4a2894cba5c,2026-06-20,FPL0309015,UAM0104,a8,8,2,0.25,상암,상암,성수,성수,19,gate-4,fato-1,gate-8,fato-3,19:50:07,19:59:07,20:06:28,20:13:18,20:23:18,540,441.35,410,1391.35,0,0,ready,상암 > 선유도 17고지 > 서강대교 중간지점 > 63빌딩 > 상도터널 > 이수고가차로 > 주흥교 > 성수,18.6691,15,"{""phase"":""A"",""startLLA"":{""lat"":37.562282,""lon"":126.890156,""alt"":0},""endLLA"":{""lat"":37.562282,""lon"":126.890156,""alt"":0},""targetSpeed"":3,""seq"":1}","{""phase"":""B"",""startLLA"":{""lat"":37.562282,""lon"":126.890156,""alt"":0},""endLLA"":{""lat"":37.562282,""lon"":126.890156,""alt"":15},""targetSpeed"":10,""seq"":2}","{""phase"":""C"",""startLLA"":{""lat"":37.562282,""lon"":126.890156,""alt"":15},""endLLA"":{""lat"":37.55256,""lon"":126.896159,""alt"":100},""targetSpeed"":36,""seq"":3}","{""phase"":""E"",""startLLA"":{""lat"":37.55256,""lon"":126.896159,""alt"":100},""endLLA"":{""lat"":37.542307,""lon"":126.90249,""alt"":173.85},""targetSpeed"":51.4,""seq"":4}","{""phase"":""E"",""startLLA"":{""lat"":37.542307,""lon"":126.90249,""alt"":173.85},""endLLA"":{""lat"":37.536949,""lon"":126.924908,""alt"":293.95},""targetSpeed"":51.4,""seq"":5}","{""phase"":""E"",""startLLA"":{""lat"":37.536949,""lon"":126.924908,""alt"":293.95},""endLLA"":{""lat"":37.535544,""lon"":126.926131,""alt"":305},""targetSpeed"":51.4,""seq"":6}","{""phase"":""F"",""startLLA"":{""lat"":37.535544,""lon"":126.926131,""alt"":305},""endLLA"":{""lat"":37.519378,""lon"":126.94021,""alt"":305},""targetSpeed"":51.4,""seq"":7}","{""phase"":""F"",""startLLA"":{""lat"":37.519378,""lon"":126.94021,""alt"":305},""endLLA"":{""lat"":37.508684,""lon"":126.95211,""alt"":305},""targetSpeed"":51.4,""seq"":8}","{""phase"":""F"",""startLLA"":{""lat"":37.508684,""lon"":126.95211,""alt"":305},""endLLA"":{""lat"":37.497738,""lon"":126.983721,""alt"":305},""targetSpeed"":51.4,""seq"":9}","{""phase"":""F"",""startLLA"":{""lat"":37.497738,""lon"":126.983721,""alt"":305},""endLLA"":{""lat"":37.507423,""lon"":127.010353,""alt"":305},""targetSpeed"":51.4,""seq"":10}","{""phase"":""G"",""startLLA"":{""lat"":37.507423,""lon"":127.010353,""alt"":305},""endLLA"":{""lat"":37.509486,""lon"":127.016026,""alt"":272.98},""targetSpeed"":36,""seq"":11}","{""phase"":""G"",""startLLA"":{""lat"":37.509486,""lon"":127.016026,""alt"":272.98},""endLLA"":{""lat"":37.531493,""lon"":127.035175,""alt"":100},""targetSpeed"":36,""seq"":12}","{""phase"":""I"",""startLLA"":{""lat"":37.531493,""lon"":127.035175,""alt"":100},""endLLA"":{""lat"":37.538917,""lon"":127.041635,""alt"":15},""targetSpeed"":30,""seq"":13}","{""phase"":""J"",""startLLA"":{""lat"":37.538917,""lon"":127.041635,""alt"":15},""endLLA"":{""lat"":37.538917,""lon"":127.041635,""alt"":0},""targetSpeed"":10,""seq"":14}","{""phase"":""K"",""startLLA"":{""lat"":37.538917,""lon"":127.041635,""alt"":0},""endLLA"":{""lat"":37.538917,""lon"":127.041635,""alt"":0},""targetSpeed"":3,""seq"":15}",,,,,,
b4a2894cba5c,2026-06-20,FPL0308013,UAM0031,a8,8,1,0.125,상암,상암,사당,사당,19,gate-8,fato-1,gate-4,fato-3,19:59:23,20:08:31,20:14:11,20:21:01,20:31:01,548.35,340.18,410,1298.53,8.35,0,ready,상암 > 선유도 17고지 > 영등포 > 180고지 > 사당,13.4688,12,"{""phase"":""A"",""startLLA"":{""lat"":37.562282,""lon"":126.890156,""alt"":0},""endLLA"":{""lat"":37.562282,""lon"":126.890156,""alt"":0},""targetSpeed"":3,""seq"":1}","{""phase"":""B"",""startLLA"":{""lat"":37.562282,""lon"":126.890156,""alt"":0},""endLLA"":{""lat"":37.562282,""lon"":126.890156,""alt"":15},""targetSpeed"":10,""seq"":2}","{""phase"":""C"",""startLLA"":{""lat"":37.562282,""lon"":126.890156,""alt"":15},""endLLA"":{""lat"":37.552559,""lon"":126.896159,""alt"":100},""targetSpeed"":36,""seq"":3}","{""phase"":""E"",""startLLA"":{""lat"":37.552559,""lon"":126.896159,""alt"":100},""endLLA"":{""lat"":37.542307,""lon"":126.90249,""alt"":173.84},""targetSpeed"":51.4,""seq"":4}","{""phase"":""E"",""startLLA"":{""lat"":37.542307,""lon"":126.90249,""alt"":173.84},""endLLA"":{""lat"":37.52228,""lon"":126.906494,""alt"":305},""targetSpeed"":51.4,""seq"":5}","{""phase"":""F"",""startLLA"":{""lat"":37.52228,""lon"":126.906494,""alt"":305},""endLLA"":{""lat"":37.515965,""lon"":126.907756,""alt"":305},""targetSpeed"":51.4,""seq"":6}","{""phase"":""F"",""startLLA"":{""lat"":37.515965,""lon"":126.907756,""alt"":305},""endLLA"":{""lat"":37.494741,""lon"":126.936928,""alt"":305},""targetSpeed"":51.4,""seq"":7}","{""phase"":""G"",""startLLA"":{""lat"":37.494741,""lon"":126.936928,""alt"":305},""endLLA"":{""lat"":37.492877,""lon"":126.93949,""alt"":287.16},""targetSpeed"":36,""seq"":8}","{""phase"":""G"",""startLLA"":{""lat"":37.492877,""lon"":126.93949,""alt"":287.16},""endLLA"":{""lat"":37.479834,""lon"":126.972037,""alt"":100},""targetSpeed"":36,""seq"":9}","{""phase"":""I"",""startLLA"":{""lat"":37.479834,""lon"":126.972037,""alt"":100},""endLLA"":{""lat"":37.475767,""lon"":126.982185,""alt"":15},""targetSpeed"":30,""seq"":10}","{""phase"":""J"",""startLLA"":{""lat"":37.475767,""lon"":126.982185,""alt"":15},""endLLA"":{""lat"":37.475767,""lon"":126.982185,""alt"":0},""targetSpeed"":10,""seq"":11}","{""phase"":""K"",""startLLA"":{""lat"":37.475767,""lon"":126.982185,""alt"":0},""endLLA"":{""lat"":37.475767,""lon"":126.982185,""alt"":0},""targetSpeed"":3,""seq"":12}",,,,,,,,,
b4a2894cba5c,2026-06-20,FPL0311016,UAM0003,a4,4,4,1,상암,상암,천호,천호,20,gate-3,fato-2,gate-8,fato-4,20:03:10,20:12:16,20:22:13,20:29:03,20:39:03,546.99,596.54,410,1553.53,36.99,0,ready,상암 > 선유도 17고지 > 서강대교 중간지점 > 63빌딩 > 상도터널 > 이수고가차로 > 주흥교 > 성수대교 남단 > 청담대교 중간지점 > 잠실대교 중간지점 > 천호,26.6459,18,"{""phase"":""A"",""startLLA"":{""lat"":37.562282,""lon"":126.890156,""alt"":0},""endLLA"":{""lat"":37.562282,""lon"":126.890156,""alt"":0},""targetSpeed"":3,""seq"":1}","{""phase"":""B"",""startLLA"":{""lat"":37.562282,""lon"":126.890156,""alt"":0},""endLLA"":{""lat"":37.562282,""lon"":126.890156,""alt"":15},""targetSpeed"":10,""seq"":2}","{""phase"":""C"",""startLLA"":{""lat"":37.562282,""lon"":126.890156,""alt"":15},""endLLA"":{""lat"":37.55256,""lon"":126.896159,""alt"":100},""targetSpeed"":36,""seq"":3}","{""phase"":""E"",""startLLA"":{""lat"":37.55256,""lon"":126.896159,""alt"":100},""endLLA"":{""lat"":37.542307,""lon"":126.90249,""alt"":173.85},""targetSpeed"":51.4,""seq"":4}","{""phase"":""E"",""startLLA"":{""lat"":37.542307,""lon"":126.90249,""alt"":173.85},""endLLA"":{""lat"":37.536949,""lon"":126.924908,""alt"":293.96},""targetSpeed"":51.4,""seq"":5}","{""phase"":""E"",""startLLA"":{""lat"":37.536949,""lon"":126.924908,""alt"":293.96},""endLLA"":{""lat"":37.535545,""lon"":126.926131,""alt"":305},""targetSpeed"":51.4,""seq"":6}","{""phase"":""F"",""startLLA"":{""lat"":37.535545,""lon"":126.926131,""alt"":305},""endLLA"":{""lat"":37.519378,""lon"":126.94021,""alt"":305},""targetSpeed"":51.4,""seq"":7}","{""phase"":""F"",""startLLA"":{""lat"":37.519378,""lon"":126.94021,""alt"":305},""endLLA"":{""lat"":37.508684,""lon"":126.95211,""alt"":305},""targetSpeed"":51.4,""seq"":8}","{""phase"":""F"",""startLLA"":{""lat"":37.508684,""lon"":126.95211,""alt"":305},""endLLA"":{""lat"":37.497738,""lon"":126.983721,""alt"":305},""targetSpeed"":51.4,""seq"":9}","{""phase"":""F"",""startLLA"":{""lat"":37.497738,""lon"":126.983721,""alt"":305},""endLLA"":{""lat"":37.509486,""lon"":127.016026,""alt"":305},""targetSpeed"":51.4,""seq"":10}","{""phase"":""F"",""startLLA"":{""lat"":37.509486,""lon"":127.016026,""alt"":305},""endLLA"":{""lat"":37.53537,""lon"":127.034503,""alt"":305},""targetSpeed"":51.4,""seq"":11}","{""phase"":""F"",""startLLA"":{""lat"":37.53537,""lon"":127.034503,""alt"":305},""endLLA"":{""lat"":37.526451,""lon"":127.064361,""alt"":305},""targetSpeed"":51.4,""seq"":12}","{""phase"":""F"",""startLLA"":{""lat"":37.526451,""lon"":127.064361,""alt"":305},""endLLA"":{""lat"":37.52529,""lon"":127.079002,""alt"":305},""targetSpeed"":51.4,""seq"":13}","{""phase"":""G"",""startLLA"":{""lat"":37.52529,""lon"":127.079002,""alt"":305},""endLLA"":{""lat"":37.524288,""lon"":127.091639,""alt"":239.84},""targetSpeed"":36,""seq"":14}","{""phase"":""G"",""startLLA"":{""lat"":37.524288,""lon"":127.091639,""alt"":239.84},""endLLA"":{""lat"":37.539419,""lon"":127.111107,""alt"":100},""targetSpeed"":36,""seq"":15}","{""phase"":""I"",""startLLA"":{""lat"":37.539419,""lon"":127.111107,""alt"":100},""endLLA"":{""lat"":37.545733,""lon"":127.11923,""alt"":15},""targetSpeed"":30,""seq"":16}","{""phase"":""J"",""startLLA"":{""lat"":37.545733,""lon"":127.11923,""alt"":15},""endLLA"":{""lat"":37.545733,""lon"":127.11923,""alt"":0},""targetSpeed"":10,""seq"":17}","{""phase"":""K"",""startLLA"":{""lat"":37.545733,""lon"":127.11923,""alt"":0},""endLLA"":{""lat"":37.545733,""lon"":127.11923,""alt"":0},""targetSpeed"":3,""seq"":18}",,,
b4a2894cba5c,2026-06-20,FPL0313021,UAM0110,a6,6,3,0.5,상암,상암,강남,강남,20,gate-4,fato-1,gate-7,fato-4,20:08:34,20:17:34,20:23:44,20:31:04,20:41:04,540,370.93,440,1350.93,0,0,ready,상암 > 선유도 17고지 > 서강대교 중간지점 > 63빌딩 > 상도터널 > 이수고가차로 > 강남,15.0491,14,"{""phase"":""A"",""startLLA"":{""lat"":37.562282,""lon"":126.890156,""alt"":0},""endLLA"":{""lat"":37.562282,""lon"":126.890156,""alt"":0},""targetSpeed"":3,""seq"":1}","{""phase"":""B"",""startLLA"":{""lat"":37.562282,""lon"":126.890156,""alt"":0},""endLLA"":{""lat"":37.562282,""lon"":126.890156,""alt"":15},""targetSpeed"":10,""seq"":2}","{""phase"":""C"",""startLLA"":{""lat"":37.562282,""lon"":126.890156,""alt"":15},""endLLA"":{""lat"":37.552559,""lon"":126.896159,""alt"":100},""targetSpeed"":36,""seq"":3}","{""phase"":""E"",""startLLA"":{""lat"":37.552559,""lon"":126.896159,""alt"":100},""endLLA"":{""lat"":37.542307,""lon"":126.90249,""alt"":173.84},""targetSpeed"":51.4,""seq"":4}","{""phase"":""E"",""startLLA"":{""lat"":37.542307,""lon"":126.90249,""alt"":173.84},""endLLA"":{""lat"":37.536949,""lon"":126.924908,""alt"":293.93},""targetSpeed"":51.4,""seq"":5}","{""phase"":""E"",""startLLA"":{""lat"":37.536949,""lon"":126.924908,""alt"":293.93},""endLLA"":{""lat"":37.535541,""lon"":126.926134,""alt"":305},""targetSpeed"":51.4,""seq"":6}","{""phase"":""F"",""startLLA"":{""lat"":37.535541,""lon"":126.926134,""alt"":305},""endLLA"":{""lat"":37.519378,""lon"":126.94021,""alt"":305},""targetSpeed"":51.4,""seq"":7}","{""phase"":""F"",""startLLA"":{""lat"":37.519378,""lon"":126.94021,""alt"":305},""endLLA"":{""lat"":37.508684,""lon"":126.95211,""alt"":305},""targetSpeed"":51.4,""seq"":8}","{""phase"":""F"",""startLLA"":{""lat"":37.508684,""lon"":126.95211,""alt"":305},""endLLA"":{""lat"":37.501448,""lon"":126.973006,""alt"":305},""targetSpeed"":51.4,""seq"":9}","{""phase"":""G"",""startLLA"":{""lat"":37.501448,""lon"":126.973006,""alt"":305},""endLLA"":{""lat"":37.497738,""lon"":126.983721,""alt"":245},""targetSpeed"":36,""seq"":10}","{""phase"":""G"",""startLLA"":{""lat"":37.497738,""lon"":126.983721,""alt"":245},""endLLA"":{""lat"":37.496706,""lon"":127.011945,""alt"":100},""targetSpeed"":36,""seq"":11}","{""phase"":""I"",""startLLA"":{""lat"":37.496706,""lon"":127.011945,""alt"":100},""endLLA"":{""lat"":37.496291,""lon"":127.023303,""alt"":15},""targetSpeed"":30,""seq"":12}","{""phase"":""J"",""startLLA"":{""lat"":37.496291,""lon"":127.023303,""alt"":15},""endLLA"":{""lat"":37.496291,""lon"":127.023303,""alt"":0},""targetSpeed"":10,""seq"":13}","{""phase"":""K"",""startLLA"":{""lat"":37.496291,""lon"":127.023303,""alt"":0},""endLLA"":{""lat"":37.496291,""lon"":127.023303,""alt"":0},""targetSpeed"":3,""seq"":14}",,,,,,,
b4a2894cba5c,2026-06-20,FPL0317013,UAM0056,a8,8,3,0.375,상암,상암,수서,수서,20,gate-7,fato-2,gate-6,fato-3,20:11:12,20:19:42,20:29:59,20:37:49,20:47:49,510,617.77,470,1597.77,0,65.43,ready,상암 > 선유도 17고지 > 영등포 > 180고지 > 채석장 > 경부고속도로 양재천 다리 > 수서,24.374,14,"{""phase"":""A"",""startLLA"":{""lat"":37.562282,""lon"":126.890156,""alt"":0},""endLLA"":{""lat"":37.562282,""lon"":126.890156,""alt"":0},""targetSpeed"":3,""seq"":1}","{""phase"":""B"",""startLLA"":{""lat"":37.562282,""lon"":126.890156,""alt"":0},""endLLA"":{""lat"":37.562282,""lon"":126.890156,""alt"":15},""targetSpeed"":10,""seq"":2}","{""phase"":""C"",""startLLA"":{""lat"":37.562282,""lon"":126.890156,""alt"":15},""endLLA"":{""lat"":37.552557,""lon"":126.896161,""alt"":100},""targetSpeed"":36,""seq"":3}","{""phase"":""E"",""startLLA"":{""lat"":37.552557,""lon"":126.896161,""alt"":100},""endLLA"":{""lat"":37.542307,""lon"":126.90249,""alt"":173.8},""targetSpeed"":51.4,""seq"":4}","{""phase"":""E"",""startLLA"":{""lat"":37.542307,""lon"":126.90249,""alt"":173.8},""endLLA"":{""lat"":37.52227,""lon"":126.906496,""alt"":305},""targetSpeed"":51.4,""seq"":5}","{""phase"":""F"",""startLLA"":{""lat"":37.52227,""lon"":126.906496,""alt"":305},""endLLA"":{""lat"":37.515965,""lon"":126.907756,""alt"":305},""targetSpeed"":51.4,""seq"":6}","{""phase"":""F"",""startLLA"":{""lat"":37.515965,""lon"":126.907756,""alt"":305},""endLLA"":{""lat"":37.492877,""lon"":126.93949,""alt"":305},""targetSpeed"":51.4,""seq"":7}","{""phase"":""F"",""startLLA"":{""lat"":37.492877,""lon"":126.93949,""alt"":305},""endLLA"":{""lat"":37.471285,""lon"":126.985745,""alt"":305},""targetSpeed"":51.4,""seq"":8}","{""phase"":""F"",""startLLA"":{""lat"":37.471285,""lon"":126.985745,""alt"":305},""endLLA"":{""lat"":37.471593,""lon"":127.032031,""alt"":305},""targetSpeed"":51.4,""seq"":9}","{""phase"":""F"",""startLLA"":{""lat"":37.471593,""lon"":127.032031,""alt"":305},""endLLA"":{""lat"":37.476054,""lon"":127.051334,""alt"":305},""targetSpeed"":51.4,""seq"":10}","{""phase"":""G"",""startLLA"":{""lat"":37.476054,""lon"":127.051334,""alt"":305},""endLLA"":{""lat"":37.484918,""lon"":127.089686,""alt"":100},""targetSpeed"":36,""seq"":11}","{""phase"":""I"",""startLLA"":{""lat"":37.484918,""lon"":127.089686,""alt"":100},""endLLA"":{""lat"":37.487441,""lon"":127.100603,""alt"":15},""targetSpeed"":30,""seq"":12}","{""phase"":""J"",""startLLA"":{""lat"":37.487441,""lon"":127.100603,""alt"":15},""endLLA"":{""lat"":37.487441,""lon"":127.100603,""alt"":0},""targetSpeed"":10,""seq"":13}","{""phase"":""K"",""startLLA"":{""lat"":37.487441,""lon"":127.100603,""alt"":0},""endLLA"":{""lat"":37.487441,""lon"":127.100603,""alt"":0},""targetSpeed"":3,""seq"":14}",,,,,,,
b4a2894cba5c,2026-06-20,FPL0316011,UAM0038,a6,6,2,0.3333,상암,상암,망우,망우,20,gate-2,fato-1,gate-8,fato-4,20:15:27,20:23:34,21:00:46,21:08:16,21:18:16,487,2232,450,3169,7,40,ready,상암 > 선유도 17고지 > 서강대교 중간지점 > 63빌딩 > 상도터널 > 이수고가차로 > 주흥교 > 성수대교 남단 > 왕십리역 > 청량리 > 망우,26.9495,18,"{""phase"":""A"",""startLLA"":{""lat"":37.562282,""lon"":126.890156,""alt"":0},""endLLA"":{""lat"":37.562282,""lon"":126.890156,""alt"":0},""targetSpeed"":3,""seq"":1}","{""phase"":""B"",""startLLA"":{""lat"":37.562282,""lon"":126.890156,""alt"":0},""endLLA"":{""lat"":37.562282,""lon"":126.890156,""alt"":15},""targetSpeed"":10,""seq"":2}","{""phase"":""C"",""startLLA"":{""lat"":37.562282,""lon"":126.890156,""alt"":15},""endLLA"":{""lat"":37.552561,""lon"":126.896158,""alt"":100},""targetSpeed"":36,""seq"":3}","{""phase"":""E"",""startLLA"":{""lat"":37.552561,""lon"":126.896158,""alt"":100},""endLLA"":{""lat"":37.542307,""lon"":126.90249,""alt"":173.87},""targetSpeed"":51.4,""seq"":4}","{""phase"":""E"",""startLLA"":{""lat"":37.542307,""lon"":126.90249,""alt"":173.87},""endLLA"":{""lat"":37.536949,""lon"":126.924908,""alt"":293.99},""targetSpeed"":51.4,""seq"":5}","{""phase"":""E"",""startLLA"":{""lat"":37.536949,""lon"":126.924908,""alt"":293.99},""endLLA"":{""lat"":37.535549,""lon"":126.926127,""alt"":305},""targetSpeed"":51.4,""seq"":6}","{""phase"":""F"",""startLLA"":{""lat"":37.535549,""lon"":126.926127,""alt"":305},""endLLA"":{""lat"":37.519378,""lon"":126.94021,""alt"":305},""targetSpeed"":51.4,""seq"":7}","{""phase"":""F"",""startLLA"":{""lat"":37.519378,""lon"":126.94021,""alt"":305},""endLLA"":{""lat"":37.508684,""lon"":126.95211,""alt"":305},""targetSpeed"":51.4,""seq"":8}","{""phase"":""F"",""startLLA"":{""lat"":37.508684,""lon"":126.95211,""alt"":305},""endLLA"":{""lat"":37.497738,""lon"":126.983721,""alt"":305},""targetSpeed"":51.4,""seq"":9}","{""phase"":""F"",""startLLA"":{""lat"":37.497738,""lon"":126.983721,""alt"":305},""endLLA"":{""lat"":37.509486,""lon"":127.016026,""alt"":305},""targetSpeed"":51.4,""seq"":10}","{""phase"":""F"",""startLLA"":{""lat"":37.509486,""lon"":127.016026,""alt"":305},""endLLA"":{""lat"":37.53537,""lon"":127.034503,""alt"":305},""targetSpeed"":51.4,""seq"":11}","{""phase"":""F"",""startLLA"":{""lat"":37.53537,""lon"":127.034503,""alt"":305},""endLLA"":{""lat"":37.561925,""lon"":127.038491,""alt"":305},""targetSpeed"":51.4,""seq"":12}","{""phase"":""F"",""startLLA"":{""lat"":37.561925,""lon"":127.038491,""alt"":305},""endLLA"":{""lat"":37.573839,""lon"":127.044841,""alt"":305},""targetSpeed"":51.4,""seq"":13}","{""phase"":""G"",""startLLA"":{""lat"":37.573839,""lon"":127.044841,""alt"":305},""endLLA"":{""lat"":37.581542,""lon"":127.048947,""alt"":250.9},""targetSpeed"":36,""seq"":14}","{""phase"":""G"",""startLLA"":{""lat"":37.581542,""lon"":127.048947,""alt"":250.9},""endLLA"":{""lat"":37.592631,""lon"":127.074841,""alt"":100},""targetSpeed"":36,""seq"":15}","{""phase"":""I"",""startLLA"":{""lat"":37.592631,""lon"":127.074841,""alt"":100},""endLLA"":{""lat"":37.596919,""lon"":127.084854,""alt"":15},""targetSpeed"":30,""seq"":16}","{""phase"":""J"",""startLLA"":{""lat"":37.596919,""lon"":127.084854,""alt"":15},""endLLA"":{""lat"":37.596919,""lon"":127.084854,""alt"":0},""targetSpeed"":10,""seq"":17}","{""phase"":""K"",""startLLA"":{""lat"":37.596919,""lon"":127.084854,""alt"":0},""endLLA"":{""lat"":37.596919,""lon"":127.084854,""alt"":0},""targetSpeed"":3,""seq"":18}",,,
b4a2894cba5c,2026-06-20,FPL0309016,UAM0121,a2,2,2,1,상암,상암,성수,성수,20,gate-8,fato-1,gate-3,fato-4,20:25:52,20:34:52,20:42:13,20:49:33,20:59:33,540,441.35,440,1421.35,0,0,ready,상암 > 선유도 17고지 > 서강대교 중간지점 > 63빌딩 > 상도터널 > 이수고가차로 > 주흥교 > 성수,18.6691,15,"{""phase"":""A"",""startLLA"":{""lat"":37.562282,""lon"":126.890156,""alt"":0},""endLLA"":{""lat"":37.562282,""lon"":126.890156,""alt"":0},""targetSpeed"":3,""seq"":1}","{""phase"":""B"",""startLLA"":{""lat"":37.562282,""lon"":126.890156,""alt"":0},""endLLA"":{""lat"":37.562282,""lon"":126.890156,""alt"":15},""targetSpeed"":10,""seq"":2}","{""phase"":""C"",""startLLA"":{""lat"":37.562282,""lon"":126.890156,""alt"":15},""endLLA"":{""lat"":37.55256,""lon"":126.896159,""alt"":100},""targetSpeed"":36,""seq"":3}","{""phase"":""E"",""startLLA"":{""lat"":37.55256,""lon"":126.896159,""alt"":100},""endLLA"":{""lat"":37.542307,""lon"":126.90249,""alt"":173.85},""targetSpeed"":51.4,""seq"":4}","{""phase"":""E"",""startLLA"":{""lat"":37.542307,""lon"":126.90249,""alt"":173.85},""endLLA"":{""lat"":37.536949,""lon"":126.924908,""alt"":293.95},""targetSpeed"":51.4,""seq"":5}","{""phase"":""E"",""startLLA"":{""lat"":37.536949,""lon"":126.924908,""alt"":293.95},""endLLA"":{""lat"":37.535544,""lon"":126.926131,""alt"":305},""targetSpeed"":51.4,""seq"":6}","{""phase"":""F"",""startLLA"":{""lat"":37.535544,""lon"":126.926131,""alt"":305},""endLLA"":{""lat"":37.519378,""lon"":126.94021,""alt"":305},""targetSpeed"":51.4,""seq"":7}","{""phase"":""F"",""startLLA"":{""lat"":37.519378,""lon"":126.94021,""alt"":305},""endLLA"":{""lat"":37.508684,""lon"":126.95211,""alt"":305},""targetSpeed"":51.4,""seq"":8}","{""phase"":""F"",""startLLA"":{""lat"":37.508684,""lon"":126.95211,""alt"":305},""endLLA"":{""lat"":37.497738,""lon"":126.983721,""alt"":305},""targetSpeed"":51.4,""seq"":9}","{""phase"":""F"",""startLLA"":{""lat"":37.497738,""lon"":126.983721,""alt"":305},""endLLA"":{""lat"":37.507423,""lon"":127.010353,""alt"":305},""targetSpeed"":51.4,""seq"":10}","{""phase"":""G"",""startLLA"":{""lat"":37.507423,""lon"":127.010353,""alt"":305},""endLLA"":{""lat"":37.509486,""lon"":127.016026,""alt"":272.98},""targetSpeed"":36,""seq"":11}","{""phase"":""G"",""startLLA"":{""lat"":37.509486,""lon"":127.016026,""alt"":272.98},""endLLA"":{""lat"":37.531493,""lon"":127.035175,""alt"":100},""targetSpeed"":36,""seq"":12}","{""phase"":""I"",""startLLA"":{""lat"":37.531493,""lon"":127.035175,""alt"":100},""endLLA"":{""lat"":37.538917,""lon"":127.041635,""alt"":15},""targetSpeed"":30,""seq"":13}","{""phase"":""J"",""startLLA"":{""lat"":37.538917,""lon"":127.041635,""alt"":15},""endLLA"":{""lat"":37.538917,""lon"":127.041635,""alt"":0},""targetSpeed"":10,""seq"":14}","{""phase"":""K"",""startLLA"":{""lat"":37.538917,""lon"":127.041635,""alt"":0},""endLLA"":{""lat"":37.538917,""lon"":127.041635,""alt"":0},""targetSpeed"":3,""seq"":15}",,,,,,
b4a2894cba5c,2026-06-20,FPL0302014,UAM0133,a6,6,2,0.3333,상암,상암,잠실,잠실,21,gate-4,fato-1,gate-4,fato-3,21:00:00,21:09:00,21:18:19,21:25:09,21:35:09,540,559.65,410,1509.65,0,0,ready,상암 > 선유도 17고지 > 영등포 > 180고지 > 채석장 > 경부고속도로 양재천 다리 > 대치교 > 잠실,24.7496,15,"{""phase"":""A"",""startLLA"":{""lat"":37.562282,""lon"":126.890156,""alt"":0},""endLLA"":{""lat"":37.562282,""lon"":126.890156,""alt"":0},""targetSpeed"":3,""seq"":1}","{""phase"":""B"",""startLLA"":{""lat"":37.562282,""lon"":126.890156,""alt"":0},""endLLA"":{""lat"":37.562282,""lon"":126.890156,""alt"":15},""targetSpeed"":10,""seq"":2}","{""phase"":""C"",""startLLA"":{""lat"":37.562282,""lon"":126.890156,""alt"":15},""endLLA"":{""lat"":37.552558,""lon"":126.89616,""alt"":100},""targetSpeed"":36,""seq"":3}","{""phase"":""E"",""startLLA"":{""lat"":37.552558,""lon"":126.89616,""alt"":100},""endLLA"":{""lat"":37.542307,""lon"":126.90249,""alt"":173.82},""targetSpeed"":51.4,""seq"":4}","{""phase"":""E"",""startLLA"":{""lat"":37.542307,""lon"":126.90249,""alt"":173.82},""endLLA"":{""lat"":37.522274,""lon"":126.906495,""alt"":305},""targetSpeed"":51.4,""seq"":5}","{""phase"":""F"",""startLLA"":{""lat"":37.522274,""lon"":126.906495,""alt"":305},""endLLA"":{""lat"":37.515965,""lon"":126.907756,""alt"":305},""targetSpeed"":51.4,""seq"":6}","{""phase"":""F"",""startLLA"":{""lat"":37.515965,""lon"":126.907756,""alt"":305},""endLLA"":{""lat"":37.492877,""lon"":126.93949,""alt"":305},""targetSpeed"":51.4,""seq"":7}","{""phase"":""F"",""startLLA"":{""lat"":37.492877,""lon"":126.93949,""alt"":305},""endLLA"":{""lat"":37.471285,""lon"":126.985745,""alt"":305},""targetSpeed"":51.4,""seq"":8}","{""phase"":""F"",""startLLA"":{""lat"":37.471285,""lon"":126.985745,""alt"":305},""endLLA"":{""lat"":37.471593,""lon"":127.032031,""alt"":305},""targetSpeed"":51.4,""seq"":9}","{""phase"":""F"",""startLLA"":{""lat"":37.471593,""lon"":127.032031,""alt"":305},""endLLA"":{""lat"":37.483532,""lon"":127.051156,""alt"":305},""targetSpeed"":51.4,""seq"":10}","{""phase"":""G"",""startLLA"":{""lat"":37.483532,""lon"":127.051156,""alt"":305},""endLLA"":{""lat"":37.497702,""lon"":127.073855,""alt"":156.78},""targetSpeed"":36,""seq"":11}","{""phase"":""G"",""startLLA"":{""lat"":37.497702,""lon"":127.073855,""alt"":156.78},""endLLA"":{""lat"":37.506268,""lon"":127.071432,""alt"":100},""targetSpeed"":36,""seq"":12}","{""phase"":""I"",""startLLA"":{""lat"":37.506268,""lon"":127.071432,""alt"":100},""endLLA"":{""lat"":37.515071,""lon"":127.068942,""alt"":15},""targetSpeed"":30,""seq"":13}","{""phase"":""J"",""startLLA"":{""lat"":37.515071,""lon"":127.068942,""alt"":15},""endLLA"":{""lat"":37.515071,""lon"":127.068942,""alt"":0},""targetSpeed"":10,""seq"":14}","{""phase"":""K"",""startLLA"":{""lat"":37.515071,""lon"":127.068942,""alt"":0},""endLLA"":{""lat"":37.515071,""lon"":127.068942,""alt"":0},""targetSpeed"":3,""seq"":15}",,,,,,
b4a2894cba5c,2026-06-20,FPL0309017,UAM0024,a8,8,1,0.125,상암,상암,성수,성수,21,gate-8,fato-1,gate-5,fato-4,21:08:03,21:17:03,21:24:24,21:32:44,21:42:44,540,441.35,500,1481.35,0,0,ready,상암 > 선유도 17고지 > 서강대교 중간지점 > 63빌딩 > 상도터널 > 이수고가차로 > 주흥교 > 성수,18.6691,15,"{""phase"":""A"",""startLLA"":{""lat"":37.562282,""lon"":126.890156,""alt"":0},""endLLA"":{""lat"":37.562282,""lon"":126.890156,""alt"":0},""targetSpeed"":3,""seq"":1}","{""phase"":""B"",""startLLA"":{""lat"":37.562282,""lon"":126.890156,""alt"":0},""endLLA"":{""lat"":37.562282,""lon"":126.890156,""alt"":15},""targetSpeed"":10,""seq"":2}","{""phase"":""C"",""startLLA"":{""lat"":37.562282,""lon"":126.890156,""alt"":15},""endLLA"":{""lat"":37.55256,""lon"":126.896159,""alt"":100},""targetSpeed"":36,""seq"":3}","{""phase"":""E"",""startLLA"":{""lat"":37.55256,""lon"":126.896159,""alt"":100},""endLLA"":{""lat"":37.542307,""lon"":126.90249,""alt"":173.85},""targetSpeed"":51.4,""seq"":4}","{""phase"":""E"",""startLLA"":{""lat"":37.542307,""lon"":126.90249,""alt"":173.85},""endLLA"":{""lat"":37.536949,""lon"":126.924908,""alt"":293.95},""targetSpeed"":51.4,""seq"":5}","{""phase"":""E"",""startLLA"":{""lat"":37.536949,""lon"":126.924908,""alt"":293.95},""endLLA"":{""lat"":37.535544,""lon"":126.926131,""alt"":305},""targetSpeed"":51.4,""seq"":6}","{""phase"":""F"",""startLLA"":{""lat"":37.535544,""lon"":126.926131,""alt"":305},""endLLA"":{""lat"":37.519378,""lon"":126.94021,""alt"":305},""targetSpeed"":51.4,""seq"":7}","{""phase"":""F"",""startLLA"":{""lat"":37.519378,""lon"":126.94021,""alt"":305},""endLLA"":{""lat"":37.508684,""lon"":126.95211,""alt"":305},""targetSpeed"":51.4,""seq"":8}","{""phase"":""F"",""startLLA"":{""lat"":37.508684,""lon"":126.95211,""alt"":305},""endLLA"":{""lat"":37.497738,""lon"":126.983721,""alt"":305},""targetSpeed"":51.4,""seq"":9}","{""phase"":""F"",""startLLA"":{""lat"":37.497738,""lon"":126.983721,""alt"":305},""endLLA"":{""lat"":37.507423,""lon"":127.010353,""alt"":305},""targetSpeed"":51.4,""seq"":10}","{""phase"":""G"",""startLLA"":{""lat"":37.507423,""lon"":127.010353,""alt"":305},""endLLA"":{""lat"":37.509486,""lon"":127.016026,""alt"":272.98},""targetSpeed"":36,""seq"":11}","{""phase"":""G"",""startLLA"":{""lat"":37.509486,""lon"":127.016026,""alt"":272.98},""endLLA"":{""lat"":37.531493,""lon"":127.035175,""alt"":100},""targetSpeed"":36,""seq"":12}","{""phase"":""I"",""startLLA"":{""lat"":37.531493,""lon"":127.035175,""alt"":100},""endLLA"":{""lat"":37.538917,""lon"":127.041635,""alt"":15},""targetSpeed"":30,""seq"":13}","{""phase"":""J"",""startLLA"":{""lat"":37.538917,""lon"":127.041635,""alt"":15},""endLLA"":{""lat"":37.538917,""lon"":127.041635,""alt"":0},""targetSpeed"":10,""seq"":14}","{""phase"":""K"",""startLLA"":{""lat"":37.538917,""lon"":127.041635,""alt"":0},""endLLA"":{""lat"":37.538917,""lon"":127.041635,""alt"":0},""targetSpeed"":3,""seq"":15}",,,,,,
