scenario_id,scenario_date,fpl_id,aircraft_id,aircraft_type,capacity,passenger_count,load_factor,origin_vertiport_id,origin_vertiport,destination_vertiport_id,destination_vertiport,demand_hour,departure_gate_id,departure_fato_id,arrival_gate_id,arrival_fato_id,gate_out_time,takeoff_time,landing_time,gate_in_time,ready_time,gate_to_takeoff_sec,air_time_sec,landing_to_gate_sec,gate_to_gate_sec,departure_wait_sec,arrival_wait_sec,status,route_path,route_distance_km,segment_count,segment_001,segment_002,segment_003,segment_004,segment_005,segment_006,segment_007,segment_008,segment_009,segment_010,segment_011,segment_012,segment_013,segment_014,segment_015,segment_016,segment_017,segment_018,segment_019,segment_020,segment_021
b4a2894cba5c,2026-06-20,FPL1705001,UAM0129,a2,2,2,1,수서,수서,목동,목동,6,gate-1,fato-1,gate-3,fato-3,06:30:00,06:37:30,06:47:16,06:54:36,07:04:36,450,586.74,440,1476.74,0,81.73,ready,수서 > 경부고속도로 양재천 다리 > 채석장 > 180고지 > 영등포 > 목동,21.941,13,"{""phase"":""A"",""startLLA"":{""lat"":37.487441,""lon"":127.100603,""alt"":0},""endLLA"":{""lat"":37.487441,""lon"":127.100603,""alt"":0},""targetSpeed"":3,""seq"":1}","{""phase"":""B"",""startLLA"":{""lat"":37.487441,""lon"":127.100603,""alt"":0},""endLLA"":{""lat"":37.487441,""lon"":127.100603,""alt"":15},""targetSpeed"":10,""seq"":2}","{""phase"":""C"",""startLLA"":{""lat"":37.487441,""lon"":127.100603,""alt"":15},""endLLA"":{""lat"":37.484413,""lon"":127.087502,""alt"":100},""targetSpeed"":36,""seq"":3}","{""phase"":""E"",""startLLA"":{""lat"":37.484413,""lon"":127.087502,""alt"":100},""endLLA"":{""lat"":37.475548,""lon"":127.049146,""alt"":305},""targetSpeed"":51.4,""seq"":4}","{""phase"":""F"",""startLLA"":{""lat"":37.475548,""lon"":127.049146,""alt"":305},""endLLA"":{""lat"":37.471593,""lon"":127.032031,""alt"":305},""targetSpeed"":51.4,""seq"":5}","{""phase"":""F"",""startLLA"":{""lat"":37.471593,""lon"":127.032031,""alt"":305},""endLLA"":{""lat"":37.471285,""lon"":126.985745,""alt"":305},""targetSpeed"":51.4,""seq"":6}","{""phase"":""F"",""startLLA"":{""lat"":37.471285,""lon"":126.985745,""alt"":305},""endLLA"":{""lat"":37.492877,""lon"":126.93949,""alt"":305},""targetSpeed"":51.4,""seq"":7}","{""phase"":""F"",""startLLA"":{""lat"":37.492877,""lon"":126.93949,""alt"":305},""endLLA"":{""lat"":37.506729,""lon"":126.92045,""alt"":305},""targetSpeed"":51.4,""seq"":8}","{""phase"":""G"",""startLLA"":{""lat"":37.506729,""lon"":126.92045,""alt"":305},""endLLA"":{""lat"":37.515965,""lon"":126.907756,""alt"":216.64},""targetSpeed"":36,""seq"":9}","{""phase"":""G"",""startLLA"":{""lat"":37.515965,""lon"":126.907756,""alt"":216.64},""endLLA"":{""lat"":37.522882,""lon"":126.886751,""alt"":100},""targetSpeed"":36,""seq"":10}","{""phase"":""I"",""startLLA"":{""lat"":37.522882,""lon"":126.886751,""alt"":100},""endLLA"":{""lat"":37.526343,""lon"":126.876243,""alt"":15},""targetSpeed"":30,""seq"":11}","{""phase"":""J"",""startLLA"":{""lat"":37.526343,""lon"":126.876243,""alt"":15},""endLLA"":{""lat"":37.526343,""lon"":126.876243,""alt"":0},""targetSpeed"":10,""seq"":12}","{""phase"":""K"",""startLLA"":{""lat"":37.526343,""lon"":126.876243,""alt"":0},""endLLA"":{""lat"":37.526343,""lon"":126.876243,""alt"":0},""targetSpeed"":3,""seq"":13}",,,,,,,,
b4a2894cba5c,2026-06-20,FPL1708001,UAM0130,a2,2,2,1,수서,수서,사당,사당,6,gate-2,fato-2,gate-4,fato-3,06:30:00,06:38:10,06:42:56,06:49:46,06:59:46,490,286.87,410,1186.87,10,0,ready,수서 > 경부고속도로 양재천 다리 > 사당,10.7285,10,"{""phase"":""A"",""startLLA"":{""lat"":37.487441,""lon"":127.100603,""alt"":0},""endLLA"":{""lat"":37.487441,""lon"":127.100603,""alt"":0},""targetSpeed"":3,""seq"":1}","{""phase"":""B"",""startLLA"":{""lat"":37.487441,""lon"":127.100603,""alt"":0},""endLLA"":{""lat"":37.487441,""lon"":127.100603,""alt"":15},""targetSpeed"":10,""seq"":2}","{""phase"":""C"",""startLLA"":{""lat"":37.487441,""lon"":127.100603,""alt"":15},""endLLA"":{""lat"":37.484412,""lon"":127.087499,""alt"":100},""targetSpeed"":36,""seq"":3}","{""phase"":""E"",""startLLA"":{""lat"":37.484412,""lon"":127.087499,""alt"":100},""endLLA"":{""lat"":37.475546,""lon"":127.049134,""alt"":305},""targetSpeed"":51.4,""seq"":4}","{""phase"":""F"",""startLLA"":{""lat"":37.475546,""lon"":127.049134,""alt"":305},""endLLA"":{""lat"":37.471861,""lon"":127.033189,""alt"":305},""targetSpeed"":51.4,""seq"":5}","{""phase"":""G"",""startLLA"":{""lat"":37.471861,""lon"":127.033189,""alt"":305},""endLLA"":{""lat"":37.471593,""lon"":127.032031,""alt"":298.81},""targetSpeed"":36,""seq"":6}","{""phase"":""G"",""startLLA"":{""lat"":37.471593,""lon"":127.032031,""alt"":298.81},""endLLA"":{""lat"":37.47482,""lon"":126.993495,""alt"":100},""targetSpeed"":36,""seq"":7}","{""phase"":""I"",""startLLA"":{""lat"":37.47482,""lon"":126.993495,""alt"":100},""endLLA"":{""lat"":37.475767,""lon"":126.982185,""alt"":15},""targetSpeed"":30,""seq"":8}","{""phase"":""J"",""startLLA"":{""lat"":37.475767,""lon"":126.982185,""alt"":15},""endLLA"":{""lat"":37.475767,""lon"":126.982185,""alt"":0},""targetSpeed"":10,""seq"":9}","{""phase"":""K"",""startLLA"":{""lat"":37.475767,""lon"":126.982185,""alt"":0},""endLLA"":{""lat"":37.475767,""lon"":126.982185,""alt"":0},""targetSpeed"":3,""seq"":10}",,,,,,,,,,,
b4a2894cba5c,2026-06-20,FPL1714001,UAM0131,a4,4,4,1,수서,수서,가산,가산,6,gate-3,fato-1,gate-2,fato-3,06:30:00,06:43:30,06:53:42,07:01:32,07:11:32,810,612.33,470,1892.33,300,135.35,ready,수서 > 경부고속도로 양재천 다리 > 채석장 > 180고지 > 가산,20.5002,12,"{""phase"":""A"",""startLLA"":{""lat"":37.487441,""lon"":127.100603,""alt"":0},""endLLA"":{""lat"":37.487441,""lon"":127.100603,""alt"":0},""targetSpeed"":3,""seq"":1}","{""phase"":""B"",""startLLA"":{""lat"":37.487441,""lon"":127.100603,""alt"":0},""endLLA"":{""lat"":37.487441,""lon"":127.100603,""alt"":15},""targetSpeed"":10,""seq"":2}","{""phase"":""C"",""startLLA"":{""lat"":37.487441,""lon"":127.100603,""alt"":15},""endLLA"":{""lat"":37.484413,""lon"":127.0875,""alt"":100},""targetSpeed"":36,""seq"":3}","{""phase"":""E"",""startLLA"":{""lat"":37.484413,""lon"":127.0875,""alt"":100},""endLLA"":{""lat"":37.475547,""lon"":127.049139,""alt"":305},""targetSpeed"":51.4,""seq"":4}","{""phase"":""F"",""startLLA"":{""lat"":37.475547,""lon"":127.049139,""alt"":305},""endLLA"":{""lat"":37.471593,""lon"":127.032031,""alt"":305},""targetSpeed"":51.4,""seq"":5}","{""phase"":""F"",""startLLA"":{""lat"":37.471593,""lon"":127.032031,""alt"":305},""endLLA"":{""lat"":37.471285,""lon"":126.985745,""alt"":305},""targetSpeed"":51.4,""seq"":6}","{""phase"":""F"",""startLLA"":{""lat"":37.471285,""lon"":126.985745,""alt"":305},""endLLA"":{""lat"":37.492877,""lon"":126.93949,""alt"":305},""targetSpeed"":51.4,""seq"":7}","{""phase"":""F"",""startLLA"":{""lat"":37.492877,""lon"":126.93949,""alt"":305},""endLLA"":{""lat"":37.492284,""lon"":126.929987,""alt"":305},""targetSpeed"":51.4,""seq"":8}","{""phase"":""G"",""startLLA"":{""lat"":37.492284,""lon"":126.929987,""alt"":305},""endLLA"":{""lat"":37.489799,""lon"":126.890149,""alt"":100},""targetSpeed"":36,""seq"":9}","{""phase"":""I"",""startLLA"":{""lat"":37.489799,""lon"":126.890149,""alt"":100},""endLLA"":{""lat"":37.489091,""lon"":126.878809,""alt"":15},""targetSpeed"":30,""seq"":10}","{""phase"":""J"",""startLLA"":{""lat"":37.489091,""lon"":126.878809,""alt"":15},""endLLA"":{""lat"":37.489091,""lon"":126.878809,""alt"":0},""targetSpeed"":10,""seq"":11}","{""phase"":""K"",""startLLA"":{""lat"":37.489091,""lon"":126.878809,""alt"":0},""endLLA"":{""lat"":37.489091,""lon"":126.878809,""alt"":0},""targetSpeed"":3,""seq"":12}",,,,,,,,,
b4a2894cba5c,2026-06-20,FPL1712001,UAM0132,a4,4,2,0.5,수서,수서,광화문,광화문,6,gate-4,fato-2,gate-6,fato-3,06:30:00,06:44:10,06:55:51,07:03:41,07:13:41,850,701.05,470,2021.05,310,208,ready,수서 > 잠실대교 중간지점 > 청담대교 중간지점 > 성수대교 남단 > 왕십리역 > 청량리 > 신설동역 > 광화문,21.5406,15,"{""phase"":""A"",""startLLA"":{""lat"":37.487441,""lon"":127.100603,""alt"":0},""endLLA"":{""lat"":37.487441,""lon"":127.100603,""alt"":0},""targetSpeed"":3,""seq"":1}","{""phase"":""B"",""startLLA"":{""lat"":37.487441,""lon"":127.100603,""alt"":0},""endLLA"":{""lat"":37.487441,""lon"":127.100603,""alt"":15},""targetSpeed"":10,""seq"":2}","{""phase"":""C"",""startLLA"":{""lat"":37.487441,""lon"":127.100603,""alt"":15},""endLLA"":{""lat"":37.498186,""lon"":127.097989,""alt"":100},""targetSpeed"":36,""seq"":3}","{""phase"":""E"",""startLLA"":{""lat"":37.498186,""lon"":127.097989,""alt"":100},""endLLA"":{""lat"":37.524288,""lon"":127.091639,""alt"":270.1},""targetSpeed"":51.4,""seq"":4}","{""phase"":""E"",""startLLA"":{""lat"":37.524288,""lon"":127.091639,""alt"":270.1},""endLLA"":{""lat"":37.524831,""lon"":127.084797,""alt"":305},""targetSpeed"":51.4,""seq"":5}","{""phase"":""F"",""startLLA"":{""lat"":37.524831,""lon"":127.084797,""alt"":305},""endLLA"":{""lat"":37.526451,""lon"":127.064361,""alt"":305},""targetSpeed"":51.4,""seq"":6}","{""phase"":""F"",""startLLA"":{""lat"":37.526451,""lon"":127.064361,""alt"":305},""endLLA"":{""lat"":37.53537,""lon"":127.034503,""alt"":305},""targetSpeed"":51.4,""seq"":7}","{""phase"":""F"",""startLLA"":{""lat"":37.53537,""lon"":127.034503,""alt"":305},""endLLA"":{""lat"":37.561925,""lon"":127.038491,""alt"":305},""targetSpeed"":51.4,""seq"":8}","{""phase"":""F"",""startLLA"":{""lat"":37.561925,""lon"":127.038491,""alt"":305},""endLLA"":{""lat"":37.581542,""lon"":127.048947,""alt"":305},""targetSpeed"":51.4,""seq"":9}","{""phase"":""F"",""startLLA"":{""lat"":37.581542,""lon"":127.048947,""alt"":305},""endLLA"":{""lat"":37.575947,""lon"":127.024779,""alt"":305},""targetSpeed"":51.4,""seq"":10}","{""phase"":""G"",""startLLA"":{""lat"":37.575947,""lon"":127.024779,""alt"":305},""endLLA"":{""lat"":37.575658,""lon"":127.02353,""alt"":298.4},""targetSpeed"":36,""seq"":11}","{""phase"":""G"",""startLLA"":{""lat"":37.575658,""lon"":127.02353,""alt"":298.4},""endLLA"":{""lat"":37.570521,""lon"":126.984951,""alt"":100},""targetSpeed"":36,""seq"":12}","{""phase"":""I"",""startLLA"":{""lat"":37.570521,""lon"":126.984951,""alt"":100},""endLLA"":{""lat"":37.56901,""lon"":126.973604,""alt"":15},""targetSpeed"":30,""seq"":13}","{""phase"":""J"",""startLLA"":{""lat"":37.56901,""lon"":126.973604,""alt"":15},""endLLA"":{""lat"":37.56901,""lon"":126.973604,""alt"":0},""targetSpeed"":10,""seq"":14}","{""phase"":""K"",""startLLA"":{""lat"":37.56901,""lon"":126.973604,""alt"":0},""endLLA"":{""lat"":37.56901,""lon"":126.973604,""alt"":0},""targetSpeed"":3,""seq"":15}",,,,,,
b4a2894cba5c,2026-06-20,FPL1715001,UAM0133,a6,6,2,0.3333,수서,수서,마곡,마곡,6,gate-5,fato-1,gate-8,fato-4,06:30:00,06:49:30,07:23:41,07:30:31,07:40:31,1170,2051.98,410,3631.98,720,110.98,ready,수서 > 경부고속도로 양재천 다리 > 채석장 > 180고지 > 영등포 > 목동교 > 염창교 > 가양대교 남단 > 마곡,32.4201,16,"{""phase"":""A"",""startLLA"":{""lat"":37.487441,""lon"":127.100603,""alt"":0},""endLLA"":{""lat"":37.487441,""lon"":127.100603,""alt"":0},""targetSpeed"":3,""seq"":1}","{""phase"":""B"",""startLLA"":{""lat"":37.487441,""lon"":127.100603,""alt"":0},""endLLA"":{""lat"":37.487441,""lon"":127.100603,""alt"":15},""targetSpeed"":10,""seq"":2}","{""phase"":""C"",""startLLA"":{""lat"":37.487441,""lon"":127.100603,""alt"":15},""endLLA"":{""lat"":37.484414,""lon"":127.087505,""alt"":100},""targetSpeed"":36,""seq"":3}","{""phase"":""E"",""startLLA"":{""lat"":37.484414,""lon"":127.087505,""alt"":100},""endLLA"":{""lat"":37.475552,""lon"":127.04916,""alt"":305},""targetSpeed"":51.4,""seq"":4}","{""phase"":""F"",""startLLA"":{""lat"":37.475552,""lon"":127.04916,""alt"":305},""endLLA"":{""lat"":37.471593,""lon"":127.032031,""alt"":305},""targetSpeed"":51.4,""seq"":5}","{""phase"":""F"",""startLLA"":{""lat"":37.471593,""lon"":127.032031,""alt"":305},""endLLA"":{""lat"":37.471285,""lon"":126.985745,""alt"":305},""targetSpeed"":51.4,""seq"":6}","{""phase"":""F"",""startLLA"":{""lat"":37.471285,""lon"":126.985745,""alt"":305},""endLLA"":{""lat"":37.492877,""lon"":126.93949,""alt"":305},""targetSpeed"":51.4,""seq"":7}","{""phase"":""F"",""startLLA"":{""lat"":37.492877,""lon"":126.93949,""alt"":305},""endLLA"":{""lat"":37.515965,""lon"":126.907756,""alt"":305},""targetSpeed"":51.4,""seq"":8}","{""phase"":""F"",""startLLA"":{""lat"":37.515965,""lon"":126.907756,""alt"":305},""endLLA"":{""lat"":37.530667,""lon"":126.888262,""alt"":305},""targetSpeed"":51.4,""seq"":9}","{""phase"":""F"",""startLLA"":{""lat"":37.530667,""lon"":126.888262,""alt"":305},""endLLA"":{""lat"":37.553824,""lon"":126.875819,""alt"":305},""targetSpeed"":51.4,""seq"":10}","{""phase"":""F"",""startLLA"":{""lat"":37.553824,""lon"":126.875819,""alt"":305},""endLLA"":{""lat"":37.569391,""lon"":126.861026,""alt"":305},""targetSpeed"":51.4,""seq"":11}","{""phase"":""F"",""startLLA"":{""lat"":37.569391,""lon"":126.861026,""alt"":305},""endLLA"":{""lat"":37.567856,""lon"":126.842881,""alt"":305},""targetSpeed"":51.4,""seq"":12}","{""phase"":""G"",""startLLA"":{""lat"":37.567856,""lon"":126.842881,""alt"":305},""endLLA"":{""lat"":37.564492,""lon"":126.803122,""alt"":100},""targetSpeed"":36,""seq"":13}","{""phase"":""I"",""startLLA"":{""lat"":37.564492,""lon"":126.803122,""alt"":100},""endLLA"":{""lat"":37.563535,""lon"":126.791805,""alt"":15},""targetSpeed"":30,""seq"":14}","{""phase"":""J"",""startLLA"":{""lat"":37.563535,""lon"":126.791805,""alt"":15},""endLLA"":{""lat"":37.563535,""lon"":126.791805,""alt"":0},""targetSpeed"":10,""seq"":15}","{""phase"":""K"",""startLLA"":{""lat"":37.563535,""lon"":126.791805,""alt"":0},""endLLA"":{""lat"":37.563535,""lon"":126.791805,""alt"":0},""targetSpeed"":3,""seq"":16}",,,,,
b4a2894cba5c,2026-06-20,FPL1716001,UAM0134,a6,6,2,0.3333,수서,수서,망우,망우,6,gate-6,fato-2,gate-5,fato-3,06:30:00,06:50:10,07:04:59,07:13:19,07:23:19,1210,889.61,500,2599.61,730,539.85,ready,수서 > 잠실대교 중간지점 > 천호대교 중간지점 > 아차산 고가차도 > 망우,13.9617,12,"{""phase"":""A"",""startLLA"":{""lat"":37.487441,""lon"":127.100603,""alt"":0},""endLLA"":{""lat"":37.487441,""lon"":127.100603,""alt"":0},""targetSpeed"":3,""seq"":1}","{""phase"":""B"",""startLLA"":{""lat"":37.487441,""lon"":127.100603,""alt"":0},""endLLA"":{""lat"":37.487441,""lon"":127.100603,""alt"":15},""targetSpeed"":10,""seq"":2}","{""phase"":""C"",""startLLA"":{""lat"":37.487441,""lon"":127.100603,""alt"":15},""endLLA"":{""lat"":37.498067,""lon"":127.098018,""alt"":100},""targetSpeed"":36,""seq"":3}","{""phase"":""E"",""startLLA"":{""lat"":37.498067,""lon"":127.098018,""alt"":100},""endLLA"":{""lat"":37.524288,""lon"":127.091639,""alt"":272.79},""targetSpeed"":51.4,""seq"":4}","{""phase"":""E"",""startLLA"":{""lat"":37.524288,""lon"":127.091639,""alt"":272.79},""endLLA"":{""lat"":37.528015,""lon"":127.095801,""alt"":305},""targetSpeed"":51.4,""seq"":5}","{""phase"":""F"",""startLLA"":{""lat"":37.528015,""lon"":127.095801,""alt"":305},""endLLA"":{""lat"":37.5428,""lon"":127.112312,""alt"":305},""targetSpeed"":51.4,""seq"":6}","{""phase"":""F"",""startLLA"":{""lat"":37.5428,""lon"":127.112312,""alt"":305},""endLLA"":{""lat"":37.547423,""lon"":127.097424,""alt"":305},""targetSpeed"":51.4,""seq"":7}","{""phase"":""F"",""startLLA"":{""lat"":37.547423,""lon"":127.097424,""alt"":305},""endLLA"":{""lat"":37.557017,""lon"":127.094987,""alt"":305},""targetSpeed"":51.4,""seq"":8}","{""phase"":""G"",""startLLA"":{""lat"":37.557017,""lon"":127.094987,""alt"":305},""endLLA"":{""lat"":37.588078,""lon"":127.087099,""alt"":100},""targetSpeed"":36,""seq"":9}","{""phase"":""I"",""startLLA"":{""lat"":37.588078,""lon"":127.087099,""alt"":100},""endLLA"":{""lat"":37.596919,""lon"":127.084854,""alt"":15},""targetSpeed"":30,""seq"":10}","{""phase"":""J"",""startLLA"":{""lat"":37.596919,""lon"":127.084854,""alt"":15},""endLLA"":{""lat"":37.596919,""lon"":127.084854,""alt"":0},""targetSpeed"":10,""seq"":11}","{""phase"":""K"",""startLLA"":{""lat"":37.596919,""lon"":127.084854,""alt"":0},""endLLA"":{""lat"":37.596919,""lon"":127.084854,""alt"":0},""targetSpeed"":3,""seq"":12}",,,,,,,,,
b4a2894cba5c,2026-06-20,FPL1706001,UAM0135,a8,8,2,0.25,수서,수서,미아,미아,6,gate-7,fato-1,gate-1,fato-3,06:30:00,06:55:30,07:10:46,07:19:06,07:29:06,1530,916.06,500,2946.06,1020,434.93,ready,수서 > 잠실대교 중간지점 > 천호대교 중간지점 > 아차산 고가차도 > 상봉 > 월릉교 > 미아,20.7137,14,"{""phase"":""A"",""startLLA"":{""lat"":37.487441,""lon"":127.100603,""alt"":0},""endLLA"":{""lat"":37.487441,""lon"":127.100603,""alt"":0},""targetSpeed"":3,""seq"":1}","{""phase"":""B"",""startLLA"":{""lat"":37.487441,""lon"":127.100603,""alt"":0},""endLLA"":{""lat"":37.487441,""lon"":127.100603,""alt"":15},""targetSpeed"":10,""seq"":2}","{""phase"":""C"",""startLLA"":{""lat"":37.487441,""lon"":127.100603,""alt"":15},""endLLA"":{""lat"":37.498065,""lon"":127.098018,""alt"":100},""targetSpeed"":36,""seq"":3}","{""phase"":""E"",""startLLA"":{""lat"":37.498065,""lon"":127.098018,""alt"":100},""endLLA"":{""lat"":37.524288,""lon"":127.091639,""alt"":272.84},""targetSpeed"":51.4,""seq"":4}","{""phase"":""E"",""startLLA"":{""lat"":37.524288,""lon"":127.091639,""alt"":272.84},""endLLA"":{""lat"":37.528008,""lon"":127.095794,""alt"":305},""targetSpeed"":51.4,""seq"":5}","{""phase"":""F"",""startLLA"":{""lat"":37.528008,""lon"":127.095794,""alt"":305},""endLLA"":{""lat"":37.5428,""lon"":127.112312,""alt"":305},""targetSpeed"":51.4,""seq"":6}","{""phase"":""F"",""startLLA"":{""lat"":37.5428,""lon"":127.112312,""alt"":305},""endLLA"":{""lat"":37.547423,""lon"":127.097424,""alt"":305},""targetSpeed"":51.4,""seq"":7}","{""phase"":""F"",""startLLA"":{""lat"":37.547423,""lon"":127.097424,""alt"":305},""endLLA"":{""lat"":37.596919,""lon"":127.084854,""alt"":305},""targetSpeed"":51.4,""seq"":8}","{""phase"":""F"",""startLLA"":{""lat"":37.596919,""lon"":127.084854,""alt"":305},""endLLA"":{""lat"":37.614366,""lon"":127.072716,""alt"":305},""targetSpeed"":51.4,""seq"":9}","{""phase"":""G"",""startLLA"":{""lat"":37.614366,""lon"":127.072716,""alt"":305},""endLLA"":{""lat"":37.616266,""lon"":127.071394,""alt"":290.96},""targetSpeed"":36,""seq"":10}","{""phase"":""G"",""startLLA"":{""lat"":37.616266,""lon"":127.071394,""alt"":290.96},""endLLA"":{""lat"":37.626944,""lon"":127.036665,""alt"":100},""targetSpeed"":36,""seq"":11}","{""phase"":""I"",""startLLA"":{""lat"":37.626944,""lon"":127.036665,""alt"":100},""endLLA"":{""lat"":37.630207,""lon"":127.026053,""alt"":15},""targetSpeed"":30,""seq"":12}","{""phase"":""J"",""startLLA"":{""lat"":37.630207,""lon"":127.026053,""alt"":15},""endLLA"":{""lat"":37.630207,""lon"":127.026053,""alt"":0},""targetSpeed"":10,""seq"":13}","{""phase"":""K"",""startLLA"":{""lat"":37.630207,""lon"":127.026053,""alt"":0},""endLLA"":{""lat"":37.630207,""lon"":127.026053,""alt"":0},""targetSpeed"":3,""seq"":14}",,,,,,,
b4a2894cba5c,2026-06-20,FPL1701001,UAM0136,a8,8,2,0.25,수서,수서,여의도,여의도,6,gate-8,fato-2,gate-3,fato-3,06:30:00,06:56:10,07:04:13,07:11:33,07:21:33,1570,483.93,440,2493.93,1030,2.97,ready,수서 > 경부고속도로 양재천 다리 > 채석장 > 180고지 > 영등포 > 여의도,20.7047,13,"{""phase"":""A"",""startLLA"":{""lat"":37.487441,""lon"":127.100603,""alt"":0},""endLLA"":{""lat"":37.487441,""lon"":127.100603,""alt"":0},""targetSpeed"":3,""seq"":1}","{""phase"":""B"",""startLLA"":{""lat"":37.487441,""lon"":127.100603,""alt"":0},""endLLA"":{""lat"":37.487441,""lon"":127.100603,""alt"":15},""targetSpeed"":10,""seq"":2}","{""phase"":""C"",""startLLA"":{""lat"":37.487441,""lon"":127.100603,""alt"":15},""endLLA"":{""lat"":37.484413,""lon"":127.087501,""alt"":100},""targetSpeed"":36,""seq"":3}","{""phase"":""E"",""startLLA"":{""lat"":37.484413,""lon"":127.087501,""alt"":100},""endLLA"":{""lat"":37.475548,""lon"":127.049145,""alt"":305},""targetSpeed"":51.4,""seq"":4}","{""phase"":""F"",""startLLA"":{""lat"":37.475548,""lon"":127.049145,""alt"":305},""endLLA"":{""lat"":37.471593,""lon"":127.032031,""alt"":305},""targetSpeed"":51.4,""seq"":5}","{""phase"":""F"",""startLLA"":{""lat"":37.471593,""lon"":127.032031,""alt"":305},""endLLA"":{""lat"":37.471285,""lon"":126.985745,""alt"":305},""targetSpeed"":51.4,""seq"":6}","{""phase"":""F"",""startLLA"":{""lat"":37.471285,""lon"":126.985745,""alt"":305},""endLLA"":{""lat"":37.492877,""lon"":126.93949,""alt"":305},""targetSpeed"":51.4,""seq"":7}","{""phase"":""F"",""startLLA"":{""lat"":37.492877,""lon"":126.93949,""alt"":305},""endLLA"":{""lat"":37.49922,""lon"":126.930772,""alt"":305},""targetSpeed"":51.4,""seq"":8}","{""phase"":""G"",""startLLA"":{""lat"":37.49922,""lon"":126.930772,""alt"":305},""endLLA"":{""lat"":37.515965,""lon"":126.907756,""alt"":144.8},""targetSpeed"":36,""seq"":9}","{""phase"":""G"",""startLLA"":{""lat"":37.515965,""lon"":126.907756,""alt"":144.8},""endLLA"":{""lat"":37.520546,""lon"":126.914309,""alt"":100},""targetSpeed"":36,""seq"":10}","{""phase"":""I"",""startLLA"":{""lat"":37.520546,""lon"":126.914309,""alt"":100},""endLLA"":{""lat"":37.526513,""lon"":126.922845,""alt"":15},""targetSpeed"":30,""seq"":11}","{""phase"":""J"",""startLLA"":{""lat"":37.526513,""lon"":126.922845,""alt"":15},""endLLA"":{""lat"":37.526513,""lon"":126.922845,""alt"":0},""targetSpeed"":10,""seq"":12}","{""phase"":""K"",""startLLA"":{""lat"":37.526513,""lon"":126.922845,""alt"":0},""endLLA"":{""lat"":37.526513,""lon"":126.922845,""alt"":0},""targetSpeed"":3,""seq"":13}",,,,,,,,
b4a2894cba5c,2026-06-20,FPL1705002,UAM0057,a2,2,1,0.5,수서,수서,목동,목동,6,gate-4,fato-1,gate-3,fato-3,06:59:07,07:08:07,07:16:32,07:23:52,07:33:52,540,505.01,440,1485.01,0,0,ready,수서 > 경부고속도로 양재천 다리 > 채석장 > 180고지 > 영등포 > 목동,21.941,13,"{""phase"":""A"",""startLLA"":{""lat"":37.487441,""lon"":127.100603,""alt"":0},""endLLA"":{""lat"":37.487441,""lon"":127.100603,""alt"":0},""targetSpeed"":3,""seq"":1}","{""phase"":""B"",""startLLA"":{""lat"":37.487441,""lon"":127.100603,""alt"":0},""endLLA"":{""lat"":37.487441,""lon"":127.100603,""alt"":15},""targetSpeed"":10,""seq"":2}","{""phase"":""C"",""startLLA"":{""lat"":37.487441,""lon"":127.100603,""alt"":15},""endLLA"":{""lat"":37.484413,""lon"":127.087502,""alt"":100},""targetSpeed"":36,""seq"":3}","{""phase"":""E"",""startLLA"":{""lat"":37.484413,""lon"":127.087502,""alt"":100},""endLLA"":{""lat"":37.475548,""lon"":127.049146,""alt"":305},""targetSpeed"":51.4,""seq"":4}","{""phase"":""F"",""startLLA"":{""lat"":37.475548,""lon"":127.049146,""alt"":305},""endLLA"":{""lat"":37.471593,""lon"":127.032031,""alt"":305},""targetSpeed"":51.4,""seq"":5}","{""phase"":""F"",""startLLA"":{""lat"":37.471593,""lon"":127.032031,""alt"":305},""endLLA"":{""lat"":37.471285,""lon"":126.985745,""alt"":305},""targetSpeed"":51.4,""seq"":6}","{""phase"":""F"",""startLLA"":{""lat"":37.471285,""lon"":126.985745,""alt"":305},""endLLA"":{""lat"":37.492877,""lon"":126.93949,""alt"":305},""targetSpeed"":51.4,""seq"":7}","{""phase"":""F"",""startLLA"":{""lat"":37.492877,""lon"":126.93949,""alt"":305},""endLLA"":{""lat"":37.506729,""lon"":126.92045,""alt"":305},""targetSpeed"":51.4,""seq"":8}","{""phase"":""G"",""startLLA"":{""lat"":37.506729,""lon"":126.92045,""alt"":305},""endLLA"":{""lat"":37.515965,""lon"":126.907756,""alt"":216.64},""targetSpeed"":36,""seq"":9}","{""phase"":""G"",""startLLA"":{""lat"":37.515965,""lon"":126.907756,""alt"":216.64},""endLLA"":{""lat"":37.522882,""lon"":126.886751,""alt"":100},""targetSpeed"":36,""seq"":10}","{""phase"":""I"",""startLLA"":{""lat"":37.522882,""lon"":126.886751,""alt"":100},""endLLA"":{""lat"":37.526343,""lon"":126.876243,""alt"":15},""targetSpeed"":30,""seq"":11}","{""phase"":""J"",""startLLA"":{""lat"":37.526343,""lon"":126.876243,""alt"":15},""endLLA"":{""lat"":37.526343,""lon"":126.876243,""alt"":0},""targetSpeed"":10,""seq"":12}","{""phase"":""K"",""startLLA"":{""lat"":37.526343,""lon"":126.876243,""alt"":0},""endLLA"":{""lat"":37.526343,""lon"":126.876243,""alt"":0},""targetSpeed"":3,""seq"":13}",,,,,,,,
b4a2894cba5c,2026-06-20,FPL1716002,UAM0049,a2,2,2,1,수서,수서,망우,망우,7,gate-8,fato-2,gate-2,fato-4,07:00:20,07:10:59,07:16:49,07:24:39,07:34:39,639.51,349.77,470,1459.28,99.51,0,ready,수서 > 잠실대교 중간지점 > 천호대교 중간지점 > 아차산 고가차도 > 망우,13.9617,12,"{""phase"":""A"",""startLLA"":{""lat"":37.487441,""lon"":127.100603,""alt"":0},""endLLA"":{""lat"":37.487441,""lon"":127.100603,""alt"":0},""targetSpeed"":3,""seq"":1}","{""phase"":""B"",""startLLA"":{""lat"":37.487441,""lon"":127.100603,""alt"":0},""endLLA"":{""lat"":37.487441,""lon"":127.100603,""alt"":15},""targetSpeed"":10,""seq"":2}","{""phase"":""C"",""startLLA"":{""lat"":37.487441,""lon"":127.100603,""alt"":15},""endLLA"":{""lat"":37.498067,""lon"":127.098018,""alt"":100},""targetSpeed"":36,""seq"":3}","{""phase"":""E"",""startLLA"":{""lat"":37.498067,""lon"":127.098018,""alt"":100},""endLLA"":{""lat"":37.524288,""lon"":127.091639,""alt"":272.79},""targetSpeed"":51.4,""seq"":4}","{""phase"":""E"",""startLLA"":{""lat"":37.524288,""lon"":127.091639,""alt"":272.79},""endLLA"":{""lat"":37.528015,""lon"":127.095801,""alt"":305},""targetSpeed"":51.4,""seq"":5}","{""phase"":""F"",""startLLA"":{""lat"":37.528015,""lon"":127.095801,""alt"":305},""endLLA"":{""lat"":37.5428,""lon"":127.112312,""alt"":305},""targetSpeed"":51.4,""seq"":6}","{""phase"":""F"",""startLLA"":{""lat"":37.5428,""lon"":127.112312,""alt"":305},""endLLA"":{""lat"":37.547423,""lon"":127.097424,""alt"":305},""targetSpeed"":51.4,""seq"":7}","{""phase"":""F"",""startLLA"":{""lat"":37.547423,""lon"":127.097424,""alt"":305},""endLLA"":{""lat"":37.557017,""lon"":127.094987,""alt"":305},""targetSpeed"":51.4,""seq"":8}","{""phase"":""G"",""startLLA"":{""lat"":37.557017,""lon"":127.094987,""alt"":305},""endLLA"":{""lat"":37.588078,""lon"":127.087099,""alt"":100},""targetSpeed"":36,""seq"":9}","{""phase"":""I"",""startLLA"":{""lat"":37.588078,""lon"":127.087099,""alt"":100},""endLLA"":{""lat"":37.596919,""lon"":127.084854,""alt"":15},""targetSpeed"":30,""seq"":10}","{""phase"":""J"",""startLLA"":{""lat"":37.596919,""lon"":127.084854,""alt"":15},""endLLA"":{""lat"":37.596919,""lon"":127.084854,""alt"":0},""targetSpeed"":10,""seq"":11}","{""phase"":""K"",""startLLA"":{""lat"":37.596919,""lon"":127.084854,""alt"":0},""endLLA"":{""lat"":37.596919,""lon"":127.084854,""alt"":0},""targetSpeed"":3,""seq"":12}",,,,,,,,,
b4a2894cba5c,2026-06-20,FPL1716003,UAM0076,a4,4,4,1,수서,수서,망우,망우,7,gate-3,fato-1,gate-8,fato-4,07:13:00,07:21:30,07:28:28,07:35:18,07:45:18,510,418.73,410,1338.73,0,68.96,ready,수서 > 잠실대교 중간지점 > 천호대교 중간지점 > 아차산 고가차도 > 망우,13.9617,12,"{""phase"":""A"",""startLLA"":{""lat"":37.487441,""lon"":127.100603,""alt"":0},""endLLA"":{""lat"":37.487441,""lon"":127.100603,""alt"":0},""targetSpeed"":3,""seq"":1}","{""phase"":""B"",""startLLA"":{""lat"":37.487441,""lon"":127.100603,""alt"":0},""endLLA"":{""lat"":37.487441,""lon"":127.100603,""alt"":15},""targetSpeed"":10,""seq"":2}","{""phase"":""C"",""startLLA"":{""lat"":37.487441,""lon"":127.100603,""alt"":15},""endLLA"":{""lat"":37.498067,""lon"":127.098018,""alt"":100},""targetSpeed"":36,""seq"":3}","{""phase"":""E"",""startLLA"":{""lat"":37.498067,""lon"":127.098018,""alt"":100},""endLLA"":{""lat"":37.524288,""lon"":127.091639,""alt"":272.79},""targetSpeed"":51.4,""seq"":4}","{""phase"":""E"",""startLLA"":{""lat"":37.524288,""lon"":127.091639,""alt"":272.79},""endLLA"":{""lat"":37.528015,""lon"":127.095801,""alt"":305},""targetSpeed"":51.4,""seq"":5}","{""phase"":""F"",""startLLA"":{""lat"":37.528015,""lon"":127.095801,""alt"":305},""endLLA"":{""lat"":37.5428,""lon"":127.112312,""alt"":305},""targetSpeed"":51.4,""seq"":6}","{""phase"":""F"",""startLLA"":{""lat"":37.5428,""lon"":127.112312,""alt"":305},""endLLA"":{""lat"":37.547423,""lon"":127.097424,""alt"":305},""targetSpeed"":51.4,""seq"":7}","{""phase"":""F"",""startLLA"":{""lat"":37.547423,""lon"":127.097424,""alt"":305},""endLLA"":{""lat"":37.557017,""lon"":127.094987,""alt"":305},""targetSpeed"":51.4,""seq"":8}","{""phase"":""G"",""startLLA"":{""lat"":37.557017,""lon"":127.094987,""alt"":305},""endLLA"":{""lat"":37.588078,""lon"":127.087099,""alt"":100},""targetSpeed"":36,""seq"":9}","{""phase"":""I"",""startLLA"":{""lat"":37.588078,""lon"":127.087099,""alt"":100},""endLLA"":{""lat"":37.596919,""lon"":127.084854,""alt"":15},""targetSpeed"":30,""seq"":10}","{""phase"":""J"",""startLLA"":{""lat"":37.596919,""lon"":127.084854,""alt"":15},""endLLA"":{""lat"":37.596919,""lon"":127.084854,""alt"":0},""targetSpeed"":10,""seq"":11}","{""phase"":""K"",""startLLA"":{""lat"":37.596919,""lon"":127.084854,""alt"":0},""endLLA"":{""lat"":37.596919,""lon"":127.084854,""alt"":0},""targetSpeed"":3,""seq"":12}",,,,,,,,,
b4a2894cba5c,2026-06-20,FPL1705003,UAM0054,a6,6,6,1,수서,수서,목동,목동,7,gate-7,fato-2,gate-2,fato-3,07:13:40,07:23:13,07:31:38,07:39:28,07:49:28,573.05,505.01,470,1548.06,63.05,0,ready,수서 > 경부고속도로 양재천 다리 > 채석장 > 180고지 > 영등포 > 목동,21.941,13,"{""phase"":""A"",""startLLA"":{""lat"":37.487441,""lon"":127.100603,""alt"":0},""endLLA"":{""lat"":37.487441,""lon"":127.100603,""alt"":0},""targetSpeed"":3,""seq"":1}","{""phase"":""B"",""startLLA"":{""lat"":37.487441,""lon"":127.100603,""alt"":0},""endLLA"":{""lat"":37.487441,""lon"":127.100603,""alt"":15},""targetSpeed"":10,""seq"":2}","{""phase"":""C"",""startLLA"":{""lat"":37.487441,""lon"":127.100603,""alt"":15},""endLLA"":{""lat"":37.484413,""lon"":127.087502,""alt"":100},""targetSpeed"":36,""seq"":3}","{""phase"":""E"",""startLLA"":{""lat"":37.484413,""lon"":127.087502,""alt"":100},""endLLA"":{""lat"":37.475548,""lon"":127.049146,""alt"":305},""targetSpeed"":51.4,""seq"":4}","{""phase"":""F"",""startLLA"":{""lat"":37.475548,""lon"":127.049146,""alt"":305},""endLLA"":{""lat"":37.471593,""lon"":127.032031,""alt"":305},""targetSpeed"":51.4,""seq"":5}","{""phase"":""F"",""startLLA"":{""lat"":37.471593,""lon"":127.032031,""alt"":305},""endLLA"":{""lat"":37.471285,""lon"":126.985745,""alt"":305},""targetSpeed"":51.4,""seq"":6}","{""phase"":""F"",""startLLA"":{""lat"":37.471285,""lon"":126.985745,""alt"":305},""endLLA"":{""lat"":37.492877,""lon"":126.93949,""alt"":305},""targetSpeed"":51.4,""seq"":7}","{""phase"":""F"",""startLLA"":{""lat"":37.492877,""lon"":126.93949,""alt"":305},""endLLA"":{""lat"":37.506729,""lon"":126.92045,""alt"":305},""targetSpeed"":51.4,""seq"":8}","{""phase"":""G"",""startLLA"":{""lat"":37.506729,""lon"":126.92045,""alt"":305},""endLLA"":{""lat"":37.515965,""lon"":126.907756,""alt"":216.64},""targetSpeed"":36,""seq"":9}","{""phase"":""G"",""startLLA"":{""lat"":37.515965,""lon"":126.907756,""alt"":216.64},""endLLA"":{""lat"":37.522882,""lon"":126.886751,""alt"":100},""targetSpeed"":36,""seq"":10}","{""phase"":""I"",""startLLA"":{""lat"":37.522882,""lon"":126.886751,""alt"":100},""endLLA"":{""lat"":37.526343,""lon"":126.876243,""alt"":15},""targetSpeed"":30,""seq"":11}","{""phase"":""J"",""startLLA"":{""lat"":37.526343,""lon"":126.876243,""alt"":15},""endLLA"":{""lat"":37.526343,""lon"":126.876243,""alt"":0},""targetSpeed"":10,""seq"":12}","{""phase"":""K"",""startLLA"":{""lat"":37.526343,""lon"":126.876243,""alt"":0},""endLLA"":{""lat"":37.526343,""lon"":126.876243,""alt"":0},""targetSpeed"":3,""seq"":13}",,,,,,,,
b4a2894cba5c,2026-06-20,FPL1712002,UAM0128,a8,8,7,0.875,수서,수서,광화문,광화문,7,gate-4,fato-1,gate-4,fato-3,07:18:50,07:27:50,07:36:03,07:42:53,07:52:53,540,493.05,410,1443.05,0,0,ready,수서 > 잠실대교 중간지점 > 청담대교 중간지점 > 성수대교 남단 > 왕십리역 > 청량리 > 신설동역 > 광화문,21.5406,15,"{""phase"":""A"",""startLLA"":{""lat"":37.487441,""lon"":127.100603,""alt"":0},""endLLA"":{""lat"":37.487441,""lon"":127.100603,""alt"":0},""targetSpeed"":3,""seq"":1}","{""phase"":""B"",""startLLA"":{""lat"":37.487441,""lon"":127.100603,""alt"":0},""endLLA"":{""lat"":37.487441,""lon"":127.100603,""alt"":15},""targetSpeed"":10,""seq"":2}","{""phase"":""C"",""startLLA"":{""lat"":37.487441,""lon"":127.100603,""alt"":15},""endLLA"":{""lat"":37.498186,""lon"":127.097989,""alt"":100},""targetSpeed"":36,""seq"":3}","{""phase"":""E"",""startLLA"":{""lat"":37.498186,""lon"":127.097989,""alt"":100},""endLLA"":{""lat"":37.524288,""lon"":127.091639,""alt"":270.1},""targetSpeed"":51.4,""seq"":4}","{""phase"":""E"",""startLLA"":{""lat"":37.524288,""lon"":127.091639,""alt"":270.1},""endLLA"":{""lat"":37.524831,""lon"":127.084797,""alt"":305},""targetSpeed"":51.4,""seq"":5}","{""phase"":""F"",""startLLA"":{""lat"":37.524831,""lon"":127.084797,""alt"":305},""endLLA"":{""lat"":37.526451,""lon"":127.064361,""alt"":305},""targetSpeed"":51.4,""seq"":6}","{""phase"":""F"",""startLLA"":{""lat"":37.526451,""lon"":127.064361,""alt"":305},""endLLA"":{""lat"":37.53537,""lon"":127.034503,""alt"":305},""targetSpeed"":51.4,""seq"":7}","{""phase"":""F"",""startLLA"":{""lat"":37.53537,""lon"":127.034503,""alt"":305},""endLLA"":{""lat"":37.561925,""lon"":127.038491,""alt"":305},""targetSpeed"":51.4,""seq"":8}","{""phase"":""F"",""startLLA"":{""lat"":37.561925,""lon"":127.038491,""alt"":305},""endLLA"":{""lat"":37.581542,""lon"":127.048947,""alt"":305},""targetSpeed"":51.4,""seq"":9}","{""phase"":""F"",""startLLA"":{""lat"":37.581542,""lon"":127.048947,""alt"":305},""endLLA"":{""lat"":37.575947,""lon"":127.024779,""alt"":305},""targetSpeed"":51.4,""seq"":10}","{""phase"":""G"",""startLLA"":{""lat"":37.575947,""lon"":127.024779,""alt"":305},""endLLA"":{""lat"":37.575658,""lon"":127.02353,""alt"":298.4},""targetSpeed"":36,""seq"":11}","{""phase"":""G"",""startLLA"":{""lat"":37.575658,""lon"":127.02353,""alt"":298.4},""endLLA"":{""lat"":37.570521,""lon"":126.984951,""alt"":100},""targetSpeed"":36,""seq"":12}","{""phase"":""I"",""startLLA"":{""lat"":37.570521,""lon"":126.984951,""alt"":100},""endLLA"":{""lat"":37.56901,""lon"":126.973604,""alt"":15},""targetSpeed"":30,""seq"":13}","{""phase"":""J"",""startLLA"":{""lat"":37.56901,""lon"":126.973604,""alt"":15},""endLLA"":{""lat"":37.56901,""lon"":126.973604,""alt"":0},""targetSpeed"":10,""seq"":14}","{""phase"":""K"",""startLLA"":{""lat"":37.56901,""lon"":126.973604,""alt"":0},""endLLA"":{""lat"":37.56901,""lon"":126.973604,""alt"":0},""targetSpeed"":3,""seq"":15}",,,,,,
b4a2894cba5c,2026-06-20,FPL1715002,UAM0095,a8,8,7,0.875,수서,수서,마곡,마곡,7,gate-8,fato-2,gate-7,fato-4,07:20:34,07:29:34,07:47:51,07:55:11,08:05:11,540,1097.98,440,2077.98,0,87.98,ready,수서 > 경부고속도로 양재천 다리 > 채석장 > 180고지 > 영등포 > 목동교 > 염창교 > 가양대교 남단 > 마곡,32.4201,16,"{""phase"":""A"",""startLLA"":{""lat"":37.487441,""lon"":127.100603,""alt"":0},""endLLA"":{""lat"":37.487441,""lon"":127.100603,""alt"":0},""targetSpeed"":3,""seq"":1}","{""phase"":""B"",""startLLA"":{""lat"":37.487441,""lon"":127.100603,""alt"":0},""endLLA"":{""lat"":37.487441,""lon"":127.100603,""alt"":15},""targetSpeed"":10,""seq"":2}","{""phase"":""C"",""startLLA"":{""lat"":37.487441,""lon"":127.100603,""alt"":15},""endLLA"":{""lat"":37.484414,""lon"":127.087505,""alt"":100},""targetSpeed"":36,""seq"":3}","{""phase"":""E"",""startLLA"":{""lat"":37.484414,""lon"":127.087505,""alt"":100},""endLLA"":{""lat"":37.475552,""lon"":127.04916,""alt"":305},""targetSpeed"":51.4,""seq"":4}","{""phase"":""F"",""startLLA"":{""lat"":37.475552,""lon"":127.04916,""alt"":305},""endLLA"":{""lat"":37.471593,""lon"":127.032031,""alt"":305},""targetSpeed"":51.4,""seq"":5}","{""phase"":""F"",""startLLA"":{""lat"":37.471593,""lon"":127.032031,""alt"":305},""endLLA"":{""lat"":37.471285,""lon"":126.985745,""alt"":305},""targetSpeed"":51.4,""seq"":6}","{""phase"":""F"",""startLLA"":{""lat"":37.471285,""lon"":126.985745,""alt"":305},""endLLA"":{""lat"":37.492877,""lon"":126.93949,""alt"":305},""targetSpeed"":51.4,""seq"":7}","{""phase"":""F"",""startLLA"":{""lat"":37.492877,""lon"":126.93949,""alt"":305},""endLLA"":{""lat"":37.515965,""lon"":126.907756,""alt"":305},""targetSpeed"":51.4,""seq"":8}","{""phase"":""F"",""startLLA"":{""lat"":37.515965,""lon"":126.907756,""alt"":305},""endLLA"":{""lat"":37.530667,""lon"":126.888262,""alt"":305},""targetSpeed"":51.4,""seq"":9}","{""phase"":""F"",""startLLA"":{""lat"":37.530667,""lon"":126.888262,""alt"":305},""endLLA"":{""lat"":37.553824,""lon"":126.875819,""alt"":305},""targetSpeed"":51.4,""seq"":10}","{""phase"":""F"",""startLLA"":{""lat"":37.553824,""lon"":126.875819,""alt"":305},""endLLA"":{""lat"":37.569391,""lon"":126.861026,""alt"":305},""targetSpeed"":51.4,""seq"":11}","{""phase"":""F"",""startLLA"":{""lat"":37.569391,""lon"":126.861026,""alt"":305},""endLLA"":{""lat"":37.567856,""lon"":126.842881,""alt"":305},""targetSpeed"":51.4,""seq"":12}","{""phase"":""G"",""startLLA"":{""lat"":37.567856,""lon"":126.842881,""alt"":305},""endLLA"":{""lat"":37.564492,""lon"":126.803122,""alt"":100},""targetSpeed"":36,""seq"":13}","{""phase"":""I"",""startLLA"":{""lat"":37.564492,""lon"":126.803122,""alt"":100},""endLLA"":{""lat"":37.563535,""lon"":126.791805,""alt"":15},""targetSpeed"":30,""seq"":14}","{""phase"":""J"",""startLLA"":{""lat"":37.563535,""lon"":126.791805,""alt"":15},""endLLA"":{""lat"":37.563535,""lon"":126.791805,""alt"":0},""targetSpeed"":10,""seq"":15}","{""phase"":""K"",""startLLA"":{""lat"":37.563535,""lon"":126.791805,""alt"":0},""endLLA"":{""lat"":37.563535,""lon"":126.791805,""alt"":0},""targetSpeed"":3,""seq"":16}",,,,,
b4a2894cba5c,2026-06-20,FPL1716004,UAM0008,a8,8,5,0.625,수서,수서,망우,망우,7,gate-2,fato-1,gate-7,fato-4,07:24:40,07:33:50,07:39:39,07:47:34,07:57:34,550,349.77,474.55,1374.32,70,34.55,ready,수서 > 잠실대교 중간지점 > 천호대교 중간지점 > 아차산 고가차도 > 망우,13.9617,12,"{""phase"":""A"",""startLLA"":{""lat"":37.487441,""lon"":127.100603,""alt"":0},""endLLA"":{""lat"":37.487441,""lon"":127.100603,""alt"":0},""targetSpeed"":3,""seq"":1}","{""phase"":""B"",""startLLA"":{""lat"":37.487441,""lon"":127.100603,""alt"":0},""endLLA"":{""lat"":37.487441,""lon"":127.100603,""alt"":15},""targetSpeed"":10,""seq"":2}","{""phase"":""C"",""startLLA"":{""lat"":37.487441,""lon"":127.100603,""alt"":15},""endLLA"":{""lat"":37.498067,""lon"":127.098018,""alt"":100},""targetSpeed"":36,""seq"":3}","{""phase"":""E"",""startLLA"":{""lat"":37.498067,""lon"":127.098018,""alt"":100},""endLLA"":{""lat"":37.524288,""lon"":127.091639,""alt"":272.79},""targetSpeed"":51.4,""seq"":4}","{""phase"":""E"",""startLLA"":{""lat"":37.524288,""lon"":127.091639,""alt"":272.79},""endLLA"":{""lat"":37.528015,""lon"":127.095801,""alt"":305},""targetSpeed"":51.4,""seq"":5}","{""phase"":""F"",""startLLA"":{""lat"":37.528015,""lon"":127.095801,""alt"":305},""endLLA"":{""lat"":37.5428,""lon"":127.112312,""alt"":305},""targetSpeed"":51.4,""seq"":6}","{""phase"":""F"",""startLLA"":{""lat"":37.5428,""lon"":127.112312,""alt"":305},""endLLA"":{""lat"":37.547423,""lon"":127.097424,""alt"":305},""targetSpeed"":51.4,""seq"":7}","{""phase"":""F"",""startLLA"":{""lat"":37.547423,""lon"":127.097424,""alt"":305},""endLLA"":{""lat"":37.557017,""lon"":127.094987,""alt"":305},""targetSpeed"":51.4,""seq"":8}","{""phase"":""G"",""startLLA"":{""lat"":37.557017,""lon"":127.094987,""alt"":305},""endLLA"":{""lat"":37.588078,""lon"":127.087099,""alt"":100},""targetSpeed"":36,""seq"":9}","{""phase"":""I"",""startLLA"":{""lat"":37.588078,""lon"":127.087099,""alt"":100},""endLLA"":{""lat"":37.596919,""lon"":127.084854,""alt"":15},""targetSpeed"":30,""seq"":10}","{""phase"":""J"",""startLLA"":{""lat"":37.596919,""lon"":127.084854,""alt"":15},""endLLA"":{""lat"":37.596919,""lon"":127.084854,""alt"":0},""targetSpeed"":10,""seq"":11}","{""phase"":""K"",""startLLA"":{""lat"":37.596919,""lon"":127.084854,""alt"":0},""endLLA"":{""lat"":37.596919,""lon"":127.084854,""alt"":0},""targetSpeed"":3,""seq"":12}",,,,,,,,,
b4a2894cba5c,2026-06-20,FPL1705004,UAM0023,a8,8,5,0.625,수서,수서,목동,목동,7,gate-6,fato-2,gate-8,fato-3,07:26:24,07:35:34,07:46:08,07:52:58,08:02:58,550,634.06,410,1594.06,70,129.05,ready,수서 > 경부고속도로 양재천 다리 > 채석장 > 180고지 > 영등포 > 목동,21.941,13,"{""phase"":""A"",""startLLA"":{""lat"":37.487441,""lon"":127.100603,""alt"":0},""endLLA"":{""lat"":37.487441,""lon"":127.100603,""alt"":0},""targetSpeed"":3,""seq"":1}","{""phase"":""B"",""startLLA"":{""lat"":37.487441,""lon"":127.100603,""alt"":0},""endLLA"":{""lat"":37.487441,""lon"":127.100603,""alt"":15},""targetSpeed"":10,""seq"":2}","{""phase"":""C"",""startLLA"":{""lat"":37.487441,""lon"":127.100603,""alt"":15},""endLLA"":{""lat"":37.484413,""lon"":127.087502,""alt"":100},""targetSpeed"":36,""seq"":3}","{""phase"":""E"",""startLLA"":{""lat"":37.484413,""lon"":127.087502,""alt"":100},""endLLA"":{""lat"":37.475548,""lon"":127.049146,""alt"":305},""targetSpeed"":51.4,""seq"":4}","{""phase"":""F"",""startLLA"":{""lat"":37.475548,""lon"":127.049146,""alt"":305},""endLLA"":{""lat"":37.471593,""lon"":127.032031,""alt"":305},""targetSpeed"":51.4,""seq"":5}","{""phase"":""F"",""startLLA"":{""lat"":37.471593,""lon"":127.032031,""alt"":305},""endLLA"":{""lat"":37.471285,""lon"":126.985745,""alt"":305},""targetSpeed"":51.4,""seq"":6}","{""phase"":""F"",""startLLA"":{""lat"":37.471285,""lon"":126.985745,""alt"":305},""endLLA"":{""lat"":37.492877,""lon"":126.93949,""alt"":305},""targetSpeed"":51.4,""seq"":7}","{""phase"":""F"",""startLLA"":{""lat"":37.492877,""lon"":126.93949,""alt"":305},""endLLA"":{""lat"":37.506729,""lon"":126.92045,""alt"":305},""targetSpeed"":51.4,""seq"":8}","{""phase"":""G"",""startLLA"":{""lat"":37.506729,""lon"":126.92045,""alt"":305},""endLLA"":{""lat"":37.515965,""lon"":126.907756,""alt"":216.64},""targetSpeed"":36,""seq"":9}","{""phase"":""G"",""startLLA"":{""lat"":37.515965,""lon"":126.907756,""alt"":216.64},""endLLA"":{""lat"":37.522882,""lon"":126.886751,""alt"":100},""targetSpeed"":36,""seq"":10}","{""phase"":""I"",""startLLA"":{""lat"":37.522882,""lon"":126.886751,""alt"":100},""endLLA"":{""lat"":37.526343,""lon"":126.876243,""alt"":15},""targetSpeed"":30,""seq"":11}","{""phase"":""J"",""startLLA"":{""lat"":37.526343,""lon"":126.876243,""alt"":15},""endLLA"":{""lat"":37.526343,""lon"":126.876243,""alt"":0},""targetSpeed"":10,""seq"":12}","{""phase"":""K"",""startLLA"":{""lat"":37.526343,""lon"":126.876243,""alt"":0},""endLLA"":{""lat"":37.526343,""lon"":126.876243,""alt"":0},""targetSpeed"":3,""seq"":13}",,,,,,,,
b4a2894cba5c,2026-06-20,FPL1707001,UAM0120,a8,8,5,0.625,수서,수서,봉천,봉천,7,gate-1,fato-1,gate-4,fato-4,07:30:00,07:39:50,07:45:49,07:52:39,08:02:39,590,359.05,410,1359.05,140,0,ready,수서 > 경부고속도로 양재천 다리 > 채석장 > 봉천,14.439,11,"{""phase"":""A"",""startLLA"":{""lat"":37.487441,""lon"":127.100603,""alt"":0},""endLLA"":{""lat"":37.487441,""lon"":127.100603,""alt"":0},""targetSpeed"":3,""seq"":1}","{""phase"":""B"",""startLLA"":{""lat"":37.487441,""lon"":127.100603,""alt"":0},""endLLA"":{""lat"":37.487441,""lon"":127.100603,""alt"":15},""targetSpeed"":10,""seq"":2}","{""phase"":""C"",""startLLA"":{""lat"":37.487441,""lon"":127.100603,""alt"":15},""endLLA"":{""lat"":37.484412,""lon"":127.087499,""alt"":100},""targetSpeed"":36,""seq"":3}","{""phase"":""E"",""startLLA"":{""lat"":37.484412,""lon"":127.087499,""alt"":100},""endLLA"":{""lat"":37.475546,""lon"":127.049134,""alt"":305},""targetSpeed"":51.4,""seq"":4}","{""phase"":""F"",""startLLA"":{""lat"":37.475546,""lon"":127.049134,""alt"":305},""endLLA"":{""lat"":37.471593,""lon"":127.032031,""alt"":305},""targetSpeed"":51.4,""seq"":5}","{""phase"":""F"",""startLLA"":{""lat"":37.471593,""lon"":127.032031,""alt"":305},""endLLA"":{""lat"":37.471321,""lon"":126.991206,""alt"":305},""targetSpeed"":51.4,""seq"":6}","{""phase"":""G"",""startLLA"":{""lat"":37.471321,""lon"":126.991206,""alt"":305},""endLLA"":{""lat"":37.471285,""lon"":126.985745,""alt"":276.98},""targetSpeed"":36,""seq"":7}","{""phase"":""G"",""startLLA"":{""lat"":37.471285,""lon"":126.985745,""alt"":276.98},""endLLA"":{""lat"":37.479969,""lon"":126.953031,""alt"":100},""targetSpeed"":36,""seq"":8}","{""phase"":""I"",""startLLA"":{""lat"":37.479969,""lon"":126.953031,""alt"":100},""endLLA"":{""lat"":37.482832,""lon"":126.942245,""alt"":15},""targetSpeed"":30,""seq"":9}","{""phase"":""J"",""startLLA"":{""lat"":37.482832,""lon"":126.942245,""alt"":15},""endLLA"":{""lat"":37.482832,""lon"":126.942245,""alt"":0},""targetSpeed"":10,""seq"":10}","{""phase"":""K"",""startLLA"":{""lat"":37.482832,""lon"":126.942245,""alt"":0},""endLLA"":{""lat"":37.482832,""lon"":126.942245,""alt"":0},""targetSpeed"":3,""seq"":11}",,,,,,,,,,
b4a2894cba5c,2026-06-20,FPL1714002,UAM0058,a2,2,2,1,수서,수서,가산,가산,7,gate-3,fato-2,gate-8,fato-4,07:34:43,07:43:13,07:51:09,07:57:59,08:07:59,510,476.98,410,1396.98,0,0,ready,수서 > 경부고속도로 양재천 다리 > 채석장 > 180고지 > 가산,20.5002,12,"{""phase"":""A"",""startLLA"":{""lat"":37.487441,""lon"":127.100603,""alt"":0},""endLLA"":{""lat"":37.487441,""lon"":127.100603,""alt"":0},""targetSpeed"":3,""seq"":1}","{""phase"":""B"",""startLLA"":{""lat"":37.487441,""lon"":127.100603,""alt"":0},""endLLA"":{""lat"":37.487441,""lon"":127.100603,""alt"":15},""targetSpeed"":10,""seq"":2}","{""phase"":""C"",""startLLA"":{""lat"":37.487441,""lon"":127.100603,""alt"":15},""endLLA"":{""lat"":37.484413,""lon"":127.0875,""alt"":100},""targetSpeed"":36,""seq"":3}","{""phase"":""E"",""startLLA"":{""lat"":37.484413,""lon"":127.0875,""alt"":100},""endLLA"":{""lat"":37.475547,""lon"":127.049139,""alt"":305},""targetSpeed"":51.4,""seq"":4}","{""phase"":""F"",""startLLA"":{""lat"":37.475547,""lon"":127.049139,""alt"":305},""endLLA"":{""lat"":37.471593,""lon"":127.032031,""alt"":305},""targetSpeed"":51.4,""seq"":5}","{""phase"":""F"",""startLLA"":{""lat"":37.471593,""lon"":127.032031,""alt"":305},""endLLA"":{""lat"":37.471285,""lon"":126.985745,""alt"":305},""targetSpeed"":51.4,""seq"":6}","{""phase"":""F"",""startLLA"":{""lat"":37.471285,""lon"":126.985745,""alt"":305},""endLLA"":{""lat"":37.492877,""lon"":126.93949,""alt"":305},""targetSpeed"":51.4,""seq"":7}","{""phase"":""F"",""startLLA"":{""lat"":37.492877,""lon"":126.93949,""alt"":305},""endLLA"":{""lat"":37.492284,""lon"":126.929987,""alt"":305},""targetSpeed"":51.4,""seq"":8}","{""phase"":""G"",""startLLA"":{""lat"":37.492284,""lon"":126.929987,""alt"":305},""endLLA"":{""lat"":37.489799,""lon"":126.890149,""alt"":100},""targetSpeed"":36,""seq"":9}","{""phase"":""I"",""startLLA"":{""lat"":37.489799,""lon"":126.890149,""alt"":100},""endLLA"":{""lat"":37.489091,""lon"":126.878809,""alt"":15},""targetSpeed"":30,""seq"":10}","{""phase"":""J"",""startLLA"":{""lat"":37.489091,""lon"":126.878809,""alt"":15},""endLLA"":{""lat"":37.489091,""lon"":126.878809,""alt"":0},""targetSpeed"":10,""seq"":11}","{""phase"":""K"",""startLLA"":{""lat"":37.489091,""lon"":126.878809,""alt"":0},""endLLA"":{""lat"":37.489091,""lon"":126.878809,""alt"":0},""targetSpeed"":3,""seq"":12}",,,,,,,,,
b4a2894cba5c,2026-06-20,FPL1710001,UAM0081,a2,2,2,1,수서,수서,연신내,연신내,7,gate-4,fato-1,gate-2,fato-3,07:39:32,07:49:40,08:01:10,08:09:00,08:19:00,608.96,689.51,470,1768.46,68.96,0,ready,수서 > 경부고속도로 양재천 다리 > 채석장 > 180고지 > 영등포 > 선유도 17고지 > 성산대교 중간지점 > 수색교 > 연신내,31.4243,16,"{""phase"":""A"",""startLLA"":{""lat"":37.487441,""lon"":127.100603,""alt"":0},""endLLA"":{""lat"":37.487441,""lon"":127.100603,""alt"":0},""targetSpeed"":3,""seq"":1}","{""phase"":""B"",""startLLA"":{""lat"":37.487441,""lon"":127.100603,""alt"":0},""endLLA"":{""lat"":37.487441,""lon"":127.100603,""alt"":15},""targetSpeed"":10,""seq"":2}","{""phase"":""C"",""startLLA"":{""lat"":37.487441,""lon"":127.100603,""alt"":15},""endLLA"":{""lat"":37.484414,""lon"":127.087505,""alt"":100},""targetSpeed"":36,""seq"":3}","{""phase"":""E"",""startLLA"":{""lat"":37.484414,""lon"":127.087505,""alt"":100},""endLLA"":{""lat"":37.475552,""lon"":127.049159,""alt"":305},""targetSpeed"":51.4,""seq"":4}","{""phase"":""F"",""startLLA"":{""lat"":37.475552,""lon"":127.049159,""alt"":305},""endLLA"":{""lat"":37.471593,""lon"":127.032031,""alt"":305},""targetSpeed"":51.4,""seq"":5}","{""phase"":""F"",""startLLA"":{""lat"":37.471593,""lon"":127.032031,""alt"":305},""endLLA"":{""lat"":37.471285,""lon"":126.985745,""alt"":305},""targetSpeed"":51.4,""seq"":6}","{""phase"":""F"",""startLLA"":{""lat"":37.471285,""lon"":126.985745,""alt"":305},""endLLA"":{""lat"":37.492877,""lon"":126.93949,""alt"":305},""targetSpeed"":51.4,""seq"":7}","{""phase"":""F"",""startLLA"":{""lat"":37.492877,""lon"":126.93949,""alt"":305},""endLLA"":{""lat"":37.515965,""lon"":126.907756,""alt"":305},""targetSpeed"":51.4,""seq"":8}","{""phase"":""F"",""startLLA"":{""lat"":37.515965,""lon"":126.907756,""alt"":305},""endLLA"":{""lat"":37.542307,""lon"":126.90249,""alt"":305},""targetSpeed"":51.4,""seq"":9}","{""phase"":""F"",""startLLA"":{""lat"":37.542307,""lon"":126.90249,""alt"":305},""endLLA"":{""lat"":37.552574,""lon"":126.891431,""alt"":305},""targetSpeed"":51.4,""seq"":10}","{""phase"":""F"",""startLLA"":{""lat"":37.552574,""lon"":126.891431,""alt"":305},""endLLA"":{""lat"":37.583689,""lon"":126.886699,""alt"":305},""targetSpeed"":51.4,""seq"":11}","{""phase"":""G"",""startLLA"":{""lat"":37.583689,""lon"":126.886699,""alt"":305},""endLLA"":{""lat"":37.586283,""lon"":126.886304,""alt"":288.1},""targetSpeed"":36,""seq"":12}","{""phase"":""G"",""startLLA"":{""lat"":37.586283,""lon"":126.886304,""alt"":288.1},""endLLA"":{""lat"":37.605258,""lon"":126.914118,""alt"":100},""targetSpeed"":36,""seq"":13}","{""phase"":""I"",""startLLA"":{""lat"":37.605258,""lon"":126.914118,""alt"":100},""endLLA"":{""lat"":37.611145,""lon"":126.922747,""alt"":15},""targetSpeed"":30,""seq"":14}","{""phase"":""J"",""startLLA"":{""lat"":37.611145,""lon"":126.922747,""alt"":15},""endLLA"":{""lat"":37.611145,""lon"":126.922747,""alt"":0},""targetSpeed"":10,""seq"":15}","{""phase"":""K"",""startLLA"":{""lat"":37.611145,""lon"":126.922747,""alt"":0},""endLLA"":{""lat"":37.611145,""lon"":126.922747,""alt"":0},""targetSpeed"":3,""seq"":16}",,,,,
b4a2894cba5c,2026-06-20,FPL1701002,UAM0129,a2,2,2,1,수서,수서,여의도,여의도,7,gate-8,fato-2,gate-3,fato-4,07:40:12,07:51:11,07:59:12,08:06:32,08:16:32,659.26,480.96,440,1580.22,119.26,0,ready,수서 > 경부고속도로 양재천 다리 > 채석장 > 180고지 > 영등포 > 여의도,20.7047,13,"{""phase"":""A"",""startLLA"":{""lat"":37.487441,""lon"":127.100603,""alt"":0},""endLLA"":{""lat"":37.487441,""lon"":127.100603,""alt"":0},""targetSpeed"":3,""seq"":1}","{""phase"":""B"",""startLLA"":{""lat"":37.487441,""lon"":127.100603,""alt"":0},""endLLA"":{""lat"":37.487441,""lon"":127.100603,""alt"":15},""targetSpeed"":10,""seq"":2}","{""phase"":""C"",""startLLA"":{""lat"":37.487441,""lon"":127.100603,""alt"":15},""endLLA"":{""lat"":37.484413,""lon"":127.087501,""alt"":100},""targetSpeed"":36,""seq"":3}","{""phase"":""E"",""startLLA"":{""lat"":37.484413,""lon"":127.087501,""alt"":100},""endLLA"":{""lat"":37.475548,""lon"":127.049145,""alt"":305},""targetSpeed"":51.4,""seq"":4}","{""phase"":""F"",""startLLA"":{""lat"":37.475548,""lon"":127.049145,""alt"":305},""endLLA"":{""lat"":37.471593,""lon"":127.032031,""alt"":305},""targetSpeed"":51.4,""seq"":5}","{""phase"":""F"",""startLLA"":{""lat"":37.471593,""lon"":127.032031,""alt"":305},""endLLA"":{""lat"":37.471285,""lon"":126.985745,""alt"":305},""targetSpeed"":51.4,""seq"":6}","{""phase"":""F"",""startLLA"":{""lat"":37.471285,""lon"":126.985745,""alt"":305},""endLLA"":{""lat"":37.492877,""lon"":126.93949,""alt"":305},""targetSpeed"":51.4,""seq"":7}","{""phase"":""F"",""startLLA"":{""lat"":37.492877,""lon"":126.93949,""alt"":305},""endLLA"":{""lat"":37.49922,""lon"":126.930772,""alt"":305},""targetSpeed"":51.4,""seq"":8}","{""phase"":""G"",""startLLA"":{""lat"":37.49922,""lon"":126.930772,""alt"":305},""endLLA"":{""lat"":37.515965,""lon"":126.907756,""alt"":144.8},""targetSpeed"":36,""seq"":9}","{""phase"":""G"",""startLLA"":{""lat"":37.515965,""lon"":126.907756,""alt"":144.8},""endLLA"":{""lat"":37.520546,""lon"":126.914309,""alt"":100},""targetSpeed"":36,""seq"":10}","{""phase"":""I"",""startLLA"":{""lat"":37.520546,""lon"":126.914309,""alt"":100},""endLLA"":{""lat"":37.526513,""lon"":126.922845,""alt"":15},""targetSpeed"":30,""seq"":11}","{""phase"":""J"",""startLLA"":{""lat"":37.526513,""lon"":126.922845,""alt"":15},""endLLA"":{""lat"":37.526513,""lon"":126.922845,""alt"":0},""targetSpeed"":10,""seq"":12}","{""phase"":""K"",""startLLA"":{""lat"":37.526513,""lon"":126.922845,""alt"":0},""endLLA"":{""lat"":37.526513,""lon"":126.922845,""alt"":0},""targetSpeed"":3,""seq"":13}",,,,,,,,
b4a2894cba5c,2026-06-20,FPL1701003,UAM0071,a8,8,3,0.375,수서,수서,여의도,여의도,7,gate-7,fato-1,gate-8,fato-3,07:52:21,08:00:51,08:08:51,08:15:41,08:25:41,510,480.96,410,1400.96,0,0,ready,수서 > 경부고속도로 양재천 다리 > 채석장 > 180고지 > 영등포 > 여의도,20.7047,13,"{""phase"":""A"",""startLLA"":{""lat"":37.487441,""lon"":127.100603,""alt"":0},""endLLA"":{""lat"":37.487441,""lon"":127.100603,""alt"":0},""targetSpeed"":3,""seq"":1}","{""phase"":""B"",""startLLA"":{""lat"":37.487441,""lon"":127.100603,""alt"":0},""endLLA"":{""lat"":37.487441,""lon"":127.100603,""alt"":15},""targetSpeed"":10,""seq"":2}","{""phase"":""C"",""startLLA"":{""lat"":37.487441,""lon"":127.100603,""alt"":15},""endLLA"":{""lat"":37.484413,""lon"":127.087501,""alt"":100},""targetSpeed"":36,""seq"":3}","{""phase"":""E"",""startLLA"":{""lat"":37.484413,""lon"":127.087501,""alt"":100},""endLLA"":{""lat"":37.475548,""lon"":127.049145,""alt"":305},""targetSpeed"":51.4,""seq"":4}","{""phase"":""F"",""startLLA"":{""lat"":37.475548,""lon"":127.049145,""alt"":305},""endLLA"":{""lat"":37.471593,""lon"":127.032031,""alt"":305},""targetSpeed"":51.4,""seq"":5}","{""phase"":""F"",""startLLA"":{""lat"":37.471593,""lon"":127.032031,""alt"":305},""endLLA"":{""lat"":37.471285,""lon"":126.985745,""alt"":305},""targetSpeed"":51.4,""seq"":6}","{""phase"":""F"",""startLLA"":{""lat"":37.471285,""lon"":126.985745,""alt"":305},""endLLA"":{""lat"":37.492877,""lon"":126.93949,""alt"":305},""targetSpeed"":51.4,""seq"":7}","{""phase"":""F"",""startLLA"":{""lat"":37.492877,""lon"":126.93949,""alt"":305},""endLLA"":{""lat"":37.49922,""lon"":126.930772,""alt"":305},""targetSpeed"":51.4,""seq"":8}","{""phase"":""G"",""startLLA"":{""lat"":37.49922,""lon"":126.930772,""alt"":305},""endLLA"":{""lat"":37.515965,""lon"":126.907756,""alt"":144.8},""targetSpeed"":36,""seq"":9}","{""phase"":""G"",""startLLA"":{""lat"":37.515965,""lon"":126.907756,""alt"":144.8},""endLLA"":{""lat"":37.520546,""lon"":126.914309,""alt"":100},""targetSpeed"":36,""seq"":10}","{""phase"":""I"",""startLLA"":{""lat"":37.520546,""lon"":126.914309,""alt"":100},""endLLA"":{""lat"":37.526513,""lon"":126.922845,""alt"":15},""targetSpeed"":30,""seq"":11}","{""phase"":""J"",""startLLA"":{""lat"":37.526513,""lon"":126.922845,""alt"":15},""endLLA"":{""lat"":37.526513,""lon"":126.922845,""alt"":0},""targetSpeed"":10,""seq"":12}","{""phase"":""K"",""startLLA"":{""lat"":37.526513,""lon"":126.922845,""alt"":0},""endLLA"":{""lat"":37.526513,""lon"":126.922845,""alt"":0},""targetSpeed"":3,""seq"":13}",,,,,,,,
b4a2894cba5c,2026-06-20,FPL1714003,UAM0083,a4,4,2,0.5,수서,수서,가산,가산,7,gate-3,fato-2,gate-4,fato-4,07:53:52,08:02:22,08:10:18,08:17:08,08:27:08,510,476.98,410,1396.98,0,0,ready,수서 > 경부고속도로 양재천 다리 > 채석장 > 180고지 > 가산,20.5002,12,"{""phase"":""A"",""startLLA"":{""lat"":37.487441,""lon"":127.100603,""alt"":0},""endLLA"":{""lat"":37.487441,""lon"":127.100603,""alt"":0},""targetSpeed"":3,""seq"":1}","{""phase"":""B"",""startLLA"":{""lat"":37.487441,""lon"":127.100603,""alt"":0},""endLLA"":{""lat"":37.487441,""lon"":127.100603,""alt"":15},""targetSpeed"":10,""seq"":2}","{""phase"":""C"",""startLLA"":{""lat"":37.487441,""lon"":127.100603,""alt"":15},""endLLA"":{""lat"":37.484413,""lon"":127.0875,""alt"":100},""targetSpeed"":36,""seq"":3}","{""phase"":""E"",""startLLA"":{""lat"":37.484413,""lon"":127.0875,""alt"":100},""endLLA"":{""lat"":37.475547,""lon"":127.049139,""alt"":305},""targetSpeed"":51.4,""seq"":4}","{""phase"":""F"",""startLLA"":{""lat"":37.475547,""lon"":127.049139,""alt"":305},""endLLA"":{""lat"":37.471593,""lon"":127.032031,""alt"":305},""targetSpeed"":51.4,""seq"":5}","{""phase"":""F"",""startLLA"":{""lat"":37.471593,""lon"":127.032031,""alt"":305},""endLLA"":{""lat"":37.471285,""lon"":126.985745,""alt"":305},""targetSpeed"":51.4,""seq"":6}","{""phase"":""F"",""startLLA"":{""lat"":37.471285,""lon"":126.985745,""alt"":305},""endLLA"":{""lat"":37.492877,""lon"":126.93949,""alt"":305},""targetSpeed"":51.4,""seq"":7}","{""phase"":""F"",""startLLA"":{""lat"":37.492877,""lon"":126.93949,""alt"":305},""endLLA"":{""lat"":37.492284,""lon"":126.929987,""alt"":305},""targetSpeed"":51.4,""seq"":8}","{""phase"":""G"",""startLLA"":{""lat"":37.492284,""lon"":126.929987,""alt"":305},""endLLA"":{""lat"":37.489799,""lon"":126.890149,""alt"":100},""targetSpeed"":36,""seq"":9}","{""phase"":""I"",""startLLA"":{""lat"":37.489799,""lon"":126.890149,""alt"":100},""endLLA"":{""lat"":37.489091,""lon"":126.878809,""alt"":15},""targetSpeed"":30,""seq"":10}","{""phase"":""J"",""startLLA"":{""lat"":37.489091,""lon"":126.878809,""alt"":15},""endLLA"":{""lat"":37.489091,""lon"":126.878809,""alt"":0},""targetSpeed"":10,""seq"":11}","{""phase"":""K"",""startLLA"":{""lat"":37.489091,""lon"":126.878809,""alt"":0},""endLLA"":{""lat"":37.489091,""lon"":126.878809,""alt"":0},""targetSpeed"":3,""seq"":12}",,,,,,,,,
b4a2894cba5c,2026-06-20,FPL1705005,UAM0111,a8,8,7,0.875,수서,수서,목동,목동,8,gate-4,fato-1,gate-4,fato-3,08:03:57,08:12:57,08:25:02,08:31:52,08:41:52,540,725.18,410,1675.18,0,220.17,ready,수서 > 경부고속도로 양재천 다리 > 채석장 > 180고지 > 영등포 > 목동,21.941,13,"{""phase"":""A"",""startLLA"":{""lat"":37.487441,""lon"":127.100603,""alt"":0},""endLLA"":{""lat"":37.487441,""lon"":127.100603,""alt"":0},""targetSpeed"":3,""seq"":1}","{""phase"":""B"",""startLLA"":{""lat"":37.487441,""lon"":127.100603,""alt"":0},""endLLA"":{""lat"":37.487441,""lon"":127.100603,""alt"":15},""targetSpeed"":10,""seq"":2}","{""phase"":""C"",""startLLA"":{""lat"":37.487441,""lon"":127.100603,""alt"":15},""endLLA"":{""lat"":37.484413,""lon"":127.087502,""alt"":100},""targetSpeed"":36,""seq"":3}","{""phase"":""E"",""startLLA"":{""lat"":37.484413,""lon"":127.087502,""alt"":100},""endLLA"":{""lat"":37.475548,""lon"":127.049146,""alt"":305},""targetSpeed"":51.4,""seq"":4}","{""phase"":""F"",""startLLA"":{""lat"":37.475548,""lon"":127.049146,""alt"":305},""endLLA"":{""lat"":37.471593,""lon"":127.032031,""alt"":305},""targetSpeed"":51.4,""seq"":5}","{""phase"":""F"",""startLLA"":{""lat"":37.471593,""lon"":127.032031,""alt"":305},""endLLA"":{""lat"":37.471285,""lon"":126.985745,""alt"":305},""targetSpeed"":51.4,""seq"":6}","{""phase"":""F"",""startLLA"":{""lat"":37.471285,""lon"":126.985745,""alt"":305},""endLLA"":{""lat"":37.492877,""lon"":126.93949,""alt"":305},""targetSpeed"":51.4,""seq"":7}","{""phase"":""F"",""startLLA"":{""lat"":37.492877,""lon"":126.93949,""alt"":305},""endLLA"":{""lat"":37.506729,""lon"":126.92045,""alt"":305},""targetSpeed"":51.4,""seq"":8}","{""phase"":""G"",""startLLA"":{""lat"":37.506729,""lon"":126.92045,""alt"":305},""endLLA"":{""lat"":37.515965,""lon"":126.907756,""alt"":216.64},""targetSpeed"":36,""seq"":9}","{""phase"":""G"",""startLLA"":{""lat"":37.515965,""lon"":126.907756,""alt"":216.64},""endLLA"":{""lat"":37.522882,""lon"":126.886751,""alt"":100},""targetSpeed"":36,""seq"":10}","{""phase"":""I"",""startLLA"":{""lat"":37.522882,""lon"":126.886751,""alt"":100},""endLLA"":{""lat"":37.526343,""lon"":126.876243,""alt"":15},""targetSpeed"":30,""seq"":11}","{""phase"":""J"",""startLLA"":{""lat"":37.526343,""lon"":126.876243,""alt"":15},""endLLA"":{""lat"":37.526343,""lon"":126.876243,""alt"":0},""targetSpeed"":10,""seq"":12}","{""phase"":""K"",""startLLA"":{""lat"":37.526343,""lon"":126.876243,""alt"":0},""endLLA"":{""lat"":37.526343,""lon"":126.876243,""alt"":0},""targetSpeed"":3,""seq"":13}",,,,,,,,
b4a2894cba5c,2026-06-20,FPL1710002,UAM0031,a8,8,7,0.875,수서,수서,연신내,연신내,8,gate-8,fato-1,gate-3,fato-3,08:20:01,08:29:01,08:40:30,08:47:50,08:57:50,540,689.51,440,1669.51,0,0,ready,수서 > 경부고속도로 양재천 다리 > 채석장 > 180고지 > 영등포 > 선유도 17고지 > 성산대교 중간지점 > 수색교 > 연신내,31.4243,16,"{""phase"":""A"",""startLLA"":{""lat"":37.487441,""lon"":127.100603,""alt"":0},""endLLA"":{""lat"":37.487441,""lon"":127.100603,""alt"":0},""targetSpeed"":3,""seq"":1}","{""phase"":""B"",""startLLA"":{""lat"":37.487441,""lon"":127.100603,""alt"":0},""endLLA"":{""lat"":37.487441,""lon"":127.100603,""alt"":15},""targetSpeed"":10,""seq"":2}","{""phase"":""C"",""startLLA"":{""lat"":37.487441,""lon"":127.100603,""alt"":15},""endLLA"":{""lat"":37.484414,""lon"":127.087505,""alt"":100},""targetSpeed"":36,""seq"":3}","{""phase"":""E"",""startLLA"":{""lat"":37.484414,""lon"":127.087505,""alt"":100},""endLLA"":{""lat"":37.475552,""lon"":127.049159,""alt"":305},""targetSpeed"":51.4,""seq"":4}","{""phase"":""F"",""startLLA"":{""lat"":37.475552,""lon"":127.049159,""alt"":305},""endLLA"":{""lat"":37.471593,""lon"":127.032031,""alt"":305},""targetSpeed"":51.4,""seq"":5}","{""phase"":""F"",""startLLA"":{""lat"":37.471593,""lon"":127.032031,""alt"":305},""endLLA"":{""lat"":37.471285,""lon"":126.985745,""alt"":305},""targetSpeed"":51.4,""seq"":6}","{""phase"":""F"",""startLLA"":{""lat"":37.471285,""lon"":126.985745,""alt"":305},""endLLA"":{""lat"":37.492877,""lon"":126.93949,""alt"":305},""targetSpeed"":51.4,""seq"":7}","{""phase"":""F"",""startLLA"":{""lat"":37.492877,""lon"":126.93949,""alt"":305},""endLLA"":{""lat"":37.515965,""lon"":126.907756,""alt"":305},""targetSpeed"":51.4,""seq"":8}","{""phase"":""F"",""startLLA"":{""lat"":37.515965,""lon"":126.907756,""alt"":305},""endLLA"":{""lat"":37.542307,""lon"":126.90249,""alt"":305},""targetSpeed"":51.4,""seq"":9}","{""phase"":""F"",""startLLA"":{""lat"":37.542307,""lon"":126.90249,""alt"":305},""endLLA"":{""lat"":37.552574,""lon"":126.891431,""alt"":305},""targetSpeed"":51.4,""seq"":10}","{""phase"":""F"",""startLLA"":{""lat"":37.552574,""lon"":126.891431,""alt"":305},""endLLA"":{""lat"":37.583689,""lon"":126.886699,""alt"":305},""targetSpeed"":51.4,""seq"":11}","{""phase"":""G"",""startLLA"":{""lat"":37.583689,""lon"":126.886699,""alt"":305},""endLLA"":{""lat"":37.586283,""lon"":126.886304,""alt"":288.1},""targetSpeed"":36,""seq"":12}","{""phase"":""G"",""startLLA"":{""lat"":37.586283,""lon"":126.886304,""alt"":288.1},""endLLA"":{""lat"":37.605258,""lon"":126.914118,""alt"":100},""targetSpeed"":36,""seq"":13}","{""phase"":""I"",""startLLA"":{""lat"":37.605258,""lon"":126.914118,""alt"":100},""endLLA"":{""lat"":37.611145,""lon"":126.922747,""alt"":15},""targetSpeed"":30,""seq"":14}","{""phase"":""J"",""startLLA"":{""lat"":37.611145,""lon"":126.922747,""alt"":15},""endLLA"":{""lat"":37.611145,""lon"":126.922747,""alt"":0},""targetSpeed"":10,""seq"":15}","{""phase"":""K"",""startLLA"":{""lat"":37.611145,""lon"":126.922747,""alt"":0},""endLLA"":{""lat"":37.611145,""lon"":126.922747,""alt"":0},""targetSpeed"":3,""seq"":16}",,,,,
b4a2894cba5c,2026-06-20,FPL1708002,UAM0027,a4,4,4,1,수서,수서,사당,사당,8,gate-4,fato-1,gate-4,fato-3,08:26:40,08:35:40,08:40:26,08:47:16,08:57:16,540,286.87,410,1236.87,0,0,ready,수서 > 경부고속도로 양재천 다리 > 사당,10.7285,10,"{""phase"":""A"",""startLLA"":{""lat"":37.487441,""lon"":127.100603,""alt"":0},""endLLA"":{""lat"":37.487441,""lon"":127.100603,""alt"":0},""targetSpeed"":3,""seq"":1}","{""phase"":""B"",""startLLA"":{""lat"":37.487441,""lon"":127.100603,""alt"":0},""endLLA"":{""lat"":37.487441,""lon"":127.100603,""alt"":15},""targetSpeed"":10,""seq"":2}","{""phase"":""C"",""startLLA"":{""lat"":37.487441,""lon"":127.100603,""alt"":15},""endLLA"":{""lat"":37.484412,""lon"":127.087499,""alt"":100},""targetSpeed"":36,""seq"":3}","{""phase"":""E"",""startLLA"":{""lat"":37.484412,""lon"":127.087499,""alt"":100},""endLLA"":{""lat"":37.475546,""lon"":127.049134,""alt"":305},""targetSpeed"":51.4,""seq"":4}","{""phase"":""F"",""startLLA"":{""lat"":37.475546,""lon"":127.049134,""alt"":305},""endLLA"":{""lat"":37.471861,""lon"":127.033189,""alt"":305},""targetSpeed"":51.4,""seq"":5}","{""phase"":""G"",""startLLA"":{""lat"":37.471861,""lon"":127.033189,""alt"":305},""endLLA"":{""lat"":37.471593,""lon"":127.032031,""alt"":298.81},""targetSpeed"":36,""seq"":6}","{""phase"":""G"",""startLLA"":{""lat"":37.471593,""lon"":127.032031,""alt"":298.81},""endLLA"":{""lat"":37.47482,""lon"":126.993495,""alt"":100},""targetSpeed"":36,""seq"":7}","{""phase"":""I"",""startLLA"":{""lat"":37.47482,""lon"":126.993495,""alt"":100},""endLLA"":{""lat"":37.475767,""lon"":126.982185,""alt"":15},""targetSpeed"":30,""seq"":8}","{""phase"":""J"",""startLLA"":{""lat"":37.475767,""lon"":126.982185,""alt"":15},""endLLA"":{""lat"":37.475767,""lon"":126.982185,""alt"":0},""targetSpeed"":10,""seq"":9}","{""phase"":""K"",""startLLA"":{""lat"":37.475767,""lon"":126.982185,""alt"":0},""endLLA"":{""lat"":37.475767,""lon"":126.982185,""alt"":0},""targetSpeed"":3,""seq"":10}",,,,,,,,,,,
b4a2894cba5c,2026-06-20,FPL1712003,UAM0128,a8,8,5,0.625,수서,수서,광화문,광화문,8,gate-3,fato-2,gate-3,fato-4,08:27:58,08:36:28,08:44:41,08:52:01,09:02:01,510,493.05,440,1443.05,0,0,ready,수서 > 잠실대교 중간지점 > 청담대교 중간지점 > 성수대교 남단 > 왕십리역 > 청량리 > 신설동역 > 광화문,21.5406,15,"{""phase"":""A"",""startLLA"":{""lat"":37.487441,""lon"":127.100603,""alt"":0},""endLLA"":{""lat"":37.487441,""lon"":127.100603,""alt"":0},""targetSpeed"":3,""seq"":1}","{""phase"":""B"",""startLLA"":{""lat"":37.487441,""lon"":127.100603,""alt"":0},""endLLA"":{""lat"":37.487441,""lon"":127.100603,""alt"":15},""targetSpeed"":10,""seq"":2}","{""phase"":""C"",""startLLA"":{""lat"":37.487441,""lon"":127.100603,""alt"":15},""endLLA"":{""lat"":37.498186,""lon"":127.097989,""alt"":100},""targetSpeed"":36,""seq"":3}","{""phase"":""E"",""startLLA"":{""lat"":37.498186,""lon"":127.097989,""alt"":100},""endLLA"":{""lat"":37.524288,""lon"":127.091639,""alt"":270.1},""targetSpeed"":51.4,""seq"":4}","{""phase"":""E"",""startLLA"":{""lat"":37.524288,""lon"":127.091639,""alt"":270.1},""endLLA"":{""lat"":37.524831,""lon"":127.084797,""alt"":305},""targetSpeed"":51.4,""seq"":5}","{""phase"":""F"",""startLLA"":{""lat"":37.524831,""lon"":127.084797,""alt"":305},""endLLA"":{""lat"":37.526451,""lon"":127.064361,""alt"":305},""targetSpeed"":51.4,""seq"":6}","{""phase"":""F"",""startLLA"":{""lat"":37.526451,""lon"":127.064361,""alt"":305},""endLLA"":{""lat"":37.53537,""lon"":127.034503,""alt"":305},""targetSpeed"":51.4,""seq"":7}","{""phase"":""F"",""startLLA"":{""lat"":37.53537,""lon"":127.034503,""alt"":305},""endLLA"":{""lat"":37.561925,""lon"":127.038491,""alt"":305},""targetSpeed"":51.4,""seq"":8}","{""phase"":""F"",""startLLA"":{""lat"":37.561925,""lon"":127.038491,""alt"":305},""endLLA"":{""lat"":37.581542,""lon"":127.048947,""alt"":305},""targetSpeed"":51.4,""seq"":9}","{""phase"":""F"",""startLLA"":{""lat"":37.581542,""lon"":127.048947,""alt"":305},""endLLA"":{""lat"":37.575947,""lon"":127.024779,""alt"":305},""targetSpeed"":51.4,""seq"":10}","{""phase"":""G"",""startLLA"":{""lat"":37.575947,""lon"":127.024779,""alt"":305},""endLLA"":{""lat"":37.575658,""lon"":127.02353,""alt"":298.4},""targetSpeed"":36,""seq"":11}","{""phase"":""G"",""startLLA"":{""lat"":37.575658,""lon"":127.02353,""alt"":298.4},""endLLA"":{""lat"":37.570521,""lon"":126.984951,""alt"":100},""targetSpeed"":36,""seq"":12}","{""phase"":""I"",""startLLA"":{""lat"":37.570521,""lon"":126.984951,""alt"":100},""endLLA"":{""lat"":37.56901,""lon"":126.973604,""alt"":15},""targetSpeed"":30,""seq"":13}","{""phase"":""J"",""startLLA"":{""lat"":37.56901,""lon"":126.973604,""alt"":15},""endLLA"":{""lat"":37.56901,""lon"":126.973604,""alt"":0},""targetSpeed"":10,""seq"":14}","{""phase"":""K"",""startLLA"":{""lat"":37.56901,""lon"":126.973604,""alt"":0},""endLLA"":{""lat"":37.56901,""lon"":126.973604,""alt"":0},""targetSpeed"":3,""seq"":15}",,,,,,
b4a2894cba5c,2026-06-20,FPL1703001,UAM0025,a2,2,2,1,수서,수서,상암,상암,8,gate-7,fato-1,gate-6,fato-3,08:34:34,08:43:24,08:53:19,09:01:09,09:11:09,530.01,595.05,470,1595.06,20.01,42.71,ready,수서 > 경부고속도로 양재천 다리 > 채석장 > 180고지 > 영등포 > 선유도 17고지 > 상암,24.374,14,"{""phase"":""A"",""startLLA"":{""lat"":37.487441,""lon"":127.100603,""alt"":0},""endLLA"":{""lat"":37.487441,""lon"":127.100603,""alt"":0},""targetSpeed"":3,""seq"":1}","{""phase"":""B"",""startLLA"":{""lat"":37.487441,""lon"":127.100603,""alt"":0},""endLLA"":{""lat"":37.487441,""lon"":127.100603,""alt"":15},""targetSpeed"":10,""seq"":2}","{""phase"":""C"",""startLLA"":{""lat"":37.487441,""lon"":127.100603,""alt"":15},""endLLA"":{""lat"":37.484413,""lon"":127.087503,""alt"":100},""targetSpeed"":36,""seq"":3}","{""phase"":""E"",""startLLA"":{""lat"":37.484413,""lon"":127.087503,""alt"":100},""endLLA"":{""lat"":37.47555,""lon"":127.04915,""alt"":305},""targetSpeed"":51.4,""seq"":4}","{""phase"":""F"",""startLLA"":{""lat"":37.47555,""lon"":127.04915,""alt"":305},""endLLA"":{""lat"":37.471593,""lon"":127.032031,""alt"":305},""targetSpeed"":51.4,""seq"":5}","{""phase"":""F"",""startLLA"":{""lat"":37.471593,""lon"":127.032031,""alt"":305},""endLLA"":{""lat"":37.471285,""lon"":126.985745,""alt"":305},""targetSpeed"":51.4,""seq"":6}","{""phase"":""F"",""startLLA"":{""lat"":37.471285,""lon"":126.985745,""alt"":305},""endLLA"":{""lat"":37.492877,""lon"":126.93949,""alt"":305},""targetSpeed"":51.4,""seq"":7}","{""phase"":""F"",""startLLA"":{""lat"":37.492877,""lon"":126.93949,""alt"":305},""endLLA"":{""lat"":37.515965,""lon"":126.907756,""alt"":305},""targetSpeed"":51.4,""seq"":8}","{""phase"":""F"",""startLLA"":{""lat"":37.515965,""lon"":126.907756,""alt"":305},""endLLA"":{""lat"":37.524052,""lon"":126.906139,""alt"":305},""targetSpeed"":51.4,""seq"":9}","{""phase"":""G"",""startLLA"":{""lat"":37.524052,""lon"":126.906139,""alt"":305},""endLLA"":{""lat"":37.542307,""lon"":126.90249,""alt"":185.47},""targetSpeed"":36,""seq"":10}","{""phase"":""G"",""startLLA"":{""lat"":37.542307,""lon"":126.90249,""alt"":185.47},""endLLA"":{""lat"":37.554178,""lon"":126.89516,""alt"":100},""targetSpeed"":36,""seq"":11}","{""phase"":""I"",""startLLA"":{""lat"":37.554178,""lon"":126.89516,""alt"":100},""endLLA"":{""lat"":37.562282,""lon"":126.890156,""alt"":15},""targetSpeed"":30,""seq"":12}","{""phase"":""J"",""startLLA"":{""lat"":37.562282,""lon"":126.890156,""alt"":15},""endLLA"":{""lat"":37.562282,""lon"":126.890156,""alt"":0},""targetSpeed"":10,""seq"":13}","{""phase"":""K"",""startLLA"":{""lat"":37.562282,""lon"":126.890156,""alt"":0},""endLLA"":{""lat"":37.562282,""lon"":126.890156,""alt"":0},""targetSpeed"":3,""seq"":14}",,,,,,,
b4a2894cba5c,2026-06-20,FPL1706002,UAM0016,a8,8,5,0.625,수서,수서,미아,미아,8,gate-8,fato-2,gate-7,fato-4,08:37:50,08:46:50,08:54:51,09:02:11,09:12:11,540,481.13,440,1461.13,0,0,ready,수서 > 잠실대교 중간지점 > 천호대교 중간지점 > 아차산 고가차도 > 상봉 > 월릉교 > 미아,20.7137,14,"{""phase"":""A"",""startLLA"":{""lat"":37.487441,""lon"":127.100603,""alt"":0},""endLLA"":{""lat"":37.487441,""lon"":127.100603,""alt"":0},""targetSpeed"":3,""seq"":1}","{""phase"":""B"",""startLLA"":{""lat"":37.487441,""lon"":127.100603,""alt"":0},""endLLA"":{""lat"":37.487441,""lon"":127.100603,""alt"":15},""targetSpeed"":10,""seq"":2}","{""phase"":""C"",""startLLA"":{""lat"":37.487441,""lon"":127.100603,""alt"":15},""endLLA"":{""lat"":37.498065,""lon"":127.098018,""alt"":100},""targetSpeed"":36,""seq"":3}","{""phase"":""E"",""startLLA"":{""lat"":37.498065,""lon"":127.098018,""alt"":100},""endLLA"":{""lat"":37.524288,""lon"":127.091639,""alt"":272.84},""targetSpeed"":51.4,""seq"":4}","{""phase"":""E"",""startLLA"":{""lat"":37.524288,""lon"":127.091639,""alt"":272.84},""endLLA"":{""lat"":37.528008,""lon"":127.095794,""alt"":305},""targetSpeed"":51.4,""seq"":5}","{""phase"":""F"",""startLLA"":{""lat"":37.528008,""lon"":127.095794,""alt"":305},""endLLA"":{""lat"":37.5428,""lon"":127.112312,""alt"":305},""targetSpeed"":51.4,""seq"":6}","{""phase"":""F"",""startLLA"":{""lat"":37.5428,""lon"":127.112312,""alt"":305},""endLLA"":{""lat"":37.547423,""lon"":127.097424,""alt"":305},""targetSpeed"":51.4,""seq"":7}","{""phase"":""F"",""startLLA"":{""lat"":37.547423,""lon"":127.097424,""alt"":305},""endLLA"":{""lat"":37.596919,""lon"":127.084854,""alt"":305},""targetSpeed"":51.4,""seq"":8}","{""phase"":""F"",""startLLA"":{""lat"":37.596919,""lon"":127.084854,""alt"":305},""endLLA"":{""lat"":37.614366,""lon"":127.072716,""alt"":305},""targetSpeed"":51.4,""seq"":9}","{""phase"":""G"",""startLLA"":{""lat"":37.614366,""lon"":127.072716,""alt"":305},""endLLA"":{""lat"":37.616266,""lon"":127.071394,""alt"":290.96},""targetSpeed"":36,""seq"":10}","{""phase"":""G"",""startLLA"":{""lat"":37.616266,""lon"":127.071394,""alt"":290.96},""endLLA"":{""lat"":37.626944,""lon"":127.036665,""alt"":100},""targetSpeed"":36,""seq"":11}","{""phase"":""I"",""startLLA"":{""lat"":37.626944,""lon"":127.036665,""alt"":100},""endLLA"":{""lat"":37.630207,""lon"":127.026053,""alt"":15},""targetSpeed"":30,""seq"":12}","{""phase"":""J"",""startLLA"":{""lat"":37.630207,""lon"":127.026053,""alt"":15},""endLLA"":{""lat"":37.630207,""lon"":127.026053,""alt"":0},""targetSpeed"":10,""seq"":13}","{""phase"":""K"",""startLLA"":{""lat"":37.630207,""lon"":127.026053,""alt"":0},""endLLA"":{""lat"":37.630207,""lon"":127.026053,""alt"":0},""targetSpeed"":3,""seq"":14}",,,,,,,
b4a2894cba5c,2026-06-20,FPL1707002,UAM0023,a8,8,5,0.625,수서,수서,봉천,봉천,8,gate-2,fato-1,gate-3,fato-3,08:41:45,08:49:45,08:55:44,09:03:04,09:13:04,480,359.05,440,1279.05,0,0,ready,수서 > 경부고속도로 양재천 다리 > 채석장 > 봉천,14.439,11,"{""phase"":""A"",""startLLA"":{""lat"":37.487441,""lon"":127.100603,""alt"":0},""endLLA"":{""lat"":37.487441,""lon"":127.100603,""alt"":0},""targetSpeed"":3,""seq"":1}","{""phase"":""B"",""startLLA"":{""lat"":37.487441,""lon"":127.100603,""alt"":0},""endLLA"":{""lat"":37.487441,""lon"":127.100603,""alt"":15},""targetSpeed"":10,""seq"":2}","{""phase"":""C"",""startLLA"":{""lat"":37.487441,""lon"":127.100603,""alt"":15},""endLLA"":{""lat"":37.484412,""lon"":127.087499,""alt"":100},""targetSpeed"":36,""seq"":3}","{""phase"":""E"",""startLLA"":{""lat"":37.484412,""lon"":127.087499,""alt"":100},""endLLA"":{""lat"":37.475546,""lon"":127.049134,""alt"":305},""targetSpeed"":51.4,""seq"":4}","{""phase"":""F"",""startLLA"":{""lat"":37.475546,""lon"":127.049134,""alt"":305},""endLLA"":{""lat"":37.471593,""lon"":127.032031,""alt"":305},""targetSpeed"":51.4,""seq"":5}","{""phase"":""F"",""startLLA"":{""lat"":37.471593,""lon"":127.032031,""alt"":305},""endLLA"":{""lat"":37.471321,""lon"":126.991206,""alt"":305},""targetSpeed"":51.4,""seq"":6}","{""phase"":""G"",""startLLA"":{""lat"":37.471321,""lon"":126.991206,""alt"":305},""endLLA"":{""lat"":37.471285,""lon"":126.985745,""alt"":276.98},""targetSpeed"":36,""seq"":7}","{""phase"":""G"",""startLLA"":{""lat"":37.471285,""lon"":126.985745,""alt"":276.98},""endLLA"":{""lat"":37.479969,""lon"":126.953031,""alt"":100},""targetSpeed"":36,""seq"":8}","{""phase"":""I"",""startLLA"":{""lat"":37.479969,""lon"":126.953031,""alt"":100},""endLLA"":{""lat"":37.482832,""lon"":126.942245,""alt"":15},""targetSpeed"":30,""seq"":9}","{""phase"":""J"",""startLLA"":{""lat"":37.482832,""lon"":126.942245,""alt"":15},""endLLA"":{""lat"":37.482832,""lon"":126.942245,""alt"":0},""targetSpeed"":10,""seq"":10}","{""phase"":""K"",""startLLA"":{""lat"":37.482832,""lon"":126.942245,""alt"":0},""endLLA"":{""lat"":37.482832,""lon"":126.942245,""alt"":0},""targetSpeed"":3,""seq"":11}",,,,,,,,,,
b4a2894cba5c,2026-06-20,FPL1714004,UAM0047,a8,8,4,0.5,수서,수서,가산,가산,8,gate-6,fato-2,gate-8,fato-3,08:43:40,08:52:50,09:06:36,09:13:26,09:23:26,550,826.31,410,1786.31,70,349.33,ready,수서 > 경부고속도로 양재천 다리 > 채석장 > 180고지 > 가산,20.5002,12,"{""phase"":""A"",""startLLA"":{""lat"":37.487441,""lon"":127.100603,""alt"":0},""endLLA"":{""lat"":37.487441,""lon"":127.100603,""alt"":0},""targetSpeed"":3,""seq"":1}","{""phase"":""B"",""startLLA"":{""lat"":37.487441,""lon"":127.100603,""alt"":0},""endLLA"":{""lat"":37.487441,""lon"":127.100603,""alt"":15},""targetSpeed"":10,""seq"":2}","{""phase"":""C"",""startLLA"":{""lat"":37.487441,""lon"":127.100603,""alt"":15},""endLLA"":{""lat"":37.484413,""lon"":127.0875,""alt"":100},""targetSpeed"":36,""seq"":3}","{""phase"":""E"",""startLLA"":{""lat"":37.484413,""lon"":127.0875,""alt"":100},""endLLA"":{""lat"":37.475547,""lon"":127.049139,""alt"":305},""targetSpeed"":51.4,""seq"":4}","{""phase"":""F"",""startLLA"":{""lat"":37.475547,""lon"":127.049139,""alt"":305},""endLLA"":{""lat"":37.471593,""lon"":127.032031,""alt"":305},""targetSpeed"":51.4,""seq"":5}","{""phase"":""F"",""startLLA"":{""lat"":37.471593,""lon"":127.032031,""alt"":305},""endLLA"":{""lat"":37.471285,""lon"":126.985745,""alt"":305},""targetSpeed"":51.4,""seq"":6}","{""phase"":""F"",""startLLA"":{""lat"":37.471285,""lon"":126.985745,""alt"":305},""endLLA"":{""lat"":37.492877,""lon"":126.93949,""alt"":305},""targetSpeed"":51.4,""seq"":7}","{""phase"":""F"",""startLLA"":{""lat"":37.492877,""lon"":126.93949,""alt"":305},""endLLA"":{""lat"":37.492284,""lon"":126.929987,""alt"":305},""targetSpeed"":51.4,""seq"":8}","{""phase"":""G"",""startLLA"":{""lat"":37.492284,""lon"":126.929987,""alt"":305},""endLLA"":{""lat"":37.489799,""lon"":126.890149,""alt"":100},""targetSpeed"":36,""seq"":9}","{""phase"":""I"",""startLLA"":{""lat"":37.489799,""lon"":126.890149,""alt"":100},""endLLA"":{""lat"":37.489091,""lon"":126.878809,""alt"":15},""targetSpeed"":30,""seq"":10}","{""phase"":""J"",""startLLA"":{""lat"":37.489091,""lon"":126.878809,""alt"":15},""endLLA"":{""lat"":37.489091,""lon"":126.878809,""alt"":0},""targetSpeed"":10,""seq"":11}","{""phase"":""K"",""startLLA"":{""lat"":37.489091,""lon"":126.878809,""alt"":0},""endLLA"":{""lat"":37.489091,""lon"":126.878809,""alt"":0},""targetSpeed"":3,""seq"":12}",,,,,,,,,
b4a2894cba5c,2026-06-20,FPL1703002,UAM0042,a2,2,2,1,수서,수서,상암,상암,8,gate-1,fato-1,gate-8,fato-3,08:47:05,08:55:45,09:04:57,09:11:47,09:21:47,520,552.34,410,1482.34,70,0,ready,수서 > 경부고속도로 양재천 다리 > 채석장 > 180고지 > 영등포 > 선유도 17고지 > 상암,24.374,14,"{""phase"":""A"",""startLLA"":{""lat"":37.487441,""lon"":127.100603,""alt"":0},""endLLA"":{""lat"":37.487441,""lon"":127.100603,""alt"":0},""targetSpeed"":3,""seq"":1}","{""phase"":""B"",""startLLA"":{""lat"":37.487441,""lon"":127.100603,""alt"":0},""endLLA"":{""lat"":37.487441,""lon"":127.100603,""alt"":15},""targetSpeed"":10,""seq"":2}","{""phase"":""C"",""startLLA"":{""lat"":37.487441,""lon"":127.100603,""alt"":15},""endLLA"":{""lat"":37.484413,""lon"":127.087503,""alt"":100},""targetSpeed"":36,""seq"":3}","{""phase"":""E"",""startLLA"":{""lat"":37.484413,""lon"":127.087503,""alt"":100},""endLLA"":{""lat"":37.47555,""lon"":127.04915,""alt"":305},""targetSpeed"":51.4,""seq"":4}","{""phase"":""F"",""startLLA"":{""lat"":37.47555,""lon"":127.04915,""alt"":305},""endLLA"":{""lat"":37.471593,""lon"":127.032031,""alt"":305},""targetSpeed"":51.4,""seq"":5}","{""phase"":""F"",""startLLA"":{""lat"":37.471593,""lon"":127.032031,""alt"":305},""endLLA"":{""lat"":37.471285,""lon"":126.985745,""alt"":305},""targetSpeed"":51.4,""seq"":6}","{""phase"":""F"",""startLLA"":{""lat"":37.471285,""lon"":126.985745,""alt"":305},""endLLA"":{""lat"":37.492877,""lon"":126.93949,""alt"":305},""targetSpeed"":51.4,""seq"":7}","{""phase"":""F"",""startLLA"":{""lat"":37.492877,""lon"":126.93949,""alt"":305},""endLLA"":{""lat"":37.515965,""lon"":126.907756,""alt"":305},""targetSpeed"":51.4,""seq"":8}","{""phase"":""F"",""startLLA"":{""lat"":37.515965,""lon"":126.907756,""alt"":305},""endLLA"":{""lat"":37.524052,""lon"":126.906139,""alt"":305},""targetSpeed"":51.4,""seq"":9}","{""phase"":""G"",""startLLA"":{""lat"":37.524052,""lon"":126.906139,""alt"":305},""endLLA"":{""lat"":37.542307,""lon"":126.90249,""alt"":185.47},""targetSpeed"":36,""seq"":10}","{""phase"":""G"",""startLLA"":{""lat"":37.542307,""lon"":126.90249,""alt"":185.47},""endLLA"":{""lat"":37.554178,""lon"":126.89516,""alt"":100},""targetSpeed"":36,""seq"":11}","{""phase"":""I"",""startLLA"":{""lat"":37.554178,""lon"":126.89516,""alt"":100},""endLLA"":{""lat"":37.562282,""lon"":126.890156,""alt"":15},""targetSpeed"":30,""seq"":12}","{""phase"":""J"",""startLLA"":{""lat"":37.562282,""lon"":126.890156,""alt"":15},""endLLA"":{""lat"":37.562282,""lon"":126.890156,""alt"":0},""targetSpeed"":10,""seq"":13}","{""phase"":""K"",""startLLA"":{""lat"":37.562282,""lon"":126.890156,""alt"":0},""endLLA"":{""lat"":37.562282,""lon"":126.890156,""alt"":0},""targetSpeed"":3,""seq"":14}",,,,,,,
b4a2894cba5c,2026-06-20,FPL1704001,UAM0018,a2,2,2,1,수서,수서,용산,용산,8,gate-5,fato-2,gate-8,fato-3,08:49:00,08:58:50,09:07:01,09:13:51,09:23:51,590,491.46,410,1491.46,140,0,ready,수서 > 잠실대교 중간지점 > 청담대교 중간지점 > 성수대교 남단 > 주흥교 > 이수고가차로 > 상도터널 > 용산,21.2449,15,"{""phase"":""A"",""startLLA"":{""lat"":37.487441,""lon"":127.100603,""alt"":0},""endLLA"":{""lat"":37.487441,""lon"":127.100603,""alt"":0},""targetSpeed"":3,""seq"":1}","{""phase"":""B"",""startLLA"":{""lat"":37.487441,""lon"":127.100603,""alt"":0},""endLLA"":{""lat"":37.487441,""lon"":127.100603,""alt"":15},""targetSpeed"":10,""seq"":2}","{""phase"":""C"",""startLLA"":{""lat"":37.487441,""lon"":127.100603,""alt"":15},""endLLA"":{""lat"":37.498069,""lon"":127.098017,""alt"":100},""targetSpeed"":36,""seq"":3}","{""phase"":""E"",""startLLA"":{""lat"":37.498069,""lon"":127.098017,""alt"":100},""endLLA"":{""lat"":37.524288,""lon"":127.091639,""alt"":272.74},""targetSpeed"":51.4,""seq"":4}","{""phase"":""E"",""startLLA"":{""lat"":37.524288,""lon"":127.091639,""alt"":272.74},""endLLA"":{""lat"":37.524784,""lon"":127.085383,""alt"":305},""targetSpeed"":51.4,""seq"":5}","{""phase"":""F"",""startLLA"":{""lat"":37.524784,""lon"":127.085383,""alt"":305},""endLLA"":{""lat"":37.526451,""lon"":127.064361,""alt"":305},""targetSpeed"":51.4,""seq"":6}","{""phase"":""F"",""startLLA"":{""lat"":37.526451,""lon"":127.064361,""alt"":305},""endLLA"":{""lat"":37.53537,""lon"":127.034503,""alt"":305},""targetSpeed"":51.4,""seq"":7}","{""phase"":""F"",""startLLA"":{""lat"":37.53537,""lon"":127.034503,""alt"":305},""endLLA"":{""lat"":37.509486,""lon"":127.016026,""alt"":305},""targetSpeed"":51.4,""seq"":8}","{""phase"":""F"",""startLLA"":{""lat"":37.509486,""lon"":127.016026,""alt"":305},""endLLA"":{""lat"":37.497738,""lon"":126.983721,""alt"":305},""targetSpeed"":51.4,""seq"":9}","{""phase"":""F"",""startLLA"":{""lat"":37.497738,""lon"":126.983721,""alt"":305},""endLLA"":{""lat"":37.500804,""lon"":126.974867,""alt"":305},""targetSpeed"":51.4,""seq"":10}","{""phase"":""G"",""startLLA"":{""lat"":37.500804,""lon"":126.974867,""alt"":305},""endLLA"":{""lat"":37.508684,""lon"":126.95211,""alt"":177.57},""targetSpeed"":36,""seq"":11}","{""phase"":""G"",""startLLA"":{""lat"":37.508684,""lon"":126.95211,""alt"":177.57},""endLLA"":{""lat"":37.520333,""lon"":126.955695,""alt"":100},""targetSpeed"":36,""seq"":12}","{""phase"":""I"",""startLLA"":{""lat"":37.520333,""lon"":126.955695,""alt"":100},""endLLA"":{""lat"":37.529096,""lon"":126.958391,""alt"":15},""targetSpeed"":30,""seq"":13}","{""phase"":""J"",""startLLA"":{""lat"":37.529096,""lon"":126.958391,""alt"":15},""endLLA"":{""lat"":37.529096,""lon"":126.958391,""alt"":0},""targetSpeed"":10,""seq"":14}","{""phase"":""K"",""startLLA"":{""lat"":37.529096,""lon"":126.958391,""alt"":0},""endLLA"":{""lat"":37.529096,""lon"":126.958391,""alt"":0},""targetSpeed"":3,""seq"":15}",,,,,,
b4a2894cba5c,2026-06-20,FPL1708003,UAM0065,a2,2,2,1,수서,수서,사당,사당,8,gate-4,fato-1,gate-3,fato-3,08:50:25,09:01:45,09:10:28,09:17:48,09:27:48,680,523.7,440,1643.7,140,236.84,ready,수서 > 경부고속도로 양재천 다리 > 사당,10.7285,10,"{""phase"":""A"",""startLLA"":{""lat"":37.487441,""lon"":127.100603,""alt"":0},""endLLA"":{""lat"":37.487441,""lon"":127.100603,""alt"":0},""targetSpeed"":3,""seq"":1}","{""phase"":""B"",""startLLA"":{""lat"":37.487441,""lon"":127.100603,""alt"":0},""endLLA"":{""lat"":37.487441,""lon"":127.100603,""alt"":15},""targetSpeed"":10,""seq"":2}","{""phase"":""C"",""startLLA"":{""lat"":37.487441,""lon"":127.100603,""alt"":15},""endLLA"":{""lat"":37.484412,""lon"":127.087499,""alt"":100},""targetSpeed"":36,""seq"":3}","{""phase"":""E"",""startLLA"":{""lat"":37.484412,""lon"":127.087499,""alt"":100},""endLLA"":{""lat"":37.475546,""lon"":127.049134,""alt"":305},""targetSpeed"":51.4,""seq"":4}","{""phase"":""F"",""startLLA"":{""lat"":37.475546,""lon"":127.049134,""alt"":305},""endLLA"":{""lat"":37.471861,""lon"":127.033189,""alt"":305},""targetSpeed"":51.4,""seq"":5}","{""phase"":""G"",""startLLA"":{""lat"":37.471861,""lon"":127.033189,""alt"":305},""endLLA"":{""lat"":37.471593,""lon"":127.032031,""alt"":298.81},""targetSpeed"":36,""seq"":6}","{""phase"":""G"",""startLLA"":{""lat"":37.471593,""lon"":127.032031,""alt"":298.81},""endLLA"":{""lat"":37.47482,""lon"":126.993495,""alt"":100},""targetSpeed"":36,""seq"":7}","{""phase"":""I"",""startLLA"":{""lat"":37.47482,""lon"":126.993495,""alt"":100},""endLLA"":{""lat"":37.475767,""lon"":126.982185,""alt"":15},""targetSpeed"":30,""seq"":8}","{""phase"":""J"",""startLLA"":{""lat"":37.475767,""lon"":126.982185,""alt"":15},""endLLA"":{""lat"":37.475767,""lon"":126.982185,""alt"":0},""targetSpeed"":10,""seq"":9}","{""phase"":""K"",""startLLA"":{""lat"":37.475767,""lon"":126.982185,""alt"":0},""endLLA"":{""lat"":37.475767,""lon"":126.982185,""alt"":0},""targetSpeed"":3,""seq"":10}",,,,,,,,,,,
b4a2894cba5c,2026-06-20,FPL1701004,UAM0124,a4,4,3,0.75,수서,수서,여의도,여의도,8,gate-3,fato-2,gate-4,fato-3,08:52:50,09:04:50,09:12:50,09:19:40,09:29:40,720,480.96,410,1610.96,210,0,ready,수서 > 경부고속도로 양재천 다리 > 채석장 > 180고지 > 영등포 > 여의도,20.7047,13,"{""phase"":""A"",""startLLA"":{""lat"":37.487441,""lon"":127.100603,""alt"":0},""endLLA"":{""lat"":37.487441,""lon"":127.100603,""alt"":0},""targetSpeed"":3,""seq"":1}","{""phase"":""B"",""startLLA"":{""lat"":37.487441,""lon"":127.100603,""alt"":0},""endLLA"":{""lat"":37.487441,""lon"":127.100603,""alt"":15},""targetSpeed"":10,""seq"":2}","{""phase"":""C"",""startLLA"":{""lat"":37.487441,""lon"":127.100603,""alt"":15},""endLLA"":{""lat"":37.484413,""lon"":127.087501,""alt"":100},""targetSpeed"":36,""seq"":3}","{""phase"":""E"",""startLLA"":{""lat"":37.484413,""lon"":127.087501,""alt"":100},""endLLA"":{""lat"":37.475548,""lon"":127.049145,""alt"":305},""targetSpeed"":51.4,""seq"":4}","{""phase"":""F"",""startLLA"":{""lat"":37.475548,""lon"":127.049145,""alt"":305},""endLLA"":{""lat"":37.471593,""lon"":127.032031,""alt"":305},""targetSpeed"":51.4,""seq"":5}","{""phase"":""F"",""startLLA"":{""lat"":37.471593,""lon"":127.032031,""alt"":305},""endLLA"":{""lat"":37.471285,""lon"":126.985745,""alt"":305},""targetSpeed"":51.4,""seq"":6}","{""phase"":""F"",""startLLA"":{""lat"":37.471285,""lon"":126.985745,""alt"":305},""endLLA"":{""lat"":37.492877,""lon"":126.93949,""alt"":305},""targetSpeed"":51.4,""seq"":7}","{""phase"":""F"",""startLLA"":{""lat"":37.492877,""lon"":126.93949,""alt"":305},""endLLA"":{""lat"":37.49922,""lon"":126.930772,""alt"":305},""targetSpeed"":51.4,""seq"":8}","{""phase"":""G"",""startLLA"":{""lat"":37.49922,""lon"":126.930772,""alt"":305},""endLLA"":{""lat"":37.515965,""lon"":126.907756,""alt"":144.8},""targetSpeed"":36,""seq"":9}","{""phase"":""G"",""startLLA"":{""lat"":37.515965,""lon"":126.907756,""alt"":144.8},""endLLA"":{""lat"":37.520546,""lon"":126.914309,""alt"":100},""targetSpeed"":36,""seq"":10}","{""phase"":""I"",""startLLA"":{""lat"":37.520546,""lon"":126.914309,""alt"":100},""endLLA"":{""lat"":37.526513,""lon"":126.922845,""alt"":15},""targetSpeed"":30,""seq"":11}","{""phase"":""J"",""startLLA"":{""lat"":37.526513,""lon"":126.922845,""alt"":15},""endLLA"":{""lat"":37.526513,""lon"":126.922845,""alt"":0},""targetSpeed"":10,""seq"":12}","{""phase"":""K"",""startLLA"":{""lat"":37.526513,""lon"":126.922845,""alt"":0},""endLLA"":{""lat"":37.526513,""lon"":126.922845,""alt"":0},""targetSpeed"":3,""seq"":13}",,,,,,,,
b4a2894cba5c,2026-06-20,FPL1715003,UAM0105,a2,2,1,0.5,수서,수서,마곡,마곡,8,gate-7,fato-1,gate-1,fato-4,08:56:22,09:07:45,09:22:13,09:30:33,09:40:33,682.04,868.98,500,2051.03,210,160.1,ready,수서 > 경부고속도로 양재천 다리 > 채석장 > 180고지 > 영등포 > 목동교 > 염창교 > 가양대교 남단 > 마곡,32.4201,16,"{""phase"":""A"",""startLLA"":{""lat"":37.487441,""lon"":127.100603,""alt"":0},""endLLA"":{""lat"":37.487441,""lon"":127.100603,""alt"":0},""targetSpeed"":3,""seq"":1}","{""phase"":""B"",""startLLA"":{""lat"":37.487441,""lon"":127.100603,""alt"":0},""endLLA"":{""lat"":37.487441,""lon"":127.100603,""alt"":15},""targetSpeed"":10,""seq"":2}","{""phase"":""C"",""startLLA"":{""lat"":37.487441,""lon"":127.100603,""alt"":15},""endLLA"":{""lat"":37.484414,""lon"":127.087505,""alt"":100},""targetSpeed"":36,""seq"":3}","{""phase"":""E"",""startLLA"":{""lat"":37.484414,""lon"":127.087505,""alt"":100},""endLLA"":{""lat"":37.475552,""lon"":127.04916,""alt"":305},""targetSpeed"":51.4,""seq"":4}","{""phase"":""F"",""startLLA"":{""lat"":37.475552,""lon"":127.04916,""alt"":305},""endLLA"":{""lat"":37.471593,""lon"":127.032031,""alt"":305},""targetSpeed"":51.4,""seq"":5}","{""phase"":""F"",""startLLA"":{""lat"":37.471593,""lon"":127.032031,""alt"":305},""endLLA"":{""lat"":37.471285,""lon"":126.985745,""alt"":305},""targetSpeed"":51.4,""seq"":6}","{""phase"":""F"",""startLLA"":{""lat"":37.471285,""lon"":126.985745,""alt"":305},""endLLA"":{""lat"":37.492877,""lon"":126.93949,""alt"":305},""targetSpeed"":51.4,""seq"":7}","{""phase"":""F"",""startLLA"":{""lat"":37.492877,""lon"":126.93949,""alt"":305},""endLLA"":{""lat"":37.515965,""lon"":126.907756,""alt"":305},""targetSpeed"":51.4,""seq"":8}","{""phase"":""F"",""startLLA"":{""lat"":37.515965,""lon"":126.907756,""alt"":305},""endLLA"":{""lat"":37.530667,""lon"":126.888262,""alt"":305},""targetSpeed"":51.4,""seq"":9}","{""phase"":""F"",""startLLA"":{""lat"":37.530667,""lon"":126.888262,""alt"":305},""endLLA"":{""lat"":37.553824,""lon"":126.875819,""alt"":305},""targetSpeed"":51.4,""seq"":10}","{""phase"":""F"",""startLLA"":{""lat"":37.553824,""lon"":126.875819,""alt"":305},""endLLA"":{""lat"":37.569391,""lon"":126.861026,""alt"":305},""targetSpeed"":51.4,""seq"":11}","{""phase"":""F"",""startLLA"":{""lat"":37.569391,""lon"":126.861026,""alt"":305},""endLLA"":{""lat"":37.567856,""lon"":126.842881,""alt"":305},""targetSpeed"":51.4,""seq"":12}","{""phase"":""G"",""startLLA"":{""lat"":37.567856,""lon"":126.842881,""alt"":305},""endLLA"":{""lat"":37.564492,""lon"":126.803122,""alt"":100},""targetSpeed"":36,""seq"":13}","{""phase"":""I"",""startLLA"":{""lat"":37.564492,""lon"":126.803122,""alt"":100},""endLLA"":{""lat"":37.563535,""lon"":126.791805,""alt"":15},""targetSpeed"":30,""seq"":14}","{""phase"":""J"",""startLLA"":{""lat"":37.563535,""lon"":126.791805,""alt"":15},""endLLA"":{""lat"":37.563535,""lon"":126.791805,""alt"":0},""targetSpeed"":10,""seq"":15}","{""phase"":""K"",""startLLA"":{""lat"":37.563535,""lon"":126.791805,""alt"":0},""endLLA"":{""lat"":37.563535,""lon"":126.791805,""alt"":0},""targetSpeed"":3,""seq"":16}",,,,,
b4a2894cba5c,2026-06-20,FPL1716005,UAM0060,a4,4,1,0.25,수서,수서,망우,망우,8,gate-8,fato-2,gate-7,fato-4,08:57:45,09:10:50,09:19:24,09:26:44,09:36:44,785,514.9,440,1739.9,245,165.13,ready,수서 > 잠실대교 중간지점 > 천호대교 중간지점 > 아차산 고가차도 > 망우,13.9617,12,"{""phase"":""A"",""startLLA"":{""lat"":37.487441,""lon"":127.100603,""alt"":0},""endLLA"":{""lat"":37.487441,""lon"":127.100603,""alt"":0},""targetSpeed"":3,""seq"":1}","{""phase"":""B"",""startLLA"":{""lat"":37.487441,""lon"":127.100603,""alt"":0},""endLLA"":{""lat"":37.487441,""lon"":127.100603,""alt"":15},""targetSpeed"":10,""seq"":2}","{""phase"":""C"",""startLLA"":{""lat"":37.487441,""lon"":127.100603,""alt"":15},""endLLA"":{""lat"":37.498067,""lon"":127.098018,""alt"":100},""targetSpeed"":36,""seq"":3}","{""phase"":""E"",""startLLA"":{""lat"":37.498067,""lon"":127.098018,""alt"":100},""endLLA"":{""lat"":37.524288,""lon"":127.091639,""alt"":272.79},""targetSpeed"":51.4,""seq"":4}","{""phase"":""E"",""startLLA"":{""lat"":37.524288,""lon"":127.091639,""alt"":272.79},""endLLA"":{""lat"":37.528015,""lon"":127.095801,""alt"":305},""targetSpeed"":51.4,""seq"":5}","{""phase"":""F"",""startLLA"":{""lat"":37.528015,""lon"":127.095801,""alt"":305},""endLLA"":{""lat"":37.5428,""lon"":127.112312,""alt"":305},""targetSpeed"":51.4,""seq"":6}","{""phase"":""F"",""startLLA"":{""lat"":37.5428,""lon"":127.112312,""alt"":305},""endLLA"":{""lat"":37.547423,""lon"":127.097424,""alt"":305},""targetSpeed"":51.4,""seq"":7}","{""phase"":""F"",""startLLA"":{""lat"":37.547423,""lon"":127.097424,""alt"":305},""endLLA"":{""lat"":37.557017,""lon"":127.094987,""alt"":305},""targetSpeed"":51.4,""seq"":8}","{""phase"":""G"",""startLLA"":{""lat"":37.557017,""lon"":127.094987,""alt"":305},""endLLA"":{""lat"":37.588078,""lon"":127.087099,""alt"":100},""targetSpeed"":36,""seq"":9}","{""phase"":""I"",""startLLA"":{""lat"":37.588078,""lon"":127.087099,""alt"":100},""endLLA"":{""lat"":37.596919,""lon"":127.084854,""alt"":15},""targetSpeed"":30,""seq"":10}","{""phase"":""J"",""startLLA"":{""lat"":37.596919,""lon"":127.084854,""alt"":15},""endLLA"":{""lat"":37.596919,""lon"":127.084854,""alt"":0},""targetSpeed"":10,""seq"":11}","{""phase"":""K"",""startLLA"":{""lat"":37.596919,""lon"":127.084854,""alt"":0},""endLLA"":{""lat"":37.596919,""lon"":127.084854,""alt"":0},""targetSpeed"":3,""seq"":12}",,,,,,,,,
b4a2894cba5c,2026-06-20,FPL1705006,UAM0112,a8,8,8,1,수서,수서,목동,목동,9,gate-2,fato-1,gate-8,fato-3,09:03:01,09:13:45,09:22:10,09:29:00,09:39:00,644,505.01,410,1559.01,164,0,ready,수서 > 경부고속도로 양재천 다리 > 채석장 > 180고지 > 영등포 > 목동,21.941,13,"{""phase"":""A"",""startLLA"":{""lat"":37.487441,""lon"":127.100603,""alt"":0},""endLLA"":{""lat"":37.487441,""lon"":127.100603,""alt"":0},""targetSpeed"":3,""seq"":1}","{""phase"":""B"",""startLLA"":{""lat"":37.487441,""lon"":127.100603,""alt"":0},""endLLA"":{""lat"":37.487441,""lon"":127.100603,""alt"":15},""targetSpeed"":10,""seq"":2}","{""phase"":""C"",""startLLA"":{""lat"":37.487441,""lon"":127.100603,""alt"":15},""endLLA"":{""lat"":37.484413,""lon"":127.087502,""alt"":100},""targetSpeed"":36,""seq"":3}","{""phase"":""E"",""startLLA"":{""lat"":37.484413,""lon"":127.087502,""alt"":100},""endLLA"":{""lat"":37.475548,""lon"":127.049146,""alt"":305},""targetSpeed"":51.4,""seq"":4}","{""phase"":""F"",""startLLA"":{""lat"":37.475548,""lon"":127.049146,""alt"":305},""endLLA"":{""lat"":37.471593,""lon"":127.032031,""alt"":305},""targetSpeed"":51.4,""seq"":5}","{""phase"":""F"",""startLLA"":{""lat"":37.471593,""lon"":127.032031,""alt"":305},""endLLA"":{""lat"":37.471285,""lon"":126.985745,""alt"":305},""targetSpeed"":51.4,""seq"":6}","{""phase"":""F"",""startLLA"":{""lat"":37.471285,""lon"":126.985745,""alt"":305},""endLLA"":{""lat"":37.492877,""lon"":126.93949,""alt"":305},""targetSpeed"":51.4,""seq"":7}","{""phase"":""F"",""startLLA"":{""lat"":37.492877,""lon"":126.93949,""alt"":305},""endLLA"":{""lat"":37.506729,""lon"":126.92045,""alt"":305},""targetSpeed"":51.4,""seq"":8}","{""phase"":""G"",""startLLA"":{""lat"":37.506729,""lon"":126.92045,""alt"":305},""endLLA"":{""lat"":37.515965,""lon"":126.907756,""alt"":216.64},""targetSpeed"":36,""seq"":9}","{""phase"":""G"",""startLLA"":{""lat"":37.515965,""lon"":126.907756,""alt"":216.64},""endLLA"":{""lat"":37.522882,""lon"":126.886751,""alt"":100},""targetSpeed"":36,""seq"":10}","{""phase"":""I"",""startLLA"":{""lat"":37.522882,""lon"":126.886751,""alt"":100},""endLLA"":{""lat"":37.526343,""lon"":126.876243,""alt"":15},""targetSpeed"":30,""seq"":11}","{""phase"":""J"",""startLLA"":{""lat"":37.526343,""lon"":126.876243,""alt"":15},""endLLA"":{""lat"":37.526343,""lon"":126.876243,""alt"":0},""targetSpeed"":10,""seq"":12}","{""phase"":""K"",""startLLA"":{""lat"":37.526343,""lon"":126.876243,""alt"":0},""endLLA"":{""lat"":37.526343,""lon"":126.876243,""alt"":0},""targetSpeed"":3,""seq"":13}",,,,,,,,
b4a2894cba5c,2026-06-20,FPL1712004,UAM0039,a8,8,7,0.875,수서,수서,광화문,광화문,9,gate-6,fato-2,gate-4,fato-3,09:08:43,09:16:50,09:25:03,09:31:53,09:41:53,487,493.05,410,1390.05,7,0,ready,수서 > 잠실대교 중간지점 > 청담대교 중간지점 > 성수대교 남단 > 왕십리역 > 청량리 > 신설동역 > 광화문,21.5406,15,"{""phase"":""A"",""startLLA"":{""lat"":37.487441,""lon"":127.100603,""alt"":0},""endLLA"":{""lat"":37.487441,""lon"":127.100603,""alt"":0},""targetSpeed"":3,""seq"":1}","{""phase"":""B"",""startLLA"":{""lat"":37.487441,""lon"":127.100603,""alt"":0},""endLLA"":{""lat"":37.487441,""lon"":127.100603,""alt"":15},""targetSpeed"":10,""seq"":2}","{""phase"":""C"",""startLLA"":{""lat"":37.487441,""lon"":127.100603,""alt"":15},""endLLA"":{""lat"":37.498186,""lon"":127.097989,""alt"":100},""targetSpeed"":36,""seq"":3}","{""phase"":""E"",""startLLA"":{""lat"":37.498186,""lon"":127.097989,""alt"":100},""endLLA"":{""lat"":37.524288,""lon"":127.091639,""alt"":270.1},""targetSpeed"":51.4,""seq"":4}","{""phase"":""E"",""startLLA"":{""lat"":37.524288,""lon"":127.091639,""alt"":270.1},""endLLA"":{""lat"":37.524831,""lon"":127.084797,""alt"":305},""targetSpeed"":51.4,""seq"":5}","{""phase"":""F"",""startLLA"":{""lat"":37.524831,""lon"":127.084797,""alt"":305},""endLLA"":{""lat"":37.526451,""lon"":127.064361,""alt"":305},""targetSpeed"":51.4,""seq"":6}","{""phase"":""F"",""startLLA"":{""lat"":37.526451,""lon"":127.064361,""alt"":305},""endLLA"":{""lat"":37.53537,""lon"":127.034503,""alt"":305},""targetSpeed"":51.4,""seq"":7}","{""phase"":""F"",""startLLA"":{""lat"":37.53537,""lon"":127.034503,""alt"":305},""endLLA"":{""lat"":37.561925,""lon"":127.038491,""alt"":305},""targetSpeed"":51.4,""seq"":8}","{""phase"":""F"",""startLLA"":{""lat"":37.561925,""lon"":127.038491,""alt"":305},""endLLA"":{""lat"":37.581542,""lon"":127.048947,""alt"":305},""targetSpeed"":51.4,""seq"":9}","{""phase"":""F"",""startLLA"":{""lat"":37.581542,""lon"":127.048947,""alt"":305},""endLLA"":{""lat"":37.575947,""lon"":127.024779,""alt"":305},""targetSpeed"":51.4,""seq"":10}","{""phase"":""G"",""startLLA"":{""lat"":37.575947,""lon"":127.024779,""alt"":305},""endLLA"":{""lat"":37.575658,""lon"":127.02353,""alt"":298.4},""targetSpeed"":36,""seq"":11}","{""phase"":""G"",""startLLA"":{""lat"":37.575658,""lon"":127.02353,""alt"":298.4},""endLLA"":{""lat"":37.570521,""lon"":126.984951,""alt"":100},""targetSpeed"":36,""seq"":12}","{""phase"":""I"",""startLLA"":{""lat"":37.570521,""lon"":126.984951,""alt"":100},""endLLA"":{""lat"":37.56901,""lon"":126.973604,""alt"":15},""targetSpeed"":30,""seq"":13}","{""phase"":""J"",""startLLA"":{""lat"":37.56901,""lon"":126.973604,""alt"":15},""endLLA"":{""lat"":37.56901,""lon"":126.973604,""alt"":0},""targetSpeed"":10,""seq"":14}","{""phase"":""K"",""startLLA"":{""lat"":37.56901,""lon"":126.973604,""alt"":0},""endLLA"":{""lat"":37.56901,""lon"":126.973604,""alt"":0},""targetSpeed"":3,""seq"":15}",,,,,,
b4a2894cba5c,2026-06-20,FPL1716006,UAM0061,a6,6,6,1,수서,수서,망우,망우,9,gate-4,fato-1,gate-1,fato-3,09:09:35,09:19:45,09:28:10,09:36:30,09:46:30,610,505.95,500,1615.95,70,156.18,ready,수서 > 잠실대교 중간지점 > 천호대교 중간지점 > 아차산 고가차도 > 망우,13.9617,12,"{""phase"":""A"",""startLLA"":{""lat"":37.487441,""lon"":127.100603,""alt"":0},""endLLA"":{""lat"":37.487441,""lon"":127.100603,""alt"":0},""targetSpeed"":3,""seq"":1}","{""phase"":""B"",""startLLA"":{""lat"":37.487441,""lon"":127.100603,""alt"":0},""endLLA"":{""lat"":37.487441,""lon"":127.100603,""alt"":15},""targetSpeed"":10,""seq"":2}","{""phase"":""C"",""startLLA"":{""lat"":37.487441,""lon"":127.100603,""alt"":15},""endLLA"":{""lat"":37.498067,""lon"":127.098018,""alt"":100},""targetSpeed"":36,""seq"":3}","{""phase"":""E"",""startLLA"":{""lat"":37.498067,""lon"":127.098018,""alt"":100},""endLLA"":{""lat"":37.524288,""lon"":127.091639,""alt"":272.79},""targetSpeed"":51.4,""seq"":4}","{""phase"":""E"",""startLLA"":{""lat"":37.524288,""lon"":127.091639,""alt"":272.79},""endLLA"":{""lat"":37.528015,""lon"":127.095801,""alt"":305},""targetSpeed"":51.4,""seq"":5}","{""phase"":""F"",""startLLA"":{""lat"":37.528015,""lon"":127.095801,""alt"":305},""endLLA"":{""lat"":37.5428,""lon"":127.112312,""alt"":305},""targetSpeed"":51.4,""seq"":6}","{""phase"":""F"",""startLLA"":{""lat"":37.5428,""lon"":127.112312,""alt"":305},""endLLA"":{""lat"":37.547423,""lon"":127.097424,""alt"":305},""targetSpeed"":51.4,""seq"":7}","{""phase"":""F"",""startLLA"":{""lat"":37.547423,""lon"":127.097424,""alt"":305},""endLLA"":{""lat"":37.557017,""lon"":127.094987,""alt"":305},""targetSpeed"":51.4,""seq"":8}","{""phase"":""G"",""startLLA"":{""lat"":37.557017,""lon"":127.094987,""alt"":305},""endLLA"":{""lat"":37.588078,""lon"":127.087099,""alt"":100},""targetSpeed"":36,""seq"":9}","{""phase"":""I"",""startLLA"":{""lat"":37.588078,""lon"":127.087099,""alt"":100},""endLLA"":{""lat"":37.596919,""lon"":127.084854,""alt"":15},""targetSpeed"":30,""seq"":10}","{""phase"":""J"",""startLLA"":{""lat"":37.596919,""lon"":127.084854,""alt"":15},""endLLA"":{""lat"":37.596919,""lon"":127.084854,""alt"":0},""targetSpeed"":10,""seq"":11}","{""phase"":""K"",""startLLA"":{""lat"":37.596919,""lon"":127.084854,""alt"":0},""endLLA"":{""lat"":37.596919,""lon"":127.084854,""alt"":0},""targetSpeed"":3,""seq"":12}",,,,,,,,,
b4a2894cba5c,2026-06-20,FPL1715004,UAM0136,a8,8,7,0.875,수서,수서,마곡,마곡,9,gate-3,fato-2,gate-8,fato-3,09:13:55,09:22:50,09:35:33,09:42:23,09:52:23,535,763.65,410,1708.65,25,54.77,ready,수서 > 경부고속도로 양재천 다리 > 채석장 > 180고지 > 영등포 > 목동교 > 염창교 > 가양대교 남단 > 마곡,32.4201,16,"{""phase"":""A"",""startLLA"":{""lat"":37.487441,""lon"":127.100603,""alt"":0},""endLLA"":{""lat"":37.487441,""lon"":127.100603,""alt"":0},""targetSpeed"":3,""seq"":1}","{""phase"":""B"",""startLLA"":{""lat"":37.487441,""lon"":127.100603,""alt"":0},""endLLA"":{""lat"":37.487441,""lon"":127.100603,""alt"":15},""targetSpeed"":10,""seq"":2}","{""phase"":""C"",""startLLA"":{""lat"":37.487441,""lon"":127.100603,""alt"":15},""endLLA"":{""lat"":37.484414,""lon"":127.087505,""alt"":100},""targetSpeed"":36,""seq"":3}","{""phase"":""E"",""startLLA"":{""lat"":37.484414,""lon"":127.087505,""alt"":100},""endLLA"":{""lat"":37.475552,""lon"":127.04916,""alt"":305},""targetSpeed"":51.4,""seq"":4}","{""phase"":""F"",""startLLA"":{""lat"":37.475552,""lon"":127.04916,""alt"":305},""endLLA"":{""lat"":37.471593,""lon"":127.032031,""alt"":305},""targetSpeed"":51.4,""seq"":5}","{""phase"":""F"",""startLLA"":{""lat"":37.471593,""lon"":127.032031,""alt"":305},""endLLA"":{""lat"":37.471285,""lon"":126.985745,""alt"":305},""targetSpeed"":51.4,""seq"":6}","{""phase"":""F"",""startLLA"":{""lat"":37.471285,""lon"":126.985745,""alt"":305},""endLLA"":{""lat"":37.492877,""lon"":126.93949,""alt"":305},""targetSpeed"":51.4,""seq"":7}","{""phase"":""F"",""startLLA"":{""lat"":37.492877,""lon"":126.93949,""alt"":305},""endLLA"":{""lat"":37.515965,""lon"":126.907756,""alt"":305},""targetSpeed"":51.4,""seq"":8}","{""phase"":""F"",""startLLA"":{""lat"":37.515965,""lon"":126.907756,""alt"":305},""endLLA"":{""lat"":37.530667,""lon"":126.888262,""alt"":305},""targetSpeed"":51.4,""seq"":9}","{""phase"":""F"",""startLLA"":{""lat"":37.530667,""lon"":126.888262,""alt"":305},""endLLA"":{""lat"":37.553824,""lon"":126.875819,""alt"":305},""targetSpeed"":51.4,""seq"":10}","{""phase"":""F"",""startLLA"":{""lat"":37.553824,""lon"":126.875819,""alt"":305},""endLLA"":{""lat"":37.569391,""lon"":126.861026,""alt"":305},""targetSpeed"":51.4,""seq"":11}","{""phase"":""F"",""startLLA"":{""lat"":37.569391,""lon"":126.861026,""alt"":305},""endLLA"":{""lat"":37.567856,""lon"":126.842881,""alt"":305},""targetSpeed"":51.4,""seq"":12}","{""phase"":""G"",""startLLA"":{""lat"":37.567856,""lon"":126.842881,""alt"":305},""endLLA"":{""lat"":37.564492,""lon"":126.803122,""alt"":100},""targetSpeed"":36,""seq"":13}","{""phase"":""I"",""startLLA"":{""lat"":37.564492,""lon"":126.803122,""alt"":100},""endLLA"":{""lat"":37.563535,""lon"":126.791805,""alt"":15},""targetSpeed"":30,""seq"":14}","{""phase"":""J"",""startLLA"":{""lat"":37.563535,""lon"":126.791805,""alt"":15},""endLLA"":{""lat"":37.563535,""lon"":126.791805,""alt"":0},""targetSpeed"":10,""seq"":15}","{""phase"":""K"",""startLLA"":{""lat"":37.563535,""lon"":126.791805,""alt"":0},""endLLA"":{""lat"":37.563535,""lon"":126.791805,""alt"":0},""targetSpeed"":3,""seq"":16}",,,,,
b4a2894cba5c,2026-06-20,FPL1707003,UAM0125,a6,6,5,0.8333,수서,수서,봉천,봉천,9,gate-4,fato-1,gate-2,fato-3,09:28:34,09:37:34,09:46:28,09:54:18,10:04:18,540,534.84,470,1544.84,0,175.78,ready,수서 > 경부고속도로 양재천 다리 > 채석장 > 봉천,14.439,11,"{""phase"":""A"",""startLLA"":{""lat"":37.487441,""lon"":127.100603,""alt"":0},""endLLA"":{""lat"":37.487441,""lon"":127.100603,""alt"":0},""targetSpeed"":3,""seq"":1}","{""phase"":""B"",""startLLA"":{""lat"":37.487441,""lon"":127.100603,""alt"":0},""endLLA"":{""lat"":37.487441,""lon"":127.100603,""alt"":15},""targetSpeed"":10,""seq"":2}","{""phase"":""C"",""startLLA"":{""lat"":37.487441,""lon"":127.100603,""alt"":15},""endLLA"":{""lat"":37.484412,""lon"":127.087499,""alt"":100},""targetSpeed"":36,""seq"":3}","{""phase"":""E"",""startLLA"":{""lat"":37.484412,""lon"":127.087499,""alt"":100},""endLLA"":{""lat"":37.475546,""lon"":127.049134,""alt"":305},""targetSpeed"":51.4,""seq"":4}","{""phase"":""F"",""startLLA"":{""lat"":37.475546,""lon"":127.049134,""alt"":305},""endLLA"":{""lat"":37.471593,""lon"":127.032031,""alt"":305},""targetSpeed"":51.4,""seq"":5}","{""phase"":""F"",""startLLA"":{""lat"":37.471593,""lon"":127.032031,""alt"":305},""endLLA"":{""lat"":37.471321,""lon"":126.991206,""alt"":305},""targetSpeed"":51.4,""seq"":6}","{""phase"":""G"",""startLLA"":{""lat"":37.471321,""lon"":126.991206,""alt"":305},""endLLA"":{""lat"":37.471285,""lon"":126.985745,""alt"":276.98},""targetSpeed"":36,""seq"":7}","{""phase"":""G"",""startLLA"":{""lat"":37.471285,""lon"":126.985745,""alt"":276.98},""endLLA"":{""lat"":37.479969,""lon"":126.953031,""alt"":100},""targetSpeed"":36,""seq"":8}","{""phase"":""I"",""startLLA"":{""lat"":37.479969,""lon"":126.953031,""alt"":100},""endLLA"":{""lat"":37.482832,""lon"":126.942245,""alt"":15},""targetSpeed"":30,""seq"":9}","{""phase"":""J"",""startLLA"":{""lat"":37.482832,""lon"":126.942245,""alt"":15},""endLLA"":{""lat"":37.482832,""lon"":126.942245,""alt"":0},""targetSpeed"":10,""seq"":10}","{""phase"":""K"",""startLLA"":{""lat"":37.482832,""lon"":126.942245,""alt"":0},""endLLA"":{""lat"":37.482832,""lon"":126.942245,""alt"":0},""targetSpeed"":3,""seq"":11}",,,,,,,,,,
b4a2894cba5c,2026-06-20,FPL1708004,UAM0041,a2,2,2,1,수서,수서,사당,사당,9,gate-8,fato-2,gate-8,fato-4,09:32:20,09:41:29,09:46:16,09:53:06,10:03:06,549.77,286.87,410,1246.63,9.77,0,ready,수서 > 경부고속도로 양재천 다리 > 사당,10.7285,10,"{""phase"":""A"",""startLLA"":{""lat"":37.487441,""lon"":127.100603,""alt"":0},""endLLA"":{""lat"":37.487441,""lon"":127.100603,""alt"":0},""targetSpeed"":3,""seq"":1}","{""phase"":""B"",""startLLA"":{""lat"":37.487441,""lon"":127.100603,""alt"":0},""endLLA"":{""lat"":37.487441,""lon"":127.100603,""alt"":15},""targetSpeed"":10,""seq"":2}","{""phase"":""C"",""startLLA"":{""lat"":37.487441,""lon"":127.100603,""alt"":15},""endLLA"":{""lat"":37.484412,""lon"":127.087499,""alt"":100},""targetSpeed"":36,""seq"":3}","{""phase"":""E"",""startLLA"":{""lat"":37.484412,""lon"":127.087499,""alt"":100},""endLLA"":{""lat"":37.475546,""lon"":127.049134,""alt"":305},""targetSpeed"":51.4,""seq"":4}","{""phase"":""F"",""startLLA"":{""lat"":37.475546,""lon"":127.049134,""alt"":305},""endLLA"":{""lat"":37.471861,""lon"":127.033189,""alt"":305},""targetSpeed"":51.4,""seq"":5}","{""phase"":""G"",""startLLA"":{""lat"":37.471861,""lon"":127.033189,""alt"":305},""endLLA"":{""lat"":37.471593,""lon"":127.032031,""alt"":298.81},""targetSpeed"":36,""seq"":6}","{""phase"":""G"",""startLLA"":{""lat"":37.471593,""lon"":127.032031,""alt"":298.81},""endLLA"":{""lat"":37.47482,""lon"":126.993495,""alt"":100},""targetSpeed"":36,""seq"":7}","{""phase"":""I"",""startLLA"":{""lat"":37.47482,""lon"":126.993495,""alt"":100},""endLLA"":{""lat"":37.475767,""lon"":126.982185,""alt"":15},""targetSpeed"":30,""seq"":8}","{""phase"":""J"",""startLLA"":{""lat"":37.475767,""lon"":126.982185,""alt"":15},""endLLA"":{""lat"":37.475767,""lon"":126.982185,""alt"":0},""targetSpeed"":10,""seq"":9}","{""phase"":""K"",""startLLA"":{""lat"":37.475767,""lon"":126.982185,""alt"":0},""endLLA"":{""lat"":37.475767,""lon"":126.982185,""alt"":0},""targetSpeed"":3,""seq"":10}",,,,,,,,,,,
b4a2894cba5c,2026-06-20,FPL1714005,UAM0078,a6,6,4,0.6667,수서,수서,가산,가산,9,gate-3,fato-1,gate-4,fato-3,09:34:02,09:43:34,09:52:03,09:58:53,10:08:53,572,509.7,410,1491.7,62,32.72,ready,수서 > 경부고속도로 양재천 다리 > 채석장 > 180고지 > 가산,20.5002,12,"{""phase"":""A"",""startLLA"":{""lat"":37.487441,""lon"":127.100603,""alt"":0},""endLLA"":{""lat"":37.487441,""lon"":127.100603,""alt"":0},""targetSpeed"":3,""seq"":1}","{""phase"":""B"",""startLLA"":{""lat"":37.487441,""lon"":127.100603,""alt"":0},""endLLA"":{""lat"":37.487441,""lon"":127.100603,""alt"":15},""targetSpeed"":10,""seq"":2}","{""phase"":""C"",""startLLA"":{""lat"":37.487441,""lon"":127.100603,""alt"":15},""endLLA"":{""lat"":37.484413,""lon"":127.0875,""alt"":100},""targetSpeed"":36,""seq"":3}","{""phase"":""E"",""startLLA"":{""lat"":37.484413,""lon"":127.0875,""alt"":100},""endLLA"":{""lat"":37.475547,""lon"":127.049139,""alt"":305},""targetSpeed"":51.4,""seq"":4}","{""phase"":""F"",""startLLA"":{""lat"":37.475547,""lon"":127.049139,""alt"":305},""endLLA"":{""lat"":37.471593,""lon"":127.032031,""alt"":305},""targetSpeed"":51.4,""seq"":5}","{""phase"":""F"",""startLLA"":{""lat"":37.471593,""lon"":127.032031,""alt"":305},""endLLA"":{""lat"":37.471285,""lon"":126.985745,""alt"":305},""targetSpeed"":51.4,""seq"":6}","{""phase"":""F"",""startLLA"":{""lat"":37.471285,""lon"":126.985745,""alt"":305},""endLLA"":{""lat"":37.492877,""lon"":126.93949,""alt"":305},""targetSpeed"":51.4,""seq"":7}","{""phase"":""F"",""startLLA"":{""lat"":37.492877,""lon"":126.93949,""alt"":305},""endLLA"":{""lat"":37.492284,""lon"":126.929987,""alt"":305},""targetSpeed"":51.4,""seq"":8}","{""phase"":""G"",""startLLA"":{""lat"":37.492284,""lon"":126.929987,""alt"":305},""endLLA"":{""lat"":37.489799,""lon"":126.890149,""alt"":100},""targetSpeed"":36,""seq"":9}","{""phase"":""I"",""startLLA"":{""lat"":37.489799,""lon"":126.890149,""alt"":100},""endLLA"":{""lat"":37.489091,""lon"":126.878809,""alt"":15},""targetSpeed"":30,""seq"":10}","{""phase"":""J"",""startLLA"":{""lat"":37.489091,""lon"":126.878809,""alt"":15},""endLLA"":{""lat"":37.489091,""lon"":126.878809,""alt"":0},""targetSpeed"":10,""seq"":11}","{""phase"":""K"",""startLLA"":{""lat"":37.489091,""lon"":126.878809,""alt"":0},""endLLA"":{""lat"":37.489091,""lon"":126.878809,""alt"":0},""targetSpeed"":3,""seq"":12}",,,,,,,,,
b4a2894cba5c,2026-06-20,FPL1701005,UAM0067,a4,4,4,1,수서,수서,여의도,여의도,9,gate-7,fato-2,gate-8,fato-3,09:37:40,09:47:29,09:55:30,10:02:20,10:12:20,589.77,480.96,410,1480.72,79.77,0,ready,수서 > 경부고속도로 양재천 다리 > 채석장 > 180고지 > 영등포 > 여의도,20.7047,13,"{""phase"":""A"",""startLLA"":{""lat"":37.487441,""lon"":127.100603,""alt"":0},""endLLA"":{""lat"":37.487441,""lon"":127.100603,""alt"":0},""targetSpeed"":3,""seq"":1}","{""phase"":""B"",""startLLA"":{""lat"":37.487441,""lon"":127.100603,""alt"":0},""endLLA"":{""lat"":37.487441,""lon"":127.100603,""alt"":15},""targetSpeed"":10,""seq"":2}","{""phase"":""C"",""startLLA"":{""lat"":37.487441,""lon"":127.100603,""alt"":15},""endLLA"":{""lat"":37.484413,""lon"":127.087501,""alt"":100},""targetSpeed"":36,""seq"":3}","{""phase"":""E"",""startLLA"":{""lat"":37.484413,""lon"":127.087501,""alt"":100},""endLLA"":{""lat"":37.475548,""lon"":127.049145,""alt"":305},""targetSpeed"":51.4,""seq"":4}","{""phase"":""F"",""startLLA"":{""lat"":37.475548,""lon"":127.049145,""alt"":305},""endLLA"":{""lat"":37.471593,""lon"":127.032031,""alt"":305},""targetSpeed"":51.4,""seq"":5}","{""phase"":""F"",""startLLA"":{""lat"":37.471593,""lon"":127.032031,""alt"":305},""endLLA"":{""lat"":37.471285,""lon"":126.985745,""alt"":305},""targetSpeed"":51.4,""seq"":6}","{""phase"":""F"",""startLLA"":{""lat"":37.471285,""lon"":126.985745,""alt"":305},""endLLA"":{""lat"":37.492877,""lon"":126.93949,""alt"":305},""targetSpeed"":51.4,""seq"":7}","{""phase"":""F"",""startLLA"":{""lat"":37.492877,""lon"":126.93949,""alt"":305},""endLLA"":{""lat"":37.49922,""lon"":126.930772,""alt"":305},""targetSpeed"":51.4,""seq"":8}","{""phase"":""G"",""startLLA"":{""lat"":37.49922,""lon"":126.930772,""alt"":305},""endLLA"":{""lat"":37.515965,""lon"":126.907756,""alt"":144.8},""targetSpeed"":36,""seq"":9}","{""phase"":""G"",""startLLA"":{""lat"":37.515965,""lon"":126.907756,""alt"":144.8},""endLLA"":{""lat"":37.520546,""lon"":126.914309,""alt"":100},""targetSpeed"":36,""seq"":10}","{""phase"":""I"",""startLLA"":{""lat"":37.520546,""lon"":126.914309,""alt"":100},""endLLA"":{""lat"":37.526513,""lon"":126.922845,""alt"":15},""targetSpeed"":30,""seq"":11}","{""phase"":""J"",""startLLA"":{""lat"":37.526513,""lon"":126.922845,""alt"":15},""endLLA"":{""lat"":37.526513,""lon"":126.922845,""alt"":0},""targetSpeed"":10,""seq"":12}","{""phase"":""K"",""startLLA"":{""lat"":37.526513,""lon"":126.922845,""alt"":0},""endLLA"":{""lat"":37.526513,""lon"":126.922845,""alt"":0},""targetSpeed"":3,""seq"":13}",,,,,,,,
b4a2894cba5c,2026-06-20,FPL1704002,UAM0054,a6,6,4,0.6667,수서,수서,용산,용산,9,gate-2,fato-1,gate-3,fato-3,09:42:55,09:50:55,09:59:06,10:06:26,10:16:26,480,491.46,440,1411.46,0,0,ready,수서 > 잠실대교 중간지점 > 청담대교 중간지점 > 성수대교 남단 > 주흥교 > 이수고가차로 > 상도터널 > 용산,21.2449,15,"{""phase"":""A"",""startLLA"":{""lat"":37.487441,""lon"":127.100603,""alt"":0},""endLLA"":{""lat"":37.487441,""lon"":127.100603,""alt"":0},""targetSpeed"":3,""seq"":1}","{""phase"":""B"",""startLLA"":{""lat"":37.487441,""lon"":127.100603,""alt"":0},""endLLA"":{""lat"":37.487441,""lon"":127.100603,""alt"":15},""targetSpeed"":10,""seq"":2}","{""phase"":""C"",""startLLA"":{""lat"":37.487441,""lon"":127.100603,""alt"":15},""endLLA"":{""lat"":37.498069,""lon"":127.098017,""alt"":100},""targetSpeed"":36,""seq"":3}","{""phase"":""E"",""startLLA"":{""lat"":37.498069,""lon"":127.098017,""alt"":100},""endLLA"":{""lat"":37.524288,""lon"":127.091639,""alt"":272.74},""targetSpeed"":51.4,""seq"":4}","{""phase"":""E"",""startLLA"":{""lat"":37.524288,""lon"":127.091639,""alt"":272.74},""endLLA"":{""lat"":37.524784,""lon"":127.085383,""alt"":305},""targetSpeed"":51.4,""seq"":5}","{""phase"":""F"",""startLLA"":{""lat"":37.524784,""lon"":127.085383,""alt"":305},""endLLA"":{""lat"":37.526451,""lon"":127.064361,""alt"":305},""targetSpeed"":51.4,""seq"":6}","{""phase"":""F"",""startLLA"":{""lat"":37.526451,""lon"":127.064361,""alt"":305},""endLLA"":{""lat"":37.53537,""lon"":127.034503,""alt"":305},""targetSpeed"":51.4,""seq"":7}","{""phase"":""F"",""startLLA"":{""lat"":37.53537,""lon"":127.034503,""alt"":305},""endLLA"":{""lat"":37.509486,""lon"":127.016026,""alt"":305},""targetSpeed"":51.4,""seq"":8}","{""phase"":""F"",""startLLA"":{""lat"":37.509486,""lon"":127.016026,""alt"":305},""endLLA"":{""lat"":37.497738,""lon"":126.983721,""alt"":305},""targetSpeed"":51.4,""seq"":9}","{""phase"":""F"",""startLLA"":{""lat"":37.497738,""lon"":126.983721,""alt"":305},""endLLA"":{""lat"":37.500804,""lon"":126.974867,""alt"":305},""targetSpeed"":51.4,""seq"":10}","{""phase"":""G"",""startLLA"":{""lat"":37.500804,""lon"":126.974867,""alt"":305},""endLLA"":{""lat"":37.508684,""lon"":126.95211,""alt"":177.57},""targetSpeed"":36,""seq"":11}","{""phase"":""G"",""startLLA"":{""lat"":37.508684,""lon"":126.95211,""alt"":177.57},""endLLA"":{""lat"":37.520333,""lon"":126.955695,""alt"":100},""targetSpeed"":36,""seq"":12}","{""phase"":""I"",""startLLA"":{""lat"":37.520333,""lon"":126.955695,""alt"":100},""endLLA"":{""lat"":37.529096,""lon"":126.958391,""alt"":15},""targetSpeed"":30,""seq"":13}","{""phase"":""J"",""startLLA"":{""lat"":37.529096,""lon"":126.958391,""alt"":15},""endLLA"":{""lat"":37.529096,""lon"":126.958391,""alt"":0},""targetSpeed"":10,""seq"":14}","{""phase"":""K"",""startLLA"":{""lat"":37.529096,""lon"":126.958391,""alt"":0},""endLLA"":{""lat"":37.529096,""lon"":126.958391,""alt"":0},""targetSpeed"":3,""seq"":15}",,,,,,
b4a2894cba5c,2026-06-20,FPL1703003,UAM0081,a2,2,2,1,수서,수서,상암,상암,9,gate-6,fato-2,gate-4,fato-3,09:44:40,09:53:29,10:02:42,10:09:32,10:19:32,529.77,552.34,410,1492.11,49.77,0,ready,수서 > 경부고속도로 양재천 다리 > 채석장 > 180고지 > 영등포 > 선유도 17고지 > 상암,24.374,14,"{""phase"":""A"",""startLLA"":{""lat"":37.487441,""lon"":127.100603,""alt"":0},""endLLA"":{""lat"":37.487441,""lon"":127.100603,""alt"":0},""targetSpeed"":3,""seq"":1}","{""phase"":""B"",""startLLA"":{""lat"":37.487441,""lon"":127.100603,""alt"":0},""endLLA"":{""lat"":37.487441,""lon"":127.100603,""alt"":15},""targetSpeed"":10,""seq"":2}","{""phase"":""C"",""startLLA"":{""lat"":37.487441,""lon"":127.100603,""alt"":15},""endLLA"":{""lat"":37.484413,""lon"":127.087503,""alt"":100},""targetSpeed"":36,""seq"":3}","{""phase"":""E"",""startLLA"":{""lat"":37.484413,""lon"":127.087503,""alt"":100},""endLLA"":{""lat"":37.47555,""lon"":127.04915,""alt"":305},""targetSpeed"":51.4,""seq"":4}","{""phase"":""F"",""startLLA"":{""lat"":37.47555,""lon"":127.04915,""alt"":305},""endLLA"":{""lat"":37.471593,""lon"":127.032031,""alt"":305},""targetSpeed"":51.4,""seq"":5}","{""phase"":""F"",""startLLA"":{""lat"":37.471593,""lon"":127.032031,""alt"":305},""endLLA"":{""lat"":37.471285,""lon"":126.985745,""alt"":305},""targetSpeed"":51.4,""seq"":6}","{""phase"":""F"",""startLLA"":{""lat"":37.471285,""lon"":126.985745,""alt"":305},""endLLA"":{""lat"":37.492877,""lon"":126.93949,""alt"":305},""targetSpeed"":51.4,""seq"":7}","{""phase"":""F"",""startLLA"":{""lat"":37.492877,""lon"":126.93949,""alt"":305},""endLLA"":{""lat"":37.515965,""lon"":126.907756,""alt"":305},""targetSpeed"":51.4,""seq"":8}","{""phase"":""F"",""startLLA"":{""lat"":37.515965,""lon"":126.907756,""alt"":305},""endLLA"":{""lat"":37.524052,""lon"":126.906139,""alt"":305},""targetSpeed"":51.4,""seq"":9}","{""phase"":""G"",""startLLA"":{""lat"":37.524052,""lon"":126.906139,""alt"":305},""endLLA"":{""lat"":37.542307,""lon"":126.90249,""alt"":185.47},""targetSpeed"":36,""seq"":10}","{""phase"":""G"",""startLLA"":{""lat"":37.542307,""lon"":126.90249,""alt"":185.47},""endLLA"":{""lat"":37.554178,""lon"":126.89516,""alt"":100},""targetSpeed"":36,""seq"":11}","{""phase"":""I"",""startLLA"":{""lat"":37.554178,""lon"":126.89516,""alt"":100},""endLLA"":{""lat"":37.562282,""lon"":126.890156,""alt"":15},""targetSpeed"":30,""seq"":12}","{""phase"":""J"",""startLLA"":{""lat"":37.562282,""lon"":126.890156,""alt"":15},""endLLA"":{""lat"":37.562282,""lon"":126.890156,""alt"":0},""targetSpeed"":10,""seq"":13}","{""phase"":""K"",""startLLA"":{""lat"":37.562282,""lon"":126.890156,""alt"":0},""endLLA"":{""lat"":37.562282,""lon"":126.890156,""alt"":0},""targetSpeed"":3,""seq"":14}",,,,,,,
b4a2894cba5c,2026-06-20,FPL1708005,UAM0050,a2,2,2,1,수서,수서,사당,사당,9,gate-4,fato-1,gate-4,fato-3,09:52:41,10:01:41,10:06:27,10:13:17,10:23:17,540,286.87,410,1236.87,0,0,ready,수서 > 경부고속도로 양재천 다리 > 사당,10.7285,10,"{""phase"":""A"",""startLLA"":{""lat"":37.487441,""lon"":127.100603,""alt"":0},""endLLA"":{""lat"":37.487441,""lon"":127.100603,""alt"":0},""targetSpeed"":3,""seq"":1}","{""phase"":""B"",""startLLA"":{""lat"":37.487441,""lon"":127.100603,""alt"":0},""endLLA"":{""lat"":37.487441,""lon"":127.100603,""alt"":15},""targetSpeed"":10,""seq"":2}","{""phase"":""C"",""startLLA"":{""lat"":37.487441,""lon"":127.100603,""alt"":15},""endLLA"":{""lat"":37.484412,""lon"":127.087499,""alt"":100},""targetSpeed"":36,""seq"":3}","{""phase"":""E"",""startLLA"":{""lat"":37.484412,""lon"":127.087499,""alt"":100},""endLLA"":{""lat"":37.475546,""lon"":127.049134,""alt"":305},""targetSpeed"":51.4,""seq"":4}","{""phase"":""F"",""startLLA"":{""lat"":37.475546,""lon"":127.049134,""alt"":305},""endLLA"":{""lat"":37.471861,""lon"":127.033189,""alt"":305},""targetSpeed"":51.4,""seq"":5}","{""phase"":""G"",""startLLA"":{""lat"":37.471861,""lon"":127.033189,""alt"":305},""endLLA"":{""lat"":37.471593,""lon"":127.032031,""alt"":298.81},""targetSpeed"":36,""seq"":6}","{""phase"":""G"",""startLLA"":{""lat"":37.471593,""lon"":127.032031,""alt"":298.81},""endLLA"":{""lat"":37.47482,""lon"":126.993495,""alt"":100},""targetSpeed"":36,""seq"":7}","{""phase"":""I"",""startLLA"":{""lat"":37.47482,""lon"":126.993495,""alt"":100},""endLLA"":{""lat"":37.475767,""lon"":126.982185,""alt"":15},""targetSpeed"":30,""seq"":8}","{""phase"":""J"",""startLLA"":{""lat"":37.475767,""lon"":126.982185,""alt"":15},""endLLA"":{""lat"":37.475767,""lon"":126.982185,""alt"":0},""targetSpeed"":10,""seq"":9}","{""phase"":""K"",""startLLA"":{""lat"":37.475767,""lon"":126.982185,""alt"":0},""endLLA"":{""lat"":37.475767,""lon"":126.982185,""alt"":0},""targetSpeed"":3,""seq"":10}",,,,,,,,,,,
b4a2894cba5c,2026-06-20,FPL1706003,UAM0084,a4,4,1,0.25,수서,수서,미아,미아,9,gate-8,fato-2,gate-3,fato-3,09:53:21,10:03:23,10:14:39,10:21:59,10:31:59,602.98,675.79,440,1718.77,62.98,194.66,ready,수서 > 잠실대교 중간지점 > 천호대교 중간지점 > 아차산 고가차도 > 상봉 > 월릉교 > 미아,20.7137,14,"{""phase"":""A"",""startLLA"":{""lat"":37.487441,""lon"":127.100603,""alt"":0},""endLLA"":{""lat"":37.487441,""lon"":127.100603,""alt"":0},""targetSpeed"":3,""seq"":1}","{""phase"":""B"",""startLLA"":{""lat"":37.487441,""lon"":127.100603,""alt"":0},""endLLA"":{""lat"":37.487441,""lon"":127.100603,""alt"":15},""targetSpeed"":10,""seq"":2}","{""phase"":""C"",""startLLA"":{""lat"":37.487441,""lon"":127.100603,""alt"":15},""endLLA"":{""lat"":37.498065,""lon"":127.098018,""alt"":100},""targetSpeed"":36,""seq"":3}","{""phase"":""E"",""startLLA"":{""lat"":37.498065,""lon"":127.098018,""alt"":100},""endLLA"":{""lat"":37.524288,""lon"":127.091639,""alt"":272.84},""targetSpeed"":51.4,""seq"":4}","{""phase"":""E"",""startLLA"":{""lat"":37.524288,""lon"":127.091639,""alt"":272.84},""endLLA"":{""lat"":37.528008,""lon"":127.095794,""alt"":305},""targetSpeed"":51.4,""seq"":5}","{""phase"":""F"",""startLLA"":{""lat"":37.528008,""lon"":127.095794,""alt"":305},""endLLA"":{""lat"":37.5428,""lon"":127.112312,""alt"":305},""targetSpeed"":51.4,""seq"":6}","{""phase"":""F"",""startLLA"":{""lat"":37.5428,""lon"":127.112312,""alt"":305},""endLLA"":{""lat"":37.547423,""lon"":127.097424,""alt"":305},""targetSpeed"":51.4,""seq"":7}","{""phase"":""F"",""startLLA"":{""lat"":37.547423,""lon"":127.097424,""alt"":305},""endLLA"":{""lat"":37.596919,""lon"":127.084854,""alt"":305},""targetSpeed"":51.4,""seq"":8}","{""phase"":""F"",""startLLA"":{""lat"":37.596919,""lon"":127.084854,""alt"":305},""endLLA"":{""lat"":37.614366,""lon"":127.072716,""alt"":305},""targetSpeed"":51.4,""seq"":9}","{""phase"":""G"",""startLLA"":{""lat"":37.614366,""lon"":127.072716,""alt"":305},""endLLA"":{""lat"":37.616266,""lon"":127.071394,""alt"":290.96},""targetSpeed"":36,""seq"":10}","{""phase"":""G"",""startLLA"":{""lat"":37.616266,""lon"":127.071394,""alt"":290.96},""endLLA"":{""lat"":37.626944,""lon"":127.036665,""alt"":100},""targetSpeed"":36,""seq"":11}","{""phase"":""I"",""startLLA"":{""lat"":37.626944,""lon"":127.036665,""alt"":100},""endLLA"":{""lat"":37.630207,""lon"":127.026053,""alt"":15},""targetSpeed"":30,""seq"":12}","{""phase"":""J"",""startLLA"":{""lat"":37.630207,""lon"":127.026053,""alt"":15},""endLLA"":{""lat"":37.630207,""lon"":127.026053,""alt"":0},""targetSpeed"":10,""seq"":13}","{""phase"":""K"",""startLLA"":{""lat"":37.630207,""lon"":127.026053,""alt"":0},""endLLA"":{""lat"":37.630207,""lon"":127.026053,""alt"":0},""targetSpeed"":3,""seq"":14}",,,,,,,
b4a2894cba5c,2026-06-20,FPL1703004,UAM0028,a4,4,1,0.25,수서,수서,상암,상암,9,gate-3,fato-1,gate-7,fato-4,09:58:01,10:07:41,10:16:53,10:24:13,10:34:13,580,552.34,440,1572.34,70,0,ready,수서 > 경부고속도로 양재천 다리 > 채석장 > 180고지 > 영등포 > 선유도 17고지 > 상암,24.374,14,"{""phase"":""A"",""startLLA"":{""lat"":37.487441,""lon"":127.100603,""alt"":0},""endLLA"":{""lat"":37.487441,""lon"":127.100603,""alt"":0},""targetSpeed"":3,""seq"":1}","{""phase"":""B"",""startLLA"":{""lat"":37.487441,""lon"":127.100603,""alt"":0},""endLLA"":{""lat"":37.487441,""lon"":127.100603,""alt"":15},""targetSpeed"":10,""seq"":2}","{""phase"":""C"",""startLLA"":{""lat"":37.487441,""lon"":127.100603,""alt"":15},""endLLA"":{""lat"":37.484413,""lon"":127.087503,""alt"":100},""targetSpeed"":36,""seq"":3}","{""phase"":""E"",""startLLA"":{""lat"":37.484413,""lon"":127.087503,""alt"":100},""endLLA"":{""lat"":37.47555,""lon"":127.04915,""alt"":305},""targetSpeed"":51.4,""seq"":4}","{""phase"":""F"",""startLLA"":{""lat"":37.47555,""lon"":127.04915,""alt"":305},""endLLA"":{""lat"":37.471593,""lon"":127.032031,""alt"":305},""targetSpeed"":51.4,""seq"":5}","{""phase"":""F"",""startLLA"":{""lat"":37.471593,""lon"":127.032031,""alt"":305},""endLLA"":{""lat"":37.471285,""lon"":126.985745,""alt"":305},""targetSpeed"":51.4,""seq"":6}","{""phase"":""F"",""startLLA"":{""lat"":37.471285,""lon"":126.985745,""alt"":305},""endLLA"":{""lat"":37.492877,""lon"":126.93949,""alt"":305},""targetSpeed"":51.4,""seq"":7}","{""phase"":""F"",""startLLA"":{""lat"":37.492877,""lon"":126.93949,""alt"":305},""endLLA"":{""lat"":37.515965,""lon"":126.907756,""alt"":305},""targetSpeed"":51.4,""seq"":8}","{""phase"":""F"",""startLLA"":{""lat"":37.515965,""lon"":126.907756,""alt"":305},""endLLA"":{""lat"":37.524052,""lon"":126.906139,""alt"":305},""targetSpeed"":51.4,""seq"":9}","{""phase"":""G"",""startLLA"":{""lat"":37.524052,""lon"":126.906139,""alt"":305},""endLLA"":{""lat"":37.542307,""lon"":126.90249,""alt"":185.47},""targetSpeed"":36,""seq"":10}","{""phase"":""G"",""startLLA"":{""lat"":37.542307,""lon"":126.90249,""alt"":185.47},""endLLA"":{""lat"":37.554178,""lon"":126.89516,""alt"":100},""targetSpeed"":36,""seq"":11}","{""phase"":""I"",""startLLA"":{""lat"":37.554178,""lon"":126.89516,""alt"":100},""endLLA"":{""lat"":37.562282,""lon"":126.890156,""alt"":15},""targetSpeed"":30,""seq"":12}","{""phase"":""J"",""startLLA"":{""lat"":37.562282,""lon"":126.890156,""alt"":15},""endLLA"":{""lat"":37.562282,""lon"":126.890156,""alt"":0},""targetSpeed"":10,""seq"":13}","{""phase"":""K"",""startLLA"":{""lat"":37.562282,""lon"":126.890156,""alt"":0},""endLLA"":{""lat"":37.562282,""lon"":126.890156,""alt"":0},""targetSpeed"":3,""seq"":14}",,,,,,,
b4a2894cba5c,2026-06-20,FPL1708006,UAM0059,a4,4,4,1,수서,수서,사당,사당,10,gate-7,fato-2,gate-7,fato-4,10:04:01,10:12:31,10:17:17,10:24:37,10:34:37,510,286.87,440,1236.87,0,0,ready,수서 > 경부고속도로 양재천 다리 > 사당,10.7285,10,"{""phase"":""A"",""startLLA"":{""lat"":37.487441,""lon"":127.100603,""alt"":0},""endLLA"":{""lat"":37.487441,""lon"":127.100603,""alt"":0},""targetSpeed"":3,""seq"":1}","{""phase"":""B"",""startLLA"":{""lat"":37.487441,""lon"":127.100603,""alt"":0},""endLLA"":{""lat"":37.487441,""lon"":127.100603,""alt"":15},""targetSpeed"":10,""seq"":2}","{""phase"":""C"",""startLLA"":{""lat"":37.487441,""lon"":127.100603,""alt"":15},""endLLA"":{""lat"":37.484412,""lon"":127.087499,""alt"":100},""targetSpeed"":36,""seq"":3}","{""phase"":""E"",""startLLA"":{""lat"":37.484412,""lon"":127.087499,""alt"":100},""endLLA"":{""lat"":37.475546,""lon"":127.049134,""alt"":305},""targetSpeed"":51.4,""seq"":4}","{""phase"":""F"",""startLLA"":{""lat"":37.475546,""lon"":127.049134,""alt"":305},""endLLA"":{""lat"":37.471861,""lon"":127.033189,""alt"":305},""targetSpeed"":51.4,""seq"":5}","{""phase"":""G"",""startLLA"":{""lat"":37.471861,""lon"":127.033189,""alt"":305},""endLLA"":{""lat"":37.471593,""lon"":127.032031,""alt"":298.81},""targetSpeed"":36,""seq"":6}","{""phase"":""G"",""startLLA"":{""lat"":37.471593,""lon"":127.032031,""alt"":298.81},""endLLA"":{""lat"":37.47482,""lon"":126.993495,""alt"":100},""targetSpeed"":36,""seq"":7}","{""phase"":""I"",""startLLA"":{""lat"":37.47482,""lon"":126.993495,""alt"":100},""endLLA"":{""lat"":37.475767,""lon"":126.982185,""alt"":15},""targetSpeed"":30,""seq"":8}","{""phase"":""J"",""startLLA"":{""lat"":37.475767,""lon"":126.982185,""alt"":15},""endLLA"":{""lat"":37.475767,""lon"":126.982185,""alt"":0},""targetSpeed"":10,""seq"":9}","{""phase"":""K"",""startLLA"":{""lat"":37.475767,""lon"":126.982185,""alt"":0},""endLLA"":{""lat"":37.475767,""lon"":126.982185,""alt"":0},""targetSpeed"":3,""seq"":10}",,,,,,,,,,,
b4a2894cba5c,2026-06-20,FPL1705007,UAM0086,a6,6,6,1,수서,수서,목동,목동,10,gate-2,fato-1,gate-4,fato-3,10:06:34,10:14:34,10:25:15,10:32:05,10:42:05,480,641.67,410,1531.67,0,136.66,ready,수서 > 경부고속도로 양재천 다리 > 채석장 > 180고지 > 영등포 > 목동,21.941,13,"{""phase"":""A"",""startLLA"":{""lat"":37.487441,""lon"":127.100603,""alt"":0},""endLLA"":{""lat"":37.487441,""lon"":127.100603,""alt"":0},""targetSpeed"":3,""seq"":1}","{""phase"":""B"",""startLLA"":{""lat"":37.487441,""lon"":127.100603,""alt"":0},""endLLA"":{""lat"":37.487441,""lon"":127.100603,""alt"":15},""targetSpeed"":10,""seq"":2}","{""phase"":""C"",""startLLA"":{""lat"":37.487441,""lon"":127.100603,""alt"":15},""endLLA"":{""lat"":37.484413,""lon"":127.087502,""alt"":100},""targetSpeed"":36,""seq"":3}","{""phase"":""E"",""startLLA"":{""lat"":37.484413,""lon"":127.087502,""alt"":100},""endLLA"":{""lat"":37.475548,""lon"":127.049146,""alt"":305},""targetSpeed"":51.4,""seq"":4}","{""phase"":""F"",""startLLA"":{""lat"":37.475548,""lon"":127.049146,""alt"":305},""endLLA"":{""lat"":37.471593,""lon"":127.032031,""alt"":305},""targetSpeed"":51.4,""seq"":5}","{""phase"":""F"",""startLLA"":{""lat"":37.471593,""lon"":127.032031,""alt"":305},""endLLA"":{""lat"":37.471285,""lon"":126.985745,""alt"":305},""targetSpeed"":51.4,""seq"":6}","{""phase"":""F"",""startLLA"":{""lat"":37.471285,""lon"":126.985745,""alt"":305},""endLLA"":{""lat"":37.492877,""lon"":126.93949,""alt"":305},""targetSpeed"":51.4,""seq"":7}","{""phase"":""F"",""startLLA"":{""lat"":37.492877,""lon"":126.93949,""alt"":305},""endLLA"":{""lat"":37.506729,""lon"":126.92045,""alt"":305},""targetSpeed"":51.4,""seq"":8}","{""phase"":""G"",""startLLA"":{""lat"":37.506729,""lon"":126.92045,""alt"":305},""endLLA"":{""lat"":37.515965,""lon"":126.907756,""alt"":216.64},""targetSpeed"":36,""seq"":9}","{""phase"":""G"",""startLLA"":{""lat"":37.515965,""lon"":126.907756,""alt"":216.64},""endLLA"":{""lat"":37.522882,""lon"":126.886751,""alt"":100},""targetSpeed"":36,""seq"":10}","{""phase"":""I"",""startLLA"":{""lat"":37.522882,""lon"":126.886751,""alt"":100},""endLLA"":{""lat"":37.526343,""lon"":126.876243,""alt"":15},""targetSpeed"":30,""seq"":11}","{""phase"":""J"",""startLLA"":{""lat"":37.526343,""lon"":126.876243,""alt"":15},""endLLA"":{""lat"":37.526343,""lon"":126.876243,""alt"":0},""targetSpeed"":10,""seq"":12}","{""phase"":""K"",""startLLA"":{""lat"":37.526343,""lon"":126.876243,""alt"":0},""endLLA"":{""lat"":37.526343,""lon"":126.876243,""alt"":0},""targetSpeed"":3,""seq"":13}",,,,,,,,
b4a2894cba5c,2026-06-20,FPL1712005,UAM0005,a6,6,5,0.8333,수서,수서,광화문,광화문,10,gate-6,fato-2,gate-2,fato-3,10:09:21,10:18:31,10:31:00,10:38:50,10:48:50,550,749.05,470,1769.05,70,256,ready,수서 > 잠실대교 중간지점 > 청담대교 중간지점 > 성수대교 남단 > 왕십리역 > 청량리 > 신설동역 > 광화문,21.5406,15,"{""phase"":""A"",""startLLA"":{""lat"":37.487441,""lon"":127.100603,""alt"":0},""endLLA"":{""lat"":37.487441,""lon"":127.100603,""alt"":0},""targetSpeed"":3,""seq"":1}","{""phase"":""B"",""startLLA"":{""lat"":37.487441,""lon"":127.100603,""alt"":0},""endLLA"":{""lat"":37.487441,""lon"":127.100603,""alt"":15},""targetSpeed"":10,""seq"":2}","{""phase"":""C"",""startLLA"":{""lat"":37.487441,""lon"":127.100603,""alt"":15},""endLLA"":{""lat"":37.498186,""lon"":127.097989,""alt"":100},""targetSpeed"":36,""seq"":3}","{""phase"":""E"",""startLLA"":{""lat"":37.498186,""lon"":127.097989,""alt"":100},""endLLA"":{""lat"":37.524288,""lon"":127.091639,""alt"":270.1},""targetSpeed"":51.4,""seq"":4}","{""phase"":""E"",""startLLA"":{""lat"":37.524288,""lon"":127.091639,""alt"":270.1},""endLLA"":{""lat"":37.524831,""lon"":127.084797,""alt"":305},""targetSpeed"":51.4,""seq"":5}","{""phase"":""F"",""startLLA"":{""lat"":37.524831,""lon"":127.084797,""alt"":305},""endLLA"":{""lat"":37.526451,""lon"":127.064361,""alt"":305},""targetSpeed"":51.4,""seq"":6}","{""phase"":""F"",""startLLA"":{""lat"":37.526451,""lon"":127.064361,""alt"":305},""endLLA"":{""lat"":37.53537,""lon"":127.034503,""alt"":305},""targetSpeed"":51.4,""seq"":7}","{""phase"":""F"",""startLLA"":{""lat"":37.53537,""lon"":127.034503,""alt"":305},""endLLA"":{""lat"":37.561925,""lon"":127.038491,""alt"":305},""targetSpeed"":51.4,""seq"":8}","{""phase"":""F"",""startLLA"":{""lat"":37.561925,""lon"":127.038491,""alt"":305},""endLLA"":{""lat"":37.581542,""lon"":127.048947,""alt"":305},""targetSpeed"":51.4,""seq"":9}","{""phase"":""F"",""startLLA"":{""lat"":37.581542,""lon"":127.048947,""alt"":305},""endLLA"":{""lat"":37.575947,""lon"":127.024779,""alt"":305},""targetSpeed"":51.4,""seq"":10}","{""phase"":""G"",""startLLA"":{""lat"":37.575947,""lon"":127.024779,""alt"":305},""endLLA"":{""lat"":37.575658,""lon"":127.02353,""alt"":298.4},""targetSpeed"":36,""seq"":11}","{""phase"":""G"",""startLLA"":{""lat"":37.575658,""lon"":127.02353,""alt"":298.4},""endLLA"":{""lat"":37.570521,""lon"":126.984951,""alt"":100},""targetSpeed"":36,""seq"":12}","{""phase"":""I"",""startLLA"":{""lat"":37.570521,""lon"":126.984951,""alt"":100},""endLLA"":{""lat"":37.56901,""lon"":126.973604,""alt"":15},""targetSpeed"":30,""seq"":13}","{""phase"":""J"",""startLLA"":{""lat"":37.56901,""lon"":126.973604,""alt"":15},""endLLA"":{""lat"":37.56901,""lon"":126.973604,""alt"":0},""targetSpeed"":10,""seq"":14}","{""phase"":""K"",""startLLA"":{""lat"":37.56901,""lon"":126.973604,""alt"":0},""endLLA"":{""lat"":37.56901,""lon"":126.973604,""alt"":0},""targetSpeed"":3,""seq"":15}",,,,,,
b4a2894cba5c,2026-06-20,FPL1714006,UAM0077,a6,6,4,0.6667,수서,수서,가산,가산,10,gate-1,fato-1,gate-2,fato-3,10:11:54,10:20:34,10:28:47,10:36:37,10:46:37,520,493.49,470,1483.49,70,16.51,ready,수서 > 경부고속도로 양재천 다리 > 채석장 > 180고지 > 가산,20.5002,12,"{""phase"":""A"",""startLLA"":{""lat"":37.487441,""lon"":127.100603,""alt"":0},""endLLA"":{""lat"":37.487441,""lon"":127.100603,""alt"":0},""targetSpeed"":3,""seq"":1}","{""phase"":""B"",""startLLA"":{""lat"":37.487441,""lon"":127.100603,""alt"":0},""endLLA"":{""lat"":37.487441,""lon"":127.100603,""alt"":15},""targetSpeed"":10,""seq"":2}","{""phase"":""C"",""startLLA"":{""lat"":37.487441,""lon"":127.100603,""alt"":15},""endLLA"":{""lat"":37.484413,""lon"":127.0875,""alt"":100},""targetSpeed"":36,""seq"":3}","{""phase"":""E"",""startLLA"":{""lat"":37.484413,""lon"":127.0875,""alt"":100},""endLLA"":{""lat"":37.475547,""lon"":127.049139,""alt"":305},""targetSpeed"":51.4,""seq"":4}","{""phase"":""F"",""startLLA"":{""lat"":37.475547,""lon"":127.049139,""alt"":305},""endLLA"":{""lat"":37.471593,""lon"":127.032031,""alt"":305},""targetSpeed"":51.4,""seq"":5}","{""phase"":""F"",""startLLA"":{""lat"":37.471593,""lon"":127.032031,""alt"":305},""endLLA"":{""lat"":37.471285,""lon"":126.985745,""alt"":305},""targetSpeed"":51.4,""seq"":6}","{""phase"":""F"",""startLLA"":{""lat"":37.471285,""lon"":126.985745,""alt"":305},""endLLA"":{""lat"":37.492877,""lon"":126.93949,""alt"":305},""targetSpeed"":51.4,""seq"":7}","{""phase"":""F"",""startLLA"":{""lat"":37.492877,""lon"":126.93949,""alt"":305},""endLLA"":{""lat"":37.492284,""lon"":126.929987,""alt"":305},""targetSpeed"":51.4,""seq"":8}","{""phase"":""G"",""startLLA"":{""lat"":37.492284,""lon"":126.929987,""alt"":305},""endLLA"":{""lat"":37.489799,""lon"":126.890149,""alt"":100},""targetSpeed"":36,""seq"":9}","{""phase"":""I"",""startLLA"":{""lat"":37.489799,""lon"":126.890149,""alt"":100},""endLLA"":{""lat"":37.489091,""lon"":126.878809,""alt"":15},""targetSpeed"":30,""seq"":10}","{""phase"":""J"",""startLLA"":{""lat"":37.489091,""lon"":126.878809,""alt"":15},""endLLA"":{""lat"":37.489091,""lon"":126.878809,""alt"":0},""targetSpeed"":10,""seq"":11}","{""phase"":""K"",""startLLA"":{""lat"":37.489091,""lon"":126.878809,""alt"":0},""endLLA"":{""lat"":37.489091,""lon"":126.878809,""alt"":0},""targetSpeed"":3,""seq"":12}",,,,,,,,,
b4a2894cba5c,2026-06-20,FPL1706004,UAM0039,a8,8,4,0.5,수서,수서,미아,미아,10,gate-4,fato-2,gate-3,fato-3,10:15:58,10:24:58,10:34:32,10:41:52,10:51:52,540,574.32,440,1554.32,0,93.19,ready,수서 > 잠실대교 중간지점 > 천호대교 중간지점 > 아차산 고가차도 > 상봉 > 월릉교 > 미아,20.7137,14,"{""phase"":""A"",""startLLA"":{""lat"":37.487441,""lon"":127.100603,""alt"":0},""endLLA"":{""lat"":37.487441,""lon"":127.100603,""alt"":0},""targetSpeed"":3,""seq"":1}","{""phase"":""B"",""startLLA"":{""lat"":37.487441,""lon"":127.100603,""alt"":0},""endLLA"":{""lat"":37.487441,""lon"":127.100603,""alt"":15},""targetSpeed"":10,""seq"":2}","{""phase"":""C"",""startLLA"":{""lat"":37.487441,""lon"":127.100603,""alt"":15},""endLLA"":{""lat"":37.498065,""lon"":127.098018,""alt"":100},""targetSpeed"":36,""seq"":3}","{""phase"":""E"",""startLLA"":{""lat"":37.498065,""lon"":127.098018,""alt"":100},""endLLA"":{""lat"":37.524288,""lon"":127.091639,""alt"":272.84},""targetSpeed"":51.4,""seq"":4}","{""phase"":""E"",""startLLA"":{""lat"":37.524288,""lon"":127.091639,""alt"":272.84},""endLLA"":{""lat"":37.528008,""lon"":127.095794,""alt"":305},""targetSpeed"":51.4,""seq"":5}","{""phase"":""F"",""startLLA"":{""lat"":37.528008,""lon"":127.095794,""alt"":305},""endLLA"":{""lat"":37.5428,""lon"":127.112312,""alt"":305},""targetSpeed"":51.4,""seq"":6}","{""phase"":""F"",""startLLA"":{""lat"":37.5428,""lon"":127.112312,""alt"":305},""endLLA"":{""lat"":37.547423,""lon"":127.097424,""alt"":305},""targetSpeed"":51.4,""seq"":7}","{""phase"":""F"",""startLLA"":{""lat"":37.547423,""lon"":127.097424,""alt"":305},""endLLA"":{""lat"":37.596919,""lon"":127.084854,""alt"":305},""targetSpeed"":51.4,""seq"":8}","{""phase"":""F"",""startLLA"":{""lat"":37.596919,""lon"":127.084854,""alt"":305},""endLLA"":{""lat"":37.614366,""lon"":127.072716,""alt"":305},""targetSpeed"":51.4,""seq"":9}","{""phase"":""G"",""startLLA"":{""lat"":37.614366,""lon"":127.072716,""alt"":305},""endLLA"":{""lat"":37.616266,""lon"":127.071394,""alt"":290.96},""targetSpeed"":36,""seq"":10}","{""phase"":""G"",""startLLA"":{""lat"":37.616266,""lon"":127.071394,""alt"":290.96},""endLLA"":{""lat"":37.626944,""lon"":127.036665,""alt"":100},""targetSpeed"":36,""seq"":11}","{""phase"":""I"",""startLLA"":{""lat"":37.626944,""lon"":127.036665,""alt"":100},""endLLA"":{""lat"":37.630207,""lon"":127.026053,""alt"":15},""targetSpeed"":30,""seq"":12}","{""phase"":""J"",""startLLA"":{""lat"":37.630207,""lon"":127.026053,""alt"":15},""endLLA"":{""lat"":37.630207,""lon"":127.026053,""alt"":0},""targetSpeed"":10,""seq"":13}","{""phase"":""K"",""startLLA"":{""lat"":37.630207,""lon"":127.026053,""alt"":0},""endLLA"":{""lat"":37.630207,""lon"":127.026053,""alt"":0},""targetSpeed"":3,""seq"":14}",,,,,,,
b4a2894cba5c,2026-06-20,FPL1703005,UAM0060,a4,4,4,1,수서,수서,상암,상암,10,gate-8,fato-1,gate-6,fato-4,10:31:20,10:41:09,10:50:22,10:58:12,11:08:12,589.77,552.34,470,1612.11,49.77,0,ready,수서 > 경부고속도로 양재천 다리 > 채석장 > 180고지 > 영등포 > 선유도 17고지 > 상암,24.374,14,"{""phase"":""A"",""startLLA"":{""lat"":37.487441,""lon"":127.100603,""alt"":0},""endLLA"":{""lat"":37.487441,""lon"":127.100603,""alt"":0},""targetSpeed"":3,""seq"":1}","{""phase"":""B"",""startLLA"":{""lat"":37.487441,""lon"":127.100603,""alt"":0},""endLLA"":{""lat"":37.487441,""lon"":127.100603,""alt"":15},""targetSpeed"":10,""seq"":2}","{""phase"":""C"",""startLLA"":{""lat"":37.487441,""lon"":127.100603,""alt"":15},""endLLA"":{""lat"":37.484413,""lon"":127.087503,""alt"":100},""targetSpeed"":36,""seq"":3}","{""phase"":""E"",""startLLA"":{""lat"":37.484413,""lon"":127.087503,""alt"":100},""endLLA"":{""lat"":37.47555,""lon"":127.04915,""alt"":305},""targetSpeed"":51.4,""seq"":4}","{""phase"":""F"",""startLLA"":{""lat"":37.47555,""lon"":127.04915,""alt"":305},""endLLA"":{""lat"":37.471593,""lon"":127.032031,""alt"":305},""targetSpeed"":51.4,""seq"":5}","{""phase"":""F"",""startLLA"":{""lat"":37.471593,""lon"":127.032031,""alt"":305},""endLLA"":{""lat"":37.471285,""lon"":126.985745,""alt"":305},""targetSpeed"":51.4,""seq"":6}","{""phase"":""F"",""startLLA"":{""lat"":37.471285,""lon"":126.985745,""alt"":305},""endLLA"":{""lat"":37.492877,""lon"":126.93949,""alt"":305},""targetSpeed"":51.4,""seq"":7}","{""phase"":""F"",""startLLA"":{""lat"":37.492877,""lon"":126.93949,""alt"":305},""endLLA"":{""lat"":37.515965,""lon"":126.907756,""alt"":305},""targetSpeed"":51.4,""seq"":8}","{""phase"":""F"",""startLLA"":{""lat"":37.515965,""lon"":126.907756,""alt"":305},""endLLA"":{""lat"":37.524052,""lon"":126.906139,""alt"":305},""targetSpeed"":51.4,""seq"":9}","{""phase"":""G"",""startLLA"":{""lat"":37.524052,""lon"":126.906139,""alt"":305},""endLLA"":{""lat"":37.542307,""lon"":126.90249,""alt"":185.47},""targetSpeed"":36,""seq"":10}","{""phase"":""G"",""startLLA"":{""lat"":37.542307,""lon"":126.90249,""alt"":185.47},""endLLA"":{""lat"":37.554178,""lon"":126.89516,""alt"":100},""targetSpeed"":36,""seq"":11}","{""phase"":""I"",""startLLA"":{""lat"":37.554178,""lon"":126.89516,""alt"":100},""endLLA"":{""lat"":37.562282,""lon"":126.890156,""alt"":15},""targetSpeed"":30,""seq"":12}","{""phase"":""J"",""startLLA"":{""lat"":37.562282,""lon"":126.890156,""alt"":15},""endLLA"":{""lat"":37.562282,""lon"":126.890156,""alt"":0},""targetSpeed"":10,""seq"":13}","{""phase"":""K"",""startLLA"":{""lat"":37.562282,""lon"":126.890156,""alt"":0},""endLLA"":{""lat"":37.562282,""lon"":126.890156,""alt"":0},""targetSpeed"":3,""seq"":14}",,,,,,,
b4a2894cba5c,2026-06-20,FPL1716007,UAM0094,a6,6,3,0.5,수서,수서,망우,망우,10,gate-4,fato-1,gate-8,fato-4,10:38:52,10:48:32,11:00:33,11:08:03,11:18:03,580,720.66,450,1750.66,78.34,40,ready,수서 > 잠실대교 중간지점 > 천호대교 중간지점 > 아차산 고가차도 > 망우,13.9617,12,"{""phase"":""A"",""startLLA"":{""lat"":37.487441,""lon"":127.100603,""alt"":0},""endLLA"":{""lat"":37.487441,""lon"":127.100603,""alt"":0},""targetSpeed"":3,""seq"":1}","{""phase"":""B"",""startLLA"":{""lat"":37.487441,""lon"":127.100603,""alt"":0},""endLLA"":{""lat"":37.487441,""lon"":127.100603,""alt"":15},""targetSpeed"":10,""seq"":2}","{""phase"":""C"",""startLLA"":{""lat"":37.487441,""lon"":127.100603,""alt"":15},""endLLA"":{""lat"":37.498067,""lon"":127.098018,""alt"":100},""targetSpeed"":36,""seq"":3}","{""phase"":""E"",""startLLA"":{""lat"":37.498067,""lon"":127.098018,""alt"":100},""endLLA"":{""lat"":37.524288,""lon"":127.091639,""alt"":272.79},""targetSpeed"":51.4,""seq"":4}","{""phase"":""E"",""startLLA"":{""lat"":37.524288,""lon"":127.091639,""alt"":272.79},""endLLA"":{""lat"":37.528015,""lon"":127.095801,""alt"":305},""targetSpeed"":51.4,""seq"":5}","{""phase"":""F"",""startLLA"":{""lat"":37.528015,""lon"":127.095801,""alt"":305},""endLLA"":{""lat"":37.5428,""lon"":127.112312,""alt"":305},""targetSpeed"":51.4,""seq"":6}","{""phase"":""F"",""startLLA"":{""lat"":37.5428,""lon"":127.112312,""alt"":305},""endLLA"":{""lat"":37.547423,""lon"":127.097424,""alt"":305},""targetSpeed"":51.4,""seq"":7}","{""phase"":""F"",""startLLA"":{""lat"":37.547423,""lon"":127.097424,""alt"":305},""endLLA"":{""lat"":37.557017,""lon"":127.094987,""alt"":305},""targetSpeed"":51.4,""seq"":8}","{""phase"":""G"",""startLLA"":{""lat"":37.557017,""lon"":127.094987,""alt"":305},""endLLA"":{""lat"":37.588078,""lon"":127.087099,""alt"":100},""targetSpeed"":36,""seq"":9}","{""phase"":""I"",""startLLA"":{""lat"":37.588078,""lon"":127.087099,""alt"":100},""endLLA"":{""lat"":37.596919,""lon"":127.084854,""alt"":15},""targetSpeed"":30,""seq"":10}","{""phase"":""J"",""startLLA"":{""lat"":37.596919,""lon"":127.084854,""alt"":15},""endLLA"":{""lat"":37.596919,""lon"":127.084854,""alt"":0},""targetSpeed"":10,""seq"":11}","{""phase"":""K"",""startLLA"":{""lat"":37.596919,""lon"":127.084854,""alt"":0},""endLLA"":{""lat"":37.596919,""lon"":127.084854,""alt"":0},""targetSpeed"":3,""seq"":12}",,,,,,,,,
b4a2894cba5c,2026-06-20,FPL1707004,UAM0020,a4,4,3,0.75,수서,수서,봉천,봉천,10,gate-3,fato-2,gate-8,fato-3,10:41:33,10:50:03,10:56:02,11:02:52,11:12:52,510,359.05,410,1279.05,0,0,ready,수서 > 경부고속도로 양재천 다리 > 채석장 > 봉천,14.439,11,"{""phase"":""A"",""startLLA"":{""lat"":37.487441,""lon"":127.100603,""alt"":0},""endLLA"":{""lat"":37.487441,""lon"":127.100603,""alt"":0},""targetSpeed"":3,""seq"":1}","{""phase"":""B"",""startLLA"":{""lat"":37.487441,""lon"":127.100603,""alt"":0},""endLLA"":{""lat"":37.487441,""lon"":127.100603,""alt"":15},""targetSpeed"":10,""seq"":2}","{""phase"":""C"",""startLLA"":{""lat"":37.487441,""lon"":127.100603,""alt"":15},""endLLA"":{""lat"":37.484412,""lon"":127.087499,""alt"":100},""targetSpeed"":36,""seq"":3}","{""phase"":""E"",""startLLA"":{""lat"":37.484412,""lon"":127.087499,""alt"":100},""endLLA"":{""lat"":37.475546,""lon"":127.049134,""alt"":305},""targetSpeed"":51.4,""seq"":4}","{""phase"":""F"",""startLLA"":{""lat"":37.475546,""lon"":127.049134,""alt"":305},""endLLA"":{""lat"":37.471593,""lon"":127.032031,""alt"":305},""targetSpeed"":51.4,""seq"":5}","{""phase"":""F"",""startLLA"":{""lat"":37.471593,""lon"":127.032031,""alt"":305},""endLLA"":{""lat"":37.471321,""lon"":126.991206,""alt"":305},""targetSpeed"":51.4,""seq"":6}","{""phase"":""G"",""startLLA"":{""lat"":37.471321,""lon"":126.991206,""alt"":305},""endLLA"":{""lat"":37.471285,""lon"":126.985745,""alt"":276.98},""targetSpeed"":36,""seq"":7}","{""phase"":""G"",""startLLA"":{""lat"":37.471285,""lon"":126.985745,""alt"":276.98},""endLLA"":{""lat"":37.479969,""lon"":126.953031,""alt"":100},""targetSpeed"":36,""seq"":8}","{""phase"":""I"",""startLLA"":{""lat"":37.479969,""lon"":126.953031,""alt"":100},""endLLA"":{""lat"":37.482832,""lon"":126.942245,""alt"":15},""targetSpeed"":30,""seq"":9}","{""phase"":""J"",""startLLA"":{""lat"":37.482832,""lon"":126.942245,""alt"":15},""endLLA"":{""lat"":37.482832,""lon"":126.942245,""alt"":0},""targetSpeed"":10,""seq"":10}","{""phase"":""K"",""startLLA"":{""lat"":37.482832,""lon"":126.942245,""alt"":0},""endLLA"":{""lat"":37.482832,""lon"":126.942245,""alt"":0},""targetSpeed"":3,""seq"":11}",,,,,,,,,,
b4a2894cba5c,2026-06-20,FPL1701006,UAM0117,a6,6,3,0.5,수서,수서,여의도,여의도,10,gate-7,fato-1,gate-4,fato-3,10:43:50,10:54:32,11:02:33,11:09:23,11:19:23,642.34,480.96,410,1533.3,132.34,0,ready,수서 > 경부고속도로 양재천 다리 > 채석장 > 180고지 > 영등포 > 여의도,20.7047,13,"{""phase"":""A"",""startLLA"":{""lat"":37.487441,""lon"":127.100603,""alt"":0},""endLLA"":{""lat"":37.487441,""lon"":127.100603,""alt"":0},""targetSpeed"":3,""seq"":1}","{""phase"":""B"",""startLLA"":{""lat"":37.487441,""lon"":127.100603,""alt"":0},""endLLA"":{""lat"":37.487441,""lon"":127.100603,""alt"":15},""targetSpeed"":10,""seq"":2}","{""phase"":""C"",""startLLA"":{""lat"":37.487441,""lon"":127.100603,""alt"":15},""endLLA"":{""lat"":37.484413,""lon"":127.087501,""alt"":100},""targetSpeed"":36,""seq"":3}","{""phase"":""E"",""startLLA"":{""lat"":37.484413,""lon"":127.087501,""alt"":100},""endLLA"":{""lat"":37.475548,""lon"":127.049145,""alt"":305},""targetSpeed"":51.4,""seq"":4}","{""phase"":""F"",""startLLA"":{""lat"":37.475548,""lon"":127.049145,""alt"":305},""endLLA"":{""lat"":37.471593,""lon"":127.032031,""alt"":305},""targetSpeed"":51.4,""seq"":5}","{""phase"":""F"",""startLLA"":{""lat"":37.471593,""lon"":127.032031,""alt"":305},""endLLA"":{""lat"":37.471285,""lon"":126.985745,""alt"":305},""targetSpeed"":51.4,""seq"":6}","{""phase"":""F"",""startLLA"":{""lat"":37.471285,""lon"":126.985745,""alt"":305},""endLLA"":{""lat"":37.492877,""lon"":126.93949,""alt"":305},""targetSpeed"":51.4,""seq"":7}","{""phase"":""F"",""startLLA"":{""lat"":37.492877,""lon"":126.93949,""alt"":305},""endLLA"":{""lat"":37.49922,""lon"":126.930772,""alt"":305},""targetSpeed"":51.4,""seq"":8}","{""phase"":""G"",""startLLA"":{""lat"":37.49922,""lon"":126.930772,""alt"":305},""endLLA"":{""lat"":37.515965,""lon"":126.907756,""alt"":144.8},""targetSpeed"":36,""seq"":9}","{""phase"":""G"",""startLLA"":{""lat"":37.515965,""lon"":126.907756,""alt"":144.8},""endLLA"":{""lat"":37.520546,""lon"":126.914309,""alt"":100},""targetSpeed"":36,""seq"":10}","{""phase"":""I"",""startLLA"":{""lat"":37.520546,""lon"":126.914309,""alt"":100},""endLLA"":{""lat"":37.526513,""lon"":126.922845,""alt"":15},""targetSpeed"":30,""seq"":11}","{""phase"":""J"",""startLLA"":{""lat"":37.526513,""lon"":126.922845,""alt"":15},""endLLA"":{""lat"":37.526513,""lon"":126.922845,""alt"":0},""targetSpeed"":10,""seq"":12}","{""phase"":""K"",""startLLA"":{""lat"":37.526513,""lon"":126.922845,""alt"":0},""endLLA"":{""lat"":37.526513,""lon"":126.922845,""alt"":0},""targetSpeed"":3,""seq"":13}",,,,,,,,
b4a2894cba5c,2026-06-20,FPL1715005,UAM0049,a2,2,2,1,수서,수서,마곡,마곡,10,gate-2,fato-2,gate-2,fato-4,10:46:53,10:56:03,11:15:03,11:23:33,11:33:33,550,1140,510,2200,70,471.12,ready,수서 > 경부고속도로 양재천 다리 > 채석장 > 180고지 > 영등포 > 목동교 > 염창교 > 가양대교 남단 > 마곡,32.4201,16,"{""phase"":""A"",""startLLA"":{""lat"":37.487441,""lon"":127.100603,""alt"":0},""endLLA"":{""lat"":37.487441,""lon"":127.100603,""alt"":0},""targetSpeed"":3,""seq"":1}","{""phase"":""B"",""startLLA"":{""lat"":37.487441,""lon"":127.100603,""alt"":0},""endLLA"":{""lat"":37.487441,""lon"":127.100603,""alt"":15},""targetSpeed"":10,""seq"":2}","{""phase"":""C"",""startLLA"":{""lat"":37.487441,""lon"":127.100603,""alt"":15},""endLLA"":{""lat"":37.484414,""lon"":127.087505,""alt"":100},""targetSpeed"":36,""seq"":3}","{""phase"":""E"",""startLLA"":{""lat"":37.484414,""lon"":127.087505,""alt"":100},""endLLA"":{""lat"":37.475552,""lon"":127.04916,""alt"":305},""targetSpeed"":51.4,""seq"":4}","{""phase"":""F"",""startLLA"":{""lat"":37.475552,""lon"":127.04916,""alt"":305},""endLLA"":{""lat"":37.471593,""lon"":127.032031,""alt"":305},""targetSpeed"":51.4,""seq"":5}","{""phase"":""F"",""startLLA"":{""lat"":37.471593,""lon"":127.032031,""alt"":305},""endLLA"":{""lat"":37.471285,""lon"":126.985745,""alt"":305},""targetSpeed"":51.4,""seq"":6}","{""phase"":""F"",""startLLA"":{""lat"":37.471285,""lon"":126.985745,""alt"":305},""endLLA"":{""lat"":37.492877,""lon"":126.93949,""alt"":305},""targetSpeed"":51.4,""seq"":7}","{""phase"":""F"",""startLLA"":{""lat"":37.492877,""lon"":126.93949,""alt"":305},""endLLA"":{""lat"":37.515965,""lon"":126.907756,""alt"":305},""targetSpeed"":51.4,""seq"":8}","{""phase"":""F"",""startLLA"":{""lat"":37.515965,""lon"":126.907756,""alt"":305},""endLLA"":{""lat"":37.530667,""lon"":126.888262,""alt"":305},""targetSpeed"":51.4,""seq"":9}","{""phase"":""F"",""startLLA"":{""lat"":37.530667,""lon"":126.888262,""alt"":305},""endLLA"":{""lat"":37.553824,""lon"":126.875819,""alt"":305},""targetSpeed"":51.4,""seq"":10}","{""phase"":""F"",""startLLA"":{""lat"":37.553824,""lon"":126.875819,""alt"":305},""endLLA"":{""lat"":37.569391,""lon"":126.861026,""alt"":305},""targetSpeed"":51.4,""seq"":11}","{""phase"":""F"",""startLLA"":{""lat"":37.569391,""lon"":126.861026,""alt"":305},""endLLA"":{""lat"":37.567856,""lon"":126.842881,""alt"":305},""targetSpeed"":51.4,""seq"":12}","{""phase"":""G"",""startLLA"":{""lat"":37.567856,""lon"":126.842881,""alt"":305},""endLLA"":{""lat"":37.564492,""lon"":126.803122,""alt"":100},""targetSpeed"":36,""seq"":13}","{""phase"":""I"",""startLLA"":{""lat"":37.564492,""lon"":126.803122,""alt"":100},""endLLA"":{""lat"":37.563535,""lon"":126.791805,""alt"":15},""targetSpeed"":30,""seq"":14}","{""phase"":""J"",""startLLA"":{""lat"":37.563535,""lon"":126.791805,""alt"":15},""endLLA"":{""lat"":37.563535,""lon"":126.791805,""alt"":0},""targetSpeed"":10,""seq"":15}","{""phase"":""K"",""startLLA"":{""lat"":37.563535,""lon"":126.791805,""alt"":0},""endLLA"":{""lat"":37.563535,""lon"":126.791805,""alt"":0},""targetSpeed"":3,""seq"":16}",,,,,
b4a2894cba5c,2026-06-20,FPL1704003,UAM0073,a2,2,2,1,수서,수서,용산,용산,10,gate-8,fato-1,gate-4,fato-3,10:49:08,11:00:32,11:08:43,11:15:33,11:25:33,684.34,491.46,410,1585.81,144.34,0,ready,수서 > 잠실대교 중간지점 > 청담대교 중간지점 > 성수대교 남단 > 주흥교 > 이수고가차로 > 상도터널 > 용산,21.2449,15,"{""phase"":""A"",""startLLA"":{""lat"":37.487441,""lon"":127.100603,""alt"":0},""endLLA"":{""lat"":37.487441,""lon"":127.100603,""alt"":0},""targetSpeed"":3,""seq"":1}","{""phase"":""B"",""startLLA"":{""lat"":37.487441,""lon"":127.100603,""alt"":0},""endLLA"":{""lat"":37.487441,""lon"":127.100603,""alt"":15},""targetSpeed"":10,""seq"":2}","{""phase"":""C"",""startLLA"":{""lat"":37.487441,""lon"":127.100603,""alt"":15},""endLLA"":{""lat"":37.498069,""lon"":127.098017,""alt"":100},""targetSpeed"":36,""seq"":3}","{""phase"":""E"",""startLLA"":{""lat"":37.498069,""lon"":127.098017,""alt"":100},""endLLA"":{""lat"":37.524288,""lon"":127.091639,""alt"":272.74},""targetSpeed"":51.4,""seq"":4}","{""phase"":""E"",""startLLA"":{""lat"":37.524288,""lon"":127.091639,""alt"":272.74},""endLLA"":{""lat"":37.524784,""lon"":127.085383,""alt"":305},""targetSpeed"":51.4,""seq"":5}","{""phase"":""F"",""startLLA"":{""lat"":37.524784,""lon"":127.085383,""alt"":305},""endLLA"":{""lat"":37.526451,""lon"":127.064361,""alt"":305},""targetSpeed"":51.4,""seq"":6}","{""phase"":""F"",""startLLA"":{""lat"":37.526451,""lon"":127.064361,""alt"":305},""endLLA"":{""lat"":37.53537,""lon"":127.034503,""alt"":305},""targetSpeed"":51.4,""seq"":7}","{""phase"":""F"",""startLLA"":{""lat"":37.53537,""lon"":127.034503,""alt"":305},""endLLA"":{""lat"":37.509486,""lon"":127.016026,""alt"":305},""targetSpeed"":51.4,""seq"":8}","{""phase"":""F"",""startLLA"":{""lat"":37.509486,""lon"":127.016026,""alt"":305},""endLLA"":{""lat"":37.497738,""lon"":126.983721,""alt"":305},""targetSpeed"":51.4,""seq"":9}","{""phase"":""F"",""startLLA"":{""lat"":37.497738,""lon"":126.983721,""alt"":305},""endLLA"":{""lat"":37.500804,""lon"":126.974867,""alt"":305},""targetSpeed"":51.4,""seq"":10}","{""phase"":""G"",""startLLA"":{""lat"":37.500804,""lon"":126.974867,""alt"":305},""endLLA"":{""lat"":37.508684,""lon"":126.95211,""alt"":177.57},""targetSpeed"":36,""seq"":11}","{""phase"":""G"",""startLLA"":{""lat"":37.508684,""lon"":126.95211,""alt"":177.57},""endLLA"":{""lat"":37.520333,""lon"":126.955695,""alt"":100},""targetSpeed"":36,""seq"":12}","{""phase"":""I"",""startLLA"":{""lat"":37.520333,""lon"":126.955695,""alt"":100},""endLLA"":{""lat"":37.529096,""lon"":126.958391,""alt"":15},""targetSpeed"":30,""seq"":13}","{""phase"":""J"",""startLLA"":{""lat"":37.529096,""lon"":126.958391,""alt"":15},""endLLA"":{""lat"":37.529096,""lon"":126.958391,""alt"":0},""targetSpeed"":10,""seq"":14}","{""phase"":""K"",""startLLA"":{""lat"":37.529096,""lon"":126.958391,""alt"":0},""endLLA"":{""lat"":37.529096,""lon"":126.958391,""alt"":0},""targetSpeed"":3,""seq"":15}",,,,,,
b4a2894cba5c,2026-06-20,FPL1710003,UAM0110,a6,6,2,0.3333,수서,수서,연신내,연신내,10,gate-6,fato-2,gate-2,fato-3,10:51:43,11:02:03,11:16:18,11:24:08,11:34:08,620,855.28,470,1945.28,140,165.77,ready,수서 > 경부고속도로 양재천 다리 > 채석장 > 180고지 > 영등포 > 선유도 17고지 > 성산대교 중간지점 > 수색교 > 연신내,31.4243,16,"{""phase"":""A"",""startLLA"":{""lat"":37.487441,""lon"":127.100603,""alt"":0},""endLLA"":{""lat"":37.487441,""lon"":127.100603,""alt"":0},""targetSpeed"":3,""seq"":1}","{""phase"":""B"",""startLLA"":{""lat"":37.487441,""lon"":127.100603,""alt"":0},""endLLA"":{""lat"":37.487441,""lon"":127.100603,""alt"":15},""targetSpeed"":10,""seq"":2}","{""phase"":""C"",""startLLA"":{""lat"":37.487441,""lon"":127.100603,""alt"":15},""endLLA"":{""lat"":37.484414,""lon"":127.087505,""alt"":100},""targetSpeed"":36,""seq"":3}","{""phase"":""E"",""startLLA"":{""lat"":37.484414,""lon"":127.087505,""alt"":100},""endLLA"":{""lat"":37.475552,""lon"":127.049159,""alt"":305},""targetSpeed"":51.4,""seq"":4}","{""phase"":""F"",""startLLA"":{""lat"":37.475552,""lon"":127.049159,""alt"":305},""endLLA"":{""lat"":37.471593,""lon"":127.032031,""alt"":305},""targetSpeed"":51.4,""seq"":5}","{""phase"":""F"",""startLLA"":{""lat"":37.471593,""lon"":127.032031,""alt"":305},""endLLA"":{""lat"":37.471285,""lon"":126.985745,""alt"":305},""targetSpeed"":51.4,""seq"":6}","{""phase"":""F"",""startLLA"":{""lat"":37.471285,""lon"":126.985745,""alt"":305},""endLLA"":{""lat"":37.492877,""lon"":126.93949,""alt"":305},""targetSpeed"":51.4,""seq"":7}","{""phase"":""F"",""startLLA"":{""lat"":37.492877,""lon"":126.93949,""alt"":305},""endLLA"":{""lat"":37.515965,""lon"":126.907756,""alt"":305},""targetSpeed"":51.4,""seq"":8}","{""phase"":""F"",""startLLA"":{""lat"":37.515965,""lon"":126.907756,""alt"":305},""endLLA"":{""lat"":37.542307,""lon"":126.90249,""alt"":305},""targetSpeed"":51.4,""seq"":9}","{""phase"":""F"",""startLLA"":{""lat"":37.542307,""lon"":126.90249,""alt"":305},""endLLA"":{""lat"":37.552574,""lon"":126.891431,""alt"":305},""targetSpeed"":51.4,""seq"":10}","{""phase"":""F"",""startLLA"":{""lat"":37.552574,""lon"":126.891431,""alt"":305},""endLLA"":{""lat"":37.583689,""lon"":126.886699,""alt"":305},""targetSpeed"":51.4,""seq"":11}","{""phase"":""G"",""startLLA"":{""lat"":37.583689,""lon"":126.886699,""alt"":305},""endLLA"":{""lat"":37.586283,""lon"":126.886304,""alt"":288.1},""targetSpeed"":36,""seq"":12}","{""phase"":""G"",""startLLA"":{""lat"":37.586283,""lon"":126.886304,""alt"":288.1},""endLLA"":{""lat"":37.605258,""lon"":126.914118,""alt"":100},""targetSpeed"":36,""seq"":13}","{""phase"":""I"",""startLLA"":{""lat"":37.605258,""lon"":126.914118,""alt"":100},""endLLA"":{""lat"":37.611145,""lon"":126.922747,""alt"":15},""targetSpeed"":30,""seq"":14}","{""phase"":""J"",""startLLA"":{""lat"":37.611145,""lon"":126.922747,""alt"":15},""endLLA"":{""lat"":37.611145,""lon"":126.922747,""alt"":0},""targetSpeed"":10,""seq"":15}","{""phase"":""K"",""startLLA"":{""lat"":37.611145,""lon"":126.922747,""alt"":0},""endLLA"":{""lat"":37.611145,""lon"":126.922747,""alt"":0},""targetSpeed"":3,""seq"":16}",,,,,
b4a2894cba5c,2026-06-20,FPL1705008,UAM0064,a8,8,8,1,수서,수서,목동,목동,11,gate-4,fato-1,gate-7,fato-3,11:00:30,11:10:10,11:19:45,11:27:05,11:37:05,580,574.88,440,1594.88,70.68,69.87,ready,수서 > 경부고속도로 양재천 다리 > 채석장 > 180고지 > 영등포 > 목동,21.941,13,"{""phase"":""A"",""startLLA"":{""lat"":37.487441,""lon"":127.100603,""alt"":0},""endLLA"":{""lat"":37.487441,""lon"":127.100603,""alt"":0},""targetSpeed"":3,""seq"":1}","{""phase"":""B"",""startLLA"":{""lat"":37.487441,""lon"":127.100603,""alt"":0},""endLLA"":{""lat"":37.487441,""lon"":127.100603,""alt"":15},""targetSpeed"":10,""seq"":2}","{""phase"":""C"",""startLLA"":{""lat"":37.487441,""lon"":127.100603,""alt"":15},""endLLA"":{""lat"":37.484413,""lon"":127.087502,""alt"":100},""targetSpeed"":36,""seq"":3}","{""phase"":""E"",""startLLA"":{""lat"":37.484413,""lon"":127.087502,""alt"":100},""endLLA"":{""lat"":37.475548,""lon"":127.049146,""alt"":305},""targetSpeed"":51.4,""seq"":4}","{""phase"":""F"",""startLLA"":{""lat"":37.475548,""lon"":127.049146,""alt"":305},""endLLA"":{""lat"":37.471593,""lon"":127.032031,""alt"":305},""targetSpeed"":51.4,""seq"":5}","{""phase"":""F"",""startLLA"":{""lat"":37.471593,""lon"":127.032031,""alt"":305},""endLLA"":{""lat"":37.471285,""lon"":126.985745,""alt"":305},""targetSpeed"":51.4,""seq"":6}","{""phase"":""F"",""startLLA"":{""lat"":37.471285,""lon"":126.985745,""alt"":305},""endLLA"":{""lat"":37.492877,""lon"":126.93949,""alt"":305},""targetSpeed"":51.4,""seq"":7}","{""phase"":""F"",""startLLA"":{""lat"":37.492877,""lon"":126.93949,""alt"":305},""endLLA"":{""lat"":37.506729,""lon"":126.92045,""alt"":305},""targetSpeed"":51.4,""seq"":8}","{""phase"":""G"",""startLLA"":{""lat"":37.506729,""lon"":126.92045,""alt"":305},""endLLA"":{""lat"":37.515965,""lon"":126.907756,""alt"":216.64},""targetSpeed"":36,""seq"":9}","{""phase"":""G"",""startLLA"":{""lat"":37.515965,""lon"":126.907756,""alt"":216.64},""endLLA"":{""lat"":37.522882,""lon"":126.886751,""alt"":100},""targetSpeed"":36,""seq"":10}","{""phase"":""I"",""startLLA"":{""lat"":37.522882,""lon"":126.886751,""alt"":100},""endLLA"":{""lat"":37.526343,""lon"":126.876243,""alt"":15},""targetSpeed"":30,""seq"":11}","{""phase"":""J"",""startLLA"":{""lat"":37.526343,""lon"":126.876243,""alt"":15},""endLLA"":{""lat"":37.526343,""lon"":126.876243,""alt"":0},""targetSpeed"":10,""seq"":12}","{""phase"":""K"",""startLLA"":{""lat"":37.526343,""lon"":126.876243,""alt"":0},""endLLA"":{""lat"":37.526343,""lon"":126.876243,""alt"":0},""targetSpeed"":3,""seq"":13}",,,,,,,,
b4a2894cba5c,2026-06-20,FPL1715006,UAM0075,a4,4,4,1,수서,수서,마곡,마곡,11,gate-5,fato-2,gate-3,fato-3,11:00:00,11:08:03,11:24:43,11:32:03,11:42:03,483,1000,440,1923,33,86,ready,수서 > 경부고속도로 양재천 다리 > 채석장 > 180고지 > 영등포 > 목동교 > 염창교 > 가양대교 남단 > 마곡,32.4201,16,"{""phase"":""A"",""startLLA"":{""lat"":37.487441,""lon"":127.100603,""alt"":0},""endLLA"":{""lat"":37.487441,""lon"":127.100603,""alt"":0},""targetSpeed"":3,""seq"":1}","{""phase"":""B"",""startLLA"":{""lat"":37.487441,""lon"":127.100603,""alt"":0},""endLLA"":{""lat"":37.487441,""lon"":127.100603,""alt"":15},""targetSpeed"":10,""seq"":2}","{""phase"":""C"",""startLLA"":{""lat"":37.487441,""lon"":127.100603,""alt"":15},""endLLA"":{""lat"":37.484414,""lon"":127.087505,""alt"":100},""targetSpeed"":36,""seq"":3}","{""phase"":""E"",""startLLA"":{""lat"":37.484414,""lon"":127.087505,""alt"":100},""endLLA"":{""lat"":37.475552,""lon"":127.04916,""alt"":305},""targetSpeed"":51.4,""seq"":4}","{""phase"":""F"",""startLLA"":{""lat"":37.475552,""lon"":127.04916,""alt"":305},""endLLA"":{""lat"":37.471593,""lon"":127.032031,""alt"":305},""targetSpeed"":51.4,""seq"":5}","{""phase"":""F"",""startLLA"":{""lat"":37.471593,""lon"":127.032031,""alt"":305},""endLLA"":{""lat"":37.471285,""lon"":126.985745,""alt"":305},""targetSpeed"":51.4,""seq"":6}","{""phase"":""F"",""startLLA"":{""lat"":37.471285,""lon"":126.985745,""alt"":305},""endLLA"":{""lat"":37.492877,""lon"":126.93949,""alt"":305},""targetSpeed"":51.4,""seq"":7}","{""phase"":""F"",""startLLA"":{""lat"":37.492877,""lon"":126.93949,""alt"":305},""endLLA"":{""lat"":37.515965,""lon"":126.907756,""alt"":305},""targetSpeed"":51.4,""seq"":8}","{""phase"":""F"",""startLLA"":{""lat"":37.515965,""lon"":126.907756,""alt"":305},""endLLA"":{""lat"":37.530667,""lon"":126.888262,""alt"":305},""targetSpeed"":51.4,""seq"":9}","{""phase"":""F"",""startLLA"":{""lat"":37.530667,""lon"":126.888262,""alt"":305},""endLLA"":{""lat"":37.553824,""lon"":126.875819,""alt"":305},""targetSpeed"":51.4,""seq"":10}","{""phase"":""F"",""startLLA"":{""lat"":37.553824,""lon"":126.875819,""alt"":305},""endLLA"":{""lat"":37.569391,""lon"":126.861026,""alt"":305},""targetSpeed"":51.4,""seq"":11}","{""phase"":""F"",""startLLA"":{""lat"":37.569391,""lon"":126.861026,""alt"":305},""endLLA"":{""lat"":37.567856,""lon"":126.842881,""alt"":305},""targetSpeed"":51.4,""seq"":12}","{""phase"":""G"",""startLLA"":{""lat"":37.567856,""lon"":126.842881,""alt"":305},""endLLA"":{""lat"":37.564492,""lon"":126.803122,""alt"":100},""targetSpeed"":36,""seq"":13}","{""phase"":""I"",""startLLA"":{""lat"":37.564492,""lon"":126.803122,""alt"":100},""endLLA"":{""lat"":37.563535,""lon"":126.791805,""alt"":15},""targetSpeed"":30,""seq"":14}","{""phase"":""J"",""startLLA"":{""lat"":37.563535,""lon"":126.791805,""alt"":15},""endLLA"":{""lat"":37.563535,""lon"":126.791805,""alt"":0},""targetSpeed"":10,""seq"":15}","{""phase"":""K"",""startLLA"":{""lat"":37.563535,""lon"":126.791805,""alt"":0},""endLLA"":{""lat"":37.563535,""lon"":126.791805,""alt"":0},""targetSpeed"":3,""seq"":16}",,,,,
b4a2894cba5c,2026-06-20,FPL1716008,UAM0091,a4,4,4,1,수서,수서,망우,망우,11,gate-1,fato-2,gate-4,fato-3,11:00:00,11:14:03,11:19:52,11:26:42,11:36:42,843,349.77,410,1602.77,393,0,ready,수서 > 잠실대교 중간지점 > 천호대교 중간지점 > 아차산 고가차도 > 망우,13.9617,12,"{""phase"":""A"",""startLLA"":{""lat"":37.487441,""lon"":127.100603,""alt"":0},""endLLA"":{""lat"":37.487441,""lon"":127.100603,""alt"":0},""targetSpeed"":3,""seq"":1}","{""phase"":""B"",""startLLA"":{""lat"":37.487441,""lon"":127.100603,""alt"":0},""endLLA"":{""lat"":37.487441,""lon"":127.100603,""alt"":15},""targetSpeed"":10,""seq"":2}","{""phase"":""C"",""startLLA"":{""lat"":37.487441,""lon"":127.100603,""alt"":15},""endLLA"":{""lat"":37.498067,""lon"":127.098018,""alt"":100},""targetSpeed"":36,""seq"":3}","{""phase"":""E"",""startLLA"":{""lat"":37.498067,""lon"":127.098018,""alt"":100},""endLLA"":{""lat"":37.524288,""lon"":127.091639,""alt"":272.79},""targetSpeed"":51.4,""seq"":4}","{""phase"":""E"",""startLLA"":{""lat"":37.524288,""lon"":127.091639,""alt"":272.79},""endLLA"":{""lat"":37.528015,""lon"":127.095801,""alt"":305},""targetSpeed"":51.4,""seq"":5}","{""phase"":""F"",""startLLA"":{""lat"":37.528015,""lon"":127.095801,""alt"":305},""endLLA"":{""lat"":37.5428,""lon"":127.112312,""alt"":305},""targetSpeed"":51.4,""seq"":6}","{""phase"":""F"",""startLLA"":{""lat"":37.5428,""lon"":127.112312,""alt"":305},""endLLA"":{""lat"":37.547423,""lon"":127.097424,""alt"":305},""targetSpeed"":51.4,""seq"":7}","{""phase"":""F"",""startLLA"":{""lat"":37.547423,""lon"":127.097424,""alt"":305},""endLLA"":{""lat"":37.557017,""lon"":127.094987,""alt"":305},""targetSpeed"":51.4,""seq"":8}","{""phase"":""G"",""startLLA"":{""lat"":37.557017,""lon"":127.094987,""alt"":305},""endLLA"":{""lat"":37.588078,""lon"":127.087099,""alt"":100},""targetSpeed"":36,""seq"":9}","{""phase"":""I"",""startLLA"":{""lat"":37.588078,""lon"":127.087099,""alt"":100},""endLLA"":{""lat"":37.596919,""lon"":127.084854,""alt"":15},""targetSpeed"":30,""seq"":10}","{""phase"":""J"",""startLLA"":{""lat"":37.596919,""lon"":127.084854,""alt"":15},""endLLA"":{""lat"":37.596919,""lon"":127.084854,""alt"":0},""targetSpeed"":10,""seq"":11}","{""phase"":""K"",""startLLA"":{""lat"":37.596919,""lon"":127.084854,""alt"":0},""endLLA"":{""lat"":37.596919,""lon"":127.084854,""alt"":0},""targetSpeed"":3,""seq"":12}",,,,,,,,,
b4a2894cba5c,2026-06-20,FPL1714007,UAM0061,a6,6,6,1,수서,수서,가산,가산,11,gate-8,fato-1,gate-7,fato-4,11:12:21,11:21:21,11:29:17,11:36:37,11:46:37,540,476.98,440,1456.98,0,0,ready,수서 > 경부고속도로 양재천 다리 > 채석장 > 180고지 > 가산,20.5002,12,"{""phase"":""A"",""startLLA"":{""lat"":37.487441,""lon"":127.100603,""alt"":0},""endLLA"":{""lat"":37.487441,""lon"":127.100603,""alt"":0},""targetSpeed"":3,""seq"":1}","{""phase"":""B"",""startLLA"":{""lat"":37.487441,""lon"":127.100603,""alt"":0},""endLLA"":{""lat"":37.487441,""lon"":127.100603,""alt"":15},""targetSpeed"":10,""seq"":2}","{""phase"":""C"",""startLLA"":{""lat"":37.487441,""lon"":127.100603,""alt"":15},""endLLA"":{""lat"":37.484413,""lon"":127.0875,""alt"":100},""targetSpeed"":36,""seq"":3}","{""phase"":""E"",""startLLA"":{""lat"":37.484413,""lon"":127.0875,""alt"":100},""endLLA"":{""lat"":37.475547,""lon"":127.049139,""alt"":305},""targetSpeed"":51.4,""seq"":4}","{""phase"":""F"",""startLLA"":{""lat"":37.475547,""lon"":127.049139,""alt"":305},""endLLA"":{""lat"":37.471593,""lon"":127.032031,""alt"":305},""targetSpeed"":51.4,""seq"":5}","{""phase"":""F"",""startLLA"":{""lat"":37.471593,""lon"":127.032031,""alt"":305},""endLLA"":{""lat"":37.471285,""lon"":126.985745,""alt"":305},""targetSpeed"":51.4,""seq"":6}","{""phase"":""F"",""startLLA"":{""lat"":37.471285,""lon"":126.985745,""alt"":305},""endLLA"":{""lat"":37.492877,""lon"":126.93949,""alt"":305},""targetSpeed"":51.4,""seq"":7}","{""phase"":""F"",""startLLA"":{""lat"":37.492877,""lon"":126.93949,""alt"":305},""endLLA"":{""lat"":37.492284,""lon"":126.929987,""alt"":305},""targetSpeed"":51.4,""seq"":8}","{""phase"":""G"",""startLLA"":{""lat"":37.492284,""lon"":126.929987,""alt"":305},""endLLA"":{""lat"":37.489799,""lon"":126.890149,""alt"":100},""targetSpeed"":36,""seq"":9}","{""phase"":""I"",""startLLA"":{""lat"":37.489799,""lon"":126.890149,""alt"":100},""endLLA"":{""lat"":37.489091,""lon"":126.878809,""alt"":15},""targetSpeed"":30,""seq"":10}","{""phase"":""J"",""startLLA"":{""lat"":37.489091,""lon"":126.878809,""alt"":15},""endLLA"":{""lat"":37.489091,""lon"":126.878809,""alt"":0},""targetSpeed"":10,""seq"":11}","{""phase"":""K"",""startLLA"":{""lat"":37.489091,""lon"":126.878809,""alt"":0},""endLLA"":{""lat"":37.489091,""lon"":126.878809,""alt"":0},""targetSpeed"":3,""seq"":12}",,,,,,,,,
b4a2894cba5c,2026-06-20,FPL1707005,UAM0111,a8,8,6,0.75,수서,수서,봉천,봉천,11,gate-3,fato-2,gate-8,fato-3,11:17:36,11:26:54,11:32:53,11:39:43,11:49:43,558.19,359.05,410,1327.24,48.19,0,ready,수서 > 경부고속도로 양재천 다리 > 채석장 > 봉천,14.439,11,"{""phase"":""A"",""startLLA"":{""lat"":37.487441,""lon"":127.100603,""alt"":0},""endLLA"":{""lat"":37.487441,""lon"":127.100603,""alt"":0},""targetSpeed"":3,""seq"":1}","{""phase"":""B"",""startLLA"":{""lat"":37.487441,""lon"":127.100603,""alt"":0},""endLLA"":{""lat"":37.487441,""lon"":127.100603,""alt"":15},""targetSpeed"":10,""seq"":2}","{""phase"":""C"",""startLLA"":{""lat"":37.487441,""lon"":127.100603,""alt"":15},""endLLA"":{""lat"":37.484412,""lon"":127.087499,""alt"":100},""targetSpeed"":36,""seq"":3}","{""phase"":""E"",""startLLA"":{""lat"":37.484412,""lon"":127.087499,""alt"":100},""endLLA"":{""lat"":37.475546,""lon"":127.049134,""alt"":305},""targetSpeed"":51.4,""seq"":4}","{""phase"":""F"",""startLLA"":{""lat"":37.475546,""lon"":127.049134,""alt"":305},""endLLA"":{""lat"":37.471593,""lon"":127.032031,""alt"":305},""targetSpeed"":51.4,""seq"":5}","{""phase"":""F"",""startLLA"":{""lat"":37.471593,""lon"":127.032031,""alt"":305},""endLLA"":{""lat"":37.471321,""lon"":126.991206,""alt"":305},""targetSpeed"":51.4,""seq"":6}","{""phase"":""G"",""startLLA"":{""lat"":37.471321,""lon"":126.991206,""alt"":305},""endLLA"":{""lat"":37.471285,""lon"":126.985745,""alt"":276.98},""targetSpeed"":36,""seq"":7}","{""phase"":""G"",""startLLA"":{""lat"":37.471285,""lon"":126.985745,""alt"":276.98},""endLLA"":{""lat"":37.479969,""lon"":126.953031,""alt"":100},""targetSpeed"":36,""seq"":8}","{""phase"":""I"",""startLLA"":{""lat"":37.479969,""lon"":126.953031,""alt"":100},""endLLA"":{""lat"":37.482832,""lon"":126.942245,""alt"":15},""targetSpeed"":30,""seq"":9}","{""phase"":""J"",""startLLA"":{""lat"":37.482832,""lon"":126.942245,""alt"":15},""endLLA"":{""lat"":37.482832,""lon"":126.942245,""alt"":0},""targetSpeed"":10,""seq"":10}","{""phase"":""K"",""startLLA"":{""lat"":37.482832,""lon"":126.942245,""alt"":0},""endLLA"":{""lat"":37.482832,""lon"":126.942245,""alt"":0},""targetSpeed"":3,""seq"":11}",,,,,,,,,,
b4a2894cba5c,2026-06-20,FPL1715007,UAM0119,a8,8,5,0.625,수서,수서,마곡,마곡,11,gate-4,fato-1,gate-1,fato-3,11:20:01,11:29:01,13:15:05,13:23:25,13:33:25,540,6364,500,7404,0,870,ready,수서 > 경부고속도로 양재천 다리 > 채석장 > 180고지 > 영등포 > 목동교 > 염창교 > 가양대교 남단 > 마곡,32.4201,16,"{""phase"":""A"",""startLLA"":{""lat"":37.487441,""lon"":127.100603,""alt"":0},""endLLA"":{""lat"":37.487441,""lon"":127.100603,""alt"":0},""targetSpeed"":3,""seq"":1}","{""phase"":""B"",""startLLA"":{""lat"":37.487441,""lon"":127.100603,""alt"":0},""endLLA"":{""lat"":37.487441,""lon"":127.100603,""alt"":15},""targetSpeed"":10,""seq"":2}","{""phase"":""C"",""startLLA"":{""lat"":37.487441,""lon"":127.100603,""alt"":15},""endLLA"":{""lat"":37.484414,""lon"":127.087505,""alt"":100},""targetSpeed"":36,""seq"":3}","{""phase"":""E"",""startLLA"":{""lat"":37.484414,""lon"":127.087505,""alt"":100},""endLLA"":{""lat"":37.475552,""lon"":127.04916,""alt"":305},""targetSpeed"":51.4,""seq"":4}","{""phase"":""F"",""startLLA"":{""lat"":37.475552,""lon"":127.04916,""alt"":305},""endLLA"":{""lat"":37.471593,""lon"":127.032031,""alt"":305},""targetSpeed"":51.4,""seq"":5}","{""phase"":""F"",""startLLA"":{""lat"":37.471593,""lon"":127.032031,""alt"":305},""endLLA"":{""lat"":37.471285,""lon"":126.985745,""alt"":305},""targetSpeed"":51.4,""seq"":6}","{""phase"":""F"",""startLLA"":{""lat"":37.471285,""lon"":126.985745,""alt"":305},""endLLA"":{""lat"":37.492877,""lon"":126.93949,""alt"":305},""targetSpeed"":51.4,""seq"":7}","{""phase"":""F"",""startLLA"":{""lat"":37.492877,""lon"":126.93949,""alt"":305},""endLLA"":{""lat"":37.515965,""lon"":126.907756,""alt"":305},""targetSpeed"":51.4,""seq"":8}","{""phase"":""F"",""startLLA"":{""lat"":37.515965,""lon"":126.907756,""alt"":305},""endLLA"":{""lat"":37.530667,""lon"":126.888262,""alt"":305},""targetSpeed"":51.4,""seq"":9}","{""phase"":""F"",""startLLA"":{""lat"":37.530667,""lon"":126.888262,""alt"":305},""endLLA"":{""lat"":37.553824,""lon"":126.875819,""alt"":305},""targetSpeed"":51.4,""seq"":10}","{""phase"":""F"",""startLLA"":{""lat"":37.553824,""lon"":126.875819,""alt"":305},""endLLA"":{""lat"":37.569391,""lon"":126.861026,""alt"":305},""targetSpeed"":51.4,""seq"":11}","{""phase"":""F"",""startLLA"":{""lat"":37.569391,""lon"":126.861026,""alt"":305},""endLLA"":{""lat"":37.567856,""lon"":126.842881,""alt"":305},""targetSpeed"":51.4,""seq"":12}","{""phase"":""G"",""startLLA"":{""lat"":37.567856,""lon"":126.842881,""alt"":305},""endLLA"":{""lat"":37.564492,""lon"":126.803122,""alt"":100},""targetSpeed"":36,""seq"":13}","{""phase"":""I"",""startLLA"":{""lat"":37.564492,""lon"":126.803122,""alt"":100},""endLLA"":{""lat"":37.563535,""lon"":126.791805,""alt"":15},""targetSpeed"":30,""seq"":14}","{""phase"":""J"",""startLLA"":{""lat"":37.563535,""lon"":126.791805,""alt"":15},""endLLA"":{""lat"":37.563535,""lon"":126.791805,""alt"":0},""targetSpeed"":10,""seq"":15}","{""phase"":""K"",""startLLA"":{""lat"":37.563535,""lon"":126.791805,""alt"":0},""endLLA"":{""lat"":37.563535,""lon"":126.791805,""alt"":0},""targetSpeed"":3,""seq"":16}",,,,,
b4a2894cba5c,2026-06-20,FPL1710004,UAM0005,a6,6,5,0.8333,수서,수서,연신내,연신내,11,gate-7,fato-2,gate-4,fato-3,11:23:35,11:33:34,11:45:03,11:51:53,12:01:53,599.19,689.51,410,1698.7,89.19,0,ready,수서 > 경부고속도로 양재천 다리 > 채석장 > 180고지 > 영등포 > 선유도 17고지 > 성산대교 중간지점 > 수색교 > 연신내,31.4243,16,"{""phase"":""A"",""startLLA"":{""lat"":37.487441,""lon"":127.100603,""alt"":0},""endLLA"":{""lat"":37.487441,""lon"":127.100603,""alt"":0},""targetSpeed"":3,""seq"":1}","{""phase"":""B"",""startLLA"":{""lat"":37.487441,""lon"":127.100603,""alt"":0},""endLLA"":{""lat"":37.487441,""lon"":127.100603,""alt"":15},""targetSpeed"":10,""seq"":2}","{""phase"":""C"",""startLLA"":{""lat"":37.487441,""lon"":127.100603,""alt"":15},""endLLA"":{""lat"":37.484414,""lon"":127.087505,""alt"":100},""targetSpeed"":36,""seq"":3}","{""phase"":""E"",""startLLA"":{""lat"":37.484414,""lon"":127.087505,""alt"":100},""endLLA"":{""lat"":37.475552,""lon"":127.049159,""alt"":305},""targetSpeed"":51.4,""seq"":4}","{""phase"":""F"",""startLLA"":{""lat"":37.475552,""lon"":127.049159,""alt"":305},""endLLA"":{""lat"":37.471593,""lon"":127.032031,""alt"":305},""targetSpeed"":51.4,""seq"":5}","{""phase"":""F"",""startLLA"":{""lat"":37.471593,""lon"":127.032031,""alt"":305},""endLLA"":{""lat"":37.471285,""lon"":126.985745,""alt"":305},""targetSpeed"":51.4,""seq"":6}","{""phase"":""F"",""startLLA"":{""lat"":37.471285,""lon"":126.985745,""alt"":305},""endLLA"":{""lat"":37.492877,""lon"":126.93949,""alt"":305},""targetSpeed"":51.4,""seq"":7}","{""phase"":""F"",""startLLA"":{""lat"":37.492877,""lon"":126.93949,""alt"":305},""endLLA"":{""lat"":37.515965,""lon"":126.907756,""alt"":305},""targetSpeed"":51.4,""seq"":8}","{""phase"":""F"",""startLLA"":{""lat"":37.515965,""lon"":126.907756,""alt"":305},""endLLA"":{""lat"":37.542307,""lon"":126.90249,""alt"":305},""targetSpeed"":51.4,""seq"":9}","{""phase"":""F"",""startLLA"":{""lat"":37.542307,""lon"":126.90249,""alt"":305},""endLLA"":{""lat"":37.552574,""lon"":126.891431,""alt"":305},""targetSpeed"":51.4,""seq"":10}","{""phase"":""F"",""startLLA"":{""lat"":37.552574,""lon"":126.891431,""alt"":305},""endLLA"":{""lat"":37.583689,""lon"":126.886699,""alt"":305},""targetSpeed"":51.4,""seq"":11}","{""phase"":""G"",""startLLA"":{""lat"":37.583689,""lon"":126.886699,""alt"":305},""endLLA"":{""lat"":37.586283,""lon"":126.886304,""alt"":288.1},""targetSpeed"":36,""seq"":12}","{""phase"":""G"",""startLLA"":{""lat"":37.586283,""lon"":126.886304,""alt"":288.1},""endLLA"":{""lat"":37.605258,""lon"":126.914118,""alt"":100},""targetSpeed"":36,""seq"":13}","{""phase"":""I"",""startLLA"":{""lat"":37.605258,""lon"":126.914118,""alt"":100},""endLLA"":{""lat"":37.611145,""lon"":126.922747,""alt"":15},""targetSpeed"":30,""seq"":14}","{""phase"":""J"",""startLLA"":{""lat"":37.611145,""lon"":126.922747,""alt"":15},""endLLA"":{""lat"":37.611145,""lon"":126.922747,""alt"":0},""targetSpeed"":10,""seq"":15}","{""phase"":""K"",""startLLA"":{""lat"":37.611145,""lon"":126.922747,""alt"":0},""endLLA"":{""lat"":37.611145,""lon"":126.922747,""alt"":0},""targetSpeed"":3,""seq"":16}",,,,,
b4a2894cba5c,2026-06-20,FPL1701007,UAM0082,a2,2,2,1,수서,수서,여의도,여의도,11,gate-8,fato-1,gate-7,fato-3,11:30:04,11:39:04,11:47:04,11:54:24,12:04:24,540,480.96,440,1460.96,0,0,ready,수서 > 경부고속도로 양재천 다리 > 채석장 > 180고지 > 영등포 > 여의도,20.7047,13,"{""phase"":""A"",""startLLA"":{""lat"":37.487441,""lon"":127.100603,""alt"":0},""endLLA"":{""lat"":37.487441,""lon"":127.100603,""alt"":0},""targetSpeed"":3,""seq"":1}","{""phase"":""B"",""startLLA"":{""lat"":37.487441,""lon"":127.100603,""alt"":0},""endLLA"":{""lat"":37.487441,""lon"":127.100603,""alt"":15},""targetSpeed"":10,""seq"":2}","{""phase"":""C"",""startLLA"":{""lat"":37.487441,""lon"":127.100603,""alt"":15},""endLLA"":{""lat"":37.484413,""lon"":127.087501,""alt"":100},""targetSpeed"":36,""seq"":3}","{""phase"":""E"",""startLLA"":{""lat"":37.484413,""lon"":127.087501,""alt"":100},""endLLA"":{""lat"":37.475548,""lon"":127.049145,""alt"":305},""targetSpeed"":51.4,""seq"":4}","{""phase"":""F"",""startLLA"":{""lat"":37.475548,""lon"":127.049145,""alt"":305},""endLLA"":{""lat"":37.471593,""lon"":127.032031,""alt"":305},""targetSpeed"":51.4,""seq"":5}","{""phase"":""F"",""startLLA"":{""lat"":37.471593,""lon"":127.032031,""alt"":305},""endLLA"":{""lat"":37.471285,""lon"":126.985745,""alt"":305},""targetSpeed"":51.4,""seq"":6}","{""phase"":""F"",""startLLA"":{""lat"":37.471285,""lon"":126.985745,""alt"":305},""endLLA"":{""lat"":37.492877,""lon"":126.93949,""alt"":305},""targetSpeed"":51.4,""seq"":7}","{""phase"":""F"",""startLLA"":{""lat"":37.492877,""lon"":126.93949,""alt"":305},""endLLA"":{""lat"":37.49922,""lon"":126.930772,""alt"":305},""targetSpeed"":51.4,""seq"":8}","{""phase"":""G"",""startLLA"":{""lat"":37.49922,""lon"":126.930772,""alt"":305},""endLLA"":{""lat"":37.515965,""lon"":126.907756,""alt"":144.8},""targetSpeed"":36,""seq"":9}","{""phase"":""G"",""startLLA"":{""lat"":37.515965,""lon"":126.907756,""alt"":144.8},""endLLA"":{""lat"":37.520546,""lon"":126.914309,""alt"":100},""targetSpeed"":36,""seq"":10}","{""phase"":""I"",""startLLA"":{""lat"":37.520546,""lon"":126.914309,""alt"":100},""endLLA"":{""lat"":37.526513,""lon"":126.922845,""alt"":15},""targetSpeed"":30,""seq"":11}","{""phase"":""J"",""startLLA"":{""lat"":37.526513,""lon"":126.922845,""alt"":15},""endLLA"":{""lat"":37.526513,""lon"":126.922845,""alt"":0},""targetSpeed"":10,""seq"":12}","{""phase"":""K"",""startLLA"":{""lat"":37.526513,""lon"":126.922845,""alt"":0},""endLLA"":{""lat"":37.526513,""lon"":126.922845,""alt"":0},""targetSpeed"":3,""seq"":13}",,,,,,,,
b4a2894cba5c,2026-06-20,FPL1706005,UAM0057,a2,2,2,1,수서,수서,미아,미아,11,gate-2,fato-2,gate-3,fato-3,11:30:05,11:39:34,11:47:35,11:54:55,12:04:55,569.19,481.13,440,1490.32,89.19,0,ready,수서 > 잠실대교 중간지점 > 천호대교 중간지점 > 아차산 고가차도 > 상봉 > 월릉교 > 미아,20.7137,14,"{""phase"":""A"",""startLLA"":{""lat"":37.487441,""lon"":127.100603,""alt"":0},""endLLA"":{""lat"":37.487441,""lon"":127.100603,""alt"":0},""targetSpeed"":3,""seq"":1}","{""phase"":""B"",""startLLA"":{""lat"":37.487441,""lon"":127.100603,""alt"":0},""endLLA"":{""lat"":37.487441,""lon"":127.100603,""alt"":15},""targetSpeed"":10,""seq"":2}","{""phase"":""C"",""startLLA"":{""lat"":37.487441,""lon"":127.100603,""alt"":15},""endLLA"":{""lat"":37.498065,""lon"":127.098018,""alt"":100},""targetSpeed"":36,""seq"":3}","{""phase"":""E"",""startLLA"":{""lat"":37.498065,""lon"":127.098018,""alt"":100},""endLLA"":{""lat"":37.524288,""lon"":127.091639,""alt"":272.84},""targetSpeed"":51.4,""seq"":4}","{""phase"":""E"",""startLLA"":{""lat"":37.524288,""lon"":127.091639,""alt"":272.84},""endLLA"":{""lat"":37.528008,""lon"":127.095794,""alt"":305},""targetSpeed"":51.4,""seq"":5}","{""phase"":""F"",""startLLA"":{""lat"":37.528008,""lon"":127.095794,""alt"":305},""endLLA"":{""lat"":37.5428,""lon"":127.112312,""alt"":305},""targetSpeed"":51.4,""seq"":6}","{""phase"":""F"",""startLLA"":{""lat"":37.5428,""lon"":127.112312,""alt"":305},""endLLA"":{""lat"":37.547423,""lon"":127.097424,""alt"":305},""targetSpeed"":51.4,""seq"":7}","{""phase"":""F"",""startLLA"":{""lat"":37.547423,""lon"":127.097424,""alt"":305},""endLLA"":{""lat"":37.596919,""lon"":127.084854,""alt"":305},""targetSpeed"":51.4,""seq"":8}","{""phase"":""F"",""startLLA"":{""lat"":37.596919,""lon"":127.084854,""alt"":305},""endLLA"":{""lat"":37.614366,""lon"":127.072716,""alt"":305},""targetSpeed"":51.4,""seq"":9}","{""phase"":""G"",""startLLA"":{""lat"":37.614366,""lon"":127.072716,""alt"":305},""endLLA"":{""lat"":37.616266,""lon"":127.071394,""alt"":290.96},""targetSpeed"":36,""seq"":10}","{""phase"":""G"",""startLLA"":{""lat"":37.616266,""lon"":127.071394,""alt"":290.96},""endLLA"":{""lat"":37.626944,""lon"":127.036665,""alt"":100},""targetSpeed"":36,""seq"":11}","{""phase"":""I"",""startLLA"":{""lat"":37.626944,""lon"":127.036665,""alt"":100},""endLLA"":{""lat"":37.630207,""lon"":127.026053,""alt"":15},""targetSpeed"":30,""seq"":12}","{""phase"":""J"",""startLLA"":{""lat"":37.630207,""lon"":127.026053,""alt"":15},""endLLA"":{""lat"":37.630207,""lon"":127.026053,""alt"":0},""targetSpeed"":10,""seq"":13}","{""phase"":""K"",""startLLA"":{""lat"":37.630207,""lon"":127.026053,""alt"":0},""endLLA"":{""lat"":37.630207,""lon"":127.026053,""alt"":0},""targetSpeed"":3,""seq"":14}",,,,,,,
b4a2894cba5c,2026-06-20,FPL1703006,UAM0012,a4,4,4,1,수서,수서,상암,상암,11,gate-3,fato-1,gate-8,fato-3,11:35:35,11:45:04,11:54:56,12:01:46,12:11:46,569,592.06,410,1571.06,59,39.72,ready,수서 > 경부고속도로 양재천 다리 > 채석장 > 180고지 > 영등포 > 선유도 17고지 > 상암,24.374,14,"{""phase"":""A"",""startLLA"":{""lat"":37.487441,""lon"":127.100603,""alt"":0},""endLLA"":{""lat"":37.487441,""lon"":127.100603,""alt"":0},""targetSpeed"":3,""seq"":1}","{""phase"":""B"",""startLLA"":{""lat"":37.487441,""lon"":127.100603,""alt"":0},""endLLA"":{""lat"":37.487441,""lon"":127.100603,""alt"":15},""targetSpeed"":10,""seq"":2}","{""phase"":""C"",""startLLA"":{""lat"":37.487441,""lon"":127.100603,""alt"":15},""endLLA"":{""lat"":37.484413,""lon"":127.087503,""alt"":100},""targetSpeed"":36,""seq"":3}","{""phase"":""E"",""startLLA"":{""lat"":37.484413,""lon"":127.087503,""alt"":100},""endLLA"":{""lat"":37.47555,""lon"":127.04915,""alt"":305},""targetSpeed"":51.4,""seq"":4}","{""phase"":""F"",""startLLA"":{""lat"":37.47555,""lon"":127.04915,""alt"":305},""endLLA"":{""lat"":37.471593,""lon"":127.032031,""alt"":305},""targetSpeed"":51.4,""seq"":5}","{""phase"":""F"",""startLLA"":{""lat"":37.471593,""lon"":127.032031,""alt"":305},""endLLA"":{""lat"":37.471285,""lon"":126.985745,""alt"":305},""targetSpeed"":51.4,""seq"":6}","{""phase"":""F"",""startLLA"":{""lat"":37.471285,""lon"":126.985745,""alt"":305},""endLLA"":{""lat"":37.492877,""lon"":126.93949,""alt"":305},""targetSpeed"":51.4,""seq"":7}","{""phase"":""F"",""startLLA"":{""lat"":37.492877,""lon"":126.93949,""alt"":305},""endLLA"":{""lat"":37.515965,""lon"":126.907756,""alt"":305},""targetSpeed"":51.4,""seq"":8}","{""phase"":""F"",""startLLA"":{""lat"":37.515965,""lon"":126.907756,""alt"":305},""endLLA"":{""lat"":37.524052,""lon"":126.906139,""alt"":305},""targetSpeed"":51.4,""seq"":9}","{""phase"":""G"",""startLLA"":{""lat"":37.524052,""lon"":126.906139,""alt"":305},""endLLA"":{""lat"":37.542307,""lon"":126.90249,""alt"":185.47},""targetSpeed"":36,""seq"":10}","{""phase"":""G"",""startLLA"":{""lat"":37.542307,""lon"":126.90249,""alt"":185.47},""endLLA"":{""lat"":37.554178,""lon"":126.89516,""alt"":100},""targetSpeed"":36,""seq"":11}","{""phase"":""I"",""startLLA"":{""lat"":37.554178,""lon"":126.89516,""alt"":100},""endLLA"":{""lat"":37.562282,""lon"":126.890156,""alt"":15},""targetSpeed"":30,""seq"":12}","{""phase"":""J"",""startLLA"":{""lat"":37.562282,""lon"":126.890156,""alt"":15},""endLLA"":{""lat"":37.562282,""lon"":126.890156,""alt"":0},""targetSpeed"":10,""seq"":13}","{""phase"":""K"",""startLLA"":{""lat"":37.562282,""lon"":126.890156,""alt"":0},""endLLA"":{""lat"":37.562282,""lon"":126.890156,""alt"":0},""targetSpeed"":3,""seq"":14}",,,,,,,
b4a2894cba5c,2026-06-20,FPL1708007,UAM0066,a2,2,2,1,수서,수서,사당,사당,11,gate-6,fato-2,gate-2,fato-3,11:36:45,11:45:34,11:50:21,11:58:11,12:08:11,529.19,286.87,470,1286.05,49.19,0,ready,수서 > 경부고속도로 양재천 다리 > 사당,10.7285,10,"{""phase"":""A"",""startLLA"":{""lat"":37.487441,""lon"":127.100603,""alt"":0},""endLLA"":{""lat"":37.487441,""lon"":127.100603,""alt"":0},""targetSpeed"":3,""seq"":1}","{""phase"":""B"",""startLLA"":{""lat"":37.487441,""lon"":127.100603,""alt"":0},""endLLA"":{""lat"":37.487441,""lon"":127.100603,""alt"":15},""targetSpeed"":10,""seq"":2}","{""phase"":""C"",""startLLA"":{""lat"":37.487441,""lon"":127.100603,""alt"":15},""endLLA"":{""lat"":37.484412,""lon"":127.087499,""alt"":100},""targetSpeed"":36,""seq"":3}","{""phase"":""E"",""startLLA"":{""lat"":37.484412,""lon"":127.087499,""alt"":100},""endLLA"":{""lat"":37.475546,""lon"":127.049134,""alt"":305},""targetSpeed"":51.4,""seq"":4}","{""phase"":""F"",""startLLA"":{""lat"":37.475546,""lon"":127.049134,""alt"":305},""endLLA"":{""lat"":37.471861,""lon"":127.033189,""alt"":305},""targetSpeed"":51.4,""seq"":5}","{""phase"":""G"",""startLLA"":{""lat"":37.471861,""lon"":127.033189,""alt"":305},""endLLA"":{""lat"":37.471593,""lon"":127.032031,""alt"":298.81},""targetSpeed"":36,""seq"":6}","{""phase"":""G"",""startLLA"":{""lat"":37.471593,""lon"":127.032031,""alt"":298.81},""endLLA"":{""lat"":37.47482,""lon"":126.993495,""alt"":100},""targetSpeed"":36,""seq"":7}","{""phase"":""I"",""startLLA"":{""lat"":37.47482,""lon"":126.993495,""alt"":100},""endLLA"":{""lat"":37.475767,""lon"":126.982185,""alt"":15},""targetSpeed"":30,""seq"":8}","{""phase"":""J"",""startLLA"":{""lat"":37.475767,""lon"":126.982185,""alt"":15},""endLLA"":{""lat"":37.475767,""lon"":126.982185,""alt"":0},""targetSpeed"":10,""seq"":9}","{""phase"":""K"",""startLLA"":{""lat"":37.475767,""lon"":126.982185,""alt"":0},""endLLA"":{""lat"":37.475767,""lon"":126.982185,""alt"":0},""targetSpeed"":3,""seq"":10}",,,,,,,,,,,
b4a2894cba5c,2026-06-20,FPL1716009,UAM0118,a6,6,3,0.5,수서,수서,망우,망우,11,gate-4,fato-1,gate-3,fato-3,11:39:55,11:51:04,12:05:21,12:12:41,12:22:41,669,857,440,1966,129,290,ready,수서 > 잠실대교 중간지점 > 천호대교 중간지점 > 아차산 고가차도 > 망우,13.9617,12,"{""phase"":""A"",""startLLA"":{""lat"":37.487441,""lon"":127.100603,""alt"":0},""endLLA"":{""lat"":37.487441,""lon"":127.100603,""alt"":0},""targetSpeed"":3,""seq"":1}","{""phase"":""B"",""startLLA"":{""lat"":37.487441,""lon"":127.100603,""alt"":0},""endLLA"":{""lat"":37.487441,""lon"":127.100603,""alt"":15},""targetSpeed"":10,""seq"":2}","{""phase"":""C"",""startLLA"":{""lat"":37.487441,""lon"":127.100603,""alt"":15},""endLLA"":{""lat"":37.498067,""lon"":127.098018,""alt"":100},""targetSpeed"":36,""seq"":3}","{""phase"":""E"",""startLLA"":{""lat"":37.498067,""lon"":127.098018,""alt"":100},""endLLA"":{""lat"":37.524288,""lon"":127.091639,""alt"":272.79},""targetSpeed"":51.4,""seq"":4}","{""phase"":""E"",""startLLA"":{""lat"":37.524288,""lon"":127.091639,""alt"":272.79},""endLLA"":{""lat"":37.528015,""lon"":127.095801,""alt"":305},""targetSpeed"":51.4,""seq"":5}","{""phase"":""F"",""startLLA"":{""lat"":37.528015,""lon"":127.095801,""alt"":305},""endLLA"":{""lat"":37.5428,""lon"":127.112312,""alt"":305},""targetSpeed"":51.4,""seq"":6}","{""phase"":""F"",""startLLA"":{""lat"":37.5428,""lon"":127.112312,""alt"":305},""endLLA"":{""lat"":37.547423,""lon"":127.097424,""alt"":305},""targetSpeed"":51.4,""seq"":7}","{""phase"":""F"",""startLLA"":{""lat"":37.547423,""lon"":127.097424,""alt"":305},""endLLA"":{""lat"":37.557017,""lon"":127.094987,""alt"":305},""targetSpeed"":51.4,""seq"":8}","{""phase"":""G"",""startLLA"":{""lat"":37.557017,""lon"":127.094987,""alt"":305},""endLLA"":{""lat"":37.588078,""lon"":127.087099,""alt"":100},""targetSpeed"":36,""seq"":9}","{""phase"":""I"",""startLLA"":{""lat"":37.588078,""lon"":127.087099,""alt"":100},""endLLA"":{""lat"":37.596919,""lon"":127.084854,""alt"":15},""targetSpeed"":30,""seq"":10}","{""phase"":""J"",""startLLA"":{""lat"":37.596919,""lon"":127.084854,""alt"":15},""endLLA"":{""lat"":37.596919,""lon"":127.084854,""alt"":0},""targetSpeed"":10,""seq"":11}","{""phase"":""K"",""startLLA"":{""lat"":37.596919,""lon"":127.084854,""alt"":0},""endLLA"":{""lat"":37.596919,""lon"":127.084854,""alt"":0},""targetSpeed"":3,""seq"":12}",,,,,,,,,
b4a2894cba5c,2026-06-20,FPL1712006,UAM0013,a6,6,2,0.3333,수서,수서,광화문,광화문,11,gate-7,fato-2,gate-8,fato-3,11:41:35,11:51:34,11:59:47,12:06:37,12:16:37,599.19,493.05,410,1502.24,89.19,0,ready,수서 > 잠실대교 중간지점 > 청담대교 중간지점 > 성수대교 남단 > 왕십리역 > 청량리 > 신설동역 > 광화문,21.5406,15,"{""phase"":""A"",""startLLA"":{""lat"":37.487441,""lon"":127.100603,""alt"":0},""endLLA"":{""lat"":37.487441,""lon"":127.100603,""alt"":0},""targetSpeed"":3,""seq"":1}","{""phase"":""B"",""startLLA"":{""lat"":37.487441,""lon"":127.100603,""alt"":0},""endLLA"":{""lat"":37.487441,""lon"":127.100603,""alt"":15},""targetSpeed"":10,""seq"":2}","{""phase"":""C"",""startLLA"":{""lat"":37.487441,""lon"":127.100603,""alt"":15},""endLLA"":{""lat"":37.498186,""lon"":127.097989,""alt"":100},""targetSpeed"":36,""seq"":3}","{""phase"":""E"",""startLLA"":{""lat"":37.498186,""lon"":127.097989,""alt"":100},""endLLA"":{""lat"":37.524288,""lon"":127.091639,""alt"":270.1},""targetSpeed"":51.4,""seq"":4}","{""phase"":""E"",""startLLA"":{""lat"":37.524288,""lon"":127.091639,""alt"":270.1},""endLLA"":{""lat"":37.524831,""lon"":127.084797,""alt"":305},""targetSpeed"":51.4,""seq"":5}","{""phase"":""F"",""startLLA"":{""lat"":37.524831,""lon"":127.084797,""alt"":305},""endLLA"":{""lat"":37.526451,""lon"":127.064361,""alt"":305},""targetSpeed"":51.4,""seq"":6}","{""phase"":""F"",""startLLA"":{""lat"":37.526451,""lon"":127.064361,""alt"":305},""endLLA"":{""lat"":37.53537,""lon"":127.034503,""alt"":305},""targetSpeed"":51.4,""seq"":7}","{""phase"":""F"",""startLLA"":{""lat"":37.53537,""lon"":127.034503,""alt"":305},""endLLA"":{""lat"":37.561925,""lon"":127.038491,""alt"":305},""targetSpeed"":51.4,""seq"":8}","{""phase"":""F"",""startLLA"":{""lat"":37.561925,""lon"":127.038491,""alt"":305},""endLLA"":{""lat"":37.581542,""lon"":127.048947,""alt"":305},""targetSpeed"":51.4,""seq"":9}","{""phase"":""F"",""startLLA"":{""lat"":37.581542,""lon"":127.048947,""alt"":305},""endLLA"":{""lat"":37.575947,""lon"":127.024779,""alt"":305},""targetSpeed"":51.4,""seq"":10}","{""phase"":""G"",""startLLA"":{""lat"":37.575947,""lon"":127.024779,""alt"":305},""endLLA"":{""lat"":37.575658,""lon"":127.02353,""alt"":298.4},""targetSpeed"":36,""seq"":11}","{""phase"":""G"",""startLLA"":{""lat"":37.575658,""lon"":127.02353,""alt"":298.4},""endLLA"":{""lat"":37.570521,""lon"":126.984951,""alt"":100},""targetSpeed"":36,""seq"":12}","{""phase"":""I"",""startLLA"":{""lat"":37.570521,""lon"":126.984951,""alt"":100},""endLLA"":{""lat"":37.56901,""lon"":126.973604,""alt"":15},""targetSpeed"":30,""seq"":13}","{""phase"":""J"",""startLLA"":{""lat"":37.56901,""lon"":126.973604,""alt"":15},""endLLA"":{""lat"":37.56901,""lon"":126.973604,""alt"":0},""targetSpeed"":10,""seq"":14}","{""phase"":""K"",""startLLA"":{""lat"":37.56901,""lon"":126.973604,""alt"":0},""endLLA"":{""lat"":37.56901,""lon"":126.973604,""alt"":0},""targetSpeed"":3,""seq"":15}",,,,,,
b4a2894cba5c,2026-06-20,FPL1706006,UAM0044,a4,4,2,0.5,수서,수서,미아,미아,11,gate-8,fato-1,gate-7,fato-3,11:52:32,12:02:19,12:10:20,12:17:40,12:27:40,587.05,481.13,440,1508.19,47.05,0,ready,수서 > 잠실대교 중간지점 > 천호대교 중간지점 > 아차산 고가차도 > 상봉 > 월릉교 > 미아,20.7137,14,"{""phase"":""A"",""startLLA"":{""lat"":37.487441,""lon"":127.100603,""alt"":0},""endLLA"":{""lat"":37.487441,""lon"":127.100603,""alt"":0},""targetSpeed"":3,""seq"":1}","{""phase"":""B"",""startLLA"":{""lat"":37.487441,""lon"":127.100603,""alt"":0},""endLLA"":{""lat"":37.487441,""lon"":127.100603,""alt"":15},""targetSpeed"":10,""seq"":2}","{""phase"":""C"",""startLLA"":{""lat"":37.487441,""lon"":127.100603,""alt"":15},""endLLA"":{""lat"":37.498065,""lon"":127.098018,""alt"":100},""targetSpeed"":36,""seq"":3}","{""phase"":""E"",""startLLA"":{""lat"":37.498065,""lon"":127.098018,""alt"":100},""endLLA"":{""lat"":37.524288,""lon"":127.091639,""alt"":272.84},""targetSpeed"":51.4,""seq"":4}","{""phase"":""E"",""startLLA"":{""lat"":37.524288,""lon"":127.091639,""alt"":272.84},""endLLA"":{""lat"":37.528008,""lon"":127.095794,""alt"":305},""targetSpeed"":51.4,""seq"":5}","{""phase"":""F"",""startLLA"":{""lat"":37.528008,""lon"":127.095794,""alt"":305},""endLLA"":{""lat"":37.5428,""lon"":127.112312,""alt"":305},""targetSpeed"":51.4,""seq"":6}","{""phase"":""F"",""startLLA"":{""lat"":37.5428,""lon"":127.112312,""alt"":305},""endLLA"":{""lat"":37.547423,""lon"":127.097424,""alt"":305},""targetSpeed"":51.4,""seq"":7}","{""phase"":""F"",""startLLA"":{""lat"":37.547423,""lon"":127.097424,""alt"":305},""endLLA"":{""lat"":37.596919,""lon"":127.084854,""alt"":305},""targetSpeed"":51.4,""seq"":8}","{""phase"":""F"",""startLLA"":{""lat"":37.596919,""lon"":127.084854,""alt"":305},""endLLA"":{""lat"":37.614366,""lon"":127.072716,""alt"":305},""targetSpeed"":51.4,""seq"":9}","{""phase"":""G"",""startLLA"":{""lat"":37.614366,""lon"":127.072716,""alt"":305},""endLLA"":{""lat"":37.616266,""lon"":127.071394,""alt"":290.96},""targetSpeed"":36,""seq"":10}","{""phase"":""G"",""startLLA"":{""lat"":37.616266,""lon"":127.071394,""alt"":290.96},""endLLA"":{""lat"":37.626944,""lon"":127.036665,""alt"":100},""targetSpeed"":36,""seq"":11}","{""phase"":""I"",""startLLA"":{""lat"":37.626944,""lon"":127.036665,""alt"":100},""endLLA"":{""lat"":37.630207,""lon"":127.026053,""alt"":15},""targetSpeed"":30,""seq"":12}","{""phase"":""J"",""startLLA"":{""lat"":37.630207,""lon"":127.026053,""alt"":15},""endLLA"":{""lat"":37.630207,""lon"":127.026053,""alt"":0},""targetSpeed"":10,""seq"":13}","{""phase"":""K"",""startLLA"":{""lat"":37.630207,""lon"":127.026053,""alt"":0},""endLLA"":{""lat"":37.630207,""lon"":127.026053,""alt"":0},""targetSpeed"":3,""seq"":14}",,,,,,,
b4a2894cba5c,2026-06-20,FPL1708008,UAM0117,a6,6,1,0.1667,수서,수서,사당,사당,11,gate-3,fato-2,gate-8,fato-3,11:55:30,12:04:40,12:09:27,12:16:17,12:26:17,550,286.87,410,1246.87,76.87,0,ready,수서 > 경부고속도로 양재천 다리 > 사당,10.7285,10,"{""phase"":""A"",""startLLA"":{""lat"":37.487441,""lon"":127.100603,""alt"":0},""endLLA"":{""lat"":37.487441,""lon"":127.100603,""alt"":0},""targetSpeed"":3,""seq"":1}","{""phase"":""B"",""startLLA"":{""lat"":37.487441,""lon"":127.100603,""alt"":0},""endLLA"":{""lat"":37.487441,""lon"":127.100603,""alt"":15},""targetSpeed"":10,""seq"":2}","{""phase"":""C"",""startLLA"":{""lat"":37.487441,""lon"":127.100603,""alt"":15},""endLLA"":{""lat"":37.484412,""lon"":127.087499,""alt"":100},""targetSpeed"":36,""seq"":3}","{""phase"":""E"",""startLLA"":{""lat"":37.484412,""lon"":127.087499,""alt"":100},""endLLA"":{""lat"":37.475546,""lon"":127.049134,""alt"":305},""targetSpeed"":51.4,""seq"":4}","{""phase"":""F"",""startLLA"":{""lat"":37.475546,""lon"":127.049134,""alt"":305},""endLLA"":{""lat"":37.471861,""lon"":127.033189,""alt"":305},""targetSpeed"":51.4,""seq"":5}","{""phase"":""G"",""startLLA"":{""lat"":37.471861,""lon"":127.033189,""alt"":305},""endLLA"":{""lat"":37.471593,""lon"":127.032031,""alt"":298.81},""targetSpeed"":36,""seq"":6}","{""phase"":""G"",""startLLA"":{""lat"":37.471593,""lon"":127.032031,""alt"":298.81},""endLLA"":{""lat"":37.47482,""lon"":126.993495,""alt"":100},""targetSpeed"":36,""seq"":7}","{""phase"":""I"",""startLLA"":{""lat"":37.47482,""lon"":126.993495,""alt"":100},""endLLA"":{""lat"":37.475767,""lon"":126.982185,""alt"":15},""targetSpeed"":30,""seq"":8}","{""phase"":""J"",""startLLA"":{""lat"":37.475767,""lon"":126.982185,""alt"":15},""endLLA"":{""lat"":37.475767,""lon"":126.982185,""alt"":0},""targetSpeed"":10,""seq"":9}","{""phase"":""K"",""startLLA"":{""lat"":37.475767,""lon"":126.982185,""alt"":0},""endLLA"":{""lat"":37.475767,""lon"":126.982185,""alt"":0},""targetSpeed"":3,""seq"":10}",,,,,,,,,,,
b4a2894cba5c,2026-06-20,FPL1712007,UAM0109,a6,6,6,1,수서,수서,광화문,광화문,12,gate-4,fato-1,gate-8,fato-4,12:02:01,12:11:59,12:20:12,12:27:02,12:37:02,598.05,493.05,410,1501.1,58.05,0,ready,수서 > 잠실대교 중간지점 > 청담대교 중간지점 > 성수대교 남단 > 왕십리역 > 청량리 > 신설동역 > 광화문,21.5406,15,"{""phase"":""A"",""startLLA"":{""lat"":37.487441,""lon"":127.100603,""alt"":0},""endLLA"":{""lat"":37.487441,""lon"":127.100603,""alt"":0},""targetSpeed"":3,""seq"":1}","{""phase"":""B"",""startLLA"":{""lat"":37.487441,""lon"":127.100603,""alt"":0},""endLLA"":{""lat"":37.487441,""lon"":127.100603,""alt"":15},""targetSpeed"":10,""seq"":2}","{""phase"":""C"",""startLLA"":{""lat"":37.487441,""lon"":127.100603,""alt"":15},""endLLA"":{""lat"":37.498186,""lon"":127.097989,""alt"":100},""targetSpeed"":36,""seq"":3}","{""phase"":""E"",""startLLA"":{""lat"":37.498186,""lon"":127.097989,""alt"":100},""endLLA"":{""lat"":37.524288,""lon"":127.091639,""alt"":270.1},""targetSpeed"":51.4,""seq"":4}","{""phase"":""E"",""startLLA"":{""lat"":37.524288,""lon"":127.091639,""alt"":270.1},""endLLA"":{""lat"":37.524831,""lon"":127.084797,""alt"":305},""targetSpeed"":51.4,""seq"":5}","{""phase"":""F"",""startLLA"":{""lat"":37.524831,""lon"":127.084797,""alt"":305},""endLLA"":{""lat"":37.526451,""lon"":127.064361,""alt"":305},""targetSpeed"":51.4,""seq"":6}","{""phase"":""F"",""startLLA"":{""lat"":37.526451,""lon"":127.064361,""alt"":305},""endLLA"":{""lat"":37.53537,""lon"":127.034503,""alt"":305},""targetSpeed"":51.4,""seq"":7}","{""phase"":""F"",""startLLA"":{""lat"":37.53537,""lon"":127.034503,""alt"":305},""endLLA"":{""lat"":37.561925,""lon"":127.038491,""alt"":305},""targetSpeed"":51.4,""seq"":8}","{""phase"":""F"",""startLLA"":{""lat"":37.561925,""lon"":127.038491,""alt"":305},""endLLA"":{""lat"":37.581542,""lon"":127.048947,""alt"":305},""targetSpeed"":51.4,""seq"":9}","{""phase"":""F"",""startLLA"":{""lat"":37.581542,""lon"":127.048947,""alt"":305},""endLLA"":{""lat"":37.575947,""lon"":127.024779,""alt"":305},""targetSpeed"":51.4,""seq"":10}","{""phase"":""G"",""startLLA"":{""lat"":37.575947,""lon"":127.024779,""alt"":305},""endLLA"":{""lat"":37.575658,""lon"":127.02353,""alt"":298.4},""targetSpeed"":36,""seq"":11}","{""phase"":""G"",""startLLA"":{""lat"":37.575658,""lon"":127.02353,""alt"":298.4},""endLLA"":{""lat"":37.570521,""lon"":126.984951,""alt"":100},""targetSpeed"":36,""seq"":12}","{""phase"":""I"",""startLLA"":{""lat"":37.570521,""lon"":126.984951,""alt"":100},""endLLA"":{""lat"":37.56901,""lon"":126.973604,""alt"":15},""targetSpeed"":30,""seq"":13}","{""phase"":""J"",""startLLA"":{""lat"":37.56901,""lon"":126.973604,""alt"":15},""endLLA"":{""lat"":37.56901,""lon"":126.973604,""alt"":0},""targetSpeed"":10,""seq"":14}","{""phase"":""K"",""startLLA"":{""lat"":37.56901,""lon"":126.973604,""alt"":0},""endLLA"":{""lat"":37.56901,""lon"":126.973604,""alt"":0},""targetSpeed"":3,""seq"":15}",,,,,,
b4a2894cba5c,2026-06-20,FPL1701008,UAM0081,a2,2,2,1,수서,수서,여의도,여의도,12,gate-7,fato-2,gate-4,fato-3,12:05:00,12:13:30,12:21:30,12:28:20,12:38:20,510,480.96,410,1400.96,0,0,ready,수서 > 경부고속도로 양재천 다리 > 채석장 > 180고지 > 영등포 > 여의도,20.7047,13,"{""phase"":""A"",""startLLA"":{""lat"":37.487441,""lon"":127.100603,""alt"":0},""endLLA"":{""lat"":37.487441,""lon"":127.100603,""alt"":0},""targetSpeed"":3,""seq"":1}","{""phase"":""B"",""startLLA"":{""lat"":37.487441,""lon"":127.100603,""alt"":0},""endLLA"":{""lat"":37.487441,""lon"":127.100603,""alt"":15},""targetSpeed"":10,""seq"":2}","{""phase"":""C"",""startLLA"":{""lat"":37.487441,""lon"":127.100603,""alt"":15},""endLLA"":{""lat"":37.484413,""lon"":127.087501,""alt"":100},""targetSpeed"":36,""seq"":3}","{""phase"":""E"",""startLLA"":{""lat"":37.484413,""lon"":127.087501,""alt"":100},""endLLA"":{""lat"":37.475548,""lon"":127.049145,""alt"":305},""targetSpeed"":51.4,""seq"":4}","{""phase"":""F"",""startLLA"":{""lat"":37.475548,""lon"":127.049145,""alt"":305},""endLLA"":{""lat"":37.471593,""lon"":127.032031,""alt"":305},""targetSpeed"":51.4,""seq"":5}","{""phase"":""F"",""startLLA"":{""lat"":37.471593,""lon"":127.032031,""alt"":305},""endLLA"":{""lat"":37.471285,""lon"":126.985745,""alt"":305},""targetSpeed"":51.4,""seq"":6}","{""phase"":""F"",""startLLA"":{""lat"":37.471285,""lon"":126.985745,""alt"":305},""endLLA"":{""lat"":37.492877,""lon"":126.93949,""alt"":305},""targetSpeed"":51.4,""seq"":7}","{""phase"":""F"",""startLLA"":{""lat"":37.492877,""lon"":126.93949,""alt"":305},""endLLA"":{""lat"":37.49922,""lon"":126.930772,""alt"":305},""targetSpeed"":51.4,""seq"":8}","{""phase"":""G"",""startLLA"":{""lat"":37.49922,""lon"":126.930772,""alt"":305},""endLLA"":{""lat"":37.515965,""lon"":126.907756,""alt"":144.8},""targetSpeed"":36,""seq"":9}","{""phase"":""G"",""startLLA"":{""lat"":37.515965,""lon"":126.907756,""alt"":144.8},""endLLA"":{""lat"":37.520546,""lon"":126.914309,""alt"":100},""targetSpeed"":36,""seq"":10}","{""phase"":""I"",""startLLA"":{""lat"":37.520546,""lon"":126.914309,""alt"":100},""endLLA"":{""lat"":37.526513,""lon"":126.922845,""alt"":15},""targetSpeed"":30,""seq"":11}","{""phase"":""J"",""startLLA"":{""lat"":37.526513,""lon"":126.922845,""alt"":15},""endLLA"":{""lat"":37.526513,""lon"":126.922845,""alt"":0},""targetSpeed"":10,""seq"":12}","{""phase"":""K"",""startLLA"":{""lat"":37.526513,""lon"":126.922845,""alt"":0},""endLLA"":{""lat"":37.526513,""lon"":126.922845,""alt"":0},""targetSpeed"":3,""seq"":13}",,,,,,,,
b4a2894cba5c,2026-06-20,FPL1714008,UAM0002,a2,2,2,1,수서,수서,가산,가산,12,gate-2,fato-1,gate-4,fato-4,12:07:51,12:17:59,12:25:56,12:32:46,12:42:46,608.05,476.98,410,1495.03,128.05,0,ready,수서 > 경부고속도로 양재천 다리 > 채석장 > 180고지 > 가산,20.5002,12,"{""phase"":""A"",""startLLA"":{""lat"":37.487441,""lon"":127.100603,""alt"":0},""endLLA"":{""lat"":37.487441,""lon"":127.100603,""alt"":0},""targetSpeed"":3,""seq"":1}","{""phase"":""B"",""startLLA"":{""lat"":37.487441,""lon"":127.100603,""alt"":0},""endLLA"":{""lat"":37.487441,""lon"":127.100603,""alt"":15},""targetSpeed"":10,""seq"":2}","{""phase"":""C"",""startLLA"":{""lat"":37.487441,""lon"":127.100603,""alt"":15},""endLLA"":{""lat"":37.484413,""lon"":127.0875,""alt"":100},""targetSpeed"":36,""seq"":3}","{""phase"":""E"",""startLLA"":{""lat"":37.484413,""lon"":127.0875,""alt"":100},""endLLA"":{""lat"":37.475547,""lon"":127.049139,""alt"":305},""targetSpeed"":51.4,""seq"":4}","{""phase"":""F"",""startLLA"":{""lat"":37.475547,""lon"":127.049139,""alt"":305},""endLLA"":{""lat"":37.471593,""lon"":127.032031,""alt"":305},""targetSpeed"":51.4,""seq"":5}","{""phase"":""F"",""startLLA"":{""lat"":37.471593,""lon"":127.032031,""alt"":305},""endLLA"":{""lat"":37.471285,""lon"":126.985745,""alt"":305},""targetSpeed"":51.4,""seq"":6}","{""phase"":""F"",""startLLA"":{""lat"":37.471285,""lon"":126.985745,""alt"":305},""endLLA"":{""lat"":37.492877,""lon"":126.93949,""alt"":305},""targetSpeed"":51.4,""seq"":7}","{""phase"":""F"",""startLLA"":{""lat"":37.492877,""lon"":126.93949,""alt"":305},""endLLA"":{""lat"":37.492284,""lon"":126.929987,""alt"":305},""targetSpeed"":51.4,""seq"":8}","{""phase"":""G"",""startLLA"":{""lat"":37.492284,""lon"":126.929987,""alt"":305},""endLLA"":{""lat"":37.489799,""lon"":126.890149,""alt"":100},""targetSpeed"":36,""seq"":9}","{""phase"":""I"",""startLLA"":{""lat"":37.489799,""lon"":126.890149,""alt"":100},""endLLA"":{""lat"":37.489091,""lon"":126.878809,""alt"":15},""targetSpeed"":30,""seq"":10}","{""phase"":""J"",""startLLA"":{""lat"":37.489091,""lon"":126.878809,""alt"":15},""endLLA"":{""lat"":37.489091,""lon"":126.878809,""alt"":0},""targetSpeed"":10,""seq"":11}","{""phase"":""K"",""startLLA"":{""lat"":37.489091,""lon"":126.878809,""alt"":0},""endLLA"":{""lat"":37.489091,""lon"":126.878809,""alt"":0},""targetSpeed"":3,""seq"":12}",,,,,,,,,
b4a2894cba5c,2026-06-20,FPL1705009,UAM0001,a2,2,2,1,수서,수서,목동,목동,12,gate-6,fato-2,gate-4,fato-3,12:10:20,12:19:30,12:34:13,12:41:03,12:51:03,550,883.32,410,1843.32,70,118.32,ready,수서 > 경부고속도로 양재천 다리 > 채석장 > 180고지 > 영등포 > 목동,21.941,13,"{""phase"":""A"",""startLLA"":{""lat"":37.487441,""lon"":127.100603,""alt"":0},""endLLA"":{""lat"":37.487441,""lon"":127.100603,""alt"":0},""targetSpeed"":3,""seq"":1}","{""phase"":""B"",""startLLA"":{""lat"":37.487441,""lon"":127.100603,""alt"":0},""endLLA"":{""lat"":37.487441,""lon"":127.100603,""alt"":15},""targetSpeed"":10,""seq"":2}","{""phase"":""C"",""startLLA"":{""lat"":37.487441,""lon"":127.100603,""alt"":15},""endLLA"":{""lat"":37.484413,""lon"":127.087502,""alt"":100},""targetSpeed"":36,""seq"":3}","{""phase"":""E"",""startLLA"":{""lat"":37.484413,""lon"":127.087502,""alt"":100},""endLLA"":{""lat"":37.475548,""lon"":127.049146,""alt"":305},""targetSpeed"":51.4,""seq"":4}","{""phase"":""F"",""startLLA"":{""lat"":37.475548,""lon"":127.049146,""alt"":305},""endLLA"":{""lat"":37.471593,""lon"":127.032031,""alt"":305},""targetSpeed"":51.4,""seq"":5}","{""phase"":""F"",""startLLA"":{""lat"":37.471593,""lon"":127.032031,""alt"":305},""endLLA"":{""lat"":37.471285,""lon"":126.985745,""alt"":305},""targetSpeed"":51.4,""seq"":6}","{""phase"":""F"",""startLLA"":{""lat"":37.471285,""lon"":126.985745,""alt"":305},""endLLA"":{""lat"":37.492877,""lon"":126.93949,""alt"":305},""targetSpeed"":51.4,""seq"":7}","{""phase"":""F"",""startLLA"":{""lat"":37.492877,""lon"":126.93949,""alt"":305},""endLLA"":{""lat"":37.506729,""lon"":126.92045,""alt"":305},""targetSpeed"":51.4,""seq"":8}","{""phase"":""G"",""startLLA"":{""lat"":37.506729,""lon"":126.92045,""alt"":305},""endLLA"":{""lat"":37.515965,""lon"":126.907756,""alt"":216.64},""targetSpeed"":36,""seq"":9}","{""phase"":""G"",""startLLA"":{""lat"":37.515965,""lon"":126.907756,""alt"":216.64},""endLLA"":{""lat"":37.522882,""lon"":126.886751,""alt"":100},""targetSpeed"":36,""seq"":10}","{""phase"":""I"",""startLLA"":{""lat"":37.522882,""lon"":126.886751,""alt"":100},""endLLA"":{""lat"":37.526343,""lon"":126.876243,""alt"":15},""targetSpeed"":30,""seq"":11}","{""phase"":""J"",""startLLA"":{""lat"":37.526343,""lon"":126.876243,""alt"":15},""endLLA"":{""lat"":37.526343,""lon"":126.876243,""alt"":0},""targetSpeed"":10,""seq"":12}","{""phase"":""K"",""startLLA"":{""lat"":37.526343,""lon"":126.876243,""alt"":0},""endLLA"":{""lat"":37.526343,""lon"":126.876243,""alt"":0},""targetSpeed"":3,""seq"":13}",,,,,,,,
b4a2894cba5c,2026-06-20,FPL1706007,UAM0047,a8,8,5,0.625,수서,수서,미아,미아,12,gate-8,fato-1,gate-8,fato-4,12:12:25,12:23:59,12:32:00,12:38:50,12:48:50,694.05,481.13,410,1585.19,154.05,0,ready,수서 > 잠실대교 중간지점 > 천호대교 중간지점 > 아차산 고가차도 > 상봉 > 월릉교 > 미아,20.7137,14,"{""phase"":""A"",""startLLA"":{""lat"":37.487441,""lon"":127.100603,""alt"":0},""endLLA"":{""lat"":37.487441,""lon"":127.100603,""alt"":0},""targetSpeed"":3,""seq"":1}","{""phase"":""B"",""startLLA"":{""lat"":37.487441,""lon"":127.100603,""alt"":0},""endLLA"":{""lat"":37.487441,""lon"":127.100603,""alt"":15},""targetSpeed"":10,""seq"":2}","{""phase"":""C"",""startLLA"":{""lat"":37.487441,""lon"":127.100603,""alt"":15},""endLLA"":{""lat"":37.498065,""lon"":127.098018,""alt"":100},""targetSpeed"":36,""seq"":3}","{""phase"":""E"",""startLLA"":{""lat"":37.498065,""lon"":127.098018,""alt"":100},""endLLA"":{""lat"":37.524288,""lon"":127.091639,""alt"":272.84},""targetSpeed"":51.4,""seq"":4}","{""phase"":""E"",""startLLA"":{""lat"":37.524288,""lon"":127.091639,""alt"":272.84},""endLLA"":{""lat"":37.528008,""lon"":127.095794,""alt"":305},""targetSpeed"":51.4,""seq"":5}","{""phase"":""F"",""startLLA"":{""lat"":37.528008,""lon"":127.095794,""alt"":305},""endLLA"":{""lat"":37.5428,""lon"":127.112312,""alt"":305},""targetSpeed"":51.4,""seq"":6}","{""phase"":""F"",""startLLA"":{""lat"":37.5428,""lon"":127.112312,""alt"":305},""endLLA"":{""lat"":37.547423,""lon"":127.097424,""alt"":305},""targetSpeed"":51.4,""seq"":7}","{""phase"":""F"",""startLLA"":{""lat"":37.547423,""lon"":127.097424,""alt"":305},""endLLA"":{""lat"":37.596919,""lon"":127.084854,""alt"":305},""targetSpeed"":51.4,""seq"":8}","{""phase"":""F"",""startLLA"":{""lat"":37.596919,""lon"":127.084854,""alt"":305},""endLLA"":{""lat"":37.614366,""lon"":127.072716,""alt"":305},""targetSpeed"":51.4,""seq"":9}","{""phase"":""G"",""startLLA"":{""lat"":37.614366,""lon"":127.072716,""alt"":305},""endLLA"":{""lat"":37.616266,""lon"":127.071394,""alt"":290.96},""targetSpeed"":36,""seq"":10}","{""phase"":""G"",""startLLA"":{""lat"":37.616266,""lon"":127.071394,""alt"":290.96},""endLLA"":{""lat"":37.626944,""lon"":127.036665,""alt"":100},""targetSpeed"":36,""seq"":11}","{""phase"":""I"",""startLLA"":{""lat"":37.626944,""lon"":127.036665,""alt"":100},""endLLA"":{""lat"":37.630207,""lon"":127.026053,""alt"":15},""targetSpeed"":30,""seq"":12}","{""phase"":""J"",""startLLA"":{""lat"":37.630207,""lon"":127.026053,""alt"":15},""endLLA"":{""lat"":37.630207,""lon"":127.026053,""alt"":0},""targetSpeed"":10,""seq"":13}","{""phase"":""K"",""startLLA"":{""lat"":37.630207,""lon"":127.026053,""alt"":0},""endLLA"":{""lat"":37.630207,""lon"":127.026053,""alt"":0},""targetSpeed"":3,""seq"":14}",,,,,,,
b4a2894cba5c,2026-06-20,FPL1715008,UAM0070,a6,6,4,0.6667,수서,수서,마곡,마곡,12,gate-3,fato-2,gate-8,fato-4,12:14:40,12:25:30,12:39:28,12:46:41,12:56:41,650,838,433,1921,140,118,ready,수서 > 경부고속도로 양재천 다리 > 채석장 > 180고지 > 영등포 > 목동교 > 염창교 > 가양대교 남단 > 마곡,32.4201,16,"{""phase"":""A"",""startLLA"":{""lat"":37.487441,""lon"":127.100603,""alt"":0},""endLLA"":{""lat"":37.487441,""lon"":127.100603,""alt"":0},""targetSpeed"":3,""seq"":1}","{""phase"":""B"",""startLLA"":{""lat"":37.487441,""lon"":127.100603,""alt"":0},""endLLA"":{""lat"":37.487441,""lon"":127.100603,""alt"":15},""targetSpeed"":10,""seq"":2}","{""phase"":""C"",""startLLA"":{""lat"":37.487441,""lon"":127.100603,""alt"":15},""endLLA"":{""lat"":37.484414,""lon"":127.087505,""alt"":100},""targetSpeed"":36,""seq"":3}","{""phase"":""E"",""startLLA"":{""lat"":37.484414,""lon"":127.087505,""alt"":100},""endLLA"":{""lat"":37.475552,""lon"":127.04916,""alt"":305},""targetSpeed"":51.4,""seq"":4}","{""phase"":""F"",""startLLA"":{""lat"":37.475552,""lon"":127.04916,""alt"":305},""endLLA"":{""lat"":37.471593,""lon"":127.032031,""alt"":305},""targetSpeed"":51.4,""seq"":5}","{""phase"":""F"",""startLLA"":{""lat"":37.471593,""lon"":127.032031,""alt"":305},""endLLA"":{""lat"":37.471285,""lon"":126.985745,""alt"":305},""targetSpeed"":51.4,""seq"":6}","{""phase"":""F"",""startLLA"":{""lat"":37.471285,""lon"":126.985745,""alt"":305},""endLLA"":{""lat"":37.492877,""lon"":126.93949,""alt"":305},""targetSpeed"":51.4,""seq"":7}","{""phase"":""F"",""startLLA"":{""lat"":37.492877,""lon"":126.93949,""alt"":305},""endLLA"":{""lat"":37.515965,""lon"":126.907756,""alt"":305},""targetSpeed"":51.4,""seq"":8}","{""phase"":""F"",""startLLA"":{""lat"":37.515965,""lon"":126.907756,""alt"":305},""endLLA"":{""lat"":37.530667,""lon"":126.888262,""alt"":305},""targetSpeed"":51.4,""seq"":9}","{""phase"":""F"",""startLLA"":{""lat"":37.530667,""lon"":126.888262,""alt"":305},""endLLA"":{""lat"":37.553824,""lon"":126.875819,""alt"":305},""targetSpeed"":51.4,""seq"":10}","{""phase"":""F"",""startLLA"":{""lat"":37.553824,""lon"":126.875819,""alt"":305},""endLLA"":{""lat"":37.569391,""lon"":126.861026,""alt"":305},""targetSpeed"":51.4,""seq"":11}","{""phase"":""F"",""startLLA"":{""lat"":37.569391,""lon"":126.861026,""alt"":305},""endLLA"":{""lat"":37.567856,""lon"":126.842881,""alt"":305},""targetSpeed"":51.4,""seq"":12}","{""phase"":""G"",""startLLA"":{""lat"":37.567856,""lon"":126.842881,""alt"":305},""endLLA"":{""lat"":37.564492,""lon"":126.803122,""alt"":100},""targetSpeed"":36,""seq"":13}","{""phase"":""I"",""startLLA"":{""lat"":37.564492,""lon"":126.803122,""alt"":100},""endLLA"":{""lat"":37.563535,""lon"":126.791805,""alt"":15},""targetSpeed"":30,""seq"":14}","{""phase"":""J"",""startLLA"":{""lat"":37.563535,""lon"":126.791805,""alt"":15},""endLLA"":{""lat"":37.563535,""lon"":126.791805,""alt"":0},""targetSpeed"":10,""seq"":15}","{""phase"":""K"",""startLLA"":{""lat"":37.563535,""lon"":126.791805,""alt"":0},""endLLA"":{""lat"":37.563535,""lon"":126.791805,""alt"":0},""targetSpeed"":3,""seq"":16}",,,,,
b4a2894cba5c,2026-06-20,FPL1708009,UAM0103,a8,8,4,0.5,수서,수서,사당,사당,12,gate-4,fato-1,gate-7,fato-3,12:21:13,12:30:53,12:35:39,12:42:59,12:52:59,580,286.87,440,1306.87,71.05,0,ready,수서 > 경부고속도로 양재천 다리 > 사당,10.7285,10,"{""phase"":""A"",""startLLA"":{""lat"":37.487441,""lon"":127.100603,""alt"":0},""endLLA"":{""lat"":37.487441,""lon"":127.100603,""alt"":0},""targetSpeed"":3,""seq"":1}","{""phase"":""B"",""startLLA"":{""lat"":37.487441,""lon"":127.100603,""alt"":0},""endLLA"":{""lat"":37.487441,""lon"":127.100603,""alt"":15},""targetSpeed"":10,""seq"":2}","{""phase"":""C"",""startLLA"":{""lat"":37.487441,""lon"":127.100603,""alt"":15},""endLLA"":{""lat"":37.484412,""lon"":127.087499,""alt"":100},""targetSpeed"":36,""seq"":3}","{""phase"":""E"",""startLLA"":{""lat"":37.484412,""lon"":127.087499,""alt"":100},""endLLA"":{""lat"":37.475546,""lon"":127.049134,""alt"":305},""targetSpeed"":51.4,""seq"":4}","{""phase"":""F"",""startLLA"":{""lat"":37.475546,""lon"":127.049134,""alt"":305},""endLLA"":{""lat"":37.471861,""lon"":127.033189,""alt"":305},""targetSpeed"":51.4,""seq"":5}","{""phase"":""G"",""startLLA"":{""lat"":37.471861,""lon"":127.033189,""alt"":305},""endLLA"":{""lat"":37.471593,""lon"":127.032031,""alt"":298.81},""targetSpeed"":36,""seq"":6}","{""phase"":""G"",""startLLA"":{""lat"":37.471593,""lon"":127.032031,""alt"":298.81},""endLLA"":{""lat"":37.47482,""lon"":126.993495,""alt"":100},""targetSpeed"":36,""seq"":7}","{""phase"":""I"",""startLLA"":{""lat"":37.47482,""lon"":126.993495,""alt"":100},""endLLA"":{""lat"":37.475767,""lon"":126.982185,""alt"":15},""targetSpeed"":30,""seq"":8}","{""phase"":""J"",""startLLA"":{""lat"":37.475767,""lon"":126.982185,""alt"":15},""endLLA"":{""lat"":37.475767,""lon"":126.982185,""alt"":0},""targetSpeed"":10,""seq"":9}","{""phase"":""K"",""startLLA"":{""lat"":37.475767,""lon"":126.982185,""alt"":0},""endLLA"":{""lat"":37.475767,""lon"":126.982185,""alt"":0},""targetSpeed"":3,""seq"":10}",,,,,,,,,,,
b4a2894cba5c,2026-06-20,FPL1705010,UAM0035,a4,4,3,0.75,수서,수서,목동,목동,12,gate-7,fato-2,gate-3,fato-3,12:23:26,12:31:56,12:40:21,12:47:41,12:57:41,510,505.01,440,1455.01,0,0,ready,수서 > 경부고속도로 양재천 다리 > 채석장 > 180고지 > 영등포 > 목동,21.941,13,"{""phase"":""A"",""startLLA"":{""lat"":37.487441,""lon"":127.100603,""alt"":0},""endLLA"":{""lat"":37.487441,""lon"":127.100603,""alt"":0},""targetSpeed"":3,""seq"":1}","{""phase"":""B"",""startLLA"":{""lat"":37.487441,""lon"":127.100603,""alt"":0},""endLLA"":{""lat"":37.487441,""lon"":127.100603,""alt"":15},""targetSpeed"":10,""seq"":2}","{""phase"":""C"",""startLLA"":{""lat"":37.487441,""lon"":127.100603,""alt"":15},""endLLA"":{""lat"":37.484413,""lon"":127.087502,""alt"":100},""targetSpeed"":36,""seq"":3}","{""phase"":""E"",""startLLA"":{""lat"":37.484413,""lon"":127.087502,""alt"":100},""endLLA"":{""lat"":37.475548,""lon"":127.049146,""alt"":305},""targetSpeed"":51.4,""seq"":4}","{""phase"":""F"",""startLLA"":{""lat"":37.475548,""lon"":127.049146,""alt"":305},""endLLA"":{""lat"":37.471593,""lon"":127.032031,""alt"":305},""targetSpeed"":51.4,""seq"":5}","{""phase"":""F"",""startLLA"":{""lat"":37.471593,""lon"":127.032031,""alt"":305},""endLLA"":{""lat"":37.471285,""lon"":126.985745,""alt"":305},""targetSpeed"":51.4,""seq"":6}","{""phase"":""F"",""startLLA"":{""lat"":37.471285,""lon"":126.985745,""alt"":305},""endLLA"":{""lat"":37.492877,""lon"":126.93949,""alt"":305},""targetSpeed"":51.4,""seq"":7}","{""phase"":""F"",""startLLA"":{""lat"":37.492877,""lon"":126.93949,""alt"":305},""endLLA"":{""lat"":37.506729,""lon"":126.92045,""alt"":305},""targetSpeed"":51.4,""seq"":8}","{""phase"":""G"",""startLLA"":{""lat"":37.506729,""lon"":126.92045,""alt"":305},""endLLA"":{""lat"":37.515965,""lon"":126.907756,""alt"":216.64},""targetSpeed"":36,""seq"":9}","{""phase"":""G"",""startLLA"":{""lat"":37.515965,""lon"":126.907756,""alt"":216.64},""endLLA"":{""lat"":37.522882,""lon"":126.886751,""alt"":100},""targetSpeed"":36,""seq"":10}","{""phase"":""I"",""startLLA"":{""lat"":37.522882,""lon"":126.886751,""alt"":100},""endLLA"":{""lat"":37.526343,""lon"":126.876243,""alt"":15},""targetSpeed"":30,""seq"":11}","{""phase"":""J"",""startLLA"":{""lat"":37.526343,""lon"":126.876243,""alt"":15},""endLLA"":{""lat"":37.526343,""lon"":126.876243,""alt"":0},""targetSpeed"":10,""seq"":12}","{""phase"":""K"",""startLLA"":{""lat"":37.526343,""lon"":126.876243,""alt"":0},""endLLA"":{""lat"":37.526343,""lon"":126.876243,""alt"":0},""targetSpeed"":3,""seq"":13}",,,,,,,,
b4a2894cba5c,2026-06-20,FPL1710005,UAM0030,a6,6,3,0.5,수서,수서,연신내,연신내,12,gate-8,fato-1,gate-4,fato-3,12:33:04,12:42:04,12:53:33,13:00:23,13:10:23,540,689.51,410,1639.51,0,0,ready,수서 > 경부고속도로 양재천 다리 > 채석장 > 180고지 > 영등포 > 선유도 17고지 > 성산대교 중간지점 > 수색교 > 연신내,31.4243,16,"{""phase"":""A"",""startLLA"":{""lat"":37.487441,""lon"":127.100603,""alt"":0},""endLLA"":{""lat"":37.487441,""lon"":127.100603,""alt"":0},""targetSpeed"":3,""seq"":1}","{""phase"":""B"",""startLLA"":{""lat"":37.487441,""lon"":127.100603,""alt"":0},""endLLA"":{""lat"":37.487441,""lon"":127.100603,""alt"":15},""targetSpeed"":10,""seq"":2}","{""phase"":""C"",""startLLA"":{""lat"":37.487441,""lon"":127.100603,""alt"":15},""endLLA"":{""lat"":37.484414,""lon"":127.087505,""alt"":100},""targetSpeed"":36,""seq"":3}","{""phase"":""E"",""startLLA"":{""lat"":37.484414,""lon"":127.087505,""alt"":100},""endLLA"":{""lat"":37.475552,""lon"":127.049159,""alt"":305},""targetSpeed"":51.4,""seq"":4}","{""phase"":""F"",""startLLA"":{""lat"":37.475552,""lon"":127.049159,""alt"":305},""endLLA"":{""lat"":37.471593,""lon"":127.032031,""alt"":305},""targetSpeed"":51.4,""seq"":5}","{""phase"":""F"",""startLLA"":{""lat"":37.471593,""lon"":127.032031,""alt"":305},""endLLA"":{""lat"":37.471285,""lon"":126.985745,""alt"":305},""targetSpeed"":51.4,""seq"":6}","{""phase"":""F"",""startLLA"":{""lat"":37.471285,""lon"":126.985745,""alt"":305},""endLLA"":{""lat"":37.492877,""lon"":126.93949,""alt"":305},""targetSpeed"":51.4,""seq"":7}","{""phase"":""F"",""startLLA"":{""lat"":37.492877,""lon"":126.93949,""alt"":305},""endLLA"":{""lat"":37.515965,""lon"":126.907756,""alt"":305},""targetSpeed"":51.4,""seq"":8}","{""phase"":""F"",""startLLA"":{""lat"":37.515965,""lon"":126.907756,""alt"":305},""endLLA"":{""lat"":37.542307,""lon"":126.90249,""alt"":305},""targetSpeed"":51.4,""seq"":9}","{""phase"":""F"",""startLLA"":{""lat"":37.542307,""lon"":126.90249,""alt"":305},""endLLA"":{""lat"":37.552574,""lon"":126.891431,""alt"":305},""targetSpeed"":51.4,""seq"":10}","{""phase"":""F"",""startLLA"":{""lat"":37.552574,""lon"":126.891431,""alt"":305},""endLLA"":{""lat"":37.583689,""lon"":126.886699,""alt"":305},""targetSpeed"":51.4,""seq"":11}","{""phase"":""G"",""startLLA"":{""lat"":37.583689,""lon"":126.886699,""alt"":305},""endLLA"":{""lat"":37.586283,""lon"":126.886304,""alt"":288.1},""targetSpeed"":36,""seq"":12}","{""phase"":""G"",""startLLA"":{""lat"":37.586283,""lon"":126.886304,""alt"":288.1},""endLLA"":{""lat"":37.605258,""lon"":126.914118,""alt"":100},""targetSpeed"":36,""seq"":13}","{""phase"":""I"",""startLLA"":{""lat"":37.605258,""lon"":126.914118,""alt"":100},""endLLA"":{""lat"":37.611145,""lon"":126.922747,""alt"":15},""targetSpeed"":30,""seq"":14}","{""phase"":""J"",""startLLA"":{""lat"":37.611145,""lon"":126.922747,""alt"":15},""endLLA"":{""lat"":37.611145,""lon"":126.922747,""alt"":0},""targetSpeed"":10,""seq"":15}","{""phase"":""K"",""startLLA"":{""lat"":37.611145,""lon"":126.922747,""alt"":0},""endLLA"":{""lat"":37.611145,""lon"":126.922747,""alt"":0},""targetSpeed"":3,""seq"":16}",,,,,
b4a2894cba5c,2026-06-20,FPL1704004,UAM0066,a2,2,2,1,수서,수서,용산,용산,12,gate-3,fato-2,gate-3,fato-4,12:38:19,12:46:59,12:55:11,13:02:31,13:12:31,520.77,491.46,440,1452.23,10.77,0,ready,수서 > 잠실대교 중간지점 > 청담대교 중간지점 > 성수대교 남단 > 주흥교 > 이수고가차로 > 상도터널 > 용산,21.2449,15,"{""phase"":""A"",""startLLA"":{""lat"":37.487441,""lon"":127.100603,""alt"":0},""endLLA"":{""lat"":37.487441,""lon"":127.100603,""alt"":0},""targetSpeed"":3,""seq"":1}","{""phase"":""B"",""startLLA"":{""lat"":37.487441,""lon"":127.100603,""alt"":0},""endLLA"":{""lat"":37.487441,""lon"":127.100603,""alt"":15},""targetSpeed"":10,""seq"":2}","{""phase"":""C"",""startLLA"":{""lat"":37.487441,""lon"":127.100603,""alt"":15},""endLLA"":{""lat"":37.498069,""lon"":127.098017,""alt"":100},""targetSpeed"":36,""seq"":3}","{""phase"":""E"",""startLLA"":{""lat"":37.498069,""lon"":127.098017,""alt"":100},""endLLA"":{""lat"":37.524288,""lon"":127.091639,""alt"":272.74},""targetSpeed"":51.4,""seq"":4}","{""phase"":""E"",""startLLA"":{""lat"":37.524288,""lon"":127.091639,""alt"":272.74},""endLLA"":{""lat"":37.524784,""lon"":127.085383,""alt"":305},""targetSpeed"":51.4,""seq"":5}","{""phase"":""F"",""startLLA"":{""lat"":37.524784,""lon"":127.085383,""alt"":305},""endLLA"":{""lat"":37.526451,""lon"":127.064361,""alt"":305},""targetSpeed"":51.4,""seq"":6}","{""phase"":""F"",""startLLA"":{""lat"":37.526451,""lon"":127.064361,""alt"":305},""endLLA"":{""lat"":37.53537,""lon"":127.034503,""alt"":305},""targetSpeed"":51.4,""seq"":7}","{""phase"":""F"",""startLLA"":{""lat"":37.53537,""lon"":127.034503,""alt"":305},""endLLA"":{""lat"":37.509486,""lon"":127.016026,""alt"":305},""targetSpeed"":51.4,""seq"":8}","{""phase"":""F"",""startLLA"":{""lat"":37.509486,""lon"":127.016026,""alt"":305},""endLLA"":{""lat"":37.497738,""lon"":126.983721,""alt"":305},""targetSpeed"":51.4,""seq"":9}","{""phase"":""F"",""startLLA"":{""lat"":37.497738,""lon"":126.983721,""alt"":305},""endLLA"":{""lat"":37.500804,""lon"":126.974867,""alt"":305},""targetSpeed"":51.4,""seq"":10}","{""phase"":""G"",""startLLA"":{""lat"":37.500804,""lon"":126.974867,""alt"":305},""endLLA"":{""lat"":37.508684,""lon"":126.95211,""alt"":177.57},""targetSpeed"":36,""seq"":11}","{""phase"":""G"",""startLLA"":{""lat"":37.508684,""lon"":126.95211,""alt"":177.57},""endLLA"":{""lat"":37.520333,""lon"":126.955695,""alt"":100},""targetSpeed"":36,""seq"":12}","{""phase"":""I"",""startLLA"":{""lat"":37.520333,""lon"":126.955695,""alt"":100},""endLLA"":{""lat"":37.529096,""lon"":126.958391,""alt"":15},""targetSpeed"":30,""seq"":13}","{""phase"":""J"",""startLLA"":{""lat"":37.529096,""lon"":126.958391,""alt"":15},""endLLA"":{""lat"":37.529096,""lon"":126.958391,""alt"":0},""targetSpeed"":10,""seq"":14}","{""phase"":""K"",""startLLA"":{""lat"":37.529096,""lon"":126.958391,""alt"":0},""endLLA"":{""lat"":37.529096,""lon"":126.958391,""alt"":0},""targetSpeed"":3,""seq"":15}",,,,,,
b4a2894cba5c,2026-06-20,FPL1701009,UAM0010,a2,2,2,1,수서,수서,여의도,여의도,12,gate-4,fato-1,gate-3,fato-4,12:40:09,12:49:09,12:57:09,13:04:29,13:14:29,540,480.96,440,1460.96,0,0,ready,수서 > 경부고속도로 양재천 다리 > 채석장 > 180고지 > 영등포 > 여의도,20.7047,13,"{""phase"":""A"",""startLLA"":{""lat"":37.487441,""lon"":127.100603,""alt"":0},""endLLA"":{""lat"":37.487441,""lon"":127.100603,""alt"":0},""targetSpeed"":3,""seq"":1}","{""phase"":""B"",""startLLA"":{""lat"":37.487441,""lon"":127.100603,""alt"":0},""endLLA"":{""lat"":37.487441,""lon"":127.100603,""alt"":15},""targetSpeed"":10,""seq"":2}","{""phase"":""C"",""startLLA"":{""lat"":37.487441,""lon"":127.100603,""alt"":15},""endLLA"":{""lat"":37.484413,""lon"":127.087501,""alt"":100},""targetSpeed"":36,""seq"":3}","{""phase"":""E"",""startLLA"":{""lat"":37.484413,""lon"":127.087501,""alt"":100},""endLLA"":{""lat"":37.475548,""lon"":127.049145,""alt"":305},""targetSpeed"":51.4,""seq"":4}","{""phase"":""F"",""startLLA"":{""lat"":37.475548,""lon"":127.049145,""alt"":305},""endLLA"":{""lat"":37.471593,""lon"":127.032031,""alt"":305},""targetSpeed"":51.4,""seq"":5}","{""phase"":""F"",""startLLA"":{""lat"":37.471593,""lon"":127.032031,""alt"":305},""endLLA"":{""lat"":37.471285,""lon"":126.985745,""alt"":305},""targetSpeed"":51.4,""seq"":6}","{""phase"":""F"",""startLLA"":{""lat"":37.471285,""lon"":126.985745,""alt"":305},""endLLA"":{""lat"":37.492877,""lon"":126.93949,""alt"":305},""targetSpeed"":51.4,""seq"":7}","{""phase"":""F"",""startLLA"":{""lat"":37.492877,""lon"":126.93949,""alt"":305},""endLLA"":{""lat"":37.49922,""lon"":126.930772,""alt"":305},""targetSpeed"":51.4,""seq"":8}","{""phase"":""G"",""startLLA"":{""lat"":37.49922,""lon"":126.930772,""alt"":305},""endLLA"":{""lat"":37.515965,""lon"":126.907756,""alt"":144.8},""targetSpeed"":36,""seq"":9}","{""phase"":""G"",""startLLA"":{""lat"":37.515965,""lon"":126.907756,""alt"":144.8},""endLLA"":{""lat"":37.520546,""lon"":126.914309,""alt"":100},""targetSpeed"":36,""seq"":10}","{""phase"":""I"",""startLLA"":{""lat"":37.520546,""lon"":126.914309,""alt"":100},""endLLA"":{""lat"":37.526513,""lon"":126.922845,""alt"":15},""targetSpeed"":30,""seq"":11}","{""phase"":""J"",""startLLA"":{""lat"":37.526513,""lon"":126.922845,""alt"":15},""endLLA"":{""lat"":37.526513,""lon"":126.922845,""alt"":0},""targetSpeed"":10,""seq"":12}","{""phase"":""K"",""startLLA"":{""lat"":37.526513,""lon"":126.922845,""alt"":0},""endLLA"":{""lat"":37.526513,""lon"":126.922845,""alt"":0},""targetSpeed"":3,""seq"":13}",,,,,,,,
b4a2894cba5c,2026-06-20,FPL1716010,UAM0073,a2,2,1,0.5,수서,수서,망우,망우,12,gate-7,fato-1,gate-6,fato-4,12:49:40,12:58:10,13:10:15,13:18:45,13:28:45,510,725,510,1745,0,415.23,ready,수서 > 잠실대교 중간지점 > 천호대교 중간지점 > 아차산 고가차도 > 망우,13.9617,12,"{""phase"":""A"",""startLLA"":{""lat"":37.487441,""lon"":127.100603,""alt"":0},""endLLA"":{""lat"":37.487441,""lon"":127.100603,""alt"":0},""targetSpeed"":3,""seq"":1}","{""phase"":""B"",""startLLA"":{""lat"":37.487441,""lon"":127.100603,""alt"":0},""endLLA"":{""lat"":37.487441,""lon"":127.100603,""alt"":15},""targetSpeed"":10,""seq"":2}","{""phase"":""C"",""startLLA"":{""lat"":37.487441,""lon"":127.100603,""alt"":15},""endLLA"":{""lat"":37.498067,""lon"":127.098018,""alt"":100},""targetSpeed"":36,""seq"":3}","{""phase"":""E"",""startLLA"":{""lat"":37.498067,""lon"":127.098018,""alt"":100},""endLLA"":{""lat"":37.524288,""lon"":127.091639,""alt"":272.79},""targetSpeed"":51.4,""seq"":4}","{""phase"":""E"",""startLLA"":{""lat"":37.524288,""lon"":127.091639,""alt"":272.79},""endLLA"":{""lat"":37.528015,""lon"":127.095801,""alt"":305},""targetSpeed"":51.4,""seq"":5}","{""phase"":""F"",""startLLA"":{""lat"":37.528015,""lon"":127.095801,""alt"":305},""endLLA"":{""lat"":37.5428,""lon"":127.112312,""alt"":305},""targetSpeed"":51.4,""seq"":6}","{""phase"":""F"",""startLLA"":{""lat"":37.5428,""lon"":127.112312,""alt"":305},""endLLA"":{""lat"":37.547423,""lon"":127.097424,""alt"":305},""targetSpeed"":51.4,""seq"":7}","{""phase"":""F"",""startLLA"":{""lat"":37.547423,""lon"":127.097424,""alt"":305},""endLLA"":{""lat"":37.557017,""lon"":127.094987,""alt"":305},""targetSpeed"":51.4,""seq"":8}","{""phase"":""G"",""startLLA"":{""lat"":37.557017,""lon"":127.094987,""alt"":305},""endLLA"":{""lat"":37.588078,""lon"":127.087099,""alt"":100},""targetSpeed"":36,""seq"":9}","{""phase"":""I"",""startLLA"":{""lat"":37.588078,""lon"":127.087099,""alt"":100},""endLLA"":{""lat"":37.596919,""lon"":127.084854,""alt"":15},""targetSpeed"":30,""seq"":10}","{""phase"":""J"",""startLLA"":{""lat"":37.596919,""lon"":127.084854,""alt"":15},""endLLA"":{""lat"":37.596919,""lon"":127.084854,""alt"":0},""targetSpeed"":10,""seq"":11}","{""phase"":""K"",""startLLA"":{""lat"":37.596919,""lon"":127.084854,""alt"":0},""endLLA"":{""lat"":37.596919,""lon"":127.084854,""alt"":0},""targetSpeed"":3,""seq"":12}",,,,,,,,,
b4a2894cba5c,2026-06-20,FPL1707006,UAM0046,a6,6,1,0.1667,수서,수서,봉천,봉천,12,gate-8,fato-1,gate-8,fato-3,12:55:50,13:04:58,13:10:57,13:17:47,13:27:47,548.88,359.05,410,1317.94,8.88,0,ready,수서 > 경부고속도로 양재천 다리 > 채석장 > 봉천,14.439,11,"{""phase"":""A"",""startLLA"":{""lat"":37.487441,""lon"":127.100603,""alt"":0},""endLLA"":{""lat"":37.487441,""lon"":127.100603,""alt"":0},""targetSpeed"":3,""seq"":1}","{""phase"":""B"",""startLLA"":{""lat"":37.487441,""lon"":127.100603,""alt"":0},""endLLA"":{""lat"":37.487441,""lon"":127.100603,""alt"":15},""targetSpeed"":10,""seq"":2}","{""phase"":""C"",""startLLA"":{""lat"":37.487441,""lon"":127.100603,""alt"":15},""endLLA"":{""lat"":37.484412,""lon"":127.087499,""alt"":100},""targetSpeed"":36,""seq"":3}","{""phase"":""E"",""startLLA"":{""lat"":37.484412,""lon"":127.087499,""alt"":100},""endLLA"":{""lat"":37.475546,""lon"":127.049134,""alt"":305},""targetSpeed"":51.4,""seq"":4}","{""phase"":""F"",""startLLA"":{""lat"":37.475546,""lon"":127.049134,""alt"":305},""endLLA"":{""lat"":37.471593,""lon"":127.032031,""alt"":305},""targetSpeed"":51.4,""seq"":5}","{""phase"":""F"",""startLLA"":{""lat"":37.471593,""lon"":127.032031,""alt"":305},""endLLA"":{""lat"":37.471321,""lon"":126.991206,""alt"":305},""targetSpeed"":51.4,""seq"":6}","{""phase"":""G"",""startLLA"":{""lat"":37.471321,""lon"":126.991206,""alt"":305},""endLLA"":{""lat"":37.471285,""lon"":126.985745,""alt"":276.98},""targetSpeed"":36,""seq"":7}","{""phase"":""G"",""startLLA"":{""lat"":37.471285,""lon"":126.985745,""alt"":276.98},""endLLA"":{""lat"":37.479969,""lon"":126.953031,""alt"":100},""targetSpeed"":36,""seq"":8}","{""phase"":""I"",""startLLA"":{""lat"":37.479969,""lon"":126.953031,""alt"":100},""endLLA"":{""lat"":37.482832,""lon"":126.942245,""alt"":15},""targetSpeed"":30,""seq"":9}","{""phase"":""J"",""startLLA"":{""lat"":37.482832,""lon"":126.942245,""alt"":15},""endLLA"":{""lat"":37.482832,""lon"":126.942245,""alt"":0},""targetSpeed"":10,""seq"":10}","{""phase"":""K"",""startLLA"":{""lat"":37.482832,""lon"":126.942245,""alt"":0},""endLLA"":{""lat"":37.482832,""lon"":126.942245,""alt"":0},""targetSpeed"":3,""seq"":11}",,,,,,,,,,
b4a2894cba5c,2026-06-20,FPL1703007,UAM0050,a2,2,1,0.5,수서,수서,상암,상암,12,gate-4,fato-2,gate-3,fato-3,12:57:42,13:06:42,13:15:54,13:23:14,13:33:14,540,552.34,440,1532.34,0,0,ready,수서 > 경부고속도로 양재천 다리 > 채석장 > 180고지 > 영등포 > 선유도 17고지 > 상암,24.374,14,"{""phase"":""A"",""startLLA"":{""lat"":37.487441,""lon"":127.100603,""alt"":0},""endLLA"":{""lat"":37.487441,""lon"":127.100603,""alt"":0},""targetSpeed"":3,""seq"":1}","{""phase"":""B"",""startLLA"":{""lat"":37.487441,""lon"":127.100603,""alt"":0},""endLLA"":{""lat"":37.487441,""lon"":127.100603,""alt"":15},""targetSpeed"":10,""seq"":2}","{""phase"":""C"",""startLLA"":{""lat"":37.487441,""lon"":127.100603,""alt"":15},""endLLA"":{""lat"":37.484413,""lon"":127.087503,""alt"":100},""targetSpeed"":36,""seq"":3}","{""phase"":""E"",""startLLA"":{""lat"":37.484413,""lon"":127.087503,""alt"":100},""endLLA"":{""lat"":37.47555,""lon"":127.04915,""alt"":305},""targetSpeed"":51.4,""seq"":4}","{""phase"":""F"",""startLLA"":{""lat"":37.47555,""lon"":127.04915,""alt"":305},""endLLA"":{""lat"":37.471593,""lon"":127.032031,""alt"":305},""targetSpeed"":51.4,""seq"":5}","{""phase"":""F"",""startLLA"":{""lat"":37.471593,""lon"":127.032031,""alt"":305},""endLLA"":{""lat"":37.471285,""lon"":126.985745,""alt"":305},""targetSpeed"":51.4,""seq"":6}","{""phase"":""F"",""startLLA"":{""lat"":37.471285,""lon"":126.985745,""alt"":305},""endLLA"":{""lat"":37.492877,""lon"":126.93949,""alt"":305},""targetSpeed"":51.4,""seq"":7}","{""phase"":""F"",""startLLA"":{""lat"":37.492877,""lon"":126.93949,""alt"":305},""endLLA"":{""lat"":37.515965,""lon"":126.907756,""alt"":305},""targetSpeed"":51.4,""seq"":8}","{""phase"":""F"",""startLLA"":{""lat"":37.515965,""lon"":126.907756,""alt"":305},""endLLA"":{""lat"":37.524052,""lon"":126.906139,""alt"":305},""targetSpeed"":51.4,""seq"":9}","{""phase"":""G"",""startLLA"":{""lat"":37.524052,""lon"":126.906139,""alt"":305},""endLLA"":{""lat"":37.542307,""lon"":126.90249,""alt"":185.47},""targetSpeed"":36,""seq"":10}","{""phase"":""G"",""startLLA"":{""lat"":37.542307,""lon"":126.90249,""alt"":185.47},""endLLA"":{""lat"":37.554178,""lon"":126.89516,""alt"":100},""targetSpeed"":36,""seq"":11}","{""phase"":""I"",""startLLA"":{""lat"":37.554178,""lon"":126.89516,""alt"":100},""endLLA"":{""lat"":37.562282,""lon"":126.890156,""alt"":15},""targetSpeed"":30,""seq"":12}","{""phase"":""J"",""startLLA"":{""lat"":37.562282,""lon"":126.890156,""alt"":15},""endLLA"":{""lat"":37.562282,""lon"":126.890156,""alt"":0},""targetSpeed"":10,""seq"":13}","{""phase"":""K"",""startLLA"":{""lat"":37.562282,""lon"":126.890156,""alt"":0},""endLLA"":{""lat"":37.562282,""lon"":126.890156,""alt"":0},""targetSpeed"":3,""seq"":14}",,,,,,,
b4a2894cba5c,2026-06-20,FPL1710006,UAM0019,a4,4,4,1,수서,수서,연신내,연신내,13,gate-3,fato-1,gate-3,fato-4,13:07:39,13:16:09,13:27:38,13:34:58,13:44:58,510,689.51,440,1639.51,0,0,ready,수서 > 경부고속도로 양재천 다리 > 채석장 > 180고지 > 영등포 > 선유도 17고지 > 성산대교 중간지점 > 수색교 > 연신내,31.4243,16,"{""phase"":""A"",""startLLA"":{""lat"":37.487441,""lon"":127.100603,""alt"":0},""endLLA"":{""lat"":37.487441,""lon"":127.100603,""alt"":0},""targetSpeed"":3,""seq"":1}","{""phase"":""B"",""startLLA"":{""lat"":37.487441,""lon"":127.100603,""alt"":0},""endLLA"":{""lat"":37.487441,""lon"":127.100603,""alt"":15},""targetSpeed"":10,""seq"":2}","{""phase"":""C"",""startLLA"":{""lat"":37.487441,""lon"":127.100603,""alt"":15},""endLLA"":{""lat"":37.484414,""lon"":127.087505,""alt"":100},""targetSpeed"":36,""seq"":3}","{""phase"":""E"",""startLLA"":{""lat"":37.484414,""lon"":127.087505,""alt"":100},""endLLA"":{""lat"":37.475552,""lon"":127.049159,""alt"":305},""targetSpeed"":51.4,""seq"":4}","{""phase"":""F"",""startLLA"":{""lat"":37.475552,""lon"":127.049159,""alt"":305},""endLLA"":{""lat"":37.471593,""lon"":127.032031,""alt"":305},""targetSpeed"":51.4,""seq"":5}","{""phase"":""F"",""startLLA"":{""lat"":37.471593,""lon"":127.032031,""alt"":305},""endLLA"":{""lat"":37.471285,""lon"":126.985745,""alt"":305},""targetSpeed"":51.4,""seq"":6}","{""phase"":""F"",""startLLA"":{""lat"":37.471285,""lon"":126.985745,""alt"":305},""endLLA"":{""lat"":37.492877,""lon"":126.93949,""alt"":305},""targetSpeed"":51.4,""seq"":7}","{""phase"":""F"",""startLLA"":{""lat"":37.492877,""lon"":126.93949,""alt"":305},""endLLA"":{""lat"":37.515965,""lon"":126.907756,""alt"":305},""targetSpeed"":51.4,""seq"":8}","{""phase"":""F"",""startLLA"":{""lat"":37.515965,""lon"":126.907756,""alt"":305},""endLLA"":{""lat"":37.542307,""lon"":126.90249,""alt"":305},""targetSpeed"":51.4,""seq"":9}","{""phase"":""F"",""startLLA"":{""lat"":37.542307,""lon"":126.90249,""alt"":305},""endLLA"":{""lat"":37.552574,""lon"":126.891431,""alt"":305},""targetSpeed"":51.4,""seq"":10}","{""phase"":""F"",""startLLA"":{""lat"":37.552574,""lon"":126.891431,""alt"":305},""endLLA"":{""lat"":37.583689,""lon"":126.886699,""alt"":305},""targetSpeed"":51.4,""seq"":11}","{""phase"":""G"",""startLLA"":{""lat"":37.583689,""lon"":126.886699,""alt"":305},""endLLA"":{""lat"":37.586283,""lon"":126.886304,""alt"":288.1},""targetSpeed"":36,""seq"":12}","{""phase"":""G"",""startLLA"":{""lat"":37.586283,""lon"":126.886304,""alt"":288.1},""endLLA"":{""lat"":37.605258,""lon"":126.914118,""alt"":100},""targetSpeed"":36,""seq"":13}","{""phase"":""I"",""startLLA"":{""lat"":37.605258,""lon"":126.914118,""alt"":100},""endLLA"":{""lat"":37.611145,""lon"":126.922747,""alt"":15},""targetSpeed"":30,""seq"":14}","{""phase"":""J"",""startLLA"":{""lat"":37.611145,""lon"":126.922747,""alt"":15},""endLLA"":{""lat"":37.611145,""lon"":126.922747,""alt"":0},""targetSpeed"":10,""seq"":15}","{""phase"":""K"",""startLLA"":{""lat"":37.611145,""lon"":126.922747,""alt"":0},""endLLA"":{""lat"":37.611145,""lon"":126.922747,""alt"":0},""targetSpeed"":3,""seq"":16}",,,,,
b4a2894cba5c,2026-06-20,FPL1707007,UAM0109,a6,6,6,1,수서,수서,봉천,봉천,13,gate-7,fato-2,gate-2,fato-4,13:11:37,13:20:07,13:26:06,13:33:56,13:43:56,510,359.05,470,1339.05,0,0,ready,수서 > 경부고속도로 양재천 다리 > 채석장 > 봉천,14.439,11,"{""phase"":""A"",""startLLA"":{""lat"":37.487441,""lon"":127.100603,""alt"":0},""endLLA"":{""lat"":37.487441,""lon"":127.100603,""alt"":0},""targetSpeed"":3,""seq"":1}","{""phase"":""B"",""startLLA"":{""lat"":37.487441,""lon"":127.100603,""alt"":0},""endLLA"":{""lat"":37.487441,""lon"":127.100603,""alt"":15},""targetSpeed"":10,""seq"":2}","{""phase"":""C"",""startLLA"":{""lat"":37.487441,""lon"":127.100603,""alt"":15},""endLLA"":{""lat"":37.484412,""lon"":127.087499,""alt"":100},""targetSpeed"":36,""seq"":3}","{""phase"":""E"",""startLLA"":{""lat"":37.484412,""lon"":127.087499,""alt"":100},""endLLA"":{""lat"":37.475546,""lon"":127.049134,""alt"":305},""targetSpeed"":51.4,""seq"":4}","{""phase"":""F"",""startLLA"":{""lat"":37.475546,""lon"":127.049134,""alt"":305},""endLLA"":{""lat"":37.471593,""lon"":127.032031,""alt"":305},""targetSpeed"":51.4,""seq"":5}","{""phase"":""F"",""startLLA"":{""lat"":37.471593,""lon"":127.032031,""alt"":305},""endLLA"":{""lat"":37.471321,""lon"":126.991206,""alt"":305},""targetSpeed"":51.4,""seq"":6}","{""phase"":""G"",""startLLA"":{""lat"":37.471321,""lon"":126.991206,""alt"":305},""endLLA"":{""lat"":37.471285,""lon"":126.985745,""alt"":276.98},""targetSpeed"":36,""seq"":7}","{""phase"":""G"",""startLLA"":{""lat"":37.471285,""lon"":126.985745,""alt"":276.98},""endLLA"":{""lat"":37.479969,""lon"":126.953031,""alt"":100},""targetSpeed"":36,""seq"":8}","{""phase"":""I"",""startLLA"":{""lat"":37.479969,""lon"":126.953031,""alt"":100},""endLLA"":{""lat"":37.482832,""lon"":126.942245,""alt"":15},""targetSpeed"":30,""seq"":9}","{""phase"":""J"",""startLLA"":{""lat"":37.482832,""lon"":126.942245,""alt"":15},""endLLA"":{""lat"":37.482832,""lon"":126.942245,""alt"":0},""targetSpeed"":10,""seq"":10}","{""phase"":""K"",""startLLA"":{""lat"":37.482832,""lon"":126.942245,""alt"":0},""endLLA"":{""lat"":37.482832,""lon"":126.942245,""alt"":0},""targetSpeed"":3,""seq"":11}",,,,,,,,,,
b4a2894cba5c,2026-06-20,FPL1705011,UAM0053,a6,6,6,1,수서,수서,목동,목동,13,gate-2,fato-1,gate-7,fato-3,13:12:59,13:22:09,13:30:34,13:37:54,13:47:54,550,505.01,440,1495.01,70,0,ready,수서 > 경부고속도로 양재천 다리 > 채석장 > 180고지 > 영등포 > 목동,21.941,13,"{""phase"":""A"",""startLLA"":{""lat"":37.487441,""lon"":127.100603,""alt"":0},""endLLA"":{""lat"":37.487441,""lon"":127.100603,""alt"":0},""targetSpeed"":3,""seq"":1}","{""phase"":""B"",""startLLA"":{""lat"":37.487441,""lon"":127.100603,""alt"":0},""endLLA"":{""lat"":37.487441,""lon"":127.100603,""alt"":15},""targetSpeed"":10,""seq"":2}","{""phase"":""C"",""startLLA"":{""lat"":37.487441,""lon"":127.100603,""alt"":15},""endLLA"":{""lat"":37.484413,""lon"":127.087502,""alt"":100},""targetSpeed"":36,""seq"":3}","{""phase"":""E"",""startLLA"":{""lat"":37.484413,""lon"":127.087502,""alt"":100},""endLLA"":{""lat"":37.475548,""lon"":127.049146,""alt"":305},""targetSpeed"":51.4,""seq"":4}","{""phase"":""F"",""startLLA"":{""lat"":37.475548,""lon"":127.049146,""alt"":305},""endLLA"":{""lat"":37.471593,""lon"":127.032031,""alt"":305},""targetSpeed"":51.4,""seq"":5}","{""phase"":""F"",""startLLA"":{""lat"":37.471593,""lon"":127.032031,""alt"":305},""endLLA"":{""lat"":37.471285,""lon"":126.985745,""alt"":305},""targetSpeed"":51.4,""seq"":6}","{""phase"":""F"",""startLLA"":{""lat"":37.471285,""lon"":126.985745,""alt"":305},""endLLA"":{""lat"":37.492877,""lon"":126.93949,""alt"":305},""targetSpeed"":51.4,""seq"":7}","{""phase"":""F"",""startLLA"":{""lat"":37.492877,""lon"":126.93949,""alt"":305},""endLLA"":{""lat"":37.506729,""lon"":126.92045,""alt"":305},""targetSpeed"":51.4,""seq"":8}","{""phase"":""G"",""startLLA"":{""lat"":37.506729,""lon"":126.92045,""alt"":305},""endLLA"":{""lat"":37.515965,""lon"":126.907756,""alt"":216.64},""targetSpeed"":36,""seq"":9}","{""phase"":""G"",""startLLA"":{""lat"":37.515965,""lon"":126.907756,""alt"":216.64},""endLLA"":{""lat"":37.522882,""lon"":126.886751,""alt"":100},""targetSpeed"":36,""seq"":10}","{""phase"":""I"",""startLLA"":{""lat"":37.522882,""lon"":126.886751,""alt"":100},""endLLA"":{""lat"":37.526343,""lon"":126.876243,""alt"":15},""targetSpeed"":30,""seq"":11}","{""phase"":""J"",""startLLA"":{""lat"":37.526343,""lon"":126.876243,""alt"":15},""endLLA"":{""lat"":37.526343,""lon"":126.876243,""alt"":0},""targetSpeed"":10,""seq"":12}","{""phase"":""K"",""startLLA"":{""lat"":37.526343,""lon"":126.876243,""alt"":0},""endLLA"":{""lat"":37.526343,""lon"":126.876243,""alt"":0},""targetSpeed"":3,""seq"":13}",,,,,,,,
b4a2894cba5c,2026-06-20,FPL1715009,UAM0084,a4,4,4,1,수서,수서,마곡,마곡,13,gate-8,fato-2,gate-3,fato-3,13:16:49,13:26:18,13:44:05,13:51:25,14:01:25,569.96,1066.04,440,2076,29.96,87,ready,수서 > 경부고속도로 양재천 다리 > 채석장 > 180고지 > 영등포 > 목동교 > 염창교 > 가양대교 남단 > 마곡,32.4201,16,"{""phase"":""A"",""startLLA"":{""lat"":37.487441,""lon"":127.100603,""alt"":0},""endLLA"":{""lat"":37.487441,""lon"":127.100603,""alt"":0},""targetSpeed"":3,""seq"":1}","{""phase"":""B"",""startLLA"":{""lat"":37.487441,""lon"":127.100603,""alt"":0},""endLLA"":{""lat"":37.487441,""lon"":127.100603,""alt"":15},""targetSpeed"":10,""seq"":2}","{""phase"":""C"",""startLLA"":{""lat"":37.487441,""lon"":127.100603,""alt"":15},""endLLA"":{""lat"":37.484414,""lon"":127.087505,""alt"":100},""targetSpeed"":36,""seq"":3}","{""phase"":""E"",""startLLA"":{""lat"":37.484414,""lon"":127.087505,""alt"":100},""endLLA"":{""lat"":37.475552,""lon"":127.04916,""alt"":305},""targetSpeed"":51.4,""seq"":4}","{""phase"":""F"",""startLLA"":{""lat"":37.475552,""lon"":127.04916,""alt"":305},""endLLA"":{""lat"":37.471593,""lon"":127.032031,""alt"":305},""targetSpeed"":51.4,""seq"":5}","{""phase"":""F"",""startLLA"":{""lat"":37.471593,""lon"":127.032031,""alt"":305},""endLLA"":{""lat"":37.471285,""lon"":126.985745,""alt"":305},""targetSpeed"":51.4,""seq"":6}","{""phase"":""F"",""startLLA"":{""lat"":37.471285,""lon"":126.985745,""alt"":305},""endLLA"":{""lat"":37.492877,""lon"":126.93949,""alt"":305},""targetSpeed"":51.4,""seq"":7}","{""phase"":""F"",""startLLA"":{""lat"":37.492877,""lon"":126.93949,""alt"":305},""endLLA"":{""lat"":37.515965,""lon"":126.907756,""alt"":305},""targetSpeed"":51.4,""seq"":8}","{""phase"":""F"",""startLLA"":{""lat"":37.515965,""lon"":126.907756,""alt"":305},""endLLA"":{""lat"":37.530667,""lon"":126.888262,""alt"":305},""targetSpeed"":51.4,""seq"":9}","{""phase"":""F"",""startLLA"":{""lat"":37.530667,""lon"":126.888262,""alt"":305},""endLLA"":{""lat"":37.553824,""lon"":126.875819,""alt"":305},""targetSpeed"":51.4,""seq"":10}","{""phase"":""F"",""startLLA"":{""lat"":37.553824,""lon"":126.875819,""alt"":305},""endLLA"":{""lat"":37.569391,""lon"":126.861026,""alt"":305},""targetSpeed"":51.4,""seq"":11}","{""phase"":""F"",""startLLA"":{""lat"":37.569391,""lon"":126.861026,""alt"":305},""endLLA"":{""lat"":37.567856,""lon"":126.842881,""alt"":305},""targetSpeed"":51.4,""seq"":12}","{""phase"":""G"",""startLLA"":{""lat"":37.567856,""lon"":126.842881,""alt"":305},""endLLA"":{""lat"":37.564492,""lon"":126.803122,""alt"":100},""targetSpeed"":36,""seq"":13}","{""phase"":""I"",""startLLA"":{""lat"":37.564492,""lon"":126.803122,""alt"":100},""endLLA"":{""lat"":37.563535,""lon"":126.791805,""alt"":15},""targetSpeed"":30,""seq"":14}","{""phase"":""J"",""startLLA"":{""lat"":37.563535,""lon"":126.791805,""alt"":15},""endLLA"":{""lat"":37.563535,""lon"":126.791805,""alt"":0},""targetSpeed"":10,""seq"":15}","{""phase"":""K"",""startLLA"":{""lat"":37.563535,""lon"":126.791805,""alt"":0},""endLLA"":{""lat"":37.563535,""lon"":126.791805,""alt"":0},""targetSpeed"":3,""seq"":16}",,,,,
b4a2894cba5c,2026-06-20,FPL1712008,UAM0095,a8,8,4,0.5,수서,수서,광화문,광화문,13,gate-6,fato-1,gate-7,fato-4,13:16:57,13:28:09,13:38:41,13:46:01,13:56:01,672,632.98,440,1744.98,192,139.93,ready,수서 > 잠실대교 중간지점 > 청담대교 중간지점 > 성수대교 남단 > 왕십리역 > 청량리 > 신설동역 > 광화문,21.5406,15,"{""phase"":""A"",""startLLA"":{""lat"":37.487441,""lon"":127.100603,""alt"":0},""endLLA"":{""lat"":37.487441,""lon"":127.100603,""alt"":0},""targetSpeed"":3,""seq"":1}","{""phase"":""B"",""startLLA"":{""lat"":37.487441,""lon"":127.100603,""alt"":0},""endLLA"":{""lat"":37.487441,""lon"":127.100603,""alt"":15},""targetSpeed"":10,""seq"":2}","{""phase"":""C"",""startLLA"":{""lat"":37.487441,""lon"":127.100603,""alt"":15},""endLLA"":{""lat"":37.498186,""lon"":127.097989,""alt"":100},""targetSpeed"":36,""seq"":3}","{""phase"":""E"",""startLLA"":{""lat"":37.498186,""lon"":127.097989,""alt"":100},""endLLA"":{""lat"":37.524288,""lon"":127.091639,""alt"":270.1},""targetSpeed"":51.4,""seq"":4}","{""phase"":""E"",""startLLA"":{""lat"":37.524288,""lon"":127.091639,""alt"":270.1},""endLLA"":{""lat"":37.524831,""lon"":127.084797,""alt"":305},""targetSpeed"":51.4,""seq"":5}","{""phase"":""F"",""startLLA"":{""lat"":37.524831,""lon"":127.084797,""alt"":305},""endLLA"":{""lat"":37.526451,""lon"":127.064361,""alt"":305},""targetSpeed"":51.4,""seq"":6}","{""phase"":""F"",""startLLA"":{""lat"":37.526451,""lon"":127.064361,""alt"":305},""endLLA"":{""lat"":37.53537,""lon"":127.034503,""alt"":305},""targetSpeed"":51.4,""seq"":7}","{""phase"":""F"",""startLLA"":{""lat"":37.53537,""lon"":127.034503,""alt"":305},""endLLA"":{""lat"":37.561925,""lon"":127.038491,""alt"":305},""targetSpeed"":51.4,""seq"":8}","{""phase"":""F"",""startLLA"":{""lat"":37.561925,""lon"":127.038491,""alt"":305},""endLLA"":{""lat"":37.581542,""lon"":127.048947,""alt"":305},""targetSpeed"":51.4,""seq"":9}","{""phase"":""F"",""startLLA"":{""lat"":37.581542,""lon"":127.048947,""alt"":305},""endLLA"":{""lat"":37.575947,""lon"":127.024779,""alt"":305},""targetSpeed"":51.4,""seq"":10}","{""phase"":""G"",""startLLA"":{""lat"":37.575947,""lon"":127.024779,""alt"":305},""endLLA"":{""lat"":37.575658,""lon"":127.02353,""alt"":298.4},""targetSpeed"":36,""seq"":11}","{""phase"":""G"",""startLLA"":{""lat"":37.575658,""lon"":127.02353,""alt"":298.4},""endLLA"":{""lat"":37.570521,""lon"":126.984951,""alt"":100},""targetSpeed"":36,""seq"":12}","{""phase"":""I"",""startLLA"":{""lat"":37.570521,""lon"":126.984951,""alt"":100},""endLLA"":{""lat"":37.56901,""lon"":126.973604,""alt"":15},""targetSpeed"":30,""seq"":13}","{""phase"":""J"",""startLLA"":{""lat"":37.56901,""lon"":126.973604,""alt"":15},""endLLA"":{""lat"":37.56901,""lon"":126.973604,""alt"":0},""targetSpeed"":10,""seq"":14}","{""phase"":""K"",""startLLA"":{""lat"":37.56901,""lon"":126.973604,""alt"":0},""endLLA"":{""lat"":37.56901,""lon"":126.973604,""alt"":0},""targetSpeed"":3,""seq"":15}",,,,,,
b4a2894cba5c,2026-06-20,FPL1714009,UAM0064,a8,8,3,0.375,수서,수서,가산,가산,13,gate-4,fato-1,gate-2,fato-4,13:28:29,13:38:05,13:46:01,13:53:55,14:03:55,576.01,476.98,473.92,1526.91,36.01,3.92,ready,수서 > 경부고속도로 양재천 다리 > 채석장 > 180고지 > 가산,20.5002,12,"{""phase"":""A"",""startLLA"":{""lat"":37.487441,""lon"":127.100603,""alt"":0},""endLLA"":{""lat"":37.487441,""lon"":127.100603,""alt"":0},""targetSpeed"":3,""seq"":1}","{""phase"":""B"",""startLLA"":{""lat"":37.487441,""lon"":127.100603,""alt"":0},""endLLA"":{""lat"":37.487441,""lon"":127.100603,""alt"":15},""targetSpeed"":10,""seq"":2}","{""phase"":""C"",""startLLA"":{""lat"":37.487441,""lon"":127.100603,""alt"":15},""endLLA"":{""lat"":37.484413,""lon"":127.0875,""alt"":100},""targetSpeed"":36,""seq"":3}","{""phase"":""E"",""startLLA"":{""lat"":37.484413,""lon"":127.0875,""alt"":100},""endLLA"":{""lat"":37.475547,""lon"":127.049139,""alt"":305},""targetSpeed"":51.4,""seq"":4}","{""phase"":""F"",""startLLA"":{""lat"":37.475547,""lon"":127.049139,""alt"":305},""endLLA"":{""lat"":37.471593,""lon"":127.032031,""alt"":305},""targetSpeed"":51.4,""seq"":5}","{""phase"":""F"",""startLLA"":{""lat"":37.471593,""lon"":127.032031,""alt"":305},""endLLA"":{""lat"":37.471285,""lon"":126.985745,""alt"":305},""targetSpeed"":51.4,""seq"":6}","{""phase"":""F"",""startLLA"":{""lat"":37.471285,""lon"":126.985745,""alt"":305},""endLLA"":{""lat"":37.492877,""lon"":126.93949,""alt"":305},""targetSpeed"":51.4,""seq"":7}","{""phase"":""F"",""startLLA"":{""lat"":37.492877,""lon"":126.93949,""alt"":305},""endLLA"":{""lat"":37.492284,""lon"":126.929987,""alt"":305},""targetSpeed"":51.4,""seq"":8}","{""phase"":""G"",""startLLA"":{""lat"":37.492284,""lon"":126.929987,""alt"":305},""endLLA"":{""lat"":37.489799,""lon"":126.890149,""alt"":100},""targetSpeed"":36,""seq"":9}","{""phase"":""I"",""startLLA"":{""lat"":37.489799,""lon"":126.890149,""alt"":100},""endLLA"":{""lat"":37.489091,""lon"":126.878809,""alt"":15},""targetSpeed"":30,""seq"":10}","{""phase"":""J"",""startLLA"":{""lat"":37.489091,""lon"":126.878809,""alt"":15},""endLLA"":{""lat"":37.489091,""lon"":126.878809,""alt"":0},""targetSpeed"":10,""seq"":11}","{""phase"":""K"",""startLLA"":{""lat"":37.489091,""lon"":126.878809,""alt"":0},""endLLA"":{""lat"":37.489091,""lon"":126.878809,""alt"":0},""targetSpeed"":3,""seq"":12}",,,,,,,,,
b4a2894cba5c,2026-06-20,FPL1705012,UAM0008,a8,8,3,0.375,수서,수서,목동,목동,13,gate-3,fato-2,gate-8,fato-3,13:34:34,13:43:04,13:51:29,13:58:19,14:08:19,510,505.01,410,1425.01,0,0,ready,수서 > 경부고속도로 양재천 다리 > 채석장 > 180고지 > 영등포 > 목동,21.941,13,"{""phase"":""A"",""startLLA"":{""lat"":37.487441,""lon"":127.100603,""alt"":0},""endLLA"":{""lat"":37.487441,""lon"":127.100603,""alt"":0},""targetSpeed"":3,""seq"":1}","{""phase"":""B"",""startLLA"":{""lat"":37.487441,""lon"":127.100603,""alt"":0},""endLLA"":{""lat"":37.487441,""lon"":127.100603,""alt"":15},""targetSpeed"":10,""seq"":2}","{""phase"":""C"",""startLLA"":{""lat"":37.487441,""lon"":127.100603,""alt"":15},""endLLA"":{""lat"":37.484413,""lon"":127.087502,""alt"":100},""targetSpeed"":36,""seq"":3}","{""phase"":""E"",""startLLA"":{""lat"":37.484413,""lon"":127.087502,""alt"":100},""endLLA"":{""lat"":37.475548,""lon"":127.049146,""alt"":305},""targetSpeed"":51.4,""seq"":4}","{""phase"":""F"",""startLLA"":{""lat"":37.475548,""lon"":127.049146,""alt"":305},""endLLA"":{""lat"":37.471593,""lon"":127.032031,""alt"":305},""targetSpeed"":51.4,""seq"":5}","{""phase"":""F"",""startLLA"":{""lat"":37.471593,""lon"":127.032031,""alt"":305},""endLLA"":{""lat"":37.471285,""lon"":126.985745,""alt"":305},""targetSpeed"":51.4,""seq"":6}","{""phase"":""F"",""startLLA"":{""lat"":37.471285,""lon"":126.985745,""alt"":305},""endLLA"":{""lat"":37.492877,""lon"":126.93949,""alt"":305},""targetSpeed"":51.4,""seq"":7}","{""phase"":""F"",""startLLA"":{""lat"":37.492877,""lon"":126.93949,""alt"":305},""endLLA"":{""lat"":37.506729,""lon"":126.92045,""alt"":305},""targetSpeed"":51.4,""seq"":8}","{""phase"":""G"",""startLLA"":{""lat"":37.506729,""lon"":126.92045,""alt"":305},""endLLA"":{""lat"":37.515965,""lon"":126.907756,""alt"":216.64},""targetSpeed"":36,""seq"":9}","{""phase"":""G"",""startLLA"":{""lat"":37.515965,""lon"":126.907756,""alt"":216.64},""endLLA"":{""lat"":37.522882,""lon"":126.886751,""alt"":100},""targetSpeed"":36,""seq"":10}","{""phase"":""I"",""startLLA"":{""lat"":37.522882,""lon"":126.886751,""alt"":100},""endLLA"":{""lat"":37.526343,""lon"":126.876243,""alt"":15},""targetSpeed"":30,""seq"":11}","{""phase"":""J"",""startLLA"":{""lat"":37.526343,""lon"":126.876243,""alt"":15},""endLLA"":{""lat"":37.526343,""lon"":126.876243,""alt"":0},""targetSpeed"":10,""seq"":12}","{""phase"":""K"",""startLLA"":{""lat"":37.526343,""lon"":126.876243,""alt"":0},""endLLA"":{""lat"":37.526343,""lon"":126.876243,""alt"":0},""targetSpeed"":3,""seq"":13}",,,,,,,,
b4a2894cba5c,2026-06-20,FPL1708010,UAM0098,a2,2,2,1,수서,수서,사당,사당,13,gate-8,fato-1,gate-8,fato-4,13:40:16,13:49:16,13:54:02,14:00:52,14:10:52,540,286.87,410,1236.87,0,0,ready,수서 > 경부고속도로 양재천 다리 > 사당,10.7285,10,"{""phase"":""A"",""startLLA"":{""lat"":37.487441,""lon"":127.100603,""alt"":0},""endLLA"":{""lat"":37.487441,""lon"":127.100603,""alt"":0},""targetSpeed"":3,""seq"":1}","{""phase"":""B"",""startLLA"":{""lat"":37.487441,""lon"":127.100603,""alt"":0},""endLLA"":{""lat"":37.487441,""lon"":127.100603,""alt"":15},""targetSpeed"":10,""seq"":2}","{""phase"":""C"",""startLLA"":{""lat"":37.487441,""lon"":127.100603,""alt"":15},""endLLA"":{""lat"":37.484412,""lon"":127.087499,""alt"":100},""targetSpeed"":36,""seq"":3}","{""phase"":""E"",""startLLA"":{""lat"":37.484412,""lon"":127.087499,""alt"":100},""endLLA"":{""lat"":37.475546,""lon"":127.049134,""alt"":305},""targetSpeed"":51.4,""seq"":4}","{""phase"":""F"",""startLLA"":{""lat"":37.475546,""lon"":127.049134,""alt"":305},""endLLA"":{""lat"":37.471861,""lon"":127.033189,""alt"":305},""targetSpeed"":51.4,""seq"":5}","{""phase"":""G"",""startLLA"":{""lat"":37.471861,""lon"":127.033189,""alt"":305},""endLLA"":{""lat"":37.471593,""lon"":127.032031,""alt"":298.81},""targetSpeed"":36,""seq"":6}","{""phase"":""G"",""startLLA"":{""lat"":37.471593,""lon"":127.032031,""alt"":298.81},""endLLA"":{""lat"":37.47482,""lon"":126.993495,""alt"":100},""targetSpeed"":36,""seq"":7}","{""phase"":""I"",""startLLA"":{""lat"":37.47482,""lon"":126.993495,""alt"":100},""endLLA"":{""lat"":37.475767,""lon"":126.982185,""alt"":15},""targetSpeed"":30,""seq"":8}","{""phase"":""J"",""startLLA"":{""lat"":37.475767,""lon"":126.982185,""alt"":15},""endLLA"":{""lat"":37.475767,""lon"":126.982185,""alt"":0},""targetSpeed"":10,""seq"":9}","{""phase"":""K"",""startLLA"":{""lat"":37.475767,""lon"":126.982185,""alt"":0},""endLLA"":{""lat"":37.475767,""lon"":126.982185,""alt"":0},""targetSpeed"":3,""seq"":10}",,,,,,,,,,,
b4a2894cba5c,2026-06-20,FPL1704005,UAM0018,a2,2,2,1,수서,수서,용산,용산,13,gate-4,fato-1,gate-8,fato-3,13:51:04,14:00:04,14:08:15,14:15:05,14:25:05,540,491.46,410,1441.46,0,0,ready,수서 > 잠실대교 중간지점 > 청담대교 중간지점 > 성수대교 남단 > 주흥교 > 이수고가차로 > 상도터널 > 용산,21.2449,15,"{""phase"":""A"",""startLLA"":{""lat"":37.487441,""lon"":127.100603,""alt"":0},""endLLA"":{""lat"":37.487441,""lon"":127.100603,""alt"":0},""targetSpeed"":3,""seq"":1}","{""phase"":""B"",""startLLA"":{""lat"":37.487441,""lon"":127.100603,""alt"":0},""endLLA"":{""lat"":37.487441,""lon"":127.100603,""alt"":15},""targetSpeed"":10,""seq"":2}","{""phase"":""C"",""startLLA"":{""lat"":37.487441,""lon"":127.100603,""alt"":15},""endLLA"":{""lat"":37.498069,""lon"":127.098017,""alt"":100},""targetSpeed"":36,""seq"":3}","{""phase"":""E"",""startLLA"":{""lat"":37.498069,""lon"":127.098017,""alt"":100},""endLLA"":{""lat"":37.524288,""lon"":127.091639,""alt"":272.74},""targetSpeed"":51.4,""seq"":4}","{""phase"":""E"",""startLLA"":{""lat"":37.524288,""lon"":127.091639,""alt"":272.74},""endLLA"":{""lat"":37.524784,""lon"":127.085383,""alt"":305},""targetSpeed"":51.4,""seq"":5}","{""phase"":""F"",""startLLA"":{""lat"":37.524784,""lon"":127.085383,""alt"":305},""endLLA"":{""lat"":37.526451,""lon"":127.064361,""alt"":305},""targetSpeed"":51.4,""seq"":6}","{""phase"":""F"",""startLLA"":{""lat"":37.526451,""lon"":127.064361,""alt"":305},""endLLA"":{""lat"":37.53537,""lon"":127.034503,""alt"":305},""targetSpeed"":51.4,""seq"":7}","{""phase"":""F"",""startLLA"":{""lat"":37.53537,""lon"":127.034503,""alt"":305},""endLLA"":{""lat"":37.509486,""lon"":127.016026,""alt"":305},""targetSpeed"":51.4,""seq"":8}","{""phase"":""F"",""startLLA"":{""lat"":37.509486,""lon"":127.016026,""alt"":305},""endLLA"":{""lat"":37.497738,""lon"":126.983721,""alt"":305},""targetSpeed"":51.4,""seq"":9}","{""phase"":""F"",""startLLA"":{""lat"":37.497738,""lon"":126.983721,""alt"":305},""endLLA"":{""lat"":37.500804,""lon"":126.974867,""alt"":305},""targetSpeed"":51.4,""seq"":10}","{""phase"":""G"",""startLLA"":{""lat"":37.500804,""lon"":126.974867,""alt"":305},""endLLA"":{""lat"":37.508684,""lon"":126.95211,""alt"":177.57},""targetSpeed"":36,""seq"":11}","{""phase"":""G"",""startLLA"":{""lat"":37.508684,""lon"":126.95211,""alt"":177.57},""endLLA"":{""lat"":37.520333,""lon"":126.955695,""alt"":100},""targetSpeed"":36,""seq"":12}","{""phase"":""I"",""startLLA"":{""lat"":37.520333,""lon"":126.955695,""alt"":100},""endLLA"":{""lat"":37.529096,""lon"":126.958391,""alt"":15},""targetSpeed"":30,""seq"":13}","{""phase"":""J"",""startLLA"":{""lat"":37.529096,""lon"":126.958391,""alt"":15},""endLLA"":{""lat"":37.529096,""lon"":126.958391,""alt"":0},""targetSpeed"":10,""seq"":14}","{""phase"":""K"",""startLLA"":{""lat"":37.529096,""lon"":126.958391,""alt"":0},""endLLA"":{""lat"":37.529096,""lon"":126.958391,""alt"":0},""targetSpeed"":3,""seq"":15}",,,,,,
b4a2894cba5c,2026-06-20,FPL1706008,UAM0081,a2,2,2,1,수서,수서,미아,미아,13,gate-3,fato-2,gate-3,fato-4,13:55:17,14:03:47,14:11:48,14:19:08,14:29:08,510,481.13,440,1431.13,0,0,ready,수서 > 잠실대교 중간지점 > 천호대교 중간지점 > 아차산 고가차도 > 상봉 > 월릉교 > 미아,20.7137,14,"{""phase"":""A"",""startLLA"":{""lat"":37.487441,""lon"":127.100603,""alt"":0},""endLLA"":{""lat"":37.487441,""lon"":127.100603,""alt"":0},""targetSpeed"":3,""seq"":1}","{""phase"":""B"",""startLLA"":{""lat"":37.487441,""lon"":127.100603,""alt"":0},""endLLA"":{""lat"":37.487441,""lon"":127.100603,""alt"":15},""targetSpeed"":10,""seq"":2}","{""phase"":""C"",""startLLA"":{""lat"":37.487441,""lon"":127.100603,""alt"":15},""endLLA"":{""lat"":37.498065,""lon"":127.098018,""alt"":100},""targetSpeed"":36,""seq"":3}","{""phase"":""E"",""startLLA"":{""lat"":37.498065,""lon"":127.098018,""alt"":100},""endLLA"":{""lat"":37.524288,""lon"":127.091639,""alt"":272.84},""targetSpeed"":51.4,""seq"":4}","{""phase"":""E"",""startLLA"":{""lat"":37.524288,""lon"":127.091639,""alt"":272.84},""endLLA"":{""lat"":37.528008,""lon"":127.095794,""alt"":305},""targetSpeed"":51.4,""seq"":5}","{""phase"":""F"",""startLLA"":{""lat"":37.528008,""lon"":127.095794,""alt"":305},""endLLA"":{""lat"":37.5428,""lon"":127.112312,""alt"":305},""targetSpeed"":51.4,""seq"":6}","{""phase"":""F"",""startLLA"":{""lat"":37.5428,""lon"":127.112312,""alt"":305},""endLLA"":{""lat"":37.547423,""lon"":127.097424,""alt"":305},""targetSpeed"":51.4,""seq"":7}","{""phase"":""F"",""startLLA"":{""lat"":37.547423,""lon"":127.097424,""alt"":305},""endLLA"":{""lat"":37.596919,""lon"":127.084854,""alt"":305},""targetSpeed"":51.4,""seq"":8}","{""phase"":""F"",""startLLA"":{""lat"":37.596919,""lon"":127.084854,""alt"":305},""endLLA"":{""lat"":37.614366,""lon"":127.072716,""alt"":305},""targetSpeed"":51.4,""seq"":9}","{""phase"":""G"",""startLLA"":{""lat"":37.614366,""lon"":127.072716,""alt"":305},""endLLA"":{""lat"":37.616266,""lon"":127.071394,""alt"":290.96},""targetSpeed"":36,""seq"":10}","{""phase"":""G"",""startLLA"":{""lat"":37.616266,""lon"":127.071394,""alt"":290.96},""endLLA"":{""lat"":37.626944,""lon"":127.036665,""alt"":100},""targetSpeed"":36,""seq"":11}","{""phase"":""I"",""startLLA"":{""lat"":37.626944,""lon"":127.036665,""alt"":100},""endLLA"":{""lat"":37.630207,""lon"":127.026053,""alt"":15},""targetSpeed"":30,""seq"":12}","{""phase"":""J"",""startLLA"":{""lat"":37.630207,""lon"":127.026053,""alt"":15},""endLLA"":{""lat"":37.630207,""lon"":127.026053,""alt"":0},""targetSpeed"":10,""seq"":13}","{""phase"":""K"",""startLLA"":{""lat"":37.630207,""lon"":127.026053,""alt"":0},""endLLA"":{""lat"":37.630207,""lon"":127.026053,""alt"":0},""targetSpeed"":3,""seq"":14}",,,,,,,
b4a2894cba5c,2026-06-20,FPL1705013,UAM0118,a6,6,6,1,수서,수서,목동,목동,14,gate-8,fato-1,gate-2,fato-4,14:07:29,14:17:09,14:26:42,14:34:49,14:44:49,580,572.88,487.24,1640.12,79.87,85.11,ready,수서 > 경부고속도로 양재천 다리 > 채석장 > 180고지 > 영등포 > 목동,21.941,13,"{""phase"":""A"",""startLLA"":{""lat"":37.487441,""lon"":127.100603,""alt"":0},""endLLA"":{""lat"":37.487441,""lon"":127.100603,""alt"":0},""targetSpeed"":3,""seq"":1}","{""phase"":""B"",""startLLA"":{""lat"":37.487441,""lon"":127.100603,""alt"":0},""endLLA"":{""lat"":37.487441,""lon"":127.100603,""alt"":15},""targetSpeed"":10,""seq"":2}","{""phase"":""C"",""startLLA"":{""lat"":37.487441,""lon"":127.100603,""alt"":15},""endLLA"":{""lat"":37.484413,""lon"":127.087502,""alt"":100},""targetSpeed"":36,""seq"":3}","{""phase"":""E"",""startLLA"":{""lat"":37.484413,""lon"":127.087502,""alt"":100},""endLLA"":{""lat"":37.475548,""lon"":127.049146,""alt"":305},""targetSpeed"":51.4,""seq"":4}","{""phase"":""F"",""startLLA"":{""lat"":37.475548,""lon"":127.049146,""alt"":305},""endLLA"":{""lat"":37.471593,""lon"":127.032031,""alt"":305},""targetSpeed"":51.4,""seq"":5}","{""phase"":""F"",""startLLA"":{""lat"":37.471593,""lon"":127.032031,""alt"":305},""endLLA"":{""lat"":37.471285,""lon"":126.985745,""alt"":305},""targetSpeed"":51.4,""seq"":6}","{""phase"":""F"",""startLLA"":{""lat"":37.471285,""lon"":126.985745,""alt"":305},""endLLA"":{""lat"":37.492877,""lon"":126.93949,""alt"":305},""targetSpeed"":51.4,""seq"":7}","{""phase"":""F"",""startLLA"":{""lat"":37.492877,""lon"":126.93949,""alt"":305},""endLLA"":{""lat"":37.506729,""lon"":126.92045,""alt"":305},""targetSpeed"":51.4,""seq"":8}","{""phase"":""G"",""startLLA"":{""lat"":37.506729,""lon"":126.92045,""alt"":305},""endLLA"":{""lat"":37.515965,""lon"":126.907756,""alt"":216.64},""targetSpeed"":36,""seq"":9}","{""phase"":""G"",""startLLA"":{""lat"":37.515965,""lon"":126.907756,""alt"":216.64},""endLLA"":{""lat"":37.522882,""lon"":126.886751,""alt"":100},""targetSpeed"":36,""seq"":10}","{""phase"":""I"",""startLLA"":{""lat"":37.522882,""lon"":126.886751,""alt"":100},""endLLA"":{""lat"":37.526343,""lon"":126.876243,""alt"":15},""targetSpeed"":30,""seq"":11}","{""phase"":""J"",""startLLA"":{""lat"":37.526343,""lon"":126.876243,""alt"":15},""endLLA"":{""lat"":37.526343,""lon"":126.876243,""alt"":0},""targetSpeed"":10,""seq"":12}","{""phase"":""K"",""startLLA"":{""lat"":37.526343,""lon"":126.876243,""alt"":0},""endLLA"":{""lat"":37.526343,""lon"":126.876243,""alt"":0},""targetSpeed"":3,""seq"":13}",,,,,,,,
b4a2894cba5c,2026-06-20,FPL1708011,UAM0050,a2,2,2,1,수서,수서,사당,사당,14,gate-7,fato-2,gate-3,fato-4,14:08:18,14:17:49,14:22:36,14:30:26,14:40:26,571.87,286.87,469.92,1328.65,61.87,29.92,ready,수서 > 경부고속도로 양재천 다리 > 사당,10.7285,10,"{""phase"":""A"",""startLLA"":{""lat"":37.487441,""lon"":127.100603,""alt"":0},""endLLA"":{""lat"":37.487441,""lon"":127.100603,""alt"":0},""targetSpeed"":3,""seq"":1}","{""phase"":""B"",""startLLA"":{""lat"":37.487441,""lon"":127.100603,""alt"":0},""endLLA"":{""lat"":37.487441,""lon"":127.100603,""alt"":15},""targetSpeed"":10,""seq"":2}","{""phase"":""C"",""startLLA"":{""lat"":37.487441,""lon"":127.100603,""alt"":15},""endLLA"":{""lat"":37.484412,""lon"":127.087499,""alt"":100},""targetSpeed"":36,""seq"":3}","{""phase"":""E"",""startLLA"":{""lat"":37.484412,""lon"":127.087499,""alt"":100},""endLLA"":{""lat"":37.475546,""lon"":127.049134,""alt"":305},""targetSpeed"":51.4,""seq"":4}","{""phase"":""F"",""startLLA"":{""lat"":37.475546,""lon"":127.049134,""alt"":305},""endLLA"":{""lat"":37.471861,""lon"":127.033189,""alt"":305},""targetSpeed"":51.4,""seq"":5}","{""phase"":""G"",""startLLA"":{""lat"":37.471861,""lon"":127.033189,""alt"":305},""endLLA"":{""lat"":37.471593,""lon"":127.032031,""alt"":298.81},""targetSpeed"":36,""seq"":6}","{""phase"":""G"",""startLLA"":{""lat"":37.471593,""lon"":127.032031,""alt"":298.81},""endLLA"":{""lat"":37.47482,""lon"":126.993495,""alt"":100},""targetSpeed"":36,""seq"":7}","{""phase"":""I"",""startLLA"":{""lat"":37.47482,""lon"":126.993495,""alt"":100},""endLLA"":{""lat"":37.475767,""lon"":126.982185,""alt"":15},""targetSpeed"":30,""seq"":8}","{""phase"":""J"",""startLLA"":{""lat"":37.475767,""lon"":126.982185,""alt"":15},""endLLA"":{""lat"":37.475767,""lon"":126.982185,""alt"":0},""targetSpeed"":10,""seq"":9}","{""phase"":""K"",""startLLA"":{""lat"":37.475767,""lon"":126.982185,""alt"":0},""endLLA"":{""lat"":37.475767,""lon"":126.982185,""alt"":0},""targetSpeed"":3,""seq"":10}",,,,,,,,,,,
b4a2894cba5c,2026-06-20,FPL1715010,UAM0023,a8,8,8,1,수서,수서,마곡,마곡,14,gate-4,fato-1,gate-4,fato-3,14:11:40,14:23:09,14:39:14,14:46:04,14:56:04,689.87,964.13,410,2064,149.87,117,ready,수서 > 경부고속도로 양재천 다리 > 채석장 > 180고지 > 영등포 > 목동교 > 염창교 > 가양대교 남단 > 마곡,32.4201,16,"{""phase"":""A"",""startLLA"":{""lat"":37.487441,""lon"":127.100603,""alt"":0},""endLLA"":{""lat"":37.487441,""lon"":127.100603,""alt"":0},""targetSpeed"":3,""seq"":1}","{""phase"":""B"",""startLLA"":{""lat"":37.487441,""lon"":127.100603,""alt"":0},""endLLA"":{""lat"":37.487441,""lon"":127.100603,""alt"":15},""targetSpeed"":10,""seq"":2}","{""phase"":""C"",""startLLA"":{""lat"":37.487441,""lon"":127.100603,""alt"":15},""endLLA"":{""lat"":37.484414,""lon"":127.087505,""alt"":100},""targetSpeed"":36,""seq"":3}","{""phase"":""E"",""startLLA"":{""lat"":37.484414,""lon"":127.087505,""alt"":100},""endLLA"":{""lat"":37.475552,""lon"":127.04916,""alt"":305},""targetSpeed"":51.4,""seq"":4}","{""phase"":""F"",""startLLA"":{""lat"":37.475552,""lon"":127.04916,""alt"":305},""endLLA"":{""lat"":37.471593,""lon"":127.032031,""alt"":305},""targetSpeed"":51.4,""seq"":5}","{""phase"":""F"",""startLLA"":{""lat"":37.471593,""lon"":127.032031,""alt"":305},""endLLA"":{""lat"":37.471285,""lon"":126.985745,""alt"":305},""targetSpeed"":51.4,""seq"":6}","{""phase"":""F"",""startLLA"":{""lat"":37.471285,""lon"":126.985745,""alt"":305},""endLLA"":{""lat"":37.492877,""lon"":126.93949,""alt"":305},""targetSpeed"":51.4,""seq"":7}","{""phase"":""F"",""startLLA"":{""lat"":37.492877,""lon"":126.93949,""alt"":305},""endLLA"":{""lat"":37.515965,""lon"":126.907756,""alt"":305},""targetSpeed"":51.4,""seq"":8}","{""phase"":""F"",""startLLA"":{""lat"":37.515965,""lon"":126.907756,""alt"":305},""endLLA"":{""lat"":37.530667,""lon"":126.888262,""alt"":305},""targetSpeed"":51.4,""seq"":9}","{""phase"":""F"",""startLLA"":{""lat"":37.530667,""lon"":126.888262,""alt"":305},""endLLA"":{""lat"":37.553824,""lon"":126.875819,""alt"":305},""targetSpeed"":51.4,""seq"":10}","{""phase"":""F"",""startLLA"":{""lat"":37.553824,""lon"":126.875819,""alt"":305},""endLLA"":{""lat"":37.569391,""lon"":126.861026,""alt"":305},""targetSpeed"":51.4,""seq"":11}","{""phase"":""F"",""startLLA"":{""lat"":37.569391,""lon"":126.861026,""alt"":305},""endLLA"":{""lat"":37.567856,""lon"":126.842881,""alt"":305},""targetSpeed"":51.4,""seq"":12}","{""phase"":""G"",""startLLA"":{""lat"":37.567856,""lon"":126.842881,""alt"":305},""endLLA"":{""lat"":37.564492,""lon"":126.803122,""alt"":100},""targetSpeed"":36,""seq"":13}","{""phase"":""I"",""startLLA"":{""lat"":37.564492,""lon"":126.803122,""alt"":100},""endLLA"":{""lat"":37.563535,""lon"":126.791805,""alt"":15},""targetSpeed"":30,""seq"":14}","{""phase"":""J"",""startLLA"":{""lat"":37.563535,""lon"":126.791805,""alt"":15},""endLLA"":{""lat"":37.563535,""lon"":126.791805,""alt"":0},""targetSpeed"":10,""seq"":15}","{""phase"":""K"",""startLLA"":{""lat"":37.563535,""lon"":126.791805,""alt"":0},""endLLA"":{""lat"":37.563535,""lon"":126.791805,""alt"":0},""targetSpeed"":3,""seq"":16}",,,,,
b4a2894cba5c,2026-06-20,FPL1701010,UAM0132,a4,4,4,1,수서,수서,여의도,여의도,14,gate-3,fato-2,gate-8,fato-4,14:13:15,14:23:49,14:31:50,14:38:40,14:48:40,634.87,480.96,410,1525.82,124.87,0,ready,수서 > 경부고속도로 양재천 다리 > 채석장 > 180고지 > 영등포 > 여의도,20.7047,13,"{""phase"":""A"",""startLLA"":{""lat"":37.487441,""lon"":127.100603,""alt"":0},""endLLA"":{""lat"":37.487441,""lon"":127.100603,""alt"":0},""targetSpeed"":3,""seq"":1}","{""phase"":""B"",""startLLA"":{""lat"":37.487441,""lon"":127.100603,""alt"":0},""endLLA"":{""lat"":37.487441,""lon"":127.100603,""alt"":15},""targetSpeed"":10,""seq"":2}","{""phase"":""C"",""startLLA"":{""lat"":37.487441,""lon"":127.100603,""alt"":15},""endLLA"":{""lat"":37.484413,""lon"":127.087501,""alt"":100},""targetSpeed"":36,""seq"":3}","{""phase"":""E"",""startLLA"":{""lat"":37.484413,""lon"":127.087501,""alt"":100},""endLLA"":{""lat"":37.475548,""lon"":127.049145,""alt"":305},""targetSpeed"":51.4,""seq"":4}","{""phase"":""F"",""startLLA"":{""lat"":37.475548,""lon"":127.049145,""alt"":305},""endLLA"":{""lat"":37.471593,""lon"":127.032031,""alt"":305},""targetSpeed"":51.4,""seq"":5}","{""phase"":""F"",""startLLA"":{""lat"":37.471593,""lon"":127.032031,""alt"":305},""endLLA"":{""lat"":37.471285,""lon"":126.985745,""alt"":305},""targetSpeed"":51.4,""seq"":6}","{""phase"":""F"",""startLLA"":{""lat"":37.471285,""lon"":126.985745,""alt"":305},""endLLA"":{""lat"":37.492877,""lon"":126.93949,""alt"":305},""targetSpeed"":51.4,""seq"":7}","{""phase"":""F"",""startLLA"":{""lat"":37.492877,""lon"":126.93949,""alt"":305},""endLLA"":{""lat"":37.49922,""lon"":126.930772,""alt"":305},""targetSpeed"":51.4,""seq"":8}","{""phase"":""G"",""startLLA"":{""lat"":37.49922,""lon"":126.930772,""alt"":305},""endLLA"":{""lat"":37.515965,""lon"":126.907756,""alt"":144.8},""targetSpeed"":36,""seq"":9}","{""phase"":""G"",""startLLA"":{""lat"":37.515965,""lon"":126.907756,""alt"":144.8},""endLLA"":{""lat"":37.520546,""lon"":126.914309,""alt"":100},""targetSpeed"":36,""seq"":10}","{""phase"":""I"",""startLLA"":{""lat"":37.520546,""lon"":126.914309,""alt"":100},""endLLA"":{""lat"":37.526513,""lon"":126.922845,""alt"":15},""targetSpeed"":30,""seq"":11}","{""phase"":""J"",""startLLA"":{""lat"":37.526513,""lon"":126.922845,""alt"":15},""endLLA"":{""lat"":37.526513,""lon"":126.922845,""alt"":0},""targetSpeed"":10,""seq"":12}","{""phase"":""K"",""startLLA"":{""lat"":37.526513,""lon"":126.922845,""alt"":0},""endLLA"":{""lat"":37.526513,""lon"":126.922845,""alt"":0},""targetSpeed"":3,""seq"":13}",,,,,,,,
b4a2894cba5c,2026-06-20,FPL1716011,UAM0105,a2,2,2,1,수서,수서,망우,망우,14,gate-2,fato-1,gate-1,fato-3,14:17:30,14:29:09,15:15:04,15:23:24,15:33:24,699.87,2754.13,500,3954,219.87,870,ready,수서 > 잠실대교 중간지점 > 천호대교 중간지점 > 아차산 고가차도 > 망우,13.9617,12,"{""phase"":""A"",""startLLA"":{""lat"":37.487441,""lon"":127.100603,""alt"":0},""endLLA"":{""lat"":37.487441,""lon"":127.100603,""alt"":0},""targetSpeed"":3,""seq"":1}","{""phase"":""B"",""startLLA"":{""lat"":37.487441,""lon"":127.100603,""alt"":0},""endLLA"":{""lat"":37.487441,""lon"":127.100603,""alt"":15},""targetSpeed"":10,""seq"":2}","{""phase"":""C"",""startLLA"":{""lat"":37.487441,""lon"":127.100603,""alt"":15},""endLLA"":{""lat"":37.498067,""lon"":127.098018,""alt"":100},""targetSpeed"":36,""seq"":3}","{""phase"":""E"",""startLLA"":{""lat"":37.498067,""lon"":127.098018,""alt"":100},""endLLA"":{""lat"":37.524288,""lon"":127.091639,""alt"":272.79},""targetSpeed"":51.4,""seq"":4}","{""phase"":""E"",""startLLA"":{""lat"":37.524288,""lon"":127.091639,""alt"":272.79},""endLLA"":{""lat"":37.528015,""lon"":127.095801,""alt"":305},""targetSpeed"":51.4,""seq"":5}","{""phase"":""F"",""startLLA"":{""lat"":37.528015,""lon"":127.095801,""alt"":305},""endLLA"":{""lat"":37.5428,""lon"":127.112312,""alt"":305},""targetSpeed"":51.4,""seq"":6}","{""phase"":""F"",""startLLA"":{""lat"":37.5428,""lon"":127.112312,""alt"":305},""endLLA"":{""lat"":37.547423,""lon"":127.097424,""alt"":305},""targetSpeed"":51.4,""seq"":7}","{""phase"":""F"",""startLLA"":{""lat"":37.547423,""lon"":127.097424,""alt"":305},""endLLA"":{""lat"":37.557017,""lon"":127.094987,""alt"":305},""targetSpeed"":51.4,""seq"":8}","{""phase"":""G"",""startLLA"":{""lat"":37.557017,""lon"":127.094987,""alt"":305},""endLLA"":{""lat"":37.588078,""lon"":127.087099,""alt"":100},""targetSpeed"":36,""seq"":9}","{""phase"":""I"",""startLLA"":{""lat"":37.588078,""lon"":127.087099,""alt"":100},""endLLA"":{""lat"":37.596919,""lon"":127.084854,""alt"":15},""targetSpeed"":30,""seq"":10}","{""phase"":""J"",""startLLA"":{""lat"":37.596919,""lon"":127.084854,""alt"":15},""endLLA"":{""lat"":37.596919,""lon"":127.084854,""alt"":0},""targetSpeed"":10,""seq"":11}","{""phase"":""K"",""startLLA"":{""lat"":37.596919,""lon"":127.084854,""alt"":0},""endLLA"":{""lat"":37.596919,""lon"":127.084854,""alt"":0},""targetSpeed"":3,""seq"":12}",,,,,,,,,
b4a2894cba5c,2026-06-20,FPL1703008,UAM0121,a2,2,2,1,수서,수서,상암,상암,14,gate-6,fato-2,gate-8,fato-4,14:20:20,14:29:49,14:39:02,14:45:52,14:55:52,569.87,552.34,410,1532.21,89.87,0,ready,수서 > 경부고속도로 양재천 다리 > 채석장 > 180고지 > 영등포 > 선유도 17고지 > 상암,24.374,14,"{""phase"":""A"",""startLLA"":{""lat"":37.487441,""lon"":127.100603,""alt"":0},""endLLA"":{""lat"":37.487441,""lon"":127.100603,""alt"":0},""targetSpeed"":3,""seq"":1}","{""phase"":""B"",""startLLA"":{""lat"":37.487441,""lon"":127.100603,""alt"":0},""endLLA"":{""lat"":37.487441,""lon"":127.100603,""alt"":15},""targetSpeed"":10,""seq"":2}","{""phase"":""C"",""startLLA"":{""lat"":37.487441,""lon"":127.100603,""alt"":15},""endLLA"":{""lat"":37.484413,""lon"":127.087503,""alt"":100},""targetSpeed"":36,""seq"":3}","{""phase"":""E"",""startLLA"":{""lat"":37.484413,""lon"":127.087503,""alt"":100},""endLLA"":{""lat"":37.47555,""lon"":127.04915,""alt"":305},""targetSpeed"":51.4,""seq"":4}","{""phase"":""F"",""startLLA"":{""lat"":37.47555,""lon"":127.04915,""alt"":305},""endLLA"":{""lat"":37.471593,""lon"":127.032031,""alt"":305},""targetSpeed"":51.4,""seq"":5}","{""phase"":""F"",""startLLA"":{""lat"":37.471593,""lon"":127.032031,""alt"":305},""endLLA"":{""lat"":37.471285,""lon"":126.985745,""alt"":305},""targetSpeed"":51.4,""seq"":6}","{""phase"":""F"",""startLLA"":{""lat"":37.471285,""lon"":126.985745,""alt"":305},""endLLA"":{""lat"":37.492877,""lon"":126.93949,""alt"":305},""targetSpeed"":51.4,""seq"":7}","{""phase"":""F"",""startLLA"":{""lat"":37.492877,""lon"":126.93949,""alt"":305},""endLLA"":{""lat"":37.515965,""lon"":126.907756,""alt"":305},""targetSpeed"":51.4,""seq"":8}","{""phase"":""F"",""startLLA"":{""lat"":37.515965,""lon"":126.907756,""alt"":305},""endLLA"":{""lat"":37.524052,""lon"":126.906139,""alt"":305},""targetSpeed"":51.4,""seq"":9}","{""phase"":""G"",""startLLA"":{""lat"":37.524052,""lon"":126.906139,""alt"":305},""endLLA"":{""lat"":37.542307,""lon"":126.90249,""alt"":185.47},""targetSpeed"":36,""seq"":10}","{""phase"":""G"",""startLLA"":{""lat"":37.542307,""lon"":126.90249,""alt"":185.47},""endLLA"":{""lat"":37.554178,""lon"":126.89516,""alt"":100},""targetSpeed"":36,""seq"":11}","{""phase"":""I"",""startLLA"":{""lat"":37.554178,""lon"":126.89516,""alt"":100},""endLLA"":{""lat"":37.562282,""lon"":126.890156,""alt"":15},""targetSpeed"":30,""seq"":12}","{""phase"":""J"",""startLLA"":{""lat"":37.562282,""lon"":126.890156,""alt"":15},""endLLA"":{""lat"":37.562282,""lon"":126.890156,""alt"":0},""targetSpeed"":10,""seq"":13}","{""phase"":""K"",""startLLA"":{""lat"":37.562282,""lon"":126.890156,""alt"":0},""endLLA"":{""lat"":37.562282,""lon"":126.890156,""alt"":0},""targetSpeed"":3,""seq"":14}",,,,,,,
b4a2894cba5c,2026-06-20,FPL1704006,UAM0106,a2,2,2,1,수서,수서,용산,용산,14,gate-4,fato-1,gate-4,fato-3,14:31:03,14:40:03,14:48:14,14:55:04,15:05:04,540,491.46,410,1441.46,0,0,ready,수서 > 잠실대교 중간지점 > 청담대교 중간지점 > 성수대교 남단 > 주흥교 > 이수고가차로 > 상도터널 > 용산,21.2449,15,"{""phase"":""A"",""startLLA"":{""lat"":37.487441,""lon"":127.100603,""alt"":0},""endLLA"":{""lat"":37.487441,""lon"":127.100603,""alt"":0},""targetSpeed"":3,""seq"":1}","{""phase"":""B"",""startLLA"":{""lat"":37.487441,""lon"":127.100603,""alt"":0},""endLLA"":{""lat"":37.487441,""lon"":127.100603,""alt"":15},""targetSpeed"":10,""seq"":2}","{""phase"":""C"",""startLLA"":{""lat"":37.487441,""lon"":127.100603,""alt"":15},""endLLA"":{""lat"":37.498069,""lon"":127.098017,""alt"":100},""targetSpeed"":36,""seq"":3}","{""phase"":""E"",""startLLA"":{""lat"":37.498069,""lon"":127.098017,""alt"":100},""endLLA"":{""lat"":37.524288,""lon"":127.091639,""alt"":272.74},""targetSpeed"":51.4,""seq"":4}","{""phase"":""E"",""startLLA"":{""lat"":37.524288,""lon"":127.091639,""alt"":272.74},""endLLA"":{""lat"":37.524784,""lon"":127.085383,""alt"":305},""targetSpeed"":51.4,""seq"":5}","{""phase"":""F"",""startLLA"":{""lat"":37.524784,""lon"":127.085383,""alt"":305},""endLLA"":{""lat"":37.526451,""lon"":127.064361,""alt"":305},""targetSpeed"":51.4,""seq"":6}","{""phase"":""F"",""startLLA"":{""lat"":37.526451,""lon"":127.064361,""alt"":305},""endLLA"":{""lat"":37.53537,""lon"":127.034503,""alt"":305},""targetSpeed"":51.4,""seq"":7}","{""phase"":""F"",""startLLA"":{""lat"":37.53537,""lon"":127.034503,""alt"":305},""endLLA"":{""lat"":37.509486,""lon"":127.016026,""alt"":305},""targetSpeed"":51.4,""seq"":8}","{""phase"":""F"",""startLLA"":{""lat"":37.509486,""lon"":127.016026,""alt"":305},""endLLA"":{""lat"":37.497738,""lon"":126.983721,""alt"":305},""targetSpeed"":51.4,""seq"":9}","{""phase"":""F"",""startLLA"":{""lat"":37.497738,""lon"":126.983721,""alt"":305},""endLLA"":{""lat"":37.500804,""lon"":126.974867,""alt"":305},""targetSpeed"":51.4,""seq"":10}","{""phase"":""G"",""startLLA"":{""lat"":37.500804,""lon"":126.974867,""alt"":305},""endLLA"":{""lat"":37.508684,""lon"":126.95211,""alt"":177.57},""targetSpeed"":36,""seq"":11}","{""phase"":""G"",""startLLA"":{""lat"":37.508684,""lon"":126.95211,""alt"":177.57},""endLLA"":{""lat"":37.520333,""lon"":126.955695,""alt"":100},""targetSpeed"":36,""seq"":12}","{""phase"":""I"",""startLLA"":{""lat"":37.520333,""lon"":126.955695,""alt"":100},""endLLA"":{""lat"":37.529096,""lon"":126.958391,""alt"":15},""targetSpeed"":30,""seq"":13}","{""phase"":""J"",""startLLA"":{""lat"":37.529096,""lon"":126.958391,""alt"":15},""endLLA"":{""lat"":37.529096,""lon"":126.958391,""alt"":0},""targetSpeed"":10,""seq"":14}","{""phase"":""K"",""startLLA"":{""lat"":37.529096,""lon"":126.958391,""alt"":0},""endLLA"":{""lat"":37.529096,""lon"":126.958391,""alt"":0},""targetSpeed"":3,""seq"":15}",,,,,,
b4a2894cba5c,2026-06-20,FPL1707008,UAM0122,a2,2,2,1,수서,수서,봉천,봉천,14,gate-8,fato-2,gate-3,fato-3,14:31:43,14:41:28,14:47:27,14:54:47,15:04:47,585.88,359.05,440,1384.94,45.88,0,ready,수서 > 경부고속도로 양재천 다리 > 채석장 > 봉천,14.439,11,"{""phase"":""A"",""startLLA"":{""lat"":37.487441,""lon"":127.100603,""alt"":0},""endLLA"":{""lat"":37.487441,""lon"":127.100603,""alt"":0},""targetSpeed"":3,""seq"":1}","{""phase"":""B"",""startLLA"":{""lat"":37.487441,""lon"":127.100603,""alt"":0},""endLLA"":{""lat"":37.487441,""lon"":127.100603,""alt"":15},""targetSpeed"":10,""seq"":2}","{""phase"":""C"",""startLLA"":{""lat"":37.487441,""lon"":127.100603,""alt"":15},""endLLA"":{""lat"":37.484412,""lon"":127.087499,""alt"":100},""targetSpeed"":36,""seq"":3}","{""phase"":""E"",""startLLA"":{""lat"":37.484412,""lon"":127.087499,""alt"":100},""endLLA"":{""lat"":37.475546,""lon"":127.049134,""alt"":305},""targetSpeed"":51.4,""seq"":4}","{""phase"":""F"",""startLLA"":{""lat"":37.475546,""lon"":127.049134,""alt"":305},""endLLA"":{""lat"":37.471593,""lon"":127.032031,""alt"":305},""targetSpeed"":51.4,""seq"":5}","{""phase"":""F"",""startLLA"":{""lat"":37.471593,""lon"":127.032031,""alt"":305},""endLLA"":{""lat"":37.471321,""lon"":126.991206,""alt"":305},""targetSpeed"":51.4,""seq"":6}","{""phase"":""G"",""startLLA"":{""lat"":37.471321,""lon"":126.991206,""alt"":305},""endLLA"":{""lat"":37.471285,""lon"":126.985745,""alt"":276.98},""targetSpeed"":36,""seq"":7}","{""phase"":""G"",""startLLA"":{""lat"":37.471285,""lon"":126.985745,""alt"":276.98},""endLLA"":{""lat"":37.479969,""lon"":126.953031,""alt"":100},""targetSpeed"":36,""seq"":8}","{""phase"":""I"",""startLLA"":{""lat"":37.479969,""lon"":126.953031,""alt"":100},""endLLA"":{""lat"":37.482832,""lon"":126.942245,""alt"":15},""targetSpeed"":30,""seq"":9}","{""phase"":""J"",""startLLA"":{""lat"":37.482832,""lon"":126.942245,""alt"":15},""endLLA"":{""lat"":37.482832,""lon"":126.942245,""alt"":0},""targetSpeed"":10,""seq"":10}","{""phase"":""K"",""startLLA"":{""lat"":37.482832,""lon"":126.942245,""alt"":0},""endLLA"":{""lat"":37.482832,""lon"":126.942245,""alt"":0},""targetSpeed"":3,""seq"":11}",,,,,,,,,,
b4a2894cba5c,2026-06-20,FPL1714010,UAM0059,a4,4,4,1,수서,수서,가산,가산,14,gate-3,fato-1,gate-8,fato-3,14:36:23,14:46:03,14:53:59,15:00:49,15:10:49,580,476.98,410,1466.98,70,0,ready,수서 > 경부고속도로 양재천 다리 > 채석장 > 180고지 > 가산,20.5002,12,"{""phase"":""A"",""startLLA"":{""lat"":37.487441,""lon"":127.100603,""alt"":0},""endLLA"":{""lat"":37.487441,""lon"":127.100603,""alt"":0},""targetSpeed"":3,""seq"":1}","{""phase"":""B"",""startLLA"":{""lat"":37.487441,""lon"":127.100603,""alt"":0},""endLLA"":{""lat"":37.487441,""lon"":127.100603,""alt"":15},""targetSpeed"":10,""seq"":2}","{""phase"":""C"",""startLLA"":{""lat"":37.487441,""lon"":127.100603,""alt"":15},""endLLA"":{""lat"":37.484413,""lon"":127.0875,""alt"":100},""targetSpeed"":36,""seq"":3}","{""phase"":""E"",""startLLA"":{""lat"":37.484413,""lon"":127.0875,""alt"":100},""endLLA"":{""lat"":37.475547,""lon"":127.049139,""alt"":305},""targetSpeed"":51.4,""seq"":4}","{""phase"":""F"",""startLLA"":{""lat"":37.475547,""lon"":127.049139,""alt"":305},""endLLA"":{""lat"":37.471593,""lon"":127.032031,""alt"":305},""targetSpeed"":51.4,""seq"":5}","{""phase"":""F"",""startLLA"":{""lat"":37.471593,""lon"":127.032031,""alt"":305},""endLLA"":{""lat"":37.471285,""lon"":126.985745,""alt"":305},""targetSpeed"":51.4,""seq"":6}","{""phase"":""F"",""startLLA"":{""lat"":37.471285,""lon"":126.985745,""alt"":305},""endLLA"":{""lat"":37.492877,""lon"":126.93949,""alt"":305},""targetSpeed"":51.4,""seq"":7}","{""phase"":""F"",""startLLA"":{""lat"":37.492877,""lon"":126.93949,""alt"":305},""endLLA"":{""lat"":37.492284,""lon"":126.929987,""alt"":305},""targetSpeed"":51.4,""seq"":8}","{""phase"":""G"",""startLLA"":{""lat"":37.492284,""lon"":126.929987,""alt"":305},""endLLA"":{""lat"":37.489799,""lon"":126.890149,""alt"":100},""targetSpeed"":36,""seq"":9}","{""phase"":""I"",""startLLA"":{""lat"":37.489799,""lon"":126.890149,""alt"":100},""endLLA"":{""lat"":37.489091,""lon"":126.878809,""alt"":15},""targetSpeed"":30,""seq"":10}","{""phase"":""J"",""startLLA"":{""lat"":37.489091,""lon"":126.878809,""alt"":15},""endLLA"":{""lat"":37.489091,""lon"":126.878809,""alt"":0},""targetSpeed"":10,""seq"":11}","{""phase"":""K"",""startLLA"":{""lat"":37.489091,""lon"":126.878809,""alt"":0},""endLLA"":{""lat"":37.489091,""lon"":126.878809,""alt"":0},""targetSpeed"":3,""seq"":12}",,,,,,,,,
b4a2894cba5c,2026-06-20,FPL1705014,UAM0049,a2,2,2,1,수서,수서,목동,목동,14,gate-7,fato-1,gate-4,fato-3,14:44:09,14:52:39,15:01:04,15:07:54,15:17:54,510,505.01,410,1425.01,0,0,ready,수서 > 경부고속도로 양재천 다리 > 채석장 > 180고지 > 영등포 > 목동,21.941,13,"{""phase"":""A"",""startLLA"":{""lat"":37.487441,""lon"":127.100603,""alt"":0},""endLLA"":{""lat"":37.487441,""lon"":127.100603,""alt"":0},""targetSpeed"":3,""seq"":1}","{""phase"":""B"",""startLLA"":{""lat"":37.487441,""lon"":127.100603,""alt"":0},""endLLA"":{""lat"":37.487441,""lon"":127.100603,""alt"":15},""targetSpeed"":10,""seq"":2}","{""phase"":""C"",""startLLA"":{""lat"":37.487441,""lon"":127.100603,""alt"":15},""endLLA"":{""lat"":37.484413,""lon"":127.087502,""alt"":100},""targetSpeed"":36,""seq"":3}","{""phase"":""E"",""startLLA"":{""lat"":37.484413,""lon"":127.087502,""alt"":100},""endLLA"":{""lat"":37.475548,""lon"":127.049146,""alt"":305},""targetSpeed"":51.4,""seq"":4}","{""phase"":""F"",""startLLA"":{""lat"":37.475548,""lon"":127.049146,""alt"":305},""endLLA"":{""lat"":37.471593,""lon"":127.032031,""alt"":305},""targetSpeed"":51.4,""seq"":5}","{""phase"":""F"",""startLLA"":{""lat"":37.471593,""lon"":127.032031,""alt"":305},""endLLA"":{""lat"":37.471285,""lon"":126.985745,""alt"":305},""targetSpeed"":51.4,""seq"":6}","{""phase"":""F"",""startLLA"":{""lat"":37.471285,""lon"":126.985745,""alt"":305},""endLLA"":{""lat"":37.492877,""lon"":126.93949,""alt"":305},""targetSpeed"":51.4,""seq"":7}","{""phase"":""F"",""startLLA"":{""lat"":37.492877,""lon"":126.93949,""alt"":305},""endLLA"":{""lat"":37.506729,""lon"":126.92045,""alt"":305},""targetSpeed"":51.4,""seq"":8}","{""phase"":""G"",""startLLA"":{""lat"":37.506729,""lon"":126.92045,""alt"":305},""endLLA"":{""lat"":37.515965,""lon"":126.907756,""alt"":216.64},""targetSpeed"":36,""seq"":9}","{""phase"":""G"",""startLLA"":{""lat"":37.515965,""lon"":126.907756,""alt"":216.64},""endLLA"":{""lat"":37.522882,""lon"":126.886751,""alt"":100},""targetSpeed"":36,""seq"":10}","{""phase"":""I"",""startLLA"":{""lat"":37.522882,""lon"":126.886751,""alt"":100},""endLLA"":{""lat"":37.526343,""lon"":126.876243,""alt"":15},""targetSpeed"":30,""seq"":11}","{""phase"":""J"",""startLLA"":{""lat"":37.526343,""lon"":126.876243,""alt"":15},""endLLA"":{""lat"":37.526343,""lon"":126.876243,""alt"":0},""targetSpeed"":10,""seq"":12}","{""phase"":""K"",""startLLA"":{""lat"":37.526343,""lon"":126.876243,""alt"":0},""endLLA"":{""lat"":37.526343,""lon"":126.876243,""alt"":0},""targetSpeed"":3,""seq"":13}",,,,,,,,
b4a2894cba5c,2026-06-20,FPL1712009,UAM0016,a8,8,2,0.25,수서,수서,광화문,광화문,14,gate-2,fato-2,gate-3,fato-4,14:46:24,14:54:24,15:02:37,15:10:08,15:20:08,480,493.05,451.84,1424.89,0,11.84,ready,수서 > 잠실대교 중간지점 > 청담대교 중간지점 > 성수대교 남단 > 왕십리역 > 청량리 > 신설동역 > 광화문,21.5406,15,"{""phase"":""A"",""startLLA"":{""lat"":37.487441,""lon"":127.100603,""alt"":0},""endLLA"":{""lat"":37.487441,""lon"":127.100603,""alt"":0},""targetSpeed"":3,""seq"":1}","{""phase"":""B"",""startLLA"":{""lat"":37.487441,""lon"":127.100603,""alt"":0},""endLLA"":{""lat"":37.487441,""lon"":127.100603,""alt"":15},""targetSpeed"":10,""seq"":2}","{""phase"":""C"",""startLLA"":{""lat"":37.487441,""lon"":127.100603,""alt"":15},""endLLA"":{""lat"":37.498186,""lon"":127.097989,""alt"":100},""targetSpeed"":36,""seq"":3}","{""phase"":""E"",""startLLA"":{""lat"":37.498186,""lon"":127.097989,""alt"":100},""endLLA"":{""lat"":37.524288,""lon"":127.091639,""alt"":270.1},""targetSpeed"":51.4,""seq"":4}","{""phase"":""E"",""startLLA"":{""lat"":37.524288,""lon"":127.091639,""alt"":270.1},""endLLA"":{""lat"":37.524831,""lon"":127.084797,""alt"":305},""targetSpeed"":51.4,""seq"":5}","{""phase"":""F"",""startLLA"":{""lat"":37.524831,""lon"":127.084797,""alt"":305},""endLLA"":{""lat"":37.526451,""lon"":127.064361,""alt"":305},""targetSpeed"":51.4,""seq"":6}","{""phase"":""F"",""startLLA"":{""lat"":37.526451,""lon"":127.064361,""alt"":305},""endLLA"":{""lat"":37.53537,""lon"":127.034503,""alt"":305},""targetSpeed"":51.4,""seq"":7}","{""phase"":""F"",""startLLA"":{""lat"":37.53537,""lon"":127.034503,""alt"":305},""endLLA"":{""lat"":37.561925,""lon"":127.038491,""alt"":305},""targetSpeed"":51.4,""seq"":8}","{""phase"":""F"",""startLLA"":{""lat"":37.561925,""lon"":127.038491,""alt"":305},""endLLA"":{""lat"":37.581542,""lon"":127.048947,""alt"":305},""targetSpeed"":51.4,""seq"":9}","{""phase"":""F"",""startLLA"":{""lat"":37.581542,""lon"":127.048947,""alt"":305},""endLLA"":{""lat"":37.575947,""lon"":127.024779,""alt"":305},""targetSpeed"":51.4,""seq"":10}","{""phase"":""G"",""startLLA"":{""lat"":37.575947,""lon"":127.024779,""alt"":305},""endLLA"":{""lat"":37.575658,""lon"":127.02353,""alt"":298.4},""targetSpeed"":36,""seq"":11}","{""phase"":""G"",""startLLA"":{""lat"":37.575658,""lon"":127.02353,""alt"":298.4},""endLLA"":{""lat"":37.570521,""lon"":126.984951,""alt"":100},""targetSpeed"":36,""seq"":12}","{""phase"":""I"",""startLLA"":{""lat"":37.570521,""lon"":126.984951,""alt"":100},""endLLA"":{""lat"":37.56901,""lon"":126.973604,""alt"":15},""targetSpeed"":30,""seq"":13}","{""phase"":""J"",""startLLA"":{""lat"":37.56901,""lon"":126.973604,""alt"":15},""endLLA"":{""lat"":37.56901,""lon"":126.973604,""alt"":0},""targetSpeed"":10,""seq"":14}","{""phase"":""K"",""startLLA"":{""lat"":37.56901,""lon"":126.973604,""alt"":0},""endLLA"":{""lat"":37.56901,""lon"":126.973604,""alt"":0},""targetSpeed"":3,""seq"":15}",,,,,,
b4a2894cba5c,2026-06-20,FPL1715011,UAM0014,a6,6,2,0.3333,수서,수서,마곡,마곡,14,gate-4,fato-1,gate-4,fato-3,14:55:10,15:04:10,15:19:54,15:26:44,15:36:44,540,944,410,1894,0,110,ready,수서 > 경부고속도로 양재천 다리 > 채석장 > 180고지 > 영등포 > 목동교 > 염창교 > 가양대교 남단 > 마곡,32.4201,16,"{""phase"":""A"",""startLLA"":{""lat"":37.487441,""lon"":127.100603,""alt"":0},""endLLA"":{""lat"":37.487441,""lon"":127.100603,""alt"":0},""targetSpeed"":3,""seq"":1}","{""phase"":""B"",""startLLA"":{""lat"":37.487441,""lon"":127.100603,""alt"":0},""endLLA"":{""lat"":37.487441,""lon"":127.100603,""alt"":15},""targetSpeed"":10,""seq"":2}","{""phase"":""C"",""startLLA"":{""lat"":37.487441,""lon"":127.100603,""alt"":15},""endLLA"":{""lat"":37.484414,""lon"":127.087505,""alt"":100},""targetSpeed"":36,""seq"":3}","{""phase"":""E"",""startLLA"":{""lat"":37.484414,""lon"":127.087505,""alt"":100},""endLLA"":{""lat"":37.475552,""lon"":127.04916,""alt"":305},""targetSpeed"":51.4,""seq"":4}","{""phase"":""F"",""startLLA"":{""lat"":37.475552,""lon"":127.04916,""alt"":305},""endLLA"":{""lat"":37.471593,""lon"":127.032031,""alt"":305},""targetSpeed"":51.4,""seq"":5}","{""phase"":""F"",""startLLA"":{""lat"":37.471593,""lon"":127.032031,""alt"":305},""endLLA"":{""lat"":37.471285,""lon"":126.985745,""alt"":305},""targetSpeed"":51.4,""seq"":6}","{""phase"":""F"",""startLLA"":{""lat"":37.471285,""lon"":126.985745,""alt"":305},""endLLA"":{""lat"":37.492877,""lon"":126.93949,""alt"":305},""targetSpeed"":51.4,""seq"":7}","{""phase"":""F"",""startLLA"":{""lat"":37.492877,""lon"":126.93949,""alt"":305},""endLLA"":{""lat"":37.515965,""lon"":126.907756,""alt"":305},""targetSpeed"":51.4,""seq"":8}","{""phase"":""F"",""startLLA"":{""lat"":37.515965,""lon"":126.907756,""alt"":305},""endLLA"":{""lat"":37.530667,""lon"":126.888262,""alt"":305},""targetSpeed"":51.4,""seq"":9}","{""phase"":""F"",""startLLA"":{""lat"":37.530667,""lon"":126.888262,""alt"":305},""endLLA"":{""lat"":37.553824,""lon"":126.875819,""alt"":305},""targetSpeed"":51.4,""seq"":10}","{""phase"":""F"",""startLLA"":{""lat"":37.553824,""lon"":126.875819,""alt"":305},""endLLA"":{""lat"":37.569391,""lon"":126.861026,""alt"":305},""targetSpeed"":51.4,""seq"":11}","{""phase"":""F"",""startLLA"":{""lat"":37.569391,""lon"":126.861026,""alt"":305},""endLLA"":{""lat"":37.567856,""lon"":126.842881,""alt"":305},""targetSpeed"":51.4,""seq"":12}","{""phase"":""G"",""startLLA"":{""lat"":37.567856,""lon"":126.842881,""alt"":305},""endLLA"":{""lat"":37.564492,""lon"":126.803122,""alt"":100},""targetSpeed"":36,""seq"":13}","{""phase"":""I"",""startLLA"":{""lat"":37.564492,""lon"":126.803122,""alt"":100},""endLLA"":{""lat"":37.563535,""lon"":126.791805,""alt"":15},""targetSpeed"":30,""seq"":14}","{""phase"":""J"",""startLLA"":{""lat"":37.563535,""lon"":126.791805,""alt"":15},""endLLA"":{""lat"":37.563535,""lon"":126.791805,""alt"":0},""targetSpeed"":10,""seq"":15}","{""phase"":""K"",""startLLA"":{""lat"":37.563535,""lon"":126.791805,""alt"":0},""endLLA"":{""lat"":37.563535,""lon"":126.791805,""alt"":0},""targetSpeed"":3,""seq"":16}",,,,,
b4a2894cba5c,2026-06-20,FPL1716012,UAM0030,a6,6,2,0.3333,수서,수서,망우,망우,14,gate-8,fato-2,gate-4,fato-3,14:56:25,15:05:25,15:19:54,15:26:44,15:36:44,540,869,410,1819,0,110,ready,수서 > 잠실대교 중간지점 > 천호대교 중간지점 > 아차산 고가차도 > 망우,13.9617,12,"{""phase"":""A"",""startLLA"":{""lat"":37.487441,""lon"":127.100603,""alt"":0},""endLLA"":{""lat"":37.487441,""lon"":127.100603,""alt"":0},""targetSpeed"":3,""seq"":1}","{""phase"":""B"",""startLLA"":{""lat"":37.487441,""lon"":127.100603,""alt"":0},""endLLA"":{""lat"":37.487441,""lon"":127.100603,""alt"":15},""targetSpeed"":10,""seq"":2}","{""phase"":""C"",""startLLA"":{""lat"":37.487441,""lon"":127.100603,""alt"":15},""endLLA"":{""lat"":37.498067,""lon"":127.098018,""alt"":100},""targetSpeed"":36,""seq"":3}","{""phase"":""E"",""startLLA"":{""lat"":37.498067,""lon"":127.098018,""alt"":100},""endLLA"":{""lat"":37.524288,""lon"":127.091639,""alt"":272.79},""targetSpeed"":51.4,""seq"":4}","{""phase"":""E"",""startLLA"":{""lat"":37.524288,""lon"":127.091639,""alt"":272.79},""endLLA"":{""lat"":37.528015,""lon"":127.095801,""alt"":305},""targetSpeed"":51.4,""seq"":5}","{""phase"":""F"",""startLLA"":{""lat"":37.528015,""lon"":127.095801,""alt"":305},""endLLA"":{""lat"":37.5428,""lon"":127.112312,""alt"":305},""targetSpeed"":51.4,""seq"":6}","{""phase"":""F"",""startLLA"":{""lat"":37.5428,""lon"":127.112312,""alt"":305},""endLLA"":{""lat"":37.547423,""lon"":127.097424,""alt"":305},""targetSpeed"":51.4,""seq"":7}","{""phase"":""F"",""startLLA"":{""lat"":37.547423,""lon"":127.097424,""alt"":305},""endLLA"":{""lat"":37.557017,""lon"":127.094987,""alt"":305},""targetSpeed"":51.4,""seq"":8}","{""phase"":""G"",""startLLA"":{""lat"":37.557017,""lon"":127.094987,""alt"":305},""endLLA"":{""lat"":37.588078,""lon"":127.087099,""alt"":100},""targetSpeed"":36,""seq"":9}","{""phase"":""I"",""startLLA"":{""lat"":37.588078,""lon"":127.087099,""alt"":100},""endLLA"":{""lat"":37.596919,""lon"":127.084854,""alt"":15},""targetSpeed"":30,""seq"":10}","{""phase"":""J"",""startLLA"":{""lat"":37.596919,""lon"":127.084854,""alt"":15},""endLLA"":{""lat"":37.596919,""lon"":127.084854,""alt"":0},""targetSpeed"":10,""seq"":11}","{""phase"":""K"",""startLLA"":{""lat"":37.596919,""lon"":127.084854,""alt"":0},""endLLA"":{""lat"":37.596919,""lon"":127.084854,""alt"":0},""targetSpeed"":3,""seq"":12}",,,,,,,,,
b4a2894cba5c,2026-06-20,FPL1710007,UAM0099,a4,4,4,1,수서,수서,연신내,연신내,15,gate-3,fato-1,gate-4,fato-3,15:00:30,15:10:10,15:21:39,15:28:29,15:38:29,580,689.51,410,1679.51,70,0,ready,수서 > 경부고속도로 양재천 다리 > 채석장 > 180고지 > 영등포 > 선유도 17고지 > 성산대교 중간지점 > 수색교 > 연신내,31.4243,16,"{""phase"":""A"",""startLLA"":{""lat"":37.487441,""lon"":127.100603,""alt"":0},""endLLA"":{""lat"":37.487441,""lon"":127.100603,""alt"":0},""targetSpeed"":3,""seq"":1}","{""phase"":""B"",""startLLA"":{""lat"":37.487441,""lon"":127.100603,""alt"":0},""endLLA"":{""lat"":37.487441,""lon"":127.100603,""alt"":15},""targetSpeed"":10,""seq"":2}","{""phase"":""C"",""startLLA"":{""lat"":37.487441,""lon"":127.100603,""alt"":15},""endLLA"":{""lat"":37.484414,""lon"":127.087505,""alt"":100},""targetSpeed"":36,""seq"":3}","{""phase"":""E"",""startLLA"":{""lat"":37.484414,""lon"":127.087505,""alt"":100},""endLLA"":{""lat"":37.475552,""lon"":127.049159,""alt"":305},""targetSpeed"":51.4,""seq"":4}","{""phase"":""F"",""startLLA"":{""lat"":37.475552,""lon"":127.049159,""alt"":305},""endLLA"":{""lat"":37.471593,""lon"":127.032031,""alt"":305},""targetSpeed"":51.4,""seq"":5}","{""phase"":""F"",""startLLA"":{""lat"":37.471593,""lon"":127.032031,""alt"":305},""endLLA"":{""lat"":37.471285,""lon"":126.985745,""alt"":305},""targetSpeed"":51.4,""seq"":6}","{""phase"":""F"",""startLLA"":{""lat"":37.471285,""lon"":126.985745,""alt"":305},""endLLA"":{""lat"":37.492877,""lon"":126.93949,""alt"":305},""targetSpeed"":51.4,""seq"":7}","{""phase"":""F"",""startLLA"":{""lat"":37.492877,""lon"":126.93949,""alt"":305},""endLLA"":{""lat"":37.515965,""lon"":126.907756,""alt"":305},""targetSpeed"":51.4,""seq"":8}","{""phase"":""F"",""startLLA"":{""lat"":37.515965,""lon"":126.907756,""alt"":305},""endLLA"":{""lat"":37.542307,""lon"":126.90249,""alt"":305},""targetSpeed"":51.4,""seq"":9}","{""phase"":""F"",""startLLA"":{""lat"":37.542307,""lon"":126.90249,""alt"":305},""endLLA"":{""lat"":37.552574,""lon"":126.891431,""alt"":305},""targetSpeed"":51.4,""seq"":10}","{""phase"":""F"",""startLLA"":{""lat"":37.552574,""lon"":126.891431,""alt"":305},""endLLA"":{""lat"":37.583689,""lon"":126.886699,""alt"":305},""targetSpeed"":51.4,""seq"":11}","{""phase"":""G"",""startLLA"":{""lat"":37.583689,""lon"":126.886699,""alt"":305},""endLLA"":{""lat"":37.586283,""lon"":126.886304,""alt"":288.1},""targetSpeed"":36,""seq"":12}","{""phase"":""G"",""startLLA"":{""lat"":37.586283,""lon"":126.886304,""alt"":288.1},""endLLA"":{""lat"":37.605258,""lon"":126.914118,""alt"":100},""targetSpeed"":36,""seq"":13}","{""phase"":""I"",""startLLA"":{""lat"":37.605258,""lon"":126.914118,""alt"":100},""endLLA"":{""lat"":37.611145,""lon"":126.922747,""alt"":15},""targetSpeed"":30,""seq"":14}","{""phase"":""J"",""startLLA"":{""lat"":37.611145,""lon"":126.922747,""alt"":15},""endLLA"":{""lat"":37.611145,""lon"":126.922747,""alt"":0},""targetSpeed"":10,""seq"":15}","{""phase"":""K"",""startLLA"":{""lat"":37.611145,""lon"":126.922747,""alt"":0},""endLLA"":{""lat"":37.611145,""lon"":126.922747,""alt"":0},""targetSpeed"":3,""seq"":16}",,,,,
b4a2894cba5c,2026-06-20,FPL1714011,UAM0081,a2,2,2,1,수서,수서,가산,가산,15,gate-7,fato-2,gate-3,fato-3,15:05:30,15:14:00,15:22:37,15:29:57,15:39:57,510,517.49,440,1467.49,0,40.51,ready,수서 > 경부고속도로 양재천 다리 > 채석장 > 180고지 > 가산,20.5002,12,"{""phase"":""A"",""startLLA"":{""lat"":37.487441,""lon"":127.100603,""alt"":0},""endLLA"":{""lat"":37.487441,""lon"":127.100603,""alt"":0},""targetSpeed"":3,""seq"":1}","{""phase"":""B"",""startLLA"":{""lat"":37.487441,""lon"":127.100603,""alt"":0},""endLLA"":{""lat"":37.487441,""lon"":127.100603,""alt"":15},""targetSpeed"":10,""seq"":2}","{""phase"":""C"",""startLLA"":{""lat"":37.487441,""lon"":127.100603,""alt"":15},""endLLA"":{""lat"":37.484413,""lon"":127.0875,""alt"":100},""targetSpeed"":36,""seq"":3}","{""phase"":""E"",""startLLA"":{""lat"":37.484413,""lon"":127.0875,""alt"":100},""endLLA"":{""lat"":37.475547,""lon"":127.049139,""alt"":305},""targetSpeed"":51.4,""seq"":4}","{""phase"":""F"",""startLLA"":{""lat"":37.475547,""lon"":127.049139,""alt"":305},""endLLA"":{""lat"":37.471593,""lon"":127.032031,""alt"":305},""targetSpeed"":51.4,""seq"":5}","{""phase"":""F"",""startLLA"":{""lat"":37.471593,""lon"":127.032031,""alt"":305},""endLLA"":{""lat"":37.471285,""lon"":126.985745,""alt"":305},""targetSpeed"":51.4,""seq"":6}","{""phase"":""F"",""startLLA"":{""lat"":37.471285,""lon"":126.985745,""alt"":305},""endLLA"":{""lat"":37.492877,""lon"":126.93949,""alt"":305},""targetSpeed"":51.4,""seq"":7}","{""phase"":""F"",""startLLA"":{""lat"":37.492877,""lon"":126.93949,""alt"":305},""endLLA"":{""lat"":37.492284,""lon"":126.929987,""alt"":305},""targetSpeed"":51.4,""seq"":8}","{""phase"":""G"",""startLLA"":{""lat"":37.492284,""lon"":126.929987,""alt"":305},""endLLA"":{""lat"":37.489799,""lon"":126.890149,""alt"":100},""targetSpeed"":36,""seq"":9}","{""phase"":""I"",""startLLA"":{""lat"":37.489799,""lon"":126.890149,""alt"":100},""endLLA"":{""lat"":37.489091,""lon"":126.878809,""alt"":15},""targetSpeed"":30,""seq"":10}","{""phase"":""J"",""startLLA"":{""lat"":37.489091,""lon"":126.878809,""alt"":15},""endLLA"":{""lat"":37.489091,""lon"":126.878809,""alt"":0},""targetSpeed"":10,""seq"":11}","{""phase"":""K"",""startLLA"":{""lat"":37.489091,""lon"":126.878809,""alt"":0},""endLLA"":{""lat"":37.489091,""lon"":126.878809,""alt"":0},""targetSpeed"":3,""seq"":12}",,,,,,,,,
b4a2894cba5c,2026-06-20,FPL1716013,UAM0050,a2,2,2,1,수서,수서,망우,망우,15,gate-2,fato-1,gate-2,fato-3,15:11:44,15:19:44,15:29:34,15:37:24,15:47:24,480,590,470,1540,0,58,ready,수서 > 잠실대교 중간지점 > 천호대교 중간지점 > 아차산 고가차도 > 망우,13.9617,12,"{""phase"":""A"",""startLLA"":{""lat"":37.487441,""lon"":127.100603,""alt"":0},""endLLA"":{""lat"":37.487441,""lon"":127.100603,""alt"":0},""targetSpeed"":3,""seq"":1}","{""phase"":""B"",""startLLA"":{""lat"":37.487441,""lon"":127.100603,""alt"":0},""endLLA"":{""lat"":37.487441,""lon"":127.100603,""alt"":15},""targetSpeed"":10,""seq"":2}","{""phase"":""C"",""startLLA"":{""lat"":37.487441,""lon"":127.100603,""alt"":15},""endLLA"":{""lat"":37.498067,""lon"":127.098018,""alt"":100},""targetSpeed"":36,""seq"":3}","{""phase"":""E"",""startLLA"":{""lat"":37.498067,""lon"":127.098018,""alt"":100},""endLLA"":{""lat"":37.524288,""lon"":127.091639,""alt"":272.79},""targetSpeed"":51.4,""seq"":4}","{""phase"":""E"",""startLLA"":{""lat"":37.524288,""lon"":127.091639,""alt"":272.79},""endLLA"":{""lat"":37.528015,""lon"":127.095801,""alt"":305},""targetSpeed"":51.4,""seq"":5}","{""phase"":""F"",""startLLA"":{""lat"":37.528015,""lon"":127.095801,""alt"":305},""endLLA"":{""lat"":37.5428,""lon"":127.112312,""alt"":305},""targetSpeed"":51.4,""seq"":6}","{""phase"":""F"",""startLLA"":{""lat"":37.5428,""lon"":127.112312,""alt"":305},""endLLA"":{""lat"":37.547423,""lon"":127.097424,""alt"":305},""targetSpeed"":51.4,""seq"":7}","{""phase"":""F"",""startLLA"":{""lat"":37.547423,""lon"":127.097424,""alt"":305},""endLLA"":{""lat"":37.557017,""lon"":127.094987,""alt"":305},""targetSpeed"":51.4,""seq"":8}","{""phase"":""G"",""startLLA"":{""lat"":37.557017,""lon"":127.094987,""alt"":305},""endLLA"":{""lat"":37.588078,""lon"":127.087099,""alt"":100},""targetSpeed"":36,""seq"":9}","{""phase"":""I"",""startLLA"":{""lat"":37.588078,""lon"":127.087099,""alt"":100},""endLLA"":{""lat"":37.596919,""lon"":127.084854,""alt"":15},""targetSpeed"":30,""seq"":10}","{""phase"":""J"",""startLLA"":{""lat"":37.596919,""lon"":127.084854,""alt"":15},""endLLA"":{""lat"":37.596919,""lon"":127.084854,""alt"":0},""targetSpeed"":10,""seq"":11}","{""phase"":""K"",""startLLA"":{""lat"":37.596919,""lon"":127.084854,""alt"":0},""endLLA"":{""lat"":37.596919,""lon"":127.084854,""alt"":0},""targetSpeed"":3,""seq"":12}",,,,,,,,,
b4a2894cba5c,2026-06-20,FPL1703009,UAM0027,a4,4,4,1,수서,수서,상암,상암,15,gate-4,fato-1,gate-4,fato-3,15:18:28,15:27:28,15:36:40,15:43:30,15:53:30,540,552.34,410,1502.34,0,0,ready,수서 > 경부고속도로 양재천 다리 > 채석장 > 180고지 > 영등포 > 선유도 17고지 > 상암,24.374,14,"{""phase"":""A"",""startLLA"":{""lat"":37.487441,""lon"":127.100603,""alt"":0},""endLLA"":{""lat"":37.487441,""lon"":127.100603,""alt"":0},""targetSpeed"":3,""seq"":1}","{""phase"":""B"",""startLLA"":{""lat"":37.487441,""lon"":127.100603,""alt"":0},""endLLA"":{""lat"":37.487441,""lon"":127.100603,""alt"":15},""targetSpeed"":10,""seq"":2}","{""phase"":""C"",""startLLA"":{""lat"":37.487441,""lon"":127.100603,""alt"":15},""endLLA"":{""lat"":37.484413,""lon"":127.087503,""alt"":100},""targetSpeed"":36,""seq"":3}","{""phase"":""E"",""startLLA"":{""lat"":37.484413,""lon"":127.087503,""alt"":100},""endLLA"":{""lat"":37.47555,""lon"":127.04915,""alt"":305},""targetSpeed"":51.4,""seq"":4}","{""phase"":""F"",""startLLA"":{""lat"":37.47555,""lon"":127.04915,""alt"":305},""endLLA"":{""lat"":37.471593,""lon"":127.032031,""alt"":305},""targetSpeed"":51.4,""seq"":5}","{""phase"":""F"",""startLLA"":{""lat"":37.471593,""lon"":127.032031,""alt"":305},""endLLA"":{""lat"":37.471285,""lon"":126.985745,""alt"":305},""targetSpeed"":51.4,""seq"":6}","{""phase"":""F"",""startLLA"":{""lat"":37.471285,""lon"":126.985745,""alt"":305},""endLLA"":{""lat"":37.492877,""lon"":126.93949,""alt"":305},""targetSpeed"":51.4,""seq"":7}","{""phase"":""F"",""startLLA"":{""lat"":37.492877,""lon"":126.93949,""alt"":305},""endLLA"":{""lat"":37.515965,""lon"":126.907756,""alt"":305},""targetSpeed"":51.4,""seq"":8}","{""phase"":""F"",""startLLA"":{""lat"":37.515965,""lon"":126.907756,""alt"":305},""endLLA"":{""lat"":37.524052,""lon"":126.906139,""alt"":305},""targetSpeed"":51.4,""seq"":9}","{""phase"":""G"",""startLLA"":{""lat"":37.524052,""lon"":126.906139,""alt"":305},""endLLA"":{""lat"":37.542307,""lon"":126.90249,""alt"":185.47},""targetSpeed"":36,""seq"":10}","{""phase"":""G"",""startLLA"":{""lat"":37.542307,""lon"":126.90249,""alt"":185.47},""endLLA"":{""lat"":37.554178,""lon"":126.89516,""alt"":100},""targetSpeed"":36,""seq"":11}","{""phase"":""I"",""startLLA"":{""lat"":37.554178,""lon"":126.89516,""alt"":100},""endLLA"":{""lat"":37.562282,""lon"":126.890156,""alt"":15},""targetSpeed"":30,""seq"":12}","{""phase"":""J"",""startLLA"":{""lat"":37.562282,""lon"":126.890156,""alt"":15},""endLLA"":{""lat"":37.562282,""lon"":126.890156,""alt"":0},""targetSpeed"":10,""seq"":13}","{""phase"":""K"",""startLLA"":{""lat"":37.562282,""lon"":126.890156,""alt"":0},""endLLA"":{""lat"":37.562282,""lon"":126.890156,""alt"":0},""targetSpeed"":3,""seq"":14}",,,,,,,
b4a2894cba5c,2026-06-20,FPL1715012,UAM0085,a6,6,6,1,수서,수서,마곡,마곡,15,gate-8,fato-2,gate-4,fato-3,15:19:08,15:28:08,15:39:56,15:46:46,15:56:46,540,708.88,410,1658.88,0,0,ready,수서 > 경부고속도로 양재천 다리 > 채석장 > 180고지 > 영등포 > 목동교 > 염창교 > 가양대교 남단 > 마곡,32.4201,16,"{""phase"":""A"",""startLLA"":{""lat"":37.487441,""lon"":127.100603,""alt"":0},""endLLA"":{""lat"":37.487441,""lon"":127.100603,""alt"":0},""targetSpeed"":3,""seq"":1}","{""phase"":""B"",""startLLA"":{""lat"":37.487441,""lon"":127.100603,""alt"":0},""endLLA"":{""lat"":37.487441,""lon"":127.100603,""alt"":15},""targetSpeed"":10,""seq"":2}","{""phase"":""C"",""startLLA"":{""lat"":37.487441,""lon"":127.100603,""alt"":15},""endLLA"":{""lat"":37.484414,""lon"":127.087505,""alt"":100},""targetSpeed"":36,""seq"":3}","{""phase"":""E"",""startLLA"":{""lat"":37.484414,""lon"":127.087505,""alt"":100},""endLLA"":{""lat"":37.475552,""lon"":127.04916,""alt"":305},""targetSpeed"":51.4,""seq"":4}","{""phase"":""F"",""startLLA"":{""lat"":37.475552,""lon"":127.04916,""alt"":305},""endLLA"":{""lat"":37.471593,""lon"":127.032031,""alt"":305},""targetSpeed"":51.4,""seq"":5}","{""phase"":""F"",""startLLA"":{""lat"":37.471593,""lon"":127.032031,""alt"":305},""endLLA"":{""lat"":37.471285,""lon"":126.985745,""alt"":305},""targetSpeed"":51.4,""seq"":6}","{""phase"":""F"",""startLLA"":{""lat"":37.471285,""lon"":126.985745,""alt"":305},""endLLA"":{""lat"":37.492877,""lon"":126.93949,""alt"":305},""targetSpeed"":51.4,""seq"":7}","{""phase"":""F"",""startLLA"":{""lat"":37.492877,""lon"":126.93949,""alt"":305},""endLLA"":{""lat"":37.515965,""lon"":126.907756,""alt"":305},""targetSpeed"":51.4,""seq"":8}","{""phase"":""F"",""startLLA"":{""lat"":37.515965,""lon"":126.907756,""alt"":305},""endLLA"":{""lat"":37.530667,""lon"":126.888262,""alt"":305},""targetSpeed"":51.4,""seq"":9}","{""phase"":""F"",""startLLA"":{""lat"":37.530667,""lon"":126.888262,""alt"":305},""endLLA"":{""lat"":37.553824,""lon"":126.875819,""alt"":305},""targetSpeed"":51.4,""seq"":10}","{""phase"":""F"",""startLLA"":{""lat"":37.553824,""lon"":126.875819,""alt"":305},""endLLA"":{""lat"":37.569391,""lon"":126.861026,""alt"":305},""targetSpeed"":51.4,""seq"":11}","{""phase"":""F"",""startLLA"":{""lat"":37.569391,""lon"":126.861026,""alt"":305},""endLLA"":{""lat"":37.567856,""lon"":126.842881,""alt"":305},""targetSpeed"":51.4,""seq"":12}","{""phase"":""G"",""startLLA"":{""lat"":37.567856,""lon"":126.842881,""alt"":305},""endLLA"":{""lat"":37.564492,""lon"":126.803122,""alt"":100},""targetSpeed"":36,""seq"":13}","{""phase"":""I"",""startLLA"":{""lat"":37.564492,""lon"":126.803122,""alt"":100},""endLLA"":{""lat"":37.563535,""lon"":126.791805,""alt"":15},""targetSpeed"":30,""seq"":14}","{""phase"":""J"",""startLLA"":{""lat"":37.563535,""lon"":126.791805,""alt"":15},""endLLA"":{""lat"":37.563535,""lon"":126.791805,""alt"":0},""targetSpeed"":10,""seq"":15}","{""phase"":""K"",""startLLA"":{""lat"":37.563535,""lon"":126.791805,""alt"":0},""endLLA"":{""lat"":37.563535,""lon"":126.791805,""alt"":0},""targetSpeed"":3,""seq"":16}",,,,,
b4a2894cba5c,2026-06-20,FPL1705015,UAM0133,a6,6,5,0.8333,수서,수서,목동,목동,15,gate-3,fato-1,gate-1,fato-3,15:23:48,15:33:28,15:43:34,15:51:54,16:01:54,580,606.7,500,1686.7,70,101.69,ready,수서 > 경부고속도로 양재천 다리 > 채석장 > 180고지 > 영등포 > 목동,21.941,13,"{""phase"":""A"",""startLLA"":{""lat"":37.487441,""lon"":127.100603,""alt"":0},""endLLA"":{""lat"":37.487441,""lon"":127.100603,""alt"":0},""targetSpeed"":3,""seq"":1}","{""phase"":""B"",""startLLA"":{""lat"":37.487441,""lon"":127.100603,""alt"":0},""endLLA"":{""lat"":37.487441,""lon"":127.100603,""alt"":15},""targetSpeed"":10,""seq"":2}","{""phase"":""C"",""startLLA"":{""lat"":37.487441,""lon"":127.100603,""alt"":15},""endLLA"":{""lat"":37.484413,""lon"":127.087502,""alt"":100},""targetSpeed"":36,""seq"":3}","{""phase"":""E"",""startLLA"":{""lat"":37.484413,""lon"":127.087502,""alt"":100},""endLLA"":{""lat"":37.475548,""lon"":127.049146,""alt"":305},""targetSpeed"":51.4,""seq"":4}","{""phase"":""F"",""startLLA"":{""lat"":37.475548,""lon"":127.049146,""alt"":305},""endLLA"":{""lat"":37.471593,""lon"":127.032031,""alt"":305},""targetSpeed"":51.4,""seq"":5}","{""phase"":""F"",""startLLA"":{""lat"":37.471593,""lon"":127.032031,""alt"":305},""endLLA"":{""lat"":37.471285,""lon"":126.985745,""alt"":305},""targetSpeed"":51.4,""seq"":6}","{""phase"":""F"",""startLLA"":{""lat"":37.471285,""lon"":126.985745,""alt"":305},""endLLA"":{""lat"":37.492877,""lon"":126.93949,""alt"":305},""targetSpeed"":51.4,""seq"":7}","{""phase"":""F"",""startLLA"":{""lat"":37.492877,""lon"":126.93949,""alt"":305},""endLLA"":{""lat"":37.506729,""lon"":126.92045,""alt"":305},""targetSpeed"":51.4,""seq"":8}","{""phase"":""G"",""startLLA"":{""lat"":37.506729,""lon"":126.92045,""alt"":305},""endLLA"":{""lat"":37.515965,""lon"":126.907756,""alt"":216.64},""targetSpeed"":36,""seq"":9}","{""phase"":""G"",""startLLA"":{""lat"":37.515965,""lon"":126.907756,""alt"":216.64},""endLLA"":{""lat"":37.522882,""lon"":126.886751,""alt"":100},""targetSpeed"":36,""seq"":10}","{""phase"":""I"",""startLLA"":{""lat"":37.522882,""lon"":126.886751,""alt"":100},""endLLA"":{""lat"":37.526343,""lon"":126.876243,""alt"":15},""targetSpeed"":30,""seq"":11}","{""phase"":""J"",""startLLA"":{""lat"":37.526343,""lon"":126.876243,""alt"":15},""endLLA"":{""lat"":37.526343,""lon"":126.876243,""alt"":0},""targetSpeed"":10,""seq"":12}","{""phase"":""K"",""startLLA"":{""lat"":37.526343,""lon"":126.876243,""alt"":0},""endLLA"":{""lat"":37.526343,""lon"":126.876243,""alt"":0},""targetSpeed"":3,""seq"":13}",,,,,,,,
b4a2894cba5c,2026-06-20,FPL1712010,UAM0094,a6,6,3,0.5,수서,수서,광화문,광화문,15,gate-6,fato-2,gate-2,fato-4,15:24:58,15:34:08,15:42:44,15:51:05,16:01:05,550,516.89,501.05,1567.95,70,54.9,ready,수서 > 잠실대교 중간지점 > 청담대교 중간지점 > 성수대교 남단 > 왕십리역 > 청량리 > 신설동역 > 광화문,21.5406,15,"{""phase"":""A"",""startLLA"":{""lat"":37.487441,""lon"":127.100603,""alt"":0},""endLLA"":{""lat"":37.487441,""lon"":127.100603,""alt"":0},""targetSpeed"":3,""seq"":1}","{""phase"":""B"",""startLLA"":{""lat"":37.487441,""lon"":127.100603,""alt"":0},""endLLA"":{""lat"":37.487441,""lon"":127.100603,""alt"":15},""targetSpeed"":10,""seq"":2}","{""phase"":""C"",""startLLA"":{""lat"":37.487441,""lon"":127.100603,""alt"":15},""endLLA"":{""lat"":37.498186,""lon"":127.097989,""alt"":100},""targetSpeed"":36,""seq"":3}","{""phase"":""E"",""startLLA"":{""lat"":37.498186,""lon"":127.097989,""alt"":100},""endLLA"":{""lat"":37.524288,""lon"":127.091639,""alt"":270.1},""targetSpeed"":51.4,""seq"":4}","{""phase"":""E"",""startLLA"":{""lat"":37.524288,""lon"":127.091639,""alt"":270.1},""endLLA"":{""lat"":37.524831,""lon"":127.084797,""alt"":305},""targetSpeed"":51.4,""seq"":5}","{""phase"":""F"",""startLLA"":{""lat"":37.524831,""lon"":127.084797,""alt"":305},""endLLA"":{""lat"":37.526451,""lon"":127.064361,""alt"":305},""targetSpeed"":51.4,""seq"":6}","{""phase"":""F"",""startLLA"":{""lat"":37.526451,""lon"":127.064361,""alt"":305},""endLLA"":{""lat"":37.53537,""lon"":127.034503,""alt"":305},""targetSpeed"":51.4,""seq"":7}","{""phase"":""F"",""startLLA"":{""lat"":37.53537,""lon"":127.034503,""alt"":305},""endLLA"":{""lat"":37.561925,""lon"":127.038491,""alt"":305},""targetSpeed"":51.4,""seq"":8}","{""phase"":""F"",""startLLA"":{""lat"":37.561925,""lon"":127.038491,""alt"":305},""endLLA"":{""lat"":37.581542,""lon"":127.048947,""alt"":305},""targetSpeed"":51.4,""seq"":9}","{""phase"":""F"",""startLLA"":{""lat"":37.581542,""lon"":127.048947,""alt"":305},""endLLA"":{""lat"":37.575947,""lon"":127.024779,""alt"":305},""targetSpeed"":51.4,""seq"":10}","{""phase"":""G"",""startLLA"":{""lat"":37.575947,""lon"":127.024779,""alt"":305},""endLLA"":{""lat"":37.575658,""lon"":127.02353,""alt"":298.4},""targetSpeed"":36,""seq"":11}","{""phase"":""G"",""startLLA"":{""lat"":37.575658,""lon"":127.02353,""alt"":298.4},""endLLA"":{""lat"":37.570521,""lon"":126.984951,""alt"":100},""targetSpeed"":36,""seq"":12}","{""phase"":""I"",""startLLA"":{""lat"":37.570521,""lon"":126.984951,""alt"":100},""endLLA"":{""lat"":37.56901,""lon"":126.973604,""alt"":15},""targetSpeed"":30,""seq"":13}","{""phase"":""J"",""startLLA"":{""lat"":37.56901,""lon"":126.973604,""alt"":15},""endLLA"":{""lat"":37.56901,""lon"":126.973604,""alt"":0},""targetSpeed"":10,""seq"":14}","{""phase"":""K"",""startLLA"":{""lat"":37.56901,""lon"":126.973604,""alt"":0},""endLLA"":{""lat"":37.56901,""lon"":126.973604,""alt"":0},""targetSpeed"":3,""seq"":15}",,,,,,
b4a2894cba5c,2026-06-20,FPL1708012,UAM0060,a4,4,3,0.75,수서,수서,사당,사당,15,gate-7,fato-1,gate-4,fato-3,15:28:38,15:39:28,15:44:14,15:51:04,16:01:04,650,286.87,410,1346.87,140,0,ready,수서 > 경부고속도로 양재천 다리 > 사당,10.7285,10,"{""phase"":""A"",""startLLA"":{""lat"":37.487441,""lon"":127.100603,""alt"":0},""endLLA"":{""lat"":37.487441,""lon"":127.100603,""alt"":0},""targetSpeed"":3,""seq"":1}","{""phase"":""B"",""startLLA"":{""lat"":37.487441,""lon"":127.100603,""alt"":0},""endLLA"":{""lat"":37.487441,""lon"":127.100603,""alt"":15},""targetSpeed"":10,""seq"":2}","{""phase"":""C"",""startLLA"":{""lat"":37.487441,""lon"":127.100603,""alt"":15},""endLLA"":{""lat"":37.484412,""lon"":127.087499,""alt"":100},""targetSpeed"":36,""seq"":3}","{""phase"":""E"",""startLLA"":{""lat"":37.484412,""lon"":127.087499,""alt"":100},""endLLA"":{""lat"":37.475546,""lon"":127.049134,""alt"":305},""targetSpeed"":51.4,""seq"":4}","{""phase"":""F"",""startLLA"":{""lat"":37.475546,""lon"":127.049134,""alt"":305},""endLLA"":{""lat"":37.471861,""lon"":127.033189,""alt"":305},""targetSpeed"":51.4,""seq"":5}","{""phase"":""G"",""startLLA"":{""lat"":37.471861,""lon"":127.033189,""alt"":305},""endLLA"":{""lat"":37.471593,""lon"":127.032031,""alt"":298.81},""targetSpeed"":36,""seq"":6}","{""phase"":""G"",""startLLA"":{""lat"":37.471593,""lon"":127.032031,""alt"":298.81},""endLLA"":{""lat"":37.47482,""lon"":126.993495,""alt"":100},""targetSpeed"":36,""seq"":7}","{""phase"":""I"",""startLLA"":{""lat"":37.47482,""lon"":126.993495,""alt"":100},""endLLA"":{""lat"":37.475767,""lon"":126.982185,""alt"":15},""targetSpeed"":30,""seq"":8}","{""phase"":""J"",""startLLA"":{""lat"":37.475767,""lon"":126.982185,""alt"":15},""endLLA"":{""lat"":37.475767,""lon"":126.982185,""alt"":0},""targetSpeed"":10,""seq"":9}","{""phase"":""K"",""startLLA"":{""lat"":37.475767,""lon"":126.982185,""alt"":0},""endLLA"":{""lat"":37.475767,""lon"":126.982185,""alt"":0},""targetSpeed"":3,""seq"":10}",,,,,,,,,,,
b4a2894cba5c,2026-06-20,FPL1701011,UAM0095,a8,8,3,0.375,수서,수서,여의도,여의도,15,gate-4,fato-1,gate-7,fato-4,15:52:01,16:01:01,16:09:01,16:16:21,16:26:21,540,480.96,440,1460.96,0,0,ready,수서 > 경부고속도로 양재천 다리 > 채석장 > 180고지 > 영등포 > 여의도,20.7047,13,"{""phase"":""A"",""startLLA"":{""lat"":37.487441,""lon"":127.100603,""alt"":0},""endLLA"":{""lat"":37.487441,""lon"":127.100603,""alt"":0},""targetSpeed"":3,""seq"":1}","{""phase"":""B"",""startLLA"":{""lat"":37.487441,""lon"":127.100603,""alt"":0},""endLLA"":{""lat"":37.487441,""lon"":127.100603,""alt"":15},""targetSpeed"":10,""seq"":2}","{""phase"":""C"",""startLLA"":{""lat"":37.487441,""lon"":127.100603,""alt"":15},""endLLA"":{""lat"":37.484413,""lon"":127.087501,""alt"":100},""targetSpeed"":36,""seq"":3}","{""phase"":""E"",""startLLA"":{""lat"":37.484413,""lon"":127.087501,""alt"":100},""endLLA"":{""lat"":37.475548,""lon"":127.049145,""alt"":305},""targetSpeed"":51.4,""seq"":4}","{""phase"":""F"",""startLLA"":{""lat"":37.475548,""lon"":127.049145,""alt"":305},""endLLA"":{""lat"":37.471593,""lon"":127.032031,""alt"":305},""targetSpeed"":51.4,""seq"":5}","{""phase"":""F"",""startLLA"":{""lat"":37.471593,""lon"":127.032031,""alt"":305},""endLLA"":{""lat"":37.471285,""lon"":126.985745,""alt"":305},""targetSpeed"":51.4,""seq"":6}","{""phase"":""F"",""startLLA"":{""lat"":37.471285,""lon"":126.985745,""alt"":305},""endLLA"":{""lat"":37.492877,""lon"":126.93949,""alt"":305},""targetSpeed"":51.4,""seq"":7}","{""phase"":""F"",""startLLA"":{""lat"":37.492877,""lon"":126.93949,""alt"":305},""endLLA"":{""lat"":37.49922,""lon"":126.930772,""alt"":305},""targetSpeed"":51.4,""seq"":8}","{""phase"":""G"",""startLLA"":{""lat"":37.49922,""lon"":126.930772,""alt"":305},""endLLA"":{""lat"":37.515965,""lon"":126.907756,""alt"":144.8},""targetSpeed"":36,""seq"":9}","{""phase"":""G"",""startLLA"":{""lat"":37.515965,""lon"":126.907756,""alt"":144.8},""endLLA"":{""lat"":37.520546,""lon"":126.914309,""alt"":100},""targetSpeed"":36,""seq"":10}","{""phase"":""I"",""startLLA"":{""lat"":37.520546,""lon"":126.914309,""alt"":100},""endLLA"":{""lat"":37.526513,""lon"":126.922845,""alt"":15},""targetSpeed"":30,""seq"":11}","{""phase"":""J"",""startLLA"":{""lat"":37.526513,""lon"":126.922845,""alt"":15},""endLLA"":{""lat"":37.526513,""lon"":126.922845,""alt"":0},""targetSpeed"":10,""seq"":12}","{""phase"":""K"",""startLLA"":{""lat"":37.526513,""lon"":126.922845,""alt"":0},""endLLA"":{""lat"":37.526513,""lon"":126.922845,""alt"":0},""targetSpeed"":3,""seq"":13}",,,,,,,,
b4a2894cba5c,2026-06-20,FPL1714012,UAM0049,a2,2,2,1,수서,수서,가산,가산,15,gate-8,fato-2,gate-8,fato-3,15:52:52,16:01:52,16:09:48,16:16:38,16:26:38,540,476.98,410,1426.98,0,0,ready,수서 > 경부고속도로 양재천 다리 > 채석장 > 180고지 > 가산,20.5002,12,"{""phase"":""A"",""startLLA"":{""lat"":37.487441,""lon"":127.100603,""alt"":0},""endLLA"":{""lat"":37.487441,""lon"":127.100603,""alt"":0},""targetSpeed"":3,""seq"":1}","{""phase"":""B"",""startLLA"":{""lat"":37.487441,""lon"":127.100603,""alt"":0},""endLLA"":{""lat"":37.487441,""lon"":127.100603,""alt"":15},""targetSpeed"":10,""seq"":2}","{""phase"":""C"",""startLLA"":{""lat"":37.487441,""lon"":127.100603,""alt"":15},""endLLA"":{""lat"":37.484413,""lon"":127.0875,""alt"":100},""targetSpeed"":36,""seq"":3}","{""phase"":""E"",""startLLA"":{""lat"":37.484413,""lon"":127.0875,""alt"":100},""endLLA"":{""lat"":37.475547,""lon"":127.049139,""alt"":305},""targetSpeed"":51.4,""seq"":4}","{""phase"":""F"",""startLLA"":{""lat"":37.475547,""lon"":127.049139,""alt"":305},""endLLA"":{""lat"":37.471593,""lon"":127.032031,""alt"":305},""targetSpeed"":51.4,""seq"":5}","{""phase"":""F"",""startLLA"":{""lat"":37.471593,""lon"":127.032031,""alt"":305},""endLLA"":{""lat"":37.471285,""lon"":126.985745,""alt"":305},""targetSpeed"":51.4,""seq"":6}","{""phase"":""F"",""startLLA"":{""lat"":37.471285,""lon"":126.985745,""alt"":305},""endLLA"":{""lat"":37.492877,""lon"":126.93949,""alt"":305},""targetSpeed"":51.4,""seq"":7}","{""phase"":""F"",""startLLA"":{""lat"":37.492877,""lon"":126.93949,""alt"":305},""endLLA"":{""lat"":37.492284,""lon"":126.929987,""alt"":305},""targetSpeed"":51.4,""seq"":8}","{""phase"":""G"",""startLLA"":{""lat"":37.492284,""lon"":126.929987,""alt"":305},""endLLA"":{""lat"":37.489799,""lon"":126.890149,""alt"":100},""targetSpeed"":36,""seq"":9}","{""phase"":""I"",""startLLA"":{""lat"":37.489799,""lon"":126.890149,""alt"":100},""endLLA"":{""lat"":37.489091,""lon"":126.878809,""alt"":15},""targetSpeed"":30,""seq"":10}","{""phase"":""J"",""startLLA"":{""lat"":37.489091,""lon"":126.878809,""alt"":15},""endLLA"":{""lat"":37.489091,""lon"":126.878809,""alt"":0},""targetSpeed"":10,""seq"":11}","{""phase"":""K"",""startLLA"":{""lat"":37.489091,""lon"":126.878809,""alt"":0},""endLLA"":{""lat"":37.489091,""lon"":126.878809,""alt"":0},""targetSpeed"":3,""seq"":12}",,,,,,,,,
b4a2894cba5c,2026-06-20,FPL1706009,UAM0098,a2,2,1,0.5,수서,수서,미아,미아,15,gate-3,fato-1,gate-7,fato-3,15:57:21,16:07:01,16:18:52,16:26:12,16:36:12,580,711.93,440,1731.93,70,230.8,ready,수서 > 잠실대교 중간지점 > 천호대교 중간지점 > 아차산 고가차도 > 상봉 > 월릉교 > 미아,20.7137,14,"{""phase"":""A"",""startLLA"":{""lat"":37.487441,""lon"":127.100603,""alt"":0},""endLLA"":{""lat"":37.487441,""lon"":127.100603,""alt"":0},""targetSpeed"":3,""seq"":1}","{""phase"":""B"",""startLLA"":{""lat"":37.487441,""lon"":127.100603,""alt"":0},""endLLA"":{""lat"":37.487441,""lon"":127.100603,""alt"":15},""targetSpeed"":10,""seq"":2}","{""phase"":""C"",""startLLA"":{""lat"":37.487441,""lon"":127.100603,""alt"":15},""endLLA"":{""lat"":37.498065,""lon"":127.098018,""alt"":100},""targetSpeed"":36,""seq"":3}","{""phase"":""E"",""startLLA"":{""lat"":37.498065,""lon"":127.098018,""alt"":100},""endLLA"":{""lat"":37.524288,""lon"":127.091639,""alt"":272.84},""targetSpeed"":51.4,""seq"":4}","{""phase"":""E"",""startLLA"":{""lat"":37.524288,""lon"":127.091639,""alt"":272.84},""endLLA"":{""lat"":37.528008,""lon"":127.095794,""alt"":305},""targetSpeed"":51.4,""seq"":5}","{""phase"":""F"",""startLLA"":{""lat"":37.528008,""lon"":127.095794,""alt"":305},""endLLA"":{""lat"":37.5428,""lon"":127.112312,""alt"":305},""targetSpeed"":51.4,""seq"":6}","{""phase"":""F"",""startLLA"":{""lat"":37.5428,""lon"":127.112312,""alt"":305},""endLLA"":{""lat"":37.547423,""lon"":127.097424,""alt"":305},""targetSpeed"":51.4,""seq"":7}","{""phase"":""F"",""startLLA"":{""lat"":37.547423,""lon"":127.097424,""alt"":305},""endLLA"":{""lat"":37.596919,""lon"":127.084854,""alt"":305},""targetSpeed"":51.4,""seq"":8}","{""phase"":""F"",""startLLA"":{""lat"":37.596919,""lon"":127.084854,""alt"":305},""endLLA"":{""lat"":37.614366,""lon"":127.072716,""alt"":305},""targetSpeed"":51.4,""seq"":9}","{""phase"":""G"",""startLLA"":{""lat"":37.614366,""lon"":127.072716,""alt"":305},""endLLA"":{""lat"":37.616266,""lon"":127.071394,""alt"":290.96},""targetSpeed"":36,""seq"":10}","{""phase"":""G"",""startLLA"":{""lat"":37.616266,""lon"":127.071394,""alt"":290.96},""endLLA"":{""lat"":37.626944,""lon"":127.036665,""alt"":100},""targetSpeed"":36,""seq"":11}","{""phase"":""I"",""startLLA"":{""lat"":37.626944,""lon"":127.036665,""alt"":100},""endLLA"":{""lat"":37.630207,""lon"":127.026053,""alt"":15},""targetSpeed"":30,""seq"":12}","{""phase"":""J"",""startLLA"":{""lat"":37.630207,""lon"":127.026053,""alt"":15},""endLLA"":{""lat"":37.630207,""lon"":127.026053,""alt"":0},""targetSpeed"":10,""seq"":13}","{""phase"":""K"",""startLLA"":{""lat"":37.630207,""lon"":127.026053,""alt"":0},""endLLA"":{""lat"":37.630207,""lon"":127.026053,""alt"":0},""targetSpeed"":3,""seq"":14}",,,,,,,
b4a2894cba5c,2026-06-20,FPL1703010,UAM0126,a6,6,1,0.1667,수서,수서,상암,상암,15,gate-7,fato-2,gate-4,fato-4,15:58:22,16:07:52,16:17:04,16:23:54,16:33:54,570,552.34,410,1532.34,60,0,ready,수서 > 경부고속도로 양재천 다리 > 채석장 > 180고지 > 영등포 > 선유도 17고지 > 상암,24.374,14,"{""phase"":""A"",""startLLA"":{""lat"":37.487441,""lon"":127.100603,""alt"":0},""endLLA"":{""lat"":37.487441,""lon"":127.100603,""alt"":0},""targetSpeed"":3,""seq"":1}","{""phase"":""B"",""startLLA"":{""lat"":37.487441,""lon"":127.100603,""alt"":0},""endLLA"":{""lat"":37.487441,""lon"":127.100603,""alt"":15},""targetSpeed"":10,""seq"":2}","{""phase"":""C"",""startLLA"":{""lat"":37.487441,""lon"":127.100603,""alt"":15},""endLLA"":{""lat"":37.484413,""lon"":127.087503,""alt"":100},""targetSpeed"":36,""seq"":3}","{""phase"":""E"",""startLLA"":{""lat"":37.484413,""lon"":127.087503,""alt"":100},""endLLA"":{""lat"":37.47555,""lon"":127.04915,""alt"":305},""targetSpeed"":51.4,""seq"":4}","{""phase"":""F"",""startLLA"":{""lat"":37.47555,""lon"":127.04915,""alt"":305},""endLLA"":{""lat"":37.471593,""lon"":127.032031,""alt"":305},""targetSpeed"":51.4,""seq"":5}","{""phase"":""F"",""startLLA"":{""lat"":37.471593,""lon"":127.032031,""alt"":305},""endLLA"":{""lat"":37.471285,""lon"":126.985745,""alt"":305},""targetSpeed"":51.4,""seq"":6}","{""phase"":""F"",""startLLA"":{""lat"":37.471285,""lon"":126.985745,""alt"":305},""endLLA"":{""lat"":37.492877,""lon"":126.93949,""alt"":305},""targetSpeed"":51.4,""seq"":7}","{""phase"":""F"",""startLLA"":{""lat"":37.492877,""lon"":126.93949,""alt"":305},""endLLA"":{""lat"":37.515965,""lon"":126.907756,""alt"":305},""targetSpeed"":51.4,""seq"":8}","{""phase"":""F"",""startLLA"":{""lat"":37.515965,""lon"":126.907756,""alt"":305},""endLLA"":{""lat"":37.524052,""lon"":126.906139,""alt"":305},""targetSpeed"":51.4,""seq"":9}","{""phase"":""G"",""startLLA"":{""lat"":37.524052,""lon"":126.906139,""alt"":305},""endLLA"":{""lat"":37.542307,""lon"":126.90249,""alt"":185.47},""targetSpeed"":36,""seq"":10}","{""phase"":""G"",""startLLA"":{""lat"":37.542307,""lon"":126.90249,""alt"":185.47},""endLLA"":{""lat"":37.554178,""lon"":126.89516,""alt"":100},""targetSpeed"":36,""seq"":11}","{""phase"":""I"",""startLLA"":{""lat"":37.554178,""lon"":126.89516,""alt"":100},""endLLA"":{""lat"":37.562282,""lon"":126.890156,""alt"":15},""targetSpeed"":30,""seq"":12}","{""phase"":""J"",""startLLA"":{""lat"":37.562282,""lon"":126.890156,""alt"":15},""endLLA"":{""lat"":37.562282,""lon"":126.890156,""alt"":0},""targetSpeed"":10,""seq"":13}","{""phase"":""K"",""startLLA"":{""lat"":37.562282,""lon"":126.890156,""alt"":0},""endLLA"":{""lat"":37.562282,""lon"":126.890156,""alt"":0},""targetSpeed"":3,""seq"":14}",,,,,,,
b4a2894cba5c,2026-06-20,FPL1707009,UAM0004,a4,4,4,1,수서,수서,봉천,봉천,16,gate-2,fato-1,gate-4,fato-3,16:02:41,16:13:01,16:19:00,16:25:50,16:35:50,620,359.05,410,1389.05,140,0,ready,수서 > 경부고속도로 양재천 다리 > 채석장 > 봉천,14.439,11,"{""phase"":""A"",""startLLA"":{""lat"":37.487441,""lon"":127.100603,""alt"":0},""endLLA"":{""lat"":37.487441,""lon"":127.100603,""alt"":0},""targetSpeed"":3,""seq"":1}","{""phase"":""B"",""startLLA"":{""lat"":37.487441,""lon"":127.100603,""alt"":0},""endLLA"":{""lat"":37.487441,""lon"":127.100603,""alt"":15},""targetSpeed"":10,""seq"":2}","{""phase"":""C"",""startLLA"":{""lat"":37.487441,""lon"":127.100603,""alt"":15},""endLLA"":{""lat"":37.484412,""lon"":127.087499,""alt"":100},""targetSpeed"":36,""seq"":3}","{""phase"":""E"",""startLLA"":{""lat"":37.484412,""lon"":127.087499,""alt"":100},""endLLA"":{""lat"":37.475546,""lon"":127.049134,""alt"":305},""targetSpeed"":51.4,""seq"":4}","{""phase"":""F"",""startLLA"":{""lat"":37.475546,""lon"":127.049134,""alt"":305},""endLLA"":{""lat"":37.471593,""lon"":127.032031,""alt"":305},""targetSpeed"":51.4,""seq"":5}","{""phase"":""F"",""startLLA"":{""lat"":37.471593,""lon"":127.032031,""alt"":305},""endLLA"":{""lat"":37.471321,""lon"":126.991206,""alt"":305},""targetSpeed"":51.4,""seq"":6}","{""phase"":""G"",""startLLA"":{""lat"":37.471321,""lon"":126.991206,""alt"":305},""endLLA"":{""lat"":37.471285,""lon"":126.985745,""alt"":276.98},""targetSpeed"":36,""seq"":7}","{""phase"":""G"",""startLLA"":{""lat"":37.471285,""lon"":126.985745,""alt"":276.98},""endLLA"":{""lat"":37.479969,""lon"":126.953031,""alt"":100},""targetSpeed"":36,""seq"":8}","{""phase"":""I"",""startLLA"":{""lat"":37.479969,""lon"":126.953031,""alt"":100},""endLLA"":{""lat"":37.482832,""lon"":126.942245,""alt"":15},""targetSpeed"":30,""seq"":9}","{""phase"":""J"",""startLLA"":{""lat"":37.482832,""lon"":126.942245,""alt"":15},""endLLA"":{""lat"":37.482832,""lon"":126.942245,""alt"":0},""targetSpeed"":10,""seq"":10}","{""phase"":""K"",""startLLA"":{""lat"":37.482832,""lon"":126.942245,""alt"":0},""endLLA"":{""lat"":37.482832,""lon"":126.942245,""alt"":0},""targetSpeed"":3,""seq"":11}",,,,,,,,,,
b4a2894cba5c,2026-06-20,FPL1712011,UAM0041,a2,2,2,1,수서,수서,광화문,광화문,16,gate-6,fato-2,gate-8,fato-4,16:07:11,16:15:11,16:23:24,16:30:14,16:40:14,480,493.05,410,1383.05,0,0,ready,수서 > 잠실대교 중간지점 > 청담대교 중간지점 > 성수대교 남단 > 왕십리역 > 청량리 > 신설동역 > 광화문,21.5406,15,"{""phase"":""A"",""startLLA"":{""lat"":37.487441,""lon"":127.100603,""alt"":0},""endLLA"":{""lat"":37.487441,""lon"":127.100603,""alt"":0},""targetSpeed"":3,""seq"":1}","{""phase"":""B"",""startLLA"":{""lat"":37.487441,""lon"":127.100603,""alt"":0},""endLLA"":{""lat"":37.487441,""lon"":127.100603,""alt"":15},""targetSpeed"":10,""seq"":2}","{""phase"":""C"",""startLLA"":{""lat"":37.487441,""lon"":127.100603,""alt"":15},""endLLA"":{""lat"":37.498186,""lon"":127.097989,""alt"":100},""targetSpeed"":36,""seq"":3}","{""phase"":""E"",""startLLA"":{""lat"":37.498186,""lon"":127.097989,""alt"":100},""endLLA"":{""lat"":37.524288,""lon"":127.091639,""alt"":270.1},""targetSpeed"":51.4,""seq"":4}","{""phase"":""E"",""startLLA"":{""lat"":37.524288,""lon"":127.091639,""alt"":270.1},""endLLA"":{""lat"":37.524831,""lon"":127.084797,""alt"":305},""targetSpeed"":51.4,""seq"":5}","{""phase"":""F"",""startLLA"":{""lat"":37.524831,""lon"":127.084797,""alt"":305},""endLLA"":{""lat"":37.526451,""lon"":127.064361,""alt"":305},""targetSpeed"":51.4,""seq"":6}","{""phase"":""F"",""startLLA"":{""lat"":37.526451,""lon"":127.064361,""alt"":305},""endLLA"":{""lat"":37.53537,""lon"":127.034503,""alt"":305},""targetSpeed"":51.4,""seq"":7}","{""phase"":""F"",""startLLA"":{""lat"":37.53537,""lon"":127.034503,""alt"":305},""endLLA"":{""lat"":37.561925,""lon"":127.038491,""alt"":305},""targetSpeed"":51.4,""seq"":8}","{""phase"":""F"",""startLLA"":{""lat"":37.561925,""lon"":127.038491,""alt"":305},""endLLA"":{""lat"":37.581542,""lon"":127.048947,""alt"":305},""targetSpeed"":51.4,""seq"":9}","{""phase"":""F"",""startLLA"":{""lat"":37.581542,""lon"":127.048947,""alt"":305},""endLLA"":{""lat"":37.575947,""lon"":127.024779,""alt"":305},""targetSpeed"":51.4,""seq"":10}","{""phase"":""G"",""startLLA"":{""lat"":37.575947,""lon"":127.024779,""alt"":305},""endLLA"":{""lat"":37.575658,""lon"":127.02353,""alt"":298.4},""targetSpeed"":36,""seq"":11}","{""phase"":""G"",""startLLA"":{""lat"":37.575658,""lon"":127.02353,""alt"":298.4},""endLLA"":{""lat"":37.570521,""lon"":126.984951,""alt"":100},""targetSpeed"":36,""seq"":12}","{""phase"":""I"",""startLLA"":{""lat"":37.570521,""lon"":126.984951,""alt"":100},""endLLA"":{""lat"":37.56901,""lon"":126.973604,""alt"":15},""targetSpeed"":30,""seq"":13}","{""phase"":""J"",""startLLA"":{""lat"":37.56901,""lon"":126.973604,""alt"":15},""endLLA"":{""lat"":37.56901,""lon"":126.973604,""alt"":0},""targetSpeed"":10,""seq"":14}","{""phase"":""K"",""startLLA"":{""lat"":37.56901,""lon"":126.973604,""alt"":0},""endLLA"":{""lat"":37.56901,""lon"":126.973604,""alt"":0},""targetSpeed"":3,""seq"":15}",,,,,,
b4a2894cba5c,2026-06-20,FPL1701012,UAM0069,a6,6,6,1,수서,수서,여의도,여의도,16,gate-1,fato-1,gate-8,fato-3,16:09:20,16:19:01,16:27:01,16:33:51,16:43:51,581,480.96,410,1471.96,131,0,ready,수서 > 경부고속도로 양재천 다리 > 채석장 > 180고지 > 영등포 > 여의도,20.7047,13,"{""phase"":""A"",""startLLA"":{""lat"":37.487441,""lon"":127.100603,""alt"":0},""endLLA"":{""lat"":37.487441,""lon"":127.100603,""alt"":0},""targetSpeed"":3,""seq"":1}","{""phase"":""B"",""startLLA"":{""lat"":37.487441,""lon"":127.100603,""alt"":0},""endLLA"":{""lat"":37.487441,""lon"":127.100603,""alt"":15},""targetSpeed"":10,""seq"":2}","{""phase"":""C"",""startLLA"":{""lat"":37.487441,""lon"":127.100603,""alt"":15},""endLLA"":{""lat"":37.484413,""lon"":127.087501,""alt"":100},""targetSpeed"":36,""seq"":3}","{""phase"":""E"",""startLLA"":{""lat"":37.484413,""lon"":127.087501,""alt"":100},""endLLA"":{""lat"":37.475548,""lon"":127.049145,""alt"":305},""targetSpeed"":51.4,""seq"":4}","{""phase"":""F"",""startLLA"":{""lat"":37.475548,""lon"":127.049145,""alt"":305},""endLLA"":{""lat"":37.471593,""lon"":127.032031,""alt"":305},""targetSpeed"":51.4,""seq"":5}","{""phase"":""F"",""startLLA"":{""lat"":37.471593,""lon"":127.032031,""alt"":305},""endLLA"":{""lat"":37.471285,""lon"":126.985745,""alt"":305},""targetSpeed"":51.4,""seq"":6}","{""phase"":""F"",""startLLA"":{""lat"":37.471285,""lon"":126.985745,""alt"":305},""endLLA"":{""lat"":37.492877,""lon"":126.93949,""alt"":305},""targetSpeed"":51.4,""seq"":7}","{""phase"":""F"",""startLLA"":{""lat"":37.492877,""lon"":126.93949,""alt"":305},""endLLA"":{""lat"":37.49922,""lon"":126.930772,""alt"":305},""targetSpeed"":51.4,""seq"":8}","{""phase"":""G"",""startLLA"":{""lat"":37.49922,""lon"":126.930772,""alt"":305},""endLLA"":{""lat"":37.515965,""lon"":126.907756,""alt"":144.8},""targetSpeed"":36,""seq"":9}","{""phase"":""G"",""startLLA"":{""lat"":37.515965,""lon"":126.907756,""alt"":144.8},""endLLA"":{""lat"":37.520546,""lon"":126.914309,""alt"":100},""targetSpeed"":36,""seq"":10}","{""phase"":""I"",""startLLA"":{""lat"":37.520546,""lon"":126.914309,""alt"":100},""endLLA"":{""lat"":37.526513,""lon"":126.922845,""alt"":15},""targetSpeed"":30,""seq"":11}","{""phase"":""J"",""startLLA"":{""lat"":37.526513,""lon"":126.922845,""alt"":15},""endLLA"":{""lat"":37.526513,""lon"":126.922845,""alt"":0},""targetSpeed"":10,""seq"":12}","{""phase"":""K"",""startLLA"":{""lat"":37.526513,""lon"":126.922845,""alt"":0},""endLLA"":{""lat"":37.526513,""lon"":126.922845,""alt"":0},""targetSpeed"":3,""seq"":13}",,,,,,,,
b4a2894cba5c,2026-06-20,FPL1705016,UAM0061,a6,6,6,1,수서,수서,목동,목동,16,gate-4,fato-2,gate-3,fato-3,16:13:16,16:22:16,16:30:41,16:38:01,16:48:01,540,505.01,440,1485.01,0,0,ready,수서 > 경부고속도로 양재천 다리 > 채석장 > 180고지 > 영등포 > 목동,21.941,13,"{""phase"":""A"",""startLLA"":{""lat"":37.487441,""lon"":127.100603,""alt"":0},""endLLA"":{""lat"":37.487441,""lon"":127.100603,""alt"":0},""targetSpeed"":3,""seq"":1}","{""phase"":""B"",""startLLA"":{""lat"":37.487441,""lon"":127.100603,""alt"":0},""endLLA"":{""lat"":37.487441,""lon"":127.100603,""alt"":15},""targetSpeed"":10,""seq"":2}","{""phase"":""C"",""startLLA"":{""lat"":37.487441,""lon"":127.100603,""alt"":15},""endLLA"":{""lat"":37.484413,""lon"":127.087502,""alt"":100},""targetSpeed"":36,""seq"":3}","{""phase"":""E"",""startLLA"":{""lat"":37.484413,""lon"":127.087502,""alt"":100},""endLLA"":{""lat"":37.475548,""lon"":127.049146,""alt"":305},""targetSpeed"":51.4,""seq"":4}","{""phase"":""F"",""startLLA"":{""lat"":37.475548,""lon"":127.049146,""alt"":305},""endLLA"":{""lat"":37.471593,""lon"":127.032031,""alt"":305},""targetSpeed"":51.4,""seq"":5}","{""phase"":""F"",""startLLA"":{""lat"":37.471593,""lon"":127.032031,""alt"":305},""endLLA"":{""lat"":37.471285,""lon"":126.985745,""alt"":305},""targetSpeed"":51.4,""seq"":6}","{""phase"":""F"",""startLLA"":{""lat"":37.471285,""lon"":126.985745,""alt"":305},""endLLA"":{""lat"":37.492877,""lon"":126.93949,""alt"":305},""targetSpeed"":51.4,""seq"":7}","{""phase"":""F"",""startLLA"":{""lat"":37.492877,""lon"":126.93949,""alt"":305},""endLLA"":{""lat"":37.506729,""lon"":126.92045,""alt"":305},""targetSpeed"":51.4,""seq"":8}","{""phase"":""G"",""startLLA"":{""lat"":37.506729,""lon"":126.92045,""alt"":305},""endLLA"":{""lat"":37.515965,""lon"":126.907756,""alt"":216.64},""targetSpeed"":36,""seq"":9}","{""phase"":""G"",""startLLA"":{""lat"":37.515965,""lon"":126.907756,""alt"":216.64},""endLLA"":{""lat"":37.522882,""lon"":126.886751,""alt"":100},""targetSpeed"":36,""seq"":10}","{""phase"":""I"",""startLLA"":{""lat"":37.522882,""lon"":126.886751,""alt"":100},""endLLA"":{""lat"":37.526343,""lon"":126.876243,""alt"":15},""targetSpeed"":30,""seq"":11}","{""phase"":""J"",""startLLA"":{""lat"":37.526343,""lon"":126.876243,""alt"":15},""endLLA"":{""lat"":37.526343,""lon"":126.876243,""alt"":0},""targetSpeed"":10,""seq"":12}","{""phase"":""K"",""startLLA"":{""lat"":37.526343,""lon"":126.876243,""alt"":0},""endLLA"":{""lat"":37.526343,""lon"":126.876243,""alt"":0},""targetSpeed"":3,""seq"":13}",,,,,,,,
b4a2894cba5c,2026-06-20,FPL1714013,UAM0128,a8,8,5,0.625,수서,수서,가산,가산,16,gate-8,fato-1,gate-2,fato-3,16:17:21,16:26:29,16:34:26,16:42:16,16:52:16,548.05,476.98,470,1495.03,8.05,0,ready,수서 > 경부고속도로 양재천 다리 > 채석장 > 180고지 > 가산,20.5002,12,"{""phase"":""A"",""startLLA"":{""lat"":37.487441,""lon"":127.100603,""alt"":0},""endLLA"":{""lat"":37.487441,""lon"":127.100603,""alt"":0},""targetSpeed"":3,""seq"":1}","{""phase"":""B"",""startLLA"":{""lat"":37.487441,""lon"":127.100603,""alt"":0},""endLLA"":{""lat"":37.487441,""lon"":127.100603,""alt"":15},""targetSpeed"":10,""seq"":2}","{""phase"":""C"",""startLLA"":{""lat"":37.487441,""lon"":127.100603,""alt"":15},""endLLA"":{""lat"":37.484413,""lon"":127.0875,""alt"":100},""targetSpeed"":36,""seq"":3}","{""phase"":""E"",""startLLA"":{""lat"":37.484413,""lon"":127.0875,""alt"":100},""endLLA"":{""lat"":37.475547,""lon"":127.049139,""alt"":305},""targetSpeed"":51.4,""seq"":4}","{""phase"":""F"",""startLLA"":{""lat"":37.475547,""lon"":127.049139,""alt"":305},""endLLA"":{""lat"":37.471593,""lon"":127.032031,""alt"":305},""targetSpeed"":51.4,""seq"":5}","{""phase"":""F"",""startLLA"":{""lat"":37.471593,""lon"":127.032031,""alt"":305},""endLLA"":{""lat"":37.471285,""lon"":126.985745,""alt"":305},""targetSpeed"":51.4,""seq"":6}","{""phase"":""F"",""startLLA"":{""lat"":37.471285,""lon"":126.985745,""alt"":305},""endLLA"":{""lat"":37.492877,""lon"":126.93949,""alt"":305},""targetSpeed"":51.4,""seq"":7}","{""phase"":""F"",""startLLA"":{""lat"":37.492877,""lon"":126.93949,""alt"":305},""endLLA"":{""lat"":37.492284,""lon"":126.929987,""alt"":305},""targetSpeed"":51.4,""seq"":8}","{""phase"":""G"",""startLLA"":{""lat"":37.492284,""lon"":126.929987,""alt"":305},""endLLA"":{""lat"":37.489799,""lon"":126.890149,""alt"":100},""targetSpeed"":36,""seq"":9}","{""phase"":""I"",""startLLA"":{""lat"":37.489799,""lon"":126.890149,""alt"":100},""endLLA"":{""lat"":37.489091,""lon"":126.878809,""alt"":15},""targetSpeed"":30,""seq"":10}","{""phase"":""J"",""startLLA"":{""lat"":37.489091,""lon"":126.878809,""alt"":15},""endLLA"":{""lat"":37.489091,""lon"":126.878809,""alt"":0},""targetSpeed"":10,""seq"":11}","{""phase"":""K"",""startLLA"":{""lat"":37.489091,""lon"":126.878809,""alt"":0},""endLLA"":{""lat"":37.489091,""lon"":126.878809,""alt"":0},""targetSpeed"":3,""seq"":12}",,,,,,,,,
b4a2894cba5c,2026-06-20,FPL1715013,UAM0090,a2,2,2,1,수서,수서,마곡,마곡,16,gate-3,fato-2,gate-8,fato-4,16:18:53,16:28:16,16:41:17,16:48:07,16:58:07,563,781.98,410,1754.98,53,73.1,ready,수서 > 경부고속도로 양재천 다리 > 채석장 > 180고지 > 영등포 > 목동교 > 염창교 > 가양대교 남단 > 마곡,32.4201,16,"{""phase"":""A"",""startLLA"":{""lat"":37.487441,""lon"":127.100603,""alt"":0},""endLLA"":{""lat"":37.487441,""lon"":127.100603,""alt"":0},""targetSpeed"":3,""seq"":1}","{""phase"":""B"",""startLLA"":{""lat"":37.487441,""lon"":127.100603,""alt"":0},""endLLA"":{""lat"":37.487441,""lon"":127.100603,""alt"":15},""targetSpeed"":10,""seq"":2}","{""phase"":""C"",""startLLA"":{""lat"":37.487441,""lon"":127.100603,""alt"":15},""endLLA"":{""lat"":37.484414,""lon"":127.087505,""alt"":100},""targetSpeed"":36,""seq"":3}","{""phase"":""E"",""startLLA"":{""lat"":37.484414,""lon"":127.087505,""alt"":100},""endLLA"":{""lat"":37.475552,""lon"":127.04916,""alt"":305},""targetSpeed"":51.4,""seq"":4}","{""phase"":""F"",""startLLA"":{""lat"":37.475552,""lon"":127.04916,""alt"":305},""endLLA"":{""lat"":37.471593,""lon"":127.032031,""alt"":305},""targetSpeed"":51.4,""seq"":5}","{""phase"":""F"",""startLLA"":{""lat"":37.471593,""lon"":127.032031,""alt"":305},""endLLA"":{""lat"":37.471285,""lon"":126.985745,""alt"":305},""targetSpeed"":51.4,""seq"":6}","{""phase"":""F"",""startLLA"":{""lat"":37.471285,""lon"":126.985745,""alt"":305},""endLLA"":{""lat"":37.492877,""lon"":126.93949,""alt"":305},""targetSpeed"":51.4,""seq"":7}","{""phase"":""F"",""startLLA"":{""lat"":37.492877,""lon"":126.93949,""alt"":305},""endLLA"":{""lat"":37.515965,""lon"":126.907756,""alt"":305},""targetSpeed"":51.4,""seq"":8}","{""phase"":""F"",""startLLA"":{""lat"":37.515965,""lon"":126.907756,""alt"":305},""endLLA"":{""lat"":37.530667,""lon"":126.888262,""alt"":305},""targetSpeed"":51.4,""seq"":9}","{""phase"":""F"",""startLLA"":{""lat"":37.530667,""lon"":126.888262,""alt"":305},""endLLA"":{""lat"":37.553824,""lon"":126.875819,""alt"":305},""targetSpeed"":51.4,""seq"":10}","{""phase"":""F"",""startLLA"":{""lat"":37.553824,""lon"":126.875819,""alt"":305},""endLLA"":{""lat"":37.569391,""lon"":126.861026,""alt"":305},""targetSpeed"":51.4,""seq"":11}","{""phase"":""F"",""startLLA"":{""lat"":37.569391,""lon"":126.861026,""alt"":305},""endLLA"":{""lat"":37.567856,""lon"":126.842881,""alt"":305},""targetSpeed"":51.4,""seq"":12}","{""phase"":""G"",""startLLA"":{""lat"":37.567856,""lon"":126.842881,""alt"":305},""endLLA"":{""lat"":37.564492,""lon"":126.803122,""alt"":100},""targetSpeed"":36,""seq"":13}","{""phase"":""I"",""startLLA"":{""lat"":37.564492,""lon"":126.803122,""alt"":100},""endLLA"":{""lat"":37.563535,""lon"":126.791805,""alt"":15},""targetSpeed"":30,""seq"":14}","{""phase"":""J"",""startLLA"":{""lat"":37.563535,""lon"":126.791805,""alt"":15},""endLLA"":{""lat"":37.563535,""lon"":126.791805,""alt"":0},""targetSpeed"":10,""seq"":15}","{""phase"":""K"",""startLLA"":{""lat"":37.563535,""lon"":126.791805,""alt"":0},""endLLA"":{""lat"":37.563535,""lon"":126.791805,""alt"":0},""targetSpeed"":3,""seq"":16}",,,,,
b4a2894cba5c,2026-06-20,FPL1710008,UAM0110,a6,6,4,0.6667,수서,수서,연신내,연신내,16,gate-7,fato-1,gate-6,fato-4,16:23:19,16:32:29,16:43:58,16:51:48,17:01:48,550,689.51,470,1709.51,78.05,0,ready,수서 > 경부고속도로 양재천 다리 > 채석장 > 180고지 > 영등포 > 선유도 17고지 > 성산대교 중간지점 > 수색교 > 연신내,31.4243,16,"{""phase"":""A"",""startLLA"":{""lat"":37.487441,""lon"":127.100603,""alt"":0},""endLLA"":{""lat"":37.487441,""lon"":127.100603,""alt"":0},""targetSpeed"":3,""seq"":1}","{""phase"":""B"",""startLLA"":{""lat"":37.487441,""lon"":127.100603,""alt"":0},""endLLA"":{""lat"":37.487441,""lon"":127.100603,""alt"":15},""targetSpeed"":10,""seq"":2}","{""phase"":""C"",""startLLA"":{""lat"":37.487441,""lon"":127.100603,""alt"":15},""endLLA"":{""lat"":37.484414,""lon"":127.087505,""alt"":100},""targetSpeed"":36,""seq"":3}","{""phase"":""E"",""startLLA"":{""lat"":37.484414,""lon"":127.087505,""alt"":100},""endLLA"":{""lat"":37.475552,""lon"":127.049159,""alt"":305},""targetSpeed"":51.4,""seq"":4}","{""phase"":""F"",""startLLA"":{""lat"":37.475552,""lon"":127.049159,""alt"":305},""endLLA"":{""lat"":37.471593,""lon"":127.032031,""alt"":305},""targetSpeed"":51.4,""seq"":5}","{""phase"":""F"",""startLLA"":{""lat"":37.471593,""lon"":127.032031,""alt"":305},""endLLA"":{""lat"":37.471285,""lon"":126.985745,""alt"":305},""targetSpeed"":51.4,""seq"":6}","{""phase"":""F"",""startLLA"":{""lat"":37.471285,""lon"":126.985745,""alt"":305},""endLLA"":{""lat"":37.492877,""lon"":126.93949,""alt"":305},""targetSpeed"":51.4,""seq"":7}","{""phase"":""F"",""startLLA"":{""lat"":37.492877,""lon"":126.93949,""alt"":305},""endLLA"":{""lat"":37.515965,""lon"":126.907756,""alt"":305},""targetSpeed"":51.4,""seq"":8}","{""phase"":""F"",""startLLA"":{""lat"":37.515965,""lon"":126.907756,""alt"":305},""endLLA"":{""lat"":37.542307,""lon"":126.90249,""alt"":305},""targetSpeed"":51.4,""seq"":9}","{""phase"":""F"",""startLLA"":{""lat"":37.542307,""lon"":126.90249,""alt"":305},""endLLA"":{""lat"":37.552574,""lon"":126.891431,""alt"":305},""targetSpeed"":51.4,""seq"":10}","{""phase"":""F"",""startLLA"":{""lat"":37.552574,""lon"":126.891431,""alt"":305},""endLLA"":{""lat"":37.583689,""lon"":126.886699,""alt"":305},""targetSpeed"":51.4,""seq"":11}","{""phase"":""G"",""startLLA"":{""lat"":37.583689,""lon"":126.886699,""alt"":305},""endLLA"":{""lat"":37.586283,""lon"":126.886304,""alt"":288.1},""targetSpeed"":36,""seq"":12}","{""phase"":""G"",""startLLA"":{""lat"":37.586283,""lon"":126.886304,""alt"":288.1},""endLLA"":{""lat"":37.605258,""lon"":126.914118,""alt"":100},""targetSpeed"":36,""seq"":13}","{""phase"":""I"",""startLLA"":{""lat"":37.605258,""lon"":126.914118,""alt"":100},""endLLA"":{""lat"":37.611145,""lon"":126.922747,""alt"":15},""targetSpeed"":30,""seq"":14}","{""phase"":""J"",""startLLA"":{""lat"":37.611145,""lon"":126.922747,""alt"":15},""endLLA"":{""lat"":37.611145,""lon"":126.922747,""alt"":0},""targetSpeed"":10,""seq"":15}","{""phase"":""K"",""startLLA"":{""lat"":37.611145,""lon"":126.922747,""alt"":0},""endLLA"":{""lat"":37.611145,""lon"":126.922747,""alt"":0},""targetSpeed"":3,""seq"":16}",,,,,
b4a2894cba5c,2026-06-20,FPL1715014,UAM0097,a2,2,2,1,수서,수서,마곡,마곡,16,gate-2,fato-2,gate-2,fato-3,16:24:13,16:34:16,17:10:14,17:18:04,17:28:04,603,2158,470,3231,123,580,ready,수서 > 경부고속도로 양재천 다리 > 채석장 > 180고지 > 영등포 > 목동교 > 염창교 > 가양대교 남단 > 마곡,32.4201,16,"{""phase"":""A"",""startLLA"":{""lat"":37.487441,""lon"":127.100603,""alt"":0},""endLLA"":{""lat"":37.487441,""lon"":127.100603,""alt"":0},""targetSpeed"":3,""seq"":1}","{""phase"":""B"",""startLLA"":{""lat"":37.487441,""lon"":127.100603,""alt"":0},""endLLA"":{""lat"":37.487441,""lon"":127.100603,""alt"":15},""targetSpeed"":10,""seq"":2}","{""phase"":""C"",""startLLA"":{""lat"":37.487441,""lon"":127.100603,""alt"":15},""endLLA"":{""lat"":37.484414,""lon"":127.087505,""alt"":100},""targetSpeed"":36,""seq"":3}","{""phase"":""E"",""startLLA"":{""lat"":37.484414,""lon"":127.087505,""alt"":100},""endLLA"":{""lat"":37.475552,""lon"":127.04916,""alt"":305},""targetSpeed"":51.4,""seq"":4}","{""phase"":""F"",""startLLA"":{""lat"":37.475552,""lon"":127.04916,""alt"":305},""endLLA"":{""lat"":37.471593,""lon"":127.032031,""alt"":305},""targetSpeed"":51.4,""seq"":5}","{""phase"":""F"",""startLLA"":{""lat"":37.471593,""lon"":127.032031,""alt"":305},""endLLA"":{""lat"":37.471285,""lon"":126.985745,""alt"":305},""targetSpeed"":51.4,""seq"":6}","{""phase"":""F"",""startLLA"":{""lat"":37.471285,""lon"":126.985745,""alt"":305},""endLLA"":{""lat"":37.492877,""lon"":126.93949,""alt"":305},""targetSpeed"":51.4,""seq"":7}","{""phase"":""F"",""startLLA"":{""lat"":37.492877,""lon"":126.93949,""alt"":305},""endLLA"":{""lat"":37.515965,""lon"":126.907756,""alt"":305},""targetSpeed"":51.4,""seq"":8}","{""phase"":""F"",""startLLA"":{""lat"":37.515965,""lon"":126.907756,""alt"":305},""endLLA"":{""lat"":37.530667,""lon"":126.888262,""alt"":305},""targetSpeed"":51.4,""seq"":9}","{""phase"":""F"",""startLLA"":{""lat"":37.530667,""lon"":126.888262,""alt"":305},""endLLA"":{""lat"":37.553824,""lon"":126.875819,""alt"":305},""targetSpeed"":51.4,""seq"":10}","{""phase"":""F"",""startLLA"":{""lat"":37.553824,""lon"":126.875819,""alt"":305},""endLLA"":{""lat"":37.569391,""lon"":126.861026,""alt"":305},""targetSpeed"":51.4,""seq"":11}","{""phase"":""F"",""startLLA"":{""lat"":37.569391,""lon"":126.861026,""alt"":305},""endLLA"":{""lat"":37.567856,""lon"":126.842881,""alt"":305},""targetSpeed"":51.4,""seq"":12}","{""phase"":""G"",""startLLA"":{""lat"":37.567856,""lon"":126.842881,""alt"":305},""endLLA"":{""lat"":37.564492,""lon"":126.803122,""alt"":100},""targetSpeed"":36,""seq"":13}","{""phase"":""I"",""startLLA"":{""lat"":37.564492,""lon"":126.803122,""alt"":100},""endLLA"":{""lat"":37.563535,""lon"":126.791805,""alt"":15},""targetSpeed"":30,""seq"":14}","{""phase"":""J"",""startLLA"":{""lat"":37.563535,""lon"":126.791805,""alt"":15},""endLLA"":{""lat"":37.563535,""lon"":126.791805,""alt"":0},""targetSpeed"":10,""seq"":15}","{""phase"":""K"",""startLLA"":{""lat"":37.563535,""lon"":126.791805,""alt"":0},""endLLA"":{""lat"":37.563535,""lon"":126.791805,""alt"":0},""targetSpeed"":3,""seq"":16}",,,,,
b4a2894cba5c,2026-06-20,FPL1716014,UAM0074,a2,2,2,1,수서,수서,망우,망우,16,gate-5,fato-1,gate-7,fato-4,16:28:31,16:38:29,16:44:18,16:51:38,17:01:38,598.05,349.77,440,1387.82,148.05,0,ready,수서 > 잠실대교 중간지점 > 천호대교 중간지점 > 아차산 고가차도 > 망우,13.9617,12,"{""phase"":""A"",""startLLA"":{""lat"":37.487441,""lon"":127.100603,""alt"":0},""endLLA"":{""lat"":37.487441,""lon"":127.100603,""alt"":0},""targetSpeed"":3,""seq"":1}","{""phase"":""B"",""startLLA"":{""lat"":37.487441,""lon"":127.100603,""alt"":0},""endLLA"":{""lat"":37.487441,""lon"":127.100603,""alt"":15},""targetSpeed"":10,""seq"":2}","{""phase"":""C"",""startLLA"":{""lat"":37.487441,""lon"":127.100603,""alt"":15},""endLLA"":{""lat"":37.498067,""lon"":127.098018,""alt"":100},""targetSpeed"":36,""seq"":3}","{""phase"":""E"",""startLLA"":{""lat"":37.498067,""lon"":127.098018,""alt"":100},""endLLA"":{""lat"":37.524288,""lon"":127.091639,""alt"":272.79},""targetSpeed"":51.4,""seq"":4}","{""phase"":""E"",""startLLA"":{""lat"":37.524288,""lon"":127.091639,""alt"":272.79},""endLLA"":{""lat"":37.528015,""lon"":127.095801,""alt"":305},""targetSpeed"":51.4,""seq"":5}","{""phase"":""F"",""startLLA"":{""lat"":37.528015,""lon"":127.095801,""alt"":305},""endLLA"":{""lat"":37.5428,""lon"":127.112312,""alt"":305},""targetSpeed"":51.4,""seq"":6}","{""phase"":""F"",""startLLA"":{""lat"":37.5428,""lon"":127.112312,""alt"":305},""endLLA"":{""lat"":37.547423,""lon"":127.097424,""alt"":305},""targetSpeed"":51.4,""seq"":7}","{""phase"":""F"",""startLLA"":{""lat"":37.547423,""lon"":127.097424,""alt"":305},""endLLA"":{""lat"":37.557017,""lon"":127.094987,""alt"":305},""targetSpeed"":51.4,""seq"":8}","{""phase"":""G"",""startLLA"":{""lat"":37.557017,""lon"":127.094987,""alt"":305},""endLLA"":{""lat"":37.588078,""lon"":127.087099,""alt"":100},""targetSpeed"":36,""seq"":9}","{""phase"":""I"",""startLLA"":{""lat"":37.588078,""lon"":127.087099,""alt"":100},""endLLA"":{""lat"":37.596919,""lon"":127.084854,""alt"":15},""targetSpeed"":30,""seq"":10}","{""phase"":""J"",""startLLA"":{""lat"":37.596919,""lon"":127.084854,""alt"":15},""endLLA"":{""lat"":37.596919,""lon"":127.084854,""alt"":0},""targetSpeed"":10,""seq"":11}","{""phase"":""K"",""startLLA"":{""lat"":37.596919,""lon"":127.084854,""alt"":0},""endLLA"":{""lat"":37.596919,""lon"":127.084854,""alt"":0},""targetSpeed"":3,""seq"":12}",,,,,,,,,
b4a2894cba5c,2026-06-20,FPL1704007,UAM0003,a4,4,4,1,수서,수서,용산,용산,16,gate-6,fato-2,gate-4,fato-3,16:29:40,16:40:16,16:48:27,16:55:17,17:05:17,636,491.46,410,1537.46,156,0,ready,수서 > 잠실대교 중간지점 > 청담대교 중간지점 > 성수대교 남단 > 주흥교 > 이수고가차로 > 상도터널 > 용산,21.2449,15,"{""phase"":""A"",""startLLA"":{""lat"":37.487441,""lon"":127.100603,""alt"":0},""endLLA"":{""lat"":37.487441,""lon"":127.100603,""alt"":0},""targetSpeed"":3,""seq"":1}","{""phase"":""B"",""startLLA"":{""lat"":37.487441,""lon"":127.100603,""alt"":0},""endLLA"":{""lat"":37.487441,""lon"":127.100603,""alt"":15},""targetSpeed"":10,""seq"":2}","{""phase"":""C"",""startLLA"":{""lat"":37.487441,""lon"":127.100603,""alt"":15},""endLLA"":{""lat"":37.498069,""lon"":127.098017,""alt"":100},""targetSpeed"":36,""seq"":3}","{""phase"":""E"",""startLLA"":{""lat"":37.498069,""lon"":127.098017,""alt"":100},""endLLA"":{""lat"":37.524288,""lon"":127.091639,""alt"":272.74},""targetSpeed"":51.4,""seq"":4}","{""phase"":""E"",""startLLA"":{""lat"":37.524288,""lon"":127.091639,""alt"":272.74},""endLLA"":{""lat"":37.524784,""lon"":127.085383,""alt"":305},""targetSpeed"":51.4,""seq"":5}","{""phase"":""F"",""startLLA"":{""lat"":37.524784,""lon"":127.085383,""alt"":305},""endLLA"":{""lat"":37.526451,""lon"":127.064361,""alt"":305},""targetSpeed"":51.4,""seq"":6}","{""phase"":""F"",""startLLA"":{""lat"":37.526451,""lon"":127.064361,""alt"":305},""endLLA"":{""lat"":37.53537,""lon"":127.034503,""alt"":305},""targetSpeed"":51.4,""seq"":7}","{""phase"":""F"",""startLLA"":{""lat"":37.53537,""lon"":127.034503,""alt"":305},""endLLA"":{""lat"":37.509486,""lon"":127.016026,""alt"":305},""targetSpeed"":51.4,""seq"":8}","{""phase"":""F"",""startLLA"":{""lat"":37.509486,""lon"":127.016026,""alt"":305},""endLLA"":{""lat"":37.497738,""lon"":126.983721,""alt"":305},""targetSpeed"":51.4,""seq"":9}","{""phase"":""F"",""startLLA"":{""lat"":37.497738,""lon"":126.983721,""alt"":305},""endLLA"":{""lat"":37.500804,""lon"":126.974867,""alt"":305},""targetSpeed"":51.4,""seq"":10}","{""phase"":""G"",""startLLA"":{""lat"":37.500804,""lon"":126.974867,""alt"":305},""endLLA"":{""lat"":37.508684,""lon"":126.95211,""alt"":177.57},""targetSpeed"":36,""seq"":11}","{""phase"":""G"",""startLLA"":{""lat"":37.508684,""lon"":126.95211,""alt"":177.57},""endLLA"":{""lat"":37.520333,""lon"":126.955695,""alt"":100},""targetSpeed"":36,""seq"":12}","{""phase"":""I"",""startLLA"":{""lat"":37.520333,""lon"":126.955695,""alt"":100},""endLLA"":{""lat"":37.529096,""lon"":126.958391,""alt"":15},""targetSpeed"":30,""seq"":13}","{""phase"":""J"",""startLLA"":{""lat"":37.529096,""lon"":126.958391,""alt"":15},""endLLA"":{""lat"":37.529096,""lon"":126.958391,""alt"":0},""targetSpeed"":10,""seq"":14}","{""phase"":""K"",""startLLA"":{""lat"":37.529096,""lon"":126.958391,""alt"":0},""endLLA"":{""lat"":37.529096,""lon"":126.958391,""alt"":0},""targetSpeed"":3,""seq"":15}",,,,,,
b4a2894cba5c,2026-06-20,FPL1703011,UAM0007,a8,8,3,0.375,수서,수서,상암,상암,16,gate-4,fato-1,gate-4,fato-3,16:31:51,16:44:29,16:53:41,17:00:31,17:10:31,758.05,552.34,410,1720.39,218.05,0,ready,수서 > 경부고속도로 양재천 다리 > 채석장 > 180고지 > 영등포 > 선유도 17고지 > 상암,24.374,14,"{""phase"":""A"",""startLLA"":{""lat"":37.487441,""lon"":127.100603,""alt"":0},""endLLA"":{""lat"":37.487441,""lon"":127.100603,""alt"":0},""targetSpeed"":3,""seq"":1}","{""phase"":""B"",""startLLA"":{""lat"":37.487441,""lon"":127.100603,""alt"":0},""endLLA"":{""lat"":37.487441,""lon"":127.100603,""alt"":15},""targetSpeed"":10,""seq"":2}","{""phase"":""C"",""startLLA"":{""lat"":37.487441,""lon"":127.100603,""alt"":15},""endLLA"":{""lat"":37.484413,""lon"":127.087503,""alt"":100},""targetSpeed"":36,""seq"":3}","{""phase"":""E"",""startLLA"":{""lat"":37.484413,""lon"":127.087503,""alt"":100},""endLLA"":{""lat"":37.47555,""lon"":127.04915,""alt"":305},""targetSpeed"":51.4,""seq"":4}","{""phase"":""F"",""startLLA"":{""lat"":37.47555,""lon"":127.04915,""alt"":305},""endLLA"":{""lat"":37.471593,""lon"":127.032031,""alt"":305},""targetSpeed"":51.4,""seq"":5}","{""phase"":""F"",""startLLA"":{""lat"":37.471593,""lon"":127.032031,""alt"":305},""endLLA"":{""lat"":37.471285,""lon"":126.985745,""alt"":305},""targetSpeed"":51.4,""seq"":6}","{""phase"":""F"",""startLLA"":{""lat"":37.471285,""lon"":126.985745,""alt"":305},""endLLA"":{""lat"":37.492877,""lon"":126.93949,""alt"":305},""targetSpeed"":51.4,""seq"":7}","{""phase"":""F"",""startLLA"":{""lat"":37.492877,""lon"":126.93949,""alt"":305},""endLLA"":{""lat"":37.515965,""lon"":126.907756,""alt"":305},""targetSpeed"":51.4,""seq"":8}","{""phase"":""F"",""startLLA"":{""lat"":37.515965,""lon"":126.907756,""alt"":305},""endLLA"":{""lat"":37.524052,""lon"":126.906139,""alt"":305},""targetSpeed"":51.4,""seq"":9}","{""phase"":""G"",""startLLA"":{""lat"":37.524052,""lon"":126.906139,""alt"":305},""endLLA"":{""lat"":37.542307,""lon"":126.90249,""alt"":185.47},""targetSpeed"":36,""seq"":10}","{""phase"":""G"",""startLLA"":{""lat"":37.542307,""lon"":126.90249,""alt"":185.47},""endLLA"":{""lat"":37.554178,""lon"":126.89516,""alt"":100},""targetSpeed"":36,""seq"":11}","{""phase"":""I"",""startLLA"":{""lat"":37.554178,""lon"":126.89516,""alt"":100},""endLLA"":{""lat"":37.562282,""lon"":126.890156,""alt"":15},""targetSpeed"":30,""seq"":12}","{""phase"":""J"",""startLLA"":{""lat"":37.562282,""lon"":126.890156,""alt"":15},""endLLA"":{""lat"":37.562282,""lon"":126.890156,""alt"":0},""targetSpeed"":10,""seq"":13}","{""phase"":""K"",""startLLA"":{""lat"":37.562282,""lon"":126.890156,""alt"":0},""endLLA"":{""lat"":37.562282,""lon"":126.890156,""alt"":0},""targetSpeed"":3,""seq"":14}",,,,,,,
b4a2894cba5c,2026-06-20,FPL1705017,UAM0136,a8,8,2,0.25,수서,수서,목동,목동,16,gate-1,fato-2,gate-6,fato-4,16:36:10,16:46:16,16:54:41,17:02:31,17:12:31,606,505.01,470,1581.01,156,0,ready,수서 > 경부고속도로 양재천 다리 > 채석장 > 180고지 > 영등포 > 목동,21.941,13,"{""phase"":""A"",""startLLA"":{""lat"":37.487441,""lon"":127.100603,""alt"":0},""endLLA"":{""lat"":37.487441,""lon"":127.100603,""alt"":0},""targetSpeed"":3,""seq"":1}","{""phase"":""B"",""startLLA"":{""lat"":37.487441,""lon"":127.100603,""alt"":0},""endLLA"":{""lat"":37.487441,""lon"":127.100603,""alt"":15},""targetSpeed"":10,""seq"":2}","{""phase"":""C"",""startLLA"":{""lat"":37.487441,""lon"":127.100603,""alt"":15},""endLLA"":{""lat"":37.484413,""lon"":127.087502,""alt"":100},""targetSpeed"":36,""seq"":3}","{""phase"":""E"",""startLLA"":{""lat"":37.484413,""lon"":127.087502,""alt"":100},""endLLA"":{""lat"":37.475548,""lon"":127.049146,""alt"":305},""targetSpeed"":51.4,""seq"":4}","{""phase"":""F"",""startLLA"":{""lat"":37.475548,""lon"":127.049146,""alt"":305},""endLLA"":{""lat"":37.471593,""lon"":127.032031,""alt"":305},""targetSpeed"":51.4,""seq"":5}","{""phase"":""F"",""startLLA"":{""lat"":37.471593,""lon"":127.032031,""alt"":305},""endLLA"":{""lat"":37.471285,""lon"":126.985745,""alt"":305},""targetSpeed"":51.4,""seq"":6}","{""phase"":""F"",""startLLA"":{""lat"":37.471285,""lon"":126.985745,""alt"":305},""endLLA"":{""lat"":37.492877,""lon"":126.93949,""alt"":305},""targetSpeed"":51.4,""seq"":7}","{""phase"":""F"",""startLLA"":{""lat"":37.492877,""lon"":126.93949,""alt"":305},""endLLA"":{""lat"":37.506729,""lon"":126.92045,""alt"":305},""targetSpeed"":51.4,""seq"":8}","{""phase"":""G"",""startLLA"":{""lat"":37.506729,""lon"":126.92045,""alt"":305},""endLLA"":{""lat"":37.515965,""lon"":126.907756,""alt"":216.64},""targetSpeed"":36,""seq"":9}","{""phase"":""G"",""startLLA"":{""lat"":37.515965,""lon"":126.907756,""alt"":216.64},""endLLA"":{""lat"":37.522882,""lon"":126.886751,""alt"":100},""targetSpeed"":36,""seq"":10}","{""phase"":""I"",""startLLA"":{""lat"":37.522882,""lon"":126.886751,""alt"":100},""endLLA"":{""lat"":37.526343,""lon"":126.876243,""alt"":15},""targetSpeed"":30,""seq"":11}","{""phase"":""J"",""startLLA"":{""lat"":37.526343,""lon"":126.876243,""alt"":15},""endLLA"":{""lat"":37.526343,""lon"":126.876243,""alt"":0},""targetSpeed"":10,""seq"":12}","{""phase"":""K"",""startLLA"":{""lat"":37.526343,""lon"":126.876243,""alt"":0},""endLLA"":{""lat"":37.526343,""lon"":126.876243,""alt"":0},""targetSpeed"":3,""seq"":13}",,,,,,,,
b4a2894cba5c,2026-06-20,FPL1706010,UAM0108,a4,4,2,0.5,수서,수서,미아,미아,16,gate-8,fato-1,gate-6,fato-3,16:44:47,16:54:22,17:04:34,17:12:24,17:22:24,575.46,612.23,470,1657.7,35.46,131.1,ready,수서 > 잠실대교 중간지점 > 천호대교 중간지점 > 아차산 고가차도 > 상봉 > 월릉교 > 미아,20.7137,14,"{""phase"":""A"",""startLLA"":{""lat"":37.487441,""lon"":127.100603,""alt"":0},""endLLA"":{""lat"":37.487441,""lon"":127.100603,""alt"":0},""targetSpeed"":3,""seq"":1}","{""phase"":""B"",""startLLA"":{""lat"":37.487441,""lon"":127.100603,""alt"":0},""endLLA"":{""lat"":37.487441,""lon"":127.100603,""alt"":15},""targetSpeed"":10,""seq"":2}","{""phase"":""C"",""startLLA"":{""lat"":37.487441,""lon"":127.100603,""alt"":15},""endLLA"":{""lat"":37.498065,""lon"":127.098018,""alt"":100},""targetSpeed"":36,""seq"":3}","{""phase"":""E"",""startLLA"":{""lat"":37.498065,""lon"":127.098018,""alt"":100},""endLLA"":{""lat"":37.524288,""lon"":127.091639,""alt"":272.84},""targetSpeed"":51.4,""seq"":4}","{""phase"":""E"",""startLLA"":{""lat"":37.524288,""lon"":127.091639,""alt"":272.84},""endLLA"":{""lat"":37.528008,""lon"":127.095794,""alt"":305},""targetSpeed"":51.4,""seq"":5}","{""phase"":""F"",""startLLA"":{""lat"":37.528008,""lon"":127.095794,""alt"":305},""endLLA"":{""lat"":37.5428,""lon"":127.112312,""alt"":305},""targetSpeed"":51.4,""seq"":6}","{""phase"":""F"",""startLLA"":{""lat"":37.5428,""lon"":127.112312,""alt"":305},""endLLA"":{""lat"":37.547423,""lon"":127.097424,""alt"":305},""targetSpeed"":51.4,""seq"":7}","{""phase"":""F"",""startLLA"":{""lat"":37.547423,""lon"":127.097424,""alt"":305},""endLLA"":{""lat"":37.596919,""lon"":127.084854,""alt"":305},""targetSpeed"":51.4,""seq"":8}","{""phase"":""F"",""startLLA"":{""lat"":37.596919,""lon"":127.084854,""alt"":305},""endLLA"":{""lat"":37.614366,""lon"":127.072716,""alt"":305},""targetSpeed"":51.4,""seq"":9}","{""phase"":""G"",""startLLA"":{""lat"":37.614366,""lon"":127.072716,""alt"":305},""endLLA"":{""lat"":37.616266,""lon"":127.071394,""alt"":290.96},""targetSpeed"":36,""seq"":10}","{""phase"":""G"",""startLLA"":{""lat"":37.616266,""lon"":127.071394,""alt"":290.96},""endLLA"":{""lat"":37.626944,""lon"":127.036665,""alt"":100},""targetSpeed"":36,""seq"":11}","{""phase"":""I"",""startLLA"":{""lat"":37.626944,""lon"":127.036665,""alt"":100},""endLLA"":{""lat"":37.630207,""lon"":127.026053,""alt"":15},""targetSpeed"":30,""seq"":12}","{""phase"":""J"",""startLLA"":{""lat"":37.630207,""lon"":127.026053,""alt"":15},""endLLA"":{""lat"":37.630207,""lon"":127.026053,""alt"":0},""targetSpeed"":10,""seq"":13}","{""phase"":""K"",""startLLA"":{""lat"":37.630207,""lon"":127.026053,""alt"":0},""endLLA"":{""lat"":37.630207,""lon"":127.026053,""alt"":0},""targetSpeed"":3,""seq"":14}",,,,,,,
b4a2894cba5c,2026-06-20,FPL1701013,UAM0103,a8,8,2,0.25,수서,수서,여의도,여의도,16,gate-3,fato-2,gate-4,fato-3,16:47:23,16:55:53,17:03:53,17:10:43,17:20:43,510,480.96,410,1400.96,0,0,ready,수서 > 경부고속도로 양재천 다리 > 채석장 > 180고지 > 영등포 > 여의도,20.7047,13,"{""phase"":""A"",""startLLA"":{""lat"":37.487441,""lon"":127.100603,""alt"":0},""endLLA"":{""lat"":37.487441,""lon"":127.100603,""alt"":0},""targetSpeed"":3,""seq"":1}","{""phase"":""B"",""startLLA"":{""lat"":37.487441,""lon"":127.100603,""alt"":0},""endLLA"":{""lat"":37.487441,""lon"":127.100603,""alt"":15},""targetSpeed"":10,""seq"":2}","{""phase"":""C"",""startLLA"":{""lat"":37.487441,""lon"":127.100603,""alt"":15},""endLLA"":{""lat"":37.484413,""lon"":127.087501,""alt"":100},""targetSpeed"":36,""seq"":3}","{""phase"":""E"",""startLLA"":{""lat"":37.484413,""lon"":127.087501,""alt"":100},""endLLA"":{""lat"":37.475548,""lon"":127.049145,""alt"":305},""targetSpeed"":51.4,""seq"":4}","{""phase"":""F"",""startLLA"":{""lat"":37.475548,""lon"":127.049145,""alt"":305},""endLLA"":{""lat"":37.471593,""lon"":127.032031,""alt"":305},""targetSpeed"":51.4,""seq"":5}","{""phase"":""F"",""startLLA"":{""lat"":37.471593,""lon"":127.032031,""alt"":305},""endLLA"":{""lat"":37.471285,""lon"":126.985745,""alt"":305},""targetSpeed"":51.4,""seq"":6}","{""phase"":""F"",""startLLA"":{""lat"":37.471285,""lon"":126.985745,""alt"":305},""endLLA"":{""lat"":37.492877,""lon"":126.93949,""alt"":305},""targetSpeed"":51.4,""seq"":7}","{""phase"":""F"",""startLLA"":{""lat"":37.492877,""lon"":126.93949,""alt"":305},""endLLA"":{""lat"":37.49922,""lon"":126.930772,""alt"":305},""targetSpeed"":51.4,""seq"":8}","{""phase"":""G"",""startLLA"":{""lat"":37.49922,""lon"":126.930772,""alt"":305},""endLLA"":{""lat"":37.515965,""lon"":126.907756,""alt"":144.8},""targetSpeed"":36,""seq"":9}","{""phase"":""G"",""startLLA"":{""lat"":37.515965,""lon"":126.907756,""alt"":144.8},""endLLA"":{""lat"":37.520546,""lon"":126.914309,""alt"":100},""targetSpeed"":36,""seq"":10}","{""phase"":""I"",""startLLA"":{""lat"":37.520546,""lon"":126.914309,""alt"":100},""endLLA"":{""lat"":37.526513,""lon"":126.922845,""alt"":15},""targetSpeed"":30,""seq"":11}","{""phase"":""J"",""startLLA"":{""lat"":37.526513,""lon"":126.922845,""alt"":15},""endLLA"":{""lat"":37.526513,""lon"":126.922845,""alt"":0},""targetSpeed"":10,""seq"":12}","{""phase"":""K"",""startLLA"":{""lat"":37.526513,""lon"":126.922845,""alt"":0},""endLLA"":{""lat"":37.526513,""lon"":126.922845,""alt"":0},""targetSpeed"":3,""seq"":13}",,,,,,,,
b4a2894cba5c,2026-06-20,FPL1712012,UAM0121,a2,2,1,0.5,수서,수서,광화문,광화문,16,gate-7,fato-1,gate-4,fato-3,16:50:07,17:00:22,17:08:35,17:15:25,17:25:25,615.46,493.05,410,1518.52,105.46,0,ready,수서 > 잠실대교 중간지점 > 청담대교 중간지점 > 성수대교 남단 > 왕십리역 > 청량리 > 신설동역 > 광화문,21.5406,15,"{""phase"":""A"",""startLLA"":{""lat"":37.487441,""lon"":127.100603,""alt"":0},""endLLA"":{""lat"":37.487441,""lon"":127.100603,""alt"":0},""targetSpeed"":3,""seq"":1}","{""phase"":""B"",""startLLA"":{""lat"":37.487441,""lon"":127.100603,""alt"":0},""endLLA"":{""lat"":37.487441,""lon"":127.100603,""alt"":15},""targetSpeed"":10,""seq"":2}","{""phase"":""C"",""startLLA"":{""lat"":37.487441,""lon"":127.100603,""alt"":15},""endLLA"":{""lat"":37.498186,""lon"":127.097989,""alt"":100},""targetSpeed"":36,""seq"":3}","{""phase"":""E"",""startLLA"":{""lat"":37.498186,""lon"":127.097989,""alt"":100},""endLLA"":{""lat"":37.524288,""lon"":127.091639,""alt"":270.1},""targetSpeed"":51.4,""seq"":4}","{""phase"":""E"",""startLLA"":{""lat"":37.524288,""lon"":127.091639,""alt"":270.1},""endLLA"":{""lat"":37.524831,""lon"":127.084797,""alt"":305},""targetSpeed"":51.4,""seq"":5}","{""phase"":""F"",""startLLA"":{""lat"":37.524831,""lon"":127.084797,""alt"":305},""endLLA"":{""lat"":37.526451,""lon"":127.064361,""alt"":305},""targetSpeed"":51.4,""seq"":6}","{""phase"":""F"",""startLLA"":{""lat"":37.526451,""lon"":127.064361,""alt"":305},""endLLA"":{""lat"":37.53537,""lon"":127.034503,""alt"":305},""targetSpeed"":51.4,""seq"":7}","{""phase"":""F"",""startLLA"":{""lat"":37.53537,""lon"":127.034503,""alt"":305},""endLLA"":{""lat"":37.561925,""lon"":127.038491,""alt"":305},""targetSpeed"":51.4,""seq"":8}","{""phase"":""F"",""startLLA"":{""lat"":37.561925,""lon"":127.038491,""alt"":305},""endLLA"":{""lat"":37.581542,""lon"":127.048947,""alt"":305},""targetSpeed"":51.4,""seq"":9}","{""phase"":""F"",""startLLA"":{""lat"":37.581542,""lon"":127.048947,""alt"":305},""endLLA"":{""lat"":37.575947,""lon"":127.024779,""alt"":305},""targetSpeed"":51.4,""seq"":10}","{""phase"":""G"",""startLLA"":{""lat"":37.575947,""lon"":127.024779,""alt"":305},""endLLA"":{""lat"":37.575658,""lon"":127.02353,""alt"":298.4},""targetSpeed"":36,""seq"":11}","{""phase"":""G"",""startLLA"":{""lat"":37.575658,""lon"":127.02353,""alt"":298.4},""endLLA"":{""lat"":37.570521,""lon"":126.984951,""alt"":100},""targetSpeed"":36,""seq"":12}","{""phase"":""I"",""startLLA"":{""lat"":37.570521,""lon"":126.984951,""alt"":100},""endLLA"":{""lat"":37.56901,""lon"":126.973604,""alt"":15},""targetSpeed"":30,""seq"":13}","{""phase"":""J"",""startLLA"":{""lat"":37.56901,""lon"":126.973604,""alt"":15},""endLLA"":{""lat"":37.56901,""lon"":126.973604,""alt"":0},""targetSpeed"":10,""seq"":14}","{""phase"":""K"",""startLLA"":{""lat"":37.56901,""lon"":126.973604,""alt"":0},""endLLA"":{""lat"":37.56901,""lon"":126.973604,""alt"":0},""targetSpeed"":3,""seq"":15}",,,,,,
b4a2894cba5c,2026-06-20,FPL1716015,UAM0024,a8,8,1,0.125,수서,수서,망우,망우,16,gate-2,fato-2,gate-2,fato-4,16:52:43,17:01:53,17:10:14,17:18:44,17:28:44,550,501,510,1561,70,191.23,ready,수서 > 잠실대교 중간지점 > 천호대교 중간지점 > 아차산 고가차도 > 망우,13.9617,12,"{""phase"":""A"",""startLLA"":{""lat"":37.487441,""lon"":127.100603,""alt"":0},""endLLA"":{""lat"":37.487441,""lon"":127.100603,""alt"":0},""targetSpeed"":3,""seq"":1}","{""phase"":""B"",""startLLA"":{""lat"":37.487441,""lon"":127.100603,""alt"":0},""endLLA"":{""lat"":37.487441,""lon"":127.100603,""alt"":15},""targetSpeed"":10,""seq"":2}","{""phase"":""C"",""startLLA"":{""lat"":37.487441,""lon"":127.100603,""alt"":15},""endLLA"":{""lat"":37.498067,""lon"":127.098018,""alt"":100},""targetSpeed"":36,""seq"":3}","{""phase"":""E"",""startLLA"":{""lat"":37.498067,""lon"":127.098018,""alt"":100},""endLLA"":{""lat"":37.524288,""lon"":127.091639,""alt"":272.79},""targetSpeed"":51.4,""seq"":4}","{""phase"":""E"",""startLLA"":{""lat"":37.524288,""lon"":127.091639,""alt"":272.79},""endLLA"":{""lat"":37.528015,""lon"":127.095801,""alt"":305},""targetSpeed"":51.4,""seq"":5}","{""phase"":""F"",""startLLA"":{""lat"":37.528015,""lon"":127.095801,""alt"":305},""endLLA"":{""lat"":37.5428,""lon"":127.112312,""alt"":305},""targetSpeed"":51.4,""seq"":6}","{""phase"":""F"",""startLLA"":{""lat"":37.5428,""lon"":127.112312,""alt"":305},""endLLA"":{""lat"":37.547423,""lon"":127.097424,""alt"":305},""targetSpeed"":51.4,""seq"":7}","{""phase"":""F"",""startLLA"":{""lat"":37.547423,""lon"":127.097424,""alt"":305},""endLLA"":{""lat"":37.557017,""lon"":127.094987,""alt"":305},""targetSpeed"":51.4,""seq"":8}","{""phase"":""G"",""startLLA"":{""lat"":37.557017,""lon"":127.094987,""alt"":305},""endLLA"":{""lat"":37.588078,""lon"":127.087099,""alt"":100},""targetSpeed"":36,""seq"":9}","{""phase"":""I"",""startLLA"":{""lat"":37.588078,""lon"":127.087099,""alt"":100},""endLLA"":{""lat"":37.596919,""lon"":127.084854,""alt"":15},""targetSpeed"":30,""seq"":10}","{""phase"":""J"",""startLLA"":{""lat"":37.596919,""lon"":127.084854,""alt"":15},""endLLA"":{""lat"":37.596919,""lon"":127.084854,""alt"":0},""targetSpeed"":10,""seq"":11}","{""phase"":""K"",""startLLA"":{""lat"":37.596919,""lon"":127.084854,""alt"":0},""endLLA"":{""lat"":37.596919,""lon"":127.084854,""alt"":0},""targetSpeed"":3,""seq"":12}",,,,,,,,,
b4a2894cba5c,2026-06-20,FPL1707010,UAM0084,a4,4,1,0.25,수서,수서,봉천,봉천,16,gate-4,fato-1,gate-8,fato-3,16:54:27,17:06:22,17:12:21,17:19:11,17:29:11,715.46,359.05,410,1484.52,175.46,0,ready,수서 > 경부고속도로 양재천 다리 > 채석장 > 봉천,14.439,11,"{""phase"":""A"",""startLLA"":{""lat"":37.487441,""lon"":127.100603,""alt"":0},""endLLA"":{""lat"":37.487441,""lon"":127.100603,""alt"":0},""targetSpeed"":3,""seq"":1}","{""phase"":""B"",""startLLA"":{""lat"":37.487441,""lon"":127.100603,""alt"":0},""endLLA"":{""lat"":37.487441,""lon"":127.100603,""alt"":15},""targetSpeed"":10,""seq"":2}","{""phase"":""C"",""startLLA"":{""lat"":37.487441,""lon"":127.100603,""alt"":15},""endLLA"":{""lat"":37.484412,""lon"":127.087499,""alt"":100},""targetSpeed"":36,""seq"":3}","{""phase"":""E"",""startLLA"":{""lat"":37.484412,""lon"":127.087499,""alt"":100},""endLLA"":{""lat"":37.475546,""lon"":127.049134,""alt"":305},""targetSpeed"":51.4,""seq"":4}","{""phase"":""F"",""startLLA"":{""lat"":37.475546,""lon"":127.049134,""alt"":305},""endLLA"":{""lat"":37.471593,""lon"":127.032031,""alt"":305},""targetSpeed"":51.4,""seq"":5}","{""phase"":""F"",""startLLA"":{""lat"":37.471593,""lon"":127.032031,""alt"":305},""endLLA"":{""lat"":37.471321,""lon"":126.991206,""alt"":305},""targetSpeed"":51.4,""seq"":6}","{""phase"":""G"",""startLLA"":{""lat"":37.471321,""lon"":126.991206,""alt"":305},""endLLA"":{""lat"":37.471285,""lon"":126.985745,""alt"":276.98},""targetSpeed"":36,""seq"":7}","{""phase"":""G"",""startLLA"":{""lat"":37.471285,""lon"":126.985745,""alt"":276.98},""endLLA"":{""lat"":37.479969,""lon"":126.953031,""alt"":100},""targetSpeed"":36,""seq"":8}","{""phase"":""I"",""startLLA"":{""lat"":37.479969,""lon"":126.953031,""alt"":100},""endLLA"":{""lat"":37.482832,""lon"":126.942245,""alt"":15},""targetSpeed"":30,""seq"":9}","{""phase"":""J"",""startLLA"":{""lat"":37.482832,""lon"":126.942245,""alt"":15},""endLLA"":{""lat"":37.482832,""lon"":126.942245,""alt"":0},""targetSpeed"":10,""seq"":10}","{""phase"":""K"",""startLLA"":{""lat"":37.482832,""lon"":126.942245,""alt"":0},""endLLA"":{""lat"":37.482832,""lon"":126.942245,""alt"":0},""targetSpeed"":3,""seq"":11}",,,,,,,,,,
b4a2894cba5c,2026-06-20,FPL1708013,UAM0048,a8,8,1,0.125,수서,수서,사당,사당,16,gate-6,fato-2,gate-8,fato-3,16:57:33,17:07:53,17:12:39,17:19:29,17:29:29,620,286.87,410,1316.87,140,0,ready,수서 > 경부고속도로 양재천 다리 > 사당,10.7285,10,"{""phase"":""A"",""startLLA"":{""lat"":37.487441,""lon"":127.100603,""alt"":0},""endLLA"":{""lat"":37.487441,""lon"":127.100603,""alt"":0},""targetSpeed"":3,""seq"":1}","{""phase"":""B"",""startLLA"":{""lat"":37.487441,""lon"":127.100603,""alt"":0},""endLLA"":{""lat"":37.487441,""lon"":127.100603,""alt"":15},""targetSpeed"":10,""seq"":2}","{""phase"":""C"",""startLLA"":{""lat"":37.487441,""lon"":127.100603,""alt"":15},""endLLA"":{""lat"":37.484412,""lon"":127.087499,""alt"":100},""targetSpeed"":36,""seq"":3}","{""phase"":""E"",""startLLA"":{""lat"":37.484412,""lon"":127.087499,""alt"":100},""endLLA"":{""lat"":37.475546,""lon"":127.049134,""alt"":305},""targetSpeed"":51.4,""seq"":4}","{""phase"":""F"",""startLLA"":{""lat"":37.475546,""lon"":127.049134,""alt"":305},""endLLA"":{""lat"":37.471861,""lon"":127.033189,""alt"":305},""targetSpeed"":51.4,""seq"":5}","{""phase"":""G"",""startLLA"":{""lat"":37.471861,""lon"":127.033189,""alt"":305},""endLLA"":{""lat"":37.471593,""lon"":127.032031,""alt"":298.81},""targetSpeed"":36,""seq"":6}","{""phase"":""G"",""startLLA"":{""lat"":37.471593,""lon"":127.032031,""alt"":298.81},""endLLA"":{""lat"":37.47482,""lon"":126.993495,""alt"":100},""targetSpeed"":36,""seq"":7}","{""phase"":""I"",""startLLA"":{""lat"":37.47482,""lon"":126.993495,""alt"":100},""endLLA"":{""lat"":37.475767,""lon"":126.982185,""alt"":15},""targetSpeed"":30,""seq"":8}","{""phase"":""J"",""startLLA"":{""lat"":37.475767,""lon"":126.982185,""alt"":15},""endLLA"":{""lat"":37.475767,""lon"":126.982185,""alt"":0},""targetSpeed"":10,""seq"":9}","{""phase"":""K"",""startLLA"":{""lat"":37.475767,""lon"":126.982185,""alt"":0},""endLLA"":{""lat"":37.475767,""lon"":126.982185,""alt"":0},""targetSpeed"":3,""seq"":10}",,,,,,,,,,,
b4a2894cba5c,2026-06-20,FPL1708014,UAM0020,a4,4,4,1,수서,수서,사당,사당,17,gate-8,fato-1,gate-4,fato-3,17:04:45,17:13:45,17:18:31,17:25:21,17:35:21,540,286.87,410,1236.87,0,0,ready,수서 > 경부고속도로 양재천 다리 > 사당,10.7285,10,"{""phase"":""A"",""startLLA"":{""lat"":37.487441,""lon"":127.100603,""alt"":0},""endLLA"":{""lat"":37.487441,""lon"":127.100603,""alt"":0},""targetSpeed"":3,""seq"":1}","{""phase"":""B"",""startLLA"":{""lat"":37.487441,""lon"":127.100603,""alt"":0},""endLLA"":{""lat"":37.487441,""lon"":127.100603,""alt"":15},""targetSpeed"":10,""seq"":2}","{""phase"":""C"",""startLLA"":{""lat"":37.487441,""lon"":127.100603,""alt"":15},""endLLA"":{""lat"":37.484412,""lon"":127.087499,""alt"":100},""targetSpeed"":36,""seq"":3}","{""phase"":""E"",""startLLA"":{""lat"":37.484412,""lon"":127.087499,""alt"":100},""endLLA"":{""lat"":37.475546,""lon"":127.049134,""alt"":305},""targetSpeed"":51.4,""seq"":4}","{""phase"":""F"",""startLLA"":{""lat"":37.475546,""lon"":127.049134,""alt"":305},""endLLA"":{""lat"":37.471861,""lon"":127.033189,""alt"":305},""targetSpeed"":51.4,""seq"":5}","{""phase"":""G"",""startLLA"":{""lat"":37.471861,""lon"":127.033189,""alt"":305},""endLLA"":{""lat"":37.471593,""lon"":127.032031,""alt"":298.81},""targetSpeed"":36,""seq"":6}","{""phase"":""G"",""startLLA"":{""lat"":37.471593,""lon"":127.032031,""alt"":298.81},""endLLA"":{""lat"":37.47482,""lon"":126.993495,""alt"":100},""targetSpeed"":36,""seq"":7}","{""phase"":""I"",""startLLA"":{""lat"":37.47482,""lon"":126.993495,""alt"":100},""endLLA"":{""lat"":37.475767,""lon"":126.982185,""alt"":15},""targetSpeed"":30,""seq"":8}","{""phase"":""J"",""startLLA"":{""lat"":37.475767,""lon"":126.982185,""alt"":15},""endLLA"":{""lat"":37.475767,""lon"":126.982185,""alt"":0},""targetSpeed"":10,""seq"":9}","{""phase"":""K"",""startLLA"":{""lat"":37.475767,""lon"":126.982185,""alt"":0},""endLLA"":{""lat"":37.475767,""lon"":126.982185,""alt"":0},""targetSpeed"":3,""seq"":10}",,,,,,,,,,,
b4a2894cba5c,2026-06-20,FPL1705018,UAM0041,a2,2,2,1,수서,수서,목동,목동,17,gate-4,fato-1,gate-6,fato-4,17:14:19,17:23:19,17:35:49,17:43:39,17:53:39,540,750.39,470,1760.39,0,245.38,ready,수서 > 경부고속도로 양재천 다리 > 채석장 > 180고지 > 영등포 > 목동,21.941,13,"{""phase"":""A"",""startLLA"":{""lat"":37.487441,""lon"":127.100603,""alt"":0},""endLLA"":{""lat"":37.487441,""lon"":127.100603,""alt"":0},""targetSpeed"":3,""seq"":1}","{""phase"":""B"",""startLLA"":{""lat"":37.487441,""lon"":127.100603,""alt"":0},""endLLA"":{""lat"":37.487441,""lon"":127.100603,""alt"":15},""targetSpeed"":10,""seq"":2}","{""phase"":""C"",""startLLA"":{""lat"":37.487441,""lon"":127.100603,""alt"":15},""endLLA"":{""lat"":37.484413,""lon"":127.087502,""alt"":100},""targetSpeed"":36,""seq"":3}","{""phase"":""E"",""startLLA"":{""lat"":37.484413,""lon"":127.087502,""alt"":100},""endLLA"":{""lat"":37.475548,""lon"":127.049146,""alt"":305},""targetSpeed"":51.4,""seq"":4}","{""phase"":""F"",""startLLA"":{""lat"":37.475548,""lon"":127.049146,""alt"":305},""endLLA"":{""lat"":37.471593,""lon"":127.032031,""alt"":305},""targetSpeed"":51.4,""seq"":5}","{""phase"":""F"",""startLLA"":{""lat"":37.471593,""lon"":127.032031,""alt"":305},""endLLA"":{""lat"":37.471285,""lon"":126.985745,""alt"":305},""targetSpeed"":51.4,""seq"":6}","{""phase"":""F"",""startLLA"":{""lat"":37.471285,""lon"":126.985745,""alt"":305},""endLLA"":{""lat"":37.492877,""lon"":126.93949,""alt"":305},""targetSpeed"":51.4,""seq"":7}","{""phase"":""F"",""startLLA"":{""lat"":37.492877,""lon"":126.93949,""alt"":305},""endLLA"":{""lat"":37.506729,""lon"":126.92045,""alt"":305},""targetSpeed"":51.4,""seq"":8}","{""phase"":""G"",""startLLA"":{""lat"":37.506729,""lon"":126.92045,""alt"":305},""endLLA"":{""lat"":37.515965,""lon"":126.907756,""alt"":216.64},""targetSpeed"":36,""seq"":9}","{""phase"":""G"",""startLLA"":{""lat"":37.515965,""lon"":126.907756,""alt"":216.64},""endLLA"":{""lat"":37.522882,""lon"":126.886751,""alt"":100},""targetSpeed"":36,""seq"":10}","{""phase"":""I"",""startLLA"":{""lat"":37.522882,""lon"":126.886751,""alt"":100},""endLLA"":{""lat"":37.526343,""lon"":126.876243,""alt"":15},""targetSpeed"":30,""seq"":11}","{""phase"":""J"",""startLLA"":{""lat"":37.526343,""lon"":126.876243,""alt"":15},""endLLA"":{""lat"":37.526343,""lon"":126.876243,""alt"":0},""targetSpeed"":10,""seq"":12}","{""phase"":""K"",""startLLA"":{""lat"":37.526343,""lon"":126.876243,""alt"":0},""endLLA"":{""lat"":37.526343,""lon"":126.876243,""alt"":0},""targetSpeed"":3,""seq"":13}",,,,,,,,
b4a2894cba5c,2026-06-20,FPL1715015,UAM0112,a8,8,6,0.75,수서,수서,마곡,마곡,17,gate-3,fato-2,gate-5,fato-4,17:16:23,17:24:53,17:38:10,17:46:30,17:56:30,510,797.23,500,1807.23,0,88.35,ready,수서 > 경부고속도로 양재천 다리 > 채석장 > 180고지 > 영등포 > 목동교 > 염창교 > 가양대교 남단 > 마곡,32.4201,16,"{""phase"":""A"",""startLLA"":{""lat"":37.487441,""lon"":127.100603,""alt"":0},""endLLA"":{""lat"":37.487441,""lon"":127.100603,""alt"":0},""targetSpeed"":3,""seq"":1}","{""phase"":""B"",""startLLA"":{""lat"":37.487441,""lon"":127.100603,""alt"":0},""endLLA"":{""lat"":37.487441,""lon"":127.100603,""alt"":15},""targetSpeed"":10,""seq"":2}","{""phase"":""C"",""startLLA"":{""lat"":37.487441,""lon"":127.100603,""alt"":15},""endLLA"":{""lat"":37.484414,""lon"":127.087505,""alt"":100},""targetSpeed"":36,""seq"":3}","{""phase"":""E"",""startLLA"":{""lat"":37.484414,""lon"":127.087505,""alt"":100},""endLLA"":{""lat"":37.475552,""lon"":127.04916,""alt"":305},""targetSpeed"":51.4,""seq"":4}","{""phase"":""F"",""startLLA"":{""lat"":37.475552,""lon"":127.04916,""alt"":305},""endLLA"":{""lat"":37.471593,""lon"":127.032031,""alt"":305},""targetSpeed"":51.4,""seq"":5}","{""phase"":""F"",""startLLA"":{""lat"":37.471593,""lon"":127.032031,""alt"":305},""endLLA"":{""lat"":37.471285,""lon"":126.985745,""alt"":305},""targetSpeed"":51.4,""seq"":6}","{""phase"":""F"",""startLLA"":{""lat"":37.471285,""lon"":126.985745,""alt"":305},""endLLA"":{""lat"":37.492877,""lon"":126.93949,""alt"":305},""targetSpeed"":51.4,""seq"":7}","{""phase"":""F"",""startLLA"":{""lat"":37.492877,""lon"":126.93949,""alt"":305},""endLLA"":{""lat"":37.515965,""lon"":126.907756,""alt"":305},""targetSpeed"":51.4,""seq"":8}","{""phase"":""F"",""startLLA"":{""lat"":37.515965,""lon"":126.907756,""alt"":305},""endLLA"":{""lat"":37.530667,""lon"":126.888262,""alt"":305},""targetSpeed"":51.4,""seq"":9}","{""phase"":""F"",""startLLA"":{""lat"":37.530667,""lon"":126.888262,""alt"":305},""endLLA"":{""lat"":37.553824,""lon"":126.875819,""alt"":305},""targetSpeed"":51.4,""seq"":10}","{""phase"":""F"",""startLLA"":{""lat"":37.553824,""lon"":126.875819,""alt"":305},""endLLA"":{""lat"":37.569391,""lon"":126.861026,""alt"":305},""targetSpeed"":51.4,""seq"":11}","{""phase"":""F"",""startLLA"":{""lat"":37.569391,""lon"":126.861026,""alt"":305},""endLLA"":{""lat"":37.567856,""lon"":126.842881,""alt"":305},""targetSpeed"":51.4,""seq"":12}","{""phase"":""G"",""startLLA"":{""lat"":37.567856,""lon"":126.842881,""alt"":305},""endLLA"":{""lat"":37.564492,""lon"":126.803122,""alt"":100},""targetSpeed"":36,""seq"":13}","{""phase"":""I"",""startLLA"":{""lat"":37.564492,""lon"":126.803122,""alt"":100},""endLLA"":{""lat"":37.563535,""lon"":126.791805,""alt"":15},""targetSpeed"":30,""seq"":14}","{""phase"":""J"",""startLLA"":{""lat"":37.563535,""lon"":126.791805,""alt"":15},""endLLA"":{""lat"":37.563535,""lon"":126.791805,""alt"":0},""targetSpeed"":10,""seq"":15}","{""phase"":""K"",""startLLA"":{""lat"":37.563535,""lon"":126.791805,""alt"":0},""endLLA"":{""lat"":37.563535,""lon"":126.791805,""alt"":0},""targetSpeed"":3,""seq"":16}",,,,,
b4a2894cba5c,2026-06-20,FPL1704008,UAM0091,a4,4,4,1,수서,수서,용산,용산,17,gate-7,fato-1,gate-8,fato-4,17:19:39,17:29:19,17:37:30,17:44:20,17:54:20,580,491.46,410,1481.46,70,0,ready,수서 > 잠실대교 중간지점 > 청담대교 중간지점 > 성수대교 남단 > 주흥교 > 이수고가차로 > 상도터널 > 용산,21.2449,15,"{""phase"":""A"",""startLLA"":{""lat"":37.487441,""lon"":127.100603,""alt"":0},""endLLA"":{""lat"":37.487441,""lon"":127.100603,""alt"":0},""targetSpeed"":3,""seq"":1}","{""phase"":""B"",""startLLA"":{""lat"":37.487441,""lon"":127.100603,""alt"":0},""endLLA"":{""lat"":37.487441,""lon"":127.100603,""alt"":15},""targetSpeed"":10,""seq"":2}","{""phase"":""C"",""startLLA"":{""lat"":37.487441,""lon"":127.100603,""alt"":15},""endLLA"":{""lat"":37.498069,""lon"":127.098017,""alt"":100},""targetSpeed"":36,""seq"":3}","{""phase"":""E"",""startLLA"":{""lat"":37.498069,""lon"":127.098017,""alt"":100},""endLLA"":{""lat"":37.524288,""lon"":127.091639,""alt"":272.74},""targetSpeed"":51.4,""seq"":4}","{""phase"":""E"",""startLLA"":{""lat"":37.524288,""lon"":127.091639,""alt"":272.74},""endLLA"":{""lat"":37.524784,""lon"":127.085383,""alt"":305},""targetSpeed"":51.4,""seq"":5}","{""phase"":""F"",""startLLA"":{""lat"":37.524784,""lon"":127.085383,""alt"":305},""endLLA"":{""lat"":37.526451,""lon"":127.064361,""alt"":305},""targetSpeed"":51.4,""seq"":6}","{""phase"":""F"",""startLLA"":{""lat"":37.526451,""lon"":127.064361,""alt"":305},""endLLA"":{""lat"":37.53537,""lon"":127.034503,""alt"":305},""targetSpeed"":51.4,""seq"":7}","{""phase"":""F"",""startLLA"":{""lat"":37.53537,""lon"":127.034503,""alt"":305},""endLLA"":{""lat"":37.509486,""lon"":127.016026,""alt"":305},""targetSpeed"":51.4,""seq"":8}","{""phase"":""F"",""startLLA"":{""lat"":37.509486,""lon"":127.016026,""alt"":305},""endLLA"":{""lat"":37.497738,""lon"":126.983721,""alt"":305},""targetSpeed"":51.4,""seq"":9}","{""phase"":""F"",""startLLA"":{""lat"":37.497738,""lon"":126.983721,""alt"":305},""endLLA"":{""lat"":37.500804,""lon"":126.974867,""alt"":305},""targetSpeed"":51.4,""seq"":10}","{""phase"":""G"",""startLLA"":{""lat"":37.500804,""lon"":126.974867,""alt"":305},""endLLA"":{""lat"":37.508684,""lon"":126.95211,""alt"":177.57},""targetSpeed"":36,""seq"":11}","{""phase"":""G"",""startLLA"":{""lat"":37.508684,""lon"":126.95211,""alt"":177.57},""endLLA"":{""lat"":37.520333,""lon"":126.955695,""alt"":100},""targetSpeed"":36,""seq"":12}","{""phase"":""I"",""startLLA"":{""lat"":37.520333,""lon"":126.955695,""alt"":100},""endLLA"":{""lat"":37.529096,""lon"":126.958391,""alt"":15},""targetSpeed"":30,""seq"":13}","{""phase"":""J"",""startLLA"":{""lat"":37.529096,""lon"":126.958391,""alt"":15},""endLLA"":{""lat"":37.529096,""lon"":126.958391,""alt"":0},""targetSpeed"":10,""seq"":14}","{""phase"":""K"",""startLLA"":{""lat"":37.529096,""lon"":126.958391,""alt"":0},""endLLA"":{""lat"":37.529096,""lon"":126.958391,""alt"":0},""targetSpeed"":3,""seq"":15}",,,,,,
b4a2894cba5c,2026-06-20,FPL1701014,UAM0079,a8,8,6,0.75,수서,수서,여의도,여의도,17,gate-2,fato-2,gate-3,fato-3,17:22:16,17:30:53,17:38:53,17:46:13,17:56:13,517,480.96,440,1437.96,37,0,ready,수서 > 경부고속도로 양재천 다리 > 채석장 > 180고지 > 영등포 > 여의도,20.7047,13,"{""phase"":""A"",""startLLA"":{""lat"":37.487441,""lon"":127.100603,""alt"":0},""endLLA"":{""lat"":37.487441,""lon"":127.100603,""alt"":0},""targetSpeed"":3,""seq"":1}","{""phase"":""B"",""startLLA"":{""lat"":37.487441,""lon"":127.100603,""alt"":0},""endLLA"":{""lat"":37.487441,""lon"":127.100603,""alt"":15},""targetSpeed"":10,""seq"":2}","{""phase"":""C"",""startLLA"":{""lat"":37.487441,""lon"":127.100603,""alt"":15},""endLLA"":{""lat"":37.484413,""lon"":127.087501,""alt"":100},""targetSpeed"":36,""seq"":3}","{""phase"":""E"",""startLLA"":{""lat"":37.484413,""lon"":127.087501,""alt"":100},""endLLA"":{""lat"":37.475548,""lon"":127.049145,""alt"":305},""targetSpeed"":51.4,""seq"":4}","{""phase"":""F"",""startLLA"":{""lat"":37.475548,""lon"":127.049145,""alt"":305},""endLLA"":{""lat"":37.471593,""lon"":127.032031,""alt"":305},""targetSpeed"":51.4,""seq"":5}","{""phase"":""F"",""startLLA"":{""lat"":37.471593,""lon"":127.032031,""alt"":305},""endLLA"":{""lat"":37.471285,""lon"":126.985745,""alt"":305},""targetSpeed"":51.4,""seq"":6}","{""phase"":""F"",""startLLA"":{""lat"":37.471285,""lon"":126.985745,""alt"":305},""endLLA"":{""lat"":37.492877,""lon"":126.93949,""alt"":305},""targetSpeed"":51.4,""seq"":7}","{""phase"":""F"",""startLLA"":{""lat"":37.492877,""lon"":126.93949,""alt"":305},""endLLA"":{""lat"":37.49922,""lon"":126.930772,""alt"":305},""targetSpeed"":51.4,""seq"":8}","{""phase"":""G"",""startLLA"":{""lat"":37.49922,""lon"":126.930772,""alt"":305},""endLLA"":{""lat"":37.515965,""lon"":126.907756,""alt"":144.8},""targetSpeed"":36,""seq"":9}","{""phase"":""G"",""startLLA"":{""lat"":37.515965,""lon"":126.907756,""alt"":144.8},""endLLA"":{""lat"":37.520546,""lon"":126.914309,""alt"":100},""targetSpeed"":36,""seq"":10}","{""phase"":""I"",""startLLA"":{""lat"":37.520546,""lon"":126.914309,""alt"":100},""endLLA"":{""lat"":37.526513,""lon"":126.922845,""alt"":15},""targetSpeed"":30,""seq"":11}","{""phase"":""J"",""startLLA"":{""lat"":37.526513,""lon"":126.922845,""alt"":15},""endLLA"":{""lat"":37.526513,""lon"":126.922845,""alt"":0},""targetSpeed"":10,""seq"":12}","{""phase"":""K"",""startLLA"":{""lat"":37.526513,""lon"":126.922845,""alt"":0},""endLLA"":{""lat"":37.526513,""lon"":126.922845,""alt"":0},""targetSpeed"":3,""seq"":13}",,,,,,,,
b4a2894cba5c,2026-06-20,FPL1712013,UAM0052,a4,4,3,0.75,수서,수서,광화문,광화문,17,gate-8,fato-1,gate-3,fato-3,17:24:19,17:35:19,17:43:32,17:50:52,18:00:52,660,493.05,440,1593.05,120,0,ready,수서 > 잠실대교 중간지점 > 청담대교 중간지점 > 성수대교 남단 > 왕십리역 > 청량리 > 신설동역 > 광화문,21.5406,15,"{""phase"":""A"",""startLLA"":{""lat"":37.487441,""lon"":127.100603,""alt"":0},""endLLA"":{""lat"":37.487441,""lon"":127.100603,""alt"":0},""targetSpeed"":3,""seq"":1}","{""phase"":""B"",""startLLA"":{""lat"":37.487441,""lon"":127.100603,""alt"":0},""endLLA"":{""lat"":37.487441,""lon"":127.100603,""alt"":15},""targetSpeed"":10,""seq"":2}","{""phase"":""C"",""startLLA"":{""lat"":37.487441,""lon"":127.100603,""alt"":15},""endLLA"":{""lat"":37.498186,""lon"":127.097989,""alt"":100},""targetSpeed"":36,""seq"":3}","{""phase"":""E"",""startLLA"":{""lat"":37.498186,""lon"":127.097989,""alt"":100},""endLLA"":{""lat"":37.524288,""lon"":127.091639,""alt"":270.1},""targetSpeed"":51.4,""seq"":4}","{""phase"":""E"",""startLLA"":{""lat"":37.524288,""lon"":127.091639,""alt"":270.1},""endLLA"":{""lat"":37.524831,""lon"":127.084797,""alt"":305},""targetSpeed"":51.4,""seq"":5}","{""phase"":""F"",""startLLA"":{""lat"":37.524831,""lon"":127.084797,""alt"":305},""endLLA"":{""lat"":37.526451,""lon"":127.064361,""alt"":305},""targetSpeed"":51.4,""seq"":6}","{""phase"":""F"",""startLLA"":{""lat"":37.526451,""lon"":127.064361,""alt"":305},""endLLA"":{""lat"":37.53537,""lon"":127.034503,""alt"":305},""targetSpeed"":51.4,""seq"":7}","{""phase"":""F"",""startLLA"":{""lat"":37.53537,""lon"":127.034503,""alt"":305},""endLLA"":{""lat"":37.561925,""lon"":127.038491,""alt"":305},""targetSpeed"":51.4,""seq"":8}","{""phase"":""F"",""startLLA"":{""lat"":37.561925,""lon"":127.038491,""alt"":305},""endLLA"":{""lat"":37.581542,""lon"":127.048947,""alt"":305},""targetSpeed"":51.4,""seq"":9}","{""phase"":""F"",""startLLA"":{""lat"":37.581542,""lon"":127.048947,""alt"":305},""endLLA"":{""lat"":37.575947,""lon"":127.024779,""alt"":305},""targetSpeed"":51.4,""seq"":10}","{""phase"":""G"",""startLLA"":{""lat"":37.575947,""lon"":127.024779,""alt"":305},""endLLA"":{""lat"":37.575658,""lon"":127.02353,""alt"":298.4},""targetSpeed"":36,""seq"":11}","{""phase"":""G"",""startLLA"":{""lat"":37.575658,""lon"":127.02353,""alt"":298.4},""endLLA"":{""lat"":37.570521,""lon"":126.984951,""alt"":100},""targetSpeed"":36,""seq"":12}","{""phase"":""I"",""startLLA"":{""lat"":37.570521,""lon"":126.984951,""alt"":100},""endLLA"":{""lat"":37.56901,""lon"":126.973604,""alt"":15},""targetSpeed"":30,""seq"":13}","{""phase"":""J"",""startLLA"":{""lat"":37.56901,""lon"":126.973604,""alt"":15},""endLLA"":{""lat"":37.56901,""lon"":126.973604,""alt"":0},""targetSpeed"":10,""seq"":14}","{""phase"":""K"",""startLLA"":{""lat"":37.56901,""lon"":126.973604,""alt"":0},""endLLA"":{""lat"":37.56901,""lon"":126.973604,""alt"":0},""targetSpeed"":3,""seq"":15}",,,,,,
b4a2894cba5c,2026-06-20,FPL1707011,UAM0124,a4,4,3,0.75,수서,수서,봉천,봉천,17,gate-4,fato-1,gate-7,fato-4,17:36:20,17:45:20,17:51:19,17:58:39,18:08:39,540,359.05,440,1339.05,0,0,ready,수서 > 경부고속도로 양재천 다리 > 채석장 > 봉천,14.439,11,"{""phase"":""A"",""startLLA"":{""lat"":37.487441,""lon"":127.100603,""alt"":0},""endLLA"":{""lat"":37.487441,""lon"":127.100603,""alt"":0},""targetSpeed"":3,""seq"":1}","{""phase"":""B"",""startLLA"":{""lat"":37.487441,""lon"":127.100603,""alt"":0},""endLLA"":{""lat"":37.487441,""lon"":127.100603,""alt"":15},""targetSpeed"":10,""seq"":2}","{""phase"":""C"",""startLLA"":{""lat"":37.487441,""lon"":127.100603,""alt"":15},""endLLA"":{""lat"":37.484412,""lon"":127.087499,""alt"":100},""targetSpeed"":36,""seq"":3}","{""phase"":""E"",""startLLA"":{""lat"":37.484412,""lon"":127.087499,""alt"":100},""endLLA"":{""lat"":37.475546,""lon"":127.049134,""alt"":305},""targetSpeed"":51.4,""seq"":4}","{""phase"":""F"",""startLLA"":{""lat"":37.475546,""lon"":127.049134,""alt"":305},""endLLA"":{""lat"":37.471593,""lon"":127.032031,""alt"":305},""targetSpeed"":51.4,""seq"":5}","{""phase"":""F"",""startLLA"":{""lat"":37.471593,""lon"":127.032031,""alt"":305},""endLLA"":{""lat"":37.471321,""lon"":126.991206,""alt"":305},""targetSpeed"":51.4,""seq"":6}","{""phase"":""G"",""startLLA"":{""lat"":37.471321,""lon"":126.991206,""alt"":305},""endLLA"":{""lat"":37.471285,""lon"":126.985745,""alt"":276.98},""targetSpeed"":36,""seq"":7}","{""phase"":""G"",""startLLA"":{""lat"":37.471285,""lon"":126.985745,""alt"":276.98},""endLLA"":{""lat"":37.479969,""lon"":126.953031,""alt"":100},""targetSpeed"":36,""seq"":8}","{""phase"":""I"",""startLLA"":{""lat"":37.479969,""lon"":126.953031,""alt"":100},""endLLA"":{""lat"":37.482832,""lon"":126.942245,""alt"":15},""targetSpeed"":30,""seq"":9}","{""phase"":""J"",""startLLA"":{""lat"":37.482832,""lon"":126.942245,""alt"":15},""endLLA"":{""lat"":37.482832,""lon"":126.942245,""alt"":0},""targetSpeed"":10,""seq"":10}","{""phase"":""K"",""startLLA"":{""lat"":37.482832,""lon"":126.942245,""alt"":0},""endLLA"":{""lat"":37.482832,""lon"":126.942245,""alt"":0},""targetSpeed"":3,""seq"":11}",,,,,,,,,,
b4a2894cba5c,2026-06-20,FPL1708015,UAM0005,a6,6,3,0.5,수서,수서,사당,사당,17,gate-3,fato-2,gate-2,fato-3,17:37:30,17:46:00,17:51:17,17:59:07,18:09:07,510,317.34,470,1297.34,0,30.48,ready,수서 > 경부고속도로 양재천 다리 > 사당,10.7285,10,"{""phase"":""A"",""startLLA"":{""lat"":37.487441,""lon"":127.100603,""alt"":0},""endLLA"":{""lat"":37.487441,""lon"":127.100603,""alt"":0},""targetSpeed"":3,""seq"":1}","{""phase"":""B"",""startLLA"":{""lat"":37.487441,""lon"":127.100603,""alt"":0},""endLLA"":{""lat"":37.487441,""lon"":127.100603,""alt"":15},""targetSpeed"":10,""seq"":2}","{""phase"":""C"",""startLLA"":{""lat"":37.487441,""lon"":127.100603,""alt"":15},""endLLA"":{""lat"":37.484412,""lon"":127.087499,""alt"":100},""targetSpeed"":36,""seq"":3}","{""phase"":""E"",""startLLA"":{""lat"":37.484412,""lon"":127.087499,""alt"":100},""endLLA"":{""lat"":37.475546,""lon"":127.049134,""alt"":305},""targetSpeed"":51.4,""seq"":4}","{""phase"":""F"",""startLLA"":{""lat"":37.475546,""lon"":127.049134,""alt"":305},""endLLA"":{""lat"":37.471861,""lon"":127.033189,""alt"":305},""targetSpeed"":51.4,""seq"":5}","{""phase"":""G"",""startLLA"":{""lat"":37.471861,""lon"":127.033189,""alt"":305},""endLLA"":{""lat"":37.471593,""lon"":127.032031,""alt"":298.81},""targetSpeed"":36,""seq"":6}","{""phase"":""G"",""startLLA"":{""lat"":37.471593,""lon"":127.032031,""alt"":298.81},""endLLA"":{""lat"":37.47482,""lon"":126.993495,""alt"":100},""targetSpeed"":36,""seq"":7}","{""phase"":""I"",""startLLA"":{""lat"":37.47482,""lon"":126.993495,""alt"":100},""endLLA"":{""lat"":37.475767,""lon"":126.982185,""alt"":15},""targetSpeed"":30,""seq"":8}","{""phase"":""J"",""startLLA"":{""lat"":37.475767,""lon"":126.982185,""alt"":15},""endLLA"":{""lat"":37.475767,""lon"":126.982185,""alt"":0},""targetSpeed"":10,""seq"":9}","{""phase"":""K"",""startLLA"":{""lat"":37.475767,""lon"":126.982185,""alt"":0},""endLLA"":{""lat"":37.475767,""lon"":126.982185,""alt"":0},""targetSpeed"":3,""seq"":10}",,,,,,,,,,,
b4a2894cba5c,2026-06-20,FPL1716016,UAM0002,a2,2,2,1,수서,수서,망우,망우,17,gate-6,fato-1,gate-8,fato-4,17:42:10,17:51:20,18:00:40,18:08:10,18:18:10,550,560,450,1560,70,40,ready,수서 > 잠실대교 중간지점 > 천호대교 중간지점 > 아차산 고가차도 > 망우,13.9617,12,"{""phase"":""A"",""startLLA"":{""lat"":37.487441,""lon"":127.100603,""alt"":0},""endLLA"":{""lat"":37.487441,""lon"":127.100603,""alt"":0},""targetSpeed"":3,""seq"":1}","{""phase"":""B"",""startLLA"":{""lat"":37.487441,""lon"":127.100603,""alt"":0},""endLLA"":{""lat"":37.487441,""lon"":127.100603,""alt"":15},""targetSpeed"":10,""seq"":2}","{""phase"":""C"",""startLLA"":{""lat"":37.487441,""lon"":127.100603,""alt"":15},""endLLA"":{""lat"":37.498067,""lon"":127.098018,""alt"":100},""targetSpeed"":36,""seq"":3}","{""phase"":""E"",""startLLA"":{""lat"":37.498067,""lon"":127.098018,""alt"":100},""endLLA"":{""lat"":37.524288,""lon"":127.091639,""alt"":272.79},""targetSpeed"":51.4,""seq"":4}","{""phase"":""E"",""startLLA"":{""lat"":37.524288,""lon"":127.091639,""alt"":272.79},""endLLA"":{""lat"":37.528015,""lon"":127.095801,""alt"":305},""targetSpeed"":51.4,""seq"":5}","{""phase"":""F"",""startLLA"":{""lat"":37.528015,""lon"":127.095801,""alt"":305},""endLLA"":{""lat"":37.5428,""lon"":127.112312,""alt"":305},""targetSpeed"":51.4,""seq"":6}","{""phase"":""F"",""startLLA"":{""lat"":37.5428,""lon"":127.112312,""alt"":305},""endLLA"":{""lat"":37.547423,""lon"":127.097424,""alt"":305},""targetSpeed"":51.4,""seq"":7}","{""phase"":""F"",""startLLA"":{""lat"":37.547423,""lon"":127.097424,""alt"":305},""endLLA"":{""lat"":37.557017,""lon"":127.094987,""alt"":305},""targetSpeed"":51.4,""seq"":8}","{""phase"":""G"",""startLLA"":{""lat"":37.557017,""lon"":127.094987,""alt"":305},""endLLA"":{""lat"":37.588078,""lon"":127.087099,""alt"":100},""targetSpeed"":36,""seq"":9}","{""phase"":""I"",""startLLA"":{""lat"":37.588078,""lon"":127.087099,""alt"":100},""endLLA"":{""lat"":37.596919,""lon"":127.084854,""alt"":15},""targetSpeed"":30,""seq"":10}","{""phase"":""J"",""startLLA"":{""lat"":37.596919,""lon"":127.084854,""alt"":15},""endLLA"":{""lat"":37.596919,""lon"":127.084854,""alt"":0},""targetSpeed"":10,""seq"":11}","{""phase"":""K"",""startLLA"":{""lat"":37.596919,""lon"":127.084854,""alt"":0},""endLLA"":{""lat"":37.596919,""lon"":127.084854,""alt"":0},""targetSpeed"":3,""seq"":12}",,,,,,,,,
b4a2894cba5c,2026-06-20,FPL1703012,UAM0089,a2,2,2,1,수서,수서,상암,상암,17,gate-8,fato-2,gate-7,fato-3,17:44:05,17:54:09,18:03:22,18:10:42,18:20:42,604.77,552.34,440,1597.11,64.77,0,ready,수서 > 경부고속도로 양재천 다리 > 채석장 > 180고지 > 영등포 > 선유도 17고지 > 상암,24.374,14,"{""phase"":""A"",""startLLA"":{""lat"":37.487441,""lon"":127.100603,""alt"":0},""endLLA"":{""lat"":37.487441,""lon"":127.100603,""alt"":0},""targetSpeed"":3,""seq"":1}","{""phase"":""B"",""startLLA"":{""lat"":37.487441,""lon"":127.100603,""alt"":0},""endLLA"":{""lat"":37.487441,""lon"":127.100603,""alt"":15},""targetSpeed"":10,""seq"":2}","{""phase"":""C"",""startLLA"":{""lat"":37.487441,""lon"":127.100603,""alt"":15},""endLLA"":{""lat"":37.484413,""lon"":127.087503,""alt"":100},""targetSpeed"":36,""seq"":3}","{""phase"":""E"",""startLLA"":{""lat"":37.484413,""lon"":127.087503,""alt"":100},""endLLA"":{""lat"":37.47555,""lon"":127.04915,""alt"":305},""targetSpeed"":51.4,""seq"":4}","{""phase"":""F"",""startLLA"":{""lat"":37.47555,""lon"":127.04915,""alt"":305},""endLLA"":{""lat"":37.471593,""lon"":127.032031,""alt"":305},""targetSpeed"":51.4,""seq"":5}","{""phase"":""F"",""startLLA"":{""lat"":37.471593,""lon"":127.032031,""alt"":305},""endLLA"":{""lat"":37.471285,""lon"":126.985745,""alt"":305},""targetSpeed"":51.4,""seq"":6}","{""phase"":""F"",""startLLA"":{""lat"":37.471285,""lon"":126.985745,""alt"":305},""endLLA"":{""lat"":37.492877,""lon"":126.93949,""alt"":305},""targetSpeed"":51.4,""seq"":7}","{""phase"":""F"",""startLLA"":{""lat"":37.492877,""lon"":126.93949,""alt"":305},""endLLA"":{""lat"":37.515965,""lon"":126.907756,""alt"":305},""targetSpeed"":51.4,""seq"":8}","{""phase"":""F"",""startLLA"":{""lat"":37.515965,""lon"":126.907756,""alt"":305},""endLLA"":{""lat"":37.524052,""lon"":126.906139,""alt"":305},""targetSpeed"":51.4,""seq"":9}","{""phase"":""G"",""startLLA"":{""lat"":37.524052,""lon"":126.906139,""alt"":305},""endLLA"":{""lat"":37.542307,""lon"":126.90249,""alt"":185.47},""targetSpeed"":36,""seq"":10}","{""phase"":""G"",""startLLA"":{""lat"":37.542307,""lon"":126.90249,""alt"":185.47},""endLLA"":{""lat"":37.554178,""lon"":126.89516,""alt"":100},""targetSpeed"":36,""seq"":11}","{""phase"":""I"",""startLLA"":{""lat"":37.554178,""lon"":126.89516,""alt"":100},""endLLA"":{""lat"":37.562282,""lon"":126.890156,""alt"":15},""targetSpeed"":30,""seq"":12}","{""phase"":""J"",""startLLA"":{""lat"":37.562282,""lon"":126.890156,""alt"":15},""endLLA"":{""lat"":37.562282,""lon"":126.890156,""alt"":0},""targetSpeed"":10,""seq"":13}","{""phase"":""K"",""startLLA"":{""lat"":37.562282,""lon"":126.890156,""alt"":0},""endLLA"":{""lat"":37.562282,""lon"":126.890156,""alt"":0},""targetSpeed"":3,""seq"":14}",,,,,,,
b4a2894cba5c,2026-06-20,FPL1714014,UAM0074,a2,2,2,1,수서,수서,가산,가산,17,gate-7,fato-1,gate-4,fato-3,17:46:30,17:57:20,18:05:16,18:12:06,18:22:06,650,476.98,410,1536.98,140,0,ready,수서 > 경부고속도로 양재천 다리 > 채석장 > 180고지 > 가산,20.5002,12,"{""phase"":""A"",""startLLA"":{""lat"":37.487441,""lon"":127.100603,""alt"":0},""endLLA"":{""lat"":37.487441,""lon"":127.100603,""alt"":0},""targetSpeed"":3,""seq"":1}","{""phase"":""B"",""startLLA"":{""lat"":37.487441,""lon"":127.100603,""alt"":0},""endLLA"":{""lat"":37.487441,""lon"":127.100603,""alt"":15},""targetSpeed"":10,""seq"":2}","{""phase"":""C"",""startLLA"":{""lat"":37.487441,""lon"":127.100603,""alt"":15},""endLLA"":{""lat"":37.484413,""lon"":127.0875,""alt"":100},""targetSpeed"":36,""seq"":3}","{""phase"":""E"",""startLLA"":{""lat"":37.484413,""lon"":127.0875,""alt"":100},""endLLA"":{""lat"":37.475547,""lon"":127.049139,""alt"":305},""targetSpeed"":51.4,""seq"":4}","{""phase"":""F"",""startLLA"":{""lat"":37.475547,""lon"":127.049139,""alt"":305},""endLLA"":{""lat"":37.471593,""lon"":127.032031,""alt"":305},""targetSpeed"":51.4,""seq"":5}","{""phase"":""F"",""startLLA"":{""lat"":37.471593,""lon"":127.032031,""alt"":305},""endLLA"":{""lat"":37.471285,""lon"":126.985745,""alt"":305},""targetSpeed"":51.4,""seq"":6}","{""phase"":""F"",""startLLA"":{""lat"":37.471285,""lon"":126.985745,""alt"":305},""endLLA"":{""lat"":37.492877,""lon"":126.93949,""alt"":305},""targetSpeed"":51.4,""seq"":7}","{""phase"":""F"",""startLLA"":{""lat"":37.492877,""lon"":126.93949,""alt"":305},""endLLA"":{""lat"":37.492284,""lon"":126.929987,""alt"":305},""targetSpeed"":51.4,""seq"":8}","{""phase"":""G"",""startLLA"":{""lat"":37.492284,""lon"":126.929987,""alt"":305},""endLLA"":{""lat"":37.489799,""lon"":126.890149,""alt"":100},""targetSpeed"":36,""seq"":9}","{""phase"":""I"",""startLLA"":{""lat"":37.489799,""lon"":126.890149,""alt"":100},""endLLA"":{""lat"":37.489091,""lon"":126.878809,""alt"":15},""targetSpeed"":30,""seq"":10}","{""phase"":""J"",""startLLA"":{""lat"":37.489091,""lon"":126.878809,""alt"":15},""endLLA"":{""lat"":37.489091,""lon"":126.878809,""alt"":0},""targetSpeed"":10,""seq"":11}","{""phase"":""K"",""startLLA"":{""lat"":37.489091,""lon"":126.878809,""alt"":0},""endLLA"":{""lat"":37.489091,""lon"":126.878809,""alt"":0},""targetSpeed"":3,""seq"":12}",,,,,,,,,
b4a2894cba5c,2026-06-20,FPL1706011,UAM0042,a2,2,2,1,수서,수서,미아,미아,17,gate-2,fato-2,gate-3,fato-3,17:50:52,18:00:09,18:09:10,18:16:30,18:26:30,557.77,540.57,440,1538.34,77.77,59.44,ready,수서 > 잠실대교 중간지점 > 천호대교 중간지점 > 아차산 고가차도 > 상봉 > 월릉교 > 미아,20.7137,14,"{""phase"":""A"",""startLLA"":{""lat"":37.487441,""lon"":127.100603,""alt"":0},""endLLA"":{""lat"":37.487441,""lon"":127.100603,""alt"":0},""targetSpeed"":3,""seq"":1}","{""phase"":""B"",""startLLA"":{""lat"":37.487441,""lon"":127.100603,""alt"":0},""endLLA"":{""lat"":37.487441,""lon"":127.100603,""alt"":15},""targetSpeed"":10,""seq"":2}","{""phase"":""C"",""startLLA"":{""lat"":37.487441,""lon"":127.100603,""alt"":15},""endLLA"":{""lat"":37.498065,""lon"":127.098018,""alt"":100},""targetSpeed"":36,""seq"":3}","{""phase"":""E"",""startLLA"":{""lat"":37.498065,""lon"":127.098018,""alt"":100},""endLLA"":{""lat"":37.524288,""lon"":127.091639,""alt"":272.84},""targetSpeed"":51.4,""seq"":4}","{""phase"":""E"",""startLLA"":{""lat"":37.524288,""lon"":127.091639,""alt"":272.84},""endLLA"":{""lat"":37.528008,""lon"":127.095794,""alt"":305},""targetSpeed"":51.4,""seq"":5}","{""phase"":""F"",""startLLA"":{""lat"":37.528008,""lon"":127.095794,""alt"":305},""endLLA"":{""lat"":37.5428,""lon"":127.112312,""alt"":305},""targetSpeed"":51.4,""seq"":6}","{""phase"":""F"",""startLLA"":{""lat"":37.5428,""lon"":127.112312,""alt"":305},""endLLA"":{""lat"":37.547423,""lon"":127.097424,""alt"":305},""targetSpeed"":51.4,""seq"":7}","{""phase"":""F"",""startLLA"":{""lat"":37.547423,""lon"":127.097424,""alt"":305},""endLLA"":{""lat"":37.596919,""lon"":127.084854,""alt"":305},""targetSpeed"":51.4,""seq"":8}","{""phase"":""F"",""startLLA"":{""lat"":37.596919,""lon"":127.084854,""alt"":305},""endLLA"":{""lat"":37.614366,""lon"":127.072716,""alt"":305},""targetSpeed"":51.4,""seq"":9}","{""phase"":""G"",""startLLA"":{""lat"":37.614366,""lon"":127.072716,""alt"":305},""endLLA"":{""lat"":37.616266,""lon"":127.071394,""alt"":290.96},""targetSpeed"":36,""seq"":10}","{""phase"":""G"",""startLLA"":{""lat"":37.616266,""lon"":127.071394,""alt"":290.96},""endLLA"":{""lat"":37.626944,""lon"":127.036665,""alt"":100},""targetSpeed"":36,""seq"":11}","{""phase"":""I"",""startLLA"":{""lat"":37.626944,""lon"":127.036665,""alt"":100},""endLLA"":{""lat"":37.630207,""lon"":127.026053,""alt"":15},""targetSpeed"":30,""seq"":12}","{""phase"":""J"",""startLLA"":{""lat"":37.630207,""lon"":127.026053,""alt"":15},""endLLA"":{""lat"":37.630207,""lon"":127.026053,""alt"":0},""targetSpeed"":10,""seq"":13}","{""phase"":""K"",""startLLA"":{""lat"":37.630207,""lon"":127.026053,""alt"":0},""endLLA"":{""lat"":37.630207,""lon"":127.026053,""alt"":0},""targetSpeed"":3,""seq"":14}",,,,,,,
b4a2894cba5c,2026-06-20,FPL1705019,UAM0127,a8,8,1,0.125,수서,수서,목동,목동,17,gate-1,fato-1,gate-8,fato-3,17:52:32,18:03:20,18:11:45,18:18:35,18:28:35,648,505.01,410,1563.01,198,0,ready,수서 > 경부고속도로 양재천 다리 > 채석장 > 180고지 > 영등포 > 목동,21.941,13,"{""phase"":""A"",""startLLA"":{""lat"":37.487441,""lon"":127.100603,""alt"":0},""endLLA"":{""lat"":37.487441,""lon"":127.100603,""alt"":0},""targetSpeed"":3,""seq"":1}","{""phase"":""B"",""startLLA"":{""lat"":37.487441,""lon"":127.100603,""alt"":0},""endLLA"":{""lat"":37.487441,""lon"":127.100603,""alt"":15},""targetSpeed"":10,""seq"":2}","{""phase"":""C"",""startLLA"":{""lat"":37.487441,""lon"":127.100603,""alt"":15},""endLLA"":{""lat"":37.484413,""lon"":127.087502,""alt"":100},""targetSpeed"":36,""seq"":3}","{""phase"":""E"",""startLLA"":{""lat"":37.484413,""lon"":127.087502,""alt"":100},""endLLA"":{""lat"":37.475548,""lon"":127.049146,""alt"":305},""targetSpeed"":51.4,""seq"":4}","{""phase"":""F"",""startLLA"":{""lat"":37.475548,""lon"":127.049146,""alt"":305},""endLLA"":{""lat"":37.471593,""lon"":127.032031,""alt"":305},""targetSpeed"":51.4,""seq"":5}","{""phase"":""F"",""startLLA"":{""lat"":37.471593,""lon"":127.032031,""alt"":305},""endLLA"":{""lat"":37.471285,""lon"":126.985745,""alt"":305},""targetSpeed"":51.4,""seq"":6}","{""phase"":""F"",""startLLA"":{""lat"":37.471285,""lon"":126.985745,""alt"":305},""endLLA"":{""lat"":37.492877,""lon"":126.93949,""alt"":305},""targetSpeed"":51.4,""seq"":7}","{""phase"":""F"",""startLLA"":{""lat"":37.492877,""lon"":126.93949,""alt"":305},""endLLA"":{""lat"":37.506729,""lon"":126.92045,""alt"":305},""targetSpeed"":51.4,""seq"":8}","{""phase"":""G"",""startLLA"":{""lat"":37.506729,""lon"":126.92045,""alt"":305},""endLLA"":{""lat"":37.515965,""lon"":126.907756,""alt"":216.64},""targetSpeed"":36,""seq"":9}","{""phase"":""G"",""startLLA"":{""lat"":37.515965,""lon"":126.907756,""alt"":216.64},""endLLA"":{""lat"":37.522882,""lon"":126.886751,""alt"":100},""targetSpeed"":36,""seq"":10}","{""phase"":""I"",""startLLA"":{""lat"":37.522882,""lon"":126.886751,""alt"":100},""endLLA"":{""lat"":37.526343,""lon"":126.876243,""alt"":15},""targetSpeed"":30,""seq"":11}","{""phase"":""J"",""startLLA"":{""lat"":37.526343,""lon"":126.876243,""alt"":15},""endLLA"":{""lat"":37.526343,""lon"":126.876243,""alt"":0},""targetSpeed"":10,""seq"":12}","{""phase"":""K"",""startLLA"":{""lat"":37.526343,""lon"":126.876243,""alt"":0},""endLLA"":{""lat"":37.526343,""lon"":126.876243,""alt"":0},""targetSpeed"":3,""seq"":13}",,,,,,,,
b4a2894cba5c,2026-06-20,FPL1710009,UAM0018,a2,2,1,0.5,수서,수서,연신내,연신내,17,gate-4,fato-2,gate-3,fato-3,17:56:11,18:06:09,18:17:39,18:24:59,18:34:59,597.81,689.51,440,1727.32,89.77,0,ready,수서 > 경부고속도로 양재천 다리 > 채석장 > 180고지 > 영등포 > 선유도 17고지 > 성산대교 중간지점 > 수색교 > 연신내,31.4243,16,"{""phase"":""A"",""startLLA"":{""lat"":37.487441,""lon"":127.100603,""alt"":0},""endLLA"":{""lat"":37.487441,""lon"":127.100603,""alt"":0},""targetSpeed"":3,""seq"":1}","{""phase"":""B"",""startLLA"":{""lat"":37.487441,""lon"":127.100603,""alt"":0},""endLLA"":{""lat"":37.487441,""lon"":127.100603,""alt"":15},""targetSpeed"":10,""seq"":2}","{""phase"":""C"",""startLLA"":{""lat"":37.487441,""lon"":127.100603,""alt"":15},""endLLA"":{""lat"":37.484414,""lon"":127.087505,""alt"":100},""targetSpeed"":36,""seq"":3}","{""phase"":""E"",""startLLA"":{""lat"":37.484414,""lon"":127.087505,""alt"":100},""endLLA"":{""lat"":37.475552,""lon"":127.049159,""alt"":305},""targetSpeed"":51.4,""seq"":4}","{""phase"":""F"",""startLLA"":{""lat"":37.475552,""lon"":127.049159,""alt"":305},""endLLA"":{""lat"":37.471593,""lon"":127.032031,""alt"":305},""targetSpeed"":51.4,""seq"":5}","{""phase"":""F"",""startLLA"":{""lat"":37.471593,""lon"":127.032031,""alt"":305},""endLLA"":{""lat"":37.471285,""lon"":126.985745,""alt"":305},""targetSpeed"":51.4,""seq"":6}","{""phase"":""F"",""startLLA"":{""lat"":37.471285,""lon"":126.985745,""alt"":305},""endLLA"":{""lat"":37.492877,""lon"":126.93949,""alt"":305},""targetSpeed"":51.4,""seq"":7}","{""phase"":""F"",""startLLA"":{""lat"":37.492877,""lon"":126.93949,""alt"":305},""endLLA"":{""lat"":37.515965,""lon"":126.907756,""alt"":305},""targetSpeed"":51.4,""seq"":8}","{""phase"":""F"",""startLLA"":{""lat"":37.515965,""lon"":126.907756,""alt"":305},""endLLA"":{""lat"":37.542307,""lon"":126.90249,""alt"":305},""targetSpeed"":51.4,""seq"":9}","{""phase"":""F"",""startLLA"":{""lat"":37.542307,""lon"":126.90249,""alt"":305},""endLLA"":{""lat"":37.552574,""lon"":126.891431,""alt"":305},""targetSpeed"":51.4,""seq"":10}","{""phase"":""F"",""startLLA"":{""lat"":37.552574,""lon"":126.891431,""alt"":305},""endLLA"":{""lat"":37.583689,""lon"":126.886699,""alt"":305},""targetSpeed"":51.4,""seq"":11}","{""phase"":""G"",""startLLA"":{""lat"":37.583689,""lon"":126.886699,""alt"":305},""endLLA"":{""lat"":37.586283,""lon"":126.886304,""alt"":288.1},""targetSpeed"":36,""seq"":12}","{""phase"":""G"",""startLLA"":{""lat"":37.586283,""lon"":126.886304,""alt"":288.1},""endLLA"":{""lat"":37.605258,""lon"":126.914118,""alt"":100},""targetSpeed"":36,""seq"":13}","{""phase"":""I"",""startLLA"":{""lat"":37.605258,""lon"":126.914118,""alt"":100},""endLLA"":{""lat"":37.611145,""lon"":126.922747,""alt"":15},""targetSpeed"":30,""seq"":14}","{""phase"":""J"",""startLLA"":{""lat"":37.611145,""lon"":126.922747,""alt"":15},""endLLA"":{""lat"":37.611145,""lon"":126.922747,""alt"":0},""targetSpeed"":10,""seq"":15}","{""phase"":""K"",""startLLA"":{""lat"":37.611145,""lon"":126.922747,""alt"":0},""endLLA"":{""lat"":37.611145,""lon"":126.922747,""alt"":0},""targetSpeed"":3,""seq"":16}",,,,,
b4a2894cba5c,2026-06-20,FPL1704009,UAM0068,a4,4,1,0.25,수서,수서,용산,용산,17,gate-3,fato-1,gate-4,fato-3,17:56:50,18:09:20,18:17:31,18:24:21,18:34:21,750,491.46,410,1651.46,240,0,ready,수서 > 잠실대교 중간지점 > 청담대교 중간지점 > 성수대교 남단 > 주흥교 > 이수고가차로 > 상도터널 > 용산,21.2449,15,"{""phase"":""A"",""startLLA"":{""lat"":37.487441,""lon"":127.100603,""alt"":0},""endLLA"":{""lat"":37.487441,""lon"":127.100603,""alt"":0},""targetSpeed"":3,""seq"":1}","{""phase"":""B"",""startLLA"":{""lat"":37.487441,""lon"":127.100603,""alt"":0},""endLLA"":{""lat"":37.487441,""lon"":127.100603,""alt"":15},""targetSpeed"":10,""seq"":2}","{""phase"":""C"",""startLLA"":{""lat"":37.487441,""lon"":127.100603,""alt"":15},""endLLA"":{""lat"":37.498069,""lon"":127.098017,""alt"":100},""targetSpeed"":36,""seq"":3}","{""phase"":""E"",""startLLA"":{""lat"":37.498069,""lon"":127.098017,""alt"":100},""endLLA"":{""lat"":37.524288,""lon"":127.091639,""alt"":272.74},""targetSpeed"":51.4,""seq"":4}","{""phase"":""E"",""startLLA"":{""lat"":37.524288,""lon"":127.091639,""alt"":272.74},""endLLA"":{""lat"":37.524784,""lon"":127.085383,""alt"":305},""targetSpeed"":51.4,""seq"":5}","{""phase"":""F"",""startLLA"":{""lat"":37.524784,""lon"":127.085383,""alt"":305},""endLLA"":{""lat"":37.526451,""lon"":127.064361,""alt"":305},""targetSpeed"":51.4,""seq"":6}","{""phase"":""F"",""startLLA"":{""lat"":37.526451,""lon"":127.064361,""alt"":305},""endLLA"":{""lat"":37.53537,""lon"":127.034503,""alt"":305},""targetSpeed"":51.4,""seq"":7}","{""phase"":""F"",""startLLA"":{""lat"":37.53537,""lon"":127.034503,""alt"":305},""endLLA"":{""lat"":37.509486,""lon"":127.016026,""alt"":305},""targetSpeed"":51.4,""seq"":8}","{""phase"":""F"",""startLLA"":{""lat"":37.509486,""lon"":127.016026,""alt"":305},""endLLA"":{""lat"":37.497738,""lon"":126.983721,""alt"":305},""targetSpeed"":51.4,""seq"":9}","{""phase"":""F"",""startLLA"":{""lat"":37.497738,""lon"":126.983721,""alt"":305},""endLLA"":{""lat"":37.500804,""lon"":126.974867,""alt"":305},""targetSpeed"":51.4,""seq"":10}","{""phase"":""G"",""startLLA"":{""lat"":37.500804,""lon"":126.974867,""alt"":305},""endLLA"":{""lat"":37.508684,""lon"":126.95211,""alt"":177.57},""targetSpeed"":36,""seq"":11}","{""phase"":""G"",""startLLA"":{""lat"":37.508684,""lon"":126.95211,""alt"":177.57},""endLLA"":{""lat"":37.520333,""lon"":126.955695,""alt"":100},""targetSpeed"":36,""seq"":12}","{""phase"":""I"",""startLLA"":{""lat"":37.520333,""lon"":126.955695,""alt"":100},""endLLA"":{""lat"":37.529096,""lon"":126.958391,""alt"":15},""targetSpeed"":30,""seq"":13}","{""phase"":""J"",""startLLA"":{""lat"":37.529096,""lon"":126.958391,""alt"":15},""endLLA"":{""lat"":37.529096,""lon"":126.958391,""alt"":0},""targetSpeed"":10,""seq"":14}","{""phase"":""K"",""startLLA"":{""lat"":37.529096,""lon"":126.958391,""alt"":0},""endLLA"":{""lat"":37.529096,""lon"":126.958391,""alt"":0},""targetSpeed"":3,""seq"":15}",,,,,,
b4a2894cba5c,2026-06-20,FPL1714015,UAM0060,a4,4,4,1,수서,수서,가산,가산,18,gate-8,fato-2,gate-8,fato-3,18:01:52,18:12:09,18:20:06,18:26:56,18:36:56,617.77,476.98,410,1504.75,77.77,0,ready,수서 > 경부고속도로 양재천 다리 > 채석장 > 180고지 > 가산,20.5002,12,"{""phase"":""A"",""startLLA"":{""lat"":37.487441,""lon"":127.100603,""alt"":0},""endLLA"":{""lat"":37.487441,""lon"":127.100603,""alt"":0},""targetSpeed"":3,""seq"":1}","{""phase"":""B"",""startLLA"":{""lat"":37.487441,""lon"":127.100603,""alt"":0},""endLLA"":{""lat"":37.487441,""lon"":127.100603,""alt"":15},""targetSpeed"":10,""seq"":2}","{""phase"":""C"",""startLLA"":{""lat"":37.487441,""lon"":127.100603,""alt"":15},""endLLA"":{""lat"":37.484413,""lon"":127.0875,""alt"":100},""targetSpeed"":36,""seq"":3}","{""phase"":""E"",""startLLA"":{""lat"":37.484413,""lon"":127.0875,""alt"":100},""endLLA"":{""lat"":37.475547,""lon"":127.049139,""alt"":305},""targetSpeed"":51.4,""seq"":4}","{""phase"":""F"",""startLLA"":{""lat"":37.475547,""lon"":127.049139,""alt"":305},""endLLA"":{""lat"":37.471593,""lon"":127.032031,""alt"":305},""targetSpeed"":51.4,""seq"":5}","{""phase"":""F"",""startLLA"":{""lat"":37.471593,""lon"":127.032031,""alt"":305},""endLLA"":{""lat"":37.471285,""lon"":126.985745,""alt"":305},""targetSpeed"":51.4,""seq"":6}","{""phase"":""F"",""startLLA"":{""lat"":37.471285,""lon"":126.985745,""alt"":305},""endLLA"":{""lat"":37.492877,""lon"":126.93949,""alt"":305},""targetSpeed"":51.4,""seq"":7}","{""phase"":""F"",""startLLA"":{""lat"":37.492877,""lon"":126.93949,""alt"":305},""endLLA"":{""lat"":37.492284,""lon"":126.929987,""alt"":305},""targetSpeed"":51.4,""seq"":8}","{""phase"":""G"",""startLLA"":{""lat"":37.492284,""lon"":126.929987,""alt"":305},""endLLA"":{""lat"":37.489799,""lon"":126.890149,""alt"":100},""targetSpeed"":36,""seq"":9}","{""phase"":""I"",""startLLA"":{""lat"":37.489799,""lon"":126.890149,""alt"":100},""endLLA"":{""lat"":37.489091,""lon"":126.878809,""alt"":15},""targetSpeed"":30,""seq"":10}","{""phase"":""J"",""startLLA"":{""lat"":37.489091,""lon"":126.878809,""alt"":15},""endLLA"":{""lat"":37.489091,""lon"":126.878809,""alt"":0},""targetSpeed"":10,""seq"":11}","{""phase"":""K"",""startLLA"":{""lat"":37.489091,""lon"":126.878809,""alt"":0},""endLLA"":{""lat"":37.489091,""lon"":126.878809,""alt"":0},""targetSpeed"":3,""seq"":12}",,,,,,,,,
b4a2894cba5c,2026-06-20,FPL1710010,UAM0034,a2,2,2,1,수서,수서,연신내,연신내,18,gate-7,fato-1,gate-4,fato-4,18:06:33,18:15:20,18:26:49,18:33:39,18:43:39,527,689.51,410,1626.51,17,0,ready,수서 > 경부고속도로 양재천 다리 > 채석장 > 180고지 > 영등포 > 선유도 17고지 > 성산대교 중간지점 > 수색교 > 연신내,31.4243,16,"{""phase"":""A"",""startLLA"":{""lat"":37.487441,""lon"":127.100603,""alt"":0},""endLLA"":{""lat"":37.487441,""lon"":127.100603,""alt"":0},""targetSpeed"":3,""seq"":1}","{""phase"":""B"",""startLLA"":{""lat"":37.487441,""lon"":127.100603,""alt"":0},""endLLA"":{""lat"":37.487441,""lon"":127.100603,""alt"":15},""targetSpeed"":10,""seq"":2}","{""phase"":""C"",""startLLA"":{""lat"":37.487441,""lon"":127.100603,""alt"":15},""endLLA"":{""lat"":37.484414,""lon"":127.087505,""alt"":100},""targetSpeed"":36,""seq"":3}","{""phase"":""E"",""startLLA"":{""lat"":37.484414,""lon"":127.087505,""alt"":100},""endLLA"":{""lat"":37.475552,""lon"":127.049159,""alt"":305},""targetSpeed"":51.4,""seq"":4}","{""phase"":""F"",""startLLA"":{""lat"":37.475552,""lon"":127.049159,""alt"":305},""endLLA"":{""lat"":37.471593,""lon"":127.032031,""alt"":305},""targetSpeed"":51.4,""seq"":5}","{""phase"":""F"",""startLLA"":{""lat"":37.471593,""lon"":127.032031,""alt"":305},""endLLA"":{""lat"":37.471285,""lon"":126.985745,""alt"":305},""targetSpeed"":51.4,""seq"":6}","{""phase"":""F"",""startLLA"":{""lat"":37.471285,""lon"":126.985745,""alt"":305},""endLLA"":{""lat"":37.492877,""lon"":126.93949,""alt"":305},""targetSpeed"":51.4,""seq"":7}","{""phase"":""F"",""startLLA"":{""lat"":37.492877,""lon"":126.93949,""alt"":305},""endLLA"":{""lat"":37.515965,""lon"":126.907756,""alt"":305},""targetSpeed"":51.4,""seq"":8}","{""phase"":""F"",""startLLA"":{""lat"":37.515965,""lon"":126.907756,""alt"":305},""endLLA"":{""lat"":37.542307,""lon"":126.90249,""alt"":305},""targetSpeed"":51.4,""seq"":9}","{""phase"":""F"",""startLLA"":{""lat"":37.542307,""lon"":126.90249,""alt"":305},""endLLA"":{""lat"":37.552574,""lon"":126.891431,""alt"":305},""targetSpeed"":51.4,""seq"":10}","{""phase"":""F"",""startLLA"":{""lat"":37.552574,""lon"":126.891431,""alt"":305},""endLLA"":{""lat"":37.583689,""lon"":126.886699,""alt"":305},""targetSpeed"":51.4,""seq"":11}","{""phase"":""G"",""startLLA"":{""lat"":37.583689,""lon"":126.886699,""alt"":305},""endLLA"":{""lat"":37.586283,""lon"":126.886304,""alt"":288.1},""targetSpeed"":36,""seq"":12}","{""phase"":""G"",""startLLA"":{""lat"":37.586283,""lon"":126.886304,""alt"":288.1},""endLLA"":{""lat"":37.605258,""lon"":126.914118,""alt"":100},""targetSpeed"":36,""seq"":13}","{""phase"":""I"",""startLLA"":{""lat"":37.605258,""lon"":126.914118,""alt"":100},""endLLA"":{""lat"":37.611145,""lon"":126.922747,""alt"":15},""targetSpeed"":30,""seq"":14}","{""phase"":""J"",""startLLA"":{""lat"":37.611145,""lon"":126.922747,""alt"":15},""endLLA"":{""lat"":37.611145,""lon"":126.922747,""alt"":0},""targetSpeed"":10,""seq"":15}","{""phase"":""K"",""startLLA"":{""lat"":37.611145,""lon"":126.922747,""alt"":0},""endLLA"":{""lat"":37.611145,""lon"":126.922747,""alt"":0},""targetSpeed"":3,""seq"":16}",,,,,
b4a2894cba5c,2026-06-20,FPL1712014,UAM0058,a2,2,2,1,수서,수서,광화문,광화문,18,gate-6,fato-2,gate-8,fato-3,18:09:02,18:18:09,18:26:22,18:33:12,18:43:12,547.77,493.05,410,1450.82,67.77,0,ready,수서 > 잠실대교 중간지점 > 청담대교 중간지점 > 성수대교 남단 > 왕십리역 > 청량리 > 신설동역 > 광화문,21.5406,15,"{""phase"":""A"",""startLLA"":{""lat"":37.487441,""lon"":127.100603,""alt"":0},""endLLA"":{""lat"":37.487441,""lon"":127.100603,""alt"":0},""targetSpeed"":3,""seq"":1}","{""phase"":""B"",""startLLA"":{""lat"":37.487441,""lon"":127.100603,""alt"":0},""endLLA"":{""lat"":37.487441,""lon"":127.100603,""alt"":15},""targetSpeed"":10,""seq"":2}","{""phase"":""C"",""startLLA"":{""lat"":37.487441,""lon"":127.100603,""alt"":15},""endLLA"":{""lat"":37.498186,""lon"":127.097989,""alt"":100},""targetSpeed"":36,""seq"":3}","{""phase"":""E"",""startLLA"":{""lat"":37.498186,""lon"":127.097989,""alt"":100},""endLLA"":{""lat"":37.524288,""lon"":127.091639,""alt"":270.1},""targetSpeed"":51.4,""seq"":4}","{""phase"":""E"",""startLLA"":{""lat"":37.524288,""lon"":127.091639,""alt"":270.1},""endLLA"":{""lat"":37.524831,""lon"":127.084797,""alt"":305},""targetSpeed"":51.4,""seq"":5}","{""phase"":""F"",""startLLA"":{""lat"":37.524831,""lon"":127.084797,""alt"":305},""endLLA"":{""lat"":37.526451,""lon"":127.064361,""alt"":305},""targetSpeed"":51.4,""seq"":6}","{""phase"":""F"",""startLLA"":{""lat"":37.526451,""lon"":127.064361,""alt"":305},""endLLA"":{""lat"":37.53537,""lon"":127.034503,""alt"":305},""targetSpeed"":51.4,""seq"":7}","{""phase"":""F"",""startLLA"":{""lat"":37.53537,""lon"":127.034503,""alt"":305},""endLLA"":{""lat"":37.561925,""lon"":127.038491,""alt"":305},""targetSpeed"":51.4,""seq"":8}","{""phase"":""F"",""startLLA"":{""lat"":37.561925,""lon"":127.038491,""alt"":305},""endLLA"":{""lat"":37.581542,""lon"":127.048947,""alt"":305},""targetSpeed"":51.4,""seq"":9}","{""phase"":""F"",""startLLA"":{""lat"":37.581542,""lon"":127.048947,""alt"":305},""endLLA"":{""lat"":37.575947,""lon"":127.024779,""alt"":305},""targetSpeed"":51.4,""seq"":10}","{""phase"":""G"",""startLLA"":{""lat"":37.575947,""lon"":127.024779,""alt"":305},""endLLA"":{""lat"":37.575658,""lon"":127.02353,""alt"":298.4},""targetSpeed"":36,""seq"":11}","{""phase"":""G"",""startLLA"":{""lat"":37.575658,""lon"":127.02353,""alt"":298.4},""endLLA"":{""lat"":37.570521,""lon"":126.984951,""alt"":100},""targetSpeed"":36,""seq"":12}","{""phase"":""I"",""startLLA"":{""lat"":37.570521,""lon"":126.984951,""alt"":100},""endLLA"":{""lat"":37.56901,""lon"":126.973604,""alt"":15},""targetSpeed"":30,""seq"":13}","{""phase"":""J"",""startLLA"":{""lat"":37.56901,""lon"":126.973604,""alt"":15},""endLLA"":{""lat"":37.56901,""lon"":126.973604,""alt"":0},""targetSpeed"":10,""seq"":14}","{""phase"":""K"",""startLLA"":{""lat"":37.56901,""lon"":126.973604,""alt"":0},""endLLA"":{""lat"":37.56901,""lon"":126.973604,""alt"":0},""targetSpeed"":3,""seq"":15}",,,,,,
b4a2894cba5c,2026-06-20,FPL1701015,UAM0077,a6,6,6,1,수서,수서,여의도,여의도,18,gate-2,fato-1,gate-7,fato-3,18:13:26,18:21:26,18:29:26,18:36:46,18:46:46,480,480.96,440,1400.96,0,0,ready,수서 > 경부고속도로 양재천 다리 > 채석장 > 180고지 > 영등포 > 여의도,20.7047,13,"{""phase"":""A"",""startLLA"":{""lat"":37.487441,""lon"":127.100603,""alt"":0},""endLLA"":{""lat"":37.487441,""lon"":127.100603,""alt"":0},""targetSpeed"":3,""seq"":1}","{""phase"":""B"",""startLLA"":{""lat"":37.487441,""lon"":127.100603,""alt"":0},""endLLA"":{""lat"":37.487441,""lon"":127.100603,""alt"":15},""targetSpeed"":10,""seq"":2}","{""phase"":""C"",""startLLA"":{""lat"":37.487441,""lon"":127.100603,""alt"":15},""endLLA"":{""lat"":37.484413,""lon"":127.087501,""alt"":100},""targetSpeed"":36,""seq"":3}","{""phase"":""E"",""startLLA"":{""lat"":37.484413,""lon"":127.087501,""alt"":100},""endLLA"":{""lat"":37.475548,""lon"":127.049145,""alt"":305},""targetSpeed"":51.4,""seq"":4}","{""phase"":""F"",""startLLA"":{""lat"":37.475548,""lon"":127.049145,""alt"":305},""endLLA"":{""lat"":37.471593,""lon"":127.032031,""alt"":305},""targetSpeed"":51.4,""seq"":5}","{""phase"":""F"",""startLLA"":{""lat"":37.471593,""lon"":127.032031,""alt"":305},""endLLA"":{""lat"":37.471285,""lon"":126.985745,""alt"":305},""targetSpeed"":51.4,""seq"":6}","{""phase"":""F"",""startLLA"":{""lat"":37.471285,""lon"":126.985745,""alt"":305},""endLLA"":{""lat"":37.492877,""lon"":126.93949,""alt"":305},""targetSpeed"":51.4,""seq"":7}","{""phase"":""F"",""startLLA"":{""lat"":37.492877,""lon"":126.93949,""alt"":305},""endLLA"":{""lat"":37.49922,""lon"":126.930772,""alt"":305},""targetSpeed"":51.4,""seq"":8}","{""phase"":""G"",""startLLA"":{""lat"":37.49922,""lon"":126.930772,""alt"":305},""endLLA"":{""lat"":37.515965,""lon"":126.907756,""alt"":144.8},""targetSpeed"":36,""seq"":9}","{""phase"":""G"",""startLLA"":{""lat"":37.515965,""lon"":126.907756,""alt"":144.8},""endLLA"":{""lat"":37.520546,""lon"":126.914309,""alt"":100},""targetSpeed"":36,""seq"":10}","{""phase"":""I"",""startLLA"":{""lat"":37.520546,""lon"":126.914309,""alt"":100},""endLLA"":{""lat"":37.526513,""lon"":126.922845,""alt"":15},""targetSpeed"":30,""seq"":11}","{""phase"":""J"",""startLLA"":{""lat"":37.526513,""lon"":126.922845,""alt"":15},""endLLA"":{""lat"":37.526513,""lon"":126.922845,""alt"":0},""targetSpeed"":10,""seq"":12}","{""phase"":""K"",""startLLA"":{""lat"":37.526513,""lon"":126.922845,""alt"":0},""endLLA"":{""lat"":37.526513,""lon"":126.922845,""alt"":0},""targetSpeed"":3,""seq"":13}",,,,,,,,
b4a2894cba5c,2026-06-20,FPL1706012,UAM0057,a2,2,2,1,수서,수서,미아,미아,18,gate-4,fato-2,gate-7,fato-3,18:16:32,18:27:02,18:35:03,18:42:23,18:52:23,630.51,481.13,440,1551.64,90.51,0,ready,수서 > 잠실대교 중간지점 > 천호대교 중간지점 > 아차산 고가차도 > 상봉 > 월릉교 > 미아,20.7137,14,"{""phase"":""A"",""startLLA"":{""lat"":37.487441,""lon"":127.100603,""alt"":0},""endLLA"":{""lat"":37.487441,""lon"":127.100603,""alt"":0},""targetSpeed"":3,""seq"":1}","{""phase"":""B"",""startLLA"":{""lat"":37.487441,""lon"":127.100603,""alt"":0},""endLLA"":{""lat"":37.487441,""lon"":127.100603,""alt"":15},""targetSpeed"":10,""seq"":2}","{""phase"":""C"",""startLLA"":{""lat"":37.487441,""lon"":127.100603,""alt"":15},""endLLA"":{""lat"":37.498065,""lon"":127.098018,""alt"":100},""targetSpeed"":36,""seq"":3}","{""phase"":""E"",""startLLA"":{""lat"":37.498065,""lon"":127.098018,""alt"":100},""endLLA"":{""lat"":37.524288,""lon"":127.091639,""alt"":272.84},""targetSpeed"":51.4,""seq"":4}","{""phase"":""E"",""startLLA"":{""lat"":37.524288,""lon"":127.091639,""alt"":272.84},""endLLA"":{""lat"":37.528008,""lon"":127.095794,""alt"":305},""targetSpeed"":51.4,""seq"":5}","{""phase"":""F"",""startLLA"":{""lat"":37.528008,""lon"":127.095794,""alt"":305},""endLLA"":{""lat"":37.5428,""lon"":127.112312,""alt"":305},""targetSpeed"":51.4,""seq"":6}","{""phase"":""F"",""startLLA"":{""lat"":37.5428,""lon"":127.112312,""alt"":305},""endLLA"":{""lat"":37.547423,""lon"":127.097424,""alt"":305},""targetSpeed"":51.4,""seq"":7}","{""phase"":""F"",""startLLA"":{""lat"":37.547423,""lon"":127.097424,""alt"":305},""endLLA"":{""lat"":37.596919,""lon"":127.084854,""alt"":305},""targetSpeed"":51.4,""seq"":8}","{""phase"":""F"",""startLLA"":{""lat"":37.596919,""lon"":127.084854,""alt"":305},""endLLA"":{""lat"":37.614366,""lon"":127.072716,""alt"":305},""targetSpeed"":51.4,""seq"":9}","{""phase"":""G"",""startLLA"":{""lat"":37.614366,""lon"":127.072716,""alt"":305},""endLLA"":{""lat"":37.616266,""lon"":127.071394,""alt"":290.96},""targetSpeed"":36,""seq"":10}","{""phase"":""G"",""startLLA"":{""lat"":37.616266,""lon"":127.071394,""alt"":290.96},""endLLA"":{""lat"":37.626944,""lon"":127.036665,""alt"":100},""targetSpeed"":36,""seq"":11}","{""phase"":""I"",""startLLA"":{""lat"":37.626944,""lon"":127.036665,""alt"":100},""endLLA"":{""lat"":37.630207,""lon"":127.026053,""alt"":15},""targetSpeed"":30,""seq"":12}","{""phase"":""J"",""startLLA"":{""lat"":37.630207,""lon"":127.026053,""alt"":15},""endLLA"":{""lat"":37.630207,""lon"":127.026053,""alt"":0},""targetSpeed"":10,""seq"":13}","{""phase"":""K"",""startLLA"":{""lat"":37.630207,""lon"":127.026053,""alt"":0},""endLLA"":{""lat"":37.630207,""lon"":127.026053,""alt"":0},""targetSpeed"":3,""seq"":14}",,,,,,,
b4a2894cba5c,2026-06-20,FPL1705020,UAM0038,a6,6,6,1,수서,수서,목동,목동,18,gate-8,fato-1,gate-4,fato-3,18:28:24,18:38:02,18:46:27,18:53:17,19:03:17,578.71,505.01,410,1493.72,38.71,0,ready,수서 > 경부고속도로 양재천 다리 > 채석장 > 180고지 > 영등포 > 목동,21.941,13,"{""phase"":""A"",""startLLA"":{""lat"":37.487441,""lon"":127.100603,""alt"":0},""endLLA"":{""lat"":37.487441,""lon"":127.100603,""alt"":0},""targetSpeed"":3,""seq"":1}","{""phase"":""B"",""startLLA"":{""lat"":37.487441,""lon"":127.100603,""alt"":0},""endLLA"":{""lat"":37.487441,""lon"":127.100603,""alt"":15},""targetSpeed"":10,""seq"":2}","{""phase"":""C"",""startLLA"":{""lat"":37.487441,""lon"":127.100603,""alt"":15},""endLLA"":{""lat"":37.484413,""lon"":127.087502,""alt"":100},""targetSpeed"":36,""seq"":3}","{""phase"":""E"",""startLLA"":{""lat"":37.484413,""lon"":127.087502,""alt"":100},""endLLA"":{""lat"":37.475548,""lon"":127.049146,""alt"":305},""targetSpeed"":51.4,""seq"":4}","{""phase"":""F"",""startLLA"":{""lat"":37.475548,""lon"":127.049146,""alt"":305},""endLLA"":{""lat"":37.471593,""lon"":127.032031,""alt"":305},""targetSpeed"":51.4,""seq"":5}","{""phase"":""F"",""startLLA"":{""lat"":37.471593,""lon"":127.032031,""alt"":305},""endLLA"":{""lat"":37.471285,""lon"":126.985745,""alt"":305},""targetSpeed"":51.4,""seq"":6}","{""phase"":""F"",""startLLA"":{""lat"":37.471285,""lon"":126.985745,""alt"":305},""endLLA"":{""lat"":37.492877,""lon"":126.93949,""alt"":305},""targetSpeed"":51.4,""seq"":7}","{""phase"":""F"",""startLLA"":{""lat"":37.492877,""lon"":126.93949,""alt"":305},""endLLA"":{""lat"":37.506729,""lon"":126.92045,""alt"":305},""targetSpeed"":51.4,""seq"":8}","{""phase"":""G"",""startLLA"":{""lat"":37.506729,""lon"":126.92045,""alt"":305},""endLLA"":{""lat"":37.515965,""lon"":126.907756,""alt"":216.64},""targetSpeed"":36,""seq"":9}","{""phase"":""G"",""startLLA"":{""lat"":37.515965,""lon"":126.907756,""alt"":216.64},""endLLA"":{""lat"":37.522882,""lon"":126.886751,""alt"":100},""targetSpeed"":36,""seq"":10}","{""phase"":""I"",""startLLA"":{""lat"":37.522882,""lon"":126.886751,""alt"":100},""endLLA"":{""lat"":37.526343,""lon"":126.876243,""alt"":15},""targetSpeed"":30,""seq"":11}","{""phase"":""J"",""startLLA"":{""lat"":37.526343,""lon"":126.876243,""alt"":15},""endLLA"":{""lat"":37.526343,""lon"":126.876243,""alt"":0},""targetSpeed"":10,""seq"":12}","{""phase"":""K"",""startLLA"":{""lat"":37.526343,""lon"":126.876243,""alt"":0},""endLLA"":{""lat"":37.526343,""lon"":126.876243,""alt"":0},""targetSpeed"":3,""seq"":13}",,,,,,,,
b4a2894cba5c,2026-06-20,FPL1710011,UAM0131,a4,4,4,1,수서,수서,연신내,연신내,18,gate-3,fato-2,gate-2,fato-3,18:29:43,18:38:42,18:52:57,19:00:47,19:10:47,539.71,855.12,470,1864.83,29.71,165.61,ready,수서 > 경부고속도로 양재천 다리 > 채석장 > 180고지 > 영등포 > 선유도 17고지 > 성산대교 중간지점 > 수색교 > 연신내,31.4243,16,"{""phase"":""A"",""startLLA"":{""lat"":37.487441,""lon"":127.100603,""alt"":0},""endLLA"":{""lat"":37.487441,""lon"":127.100603,""alt"":0},""targetSpeed"":3,""seq"":1}","{""phase"":""B"",""startLLA"":{""lat"":37.487441,""lon"":127.100603,""alt"":0},""endLLA"":{""lat"":37.487441,""lon"":127.100603,""alt"":15},""targetSpeed"":10,""seq"":2}","{""phase"":""C"",""startLLA"":{""lat"":37.487441,""lon"":127.100603,""alt"":15},""endLLA"":{""lat"":37.484414,""lon"":127.087505,""alt"":100},""targetSpeed"":36,""seq"":3}","{""phase"":""E"",""startLLA"":{""lat"":37.484414,""lon"":127.087505,""alt"":100},""endLLA"":{""lat"":37.475552,""lon"":127.049159,""alt"":305},""targetSpeed"":51.4,""seq"":4}","{""phase"":""F"",""startLLA"":{""lat"":37.475552,""lon"":127.049159,""alt"":305},""endLLA"":{""lat"":37.471593,""lon"":127.032031,""alt"":305},""targetSpeed"":51.4,""seq"":5}","{""phase"":""F"",""startLLA"":{""lat"":37.471593,""lon"":127.032031,""alt"":305},""endLLA"":{""lat"":37.471285,""lon"":126.985745,""alt"":305},""targetSpeed"":51.4,""seq"":6}","{""phase"":""F"",""startLLA"":{""lat"":37.471285,""lon"":126.985745,""alt"":305},""endLLA"":{""lat"":37.492877,""lon"":126.93949,""alt"":305},""targetSpeed"":51.4,""seq"":7}","{""phase"":""F"",""startLLA"":{""lat"":37.492877,""lon"":126.93949,""alt"":305},""endLLA"":{""lat"":37.515965,""lon"":126.907756,""alt"":305},""targetSpeed"":51.4,""seq"":8}","{""phase"":""F"",""startLLA"":{""lat"":37.515965,""lon"":126.907756,""alt"":305},""endLLA"":{""lat"":37.542307,""lon"":126.90249,""alt"":305},""targetSpeed"":51.4,""seq"":9}","{""phase"":""F"",""startLLA"":{""lat"":37.542307,""lon"":126.90249,""alt"":305},""endLLA"":{""lat"":37.552574,""lon"":126.891431,""alt"":305},""targetSpeed"":51.4,""seq"":10}","{""phase"":""F"",""startLLA"":{""lat"":37.552574,""lon"":126.891431,""alt"":305},""endLLA"":{""lat"":37.583689,""lon"":126.886699,""alt"":305},""targetSpeed"":51.4,""seq"":11}","{""phase"":""G"",""startLLA"":{""lat"":37.583689,""lon"":126.886699,""alt"":305},""endLLA"":{""lat"":37.586283,""lon"":126.886304,""alt"":288.1},""targetSpeed"":36,""seq"":12}","{""phase"":""G"",""startLLA"":{""lat"":37.586283,""lon"":126.886304,""alt"":288.1},""endLLA"":{""lat"":37.605258,""lon"":126.914118,""alt"":100},""targetSpeed"":36,""seq"":13}","{""phase"":""I"",""startLLA"":{""lat"":37.605258,""lon"":126.914118,""alt"":100},""endLLA"":{""lat"":37.611145,""lon"":126.922747,""alt"":15},""targetSpeed"":30,""seq"":14}","{""phase"":""J"",""startLLA"":{""lat"":37.611145,""lon"":126.922747,""alt"":15},""endLLA"":{""lat"":37.611145,""lon"":126.922747,""alt"":0},""targetSpeed"":10,""seq"":15}","{""phase"":""K"",""startLLA"":{""lat"":37.611145,""lon"":126.922747,""alt"":0},""endLLA"":{""lat"":37.611145,""lon"":126.922747,""alt"":0},""targetSpeed"":3,""seq"":16}",,,,,
b4a2894cba5c,2026-06-20,FPL1703013,UAM0113,a2,2,2,1,수서,수서,상암,상암,18,gate-7,fato-1,gate-8,fato-3,18:33:44,18:44:02,18:53:15,19:00:05,19:10:05,618.71,552.34,410,1581.05,108.71,0,ready,수서 > 경부고속도로 양재천 다리 > 채석장 > 180고지 > 영등포 > 선유도 17고지 > 상암,24.374,14,"{""phase"":""A"",""startLLA"":{""lat"":37.487441,""lon"":127.100603,""alt"":0},""endLLA"":{""lat"":37.487441,""lon"":127.100603,""alt"":0},""targetSpeed"":3,""seq"":1}","{""phase"":""B"",""startLLA"":{""lat"":37.487441,""lon"":127.100603,""alt"":0},""endLLA"":{""lat"":37.487441,""lon"":127.100603,""alt"":15},""targetSpeed"":10,""seq"":2}","{""phase"":""C"",""startLLA"":{""lat"":37.487441,""lon"":127.100603,""alt"":15},""endLLA"":{""lat"":37.484413,""lon"":127.087503,""alt"":100},""targetSpeed"":36,""seq"":3}","{""phase"":""E"",""startLLA"":{""lat"":37.484413,""lon"":127.087503,""alt"":100},""endLLA"":{""lat"":37.47555,""lon"":127.04915,""alt"":305},""targetSpeed"":51.4,""seq"":4}","{""phase"":""F"",""startLLA"":{""lat"":37.47555,""lon"":127.04915,""alt"":305},""endLLA"":{""lat"":37.471593,""lon"":127.032031,""alt"":305},""targetSpeed"":51.4,""seq"":5}","{""phase"":""F"",""startLLA"":{""lat"":37.471593,""lon"":127.032031,""alt"":305},""endLLA"":{""lat"":37.471285,""lon"":126.985745,""alt"":305},""targetSpeed"":51.4,""seq"":6}","{""phase"":""F"",""startLLA"":{""lat"":37.471285,""lon"":126.985745,""alt"":305},""endLLA"":{""lat"":37.492877,""lon"":126.93949,""alt"":305},""targetSpeed"":51.4,""seq"":7}","{""phase"":""F"",""startLLA"":{""lat"":37.492877,""lon"":126.93949,""alt"":305},""endLLA"":{""lat"":37.515965,""lon"":126.907756,""alt"":305},""targetSpeed"":51.4,""seq"":8}","{""phase"":""F"",""startLLA"":{""lat"":37.515965,""lon"":126.907756,""alt"":305},""endLLA"":{""lat"":37.524052,""lon"":126.906139,""alt"":305},""targetSpeed"":51.4,""seq"":9}","{""phase"":""G"",""startLLA"":{""lat"":37.524052,""lon"":126.906139,""alt"":305},""endLLA"":{""lat"":37.542307,""lon"":126.90249,""alt"":185.47},""targetSpeed"":36,""seq"":10}","{""phase"":""G"",""startLLA"":{""lat"":37.542307,""lon"":126.90249,""alt"":185.47},""endLLA"":{""lat"":37.554178,""lon"":126.89516,""alt"":100},""targetSpeed"":36,""seq"":11}","{""phase"":""I"",""startLLA"":{""lat"":37.554178,""lon"":126.89516,""alt"":100},""endLLA"":{""lat"":37.562282,""lon"":126.890156,""alt"":15},""targetSpeed"":30,""seq"":12}","{""phase"":""J"",""startLLA"":{""lat"":37.562282,""lon"":126.890156,""alt"":15},""endLLA"":{""lat"":37.562282,""lon"":126.890156,""alt"":0},""targetSpeed"":10,""seq"":13}","{""phase"":""K"",""startLLA"":{""lat"":37.562282,""lon"":126.890156,""alt"":0},""endLLA"":{""lat"":37.562282,""lon"":126.890156,""alt"":0},""targetSpeed"":3,""seq"":14}",,,,,,,
b4a2894cba5c,2026-06-20,FPL1712015,UAM0070,a6,6,5,0.8333,수서,수서,광화문,광화문,18,gate-4,fato-2,gate-8,fato-3,18:34:24,18:44:42,18:52:55,18:59:45,19:09:45,618.71,493.05,410,1521.76,78.71,0,ready,수서 > 잠실대교 중간지점 > 청담대교 중간지점 > 성수대교 남단 > 왕십리역 > 청량리 > 신설동역 > 광화문,21.5406,15,"{""phase"":""A"",""startLLA"":{""lat"":37.487441,""lon"":127.100603,""alt"":0},""endLLA"":{""lat"":37.487441,""lon"":127.100603,""alt"":0},""targetSpeed"":3,""seq"":1}","{""phase"":""B"",""startLLA"":{""lat"":37.487441,""lon"":127.100603,""alt"":0},""endLLA"":{""lat"":37.487441,""lon"":127.100603,""alt"":15},""targetSpeed"":10,""seq"":2}","{""phase"":""C"",""startLLA"":{""lat"":37.487441,""lon"":127.100603,""alt"":15},""endLLA"":{""lat"":37.498186,""lon"":127.097989,""alt"":100},""targetSpeed"":36,""seq"":3}","{""phase"":""E"",""startLLA"":{""lat"":37.498186,""lon"":127.097989,""alt"":100},""endLLA"":{""lat"":37.524288,""lon"":127.091639,""alt"":270.1},""targetSpeed"":51.4,""seq"":4}","{""phase"":""E"",""startLLA"":{""lat"":37.524288,""lon"":127.091639,""alt"":270.1},""endLLA"":{""lat"":37.524831,""lon"":127.084797,""alt"":305},""targetSpeed"":51.4,""seq"":5}","{""phase"":""F"",""startLLA"":{""lat"":37.524831,""lon"":127.084797,""alt"":305},""endLLA"":{""lat"":37.526451,""lon"":127.064361,""alt"":305},""targetSpeed"":51.4,""seq"":6}","{""phase"":""F"",""startLLA"":{""lat"":37.526451,""lon"":127.064361,""alt"":305},""endLLA"":{""lat"":37.53537,""lon"":127.034503,""alt"":305},""targetSpeed"":51.4,""seq"":7}","{""phase"":""F"",""startLLA"":{""lat"":37.53537,""lon"":127.034503,""alt"":305},""endLLA"":{""lat"":37.561925,""lon"":127.038491,""alt"":305},""targetSpeed"":51.4,""seq"":8}","{""phase"":""F"",""startLLA"":{""lat"":37.561925,""lon"":127.038491,""alt"":305},""endLLA"":{""lat"":37.581542,""lon"":127.048947,""alt"":305},""targetSpeed"":51.4,""seq"":9}","{""phase"":""F"",""startLLA"":{""lat"":37.581542,""lon"":127.048947,""alt"":305},""endLLA"":{""lat"":37.575947,""lon"":127.024779,""alt"":305},""targetSpeed"":51.4,""seq"":10}","{""phase"":""G"",""startLLA"":{""lat"":37.575947,""lon"":127.024779,""alt"":305},""endLLA"":{""lat"":37.575658,""lon"":127.02353,""alt"":298.4},""targetSpeed"":36,""seq"":11}","{""phase"":""G"",""startLLA"":{""lat"":37.575658,""lon"":127.02353,""alt"":298.4},""endLLA"":{""lat"":37.570521,""lon"":126.984951,""alt"":100},""targetSpeed"":36,""seq"":12}","{""phase"":""I"",""startLLA"":{""lat"":37.570521,""lon"":126.984951,""alt"":100},""endLLA"":{""lat"":37.56901,""lon"":126.973604,""alt"":15},""targetSpeed"":30,""seq"":13}","{""phase"":""J"",""startLLA"":{""lat"":37.56901,""lon"":126.973604,""alt"":15},""endLLA"":{""lat"":37.56901,""lon"":126.973604,""alt"":0},""targetSpeed"":10,""seq"":14}","{""phase"":""K"",""startLLA"":{""lat"":37.56901,""lon"":126.973604,""alt"":0},""endLLA"":{""lat"":37.56901,""lon"":126.973604,""alt"":0},""targetSpeed"":3,""seq"":15}",,,,,,
b4a2894cba5c,2026-06-20,FPL1706013,UAM0134,a6,6,5,0.8333,수서,수서,미아,미아,18,gate-2,fato-1,gate-3,fato-3,18:39:04,18:50:02,19:05:22,19:12:42,19:22:42,658.71,919.29,440,2018,178.71,290,ready,수서 > 잠실대교 중간지점 > 천호대교 중간지점 > 아차산 고가차도 > 상봉 > 월릉교 > 미아,20.7137,14,"{""phase"":""A"",""startLLA"":{""lat"":37.487441,""lon"":127.100603,""alt"":0},""endLLA"":{""lat"":37.487441,""lon"":127.100603,""alt"":0},""targetSpeed"":3,""seq"":1}","{""phase"":""B"",""startLLA"":{""lat"":37.487441,""lon"":127.100603,""alt"":0},""endLLA"":{""lat"":37.487441,""lon"":127.100603,""alt"":15},""targetSpeed"":10,""seq"":2}","{""phase"":""C"",""startLLA"":{""lat"":37.487441,""lon"":127.100603,""alt"":15},""endLLA"":{""lat"":37.498065,""lon"":127.098018,""alt"":100},""targetSpeed"":36,""seq"":3}","{""phase"":""E"",""startLLA"":{""lat"":37.498065,""lon"":127.098018,""alt"":100},""endLLA"":{""lat"":37.524288,""lon"":127.091639,""alt"":272.84},""targetSpeed"":51.4,""seq"":4}","{""phase"":""E"",""startLLA"":{""lat"":37.524288,""lon"":127.091639,""alt"":272.84},""endLLA"":{""lat"":37.528008,""lon"":127.095794,""alt"":305},""targetSpeed"":51.4,""seq"":5}","{""phase"":""F"",""startLLA"":{""lat"":37.528008,""lon"":127.095794,""alt"":305},""endLLA"":{""lat"":37.5428,""lon"":127.112312,""alt"":305},""targetSpeed"":51.4,""seq"":6}","{""phase"":""F"",""startLLA"":{""lat"":37.5428,""lon"":127.112312,""alt"":305},""endLLA"":{""lat"":37.547423,""lon"":127.097424,""alt"":305},""targetSpeed"":51.4,""seq"":7}","{""phase"":""F"",""startLLA"":{""lat"":37.547423,""lon"":127.097424,""alt"":305},""endLLA"":{""lat"":37.596919,""lon"":127.084854,""alt"":305},""targetSpeed"":51.4,""seq"":8}","{""phase"":""F"",""startLLA"":{""lat"":37.596919,""lon"":127.084854,""alt"":305},""endLLA"":{""lat"":37.614366,""lon"":127.072716,""alt"":305},""targetSpeed"":51.4,""seq"":9}","{""phase"":""G"",""startLLA"":{""lat"":37.614366,""lon"":127.072716,""alt"":305},""endLLA"":{""lat"":37.616266,""lon"":127.071394,""alt"":290.96},""targetSpeed"":36,""seq"":10}","{""phase"":""G"",""startLLA"":{""lat"":37.616266,""lon"":127.071394,""alt"":290.96},""endLLA"":{""lat"":37.626944,""lon"":127.036665,""alt"":100},""targetSpeed"":36,""seq"":11}","{""phase"":""I"",""startLLA"":{""lat"":37.626944,""lon"":127.036665,""alt"":100},""endLLA"":{""lat"":37.630207,""lon"":127.026053,""alt"":15},""targetSpeed"":30,""seq"":12}","{""phase"":""J"",""startLLA"":{""lat"":37.630207,""lon"":127.026053,""alt"":15},""endLLA"":{""lat"":37.630207,""lon"":127.026053,""alt"":0},""targetSpeed"":10,""seq"":13}","{""phase"":""K"",""startLLA"":{""lat"":37.630207,""lon"":127.026053,""alt"":0},""endLLA"":{""lat"":37.630207,""lon"":127.026053,""alt"":0},""targetSpeed"":3,""seq"":14}",,,,,,,
b4a2894cba5c,2026-06-20,FPL1716017,UAM0064,a8,8,4,0.5,수서,수서,망우,망우,18,gate-6,fato-2,gate-7,fato-4,18:41:13,18:50:42,19:05:22,19:13:22,19:23:22,569.71,879.29,480,1929,89.71,330,ready,수서 > 잠실대교 중간지점 > 천호대교 중간지점 > 아차산 고가차도 > 망우,13.9617,12,"{""phase"":""A"",""startLLA"":{""lat"":37.487441,""lon"":127.100603,""alt"":0},""endLLA"":{""lat"":37.487441,""lon"":127.100603,""alt"":0},""targetSpeed"":3,""seq"":1}","{""phase"":""B"",""startLLA"":{""lat"":37.487441,""lon"":127.100603,""alt"":0},""endLLA"":{""lat"":37.487441,""lon"":127.100603,""alt"":15},""targetSpeed"":10,""seq"":2}","{""phase"":""C"",""startLLA"":{""lat"":37.487441,""lon"":127.100603,""alt"":15},""endLLA"":{""lat"":37.498067,""lon"":127.098018,""alt"":100},""targetSpeed"":36,""seq"":3}","{""phase"":""E"",""startLLA"":{""lat"":37.498067,""lon"":127.098018,""alt"":100},""endLLA"":{""lat"":37.524288,""lon"":127.091639,""alt"":272.79},""targetSpeed"":51.4,""seq"":4}","{""phase"":""E"",""startLLA"":{""lat"":37.524288,""lon"":127.091639,""alt"":272.79},""endLLA"":{""lat"":37.528015,""lon"":127.095801,""alt"":305},""targetSpeed"":51.4,""seq"":5}","{""phase"":""F"",""startLLA"":{""lat"":37.528015,""lon"":127.095801,""alt"":305},""endLLA"":{""lat"":37.5428,""lon"":127.112312,""alt"":305},""targetSpeed"":51.4,""seq"":6}","{""phase"":""F"",""startLLA"":{""lat"":37.5428,""lon"":127.112312,""alt"":305},""endLLA"":{""lat"":37.547423,""lon"":127.097424,""alt"":305},""targetSpeed"":51.4,""seq"":7}","{""phase"":""F"",""startLLA"":{""lat"":37.547423,""lon"":127.097424,""alt"":305},""endLLA"":{""lat"":37.557017,""lon"":127.094987,""alt"":305},""targetSpeed"":51.4,""seq"":8}","{""phase"":""G"",""startLLA"":{""lat"":37.557017,""lon"":127.094987,""alt"":305},""endLLA"":{""lat"":37.588078,""lon"":127.087099,""alt"":100},""targetSpeed"":36,""seq"":9}","{""phase"":""I"",""startLLA"":{""lat"":37.588078,""lon"":127.087099,""alt"":100},""endLLA"":{""lat"":37.596919,""lon"":127.084854,""alt"":15},""targetSpeed"":30,""seq"":10}","{""phase"":""J"",""startLLA"":{""lat"":37.596919,""lon"":127.084854,""alt"":15},""endLLA"":{""lat"":37.596919,""lon"":127.084854,""alt"":0},""targetSpeed"":10,""seq"":11}","{""phase"":""K"",""startLLA"":{""lat"":37.596919,""lon"":127.084854,""alt"":0},""endLLA"":{""lat"":37.596919,""lon"":127.084854,""alt"":0},""targetSpeed"":3,""seq"":12}",,,,,,,,,
b4a2894cba5c,2026-06-20,FPL1715016,UAM0065,a2,2,2,1,수서,수서,마곡,마곡,18,gate-1,fato-1,gate-4,fato-3,18:44:24,18:56:02,19:07:51,19:14:41,19:24:41,698.71,708.88,410,1817.59,248.71,0,ready,수서 > 경부고속도로 양재천 다리 > 채석장 > 180고지 > 영등포 > 목동교 > 염창교 > 가양대교 남단 > 마곡,32.4201,16,"{""phase"":""A"",""startLLA"":{""lat"":37.487441,""lon"":127.100603,""alt"":0},""endLLA"":{""lat"":37.487441,""lon"":127.100603,""alt"":0},""targetSpeed"":3,""seq"":1}","{""phase"":""B"",""startLLA"":{""lat"":37.487441,""lon"":127.100603,""alt"":0},""endLLA"":{""lat"":37.487441,""lon"":127.100603,""alt"":15},""targetSpeed"":10,""seq"":2}","{""phase"":""C"",""startLLA"":{""lat"":37.487441,""lon"":127.100603,""alt"":15},""endLLA"":{""lat"":37.484414,""lon"":127.087505,""alt"":100},""targetSpeed"":36,""seq"":3}","{""phase"":""E"",""startLLA"":{""lat"":37.484414,""lon"":127.087505,""alt"":100},""endLLA"":{""lat"":37.475552,""lon"":127.04916,""alt"":305},""targetSpeed"":51.4,""seq"":4}","{""phase"":""F"",""startLLA"":{""lat"":37.475552,""lon"":127.04916,""alt"":305},""endLLA"":{""lat"":37.471593,""lon"":127.032031,""alt"":305},""targetSpeed"":51.4,""seq"":5}","{""phase"":""F"",""startLLA"":{""lat"":37.471593,""lon"":127.032031,""alt"":305},""endLLA"":{""lat"":37.471285,""lon"":126.985745,""alt"":305},""targetSpeed"":51.4,""seq"":6}","{""phase"":""F"",""startLLA"":{""lat"":37.471285,""lon"":126.985745,""alt"":305},""endLLA"":{""lat"":37.492877,""lon"":126.93949,""alt"":305},""targetSpeed"":51.4,""seq"":7}","{""phase"":""F"",""startLLA"":{""lat"":37.492877,""lon"":126.93949,""alt"":305},""endLLA"":{""lat"":37.515965,""lon"":126.907756,""alt"":305},""targetSpeed"":51.4,""seq"":8}","{""phase"":""F"",""startLLA"":{""lat"":37.515965,""lon"":126.907756,""alt"":305},""endLLA"":{""lat"":37.530667,""lon"":126.888262,""alt"":305},""targetSpeed"":51.4,""seq"":9}","{""phase"":""F"",""startLLA"":{""lat"":37.530667,""lon"":126.888262,""alt"":305},""endLLA"":{""lat"":37.553824,""lon"":126.875819,""alt"":305},""targetSpeed"":51.4,""seq"":10}","{""phase"":""F"",""startLLA"":{""lat"":37.553824,""lon"":126.875819,""alt"":305},""endLLA"":{""lat"":37.569391,""lon"":126.861026,""alt"":305},""targetSpeed"":51.4,""seq"":11}","{""phase"":""F"",""startLLA"":{""lat"":37.569391,""lon"":126.861026,""alt"":305},""endLLA"":{""lat"":37.567856,""lon"":126.842881,""alt"":305},""targetSpeed"":51.4,""seq"":12}","{""phase"":""G"",""startLLA"":{""lat"":37.567856,""lon"":126.842881,""alt"":305},""endLLA"":{""lat"":37.564492,""lon"":126.803122,""alt"":100},""targetSpeed"":36,""seq"":13}","{""phase"":""I"",""startLLA"":{""lat"":37.564492,""lon"":126.803122,""alt"":100},""endLLA"":{""lat"":37.563535,""lon"":126.791805,""alt"":15},""targetSpeed"":30,""seq"":14}","{""phase"":""J"",""startLLA"":{""lat"":37.563535,""lon"":126.791805,""alt"":15},""endLLA"":{""lat"":37.563535,""lon"":126.791805,""alt"":0},""targetSpeed"":10,""seq"":15}","{""phase"":""K"",""startLLA"":{""lat"":37.563535,""lon"":126.791805,""alt"":0},""endLLA"":{""lat"":37.563535,""lon"":126.791805,""alt"":0},""targetSpeed"":3,""seq"":16}",,,,,
b4a2894cba5c,2026-06-20,FPL1708016,UAM0112,a8,8,3,0.375,수서,수서,사당,사당,18,gate-5,fato-2,gate-4,fato-3,18:46:33,18:56:42,19:01:29,19:08:19,19:18:19,609.71,286.87,410,1306.57,159.71,0,ready,수서 > 경부고속도로 양재천 다리 > 사당,10.7285,10,"{""phase"":""A"",""startLLA"":{""lat"":37.487441,""lon"":127.100603,""alt"":0},""endLLA"":{""lat"":37.487441,""lon"":127.100603,""alt"":0},""targetSpeed"":3,""seq"":1}","{""phase"":""B"",""startLLA"":{""lat"":37.487441,""lon"":127.100603,""alt"":0},""endLLA"":{""lat"":37.487441,""lon"":127.100603,""alt"":15},""targetSpeed"":10,""seq"":2}","{""phase"":""C"",""startLLA"":{""lat"":37.487441,""lon"":127.100603,""alt"":15},""endLLA"":{""lat"":37.484412,""lon"":127.087499,""alt"":100},""targetSpeed"":36,""seq"":3}","{""phase"":""E"",""startLLA"":{""lat"":37.484412,""lon"":127.087499,""alt"":100},""endLLA"":{""lat"":37.475546,""lon"":127.049134,""alt"":305},""targetSpeed"":51.4,""seq"":4}","{""phase"":""F"",""startLLA"":{""lat"":37.475546,""lon"":127.049134,""alt"":305},""endLLA"":{""lat"":37.471861,""lon"":127.033189,""alt"":305},""targetSpeed"":51.4,""seq"":5}","{""phase"":""G"",""startLLA"":{""lat"":37.471861,""lon"":127.033189,""alt"":305},""endLLA"":{""lat"":37.471593,""lon"":127.032031,""alt"":298.81},""targetSpeed"":36,""seq"":6}","{""phase"":""G"",""startLLA"":{""lat"":37.471593,""lon"":127.032031,""alt"":298.81},""endLLA"":{""lat"":37.47482,""lon"":126.993495,""alt"":100},""targetSpeed"":36,""seq"":7}","{""phase"":""I"",""startLLA"":{""lat"":37.47482,""lon"":126.993495,""alt"":100},""endLLA"":{""lat"":37.475767,""lon"":126.982185,""alt"":15},""targetSpeed"":30,""seq"":8}","{""phase"":""J"",""startLLA"":{""lat"":37.475767,""lon"":126.982185,""alt"":15},""endLLA"":{""lat"":37.475767,""lon"":126.982185,""alt"":0},""targetSpeed"":10,""seq"":9}","{""phase"":""K"",""startLLA"":{""lat"":37.475767,""lon"":126.982185,""alt"":0},""endLLA"":{""lat"":37.475767,""lon"":126.982185,""alt"":0},""targetSpeed"":3,""seq"":10}",,,,,,,,,,,
b4a2894cba5c,2026-06-20,FPL1704010,UAM0014,a6,6,3,0.5,수서,수서,용산,용산,18,gate-8,fato-1,gate-4,fato-3,18:47:44,19:02:02,19:10:14,19:17:04,19:27:04,858.71,491.46,410,1760.17,318.71,0,ready,수서 > 잠실대교 중간지점 > 청담대교 중간지점 > 성수대교 남단 > 주흥교 > 이수고가차로 > 상도터널 > 용산,21.2449,15,"{""phase"":""A"",""startLLA"":{""lat"":37.487441,""lon"":127.100603,""alt"":0},""endLLA"":{""lat"":37.487441,""lon"":127.100603,""alt"":0},""targetSpeed"":3,""seq"":1}","{""phase"":""B"",""startLLA"":{""lat"":37.487441,""lon"":127.100603,""alt"":0},""endLLA"":{""lat"":37.487441,""lon"":127.100603,""alt"":15},""targetSpeed"":10,""seq"":2}","{""phase"":""C"",""startLLA"":{""lat"":37.487441,""lon"":127.100603,""alt"":15},""endLLA"":{""lat"":37.498069,""lon"":127.098017,""alt"":100},""targetSpeed"":36,""seq"":3}","{""phase"":""E"",""startLLA"":{""lat"":37.498069,""lon"":127.098017,""alt"":100},""endLLA"":{""lat"":37.524288,""lon"":127.091639,""alt"":272.74},""targetSpeed"":51.4,""seq"":4}","{""phase"":""E"",""startLLA"":{""lat"":37.524288,""lon"":127.091639,""alt"":272.74},""endLLA"":{""lat"":37.524784,""lon"":127.085383,""alt"":305},""targetSpeed"":51.4,""seq"":5}","{""phase"":""F"",""startLLA"":{""lat"":37.524784,""lon"":127.085383,""alt"":305},""endLLA"":{""lat"":37.526451,""lon"":127.064361,""alt"":305},""targetSpeed"":51.4,""seq"":6}","{""phase"":""F"",""startLLA"":{""lat"":37.526451,""lon"":127.064361,""alt"":305},""endLLA"":{""lat"":37.53537,""lon"":127.034503,""alt"":305},""targetSpeed"":51.4,""seq"":7}","{""phase"":""F"",""startLLA"":{""lat"":37.53537,""lon"":127.034503,""alt"":305},""endLLA"":{""lat"":37.509486,""lon"":127.016026,""alt"":305},""targetSpeed"":51.4,""seq"":8}","{""phase"":""F"",""startLLA"":{""lat"":37.509486,""lon"":127.016026,""alt"":305},""endLLA"":{""lat"":37.497738,""lon"":126.983721,""alt"":305},""targetSpeed"":51.4,""seq"":9}","{""phase"":""F"",""startLLA"":{""lat"":37.497738,""lon"":126.983721,""alt"":305},""endLLA"":{""lat"":37.500804,""lon"":126.974867,""alt"":305},""targetSpeed"":51.4,""seq"":10}","{""phase"":""G"",""startLLA"":{""lat"":37.500804,""lon"":126.974867,""alt"":305},""endLLA"":{""lat"":37.508684,""lon"":126.95211,""alt"":177.57},""targetSpeed"":36,""seq"":11}","{""phase"":""G"",""startLLA"":{""lat"":37.508684,""lon"":126.95211,""alt"":177.57},""endLLA"":{""lat"":37.520333,""lon"":126.955695,""alt"":100},""targetSpeed"":36,""seq"":12}","{""phase"":""I"",""startLLA"":{""lat"":37.520333,""lon"":126.955695,""alt"":100},""endLLA"":{""lat"":37.529096,""lon"":126.958391,""alt"":15},""targetSpeed"":30,""seq"":13}","{""phase"":""J"",""startLLA"":{""lat"":37.529096,""lon"":126.958391,""alt"":15},""endLLA"":{""lat"":37.529096,""lon"":126.958391,""alt"":0},""targetSpeed"":10,""seq"":14}","{""phase"":""K"",""startLLA"":{""lat"":37.529096,""lon"":126.958391,""alt"":0},""endLLA"":{""lat"":37.529096,""lon"":126.958391,""alt"":0},""targetSpeed"":3,""seq"":15}",,,,,,
b4a2894cba5c,2026-06-20,FPL1714016,UAM0126,a6,6,2,0.3333,수서,수서,가산,가산,18,gate-4,fato-2,gate-4,fato-3,18:52:35,19:02:42,19:10:39,19:17:29,19:27:29,607.71,476.98,410,1494.68,67.71,0,ready,수서 > 경부고속도로 양재천 다리 > 채석장 > 180고지 > 가산,20.5002,12,"{""phase"":""A"",""startLLA"":{""lat"":37.487441,""lon"":127.100603,""alt"":0},""endLLA"":{""lat"":37.487441,""lon"":127.100603,""alt"":0},""targetSpeed"":3,""seq"":1}","{""phase"":""B"",""startLLA"":{""lat"":37.487441,""lon"":127.100603,""alt"":0},""endLLA"":{""lat"":37.487441,""lon"":127.100603,""alt"":15},""targetSpeed"":10,""seq"":2}","{""phase"":""C"",""startLLA"":{""lat"":37.487441,""lon"":127.100603,""alt"":15},""endLLA"":{""lat"":37.484413,""lon"":127.0875,""alt"":100},""targetSpeed"":36,""seq"":3}","{""phase"":""E"",""startLLA"":{""lat"":37.484413,""lon"":127.0875,""alt"":100},""endLLA"":{""lat"":37.475547,""lon"":127.049139,""alt"":305},""targetSpeed"":51.4,""seq"":4}","{""phase"":""F"",""startLLA"":{""lat"":37.475547,""lon"":127.049139,""alt"":305},""endLLA"":{""lat"":37.471593,""lon"":127.032031,""alt"":305},""targetSpeed"":51.4,""seq"":5}","{""phase"":""F"",""startLLA"":{""lat"":37.471593,""lon"":127.032031,""alt"":305},""endLLA"":{""lat"":37.471285,""lon"":126.985745,""alt"":305},""targetSpeed"":51.4,""seq"":6}","{""phase"":""F"",""startLLA"":{""lat"":37.471285,""lon"":126.985745,""alt"":305},""endLLA"":{""lat"":37.492877,""lon"":126.93949,""alt"":305},""targetSpeed"":51.4,""seq"":7}","{""phase"":""F"",""startLLA"":{""lat"":37.492877,""lon"":126.93949,""alt"":305},""endLLA"":{""lat"":37.492284,""lon"":126.929987,""alt"":305},""targetSpeed"":51.4,""seq"":8}","{""phase"":""G"",""startLLA"":{""lat"":37.492284,""lon"":126.929987,""alt"":305},""endLLA"":{""lat"":37.489799,""lon"":126.890149,""alt"":100},""targetSpeed"":36,""seq"":9}","{""phase"":""I"",""startLLA"":{""lat"":37.489799,""lon"":126.890149,""alt"":100},""endLLA"":{""lat"":37.489091,""lon"":126.878809,""alt"":15},""targetSpeed"":30,""seq"":10}","{""phase"":""J"",""startLLA"":{""lat"":37.489091,""lon"":126.878809,""alt"":15},""endLLA"":{""lat"":37.489091,""lon"":126.878809,""alt"":0},""targetSpeed"":10,""seq"":11}","{""phase"":""K"",""startLLA"":{""lat"":37.489091,""lon"":126.878809,""alt"":0},""endLLA"":{""lat"":37.489091,""lon"":126.878809,""alt"":0},""targetSpeed"":3,""seq"":12}",,,,,,,,,
b4a2894cba5c,2026-06-20,FPL1705021,UAM0006,a6,6,2,0.3333,수서,수서,목동,목동,18,gate-3,fato-1,gate-3,fato-3,18:54:33,19:08:02,19:18:14,19:25:34,19:35:34,809.71,612.06,440,1861.76,299.71,107.05,ready,수서 > 경부고속도로 양재천 다리 > 채석장 > 180고지 > 영등포 > 목동,21.941,13,"{""phase"":""A"",""startLLA"":{""lat"":37.487441,""lon"":127.100603,""alt"":0},""endLLA"":{""lat"":37.487441,""lon"":127.100603,""alt"":0},""targetSpeed"":3,""seq"":1}","{""phase"":""B"",""startLLA"":{""lat"":37.487441,""lon"":127.100603,""alt"":0},""endLLA"":{""lat"":37.487441,""lon"":127.100603,""alt"":15},""targetSpeed"":10,""seq"":2}","{""phase"":""C"",""startLLA"":{""lat"":37.487441,""lon"":127.100603,""alt"":15},""endLLA"":{""lat"":37.484413,""lon"":127.087502,""alt"":100},""targetSpeed"":36,""seq"":3}","{""phase"":""E"",""startLLA"":{""lat"":37.484413,""lon"":127.087502,""alt"":100},""endLLA"":{""lat"":37.475548,""lon"":127.049146,""alt"":305},""targetSpeed"":51.4,""seq"":4}","{""phase"":""F"",""startLLA"":{""lat"":37.475548,""lon"":127.049146,""alt"":305},""endLLA"":{""lat"":37.471593,""lon"":127.032031,""alt"":305},""targetSpeed"":51.4,""seq"":5}","{""phase"":""F"",""startLLA"":{""lat"":37.471593,""lon"":127.032031,""alt"":305},""endLLA"":{""lat"":37.471285,""lon"":126.985745,""alt"":305},""targetSpeed"":51.4,""seq"":6}","{""phase"":""F"",""startLLA"":{""lat"":37.471285,""lon"":126.985745,""alt"":305},""endLLA"":{""lat"":37.492877,""lon"":126.93949,""alt"":305},""targetSpeed"":51.4,""seq"":7}","{""phase"":""F"",""startLLA"":{""lat"":37.492877,""lon"":126.93949,""alt"":305},""endLLA"":{""lat"":37.506729,""lon"":126.92045,""alt"":305},""targetSpeed"":51.4,""seq"":8}","{""phase"":""G"",""startLLA"":{""lat"":37.506729,""lon"":126.92045,""alt"":305},""endLLA"":{""lat"":37.515965,""lon"":126.907756,""alt"":216.64},""targetSpeed"":36,""seq"":9}","{""phase"":""G"",""startLLA"":{""lat"":37.515965,""lon"":126.907756,""alt"":216.64},""endLLA"":{""lat"":37.522882,""lon"":126.886751,""alt"":100},""targetSpeed"":36,""seq"":10}","{""phase"":""I"",""startLLA"":{""lat"":37.522882,""lon"":126.886751,""alt"":100},""endLLA"":{""lat"":37.526343,""lon"":126.876243,""alt"":15},""targetSpeed"":30,""seq"":11}","{""phase"":""J"",""startLLA"":{""lat"":37.526343,""lon"":126.876243,""alt"":15},""endLLA"":{""lat"":37.526343,""lon"":126.876243,""alt"":0},""targetSpeed"":10,""seq"":12}","{""phase"":""K"",""startLLA"":{""lat"":37.526343,""lon"":126.876243,""alt"":0},""endLLA"":{""lat"":37.526343,""lon"":126.876243,""alt"":0},""targetSpeed"":3,""seq"":13}",,,,,,,,
b4a2894cba5c,2026-06-20,FPL1707012,UAM0001,a2,2,2,1,수서,수서,봉천,봉천,18,gate-7,fato-2,gate-4,fato-3,18:57:55,19:08:42,19:14:41,19:21:31,19:31:31,647.71,359.05,410,1416.76,137.71,0,ready,수서 > 경부고속도로 양재천 다리 > 채석장 > 봉천,14.439,11,"{""phase"":""A"",""startLLA"":{""lat"":37.487441,""lon"":127.100603,""alt"":0},""endLLA"":{""lat"":37.487441,""lon"":127.100603,""alt"":0},""targetSpeed"":3,""seq"":1}","{""phase"":""B"",""startLLA"":{""lat"":37.487441,""lon"":127.100603,""alt"":0},""endLLA"":{""lat"":37.487441,""lon"":127.100603,""alt"":15},""targetSpeed"":10,""seq"":2}","{""phase"":""C"",""startLLA"":{""lat"":37.487441,""lon"":127.100603,""alt"":15},""endLLA"":{""lat"":37.484412,""lon"":127.087499,""alt"":100},""targetSpeed"":36,""seq"":3}","{""phase"":""E"",""startLLA"":{""lat"":37.484412,""lon"":127.087499,""alt"":100},""endLLA"":{""lat"":37.475546,""lon"":127.049134,""alt"":305},""targetSpeed"":51.4,""seq"":4}","{""phase"":""F"",""startLLA"":{""lat"":37.475546,""lon"":127.049134,""alt"":305},""endLLA"":{""lat"":37.471593,""lon"":127.032031,""alt"":305},""targetSpeed"":51.4,""seq"":5}","{""phase"":""F"",""startLLA"":{""lat"":37.471593,""lon"":127.032031,""alt"":305},""endLLA"":{""lat"":37.471321,""lon"":126.991206,""alt"":305},""targetSpeed"":51.4,""seq"":6}","{""phase"":""G"",""startLLA"":{""lat"":37.471321,""lon"":126.991206,""alt"":305},""endLLA"":{""lat"":37.471285,""lon"":126.985745,""alt"":276.98},""targetSpeed"":36,""seq"":7}","{""phase"":""G"",""startLLA"":{""lat"":37.471285,""lon"":126.985745,""alt"":276.98},""endLLA"":{""lat"":37.479969,""lon"":126.953031,""alt"":100},""targetSpeed"":36,""seq"":8}","{""phase"":""I"",""startLLA"":{""lat"":37.479969,""lon"":126.953031,""alt"":100},""endLLA"":{""lat"":37.482832,""lon"":126.942245,""alt"":15},""targetSpeed"":30,""seq"":9}","{""phase"":""J"",""startLLA"":{""lat"":37.482832,""lon"":126.942245,""alt"":15},""endLLA"":{""lat"":37.482832,""lon"":126.942245,""alt"":0},""targetSpeed"":10,""seq"":10}","{""phase"":""K"",""startLLA"":{""lat"":37.482832,""lon"":126.942245,""alt"":0},""endLLA"":{""lat"":37.482832,""lon"":126.942245,""alt"":0},""targetSpeed"":3,""seq"":11}",,,,,,,,,,
b4a2894cba5c,2026-06-20,FPL1715017,UAM0089,a2,2,1,0.5,수서,수서,마곡,마곡,18,gate-2,fato-1,gate-4,fato-4,18:59:53,19:14:02,19:30:00,19:37:19,19:47:19,849.71,958.05,438.74,2246.49,369.71,277.9,ready,수서 > 경부고속도로 양재천 다리 > 채석장 > 180고지 > 영등포 > 목동교 > 염창교 > 가양대교 남단 > 마곡,32.4201,16,"{""phase"":""A"",""startLLA"":{""lat"":37.487441,""lon"":127.100603,""alt"":0},""endLLA"":{""lat"":37.487441,""lon"":127.100603,""alt"":0},""targetSpeed"":3,""seq"":1}","{""phase"":""B"",""startLLA"":{""lat"":37.487441,""lon"":127.100603,""alt"":0},""endLLA"":{""lat"":37.487441,""lon"":127.100603,""alt"":15},""targetSpeed"":10,""seq"":2}","{""phase"":""C"",""startLLA"":{""lat"":37.487441,""lon"":127.100603,""alt"":15},""endLLA"":{""lat"":37.484414,""lon"":127.087505,""alt"":100},""targetSpeed"":36,""seq"":3}","{""phase"":""E"",""startLLA"":{""lat"":37.484414,""lon"":127.087505,""alt"":100},""endLLA"":{""lat"":37.475552,""lon"":127.04916,""alt"":305},""targetSpeed"":51.4,""seq"":4}","{""phase"":""F"",""startLLA"":{""lat"":37.475552,""lon"":127.04916,""alt"":305},""endLLA"":{""lat"":37.471593,""lon"":127.032031,""alt"":305},""targetSpeed"":51.4,""seq"":5}","{""phase"":""F"",""startLLA"":{""lat"":37.471593,""lon"":127.032031,""alt"":305},""endLLA"":{""lat"":37.471285,""lon"":126.985745,""alt"":305},""targetSpeed"":51.4,""seq"":6}","{""phase"":""F"",""startLLA"":{""lat"":37.471285,""lon"":126.985745,""alt"":305},""endLLA"":{""lat"":37.492877,""lon"":126.93949,""alt"":305},""targetSpeed"":51.4,""seq"":7}","{""phase"":""F"",""startLLA"":{""lat"":37.492877,""lon"":126.93949,""alt"":305},""endLLA"":{""lat"":37.515965,""lon"":126.907756,""alt"":305},""targetSpeed"":51.4,""seq"":8}","{""phase"":""F"",""startLLA"":{""lat"":37.515965,""lon"":126.907756,""alt"":305},""endLLA"":{""lat"":37.530667,""lon"":126.888262,""alt"":305},""targetSpeed"":51.4,""seq"":9}","{""phase"":""F"",""startLLA"":{""lat"":37.530667,""lon"":126.888262,""alt"":305},""endLLA"":{""lat"":37.553824,""lon"":126.875819,""alt"":305},""targetSpeed"":51.4,""seq"":10}","{""phase"":""F"",""startLLA"":{""lat"":37.553824,""lon"":126.875819,""alt"":305},""endLLA"":{""lat"":37.569391,""lon"":126.861026,""alt"":305},""targetSpeed"":51.4,""seq"":11}","{""phase"":""F"",""startLLA"":{""lat"":37.569391,""lon"":126.861026,""alt"":305},""endLLA"":{""lat"":37.567856,""lon"":126.842881,""alt"":305},""targetSpeed"":51.4,""seq"":12}","{""phase"":""G"",""startLLA"":{""lat"":37.567856,""lon"":126.842881,""alt"":305},""endLLA"":{""lat"":37.564492,""lon"":126.803122,""alt"":100},""targetSpeed"":36,""seq"":13}","{""phase"":""I"",""startLLA"":{""lat"":37.564492,""lon"":126.803122,""alt"":100},""endLLA"":{""lat"":37.563535,""lon"":126.791805,""alt"":15},""targetSpeed"":30,""seq"":14}","{""phase"":""J"",""startLLA"":{""lat"":37.563535,""lon"":126.791805,""alt"":15},""endLLA"":{""lat"":37.563535,""lon"":126.791805,""alt"":0},""targetSpeed"":10,""seq"":15}","{""phase"":""K"",""startLLA"":{""lat"":37.563535,""lon"":126.791805,""alt"":0},""endLLA"":{""lat"":37.563535,""lon"":126.791805,""alt"":0},""targetSpeed"":3,""seq"":16}",,,,,
b4a2894cba5c,2026-06-20,FPL1712016,UAM0045,a6,6,5,0.8333,수서,수서,광화문,광화문,19,gate-6,fato-2,gate-8,fato-3,19:03:15,19:14:42,19:22:55,19:29:45,19:39:45,687.71,493.05,410,1590.76,207.71,0,ready,수서 > 잠실대교 중간지점 > 청담대교 중간지점 > 성수대교 남단 > 왕십리역 > 청량리 > 신설동역 > 광화문,21.5406,15,"{""phase"":""A"",""startLLA"":{""lat"":37.487441,""lon"":127.100603,""alt"":0},""endLLA"":{""lat"":37.487441,""lon"":127.100603,""alt"":0},""targetSpeed"":3,""seq"":1}","{""phase"":""B"",""startLLA"":{""lat"":37.487441,""lon"":127.100603,""alt"":0},""endLLA"":{""lat"":37.487441,""lon"":127.100603,""alt"":15},""targetSpeed"":10,""seq"":2}","{""phase"":""C"",""startLLA"":{""lat"":37.487441,""lon"":127.100603,""alt"":15},""endLLA"":{""lat"":37.498186,""lon"":127.097989,""alt"":100},""targetSpeed"":36,""seq"":3}","{""phase"":""E"",""startLLA"":{""lat"":37.498186,""lon"":127.097989,""alt"":100},""endLLA"":{""lat"":37.524288,""lon"":127.091639,""alt"":270.1},""targetSpeed"":51.4,""seq"":4}","{""phase"":""E"",""startLLA"":{""lat"":37.524288,""lon"":127.091639,""alt"":270.1},""endLLA"":{""lat"":37.524831,""lon"":127.084797,""alt"":305},""targetSpeed"":51.4,""seq"":5}","{""phase"":""F"",""startLLA"":{""lat"":37.524831,""lon"":127.084797,""alt"":305},""endLLA"":{""lat"":37.526451,""lon"":127.064361,""alt"":305},""targetSpeed"":51.4,""seq"":6}","{""phase"":""F"",""startLLA"":{""lat"":37.526451,""lon"":127.064361,""alt"":305},""endLLA"":{""lat"":37.53537,""lon"":127.034503,""alt"":305},""targetSpeed"":51.4,""seq"":7}","{""phase"":""F"",""startLLA"":{""lat"":37.53537,""lon"":127.034503,""alt"":305},""endLLA"":{""lat"":37.561925,""lon"":127.038491,""alt"":305},""targetSpeed"":51.4,""seq"":8}","{""phase"":""F"",""startLLA"":{""lat"":37.561925,""lon"":127.038491,""alt"":305},""endLLA"":{""lat"":37.581542,""lon"":127.048947,""alt"":305},""targetSpeed"":51.4,""seq"":9}","{""phase"":""F"",""startLLA"":{""lat"":37.581542,""lon"":127.048947,""alt"":305},""endLLA"":{""lat"":37.575947,""lon"":127.024779,""alt"":305},""targetSpeed"":51.4,""seq"":10}","{""phase"":""G"",""startLLA"":{""lat"":37.575947,""lon"":127.024779,""alt"":305},""endLLA"":{""lat"":37.575658,""lon"":127.02353,""alt"":298.4},""targetSpeed"":36,""seq"":11}","{""phase"":""G"",""startLLA"":{""lat"":37.575658,""lon"":127.02353,""alt"":298.4},""endLLA"":{""lat"":37.570521,""lon"":126.984951,""alt"":100},""targetSpeed"":36,""seq"":12}","{""phase"":""I"",""startLLA"":{""lat"":37.570521,""lon"":126.984951,""alt"":100},""endLLA"":{""lat"":37.56901,""lon"":126.973604,""alt"":15},""targetSpeed"":30,""seq"":13}","{""phase"":""J"",""startLLA"":{""lat"":37.56901,""lon"":126.973604,""alt"":15},""endLLA"":{""lat"":37.56901,""lon"":126.973604,""alt"":0},""targetSpeed"":10,""seq"":14}","{""phase"":""K"",""startLLA"":{""lat"":37.56901,""lon"":126.973604,""alt"":0},""endLLA"":{""lat"":37.56901,""lon"":126.973604,""alt"":0},""targetSpeed"":3,""seq"":15}",,,,,,
b4a2894cba5c,2026-06-20,FPL1714017,UAM0136,a8,8,4,0.5,수서,수서,가산,가산,19,gate-8,fato-1,gate-3,fato-4,19:09:20,19:20:02,19:27:59,19:35:19,19:45:19,642.71,476.98,440,1559.68,102.71,0,ready,수서 > 경부고속도로 양재천 다리 > 채석장 > 180고지 > 가산,20.5002,12,"{""phase"":""A"",""startLLA"":{""lat"":37.487441,""lon"":127.100603,""alt"":0},""endLLA"":{""lat"":37.487441,""lon"":127.100603,""alt"":0},""targetSpeed"":3,""seq"":1}","{""phase"":""B"",""startLLA"":{""lat"":37.487441,""lon"":127.100603,""alt"":0},""endLLA"":{""lat"":37.487441,""lon"":127.100603,""alt"":15},""targetSpeed"":10,""seq"":2}","{""phase"":""C"",""startLLA"":{""lat"":37.487441,""lon"":127.100603,""alt"":15},""endLLA"":{""lat"":37.484413,""lon"":127.0875,""alt"":100},""targetSpeed"":36,""seq"":3}","{""phase"":""E"",""startLLA"":{""lat"":37.484413,""lon"":127.0875,""alt"":100},""endLLA"":{""lat"":37.475547,""lon"":127.049139,""alt"":305},""targetSpeed"":51.4,""seq"":4}","{""phase"":""F"",""startLLA"":{""lat"":37.475547,""lon"":127.049139,""alt"":305},""endLLA"":{""lat"":37.471593,""lon"":127.032031,""alt"":305},""targetSpeed"":51.4,""seq"":5}","{""phase"":""F"",""startLLA"":{""lat"":37.471593,""lon"":127.032031,""alt"":305},""endLLA"":{""lat"":37.471285,""lon"":126.985745,""alt"":305},""targetSpeed"":51.4,""seq"":6}","{""phase"":""F"",""startLLA"":{""lat"":37.471285,""lon"":126.985745,""alt"":305},""endLLA"":{""lat"":37.492877,""lon"":126.93949,""alt"":305},""targetSpeed"":51.4,""seq"":7}","{""phase"":""F"",""startLLA"":{""lat"":37.492877,""lon"":126.93949,""alt"":305},""endLLA"":{""lat"":37.492284,""lon"":126.929987,""alt"":305},""targetSpeed"":51.4,""seq"":8}","{""phase"":""G"",""startLLA"":{""lat"":37.492284,""lon"":126.929987,""alt"":305},""endLLA"":{""lat"":37.489799,""lon"":126.890149,""alt"":100},""targetSpeed"":36,""seq"":9}","{""phase"":""I"",""startLLA"":{""lat"":37.489799,""lon"":126.890149,""alt"":100},""endLLA"":{""lat"":37.489091,""lon"":126.878809,""alt"":15},""targetSpeed"":30,""seq"":10}","{""phase"":""J"",""startLLA"":{""lat"":37.489091,""lon"":126.878809,""alt"":15},""endLLA"":{""lat"":37.489091,""lon"":126.878809,""alt"":0},""targetSpeed"":10,""seq"":11}","{""phase"":""K"",""startLLA"":{""lat"":37.489091,""lon"":126.878809,""alt"":0},""endLLA"":{""lat"":37.489091,""lon"":126.878809,""alt"":0},""targetSpeed"":3,""seq"":12}",,,,,,,,,
b4a2894cba5c,2026-06-20,FPL1708017,UAM0116,a4,4,4,1,수서,수서,사당,사당,19,gate-4,fato-2,gate-3,fato-4,19:11:25,19:20:42,19:25:29,19:32:49,19:42:49,557.71,286.87,440,1284.57,17.71,0,ready,수서 > 경부고속도로 양재천 다리 > 사당,10.7285,10,"{""phase"":""A"",""startLLA"":{""lat"":37.487441,""lon"":127.100603,""alt"":0},""endLLA"":{""lat"":37.487441,""lon"":127.100603,""alt"":0},""targetSpeed"":3,""seq"":1}","{""phase"":""B"",""startLLA"":{""lat"":37.487441,""lon"":127.100603,""alt"":0},""endLLA"":{""lat"":37.487441,""lon"":127.100603,""alt"":15},""targetSpeed"":10,""seq"":2}","{""phase"":""C"",""startLLA"":{""lat"":37.487441,""lon"":127.100603,""alt"":15},""endLLA"":{""lat"":37.484412,""lon"":127.087499,""alt"":100},""targetSpeed"":36,""seq"":3}","{""phase"":""E"",""startLLA"":{""lat"":37.484412,""lon"":127.087499,""alt"":100},""endLLA"":{""lat"":37.475546,""lon"":127.049134,""alt"":305},""targetSpeed"":51.4,""seq"":4}","{""phase"":""F"",""startLLA"":{""lat"":37.475546,""lon"":127.049134,""alt"":305},""endLLA"":{""lat"":37.471861,""lon"":127.033189,""alt"":305},""targetSpeed"":51.4,""seq"":5}","{""phase"":""G"",""startLLA"":{""lat"":37.471861,""lon"":127.033189,""alt"":305},""endLLA"":{""lat"":37.471593,""lon"":127.032031,""alt"":298.81},""targetSpeed"":36,""seq"":6}","{""phase"":""G"",""startLLA"":{""lat"":37.471593,""lon"":127.032031,""alt"":298.81},""endLLA"":{""lat"":37.47482,""lon"":126.993495,""alt"":100},""targetSpeed"":36,""seq"":7}","{""phase"":""I"",""startLLA"":{""lat"":37.47482,""lon"":126.993495,""alt"":100},""endLLA"":{""lat"":37.475767,""lon"":126.982185,""alt"":15},""targetSpeed"":30,""seq"":8}","{""phase"":""J"",""startLLA"":{""lat"":37.475767,""lon"":126.982185,""alt"":15},""endLLA"":{""lat"":37.475767,""lon"":126.982185,""alt"":0},""targetSpeed"":10,""seq"":9}","{""phase"":""K"",""startLLA"":{""lat"":37.475767,""lon"":126.982185,""alt"":0},""endLLA"":{""lat"":37.475767,""lon"":126.982185,""alt"":0},""targetSpeed"":3,""seq"":10}",,,,,,,,,,,
b4a2894cba5c,2026-06-20,FPL1705022,UAM0060,a4,4,4,1,수서,수서,목동,목동,19,gate-3,fato-1,gate-3,fato-3,19:14:40,19:26:02,19:37:34,19:44:54,19:54:54,682.71,692.06,440,1814.76,172.71,87.76,ready,수서 > 경부고속도로 양재천 다리 > 채석장 > 180고지 > 영등포 > 목동,21.941,13,"{""phase"":""A"",""startLLA"":{""lat"":37.487441,""lon"":127.100603,""alt"":0},""endLLA"":{""lat"":37.487441,""lon"":127.100603,""alt"":0},""targetSpeed"":3,""seq"":1}","{""phase"":""B"",""startLLA"":{""lat"":37.487441,""lon"":127.100603,""alt"":0},""endLLA"":{""lat"":37.487441,""lon"":127.100603,""alt"":15},""targetSpeed"":10,""seq"":2}","{""phase"":""C"",""startLLA"":{""lat"":37.487441,""lon"":127.100603,""alt"":15},""endLLA"":{""lat"":37.484413,""lon"":127.087502,""alt"":100},""targetSpeed"":36,""seq"":3}","{""phase"":""E"",""startLLA"":{""lat"":37.484413,""lon"":127.087502,""alt"":100},""endLLA"":{""lat"":37.475548,""lon"":127.049146,""alt"":305},""targetSpeed"":51.4,""seq"":4}","{""phase"":""F"",""startLLA"":{""lat"":37.475548,""lon"":127.049146,""alt"":305},""endLLA"":{""lat"":37.471593,""lon"":127.032031,""alt"":305},""targetSpeed"":51.4,""seq"":5}","{""phase"":""F"",""startLLA"":{""lat"":37.471593,""lon"":127.032031,""alt"":305},""endLLA"":{""lat"":37.471285,""lon"":126.985745,""alt"":305},""targetSpeed"":51.4,""seq"":6}","{""phase"":""F"",""startLLA"":{""lat"":37.471285,""lon"":126.985745,""alt"":305},""endLLA"":{""lat"":37.492877,""lon"":126.93949,""alt"":305},""targetSpeed"":51.4,""seq"":7}","{""phase"":""F"",""startLLA"":{""lat"":37.492877,""lon"":126.93949,""alt"":305},""endLLA"":{""lat"":37.506729,""lon"":126.92045,""alt"":305},""targetSpeed"":51.4,""seq"":8}","{""phase"":""G"",""startLLA"":{""lat"":37.506729,""lon"":126.92045,""alt"":305},""endLLA"":{""lat"":37.515965,""lon"":126.907756,""alt"":216.64},""targetSpeed"":36,""seq"":9}","{""phase"":""G"",""startLLA"":{""lat"":37.515965,""lon"":126.907756,""alt"":216.64},""endLLA"":{""lat"":37.522882,""lon"":126.886751,""alt"":100},""targetSpeed"":36,""seq"":10}","{""phase"":""I"",""startLLA"":{""lat"":37.522882,""lon"":126.886751,""alt"":100},""endLLA"":{""lat"":37.526343,""lon"":126.876243,""alt"":15},""targetSpeed"":30,""seq"":11}","{""phase"":""J"",""startLLA"":{""lat"":37.526343,""lon"":126.876243,""alt"":15},""endLLA"":{""lat"":37.526343,""lon"":126.876243,""alt"":0},""targetSpeed"":10,""seq"":12}","{""phase"":""K"",""startLLA"":{""lat"":37.526343,""lon"":126.876243,""alt"":0},""endLLA"":{""lat"":37.526343,""lon"":126.876243,""alt"":0},""targetSpeed"":3,""seq"":13}",,,,,,,,
b4a2894cba5c,2026-06-20,FPL1715018,UAM0115,a4,4,4,1,수서,수서,마곡,마곡,19,gate-1,fato-2,gate-3,fato-4,19:17:45,19:26:42,20:00:31,20:08:31,20:18:31,537.71,2028.29,480,3046,87.71,40,ready,수서 > 경부고속도로 양재천 다리 > 채석장 > 180고지 > 영등포 > 목동교 > 염창교 > 가양대교 남단 > 마곡,32.4201,16,"{""phase"":""A"",""startLLA"":{""lat"":37.487441,""lon"":127.100603,""alt"":0},""endLLA"":{""lat"":37.487441,""lon"":127.100603,""alt"":0},""targetSpeed"":3,""seq"":1}","{""phase"":""B"",""startLLA"":{""lat"":37.487441,""lon"":127.100603,""alt"":0},""endLLA"":{""lat"":37.487441,""lon"":127.100603,""alt"":15},""targetSpeed"":10,""seq"":2}","{""phase"":""C"",""startLLA"":{""lat"":37.487441,""lon"":127.100603,""alt"":15},""endLLA"":{""lat"":37.484414,""lon"":127.087505,""alt"":100},""targetSpeed"":36,""seq"":3}","{""phase"":""E"",""startLLA"":{""lat"":37.484414,""lon"":127.087505,""alt"":100},""endLLA"":{""lat"":37.475552,""lon"":127.04916,""alt"":305},""targetSpeed"":51.4,""seq"":4}","{""phase"":""F"",""startLLA"":{""lat"":37.475552,""lon"":127.04916,""alt"":305},""endLLA"":{""lat"":37.471593,""lon"":127.032031,""alt"":305},""targetSpeed"":51.4,""seq"":5}","{""phase"":""F"",""startLLA"":{""lat"":37.471593,""lon"":127.032031,""alt"":305},""endLLA"":{""lat"":37.471285,""lon"":126.985745,""alt"":305},""targetSpeed"":51.4,""seq"":6}","{""phase"":""F"",""startLLA"":{""lat"":37.471285,""lon"":126.985745,""alt"":305},""endLLA"":{""lat"":37.492877,""lon"":126.93949,""alt"":305},""targetSpeed"":51.4,""seq"":7}","{""phase"":""F"",""startLLA"":{""lat"":37.492877,""lon"":126.93949,""alt"":305},""endLLA"":{""lat"":37.515965,""lon"":126.907756,""alt"":305},""targetSpeed"":51.4,""seq"":8}","{""phase"":""F"",""startLLA"":{""lat"":37.515965,""lon"":126.907756,""alt"":305},""endLLA"":{""lat"":37.530667,""lon"":126.888262,""alt"":305},""targetSpeed"":51.4,""seq"":9}","{""phase"":""F"",""startLLA"":{""lat"":37.530667,""lon"":126.888262,""alt"":305},""endLLA"":{""lat"":37.553824,""lon"":126.875819,""alt"":305},""targetSpeed"":51.4,""seq"":10}","{""phase"":""F"",""startLLA"":{""lat"":37.553824,""lon"":126.875819,""alt"":305},""endLLA"":{""lat"":37.569391,""lon"":126.861026,""alt"":305},""targetSpeed"":51.4,""seq"":11}","{""phase"":""F"",""startLLA"":{""lat"":37.569391,""lon"":126.861026,""alt"":305},""endLLA"":{""lat"":37.567856,""lon"":126.842881,""alt"":305},""targetSpeed"":51.4,""seq"":12}","{""phase"":""G"",""startLLA"":{""lat"":37.567856,""lon"":126.842881,""alt"":305},""endLLA"":{""lat"":37.564492,""lon"":126.803122,""alt"":100},""targetSpeed"":36,""seq"":13}","{""phase"":""I"",""startLLA"":{""lat"":37.564492,""lon"":126.803122,""alt"":100},""endLLA"":{""lat"":37.563535,""lon"":126.791805,""alt"":15},""targetSpeed"":30,""seq"":14}","{""phase"":""J"",""startLLA"":{""lat"":37.563535,""lon"":126.791805,""alt"":15},""endLLA"":{""lat"":37.563535,""lon"":126.791805,""alt"":0},""targetSpeed"":10,""seq"":15}","{""phase"":""K"",""startLLA"":{""lat"":37.563535,""lon"":126.791805,""alt"":0},""endLLA"":{""lat"":37.563535,""lon"":126.791805,""alt"":0},""targetSpeed"":3,""seq"":16}",,,,,
b4a2894cba5c,2026-06-20,FPL1716018,UAM0058,a2,2,2,1,수서,수서,망우,망우,19,gate-7,fato-1,gate-8,fato-4,19:19:30,19:32:02,20:00:31,20:08:01,20:18:01,752.71,1708.29,450,2911,242.71,40,ready,수서 > 잠실대교 중간지점 > 천호대교 중간지점 > 아차산 고가차도 > 망우,13.9617,12,"{""phase"":""A"",""startLLA"":{""lat"":37.487441,""lon"":127.100603,""alt"":0},""endLLA"":{""lat"":37.487441,""lon"":127.100603,""alt"":0},""targetSpeed"":3,""seq"":1}","{""phase"":""B"",""startLLA"":{""lat"":37.487441,""lon"":127.100603,""alt"":0},""endLLA"":{""lat"":37.487441,""lon"":127.100603,""alt"":15},""targetSpeed"":10,""seq"":2}","{""phase"":""C"",""startLLA"":{""lat"":37.487441,""lon"":127.100603,""alt"":15},""endLLA"":{""lat"":37.498067,""lon"":127.098018,""alt"":100},""targetSpeed"":36,""seq"":3}","{""phase"":""E"",""startLLA"":{""lat"":37.498067,""lon"":127.098018,""alt"":100},""endLLA"":{""lat"":37.524288,""lon"":127.091639,""alt"":272.79},""targetSpeed"":51.4,""seq"":4}","{""phase"":""E"",""startLLA"":{""lat"":37.524288,""lon"":127.091639,""alt"":272.79},""endLLA"":{""lat"":37.528015,""lon"":127.095801,""alt"":305},""targetSpeed"":51.4,""seq"":5}","{""phase"":""F"",""startLLA"":{""lat"":37.528015,""lon"":127.095801,""alt"":305},""endLLA"":{""lat"":37.5428,""lon"":127.112312,""alt"":305},""targetSpeed"":51.4,""seq"":6}","{""phase"":""F"",""startLLA"":{""lat"":37.5428,""lon"":127.112312,""alt"":305},""endLLA"":{""lat"":37.547423,""lon"":127.097424,""alt"":305},""targetSpeed"":51.4,""seq"":7}","{""phase"":""F"",""startLLA"":{""lat"":37.547423,""lon"":127.097424,""alt"":305},""endLLA"":{""lat"":37.557017,""lon"":127.094987,""alt"":305},""targetSpeed"":51.4,""seq"":8}","{""phase"":""G"",""startLLA"":{""lat"":37.557017,""lon"":127.094987,""alt"":305},""endLLA"":{""lat"":37.588078,""lon"":127.087099,""alt"":100},""targetSpeed"":36,""seq"":9}","{""phase"":""I"",""startLLA"":{""lat"":37.588078,""lon"":127.087099,""alt"":100},""endLLA"":{""lat"":37.596919,""lon"":127.084854,""alt"":15},""targetSpeed"":30,""seq"":10}","{""phase"":""J"",""startLLA"":{""lat"":37.596919,""lon"":127.084854,""alt"":15},""endLLA"":{""lat"":37.596919,""lon"":127.084854,""alt"":0},""targetSpeed"":10,""seq"":11}","{""phase"":""K"",""startLLA"":{""lat"":37.596919,""lon"":127.084854,""alt"":0},""endLLA"":{""lat"":37.596919,""lon"":127.084854,""alt"":0},""targetSpeed"":3,""seq"":12}",,,,,,,,,
b4a2894cba5c,2026-06-20,FPL1706014,UAM0109,a6,6,2,0.3333,수서,수서,미아,미아,19,gate-2,fato-2,gate-5,fato-3,19:25:42,19:33:42,19:45:42,19:54:02,20:04:02,480,720.7,500,1700.7,0,239.57,ready,수서 > 잠실대교 중간지점 > 천호대교 중간지점 > 아차산 고가차도 > 상봉 > 월릉교 > 미아,20.7137,14,"{""phase"":""A"",""startLLA"":{""lat"":37.487441,""lon"":127.100603,""alt"":0},""endLLA"":{""lat"":37.487441,""lon"":127.100603,""alt"":0},""targetSpeed"":3,""seq"":1}","{""phase"":""B"",""startLLA"":{""lat"":37.487441,""lon"":127.100603,""alt"":0},""endLLA"":{""lat"":37.487441,""lon"":127.100603,""alt"":15},""targetSpeed"":10,""seq"":2}","{""phase"":""C"",""startLLA"":{""lat"":37.487441,""lon"":127.100603,""alt"":15},""endLLA"":{""lat"":37.498065,""lon"":127.098018,""alt"":100},""targetSpeed"":36,""seq"":3}","{""phase"":""E"",""startLLA"":{""lat"":37.498065,""lon"":127.098018,""alt"":100},""endLLA"":{""lat"":37.524288,""lon"":127.091639,""alt"":272.84},""targetSpeed"":51.4,""seq"":4}","{""phase"":""E"",""startLLA"":{""lat"":37.524288,""lon"":127.091639,""alt"":272.84},""endLLA"":{""lat"":37.528008,""lon"":127.095794,""alt"":305},""targetSpeed"":51.4,""seq"":5}","{""phase"":""F"",""startLLA"":{""lat"":37.528008,""lon"":127.095794,""alt"":305},""endLLA"":{""lat"":37.5428,""lon"":127.112312,""alt"":305},""targetSpeed"":51.4,""seq"":6}","{""phase"":""F"",""startLLA"":{""lat"":37.5428,""lon"":127.112312,""alt"":305},""endLLA"":{""lat"":37.547423,""lon"":127.097424,""alt"":305},""targetSpeed"":51.4,""seq"":7}","{""phase"":""F"",""startLLA"":{""lat"":37.547423,""lon"":127.097424,""alt"":305},""endLLA"":{""lat"":37.596919,""lon"":127.084854,""alt"":305},""targetSpeed"":51.4,""seq"":8}","{""phase"":""F"",""startLLA"":{""lat"":37.596919,""lon"":127.084854,""alt"":305},""endLLA"":{""lat"":37.614366,""lon"":127.072716,""alt"":305},""targetSpeed"":51.4,""seq"":9}","{""phase"":""G"",""startLLA"":{""lat"":37.614366,""lon"":127.072716,""alt"":305},""endLLA"":{""lat"":37.616266,""lon"":127.071394,""alt"":290.96},""targetSpeed"":36,""seq"":10}","{""phase"":""G"",""startLLA"":{""lat"":37.616266,""lon"":127.071394,""alt"":290.96},""endLLA"":{""lat"":37.626944,""lon"":127.036665,""alt"":100},""targetSpeed"":36,""seq"":11}","{""phase"":""I"",""startLLA"":{""lat"":37.626944,""lon"":127.036665,""alt"":100},""endLLA"":{""lat"":37.630207,""lon"":127.026053,""alt"":15},""targetSpeed"":30,""seq"":12}","{""phase"":""J"",""startLLA"":{""lat"":37.630207,""lon"":127.026053,""alt"":15},""endLLA"":{""lat"":37.630207,""lon"":127.026053,""alt"":0},""targetSpeed"":10,""seq"":13}","{""phase"":""K"",""startLLA"":{""lat"":37.630207,""lon"":127.026053,""alt"":0},""endLLA"":{""lat"":37.630207,""lon"":127.026053,""alt"":0},""targetSpeed"":3,""seq"":14}",,,,,,,
b4a2894cba5c,2026-06-20,FPL1701016,UAM0101,a6,6,2,0.3333,수서,수서,여의도,여의도,19,gate-4,fato-1,gate-1,fato-4,19:32:47,19:41:47,19:49:47,19:58:07,20:08:07,540,480.96,500,1520.96,0,0,ready,수서 > 경부고속도로 양재천 다리 > 채석장 > 180고지 > 영등포 > 여의도,20.7047,13,"{""phase"":""A"",""startLLA"":{""lat"":37.487441,""lon"":127.100603,""alt"":0},""endLLA"":{""lat"":37.487441,""lon"":127.100603,""alt"":0},""targetSpeed"":3,""seq"":1}","{""phase"":""B"",""startLLA"":{""lat"":37.487441,""lon"":127.100603,""alt"":0},""endLLA"":{""lat"":37.487441,""lon"":127.100603,""alt"":15},""targetSpeed"":10,""seq"":2}","{""phase"":""C"",""startLLA"":{""lat"":37.487441,""lon"":127.100603,""alt"":15},""endLLA"":{""lat"":37.484413,""lon"":127.087501,""alt"":100},""targetSpeed"":36,""seq"":3}","{""phase"":""E"",""startLLA"":{""lat"":37.484413,""lon"":127.087501,""alt"":100},""endLLA"":{""lat"":37.475548,""lon"":127.049145,""alt"":305},""targetSpeed"":51.4,""seq"":4}","{""phase"":""F"",""startLLA"":{""lat"":37.475548,""lon"":127.049145,""alt"":305},""endLLA"":{""lat"":37.471593,""lon"":127.032031,""alt"":305},""targetSpeed"":51.4,""seq"":5}","{""phase"":""F"",""startLLA"":{""lat"":37.471593,""lon"":127.032031,""alt"":305},""endLLA"":{""lat"":37.471285,""lon"":126.985745,""alt"":305},""targetSpeed"":51.4,""seq"":6}","{""phase"":""F"",""startLLA"":{""lat"":37.471285,""lon"":126.985745,""alt"":305},""endLLA"":{""lat"":37.492877,""lon"":126.93949,""alt"":305},""targetSpeed"":51.4,""seq"":7}","{""phase"":""F"",""startLLA"":{""lat"":37.492877,""lon"":126.93949,""alt"":305},""endLLA"":{""lat"":37.49922,""lon"":126.930772,""alt"":305},""targetSpeed"":51.4,""seq"":8}","{""phase"":""G"",""startLLA"":{""lat"":37.49922,""lon"":126.930772,""alt"":305},""endLLA"":{""lat"":37.515965,""lon"":126.907756,""alt"":144.8},""targetSpeed"":36,""seq"":9}","{""phase"":""G"",""startLLA"":{""lat"":37.515965,""lon"":126.907756,""alt"":144.8},""endLLA"":{""lat"":37.520546,""lon"":126.914309,""alt"":100},""targetSpeed"":36,""seq"":10}","{""phase"":""I"",""startLLA"":{""lat"":37.520546,""lon"":126.914309,""alt"":100},""endLLA"":{""lat"":37.526513,""lon"":126.922845,""alt"":15},""targetSpeed"":30,""seq"":11}","{""phase"":""J"",""startLLA"":{""lat"":37.526513,""lon"":126.922845,""alt"":15},""endLLA"":{""lat"":37.526513,""lon"":126.922845,""alt"":0},""targetSpeed"":10,""seq"":12}","{""phase"":""K"",""startLLA"":{""lat"":37.526513,""lon"":126.922845,""alt"":0},""endLLA"":{""lat"":37.526513,""lon"":126.922845,""alt"":0},""targetSpeed"":3,""seq"":13}",,,,,,,,
b4a2894cba5c,2026-06-20,FPL1716019,UAM0063,a8,8,1,0.125,수서,수서,망우,망우,19,gate-8,fato-2,gate-3,fato-3,19:35:37,19:44:37,20:05:21,20:12:41,20:22:41,540,1244,440,2224,0,290,ready,수서 > 잠실대교 중간지점 > 천호대교 중간지점 > 아차산 고가차도 > 망우,13.9617,12,"{""phase"":""A"",""startLLA"":{""lat"":37.487441,""lon"":127.100603,""alt"":0},""endLLA"":{""lat"":37.487441,""lon"":127.100603,""alt"":0},""targetSpeed"":3,""seq"":1}","{""phase"":""B"",""startLLA"":{""lat"":37.487441,""lon"":127.100603,""alt"":0},""endLLA"":{""lat"":37.487441,""lon"":127.100603,""alt"":15},""targetSpeed"":10,""seq"":2}","{""phase"":""C"",""startLLA"":{""lat"":37.487441,""lon"":127.100603,""alt"":15},""endLLA"":{""lat"":37.498067,""lon"":127.098018,""alt"":100},""targetSpeed"":36,""seq"":3}","{""phase"":""E"",""startLLA"":{""lat"":37.498067,""lon"":127.098018,""alt"":100},""endLLA"":{""lat"":37.524288,""lon"":127.091639,""alt"":272.79},""targetSpeed"":51.4,""seq"":4}","{""phase"":""E"",""startLLA"":{""lat"":37.524288,""lon"":127.091639,""alt"":272.79},""endLLA"":{""lat"":37.528015,""lon"":127.095801,""alt"":305},""targetSpeed"":51.4,""seq"":5}","{""phase"":""F"",""startLLA"":{""lat"":37.528015,""lon"":127.095801,""alt"":305},""endLLA"":{""lat"":37.5428,""lon"":127.112312,""alt"":305},""targetSpeed"":51.4,""seq"":6}","{""phase"":""F"",""startLLA"":{""lat"":37.5428,""lon"":127.112312,""alt"":305},""endLLA"":{""lat"":37.547423,""lon"":127.097424,""alt"":305},""targetSpeed"":51.4,""seq"":7}","{""phase"":""F"",""startLLA"":{""lat"":37.547423,""lon"":127.097424,""alt"":305},""endLLA"":{""lat"":37.557017,""lon"":127.094987,""alt"":305},""targetSpeed"":51.4,""seq"":8}","{""phase"":""G"",""startLLA"":{""lat"":37.557017,""lon"":127.094987,""alt"":305},""endLLA"":{""lat"":37.588078,""lon"":127.087099,""alt"":100},""targetSpeed"":36,""seq"":9}","{""phase"":""I"",""startLLA"":{""lat"":37.588078,""lon"":127.087099,""alt"":100},""endLLA"":{""lat"":37.596919,""lon"":127.084854,""alt"":15},""targetSpeed"":30,""seq"":10}","{""phase"":""J"",""startLLA"":{""lat"":37.596919,""lon"":127.084854,""alt"":15},""endLLA"":{""lat"":37.596919,""lon"":127.084854,""alt"":0},""targetSpeed"":10,""seq"":11}","{""phase"":""K"",""startLLA"":{""lat"":37.596919,""lon"":127.084854,""alt"":0},""endLLA"":{""lat"":37.596919,""lon"":127.084854,""alt"":0},""targetSpeed"":3,""seq"":12}",,,,,,,,,
b4a2894cba5c,2026-06-20,FPL1710012,UAM0123,a4,4,1,0.25,수서,수서,연신내,연신내,19,gate-3,fato-1,gate-4,fato-4,19:40:21,19:48:51,20:01:01,20:07:51,20:17:51,510,730.74,410,1650.74,0,30.74,ready,수서 > 경부고속도로 양재천 다리 > 채석장 > 180고지 > 영등포 > 선유도 17고지 > 성산대교 중간지점 > 수색교 > 연신내,31.4243,16,"{""phase"":""A"",""startLLA"":{""lat"":37.487441,""lon"":127.100603,""alt"":0},""endLLA"":{""lat"":37.487441,""lon"":127.100603,""alt"":0},""targetSpeed"":3,""seq"":1}","{""phase"":""B"",""startLLA"":{""lat"":37.487441,""lon"":127.100603,""alt"":0},""endLLA"":{""lat"":37.487441,""lon"":127.100603,""alt"":15},""targetSpeed"":10,""seq"":2}","{""phase"":""C"",""startLLA"":{""lat"":37.487441,""lon"":127.100603,""alt"":15},""endLLA"":{""lat"":37.484414,""lon"":127.087505,""alt"":100},""targetSpeed"":36,""seq"":3}","{""phase"":""E"",""startLLA"":{""lat"":37.484414,""lon"":127.087505,""alt"":100},""endLLA"":{""lat"":37.475552,""lon"":127.049159,""alt"":305},""targetSpeed"":51.4,""seq"":4}","{""phase"":""F"",""startLLA"":{""lat"":37.475552,""lon"":127.049159,""alt"":305},""endLLA"":{""lat"":37.471593,""lon"":127.032031,""alt"":305},""targetSpeed"":51.4,""seq"":5}","{""phase"":""F"",""startLLA"":{""lat"":37.471593,""lon"":127.032031,""alt"":305},""endLLA"":{""lat"":37.471285,""lon"":126.985745,""alt"":305},""targetSpeed"":51.4,""seq"":6}","{""phase"":""F"",""startLLA"":{""lat"":37.471285,""lon"":126.985745,""alt"":305},""endLLA"":{""lat"":37.492877,""lon"":126.93949,""alt"":305},""targetSpeed"":51.4,""seq"":7}","{""phase"":""F"",""startLLA"":{""lat"":37.492877,""lon"":126.93949,""alt"":305},""endLLA"":{""lat"":37.515965,""lon"":126.907756,""alt"":305},""targetSpeed"":51.4,""seq"":8}","{""phase"":""F"",""startLLA"":{""lat"":37.515965,""lon"":126.907756,""alt"":305},""endLLA"":{""lat"":37.542307,""lon"":126.90249,""alt"":305},""targetSpeed"":51.4,""seq"":9}","{""phase"":""F"",""startLLA"":{""lat"":37.542307,""lon"":126.90249,""alt"":305},""endLLA"":{""lat"":37.552574,""lon"":126.891431,""alt"":305},""targetSpeed"":51.4,""seq"":10}","{""phase"":""F"",""startLLA"":{""lat"":37.552574,""lon"":126.891431,""alt"":305},""endLLA"":{""lat"":37.583689,""lon"":126.886699,""alt"":305},""targetSpeed"":51.4,""seq"":11}","{""phase"":""G"",""startLLA"":{""lat"":37.583689,""lon"":126.886699,""alt"":305},""endLLA"":{""lat"":37.586283,""lon"":126.886304,""alt"":288.1},""targetSpeed"":36,""seq"":12}","{""phase"":""G"",""startLLA"":{""lat"":37.586283,""lon"":126.886304,""alt"":288.1},""endLLA"":{""lat"":37.605258,""lon"":126.914118,""alt"":100},""targetSpeed"":36,""seq"":13}","{""phase"":""I"",""startLLA"":{""lat"":37.605258,""lon"":126.914118,""alt"":100},""endLLA"":{""lat"":37.611145,""lon"":126.922747,""alt"":15},""targetSpeed"":30,""seq"":14}","{""phase"":""J"",""startLLA"":{""lat"":37.611145,""lon"":126.922747,""alt"":15},""endLLA"":{""lat"":37.611145,""lon"":126.922747,""alt"":0},""targetSpeed"":10,""seq"":15}","{""phase"":""K"",""startLLA"":{""lat"":37.611145,""lon"":126.922747,""alt"":0},""endLLA"":{""lat"":37.611145,""lon"":126.922747,""alt"":0},""targetSpeed"":3,""seq"":16}",,,,,
b4a2894cba5c,2026-06-20,FPL1714018,UAM0008,a8,8,6,0.75,수서,수서,가산,가산,20,gate-7,fato-1,gate-5,fato-4,20:00:00,20:08:30,20:16:26,20:24:46,20:34:46,510,476.98,500,1486.98,0,0,ready,수서 > 경부고속도로 양재천 다리 > 채석장 > 180고지 > 가산,20.5002,12,"{""phase"":""A"",""startLLA"":{""lat"":37.487441,""lon"":127.100603,""alt"":0},""endLLA"":{""lat"":37.487441,""lon"":127.100603,""alt"":0},""targetSpeed"":3,""seq"":1}","{""phase"":""B"",""startLLA"":{""lat"":37.487441,""lon"":127.100603,""alt"":0},""endLLA"":{""lat"":37.487441,""lon"":127.100603,""alt"":15},""targetSpeed"":10,""seq"":2}","{""phase"":""C"",""startLLA"":{""lat"":37.487441,""lon"":127.100603,""alt"":15},""endLLA"":{""lat"":37.484413,""lon"":127.0875,""alt"":100},""targetSpeed"":36,""seq"":3}","{""phase"":""E"",""startLLA"":{""lat"":37.484413,""lon"":127.0875,""alt"":100},""endLLA"":{""lat"":37.475547,""lon"":127.049139,""alt"":305},""targetSpeed"":51.4,""seq"":4}","{""phase"":""F"",""startLLA"":{""lat"":37.475547,""lon"":127.049139,""alt"":305},""endLLA"":{""lat"":37.471593,""lon"":127.032031,""alt"":305},""targetSpeed"":51.4,""seq"":5}","{""phase"":""F"",""startLLA"":{""lat"":37.471593,""lon"":127.032031,""alt"":305},""endLLA"":{""lat"":37.471285,""lon"":126.985745,""alt"":305},""targetSpeed"":51.4,""seq"":6}","{""phase"":""F"",""startLLA"":{""lat"":37.471285,""lon"":126.985745,""alt"":305},""endLLA"":{""lat"":37.492877,""lon"":126.93949,""alt"":305},""targetSpeed"":51.4,""seq"":7}","{""phase"":""F"",""startLLA"":{""lat"":37.492877,""lon"":126.93949,""alt"":305},""endLLA"":{""lat"":37.492284,""lon"":126.929987,""alt"":305},""targetSpeed"":51.4,""seq"":8}","{""phase"":""G"",""startLLA"":{""lat"":37.492284,""lon"":126.929987,""alt"":305},""endLLA"":{""lat"":37.489799,""lon"":126.890149,""alt"":100},""targetSpeed"":36,""seq"":9}","{""phase"":""I"",""startLLA"":{""lat"":37.489799,""lon"":126.890149,""alt"":100},""endLLA"":{""lat"":37.489091,""lon"":126.878809,""alt"":15},""targetSpeed"":30,""seq"":10}","{""phase"":""J"",""startLLA"":{""lat"":37.489091,""lon"":126.878809,""alt"":15},""endLLA"":{""lat"":37.489091,""lon"":126.878809,""alt"":0},""targetSpeed"":10,""seq"":11}","{""phase"":""K"",""startLLA"":{""lat"":37.489091,""lon"":126.878809,""alt"":0},""endLLA"":{""lat"":37.489091,""lon"":126.878809,""alt"":0},""targetSpeed"":3,""seq"":12}",,,,,,,,,
b4a2894cba5c,2026-06-20,FPL1707013,UAM0033,a2,2,2,1,수서,수서,봉천,봉천,20,gate-4,fato-2,gate-3,fato-4,20:00:10,20:09:10,20:15:09,20:22:29,20:32:29,540,359.05,440,1339.05,0,0,ready,수서 > 경부고속도로 양재천 다리 > 채석장 > 봉천,14.439,11,"{""phase"":""A"",""startLLA"":{""lat"":37.487441,""lon"":127.100603,""alt"":0},""endLLA"":{""lat"":37.487441,""lon"":127.100603,""alt"":0},""targetSpeed"":3,""seq"":1}","{""phase"":""B"",""startLLA"":{""lat"":37.487441,""lon"":127.100603,""alt"":0},""endLLA"":{""lat"":37.487441,""lon"":127.100603,""alt"":15},""targetSpeed"":10,""seq"":2}","{""phase"":""C"",""startLLA"":{""lat"":37.487441,""lon"":127.100603,""alt"":15},""endLLA"":{""lat"":37.484412,""lon"":127.087499,""alt"":100},""targetSpeed"":36,""seq"":3}","{""phase"":""E"",""startLLA"":{""lat"":37.484412,""lon"":127.087499,""alt"":100},""endLLA"":{""lat"":37.475546,""lon"":127.049134,""alt"":305},""targetSpeed"":51.4,""seq"":4}","{""phase"":""F"",""startLLA"":{""lat"":37.475546,""lon"":127.049134,""alt"":305},""endLLA"":{""lat"":37.471593,""lon"":127.032031,""alt"":305},""targetSpeed"":51.4,""seq"":5}","{""phase"":""F"",""startLLA"":{""lat"":37.471593,""lon"":127.032031,""alt"":305},""endLLA"":{""lat"":37.471321,""lon"":126.991206,""alt"":305},""targetSpeed"":51.4,""seq"":6}","{""phase"":""G"",""startLLA"":{""lat"":37.471321,""lon"":126.991206,""alt"":305},""endLLA"":{""lat"":37.471285,""lon"":126.985745,""alt"":276.98},""targetSpeed"":36,""seq"":7}","{""phase"":""G"",""startLLA"":{""lat"":37.471285,""lon"":126.985745,""alt"":276.98},""endLLA"":{""lat"":37.479969,""lon"":126.953031,""alt"":100},""targetSpeed"":36,""seq"":8}","{""phase"":""I"",""startLLA"":{""lat"":37.479969,""lon"":126.953031,""alt"":100},""endLLA"":{""lat"":37.482832,""lon"":126.942245,""alt"":15},""targetSpeed"":30,""seq"":9}","{""phase"":""J"",""startLLA"":{""lat"":37.482832,""lon"":126.942245,""alt"":15},""endLLA"":{""lat"":37.482832,""lon"":126.942245,""alt"":0},""targetSpeed"":10,""seq"":10}","{""phase"":""K"",""startLLA"":{""lat"":37.482832,""lon"":126.942245,""alt"":0},""endLLA"":{""lat"":37.482832,""lon"":126.942245,""alt"":0},""targetSpeed"":3,""seq"":11}",,,,,,,,,,
b4a2894cba5c,2026-06-20,FPL1715019,UAM0036,a4,4,4,1,수서,수서,마곡,마곡,20,gate-8,fato-1,gate-7,fato-3,20:01:43,20:14:30,20:27:44,20:35:04,20:45:04,767,794.82,440,2001.82,227,85.94,ready,수서 > 경부고속도로 양재천 다리 > 채석장 > 180고지 > 영등포 > 목동교 > 염창교 > 가양대교 남단 > 마곡,32.4201,16,"{""phase"":""A"",""startLLA"":{""lat"":37.487441,""lon"":127.100603,""alt"":0},""endLLA"":{""lat"":37.487441,""lon"":127.100603,""alt"":0},""targetSpeed"":3,""seq"":1}","{""phase"":""B"",""startLLA"":{""lat"":37.487441,""lon"":127.100603,""alt"":0},""endLLA"":{""lat"":37.487441,""lon"":127.100603,""alt"":15},""targetSpeed"":10,""seq"":2}","{""phase"":""C"",""startLLA"":{""lat"":37.487441,""lon"":127.100603,""alt"":15},""endLLA"":{""lat"":37.484414,""lon"":127.087505,""alt"":100},""targetSpeed"":36,""seq"":3}","{""phase"":""E"",""startLLA"":{""lat"":37.484414,""lon"":127.087505,""alt"":100},""endLLA"":{""lat"":37.475552,""lon"":127.04916,""alt"":305},""targetSpeed"":51.4,""seq"":4}","{""phase"":""F"",""startLLA"":{""lat"":37.475552,""lon"":127.04916,""alt"":305},""endLLA"":{""lat"":37.471593,""lon"":127.032031,""alt"":305},""targetSpeed"":51.4,""seq"":5}","{""phase"":""F"",""startLLA"":{""lat"":37.471593,""lon"":127.032031,""alt"":305},""endLLA"":{""lat"":37.471285,""lon"":126.985745,""alt"":305},""targetSpeed"":51.4,""seq"":6}","{""phase"":""F"",""startLLA"":{""lat"":37.471285,""lon"":126.985745,""alt"":305},""endLLA"":{""lat"":37.492877,""lon"":126.93949,""alt"":305},""targetSpeed"":51.4,""seq"":7}","{""phase"":""F"",""startLLA"":{""lat"":37.492877,""lon"":126.93949,""alt"":305},""endLLA"":{""lat"":37.515965,""lon"":126.907756,""alt"":305},""targetSpeed"":51.4,""seq"":8}","{""phase"":""F"",""startLLA"":{""lat"":37.515965,""lon"":126.907756,""alt"":305},""endLLA"":{""lat"":37.530667,""lon"":126.888262,""alt"":305},""targetSpeed"":51.4,""seq"":9}","{""phase"":""F"",""startLLA"":{""lat"":37.530667,""lon"":126.888262,""alt"":305},""endLLA"":{""lat"":37.553824,""lon"":126.875819,""alt"":305},""targetSpeed"":51.4,""seq"":10}","{""phase"":""F"",""startLLA"":{""lat"":37.553824,""lon"":126.875819,""alt"":305},""endLLA"":{""lat"":37.569391,""lon"":126.861026,""alt"":305},""targetSpeed"":51.4,""seq"":11}","{""phase"":""F"",""startLLA"":{""lat"":37.569391,""lon"":126.861026,""alt"":305},""endLLA"":{""lat"":37.567856,""lon"":126.842881,""alt"":305},""targetSpeed"":51.4,""seq"":12}","{""phase"":""G"",""startLLA"":{""lat"":37.567856,""lon"":126.842881,""alt"":305},""endLLA"":{""lat"":37.564492,""lon"":126.803122,""alt"":100},""targetSpeed"":36,""seq"":13}","{""phase"":""I"",""startLLA"":{""lat"":37.564492,""lon"":126.803122,""alt"":100},""endLLA"":{""lat"":37.563535,""lon"":126.791805,""alt"":15},""targetSpeed"":30,""seq"":14}","{""phase"":""J"",""startLLA"":{""lat"":37.563535,""lon"":126.791805,""alt"":15},""endLLA"":{""lat"":37.563535,""lon"":126.791805,""alt"":0},""targetSpeed"":10,""seq"":15}","{""phase"":""K"",""startLLA"":{""lat"":37.563535,""lon"":126.791805,""alt"":0},""endLLA"":{""lat"":37.563535,""lon"":126.791805,""alt"":0},""targetSpeed"":3,""seq"":16}",,,,,
b4a2894cba5c,2026-06-20,FPL1705023,UAM0020,a4,4,4,1,수서,수서,목동,목동,20,gate-3,fato-2,gate-6,fato-4,20:05:30,20:15:10,20:27:59,20:35:49,20:45:49,580,769.99,470,1819.99,70,264.98,ready,수서 > 경부고속도로 양재천 다리 > 채석장 > 180고지 > 영등포 > 목동,21.941,13,"{""phase"":""A"",""startLLA"":{""lat"":37.487441,""lon"":127.100603,""alt"":0},""endLLA"":{""lat"":37.487441,""lon"":127.100603,""alt"":0},""targetSpeed"":3,""seq"":1}","{""phase"":""B"",""startLLA"":{""lat"":37.487441,""lon"":127.100603,""alt"":0},""endLLA"":{""lat"":37.487441,""lon"":127.100603,""alt"":15},""targetSpeed"":10,""seq"":2}","{""phase"":""C"",""startLLA"":{""lat"":37.487441,""lon"":127.100603,""alt"":15},""endLLA"":{""lat"":37.484413,""lon"":127.087502,""alt"":100},""targetSpeed"":36,""seq"":3}","{""phase"":""E"",""startLLA"":{""lat"":37.484413,""lon"":127.087502,""alt"":100},""endLLA"":{""lat"":37.475548,""lon"":127.049146,""alt"":305},""targetSpeed"":51.4,""seq"":4}","{""phase"":""F"",""startLLA"":{""lat"":37.475548,""lon"":127.049146,""alt"":305},""endLLA"":{""lat"":37.471593,""lon"":127.032031,""alt"":305},""targetSpeed"":51.4,""seq"":5}","{""phase"":""F"",""startLLA"":{""lat"":37.471593,""lon"":127.032031,""alt"":305},""endLLA"":{""lat"":37.471285,""lon"":126.985745,""alt"":305},""targetSpeed"":51.4,""seq"":6}","{""phase"":""F"",""startLLA"":{""lat"":37.471285,""lon"":126.985745,""alt"":305},""endLLA"":{""lat"":37.492877,""lon"":126.93949,""alt"":305},""targetSpeed"":51.4,""seq"":7}","{""phase"":""F"",""startLLA"":{""lat"":37.492877,""lon"":126.93949,""alt"":305},""endLLA"":{""lat"":37.506729,""lon"":126.92045,""alt"":305},""targetSpeed"":51.4,""seq"":8}","{""phase"":""G"",""startLLA"":{""lat"":37.506729,""lon"":126.92045,""alt"":305},""endLLA"":{""lat"":37.515965,""lon"":126.907756,""alt"":216.64},""targetSpeed"":36,""seq"":9}","{""phase"":""G"",""startLLA"":{""lat"":37.515965,""lon"":126.907756,""alt"":216.64},""endLLA"":{""lat"":37.522882,""lon"":126.886751,""alt"":100},""targetSpeed"":36,""seq"":10}","{""phase"":""I"",""startLLA"":{""lat"":37.522882,""lon"":126.886751,""alt"":100},""endLLA"":{""lat"":37.526343,""lon"":126.876243,""alt"":15},""targetSpeed"":30,""seq"":11}","{""phase"":""J"",""startLLA"":{""lat"":37.526343,""lon"":126.876243,""alt"":15},""endLLA"":{""lat"":37.526343,""lon"":126.876243,""alt"":0},""targetSpeed"":10,""seq"":12}","{""phase"":""K"",""startLLA"":{""lat"":37.526343,""lon"":126.876243,""alt"":0},""endLLA"":{""lat"":37.526343,""lon"":126.876243,""alt"":0},""targetSpeed"":3,""seq"":13}",,,,,,,,
b4a2894cba5c,2026-06-20,FPL1706015,UAM0130,a2,2,2,1,수서,수서,미아,미아,20,gate-2,fato-1,gate-1,fato-3,20:14:55,20:22:55,21:15:16,21:23:36,21:33:36,480,3141,500,4121,0,870,ready,수서 > 잠실대교 중간지점 > 천호대교 중간지점 > 아차산 고가차도 > 상봉 > 월릉교 > 미아,20.7137,14,"{""phase"":""A"",""startLLA"":{""lat"":37.487441,""lon"":127.100603,""alt"":0},""endLLA"":{""lat"":37.487441,""lon"":127.100603,""alt"":0},""targetSpeed"":3,""seq"":1}","{""phase"":""B"",""startLLA"":{""lat"":37.487441,""lon"":127.100603,""alt"":0},""endLLA"":{""lat"":37.487441,""lon"":127.100603,""alt"":15},""targetSpeed"":10,""seq"":2}","{""phase"":""C"",""startLLA"":{""lat"":37.487441,""lon"":127.100603,""alt"":15},""endLLA"":{""lat"":37.498065,""lon"":127.098018,""alt"":100},""targetSpeed"":36,""seq"":3}","{""phase"":""E"",""startLLA"":{""lat"":37.498065,""lon"":127.098018,""alt"":100},""endLLA"":{""lat"":37.524288,""lon"":127.091639,""alt"":272.84},""targetSpeed"":51.4,""seq"":4}","{""phase"":""E"",""startLLA"":{""lat"":37.524288,""lon"":127.091639,""alt"":272.84},""endLLA"":{""lat"":37.528008,""lon"":127.095794,""alt"":305},""targetSpeed"":51.4,""seq"":5}","{""phase"":""F"",""startLLA"":{""lat"":37.528008,""lon"":127.095794,""alt"":305},""endLLA"":{""lat"":37.5428,""lon"":127.112312,""alt"":305},""targetSpeed"":51.4,""seq"":6}","{""phase"":""F"",""startLLA"":{""lat"":37.5428,""lon"":127.112312,""alt"":305},""endLLA"":{""lat"":37.547423,""lon"":127.097424,""alt"":305},""targetSpeed"":51.4,""seq"":7}","{""phase"":""F"",""startLLA"":{""lat"":37.547423,""lon"":127.097424,""alt"":305},""endLLA"":{""lat"":37.596919,""lon"":127.084854,""alt"":305},""targetSpeed"":51.4,""seq"":8}","{""phase"":""F"",""startLLA"":{""lat"":37.596919,""lon"":127.084854,""alt"":305},""endLLA"":{""lat"":37.614366,""lon"":127.072716,""alt"":305},""targetSpeed"":51.4,""seq"":9}","{""phase"":""G"",""startLLA"":{""lat"":37.614366,""lon"":127.072716,""alt"":305},""endLLA"":{""lat"":37.616266,""lon"":127.071394,""alt"":290.96},""targetSpeed"":36,""seq"":10}","{""phase"":""G"",""startLLA"":{""lat"":37.616266,""lon"":127.071394,""alt"":290.96},""endLLA"":{""lat"":37.626944,""lon"":127.036665,""alt"":100},""targetSpeed"":36,""seq"":11}","{""phase"":""I"",""startLLA"":{""lat"":37.626944,""lon"":127.036665,""alt"":100},""endLLA"":{""lat"":37.630207,""lon"":127.026053,""alt"":15},""targetSpeed"":30,""seq"":12}","{""phase"":""J"",""startLLA"":{""lat"":37.630207,""lon"":127.026053,""alt"":15},""endLLA"":{""lat"":37.630207,""lon"":127.026053,""alt"":0},""targetSpeed"":10,""seq"":13}","{""phase"":""K"",""startLLA"":{""lat"":37.630207,""lon"":127.026053,""alt"":0},""endLLA"":{""lat"":37.630207,""lon"":127.026053,""alt"":0},""targetSpeed"":3,""seq"":14}",,,,,,,
b4a2894cba5c,2026-06-20,FPL1708018,UAM0135,a8,8,4,0.5,수서,수서,사당,사당,20,gate-6,fato-2,gate-3,fato-4,20:17:29,20:25:29,20:30:15,20:37:35,20:47:35,480,286.87,440,1206.87,0,0,ready,수서 > 경부고속도로 양재천 다리 > 사당,10.7285,10,"{""phase"":""A"",""startLLA"":{""lat"":37.487441,""lon"":127.100603,""alt"":0},""endLLA"":{""lat"":37.487441,""lon"":127.100603,""alt"":0},""targetSpeed"":3,""seq"":1}","{""phase"":""B"",""startLLA"":{""lat"":37.487441,""lon"":127.100603,""alt"":0},""endLLA"":{""lat"":37.487441,""lon"":127.100603,""alt"":15},""targetSpeed"":10,""seq"":2}","{""phase"":""C"",""startLLA"":{""lat"":37.487441,""lon"":127.100603,""alt"":15},""endLLA"":{""lat"":37.484412,""lon"":127.087499,""alt"":100},""targetSpeed"":36,""seq"":3}","{""phase"":""E"",""startLLA"":{""lat"":37.484412,""lon"":127.087499,""alt"":100},""endLLA"":{""lat"":37.475546,""lon"":127.049134,""alt"":305},""targetSpeed"":51.4,""seq"":4}","{""phase"":""F"",""startLLA"":{""lat"":37.475546,""lon"":127.049134,""alt"":305},""endLLA"":{""lat"":37.471861,""lon"":127.033189,""alt"":305},""targetSpeed"":51.4,""seq"":5}","{""phase"":""G"",""startLLA"":{""lat"":37.471861,""lon"":127.033189,""alt"":305},""endLLA"":{""lat"":37.471593,""lon"":127.032031,""alt"":298.81},""targetSpeed"":36,""seq"":6}","{""phase"":""G"",""startLLA"":{""lat"":37.471593,""lon"":127.032031,""alt"":298.81},""endLLA"":{""lat"":37.47482,""lon"":126.993495,""alt"":100},""targetSpeed"":36,""seq"":7}","{""phase"":""I"",""startLLA"":{""lat"":37.47482,""lon"":126.993495,""alt"":100},""endLLA"":{""lat"":37.475767,""lon"":126.982185,""alt"":15},""targetSpeed"":30,""seq"":8}","{""phase"":""J"",""startLLA"":{""lat"":37.475767,""lon"":126.982185,""alt"":15},""endLLA"":{""lat"":37.475767,""lon"":126.982185,""alt"":0},""targetSpeed"":10,""seq"":9}","{""phase"":""K"",""startLLA"":{""lat"":37.475767,""lon"":126.982185,""alt"":0},""endLLA"":{""lat"":37.475767,""lon"":126.982185,""alt"":0},""targetSpeed"":3,""seq"":10}",,,,,,,,,,,
b4a2894cba5c,2026-06-20,FPL1701017,UAM0067,a4,4,3,0.75,수서,수서,여의도,여의도,20,gate-4,fato-1,gate-4,fato-3,20:22:18,20:31:18,20:39:18,20:46:08,20:56:08,540,480.96,410,1430.96,0,0,ready,수서 > 경부고속도로 양재천 다리 > 채석장 > 180고지 > 영등포 > 여의도,20.7047,13,"{""phase"":""A"",""startLLA"":{""lat"":37.487441,""lon"":127.100603,""alt"":0},""endLLA"":{""lat"":37.487441,""lon"":127.100603,""alt"":0},""targetSpeed"":3,""seq"":1}","{""phase"":""B"",""startLLA"":{""lat"":37.487441,""lon"":127.100603,""alt"":0},""endLLA"":{""lat"":37.487441,""lon"":127.100603,""alt"":15},""targetSpeed"":10,""seq"":2}","{""phase"":""C"",""startLLA"":{""lat"":37.487441,""lon"":127.100603,""alt"":15},""endLLA"":{""lat"":37.484413,""lon"":127.087501,""alt"":100},""targetSpeed"":36,""seq"":3}","{""phase"":""E"",""startLLA"":{""lat"":37.484413,""lon"":127.087501,""alt"":100},""endLLA"":{""lat"":37.475548,""lon"":127.049145,""alt"":305},""targetSpeed"":51.4,""seq"":4}","{""phase"":""F"",""startLLA"":{""lat"":37.475548,""lon"":127.049145,""alt"":305},""endLLA"":{""lat"":37.471593,""lon"":127.032031,""alt"":305},""targetSpeed"":51.4,""seq"":5}","{""phase"":""F"",""startLLA"":{""lat"":37.471593,""lon"":127.032031,""alt"":305},""endLLA"":{""lat"":37.471285,""lon"":126.985745,""alt"":305},""targetSpeed"":51.4,""seq"":6}","{""phase"":""F"",""startLLA"":{""lat"":37.471285,""lon"":126.985745,""alt"":305},""endLLA"":{""lat"":37.492877,""lon"":126.93949,""alt"":305},""targetSpeed"":51.4,""seq"":7}","{""phase"":""F"",""startLLA"":{""lat"":37.492877,""lon"":126.93949,""alt"":305},""endLLA"":{""lat"":37.49922,""lon"":126.930772,""alt"":305},""targetSpeed"":51.4,""seq"":8}","{""phase"":""G"",""startLLA"":{""lat"":37.49922,""lon"":126.930772,""alt"":305},""endLLA"":{""lat"":37.515965,""lon"":126.907756,""alt"":144.8},""targetSpeed"":36,""seq"":9}","{""phase"":""G"",""startLLA"":{""lat"":37.515965,""lon"":126.907756,""alt"":144.8},""endLLA"":{""lat"":37.520546,""lon"":126.914309,""alt"":100},""targetSpeed"":36,""seq"":10}","{""phase"":""I"",""startLLA"":{""lat"":37.520546,""lon"":126.914309,""alt"":100},""endLLA"":{""lat"":37.526513,""lon"":126.922845,""alt"":15},""targetSpeed"":30,""seq"":11}","{""phase"":""J"",""startLLA"":{""lat"":37.526513,""lon"":126.922845,""alt"":15},""endLLA"":{""lat"":37.526513,""lon"":126.922845,""alt"":0},""targetSpeed"":10,""seq"":12}","{""phase"":""K"",""startLLA"":{""lat"":37.526513,""lon"":126.922845,""alt"":0},""endLLA"":{""lat"":37.526513,""lon"":126.922845,""alt"":0},""targetSpeed"":3,""seq"":13}",,,,,,,,
b4a2894cba5c,2026-06-20,FPL1712017,UAM0075,a4,4,2,0.5,수서,수서,광화문,광화문,20,gate-8,fato-2,gate-4,fato-3,20:26:39,20:35:39,20:43:52,20:50:42,21:00:42,540,493.05,410,1443.05,0,0,ready,수서 > 잠실대교 중간지점 > 청담대교 중간지점 > 성수대교 남단 > 왕십리역 > 청량리 > 신설동역 > 광화문,21.5406,15,"{""phase"":""A"",""startLLA"":{""lat"":37.487441,""lon"":127.100603,""alt"":0},""endLLA"":{""lat"":37.487441,""lon"":127.100603,""alt"":0},""targetSpeed"":3,""seq"":1}","{""phase"":""B"",""startLLA"":{""lat"":37.487441,""lon"":127.100603,""alt"":0},""endLLA"":{""lat"":37.487441,""lon"":127.100603,""alt"":15},""targetSpeed"":10,""seq"":2}","{""phase"":""C"",""startLLA"":{""lat"":37.487441,""lon"":127.100603,""alt"":15},""endLLA"":{""lat"":37.498186,""lon"":127.097989,""alt"":100},""targetSpeed"":36,""seq"":3}","{""phase"":""E"",""startLLA"":{""lat"":37.498186,""lon"":127.097989,""alt"":100},""endLLA"":{""lat"":37.524288,""lon"":127.091639,""alt"":270.1},""targetSpeed"":51.4,""seq"":4}","{""phase"":""E"",""startLLA"":{""lat"":37.524288,""lon"":127.091639,""alt"":270.1},""endLLA"":{""lat"":37.524831,""lon"":127.084797,""alt"":305},""targetSpeed"":51.4,""seq"":5}","{""phase"":""F"",""startLLA"":{""lat"":37.524831,""lon"":127.084797,""alt"":305},""endLLA"":{""lat"":37.526451,""lon"":127.064361,""alt"":305},""targetSpeed"":51.4,""seq"":6}","{""phase"":""F"",""startLLA"":{""lat"":37.526451,""lon"":127.064361,""alt"":305},""endLLA"":{""lat"":37.53537,""lon"":127.034503,""alt"":305},""targetSpeed"":51.4,""seq"":7}","{""phase"":""F"",""startLLA"":{""lat"":37.53537,""lon"":127.034503,""alt"":305},""endLLA"":{""lat"":37.561925,""lon"":127.038491,""alt"":305},""targetSpeed"":51.4,""seq"":8}","{""phase"":""F"",""startLLA"":{""lat"":37.561925,""lon"":127.038491,""alt"":305},""endLLA"":{""lat"":37.581542,""lon"":127.048947,""alt"":305},""targetSpeed"":51.4,""seq"":9}","{""phase"":""F"",""startLLA"":{""lat"":37.581542,""lon"":127.048947,""alt"":305},""endLLA"":{""lat"":37.575947,""lon"":127.024779,""alt"":305},""targetSpeed"":51.4,""seq"":10}","{""phase"":""G"",""startLLA"":{""lat"":37.575947,""lon"":127.024779,""alt"":305},""endLLA"":{""lat"":37.575658,""lon"":127.02353,""alt"":298.4},""targetSpeed"":36,""seq"":11}","{""phase"":""G"",""startLLA"":{""lat"":37.575658,""lon"":127.02353,""alt"":298.4},""endLLA"":{""lat"":37.570521,""lon"":126.984951,""alt"":100},""targetSpeed"":36,""seq"":12}","{""phase"":""I"",""startLLA"":{""lat"":37.570521,""lon"":126.984951,""alt"":100},""endLLA"":{""lat"":37.56901,""lon"":126.973604,""alt"":15},""targetSpeed"":30,""seq"":13}","{""phase"":""J"",""startLLA"":{""lat"":37.56901,""lon"":126.973604,""alt"":15},""endLLA"":{""lat"":37.56901,""lon"":126.973604,""alt"":0},""targetSpeed"":10,""seq"":14}","{""phase"":""K"",""startLLA"":{""lat"":37.56901,""lon"":126.973604,""alt"":0},""endLLA"":{""lat"":37.56901,""lon"":126.973604,""alt"":0},""targetSpeed"":3,""seq"":15}",,,,,,
b4a2894cba5c,2026-06-20,FPL1715020,UAM0085,a6,6,2,0.3333,수서,수서,마곡,마곡,20,gate-3,fato-1,gate-8,fato-4,20:30:07,20:38:37,21:00:46,21:08:16,21:18:16,510,1329,450,2289,0,40,ready,수서 > 경부고속도로 양재천 다리 > 채석장 > 180고지 > 영등포 > 목동교 > 염창교 > 가양대교 남단 > 마곡,32.4201,16,"{""phase"":""A"",""startLLA"":{""lat"":37.487441,""lon"":127.100603,""alt"":0},""endLLA"":{""lat"":37.487441,""lon"":127.100603,""alt"":0},""targetSpeed"":3,""seq"":1}","{""phase"":""B"",""startLLA"":{""lat"":37.487441,""lon"":127.100603,""alt"":0},""endLLA"":{""lat"":37.487441,""lon"":127.100603,""alt"":15},""targetSpeed"":10,""seq"":2}","{""phase"":""C"",""startLLA"":{""lat"":37.487441,""lon"":127.100603,""alt"":15},""endLLA"":{""lat"":37.484414,""lon"":127.087505,""alt"":100},""targetSpeed"":36,""seq"":3}","{""phase"":""E"",""startLLA"":{""lat"":37.484414,""lon"":127.087505,""alt"":100},""endLLA"":{""lat"":37.475552,""lon"":127.04916,""alt"":305},""targetSpeed"":51.4,""seq"":4}","{""phase"":""F"",""startLLA"":{""lat"":37.475552,""lon"":127.04916,""alt"":305},""endLLA"":{""lat"":37.471593,""lon"":127.032031,""alt"":305},""targetSpeed"":51.4,""seq"":5}","{""phase"":""F"",""startLLA"":{""lat"":37.471593,""lon"":127.032031,""alt"":305},""endLLA"":{""lat"":37.471285,""lon"":126.985745,""alt"":305},""targetSpeed"":51.4,""seq"":6}","{""phase"":""F"",""startLLA"":{""lat"":37.471285,""lon"":126.985745,""alt"":305},""endLLA"":{""lat"":37.492877,""lon"":126.93949,""alt"":305},""targetSpeed"":51.4,""seq"":7}","{""phase"":""F"",""startLLA"":{""lat"":37.492877,""lon"":126.93949,""alt"":305},""endLLA"":{""lat"":37.515965,""lon"":126.907756,""alt"":305},""targetSpeed"":51.4,""seq"":8}","{""phase"":""F"",""startLLA"":{""lat"":37.515965,""lon"":126.907756,""alt"":305},""endLLA"":{""lat"":37.530667,""lon"":126.888262,""alt"":305},""targetSpeed"":51.4,""seq"":9}","{""phase"":""F"",""startLLA"":{""lat"":37.530667,""lon"":126.888262,""alt"":305},""endLLA"":{""lat"":37.553824,""lon"":126.875819,""alt"":305},""targetSpeed"":51.4,""seq"":10}","{""phase"":""F"",""startLLA"":{""lat"":37.553824,""lon"":126.875819,""alt"":305},""endLLA"":{""lat"":37.569391,""lon"":126.861026,""alt"":305},""targetSpeed"":51.4,""seq"":11}","{""phase"":""F"",""startLLA"":{""lat"":37.569391,""lon"":126.861026,""alt"":305},""endLLA"":{""lat"":37.567856,""lon"":126.842881,""alt"":305},""targetSpeed"":51.4,""seq"":12}","{""phase"":""G"",""startLLA"":{""lat"":37.567856,""lon"":126.842881,""alt"":305},""endLLA"":{""lat"":37.564492,""lon"":126.803122,""alt"":100},""targetSpeed"":36,""seq"":13}","{""phase"":""I"",""startLLA"":{""lat"":37.564492,""lon"":126.803122,""alt"":100},""endLLA"":{""lat"":37.563535,""lon"":126.791805,""alt"":15},""targetSpeed"":30,""seq"":14}","{""phase"":""J"",""startLLA"":{""lat"":37.563535,""lon"":126.791805,""alt"":15},""endLLA"":{""lat"":37.563535,""lon"":126.791805,""alt"":0},""targetSpeed"":10,""seq"":15}","{""phase"":""K"",""startLLA"":{""lat"":37.563535,""lon"":126.791805,""alt"":0},""endLLA"":{""lat"":37.563535,""lon"":126.791805,""alt"":0},""targetSpeed"":3,""seq"":16}",,,,,
b4a2894cba5c,2026-06-20,FPL1716020,UAM0078,a6,6,2,0.3333,수서,수서,망우,망우,20,gate-7,fato-1,gate-6,fato-4,20:37:40,20:46:10,21:10:26,21:18:56,21:28:56,510,1456,510,2476,0,620,ready,수서 > 잠실대교 중간지점 > 천호대교 중간지점 > 아차산 고가차도 > 망우,13.9617,12,"{""phase"":""A"",""startLLA"":{""lat"":37.487441,""lon"":127.100603,""alt"":0},""endLLA"":{""lat"":37.487441,""lon"":127.100603,""alt"":0},""targetSpeed"":3,""seq"":1}","{""phase"":""B"",""startLLA"":{""lat"":37.487441,""lon"":127.100603,""alt"":0},""endLLA"":{""lat"":37.487441,""lon"":127.100603,""alt"":15},""targetSpeed"":10,""seq"":2}","{""phase"":""C"",""startLLA"":{""lat"":37.487441,""lon"":127.100603,""alt"":15},""endLLA"":{""lat"":37.498067,""lon"":127.098018,""alt"":100},""targetSpeed"":36,""seq"":3}","{""phase"":""E"",""startLLA"":{""lat"":37.498067,""lon"":127.098018,""alt"":100},""endLLA"":{""lat"":37.524288,""lon"":127.091639,""alt"":272.79},""targetSpeed"":51.4,""seq"":4}","{""phase"":""E"",""startLLA"":{""lat"":37.524288,""lon"":127.091639,""alt"":272.79},""endLLA"":{""lat"":37.528015,""lon"":127.095801,""alt"":305},""targetSpeed"":51.4,""seq"":5}","{""phase"":""F"",""startLLA"":{""lat"":37.528015,""lon"":127.095801,""alt"":305},""endLLA"":{""lat"":37.5428,""lon"":127.112312,""alt"":305},""targetSpeed"":51.4,""seq"":6}","{""phase"":""F"",""startLLA"":{""lat"":37.5428,""lon"":127.112312,""alt"":305},""endLLA"":{""lat"":37.547423,""lon"":127.097424,""alt"":305},""targetSpeed"":51.4,""seq"":7}","{""phase"":""F"",""startLLA"":{""lat"":37.547423,""lon"":127.097424,""alt"":305},""endLLA"":{""lat"":37.557017,""lon"":127.094987,""alt"":305},""targetSpeed"":51.4,""seq"":8}","{""phase"":""G"",""startLLA"":{""lat"":37.557017,""lon"":127.094987,""alt"":305},""endLLA"":{""lat"":37.588078,""lon"":127.087099,""alt"":100},""targetSpeed"":36,""seq"":9}","{""phase"":""I"",""startLLA"":{""lat"":37.588078,""lon"":127.087099,""alt"":100},""endLLA"":{""lat"":37.596919,""lon"":127.084854,""alt"":15},""targetSpeed"":30,""seq"":10}","{""phase"":""J"",""startLLA"":{""lat"":37.596919,""lon"":127.084854,""alt"":15},""endLLA"":{""lat"":37.596919,""lon"":127.084854,""alt"":0},""targetSpeed"":10,""seq"":11}","{""phase"":""K"",""startLLA"":{""lat"":37.596919,""lon"":127.084854,""alt"":0},""endLLA"":{""lat"":37.596919,""lon"":127.084854,""alt"":0},""targetSpeed"":3,""seq"":12}",,,,,,,,,
b4a2894cba5c,2026-06-20,FPL1703014,UAM0081,a2,2,1,0.5,수서,수서,상암,상암,20,gate-2,fato-2,gate-2,fato-4,20:40:27,20:48:27,21:00:46,21:08:36,21:18:36,480,739.93,470,1689.93,0,187.58,ready,수서 > 경부고속도로 양재천 다리 > 채석장 > 180고지 > 영등포 > 선유도 17고지 > 상암,24.374,14,"{""phase"":""A"",""startLLA"":{""lat"":37.487441,""lon"":127.100603,""alt"":0},""endLLA"":{""lat"":37.487441,""lon"":127.100603,""alt"":0},""targetSpeed"":3,""seq"":1}","{""phase"":""B"",""startLLA"":{""lat"":37.487441,""lon"":127.100603,""alt"":0},""endLLA"":{""lat"":37.487441,""lon"":127.100603,""alt"":15},""targetSpeed"":10,""seq"":2}","{""phase"":""C"",""startLLA"":{""lat"":37.487441,""lon"":127.100603,""alt"":15},""endLLA"":{""lat"":37.484413,""lon"":127.087503,""alt"":100},""targetSpeed"":36,""seq"":3}","{""phase"":""E"",""startLLA"":{""lat"":37.484413,""lon"":127.087503,""alt"":100},""endLLA"":{""lat"":37.47555,""lon"":127.04915,""alt"":305},""targetSpeed"":51.4,""seq"":4}","{""phase"":""F"",""startLLA"":{""lat"":37.47555,""lon"":127.04915,""alt"":305},""endLLA"":{""lat"":37.471593,""lon"":127.032031,""alt"":305},""targetSpeed"":51.4,""seq"":5}","{""phase"":""F"",""startLLA"":{""lat"":37.471593,""lon"":127.032031,""alt"":305},""endLLA"":{""lat"":37.471285,""lon"":126.985745,""alt"":305},""targetSpeed"":51.4,""seq"":6}","{""phase"":""F"",""startLLA"":{""lat"":37.471285,""lon"":126.985745,""alt"":305},""endLLA"":{""lat"":37.492877,""lon"":126.93949,""alt"":305},""targetSpeed"":51.4,""seq"":7}","{""phase"":""F"",""startLLA"":{""lat"":37.492877,""lon"":126.93949,""alt"":305},""endLLA"":{""lat"":37.515965,""lon"":126.907756,""alt"":305},""targetSpeed"":51.4,""seq"":8}","{""phase"":""F"",""startLLA"":{""lat"":37.515965,""lon"":126.907756,""alt"":305},""endLLA"":{""lat"":37.524052,""lon"":126.906139,""alt"":305},""targetSpeed"":51.4,""seq"":9}","{""phase"":""G"",""startLLA"":{""lat"":37.524052,""lon"":126.906139,""alt"":305},""endLLA"":{""lat"":37.542307,""lon"":126.90249,""alt"":185.47},""targetSpeed"":36,""seq"":10}","{""phase"":""G"",""startLLA"":{""lat"":37.542307,""lon"":126.90249,""alt"":185.47},""endLLA"":{""lat"":37.554178,""lon"":126.89516,""alt"":100},""targetSpeed"":36,""seq"":11}","{""phase"":""I"",""startLLA"":{""lat"":37.554178,""lon"":126.89516,""alt"":100},""endLLA"":{""lat"":37.562282,""lon"":126.890156,""alt"":15},""targetSpeed"":30,""seq"":12}","{""phase"":""J"",""startLLA"":{""lat"":37.562282,""lon"":126.890156,""alt"":15},""endLLA"":{""lat"":37.562282,""lon"":126.890156,""alt"":0},""targetSpeed"":10,""seq"":13}","{""phase"":""K"",""startLLA"":{""lat"":37.562282,""lon"":126.890156,""alt"":0},""endLLA"":{""lat"":37.562282,""lon"":126.890156,""alt"":0},""targetSpeed"":3,""seq"":14}",,,,,,,
b4a2894cba5c,2026-06-20,FPL1708019,UAM0019,a4,4,3,0.75,수서,수서,사당,사당,21,gate-3,fato-1,gate-8,fato-3,21:00:00,21:08:30,21:13:16,21:20:06,21:30:06,510,286.87,410,1206.87,0,0,ready,수서 > 경부고속도로 양재천 다리 > 사당,10.7285,10,"{""phase"":""A"",""startLLA"":{""lat"":37.487441,""lon"":127.100603,""alt"":0},""endLLA"":{""lat"":37.487441,""lon"":127.100603,""alt"":0},""targetSpeed"":3,""seq"":1}","{""phase"":""B"",""startLLA"":{""lat"":37.487441,""lon"":127.100603,""alt"":0},""endLLA"":{""lat"":37.487441,""lon"":127.100603,""alt"":15},""targetSpeed"":10,""seq"":2}","{""phase"":""C"",""startLLA"":{""lat"":37.487441,""lon"":127.100603,""alt"":15},""endLLA"":{""lat"":37.484412,""lon"":127.087499,""alt"":100},""targetSpeed"":36,""seq"":3}","{""phase"":""E"",""startLLA"":{""lat"":37.484412,""lon"":127.087499,""alt"":100},""endLLA"":{""lat"":37.475546,""lon"":127.049134,""alt"":305},""targetSpeed"":51.4,""seq"":4}","{""phase"":""F"",""startLLA"":{""lat"":37.475546,""lon"":127.049134,""alt"":305},""endLLA"":{""lat"":37.471861,""lon"":127.033189,""alt"":305},""targetSpeed"":51.4,""seq"":5}","{""phase"":""G"",""startLLA"":{""lat"":37.471861,""lon"":127.033189,""alt"":305},""endLLA"":{""lat"":37.471593,""lon"":127.032031,""alt"":298.81},""targetSpeed"":36,""seq"":6}","{""phase"":""G"",""startLLA"":{""lat"":37.471593,""lon"":127.032031,""alt"":298.81},""endLLA"":{""lat"":37.47482,""lon"":126.993495,""alt"":100},""targetSpeed"":36,""seq"":7}","{""phase"":""I"",""startLLA"":{""lat"":37.47482,""lon"":126.993495,""alt"":100},""endLLA"":{""lat"":37.475767,""lon"":126.982185,""alt"":15},""targetSpeed"":30,""seq"":8}","{""phase"":""J"",""startLLA"":{""lat"":37.475767,""lon"":126.982185,""alt"":15},""endLLA"":{""lat"":37.475767,""lon"":126.982185,""alt"":0},""targetSpeed"":10,""seq"":9}","{""phase"":""K"",""startLLA"":{""lat"":37.475767,""lon"":126.982185,""alt"":0},""endLLA"":{""lat"":37.475767,""lon"":126.982185,""alt"":0},""targetSpeed"":3,""seq"":10}",,,,,,,,,,,
b4a2894cba5c,2026-06-20,FPL1703015,UAM0042,a2,2,2,1,수서,수서,상암,상암,21,gate-5,fato-2,gate-8,fato-4,21:00:00,21:07:30,21:16:42,21:23:32,21:33:32,450,552.34,410,1412.34,0,0,ready,수서 > 경부고속도로 양재천 다리 > 채석장 > 180고지 > 영등포 > 선유도 17고지 > 상암,24.374,14,"{""phase"":""A"",""startLLA"":{""lat"":37.487441,""lon"":127.100603,""alt"":0},""endLLA"":{""lat"":37.487441,""lon"":127.100603,""alt"":0},""targetSpeed"":3,""seq"":1}","{""phase"":""B"",""startLLA"":{""lat"":37.487441,""lon"":127.100603,""alt"":0},""endLLA"":{""lat"":37.487441,""lon"":127.100603,""alt"":15},""targetSpeed"":10,""seq"":2}","{""phase"":""C"",""startLLA"":{""lat"":37.487441,""lon"":127.100603,""alt"":15},""endLLA"":{""lat"":37.484413,""lon"":127.087503,""alt"":100},""targetSpeed"":36,""seq"":3}","{""phase"":""E"",""startLLA"":{""lat"":37.484413,""lon"":127.087503,""alt"":100},""endLLA"":{""lat"":37.47555,""lon"":127.04915,""alt"":305},""targetSpeed"":51.4,""seq"":4}","{""phase"":""F"",""startLLA"":{""lat"":37.47555,""lon"":127.04915,""alt"":305},""endLLA"":{""lat"":37.471593,""lon"":127.032031,""alt"":305},""targetSpeed"":51.4,""seq"":5}","{""phase"":""F"",""startLLA"":{""lat"":37.471593,""lon"":127.032031,""alt"":305},""endLLA"":{""lat"":37.471285,""lon"":126.985745,""alt"":305},""targetSpeed"":51.4,""seq"":6}","{""phase"":""F"",""startLLA"":{""lat"":37.471285,""lon"":126.985745,""alt"":305},""endLLA"":{""lat"":37.492877,""lon"":126.93949,""alt"":305},""targetSpeed"":51.4,""seq"":7}","{""phase"":""F"",""startLLA"":{""lat"":37.492877,""lon"":126.93949,""alt"":305},""endLLA"":{""lat"":37.515965,""lon"":126.907756,""alt"":305},""targetSpeed"":51.4,""seq"":8}","{""phase"":""F"",""startLLA"":{""lat"":37.515965,""lon"":126.907756,""alt"":305},""endLLA"":{""lat"":37.524052,""lon"":126.906139,""alt"":305},""targetSpeed"":51.4,""seq"":9}","{""phase"":""G"",""startLLA"":{""lat"":37.524052,""lon"":126.906139,""alt"":305},""endLLA"":{""lat"":37.542307,""lon"":126.90249,""alt"":185.47},""targetSpeed"":36,""seq"":10}","{""phase"":""G"",""startLLA"":{""lat"":37.542307,""lon"":126.90249,""alt"":185.47},""endLLA"":{""lat"":37.554178,""lon"":126.89516,""alt"":100},""targetSpeed"":36,""seq"":11}","{""phase"":""I"",""startLLA"":{""lat"":37.554178,""lon"":126.89516,""alt"":100},""endLLA"":{""lat"":37.562282,""lon"":126.890156,""alt"":15},""targetSpeed"":30,""seq"":12}","{""phase"":""J"",""startLLA"":{""lat"":37.562282,""lon"":126.890156,""alt"":15},""endLLA"":{""lat"":37.562282,""lon"":126.890156,""alt"":0},""targetSpeed"":10,""seq"":13}","{""phase"":""K"",""startLLA"":{""lat"":37.562282,""lon"":126.890156,""alt"":0},""endLLA"":{""lat"":37.562282,""lon"":126.890156,""alt"":0},""targetSpeed"":3,""seq"":14}",,,,,,,
b4a2894cba5c,2026-06-20,FPL1714019,UAM0044,a4,4,2,0.5,수서,수서,가산,가산,21,gate-4,fato-2,gate-8,fato-4,21:00:00,21:13:30,21:21:26,21:28:16,21:38:16,810,476.98,410,1696.98,270,0,ready,수서 > 경부고속도로 양재천 다리 > 채석장 > 180고지 > 가산,20.5002,12,"{""phase"":""A"",""startLLA"":{""lat"":37.487441,""lon"":127.100603,""alt"":0},""endLLA"":{""lat"":37.487441,""lon"":127.100603,""alt"":0},""targetSpeed"":3,""seq"":1}","{""phase"":""B"",""startLLA"":{""lat"":37.487441,""lon"":127.100603,""alt"":0},""endLLA"":{""lat"":37.487441,""lon"":127.100603,""alt"":15},""targetSpeed"":10,""seq"":2}","{""phase"":""C"",""startLLA"":{""lat"":37.487441,""lon"":127.100603,""alt"":15},""endLLA"":{""lat"":37.484413,""lon"":127.0875,""alt"":100},""targetSpeed"":36,""seq"":3}","{""phase"":""E"",""startLLA"":{""lat"":37.484413,""lon"":127.0875,""alt"":100},""endLLA"":{""lat"":37.475547,""lon"":127.049139,""alt"":305},""targetSpeed"":51.4,""seq"":4}","{""phase"":""F"",""startLLA"":{""lat"":37.475547,""lon"":127.049139,""alt"":305},""endLLA"":{""lat"":37.471593,""lon"":127.032031,""alt"":305},""targetSpeed"":51.4,""seq"":5}","{""phase"":""F"",""startLLA"":{""lat"":37.471593,""lon"":127.032031,""alt"":305},""endLLA"":{""lat"":37.471285,""lon"":126.985745,""alt"":305},""targetSpeed"":51.4,""seq"":6}","{""phase"":""F"",""startLLA"":{""lat"":37.471285,""lon"":126.985745,""alt"":305},""endLLA"":{""lat"":37.492877,""lon"":126.93949,""alt"":305},""targetSpeed"":51.4,""seq"":7}","{""phase"":""F"",""startLLA"":{""lat"":37.492877,""lon"":126.93949,""alt"":305},""endLLA"":{""lat"":37.492284,""lon"":126.929987,""alt"":305},""targetSpeed"":51.4,""seq"":8}","{""phase"":""G"",""startLLA"":{""lat"":37.492284,""lon"":126.929987,""alt"":305},""endLLA"":{""lat"":37.489799,""lon"":126.890149,""alt"":100},""targetSpeed"":36,""seq"":9}","{""phase"":""I"",""startLLA"":{""lat"":37.489799,""lon"":126.890149,""alt"":100},""endLLA"":{""lat"":37.489091,""lon"":126.878809,""alt"":15},""targetSpeed"":30,""seq"":10}","{""phase"":""J"",""startLLA"":{""lat"":37.489091,""lon"":126.878809,""alt"":15},""endLLA"":{""lat"":37.489091,""lon"":126.878809,""alt"":0},""targetSpeed"":10,""seq"":11}","{""phase"":""K"",""startLLA"":{""lat"":37.489091,""lon"":126.878809,""alt"":0},""endLLA"":{""lat"":37.489091,""lon"":126.878809,""alt"":0},""targetSpeed"":3,""seq"":12}",,,,,,,,,
b4a2894cba5c,2026-06-20,FPL1712018,UAM0047,a8,8,2,0.25,수서,수서,광화문,광화문,21,gate-8,fato-1,gate-7,fato-4,21:00:00,21:14:30,21:22:43,21:30:03,21:40:03,870,493.05,440,1803.05,330,0,ready,수서 > 잠실대교 중간지점 > 청담대교 중간지점 > 성수대교 남단 > 왕십리역 > 청량리 > 신설동역 > 광화문,21.5406,15,"{""phase"":""A"",""startLLA"":{""lat"":37.487441,""lon"":127.100603,""alt"":0},""endLLA"":{""lat"":37.487441,""lon"":127.100603,""alt"":0},""targetSpeed"":3,""seq"":1}","{""phase"":""B"",""startLLA"":{""lat"":37.487441,""lon"":127.100603,""alt"":0},""endLLA"":{""lat"":37.487441,""lon"":127.100603,""alt"":15},""targetSpeed"":10,""seq"":2}","{""phase"":""C"",""startLLA"":{""lat"":37.487441,""lon"":127.100603,""alt"":15},""endLLA"":{""lat"":37.498186,""lon"":127.097989,""alt"":100},""targetSpeed"":36,""seq"":3}","{""phase"":""E"",""startLLA"":{""lat"":37.498186,""lon"":127.097989,""alt"":100},""endLLA"":{""lat"":37.524288,""lon"":127.091639,""alt"":270.1},""targetSpeed"":51.4,""seq"":4}","{""phase"":""E"",""startLLA"":{""lat"":37.524288,""lon"":127.091639,""alt"":270.1},""endLLA"":{""lat"":37.524831,""lon"":127.084797,""alt"":305},""targetSpeed"":51.4,""seq"":5}","{""phase"":""F"",""startLLA"":{""lat"":37.524831,""lon"":127.084797,""alt"":305},""endLLA"":{""lat"":37.526451,""lon"":127.064361,""alt"":305},""targetSpeed"":51.4,""seq"":6}","{""phase"":""F"",""startLLA"":{""lat"":37.526451,""lon"":127.064361,""alt"":305},""endLLA"":{""lat"":37.53537,""lon"":127.034503,""alt"":305},""targetSpeed"":51.4,""seq"":7}","{""phase"":""F"",""startLLA"":{""lat"":37.53537,""lon"":127.034503,""alt"":305},""endLLA"":{""lat"":37.561925,""lon"":127.038491,""alt"":305},""targetSpeed"":51.4,""seq"":8}","{""phase"":""F"",""startLLA"":{""lat"":37.561925,""lon"":127.038491,""alt"":305},""endLLA"":{""lat"":37.581542,""lon"":127.048947,""alt"":305},""targetSpeed"":51.4,""seq"":9}","{""phase"":""F"",""startLLA"":{""lat"":37.581542,""lon"":127.048947,""alt"":305},""endLLA"":{""lat"":37.575947,""lon"":127.024779,""alt"":305},""targetSpeed"":51.4,""seq"":10}","{""phase"":""G"",""startLLA"":{""lat"":37.575947,""lon"":127.024779,""alt"":305},""endLLA"":{""lat"":37.575658,""lon"":127.02353,""alt"":298.4},""targetSpeed"":36,""seq"":11}","{""phase"":""G"",""startLLA"":{""lat"":37.575658,""lon"":127.02353,""alt"":298.4},""endLLA"":{""lat"":37.570521,""lon"":126.984951,""alt"":100},""targetSpeed"":36,""seq"":12}","{""phase"":""I"",""startLLA"":{""lat"":37.570521,""lon"":126.984951,""alt"":100},""endLLA"":{""lat"":37.56901,""lon"":126.973604,""alt"":15},""targetSpeed"":30,""seq"":13}","{""phase"":""J"",""startLLA"":{""lat"":37.56901,""lon"":126.973604,""alt"":15},""endLLA"":{""lat"":37.56901,""lon"":126.973604,""alt"":0},""targetSpeed"":10,""seq"":14}","{""phase"":""K"",""startLLA"":{""lat"":37.56901,""lon"":126.973604,""alt"":0},""endLLA"":{""lat"":37.56901,""lon"":126.973604,""alt"":0},""targetSpeed"":3,""seq"":15}",,,,,,
b4a2894cba5c,2026-06-20,FPL1715021,UAM0056,a8,8,2,0.25,수서,수서,마곡,마곡,21,gate-6,fato-2,,,21:00:30,21:19:30,,,,1140,0,0,0,690,0,analysis_timeout,수서 > 경부고속도로 양재천 다리 > 채석장 > 180고지 > 영등포 > 목동교 > 염창교 > 가양대교 남단 > 마곡,32.4201,16,"{""phase"":""A"",""startLLA"":{""lat"":37.487441,""lon"":127.100603,""alt"":0},""endLLA"":{""lat"":37.487441,""lon"":127.100603,""alt"":0},""targetSpeed"":3,""seq"":1}","{""phase"":""B"",""startLLA"":{""lat"":37.487441,""lon"":127.100603,""alt"":0},""endLLA"":{""lat"":37.487441,""lon"":127.100603,""alt"":15},""targetSpeed"":10,""seq"":2}","{""phase"":""C"",""startLLA"":{""lat"":37.487441,""lon"":127.100603,""alt"":15},""endLLA"":{""lat"":37.484414,""lon"":127.087505,""alt"":100},""targetSpeed"":36,""seq"":3}","{""phase"":""E"",""startLLA"":{""lat"":37.484414,""lon"":127.087505,""alt"":100},""endLLA"":{""lat"":37.475552,""lon"":127.04916,""alt"":305},""targetSpeed"":51.4,""seq"":4}","{""phase"":""F"",""startLLA"":{""lat"":37.475552,""lon"":127.04916,""alt"":305},""endLLA"":{""lat"":37.471593,""lon"":127.032031,""alt"":305},""targetSpeed"":51.4,""seq"":5}","{""phase"":""F"",""startLLA"":{""lat"":37.471593,""lon"":127.032031,""alt"":305},""endLLA"":{""lat"":37.471285,""lon"":126.985745,""alt"":305},""targetSpeed"":51.4,""seq"":6}","{""phase"":""F"",""startLLA"":{""lat"":37.471285,""lon"":126.985745,""alt"":305},""endLLA"":{""lat"":37.492877,""lon"":126.93949,""alt"":305},""targetSpeed"":51.4,""seq"":7}","{""phase"":""F"",""startLLA"":{""lat"":37.492877,""lon"":126.93949,""alt"":305},""endLLA"":{""lat"":37.515965,""lon"":126.907756,""alt"":305},""targetSpeed"":51.4,""seq"":8}","{""phase"":""F"",""startLLA"":{""lat"":37.515965,""lon"":126.907756,""alt"":305},""endLLA"":{""lat"":37.530667,""lon"":126.888262,""alt"":305},""targetSpeed"":51.4,""seq"":9}","{""phase"":""F"",""startLLA"":{""lat"":37.530667,""lon"":126.888262,""alt"":305},""endLLA"":{""lat"":37.553824,""lon"":126.875819,""alt"":305},""targetSpeed"":51.4,""seq"":10}","{""phase"":""F"",""startLLA"":{""lat"":37.553824,""lon"":126.875819,""alt"":305},""endLLA"":{""lat"":37.569391,""lon"":126.861026,""alt"":305},""targetSpeed"":51.4,""seq"":11}","{""phase"":""F"",""startLLA"":{""lat"":37.569391,""lon"":126.861026,""alt"":305},""endLLA"":{""lat"":37.567856,""lon"":126.842881,""alt"":305},""targetSpeed"":51.4,""seq"":12}","{""phase"":""G"",""startLLA"":{""lat"":37.567856,""lon"":126.842881,""alt"":305},""endLLA"":{""lat"":37.564492,""lon"":126.803122,""alt"":100},""targetSpeed"":36,""seq"":13}","{""phase"":""I"",""startLLA"":{""lat"":37.564492,""lon"":126.803122,""alt"":100},""endLLA"":{""lat"":37.563535,""lon"":126.791805,""alt"":15},""targetSpeed"":30,""seq"":14}","{""phase"":""J"",""startLLA"":{""lat"":37.563535,""lon"":126.791805,""alt"":15},""endLLA"":{""lat"":37.563535,""lon"":126.791805,""alt"":0},""targetSpeed"":10,""seq"":15}","{""phase"":""K"",""startLLA"":{""lat"":37.563535,""lon"":126.791805,""alt"":0},""endLLA"":{""lat"":37.563535,""lon"":126.791805,""alt"":0},""targetSpeed"":3,""seq"":16}",,,,,
b4a2894cba5c,2026-06-20,FPL1705024,UAM0059,a4,4,2,0.5,수서,수서,목동,목동,21,gate-7,fato-1,gate-2,fato-3,21:00:00,21:20:30,21:28:55,21:36:45,21:46:45,1230,505.01,470,2205.01,720,0,ready,수서 > 경부고속도로 양재천 다리 > 채석장 > 180고지 > 영등포 > 목동,21.941,13,"{""phase"":""A"",""startLLA"":{""lat"":37.487441,""lon"":127.100603,""alt"":0},""endLLA"":{""lat"":37.487441,""lon"":127.100603,""alt"":0},""targetSpeed"":3,""seq"":1}","{""phase"":""B"",""startLLA"":{""lat"":37.487441,""lon"":127.100603,""alt"":0},""endLLA"":{""lat"":37.487441,""lon"":127.100603,""alt"":15},""targetSpeed"":10,""seq"":2}","{""phase"":""C"",""startLLA"":{""lat"":37.487441,""lon"":127.100603,""alt"":15},""endLLA"":{""lat"":37.484413,""lon"":127.087502,""alt"":100},""targetSpeed"":36,""seq"":3}","{""phase"":""E"",""startLLA"":{""lat"":37.484413,""lon"":127.087502,""alt"":100},""endLLA"":{""lat"":37.475548,""lon"":127.049146,""alt"":305},""targetSpeed"":51.4,""seq"":4}","{""phase"":""F"",""startLLA"":{""lat"":37.475548,""lon"":127.049146,""alt"":305},""endLLA"":{""lat"":37.471593,""lon"":127.032031,""alt"":305},""targetSpeed"":51.4,""seq"":5}","{""phase"":""F"",""startLLA"":{""lat"":37.471593,""lon"":127.032031,""alt"":305},""endLLA"":{""lat"":37.471285,""lon"":126.985745,""alt"":305},""targetSpeed"":51.4,""seq"":6}","{""phase"":""F"",""startLLA"":{""lat"":37.471285,""lon"":126.985745,""alt"":305},""endLLA"":{""lat"":37.492877,""lon"":126.93949,""alt"":305},""targetSpeed"":51.4,""seq"":7}","{""phase"":""F"",""startLLA"":{""lat"":37.492877,""lon"":126.93949,""alt"":305},""endLLA"":{""lat"":37.506729,""lon"":126.92045,""alt"":305},""targetSpeed"":51.4,""seq"":8}","{""phase"":""G"",""startLLA"":{""lat"":37.506729,""lon"":126.92045,""alt"":305},""endLLA"":{""lat"":37.515965,""lon"":126.907756,""alt"":216.64},""targetSpeed"":36,""seq"":9}","{""phase"":""G"",""startLLA"":{""lat"":37.515965,""lon"":126.907756,""alt"":216.64},""endLLA"":{""lat"":37.522882,""lon"":126.886751,""alt"":100},""targetSpeed"":36,""seq"":10}","{""phase"":""I"",""startLLA"":{""lat"":37.522882,""lon"":126.886751,""alt"":100},""endLLA"":{""lat"":37.526343,""lon"":126.876243,""alt"":15},""targetSpeed"":30,""seq"":11}","{""phase"":""J"",""startLLA"":{""lat"":37.526343,""lon"":126.876243,""alt"":15},""endLLA"":{""lat"":37.526343,""lon"":126.876243,""alt"":0},""targetSpeed"":10,""seq"":12}","{""phase"":""K"",""startLLA"":{""lat"":37.526343,""lon"":126.876243,""alt"":0},""endLLA"":{""lat"":37.526343,""lon"":126.876243,""alt"":0},""targetSpeed"":3,""seq"":13}",,,,,,,,
b4a2894cba5c,2026-06-20,FPL1701018,UAM0106,a2,2,2,1,수서,수서,여의도,여의도,21,gate-1,fato-2,gate-3,fato-3,21:00:00,21:25:30,21:33:30,21:40:50,21:50:50,1530,480.96,440,2450.96,1080,0,ready,수서 > 경부고속도로 양재천 다리 > 채석장 > 180고지 > 영등포 > 여의도,20.7047,13,"{""phase"":""A"",""startLLA"":{""lat"":37.487441,""lon"":127.100603,""alt"":0},""endLLA"":{""lat"":37.487441,""lon"":127.100603,""alt"":0},""targetSpeed"":3,""seq"":1}","{""phase"":""B"",""startLLA"":{""lat"":37.487441,""lon"":127.100603,""alt"":0},""endLLA"":{""lat"":37.487441,""lon"":127.100603,""alt"":15},""targetSpeed"":10,""seq"":2}","{""phase"":""C"",""startLLA"":{""lat"":37.487441,""lon"":127.100603,""alt"":15},""endLLA"":{""lat"":37.484413,""lon"":127.087501,""alt"":100},""targetSpeed"":36,""seq"":3}","{""phase"":""E"",""startLLA"":{""lat"":37.484413,""lon"":127.087501,""alt"":100},""endLLA"":{""lat"":37.475548,""lon"":127.049145,""alt"":305},""targetSpeed"":51.4,""seq"":4}","{""phase"":""F"",""startLLA"":{""lat"":37.475548,""lon"":127.049145,""alt"":305},""endLLA"":{""lat"":37.471593,""lon"":127.032031,""alt"":305},""targetSpeed"":51.4,""seq"":5}","{""phase"":""F"",""startLLA"":{""lat"":37.471593,""lon"":127.032031,""alt"":305},""endLLA"":{""lat"":37.471285,""lon"":126.985745,""alt"":305},""targetSpeed"":51.4,""seq"":6}","{""phase"":""F"",""startLLA"":{""lat"":37.471285,""lon"":126.985745,""alt"":305},""endLLA"":{""lat"":37.492877,""lon"":126.93949,""alt"":305},""targetSpeed"":51.4,""seq"":7}","{""phase"":""F"",""startLLA"":{""lat"":37.492877,""lon"":126.93949,""alt"":305},""endLLA"":{""lat"":37.49922,""lon"":126.930772,""alt"":305},""targetSpeed"":51.4,""seq"":8}","{""phase"":""G"",""startLLA"":{""lat"":37.49922,""lon"":126.930772,""alt"":305},""endLLA"":{""lat"":37.515965,""lon"":126.907756,""alt"":144.8},""targetSpeed"":36,""seq"":9}","{""phase"":""G"",""startLLA"":{""lat"":37.515965,""lon"":126.907756,""alt"":144.8},""endLLA"":{""lat"":37.520546,""lon"":126.914309,""alt"":100},""targetSpeed"":36,""seq"":10}","{""phase"":""I"",""startLLA"":{""lat"":37.520546,""lon"":126.914309,""alt"":100},""endLLA"":{""lat"":37.526513,""lon"":126.922845,""alt"":15},""targetSpeed"":30,""seq"":11}","{""phase"":""J"",""startLLA"":{""lat"":37.526513,""lon"":126.922845,""alt"":15},""endLLA"":{""lat"":37.526513,""lon"":126.922845,""alt"":0},""targetSpeed"":10,""seq"":12}","{""phase"":""K"",""startLLA"":{""lat"":37.526513,""lon"":126.922845,""alt"":0},""endLLA"":{""lat"":37.526513,""lon"":126.922845,""alt"":0},""targetSpeed"":3,""seq"":13}",,,,,,,,
b4a2894cba5c,2026-06-20,FPL1707014,UAM0115,a4,4,2,0.5,수서,수서,봉천,봉천,21,gate-2,fato-1,gate-8,fato-3,21:02:39,21:26:30,21:32:29,21:39:19,21:49:19,1431,359.05,410,2200.05,951,0,ready,수서 > 경부고속도로 양재천 다리 > 채석장 > 봉천,14.439,11,"{""phase"":""A"",""startLLA"":{""lat"":37.487441,""lon"":127.100603,""alt"":0},""endLLA"":{""lat"":37.487441,""lon"":127.100603,""alt"":0},""targetSpeed"":3,""seq"":1}","{""phase"":""B"",""startLLA"":{""lat"":37.487441,""lon"":127.100603,""alt"":0},""endLLA"":{""lat"":37.487441,""lon"":127.100603,""alt"":15},""targetSpeed"":10,""seq"":2}","{""phase"":""C"",""startLLA"":{""lat"":37.487441,""lon"":127.100603,""alt"":15},""endLLA"":{""lat"":37.484412,""lon"":127.087499,""alt"":100},""targetSpeed"":36,""seq"":3}","{""phase"":""E"",""startLLA"":{""lat"":37.484412,""lon"":127.087499,""alt"":100},""endLLA"":{""lat"":37.475546,""lon"":127.049134,""alt"":305},""targetSpeed"":51.4,""seq"":4}","{""phase"":""F"",""startLLA"":{""lat"":37.475546,""lon"":127.049134,""alt"":305},""endLLA"":{""lat"":37.471593,""lon"":127.032031,""alt"":305},""targetSpeed"":51.4,""seq"":5}","{""phase"":""F"",""startLLA"":{""lat"":37.471593,""lon"":127.032031,""alt"":305},""endLLA"":{""lat"":37.471321,""lon"":126.991206,""alt"":305},""targetSpeed"":51.4,""seq"":6}","{""phase"":""G"",""startLLA"":{""lat"":37.471321,""lon"":126.991206,""alt"":305},""endLLA"":{""lat"":37.471285,""lon"":126.985745,""alt"":276.98},""targetSpeed"":36,""seq"":7}","{""phase"":""G"",""startLLA"":{""lat"":37.471285,""lon"":126.985745,""alt"":276.98},""endLLA"":{""lat"":37.479969,""lon"":126.953031,""alt"":100},""targetSpeed"":36,""seq"":8}","{""phase"":""I"",""startLLA"":{""lat"":37.479969,""lon"":126.953031,""alt"":100},""endLLA"":{""lat"":37.482832,""lon"":126.942245,""alt"":15},""targetSpeed"":30,""seq"":9}","{""phase"":""J"",""startLLA"":{""lat"":37.482832,""lon"":126.942245,""alt"":15},""endLLA"":{""lat"":37.482832,""lon"":126.942245,""alt"":0},""targetSpeed"":10,""seq"":10}","{""phase"":""K"",""startLLA"":{""lat"":37.482832,""lon"":126.942245,""alt"":0},""endLLA"":{""lat"":37.482832,""lon"":126.942245,""alt"":0},""targetSpeed"":3,""seq"":11}",,,,,,,,,,
b4a2894cba5c,2026-06-20,FPL1716021,UAM0113,a2,2,1,0.5,수서,수서,망우,망우,21,gate-4,fato-2,,,21:17:36,21:31:30,,,,834,0,0,0,294,0,analysis_timeout,수서 > 잠실대교 중간지점 > 천호대교 중간지점 > 아차산 고가차도 > 망우,13.9617,12,"{""phase"":""A"",""startLLA"":{""lat"":37.487441,""lon"":127.100603,""alt"":0},""endLLA"":{""lat"":37.487441,""lon"":127.100603,""alt"":0},""targetSpeed"":3,""seq"":1}","{""phase"":""B"",""startLLA"":{""lat"":37.487441,""lon"":127.100603,""alt"":0},""endLLA"":{""lat"":37.487441,""lon"":127.100603,""alt"":15},""targetSpeed"":10,""seq"":2}","{""phase"":""C"",""startLLA"":{""lat"":37.487441,""lon"":127.100603,""alt"":15},""endLLA"":{""lat"":37.498067,""lon"":127.098018,""alt"":100},""targetSpeed"":36,""seq"":3}","{""phase"":""E"",""startLLA"":{""lat"":37.498067,""lon"":127.098018,""alt"":100},""endLLA"":{""lat"":37.524288,""lon"":127.091639,""alt"":272.79},""targetSpeed"":51.4,""seq"":4}","{""phase"":""E"",""startLLA"":{""lat"":37.524288,""lon"":127.091639,""alt"":272.79},""endLLA"":{""lat"":37.528015,""lon"":127.095801,""alt"":305},""targetSpeed"":51.4,""seq"":5}","{""phase"":""F"",""startLLA"":{""lat"":37.528015,""lon"":127.095801,""alt"":305},""endLLA"":{""lat"":37.5428,""lon"":127.112312,""alt"":305},""targetSpeed"":51.4,""seq"":6}","{""phase"":""F"",""startLLA"":{""lat"":37.5428,""lon"":127.112312,""alt"":305},""endLLA"":{""lat"":37.547423,""lon"":127.097424,""alt"":305},""targetSpeed"":51.4,""seq"":7}","{""phase"":""F"",""startLLA"":{""lat"":37.547423,""lon"":127.097424,""alt"":305},""endLLA"":{""lat"":37.557017,""lon"":127.094987,""alt"":305},""targetSpeed"":51.4,""seq"":8}","{""phase"":""G"",""startLLA"":{""lat"":37.557017,""lon"":127.094987,""alt"":305},""endLLA"":{""lat"":37.588078,""lon"":127.087099,""alt"":100},""targetSpeed"":36,""seq"":9}","{""phase"":""I"",""startLLA"":{""lat"":37.588078,""lon"":127.087099,""alt"":100},""endLLA"":{""lat"":37.596919,""lon"":127.084854,""alt"":15},""targetSpeed"":30,""seq"":10}","{""phase"":""J"",""startLLA"":{""lat"":37.596919,""lon"":127.084854,""alt"":15},""endLLA"":{""lat"":37.596919,""lon"":127.084854,""alt"":0},""targetSpeed"":10,""seq"":11}","{""phase"":""K"",""startLLA"":{""lat"":37.596919,""lon"":127.084854,""alt"":0},""endLLA"":{""lat"":37.596919,""lon"":127.084854,""alt"":0},""targetSpeed"":3,""seq"":12}",,,,,,,,,
b4a2894cba5c,2026-06-20,FPL1706016,UAM0134,a6,6,1,0.1667,수서,수서,미아,미아,21,gate-8,fato-1,,,21:18:16,21:32:30,,,,854,0,0,0,314,0,analysis_timeout,수서 > 잠실대교 중간지점 > 천호대교 중간지점 > 아차산 고가차도 > 상봉 > 월릉교 > 미아,20.7137,14,"{""phase"":""A"",""startLLA"":{""lat"":37.487441,""lon"":127.100603,""alt"":0},""endLLA"":{""lat"":37.487441,""lon"":127.100603,""alt"":0},""targetSpeed"":3,""seq"":1}","{""phase"":""B"",""startLLA"":{""lat"":37.487441,""lon"":127.100603,""alt"":0},""endLLA"":{""lat"":37.487441,""lon"":127.100603,""alt"":15},""targetSpeed"":10,""seq"":2}","{""phase"":""C"",""startLLA"":{""lat"":37.487441,""lon"":127.100603,""alt"":15},""endLLA"":{""lat"":37.498065,""lon"":127.098018,""alt"":100},""targetSpeed"":36,""seq"":3}","{""phase"":""E"",""startLLA"":{""lat"":37.498065,""lon"":127.098018,""alt"":100},""endLLA"":{""lat"":37.524288,""lon"":127.091639,""alt"":272.84},""targetSpeed"":51.4,""seq"":4}","{""phase"":""E"",""startLLA"":{""lat"":37.524288,""lon"":127.091639,""alt"":272.84},""endLLA"":{""lat"":37.528008,""lon"":127.095794,""alt"":305},""targetSpeed"":51.4,""seq"":5}","{""phase"":""F"",""startLLA"":{""lat"":37.528008,""lon"":127.095794,""alt"":305},""endLLA"":{""lat"":37.5428,""lon"":127.112312,""alt"":305},""targetSpeed"":51.4,""seq"":6}","{""phase"":""F"",""startLLA"":{""lat"":37.5428,""lon"":127.112312,""alt"":305},""endLLA"":{""lat"":37.547423,""lon"":127.097424,""alt"":305},""targetSpeed"":51.4,""seq"":7}","{""phase"":""F"",""startLLA"":{""lat"":37.547423,""lon"":127.097424,""alt"":305},""endLLA"":{""lat"":37.596919,""lon"":127.084854,""alt"":305},""targetSpeed"":51.4,""seq"":8}","{""phase"":""F"",""startLLA"":{""lat"":37.596919,""lon"":127.084854,""alt"":305},""endLLA"":{""lat"":37.614366,""lon"":127.072716,""alt"":305},""targetSpeed"":51.4,""seq"":9}","{""phase"":""G"",""startLLA"":{""lat"":37.614366,""lon"":127.072716,""alt"":305},""endLLA"":{""lat"":37.616266,""lon"":127.071394,""alt"":290.96},""targetSpeed"":36,""seq"":10}","{""phase"":""G"",""startLLA"":{""lat"":37.616266,""lon"":127.071394,""alt"":290.96},""endLLA"":{""lat"":37.626944,""lon"":127.036665,""alt"":100},""targetSpeed"":36,""seq"":11}","{""phase"":""I"",""startLLA"":{""lat"":37.626944,""lon"":127.036665,""alt"":100},""endLLA"":{""lat"":37.630207,""lon"":127.026053,""alt"":15},""targetSpeed"":30,""seq"":12}","{""phase"":""J"",""startLLA"":{""lat"":37.630207,""lon"":127.026053,""alt"":15},""endLLA"":{""lat"":37.630207,""lon"":127.026053,""alt"":0},""targetSpeed"":10,""seq"":13}","{""phase"":""K"",""startLLA"":{""lat"":37.630207,""lon"":127.026053,""alt"":0},""endLLA"":{""lat"":37.630207,""lon"":127.026053,""alt"":0},""targetSpeed"":3,""seq"":14}",,,,,,,
b4a2894cba5c,2026-06-20,FPL1703016,UAM0135,a8,8,1,0.125,수서,수서,상암,상암,21,gate-3,fato-2,,,21:22:56,21:37:30,,,,874,0,0,0,364,0,analysis_timeout,수서 > 경부고속도로 양재천 다리 > 채석장 > 180고지 > 영등포 > 선유도 17고지 > 상암,24.374,14,"{""phase"":""A"",""startLLA"":{""lat"":37.487441,""lon"":127.100603,""alt"":0},""endLLA"":{""lat"":37.487441,""lon"":127.100603,""alt"":0},""targetSpeed"":3,""seq"":1}","{""phase"":""B"",""startLLA"":{""lat"":37.487441,""lon"":127.100603,""alt"":0},""endLLA"":{""lat"":37.487441,""lon"":127.100603,""alt"":15},""targetSpeed"":10,""seq"":2}","{""phase"":""C"",""startLLA"":{""lat"":37.487441,""lon"":127.100603,""alt"":15},""endLLA"":{""lat"":37.484413,""lon"":127.087503,""alt"":100},""targetSpeed"":36,""seq"":3}","{""phase"":""E"",""startLLA"":{""lat"":37.484413,""lon"":127.087503,""alt"":100},""endLLA"":{""lat"":37.47555,""lon"":127.04915,""alt"":305},""targetSpeed"":51.4,""seq"":4}","{""phase"":""F"",""startLLA"":{""lat"":37.47555,""lon"":127.04915,""alt"":305},""endLLA"":{""lat"":37.471593,""lon"":127.032031,""alt"":305},""targetSpeed"":51.4,""seq"":5}","{""phase"":""F"",""startLLA"":{""lat"":37.471593,""lon"":127.032031,""alt"":305},""endLLA"":{""lat"":37.471285,""lon"":126.985745,""alt"":305},""targetSpeed"":51.4,""seq"":6}","{""phase"":""F"",""startLLA"":{""lat"":37.471285,""lon"":126.985745,""alt"":305},""endLLA"":{""lat"":37.492877,""lon"":126.93949,""alt"":305},""targetSpeed"":51.4,""seq"":7}","{""phase"":""F"",""startLLA"":{""lat"":37.492877,""lon"":126.93949,""alt"":305},""endLLA"":{""lat"":37.515965,""lon"":126.907756,""alt"":305},""targetSpeed"":51.4,""seq"":8}","{""phase"":""F"",""startLLA"":{""lat"":37.515965,""lon"":126.907756,""alt"":305},""endLLA"":{""lat"":37.524052,""lon"":126.906139,""alt"":305},""targetSpeed"":51.4,""seq"":9}","{""phase"":""G"",""startLLA"":{""lat"":37.524052,""lon"":126.906139,""alt"":305},""endLLA"":{""lat"":37.542307,""lon"":126.90249,""alt"":185.47},""targetSpeed"":36,""seq"":10}","{""phase"":""G"",""startLLA"":{""lat"":37.542307,""lon"":126.90249,""alt"":185.47},""endLLA"":{""lat"":37.554178,""lon"":126.89516,""alt"":100},""targetSpeed"":36,""seq"":11}","{""phase"":""I"",""startLLA"":{""lat"":37.554178,""lon"":126.89516,""alt"":100},""endLLA"":{""lat"":37.562282,""lon"":126.890156,""alt"":15},""targetSpeed"":30,""seq"":12}","{""phase"":""J"",""startLLA"":{""lat"":37.562282,""lon"":126.890156,""alt"":15},""endLLA"":{""lat"":37.562282,""lon"":126.890156,""alt"":0},""targetSpeed"":10,""seq"":13}","{""phase"":""K"",""startLLA"":{""lat"":37.562282,""lon"":126.890156,""alt"":0},""endLLA"":{""lat"":37.562282,""lon"":126.890156,""alt"":0},""targetSpeed"":3,""seq"":14}",,,,,,,
b4a2894cba5c,2026-06-20,FPL1710013,UAM0066,a2,2,1,0.5,수서,수서,연신내,연신내,21,gate-7,fato-1,gate-3,fato-3,21:24:52,21:38:30,21:49:59,21:57:19,22:07:19,818,689.51,440,1947.51,308,0,ready,수서 > 경부고속도로 양재천 다리 > 채석장 > 180고지 > 영등포 > 선유도 17고지 > 성산대교 중간지점 > 수색교 > 연신내,31.4243,16,"{""phase"":""A"",""startLLA"":{""lat"":37.487441,""lon"":127.100603,""alt"":0},""endLLA"":{""lat"":37.487441,""lon"":127.100603,""alt"":0},""targetSpeed"":3,""seq"":1}","{""phase"":""B"",""startLLA"":{""lat"":37.487441,""lon"":127.100603,""alt"":0},""endLLA"":{""lat"":37.487441,""lon"":127.100603,""alt"":15},""targetSpeed"":10,""seq"":2}","{""phase"":""C"",""startLLA"":{""lat"":37.487441,""lon"":127.100603,""alt"":15},""endLLA"":{""lat"":37.484414,""lon"":127.087505,""alt"":100},""targetSpeed"":36,""seq"":3}","{""phase"":""E"",""startLLA"":{""lat"":37.484414,""lon"":127.087505,""alt"":100},""endLLA"":{""lat"":37.475552,""lon"":127.049159,""alt"":305},""targetSpeed"":51.4,""seq"":4}","{""phase"":""F"",""startLLA"":{""lat"":37.475552,""lon"":127.049159,""alt"":305},""endLLA"":{""lat"":37.471593,""lon"":127.032031,""alt"":305},""targetSpeed"":51.4,""seq"":5}","{""phase"":""F"",""startLLA"":{""lat"":37.471593,""lon"":127.032031,""alt"":305},""endLLA"":{""lat"":37.471285,""lon"":126.985745,""alt"":305},""targetSpeed"":51.4,""seq"":6}","{""phase"":""F"",""startLLA"":{""lat"":37.471285,""lon"":126.985745,""alt"":305},""endLLA"":{""lat"":37.492877,""lon"":126.93949,""alt"":305},""targetSpeed"":51.4,""seq"":7}","{""phase"":""F"",""startLLA"":{""lat"":37.492877,""lon"":126.93949,""alt"":305},""endLLA"":{""lat"":37.515965,""lon"":126.907756,""alt"":305},""targetSpeed"":51.4,""seq"":8}","{""phase"":""F"",""startLLA"":{""lat"":37.515965,""lon"":126.907756,""alt"":305},""endLLA"":{""lat"":37.542307,""lon"":126.90249,""alt"":305},""targetSpeed"":51.4,""seq"":9}","{""phase"":""F"",""startLLA"":{""lat"":37.542307,""lon"":126.90249,""alt"":305},""endLLA"":{""lat"":37.552574,""lon"":126.891431,""alt"":305},""targetSpeed"":51.4,""seq"":10}","{""phase"":""F"",""startLLA"":{""lat"":37.552574,""lon"":126.891431,""alt"":305},""endLLA"":{""lat"":37.583689,""lon"":126.886699,""alt"":305},""targetSpeed"":51.4,""seq"":11}","{""phase"":""G"",""startLLA"":{""lat"":37.583689,""lon"":126.886699,""alt"":305},""endLLA"":{""lat"":37.586283,""lon"":126.886304,""alt"":288.1},""targetSpeed"":36,""seq"":12}","{""phase"":""G"",""startLLA"":{""lat"":37.586283,""lon"":126.886304,""alt"":288.1},""endLLA"":{""lat"":37.605258,""lon"":126.914118,""alt"":100},""targetSpeed"":36,""seq"":13}","{""phase"":""I"",""startLLA"":{""lat"":37.605258,""lon"":126.914118,""alt"":100},""endLLA"":{""lat"":37.611145,""lon"":126.922747,""alt"":15},""targetSpeed"":30,""seq"":14}","{""phase"":""J"",""startLLA"":{""lat"":37.611145,""lon"":126.922747,""alt"":15},""endLLA"":{""lat"":37.611145,""lon"":126.922747,""alt"":0},""targetSpeed"":10,""seq"":15}","{""phase"":""K"",""startLLA"":{""lat"":37.611145,""lon"":126.922747,""alt"":0},""endLLA"":{""lat"":37.611145,""lon"":126.922747,""alt"":0},""targetSpeed"":3,""seq"":16}",,,,,
