scenario_id,scenario_date,fpl_id,aircraft_id,aircraft_type,capacity,passenger_count,load_factor,origin_vertiport_id,origin_vertiport,destination_vertiport_id,destination_vertiport,demand_hour,departure_gate_id,departure_fato_id,arrival_gate_id,arrival_fato_id,gate_out_time,takeoff_time,landing_time,gate_in_time,ready_time,gate_to_takeoff_sec,air_time_sec,landing_to_gate_sec,gate_to_gate_sec,departure_wait_sec,arrival_wait_sec,status,route_path,route_distance_km,segment_count,segment_001,segment_002,segment_003,segment_004,segment_005,segment_006,segment_007,segment_008,segment_009,segment_010,segment_011,segment_012,segment_013,segment_014,segment_015,segment_016,segment_017,segment_018,segment_019,segment_020,segment_021
b4a2894cba5c,2026-06-20,FPL0817001,UAM0057,a2,2,2,1,사당,사당,수서,수서,6,gate-1,fato-1,gate-4,fato-3,06:30:00,06:37:30,06:42:16,06:49:06,06:59:06,450,286.87,410,1146.87,0,0,ready,사당 > 경부고속도로 양재천 다리 > 수서,10.7285,10,"{""phase"":""A"",""startLLA"":{""lat"":37.475767,""lon"":126.982185,""alt"":0},""endLLA"":{""lat"":37.475767,""lon"":126.982185,""alt"":0},""targetSpeed"":3,""seq"":1}","{""phase"":""B"",""startLLA"":{""lat"":37.475767,""lon"":126.982185,""alt"":0},""endLLA"":{""lat"":37.475767,""lon"":126.982185,""alt"":15},""targetSpeed"":10,""seq"":2}","{""phase"":""C"",""startLLA"":{""lat"":37.475767,""lon"":126.982185,""alt"":15},""endLLA"":{""lat"":37.47463,""lon"":126.995757,""alt"":100},""targetSpeed"":36,""seq"":3}","{""phase"":""E"",""startLLA"":{""lat"":37.47463,""lon"":126.995757,""alt"":100},""endLLA"":{""lat"":37.471593,""lon"":127.032031,""alt"":287.14},""targetSpeed"":51.4,""seq"":4}","{""phase"":""E"",""startLLA"":{""lat"":37.471593,""lon"":127.032031,""alt"":287.14},""endLLA"":{""lat"":37.472365,""lon"":127.035373,""alt"":305},""targetSpeed"":51.4,""seq"":5}","{""phase"":""F"",""startLLA"":{""lat"":37.472365,""lon"":127.035373,""alt"":305},""endLLA"":{""lat"":37.476051,""lon"":127.051318,""alt"":305},""targetSpeed"":51.4,""seq"":6}","{""phase"":""G"",""startLLA"":{""lat"":37.476051,""lon"":127.051318,""alt"":305},""endLLA"":{""lat"":37.484917,""lon"":127.089683,""alt"":100},""targetSpeed"":36,""seq"":7}","{""phase"":""I"",""startLLA"":{""lat"":37.484917,""lon"":127.089683,""alt"":100},""endLLA"":{""lat"":37.487441,""lon"":127.100603,""alt"":15},""targetSpeed"":30,""seq"":8}","{""phase"":""J"",""startLLA"":{""lat"":37.487441,""lon"":127.100603,""alt"":15},""endLLA"":{""lat"":37.487441,""lon"":127.100603,""alt"":0},""targetSpeed"":10,""seq"":9}","{""phase"":""K"",""startLLA"":{""lat"":37.487441,""lon"":127.100603,""alt"":0},""endLLA"":{""lat"":37.487441,""lon"":127.100603,""alt"":0},""targetSpeed"":3,""seq"":10}",,,,,,,,,,,
b4a2894cba5c,2026-06-20,FPL0805001,UAM0058,a2,2,2,1,사당,사당,목동,목동,6,gate-2,fato-2,gate-8,fato-4,06:30:00,06:38:10,06:43:02,06:49:56,06:59:56,490,292.84,413.9,1196.74,10,3.9,ready,사당 > 180고지 > 영등포 > 목동,11.0358,11,"{""phase"":""A"",""startLLA"":{""lat"":37.475767,""lon"":126.982185,""alt"":0},""endLLA"":{""lat"":37.475767,""lon"":126.982185,""alt"":0},""targetSpeed"":3,""seq"":1}","{""phase"":""B"",""startLLA"":{""lat"":37.475767,""lon"":126.982185,""alt"":0},""endLLA"":{""lat"":37.475767,""lon"":126.982185,""alt"":15},""targetSpeed"":10,""seq"":2}","{""phase"":""C"",""startLLA"":{""lat"":37.475767,""lon"":126.982185,""alt"":15},""endLLA"":{""lat"":37.480648,""lon"":126.970006,""alt"":100},""targetSpeed"":36,""seq"":3}","{""phase"":""E"",""startLLA"":{""lat"":37.480648,""lon"":126.970006,""alt"":100},""endLLA"":{""lat"":37.492877,""lon"":126.93949,""alt"":275.46},""targetSpeed"":51.4,""seq"":4}","{""phase"":""E"",""startLLA"":{""lat"":37.492877,""lon"":126.93949,""alt"":275.46},""endLLA"":{""lat"":37.495964,""lon"":126.935246,""alt"":305},""targetSpeed"":51.4,""seq"":5}","{""phase"":""F"",""startLLA"":{""lat"":37.495964,""lon"":126.935246,""alt"":305},""endLLA"":{""lat"":37.506735,""lon"":126.920442,""alt"":305},""targetSpeed"":51.4,""seq"":6}","{""phase"":""G"",""startLLA"":{""lat"":37.506735,""lon"":126.920442,""alt"":305},""endLLA"":{""lat"":37.515965,""lon"":126.907756,""alt"":216.68},""targetSpeed"":36,""seq"":7}","{""phase"":""G"",""startLLA"":{""lat"":37.515965,""lon"":126.907756,""alt"":216.68},""endLLA"":{""lat"":37.522883,""lon"":126.886749,""alt"":100},""targetSpeed"":36,""seq"":8}","{""phase"":""I"",""startLLA"":{""lat"":37.522883,""lon"":126.886749,""alt"":100},""endLLA"":{""lat"":37.526343,""lon"":126.876243,""alt"":15},""targetSpeed"":30,""seq"":9}","{""phase"":""J"",""startLLA"":{""lat"":37.526343,""lon"":126.876243,""alt"":15},""endLLA"":{""lat"":37.526343,""lon"":126.876243,""alt"":0},""targetSpeed"":10,""seq"":10}","{""phase"":""K"",""startLLA"":{""lat"":37.526343,""lon"":126.876243,""alt"":0},""endLLA"":{""lat"":37.526343,""lon"":126.876243,""alt"":0},""targetSpeed"":3,""seq"":11}",,,,,,,,,,
b4a2894cba5c,2026-06-20,FPL0816001,UAM0059,a4,4,4,1,사당,사당,망우,망우,6,gate-3,fato-1,gate-3,fato-4,06:30:00,06:43:30,06:51:26,06:58:46,07:08:46,810,476.65,440,1726.65,300,0,ready,사당 > 경부고속도로 양재천 다리 > 대치교 > 청담대교 중간지점 > 건대입구 > 망우,20.4833,13,"{""phase"":""A"",""startLLA"":{""lat"":37.475767,""lon"":126.982185,""alt"":0},""endLLA"":{""lat"":37.475767,""lon"":126.982185,""alt"":0},""targetSpeed"":3,""seq"":1}","{""phase"":""B"",""startLLA"":{""lat"":37.475767,""lon"":126.982185,""alt"":0},""endLLA"":{""lat"":37.475767,""lon"":126.982185,""alt"":15},""targetSpeed"":10,""seq"":2}","{""phase"":""C"",""startLLA"":{""lat"":37.475767,""lon"":126.982185,""alt"":15},""endLLA"":{""lat"":37.474631,""lon"":126.99575,""alt"":100},""targetSpeed"":36,""seq"":3}","{""phase"":""E"",""startLLA"":{""lat"":37.474631,""lon"":126.99575,""alt"":100},""endLLA"":{""lat"":37.471593,""lon"":127.032031,""alt"":287.28},""targetSpeed"":51.4,""seq"":4}","{""phase"":""E"",""startLLA"":{""lat"":37.471593,""lon"":127.032031,""alt"":287.28},""endLLA"":{""lat"":37.473287,""lon"":127.034744,""alt"":305},""targetSpeed"":51.4,""seq"":5}","{""phase"":""F"",""startLLA"":{""lat"":37.473287,""lon"":127.034744,""alt"":305},""endLLA"":{""lat"":37.497702,""lon"":127.073855,""alt"":305},""targetSpeed"":51.4,""seq"":6}","{""phase"":""F"",""startLLA"":{""lat"":37.497702,""lon"":127.073855,""alt"":305},""endLLA"":{""lat"":37.526451,""lon"":127.064361,""alt"":305},""targetSpeed"":51.4,""seq"":7}","{""phase"":""F"",""startLLA"":{""lat"":37.526451,""lon"":127.064361,""alt"":305},""endLLA"":{""lat"":37.540426,""lon"":127.069298,""alt"":305},""targetSpeed"":51.4,""seq"":8}","{""phase"":""F"",""startLLA"":{""lat"":37.540426,""lon"":127.069298,""alt"":305},""endLLA"":{""lat"":37.557141,""lon"":127.073901,""alt"":305},""targetSpeed"":51.4,""seq"":9}","{""phase"":""G"",""startLLA"":{""lat"":37.557141,""lon"":127.073901,""alt"":305},""endLLA"":{""lat"":37.588105,""lon"":127.082427,""alt"":100},""targetSpeed"":36,""seq"":10}","{""phase"":""I"",""startLLA"":{""lat"":37.588105,""lon"":127.082427,""alt"":100},""endLLA"":{""lat"":37.596919,""lon"":127.084854,""alt"":15},""targetSpeed"":30,""seq"":11}","{""phase"":""J"",""startLLA"":{""lat"":37.596919,""lon"":127.084854,""alt"":15},""endLLA"":{""lat"":37.596919,""lon"":127.084854,""alt"":0},""targetSpeed"":10,""seq"":12}","{""phase"":""K"",""startLLA"":{""lat"":37.596919,""lon"":127.084854,""alt"":0},""endLLA"":{""lat"":37.596919,""lon"":127.084854,""alt"":0},""targetSpeed"":3,""seq"":13}",,,,,,,,
b4a2894cba5c,2026-06-20,FPL0812001,UAM0060,a4,4,2,0.5,사당,사당,광화문,광화문,6,gate-4,fato-2,gate-2,fato-4,06:30:00,06:44:10,06:53:35,07:01:25,07:11:25,850,565.95,470,1885.95,310,94.05,ready,사당 > 180고지 > 영등포 > 선유도 17고지 > 성산대교 중간지점 > 홍대입구 > 광화문,20.239,14,"{""phase"":""A"",""startLLA"":{""lat"":37.475767,""lon"":126.982185,""alt"":0},""endLLA"":{""lat"":37.475767,""lon"":126.982185,""alt"":0},""targetSpeed"":3,""seq"":1}","{""phase"":""B"",""startLLA"":{""lat"":37.475767,""lon"":126.982185,""alt"":0},""endLLA"":{""lat"":37.475767,""lon"":126.982185,""alt"":15},""targetSpeed"":10,""seq"":2}","{""phase"":""C"",""startLLA"":{""lat"":37.475767,""lon"":126.982185,""alt"":15},""endLLA"":{""lat"":37.480587,""lon"":126.970158,""alt"":100},""targetSpeed"":36,""seq"":3}","{""phase"":""E"",""startLLA"":{""lat"":37.480587,""lon"":126.970158,""alt"":100},""endLLA"":{""lat"":37.492877,""lon"":126.93949,""alt"":278.55},""targetSpeed"":51.4,""seq"":4}","{""phase"":""E"",""startLLA"":{""lat"":37.492877,""lon"":126.93949,""alt"":278.55},""endLLA"":{""lat"":37.495606,""lon"":126.935739,""alt"":305},""targetSpeed"":51.4,""seq"":5}","{""phase"":""F"",""startLLA"":{""lat"":37.495606,""lon"":126.935739,""alt"":305},""endLLA"":{""lat"":37.515965,""lon"":126.907756,""alt"":305},""targetSpeed"":51.4,""seq"":6}","{""phase"":""F"",""startLLA"":{""lat"":37.515965,""lon"":126.907756,""alt"":305},""endLLA"":{""lat"":37.542307,""lon"":126.90249,""alt"":305},""targetSpeed"":51.4,""seq"":7}","{""phase"":""F"",""startLLA"":{""lat"":37.542307,""lon"":126.90249,""alt"":305},""endLLA"":{""lat"":37.552574,""lon"":126.891431,""alt"":305},""targetSpeed"":51.4,""seq"":8}","{""phase"":""F"",""startLLA"":{""lat"":37.552574,""lon"":126.891431,""alt"":305},""endLLA"":{""lat"":37.556786,""lon"":126.923706,""alt"":305},""targetSpeed"":51.4,""seq"":9}","{""phase"":""F"",""startLLA"":{""lat"":37.556786,""lon"":126.923706,""alt"":305},""endLLA"":{""lat"":37.557137,""lon"":126.925138,""alt"":305},""targetSpeed"":51.4,""seq"":10}","{""phase"":""G"",""startLLA"":{""lat"":37.557137,""lon"":126.925138,""alt"":305},""endLLA"":{""lat"":37.566379,""lon"":126.962865,""alt"":100},""targetSpeed"":36,""seq"":11}","{""phase"":""I"",""startLLA"":{""lat"":37.566379,""lon"":126.962865,""alt"":100},""endLLA"":{""lat"":37.56901,""lon"":126.973604,""alt"":15},""targetSpeed"":30,""seq"":12}","{""phase"":""J"",""startLLA"":{""lat"":37.56901,""lon"":126.973604,""alt"":15},""endLLA"":{""lat"":37.56901,""lon"":126.973604,""alt"":0},""targetSpeed"":10,""seq"":13}","{""phase"":""K"",""startLLA"":{""lat"":37.56901,""lon"":126.973604,""alt"":0},""endLLA"":{""lat"":37.56901,""lon"":126.973604,""alt"":0},""targetSpeed"":3,""seq"":14}",,,,,,,
b4a2894cba5c,2026-06-20,FPL0815001,UAM0061,a6,6,2,0.3333,사당,사당,마곡,마곡,6,gate-5,fato-1,gate-4,fato-3,06:30:00,06:49:30,07:02:29,07:09:19,07:19:19,1170,779.49,410,2359.49,720,114.49,ready,사당 > 180고지 > 영등포 > 목동교 > 염창교 > 가양대교 남단 > 마곡,21.5149,14,"{""phase"":""A"",""startLLA"":{""lat"":37.475767,""lon"":126.982185,""alt"":0},""endLLA"":{""lat"":37.475767,""lon"":126.982185,""alt"":0},""targetSpeed"":3,""seq"":1}","{""phase"":""B"",""startLLA"":{""lat"":37.475767,""lon"":126.982185,""alt"":0},""endLLA"":{""lat"":37.475767,""lon"":126.982185,""alt"":15},""targetSpeed"":10,""seq"":2}","{""phase"":""C"",""startLLA"":{""lat"":37.475767,""lon"":126.982185,""alt"":15},""endLLA"":{""lat"":37.480646,""lon"":126.97001,""alt"":100},""targetSpeed"":36,""seq"":3}","{""phase"":""E"",""startLLA"":{""lat"":37.480646,""lon"":126.97001,""alt"":100},""endLLA"":{""lat"":37.492877,""lon"":126.93949,""alt"":275.53},""targetSpeed"":51.4,""seq"":4}","{""phase"":""E"",""startLLA"":{""lat"":37.492877,""lon"":126.93949,""alt"":275.53},""endLLA"":{""lat"":37.495955,""lon"":126.935259,""alt"":305},""targetSpeed"":51.4,""seq"":5}","{""phase"":""F"",""startLLA"":{""lat"":37.495955,""lon"":126.935259,""alt"":305},""endLLA"":{""lat"":37.515965,""lon"":126.907756,""alt"":305},""targetSpeed"":51.4,""seq"":6}","{""phase"":""F"",""startLLA"":{""lat"":37.515965,""lon"":126.907756,""alt"":305},""endLLA"":{""lat"":37.530667,""lon"":126.888262,""alt"":305},""targetSpeed"":51.4,""seq"":7}","{""phase"":""F"",""startLLA"":{""lat"":37.530667,""lon"":126.888262,""alt"":305},""endLLA"":{""lat"":37.553824,""lon"":126.875819,""alt"":305},""targetSpeed"":51.4,""seq"":8}","{""phase"":""F"",""startLLA"":{""lat"":37.553824,""lon"":126.875819,""alt"":305},""endLLA"":{""lat"":37.569391,""lon"":126.861026,""alt"":305},""targetSpeed"":51.4,""seq"":9}","{""phase"":""F"",""startLLA"":{""lat"":37.569391,""lon"":126.861026,""alt"":305},""endLLA"":{""lat"":37.567855,""lon"":126.842869,""alt"":305},""targetSpeed"":51.4,""seq"":10}","{""phase"":""G"",""startLLA"":{""lat"":37.567855,""lon"":126.842869,""alt"":305},""endLLA"":{""lat"":37.564492,""lon"":126.803119,""alt"":100},""targetSpeed"":36,""seq"":11}","{""phase"":""I"",""startLLA"":{""lat"":37.564492,""lon"":126.803119,""alt"":100},""endLLA"":{""lat"":37.563535,""lon"":126.791805,""alt"":15},""targetSpeed"":30,""seq"":12}","{""phase"":""J"",""startLLA"":{""lat"":37.563535,""lon"":126.791805,""alt"":15},""endLLA"":{""lat"":37.563535,""lon"":126.791805,""alt"":0},""targetSpeed"":10,""seq"":13}","{""phase"":""K"",""startLLA"":{""lat"":37.563535,""lon"":126.791805,""alt"":0},""endLLA"":{""lat"":37.563535,""lon"":126.791805,""alt"":0},""targetSpeed"":3,""seq"":14}",,,,,,,
b4a2894cba5c,2026-06-20,FPL0816002,UAM0062,a6,6,2,0.3333,사당,사당,망우,망우,6,gate-6,fato-2,gate-8,fato-3,06:30:00,06:50:10,07:09:49,07:16:39,07:26:39,1210,1179.61,410,2799.61,730,117.61,ready,사당 > 경부고속도로 양재천 다리 > 대치교 > 청담대교 중간지점 > 건대입구 > 망우,20.4833,13,"{""phase"":""A"",""startLLA"":{""lat"":37.475767,""lon"":126.982185,""alt"":0},""endLLA"":{""lat"":37.475767,""lon"":126.982185,""alt"":0},""targetSpeed"":3,""seq"":1}","{""phase"":""B"",""startLLA"":{""lat"":37.475767,""lon"":126.982185,""alt"":0},""endLLA"":{""lat"":37.475767,""lon"":126.982185,""alt"":15},""targetSpeed"":10,""seq"":2}","{""phase"":""C"",""startLLA"":{""lat"":37.475767,""lon"":126.982185,""alt"":15},""endLLA"":{""lat"":37.474631,""lon"":126.99575,""alt"":100},""targetSpeed"":36,""seq"":3}","{""phase"":""E"",""startLLA"":{""lat"":37.474631,""lon"":126.99575,""alt"":100},""endLLA"":{""lat"":37.471593,""lon"":127.032031,""alt"":287.28},""targetSpeed"":51.4,""seq"":4}","{""phase"":""E"",""startLLA"":{""lat"":37.471593,""lon"":127.032031,""alt"":287.28},""endLLA"":{""lat"":37.473287,""lon"":127.034744,""alt"":305},""targetSpeed"":51.4,""seq"":5}","{""phase"":""F"",""startLLA"":{""lat"":37.473287,""lon"":127.034744,""alt"":305},""endLLA"":{""lat"":37.497702,""lon"":127.073855,""alt"":305},""targetSpeed"":51.4,""seq"":6}","{""phase"":""F"",""startLLA"":{""lat"":37.497702,""lon"":127.073855,""alt"":305},""endLLA"":{""lat"":37.526451,""lon"":127.064361,""alt"":305},""targetSpeed"":51.4,""seq"":7}","{""phase"":""F"",""startLLA"":{""lat"":37.526451,""lon"":127.064361,""alt"":305},""endLLA"":{""lat"":37.540426,""lon"":127.069298,""alt"":305},""targetSpeed"":51.4,""seq"":8}","{""phase"":""F"",""startLLA"":{""lat"":37.540426,""lon"":127.069298,""alt"":305},""endLLA"":{""lat"":37.557141,""lon"":127.073901,""alt"":305},""targetSpeed"":51.4,""seq"":9}","{""phase"":""G"",""startLLA"":{""lat"":37.557141,""lon"":127.073901,""alt"":305},""endLLA"":{""lat"":37.588105,""lon"":127.082427,""alt"":100},""targetSpeed"":36,""seq"":10}","{""phase"":""I"",""startLLA"":{""lat"":37.588105,""lon"":127.082427,""alt"":100},""endLLA"":{""lat"":37.596919,""lon"":127.084854,""alt"":15},""targetSpeed"":30,""seq"":11}","{""phase"":""J"",""startLLA"":{""lat"":37.596919,""lon"":127.084854,""alt"":15},""endLLA"":{""lat"":37.596919,""lon"":127.084854,""alt"":0},""targetSpeed"":10,""seq"":12}","{""phase"":""K"",""startLLA"":{""lat"":37.596919,""lon"":127.084854,""alt"":0},""endLLA"":{""lat"":37.596919,""lon"":127.084854,""alt"":0},""targetSpeed"":3,""seq"":13}",,,,,,,,
b4a2894cba5c,2026-06-20,FPL0805002,UAM0063,a8,8,2,0.25,사당,사당,목동,목동,6,gate-7,fato-1,gate-8,fato-4,06:30:00,06:55:30,07:02:22,07:09:16,07:19:16,1530,412.84,413.9,2356.74,1020,117.74,ready,사당 > 180고지 > 영등포 > 목동,11.0358,11,"{""phase"":""A"",""startLLA"":{""lat"":37.475767,""lon"":126.982185,""alt"":0},""endLLA"":{""lat"":37.475767,""lon"":126.982185,""alt"":0},""targetSpeed"":3,""seq"":1}","{""phase"":""B"",""startLLA"":{""lat"":37.475767,""lon"":126.982185,""alt"":0},""endLLA"":{""lat"":37.475767,""lon"":126.982185,""alt"":15},""targetSpeed"":10,""seq"":2}","{""phase"":""C"",""startLLA"":{""lat"":37.475767,""lon"":126.982185,""alt"":15},""endLLA"":{""lat"":37.480648,""lon"":126.970006,""alt"":100},""targetSpeed"":36,""seq"":3}","{""phase"":""E"",""startLLA"":{""lat"":37.480648,""lon"":126.970006,""alt"":100},""endLLA"":{""lat"":37.492877,""lon"":126.93949,""alt"":275.46},""targetSpeed"":51.4,""seq"":4}","{""phase"":""E"",""startLLA"":{""lat"":37.492877,""lon"":126.93949,""alt"":275.46},""endLLA"":{""lat"":37.495964,""lon"":126.935246,""alt"":305},""targetSpeed"":51.4,""seq"":5}","{""phase"":""F"",""startLLA"":{""lat"":37.495964,""lon"":126.935246,""alt"":305},""endLLA"":{""lat"":37.506735,""lon"":126.920442,""alt"":305},""targetSpeed"":51.4,""seq"":6}","{""phase"":""G"",""startLLA"":{""lat"":37.506735,""lon"":126.920442,""alt"":305},""endLLA"":{""lat"":37.515965,""lon"":126.907756,""alt"":216.68},""targetSpeed"":36,""seq"":7}","{""phase"":""G"",""startLLA"":{""lat"":37.515965,""lon"":126.907756,""alt"":216.68},""endLLA"":{""lat"":37.522883,""lon"":126.886749,""alt"":100},""targetSpeed"":36,""seq"":8}","{""phase"":""I"",""startLLA"":{""lat"":37.522883,""lon"":126.886749,""alt"":100},""endLLA"":{""lat"":37.526343,""lon"":126.876243,""alt"":15},""targetSpeed"":30,""seq"":9}","{""phase"":""J"",""startLLA"":{""lat"":37.526343,""lon"":126.876243,""alt"":15},""endLLA"":{""lat"":37.526343,""lon"":126.876243,""alt"":0},""targetSpeed"":10,""seq"":10}","{""phase"":""K"",""startLLA"":{""lat"":37.526343,""lon"":126.876243,""alt"":0},""endLLA"":{""lat"":37.526343,""lon"":126.876243,""alt"":0},""targetSpeed"":3,""seq"":11}",,,,,,,,,,
b4a2894cba5c,2026-06-20,FPL0803001,UAM0064,a8,8,1,0.125,사당,사당,상암,상암,6,gate-8,fato-2,gate-8,fato-4,06:30:00,06:56:10,07:01:50,07:08:40,07:18:40,1570,340.18,410,2320.18,1030,0,ready,사당 > 180고지 > 영등포 > 선유도 17고지 > 상암,13.4688,12,"{""phase"":""A"",""startLLA"":{""lat"":37.475767,""lon"":126.982185,""alt"":0},""endLLA"":{""lat"":37.475767,""lon"":126.982185,""alt"":0},""targetSpeed"":3,""seq"":1}","{""phase"":""B"",""startLLA"":{""lat"":37.475767,""lon"":126.982185,""alt"":0},""endLLA"":{""lat"":37.475767,""lon"":126.982185,""alt"":15},""targetSpeed"":10,""seq"":2}","{""phase"":""C"",""startLLA"":{""lat"":37.475767,""lon"":126.982185,""alt"":15},""endLLA"":{""lat"":37.480647,""lon"":126.970008,""alt"":100},""targetSpeed"":36,""seq"":3}","{""phase"":""E"",""startLLA"":{""lat"":37.480647,""lon"":126.970008,""alt"":100},""endLLA"":{""lat"":37.492877,""lon"":126.93949,""alt"":275.49},""targetSpeed"":51.4,""seq"":4}","{""phase"":""E"",""startLLA"":{""lat"":37.492877,""lon"":126.93949,""alt"":275.49},""endLLA"":{""lat"":37.495961,""lon"":126.935252,""alt"":305},""targetSpeed"":51.4,""seq"":5}","{""phase"":""F"",""startLLA"":{""lat"":37.495961,""lon"":126.935252,""alt"":305},""endLLA"":{""lat"":37.515965,""lon"":126.907756,""alt"":305},""targetSpeed"":51.4,""seq"":6}","{""phase"":""F"",""startLLA"":{""lat"":37.515965,""lon"":126.907756,""alt"":305},""endLLA"":{""lat"":37.524062,""lon"":126.906137,""alt"":305},""targetSpeed"":51.4,""seq"":7}","{""phase"":""G"",""startLLA"":{""lat"":37.524062,""lon"":126.906137,""alt"":305},""endLLA"":{""lat"":37.542307,""lon"":126.90249,""alt"":185.51},""targetSpeed"":36,""seq"":8}","{""phase"":""G"",""startLLA"":{""lat"":37.542307,""lon"":126.90249,""alt"":185.51},""endLLA"":{""lat"":37.55418,""lon"":126.895159,""alt"":100},""targetSpeed"":36,""seq"":9}","{""phase"":""I"",""startLLA"":{""lat"":37.55418,""lon"":126.895159,""alt"":100},""endLLA"":{""lat"":37.562282,""lon"":126.890156,""alt"":15},""targetSpeed"":30,""seq"":10}","{""phase"":""J"",""startLLA"":{""lat"":37.562282,""lon"":126.890156,""alt"":15},""endLLA"":{""lat"":37.562282,""lon"":126.890156,""alt"":0},""targetSpeed"":10,""seq"":11}","{""phase"":""K"",""startLLA"":{""lat"":37.562282,""lon"":126.890156,""alt"":0},""endLLA"":{""lat"":37.562282,""lon"":126.890156,""alt"":0},""targetSpeed"":3,""seq"":12}",,,,,,,,,
b4a2894cba5c,2026-06-20,FPL0811001,UAM0130,a2,2,1,0.5,사당,사당,천호,천호,6,gate-4,fato-1,gate-5,fato-4,06:59:47,07:08:47,07:19:16,07:27:36,07:37:36,540,629.54,500,1669.54,0,26.54,ready,사당 > 경부고속도로 양재천 다리 > 대치교 > 청담대교 중간지점 > 잠실대교 중간지점 > 천호,18.2608,13,"{""phase"":""A"",""startLLA"":{""lat"":37.475767,""lon"":126.982185,""alt"":0},""endLLA"":{""lat"":37.475767,""lon"":126.982185,""alt"":0},""targetSpeed"":3,""seq"":1}","{""phase"":""B"",""startLLA"":{""lat"":37.475767,""lon"":126.982185,""alt"":0},""endLLA"":{""lat"":37.475767,""lon"":126.982185,""alt"":15},""targetSpeed"":10,""seq"":2}","{""phase"":""C"",""startLLA"":{""lat"":37.475767,""lon"":126.982185,""alt"":15},""endLLA"":{""lat"":37.474631,""lon"":126.995751,""alt"":100},""targetSpeed"":36,""seq"":3}","{""phase"":""E"",""startLLA"":{""lat"":37.474631,""lon"":126.995751,""alt"":100},""endLLA"":{""lat"":37.471593,""lon"":127.032031,""alt"":287.26},""targetSpeed"":51.4,""seq"":4}","{""phase"":""E"",""startLLA"":{""lat"":37.471593,""lon"":127.032031,""alt"":287.26},""endLLA"":{""lat"":37.473289,""lon"":127.034748,""alt"":305},""targetSpeed"":51.4,""seq"":5}","{""phase"":""F"",""startLLA"":{""lat"":37.473289,""lon"":127.034748,""alt"":305},""endLLA"":{""lat"":37.497702,""lon"":127.073855,""alt"":305},""targetSpeed"":51.4,""seq"":6}","{""phase"":""F"",""startLLA"":{""lat"":37.497702,""lon"":127.073855,""alt"":305},""endLLA"":{""lat"":37.526451,""lon"":127.064361,""alt"":305},""targetSpeed"":51.4,""seq"":7}","{""phase"":""F"",""startLLA"":{""lat"":37.526451,""lon"":127.064361,""alt"":305},""endLLA"":{""lat"":37.525291,""lon"":127.078991,""alt"":305},""targetSpeed"":51.4,""seq"":8}","{""phase"":""G"",""startLLA"":{""lat"":37.525291,""lon"":127.078991,""alt"":305},""endLLA"":{""lat"":37.524288,""lon"":127.091639,""alt"":239.8},""targetSpeed"":36,""seq"":9}","{""phase"":""G"",""startLLA"":{""lat"":37.524288,""lon"":127.091639,""alt"":239.8},""endLLA"":{""lat"":37.539418,""lon"":127.111105,""alt"":100},""targetSpeed"":36,""seq"":10}","{""phase"":""I"",""startLLA"":{""lat"":37.539418,""lon"":127.111105,""alt"":100},""endLLA"":{""lat"":37.545733,""lon"":127.11923,""alt"":15},""targetSpeed"":30,""seq"":11}","{""phase"":""J"",""startLLA"":{""lat"":37.545733,""lon"":127.11923,""alt"":15},""endLLA"":{""lat"":37.545733,""lon"":127.11923,""alt"":0},""targetSpeed"":10,""seq"":12}","{""phase"":""K"",""startLLA"":{""lat"":37.545733,""lon"":127.11923,""alt"":0},""endLLA"":{""lat"":37.545733,""lon"":127.11923,""alt"":0},""targetSpeed"":3,""seq"":13}",,,,,,,,
b4a2894cba5c,2026-06-20,FPL0811002,UAM0091,a4,4,4,1,사당,사당,천호,천호,7,gate-8,fato-1,gate-2,fato-3,07:08:12,07:17:12,07:32:26,07:40:16,07:50:16,540,914.48,470,1924.48,0,58.48,ready,사당 > 경부고속도로 양재천 다리 > 대치교 > 청담대교 중간지점 > 잠실대교 중간지점 > 천호,18.2608,13,"{""phase"":""A"",""startLLA"":{""lat"":37.475767,""lon"":126.982185,""alt"":0},""endLLA"":{""lat"":37.475767,""lon"":126.982185,""alt"":0},""targetSpeed"":3,""seq"":1}","{""phase"":""B"",""startLLA"":{""lat"":37.475767,""lon"":126.982185,""alt"":0},""endLLA"":{""lat"":37.475767,""lon"":126.982185,""alt"":15},""targetSpeed"":10,""seq"":2}","{""phase"":""C"",""startLLA"":{""lat"":37.475767,""lon"":126.982185,""alt"":15},""endLLA"":{""lat"":37.474631,""lon"":126.995751,""alt"":100},""targetSpeed"":36,""seq"":3}","{""phase"":""E"",""startLLA"":{""lat"":37.474631,""lon"":126.995751,""alt"":100},""endLLA"":{""lat"":37.471593,""lon"":127.032031,""alt"":287.26},""targetSpeed"":51.4,""seq"":4}","{""phase"":""E"",""startLLA"":{""lat"":37.471593,""lon"":127.032031,""alt"":287.26},""endLLA"":{""lat"":37.473289,""lon"":127.034748,""alt"":305},""targetSpeed"":51.4,""seq"":5}","{""phase"":""F"",""startLLA"":{""lat"":37.473289,""lon"":127.034748,""alt"":305},""endLLA"":{""lat"":37.497702,""lon"":127.073855,""alt"":305},""targetSpeed"":51.4,""seq"":6}","{""phase"":""F"",""startLLA"":{""lat"":37.497702,""lon"":127.073855,""alt"":305},""endLLA"":{""lat"":37.526451,""lon"":127.064361,""alt"":305},""targetSpeed"":51.4,""seq"":7}","{""phase"":""F"",""startLLA"":{""lat"":37.526451,""lon"":127.064361,""alt"":305},""endLLA"":{""lat"":37.525291,""lon"":127.078991,""alt"":305},""targetSpeed"":51.4,""seq"":8}","{""phase"":""G"",""startLLA"":{""lat"":37.525291,""lon"":127.078991,""alt"":305},""endLLA"":{""lat"":37.524288,""lon"":127.091639,""alt"":239.8},""targetSpeed"":36,""seq"":9}","{""phase"":""G"",""startLLA"":{""lat"":37.524288,""lon"":127.091639,""alt"":239.8},""endLLA"":{""lat"":37.539418,""lon"":127.111105,""alt"":100},""targetSpeed"":36,""seq"":10}","{""phase"":""I"",""startLLA"":{""lat"":37.539418,""lon"":127.111105,""alt"":100},""endLLA"":{""lat"":37.545733,""lon"":127.11923,""alt"":15},""targetSpeed"":30,""seq"":11}","{""phase"":""J"",""startLLA"":{""lat"":37.545733,""lon"":127.11923,""alt"":15},""endLLA"":{""lat"":37.545733,""lon"":127.11923,""alt"":0},""targetSpeed"":10,""seq"":12}","{""phase"":""K"",""startLLA"":{""lat"":37.545733,""lon"":127.11923,""alt"":0},""endLLA"":{""lat"":37.545733,""lon"":127.11923,""alt"":0},""targetSpeed"":3,""seq"":13}",,,,,,,,
b4a2894cba5c,2026-06-20,FPL0805003,UAM0022,a6,6,5,0.8333,사당,사당,목동,목동,7,gate-3,fato-2,gate-7,fato-3,07:13:11,07:21:41,07:26:42,07:34:02,07:44:02,510,301.32,440,1251.32,0,8.47,ready,사당 > 180고지 > 영등포 > 목동,11.0358,11,"{""phase"":""A"",""startLLA"":{""lat"":37.475767,""lon"":126.982185,""alt"":0},""endLLA"":{""lat"":37.475767,""lon"":126.982185,""alt"":0},""targetSpeed"":3,""seq"":1}","{""phase"":""B"",""startLLA"":{""lat"":37.475767,""lon"":126.982185,""alt"":0},""endLLA"":{""lat"":37.475767,""lon"":126.982185,""alt"":15},""targetSpeed"":10,""seq"":2}","{""phase"":""C"",""startLLA"":{""lat"":37.475767,""lon"":126.982185,""alt"":15},""endLLA"":{""lat"":37.480648,""lon"":126.970006,""alt"":100},""targetSpeed"":36,""seq"":3}","{""phase"":""E"",""startLLA"":{""lat"":37.480648,""lon"":126.970006,""alt"":100},""endLLA"":{""lat"":37.492877,""lon"":126.93949,""alt"":275.46},""targetSpeed"":51.4,""seq"":4}","{""phase"":""E"",""startLLA"":{""lat"":37.492877,""lon"":126.93949,""alt"":275.46},""endLLA"":{""lat"":37.495964,""lon"":126.935246,""alt"":305},""targetSpeed"":51.4,""seq"":5}","{""phase"":""F"",""startLLA"":{""lat"":37.495964,""lon"":126.935246,""alt"":305},""endLLA"":{""lat"":37.506735,""lon"":126.920442,""alt"":305},""targetSpeed"":51.4,""seq"":6}","{""phase"":""G"",""startLLA"":{""lat"":37.506735,""lon"":126.920442,""alt"":305},""endLLA"":{""lat"":37.515965,""lon"":126.907756,""alt"":216.68},""targetSpeed"":36,""seq"":7}","{""phase"":""G"",""startLLA"":{""lat"":37.515965,""lon"":126.907756,""alt"":216.68},""endLLA"":{""lat"":37.522883,""lon"":126.886749,""alt"":100},""targetSpeed"":36,""seq"":8}","{""phase"":""I"",""startLLA"":{""lat"":37.522883,""lon"":126.886749,""alt"":100},""endLLA"":{""lat"":37.526343,""lon"":126.876243,""alt"":15},""targetSpeed"":30,""seq"":9}","{""phase"":""J"",""startLLA"":{""lat"":37.526343,""lon"":126.876243,""alt"":15},""endLLA"":{""lat"":37.526343,""lon"":126.876243,""alt"":0},""targetSpeed"":10,""seq"":10}","{""phase"":""K"",""startLLA"":{""lat"":37.526343,""lon"":126.876243,""alt"":0},""endLLA"":{""lat"":37.526343,""lon"":126.876243,""alt"":0},""targetSpeed"":3,""seq"":11}",,,,,,,,,,
b4a2894cba5c,2026-06-20,FPL0810001,UAM0073,a2,2,2,1,사당,사당,연신내,연신내,7,gate-4,fato-1,gate-3,fato-3,07:30:00,07:39:50,07:52:02,07:59:22,08:09:22,590.41,731.65,440,1762.06,50.41,254.31,ready,사당 > 180고지 > 영등포 > 선유도 17고지 > 성산대교 중간지점 > 수색교 > 연신내,20.5191,14,"{""phase"":""A"",""startLLA"":{""lat"":37.475767,""lon"":126.982185,""alt"":0},""endLLA"":{""lat"":37.475767,""lon"":126.982185,""alt"":0},""targetSpeed"":3,""seq"":1}","{""phase"":""B"",""startLLA"":{""lat"":37.475767,""lon"":126.982185,""alt"":0},""endLLA"":{""lat"":37.475767,""lon"":126.982185,""alt"":15},""targetSpeed"":10,""seq"":2}","{""phase"":""C"",""startLLA"":{""lat"":37.475767,""lon"":126.982185,""alt"":15},""endLLA"":{""lat"":37.480646,""lon"":126.97001,""alt"":100},""targetSpeed"":36,""seq"":3}","{""phase"":""E"",""startLLA"":{""lat"":37.480646,""lon"":126.97001,""alt"":100},""endLLA"":{""lat"":37.492877,""lon"":126.93949,""alt"":275.53},""targetSpeed"":51.4,""seq"":4}","{""phase"":""E"",""startLLA"":{""lat"":37.492877,""lon"":126.93949,""alt"":275.53},""endLLA"":{""lat"":37.495955,""lon"":126.935259,""alt"":305},""targetSpeed"":51.4,""seq"":5}","{""phase"":""F"",""startLLA"":{""lat"":37.495955,""lon"":126.935259,""alt"":305},""endLLA"":{""lat"":37.515965,""lon"":126.907756,""alt"":305},""targetSpeed"":51.4,""seq"":6}","{""phase"":""F"",""startLLA"":{""lat"":37.515965,""lon"":126.907756,""alt"":305},""endLLA"":{""lat"":37.542307,""lon"":126.90249,""alt"":305},""targetSpeed"":51.4,""seq"":7}","{""phase"":""F"",""startLLA"":{""lat"":37.542307,""lon"":126.90249,""alt"":305},""endLLA"":{""lat"":37.552574,""lon"":126.891431,""alt"":305},""targetSpeed"":51.4,""seq"":8}","{""phase"":""F"",""startLLA"":{""lat"":37.552574,""lon"":126.891431,""alt"":305},""endLLA"":{""lat"":37.583699,""lon"":126.886697,""alt"":305},""targetSpeed"":51.4,""seq"":9}","{""phase"":""G"",""startLLA"":{""lat"":37.583699,""lon"":126.886697,""alt"":305},""endLLA"":{""lat"":37.586283,""lon"":126.886304,""alt"":288.16},""targetSpeed"":36,""seq"":10}","{""phase"":""G"",""startLLA"":{""lat"":37.586283,""lon"":126.886304,""alt"":288.16},""endLLA"":{""lat"":37.60526,""lon"":126.914121,""alt"":100},""targetSpeed"":36,""seq"":11}","{""phase"":""I"",""startLLA"":{""lat"":37.60526,""lon"":126.914121,""alt"":100},""endLLA"":{""lat"":37.611145,""lon"":126.922747,""alt"":15},""targetSpeed"":30,""seq"":12}","{""phase"":""J"",""startLLA"":{""lat"":37.611145,""lon"":126.922747,""alt"":15},""endLLA"":{""lat"":37.611145,""lon"":126.922747,""alt"":0},""targetSpeed"":10,""seq"":13}","{""phase"":""K"",""startLLA"":{""lat"":37.611145,""lon"":126.922747,""alt"":0},""endLLA"":{""lat"":37.611145,""lon"":126.922747,""alt"":0},""targetSpeed"":3,""seq"":14}",,,,,,,
b4a2894cba5c,2026-06-20,FPL0816003,UAM0114,a2,2,2,1,사당,사당,망우,망우,7,gate-8,fato-2,gate-6,fato-3,07:35:34,07:44:34,07:52:30,08:00:20,08:10:20,540,476.65,470,1486.65,0,0,ready,사당 > 경부고속도로 양재천 다리 > 대치교 > 청담대교 중간지점 > 건대입구 > 망우,20.4833,13,"{""phase"":""A"",""startLLA"":{""lat"":37.475767,""lon"":126.982185,""alt"":0},""endLLA"":{""lat"":37.475767,""lon"":126.982185,""alt"":0},""targetSpeed"":3,""seq"":1}","{""phase"":""B"",""startLLA"":{""lat"":37.475767,""lon"":126.982185,""alt"":0},""endLLA"":{""lat"":37.475767,""lon"":126.982185,""alt"":15},""targetSpeed"":10,""seq"":2}","{""phase"":""C"",""startLLA"":{""lat"":37.475767,""lon"":126.982185,""alt"":15},""endLLA"":{""lat"":37.474631,""lon"":126.99575,""alt"":100},""targetSpeed"":36,""seq"":3}","{""phase"":""E"",""startLLA"":{""lat"":37.474631,""lon"":126.99575,""alt"":100},""endLLA"":{""lat"":37.471593,""lon"":127.032031,""alt"":287.28},""targetSpeed"":51.4,""seq"":4}","{""phase"":""E"",""startLLA"":{""lat"":37.471593,""lon"":127.032031,""alt"":287.28},""endLLA"":{""lat"":37.473287,""lon"":127.034744,""alt"":305},""targetSpeed"":51.4,""seq"":5}","{""phase"":""F"",""startLLA"":{""lat"":37.473287,""lon"":127.034744,""alt"":305},""endLLA"":{""lat"":37.497702,""lon"":127.073855,""alt"":305},""targetSpeed"":51.4,""seq"":6}","{""phase"":""F"",""startLLA"":{""lat"":37.497702,""lon"":127.073855,""alt"":305},""endLLA"":{""lat"":37.526451,""lon"":127.064361,""alt"":305},""targetSpeed"":51.4,""seq"":7}","{""phase"":""F"",""startLLA"":{""lat"":37.526451,""lon"":127.064361,""alt"":305},""endLLA"":{""lat"":37.540426,""lon"":127.069298,""alt"":305},""targetSpeed"":51.4,""seq"":8}","{""phase"":""F"",""startLLA"":{""lat"":37.540426,""lon"":127.069298,""alt"":305},""endLLA"":{""lat"":37.557141,""lon"":127.073901,""alt"":305},""targetSpeed"":51.4,""seq"":9}","{""phase"":""G"",""startLLA"":{""lat"":37.557141,""lon"":127.073901,""alt"":305},""endLLA"":{""lat"":37.588105,""lon"":127.082427,""alt"":100},""targetSpeed"":36,""seq"":10}","{""phase"":""I"",""startLLA"":{""lat"":37.588105,""lon"":127.082427,""alt"":100},""endLLA"":{""lat"":37.596919,""lon"":127.084854,""alt"":15},""targetSpeed"":30,""seq"":11}","{""phase"":""J"",""startLLA"":{""lat"":37.596919,""lon"":127.084854,""alt"":15},""endLLA"":{""lat"":37.596919,""lon"":127.084854,""alt"":0},""targetSpeed"":10,""seq"":12}","{""phase"":""K"",""startLLA"":{""lat"":37.596919,""lon"":127.084854,""alt"":0},""endLLA"":{""lat"":37.596919,""lon"":127.084854,""alt"":0},""targetSpeed"":3,""seq"":13}",,,,,,,,
b4a2894cba5c,2026-06-20,FPL0812002,UAM0065,a2,2,2,1,사당,사당,광화문,광화문,7,gate-3,fato-1,gate-4,fato-3,07:37:00,07:45:50,07:53:42,08:00:32,08:10:32,530.41,471.89,410,1412.3,20.41,0,ready,사당 > 180고지 > 영등포 > 선유도 17고지 > 성산대교 중간지점 > 홍대입구 > 광화문,20.239,14,"{""phase"":""A"",""startLLA"":{""lat"":37.475767,""lon"":126.982185,""alt"":0},""endLLA"":{""lat"":37.475767,""lon"":126.982185,""alt"":0},""targetSpeed"":3,""seq"":1}","{""phase"":""B"",""startLLA"":{""lat"":37.475767,""lon"":126.982185,""alt"":0},""endLLA"":{""lat"":37.475767,""lon"":126.982185,""alt"":15},""targetSpeed"":10,""seq"":2}","{""phase"":""C"",""startLLA"":{""lat"":37.475767,""lon"":126.982185,""alt"":15},""endLLA"":{""lat"":37.480587,""lon"":126.970158,""alt"":100},""targetSpeed"":36,""seq"":3}","{""phase"":""E"",""startLLA"":{""lat"":37.480587,""lon"":126.970158,""alt"":100},""endLLA"":{""lat"":37.492877,""lon"":126.93949,""alt"":278.55},""targetSpeed"":51.4,""seq"":4}","{""phase"":""E"",""startLLA"":{""lat"":37.492877,""lon"":126.93949,""alt"":278.55},""endLLA"":{""lat"":37.495606,""lon"":126.935739,""alt"":305},""targetSpeed"":51.4,""seq"":5}","{""phase"":""F"",""startLLA"":{""lat"":37.495606,""lon"":126.935739,""alt"":305},""endLLA"":{""lat"":37.515965,""lon"":126.907756,""alt"":305},""targetSpeed"":51.4,""seq"":6}","{""phase"":""F"",""startLLA"":{""lat"":37.515965,""lon"":126.907756,""alt"":305},""endLLA"":{""lat"":37.542307,""lon"":126.90249,""alt"":305},""targetSpeed"":51.4,""seq"":7}","{""phase"":""F"",""startLLA"":{""lat"":37.542307,""lon"":126.90249,""alt"":305},""endLLA"":{""lat"":37.552574,""lon"":126.891431,""alt"":305},""targetSpeed"":51.4,""seq"":8}","{""phase"":""F"",""startLLA"":{""lat"":37.552574,""lon"":126.891431,""alt"":305},""endLLA"":{""lat"":37.556786,""lon"":126.923706,""alt"":305},""targetSpeed"":51.4,""seq"":9}","{""phase"":""F"",""startLLA"":{""lat"":37.556786,""lon"":126.923706,""alt"":305},""endLLA"":{""lat"":37.557137,""lon"":126.925138,""alt"":305},""targetSpeed"":51.4,""seq"":10}","{""phase"":""G"",""startLLA"":{""lat"":37.557137,""lon"":126.925138,""alt"":305},""endLLA"":{""lat"":37.566379,""lon"":126.962865,""alt"":100},""targetSpeed"":36,""seq"":11}","{""phase"":""I"",""startLLA"":{""lat"":37.566379,""lon"":126.962865,""alt"":100},""endLLA"":{""lat"":37.56901,""lon"":126.973604,""alt"":15},""targetSpeed"":30,""seq"":12}","{""phase"":""J"",""startLLA"":{""lat"":37.56901,""lon"":126.973604,""alt"":15},""endLLA"":{""lat"":37.56901,""lon"":126.973604,""alt"":0},""targetSpeed"":10,""seq"":13}","{""phase"":""K"",""startLLA"":{""lat"":37.56901,""lon"":126.973604,""alt"":0},""endLLA"":{""lat"":37.56901,""lon"":126.973604,""alt"":0},""targetSpeed"":3,""seq"":14}",,,,,,,
b4a2894cba5c,2026-06-20,FPL0811003,UAM0033,a2,2,2,1,사당,사당,천호,천호,7,gate-7,fato-2,gate-5,fato-4,07:41:51,07:50:34,07:57:56,08:06:16,08:16:16,523,442.54,500,1465.54,13,9.13,ready,사당 > 경부고속도로 양재천 다리 > 대치교 > 청담대교 중간지점 > 잠실대교 중간지점 > 천호,18.2608,13,"{""phase"":""A"",""startLLA"":{""lat"":37.475767,""lon"":126.982185,""alt"":0},""endLLA"":{""lat"":37.475767,""lon"":126.982185,""alt"":0},""targetSpeed"":3,""seq"":1}","{""phase"":""B"",""startLLA"":{""lat"":37.475767,""lon"":126.982185,""alt"":0},""endLLA"":{""lat"":37.475767,""lon"":126.982185,""alt"":15},""targetSpeed"":10,""seq"":2}","{""phase"":""C"",""startLLA"":{""lat"":37.475767,""lon"":126.982185,""alt"":15},""endLLA"":{""lat"":37.474631,""lon"":126.995751,""alt"":100},""targetSpeed"":36,""seq"":3}","{""phase"":""E"",""startLLA"":{""lat"":37.474631,""lon"":126.995751,""alt"":100},""endLLA"":{""lat"":37.471593,""lon"":127.032031,""alt"":287.26},""targetSpeed"":51.4,""seq"":4}","{""phase"":""E"",""startLLA"":{""lat"":37.471593,""lon"":127.032031,""alt"":287.26},""endLLA"":{""lat"":37.473289,""lon"":127.034748,""alt"":305},""targetSpeed"":51.4,""seq"":5}","{""phase"":""F"",""startLLA"":{""lat"":37.473289,""lon"":127.034748,""alt"":305},""endLLA"":{""lat"":37.497702,""lon"":127.073855,""alt"":305},""targetSpeed"":51.4,""seq"":6}","{""phase"":""F"",""startLLA"":{""lat"":37.497702,""lon"":127.073855,""alt"":305},""endLLA"":{""lat"":37.526451,""lon"":127.064361,""alt"":305},""targetSpeed"":51.4,""seq"":7}","{""phase"":""F"",""startLLA"":{""lat"":37.526451,""lon"":127.064361,""alt"":305},""endLLA"":{""lat"":37.525291,""lon"":127.078991,""alt"":305},""targetSpeed"":51.4,""seq"":8}","{""phase"":""G"",""startLLA"":{""lat"":37.525291,""lon"":127.078991,""alt"":305},""endLLA"":{""lat"":37.524288,""lon"":127.091639,""alt"":239.8},""targetSpeed"":36,""seq"":9}","{""phase"":""G"",""startLLA"":{""lat"":37.524288,""lon"":127.091639,""alt"":239.8},""endLLA"":{""lat"":37.539418,""lon"":127.111105,""alt"":100},""targetSpeed"":36,""seq"":10}","{""phase"":""I"",""startLLA"":{""lat"":37.539418,""lon"":127.111105,""alt"":100},""endLLA"":{""lat"":37.545733,""lon"":127.11923,""alt"":15},""targetSpeed"":30,""seq"":11}","{""phase"":""J"",""startLLA"":{""lat"":37.545733,""lon"":127.11923,""alt"":15},""endLLA"":{""lat"":37.545733,""lon"":127.11923,""alt"":0},""targetSpeed"":10,""seq"":12}","{""phase"":""K"",""startLLA"":{""lat"":37.545733,""lon"":127.11923,""alt"":0},""endLLA"":{""lat"":37.545733,""lon"":127.11923,""alt"":0},""targetSpeed"":3,""seq"":13}",,,,,,,,
b4a2894cba5c,2026-06-20,FPL0803002,UAM0066,a2,2,2,1,사당,사당,상암,상암,7,gate-2,fato-1,gate-4,fato-3,07:43:01,07:51:50,07:58:41,08:05:31,08:15:31,529.41,411.52,410,1350.93,49.41,71.34,ready,사당 > 180고지 > 영등포 > 선유도 17고지 > 상암,13.4688,12,"{""phase"":""A"",""startLLA"":{""lat"":37.475767,""lon"":126.982185,""alt"":0},""endLLA"":{""lat"":37.475767,""lon"":126.982185,""alt"":0},""targetSpeed"":3,""seq"":1}","{""phase"":""B"",""startLLA"":{""lat"":37.475767,""lon"":126.982185,""alt"":0},""endLLA"":{""lat"":37.475767,""lon"":126.982185,""alt"":15},""targetSpeed"":10,""seq"":2}","{""phase"":""C"",""startLLA"":{""lat"":37.475767,""lon"":126.982185,""alt"":15},""endLLA"":{""lat"":37.480647,""lon"":126.970008,""alt"":100},""targetSpeed"":36,""seq"":3}","{""phase"":""E"",""startLLA"":{""lat"":37.480647,""lon"":126.970008,""alt"":100},""endLLA"":{""lat"":37.492877,""lon"":126.93949,""alt"":275.49},""targetSpeed"":51.4,""seq"":4}","{""phase"":""E"",""startLLA"":{""lat"":37.492877,""lon"":126.93949,""alt"":275.49},""endLLA"":{""lat"":37.495961,""lon"":126.935252,""alt"":305},""targetSpeed"":51.4,""seq"":5}","{""phase"":""F"",""startLLA"":{""lat"":37.495961,""lon"":126.935252,""alt"":305},""endLLA"":{""lat"":37.515965,""lon"":126.907756,""alt"":305},""targetSpeed"":51.4,""seq"":6}","{""phase"":""F"",""startLLA"":{""lat"":37.515965,""lon"":126.907756,""alt"":305},""endLLA"":{""lat"":37.524062,""lon"":126.906137,""alt"":305},""targetSpeed"":51.4,""seq"":7}","{""phase"":""G"",""startLLA"":{""lat"":37.524062,""lon"":126.906137,""alt"":305},""endLLA"":{""lat"":37.542307,""lon"":126.90249,""alt"":185.51},""targetSpeed"":36,""seq"":8}","{""phase"":""G"",""startLLA"":{""lat"":37.542307,""lon"":126.90249,""alt"":185.51},""endLLA"":{""lat"":37.55418,""lon"":126.895159,""alt"":100},""targetSpeed"":36,""seq"":9}","{""phase"":""I"",""startLLA"":{""lat"":37.55418,""lon"":126.895159,""alt"":100},""endLLA"":{""lat"":37.562282,""lon"":126.890156,""alt"":15},""targetSpeed"":30,""seq"":10}","{""phase"":""J"",""startLLA"":{""lat"":37.562282,""lon"":126.890156,""alt"":15},""endLLA"":{""lat"":37.562282,""lon"":126.890156,""alt"":0},""targetSpeed"":10,""seq"":11}","{""phase"":""K"",""startLLA"":{""lat"":37.562282,""lon"":126.890156,""alt"":0},""endLLA"":{""lat"":37.562282,""lon"":126.890156,""alt"":0},""targetSpeed"":3,""seq"":12}",,,,,,,,,
b4a2894cba5c,2026-06-20,FPL0815002,UAM0087,a8,8,4,0.5,사당,사당,마곡,마곡,7,gate-4,fato-1,gate-5,fato-3,07:58:25,08:07:46,08:18:31,08:26:51,08:36:51,561.65,644.84,500,1706.49,21.65,148.12,ready,사당 > 180고지 > 영등포 > 목동교 > 염창교 > 가양대교 남단 > 마곡,21.5149,14,"{""phase"":""A"",""startLLA"":{""lat"":37.475767,""lon"":126.982185,""alt"":0},""endLLA"":{""lat"":37.475767,""lon"":126.982185,""alt"":0},""targetSpeed"":3,""seq"":1}","{""phase"":""B"",""startLLA"":{""lat"":37.475767,""lon"":126.982185,""alt"":0},""endLLA"":{""lat"":37.475767,""lon"":126.982185,""alt"":15},""targetSpeed"":10,""seq"":2}","{""phase"":""C"",""startLLA"":{""lat"":37.475767,""lon"":126.982185,""alt"":15},""endLLA"":{""lat"":37.480646,""lon"":126.97001,""alt"":100},""targetSpeed"":36,""seq"":3}","{""phase"":""E"",""startLLA"":{""lat"":37.480646,""lon"":126.97001,""alt"":100},""endLLA"":{""lat"":37.492877,""lon"":126.93949,""alt"":275.53},""targetSpeed"":51.4,""seq"":4}","{""phase"":""E"",""startLLA"":{""lat"":37.492877,""lon"":126.93949,""alt"":275.53},""endLLA"":{""lat"":37.495955,""lon"":126.935259,""alt"":305},""targetSpeed"":51.4,""seq"":5}","{""phase"":""F"",""startLLA"":{""lat"":37.495955,""lon"":126.935259,""alt"":305},""endLLA"":{""lat"":37.515965,""lon"":126.907756,""alt"":305},""targetSpeed"":51.4,""seq"":6}","{""phase"":""F"",""startLLA"":{""lat"":37.515965,""lon"":126.907756,""alt"":305},""endLLA"":{""lat"":37.530667,""lon"":126.888262,""alt"":305},""targetSpeed"":51.4,""seq"":7}","{""phase"":""F"",""startLLA"":{""lat"":37.530667,""lon"":126.888262,""alt"":305},""endLLA"":{""lat"":37.553824,""lon"":126.875819,""alt"":305},""targetSpeed"":51.4,""seq"":8}","{""phase"":""F"",""startLLA"":{""lat"":37.553824,""lon"":126.875819,""alt"":305},""endLLA"":{""lat"":37.569391,""lon"":126.861026,""alt"":305},""targetSpeed"":51.4,""seq"":9}","{""phase"":""F"",""startLLA"":{""lat"":37.569391,""lon"":126.861026,""alt"":305},""endLLA"":{""lat"":37.567855,""lon"":126.842869,""alt"":305},""targetSpeed"":51.4,""seq"":10}","{""phase"":""G"",""startLLA"":{""lat"":37.567855,""lon"":126.842869,""alt"":305},""endLLA"":{""lat"":37.564492,""lon"":126.803119,""alt"":100},""targetSpeed"":36,""seq"":11}","{""phase"":""I"",""startLLA"":{""lat"":37.564492,""lon"":126.803119,""alt"":100},""endLLA"":{""lat"":37.563535,""lon"":126.791805,""alt"":15},""targetSpeed"":30,""seq"":12}","{""phase"":""J"",""startLLA"":{""lat"":37.563535,""lon"":126.791805,""alt"":15},""endLLA"":{""lat"":37.563535,""lon"":126.791805,""alt"":0},""targetSpeed"":10,""seq"":13}","{""phase"":""K"",""startLLA"":{""lat"":37.563535,""lon"":126.791805,""alt"":0},""endLLA"":{""lat"":37.563535,""lon"":126.791805,""alt"":0},""targetSpeed"":3,""seq"":14}",,,,,,,
b4a2894cba5c,2026-06-20,FPL0805004,UAM0057,a2,2,2,1,사당,사당,목동,목동,8,gate-8,fato-1,gate-3,fato-4,08:04:06,08:13:50,08:18:43,08:26:03,08:36:03,584.41,292.84,440,1317.25,44.41,0,ready,사당 > 180고지 > 영등포 > 목동,11.0358,11,"{""phase"":""A"",""startLLA"":{""lat"":37.475767,""lon"":126.982185,""alt"":0},""endLLA"":{""lat"":37.475767,""lon"":126.982185,""alt"":0},""targetSpeed"":3,""seq"":1}","{""phase"":""B"",""startLLA"":{""lat"":37.475767,""lon"":126.982185,""alt"":0},""endLLA"":{""lat"":37.475767,""lon"":126.982185,""alt"":15},""targetSpeed"":10,""seq"":2}","{""phase"":""C"",""startLLA"":{""lat"":37.475767,""lon"":126.982185,""alt"":15},""endLLA"":{""lat"":37.480648,""lon"":126.970006,""alt"":100},""targetSpeed"":36,""seq"":3}","{""phase"":""E"",""startLLA"":{""lat"":37.480648,""lon"":126.970006,""alt"":100},""endLLA"":{""lat"":37.492877,""lon"":126.93949,""alt"":275.46},""targetSpeed"":51.4,""seq"":4}","{""phase"":""E"",""startLLA"":{""lat"":37.492877,""lon"":126.93949,""alt"":275.46},""endLLA"":{""lat"":37.495964,""lon"":126.935246,""alt"":305},""targetSpeed"":51.4,""seq"":5}","{""phase"":""F"",""startLLA"":{""lat"":37.495964,""lon"":126.935246,""alt"":305},""endLLA"":{""lat"":37.506735,""lon"":126.920442,""alt"":305},""targetSpeed"":51.4,""seq"":6}","{""phase"":""G"",""startLLA"":{""lat"":37.506735,""lon"":126.920442,""alt"":305},""endLLA"":{""lat"":37.515965,""lon"":126.907756,""alt"":216.68},""targetSpeed"":36,""seq"":7}","{""phase"":""G"",""startLLA"":{""lat"":37.515965,""lon"":126.907756,""alt"":216.68},""endLLA"":{""lat"":37.522883,""lon"":126.886749,""alt"":100},""targetSpeed"":36,""seq"":8}","{""phase"":""I"",""startLLA"":{""lat"":37.522883,""lon"":126.886749,""alt"":100},""endLLA"":{""lat"":37.526343,""lon"":126.876243,""alt"":15},""targetSpeed"":30,""seq"":9}","{""phase"":""J"",""startLLA"":{""lat"":37.526343,""lon"":126.876243,""alt"":15},""endLLA"":{""lat"":37.526343,""lon"":126.876243,""alt"":0},""targetSpeed"":10,""seq"":10}","{""phase"":""K"",""startLLA"":{""lat"":37.526343,""lon"":126.876243,""alt"":0},""endLLA"":{""lat"":37.526343,""lon"":126.876243,""alt"":0},""targetSpeed"":3,""seq"":11}",,,,,,,,,,
b4a2894cba5c,2026-06-20,FPL0816004,UAM0062,a6,6,6,1,사당,사당,망우,망우,8,gate-3,fato-2,gate-3,fato-3,08:05:37,08:14:30,08:22:34,08:29:54,08:39:54,533.41,484.48,440,1457.89,23.41,7.84,ready,사당 > 경부고속도로 양재천 다리 > 대치교 > 청담대교 중간지점 > 건대입구 > 망우,20.4833,13,"{""phase"":""A"",""startLLA"":{""lat"":37.475767,""lon"":126.982185,""alt"":0},""endLLA"":{""lat"":37.475767,""lon"":126.982185,""alt"":0},""targetSpeed"":3,""seq"":1}","{""phase"":""B"",""startLLA"":{""lat"":37.475767,""lon"":126.982185,""alt"":0},""endLLA"":{""lat"":37.475767,""lon"":126.982185,""alt"":15},""targetSpeed"":10,""seq"":2}","{""phase"":""C"",""startLLA"":{""lat"":37.475767,""lon"":126.982185,""alt"":15},""endLLA"":{""lat"":37.474631,""lon"":126.99575,""alt"":100},""targetSpeed"":36,""seq"":3}","{""phase"":""E"",""startLLA"":{""lat"":37.474631,""lon"":126.99575,""alt"":100},""endLLA"":{""lat"":37.471593,""lon"":127.032031,""alt"":287.28},""targetSpeed"":51.4,""seq"":4}","{""phase"":""E"",""startLLA"":{""lat"":37.471593,""lon"":127.032031,""alt"":287.28},""endLLA"":{""lat"":37.473287,""lon"":127.034744,""alt"":305},""targetSpeed"":51.4,""seq"":5}","{""phase"":""F"",""startLLA"":{""lat"":37.473287,""lon"":127.034744,""alt"":305},""endLLA"":{""lat"":37.497702,""lon"":127.073855,""alt"":305},""targetSpeed"":51.4,""seq"":6}","{""phase"":""F"",""startLLA"":{""lat"":37.497702,""lon"":127.073855,""alt"":305},""endLLA"":{""lat"":37.526451,""lon"":127.064361,""alt"":305},""targetSpeed"":51.4,""seq"":7}","{""phase"":""F"",""startLLA"":{""lat"":37.526451,""lon"":127.064361,""alt"":305},""endLLA"":{""lat"":37.540426,""lon"":127.069298,""alt"":305},""targetSpeed"":51.4,""seq"":8}","{""phase"":""F"",""startLLA"":{""lat"":37.540426,""lon"":127.069298,""alt"":305},""endLLA"":{""lat"":37.557141,""lon"":127.073901,""alt"":305},""targetSpeed"":51.4,""seq"":9}","{""phase"":""G"",""startLLA"":{""lat"":37.557141,""lon"":127.073901,""alt"":305},""endLLA"":{""lat"":37.588105,""lon"":127.082427,""alt"":100},""targetSpeed"":36,""seq"":10}","{""phase"":""I"",""startLLA"":{""lat"":37.588105,""lon"":127.082427,""alt"":100},""endLLA"":{""lat"":37.596919,""lon"":127.084854,""alt"":15},""targetSpeed"":30,""seq"":11}","{""phase"":""J"",""startLLA"":{""lat"":37.596919,""lon"":127.084854,""alt"":15},""endLLA"":{""lat"":37.596919,""lon"":127.084854,""alt"":0},""targetSpeed"":10,""seq"":12}","{""phase"":""K"",""startLLA"":{""lat"":37.596919,""lon"":127.084854,""alt"":0},""endLLA"":{""lat"":37.596919,""lon"":127.084854,""alt"":0},""targetSpeed"":3,""seq"":13}",,,,,,,,
b4a2894cba5c,2026-06-20,FPL0817002,UAM0042,a2,2,2,1,사당,사당,수서,수서,8,gate-7,fato-1,gate-1,fato-3,08:09:26,08:19:50,08:28:44,08:37:04,08:47:04,624.41,533.6,500,1658.01,114.41,246.73,ready,사당 > 경부고속도로 양재천 다리 > 수서,10.7285,10,"{""phase"":""A"",""startLLA"":{""lat"":37.475767,""lon"":126.982185,""alt"":0},""endLLA"":{""lat"":37.475767,""lon"":126.982185,""alt"":0},""targetSpeed"":3,""seq"":1}","{""phase"":""B"",""startLLA"":{""lat"":37.475767,""lon"":126.982185,""alt"":0},""endLLA"":{""lat"":37.475767,""lon"":126.982185,""alt"":15},""targetSpeed"":10,""seq"":2}","{""phase"":""C"",""startLLA"":{""lat"":37.475767,""lon"":126.982185,""alt"":15},""endLLA"":{""lat"":37.47463,""lon"":126.995757,""alt"":100},""targetSpeed"":36,""seq"":3}","{""phase"":""E"",""startLLA"":{""lat"":37.47463,""lon"":126.995757,""alt"":100},""endLLA"":{""lat"":37.471593,""lon"":127.032031,""alt"":287.14},""targetSpeed"":51.4,""seq"":4}","{""phase"":""E"",""startLLA"":{""lat"":37.471593,""lon"":127.032031,""alt"":287.14},""endLLA"":{""lat"":37.472365,""lon"":127.035373,""alt"":305},""targetSpeed"":51.4,""seq"":5}","{""phase"":""F"",""startLLA"":{""lat"":37.472365,""lon"":127.035373,""alt"":305},""endLLA"":{""lat"":37.476051,""lon"":127.051318,""alt"":305},""targetSpeed"":51.4,""seq"":6}","{""phase"":""G"",""startLLA"":{""lat"":37.476051,""lon"":127.051318,""alt"":305},""endLLA"":{""lat"":37.484917,""lon"":127.089683,""alt"":100},""targetSpeed"":36,""seq"":7}","{""phase"":""I"",""startLLA"":{""lat"":37.484917,""lon"":127.089683,""alt"":100},""endLLA"":{""lat"":37.487441,""lon"":127.100603,""alt"":15},""targetSpeed"":30,""seq"":8}","{""phase"":""J"",""startLLA"":{""lat"":37.487441,""lon"":127.100603,""alt"":15},""endLLA"":{""lat"":37.487441,""lon"":127.100603,""alt"":0},""targetSpeed"":10,""seq"":9}","{""phase"":""K"",""startLLA"":{""lat"":37.487441,""lon"":127.100603,""alt"":0},""endLLA"":{""lat"":37.487441,""lon"":127.100603,""alt"":0},""targetSpeed"":3,""seq"":10}",,,,,,,,,,,
b4a2894cba5c,2026-06-20,FPL0817003,UAM0018,a2,2,2,1,사당,사당,수서,수서,8,gate-2,fato-2,gate-5,fato-4,08:10:57,08:20:30,08:30:39,08:38:59,08:48:59,573.41,609.36,500,1682.77,93.41,322.49,ready,사당 > 경부고속도로 양재천 다리 > 수서,10.7285,10,"{""phase"":""A"",""startLLA"":{""lat"":37.475767,""lon"":126.982185,""alt"":0},""endLLA"":{""lat"":37.475767,""lon"":126.982185,""alt"":0},""targetSpeed"":3,""seq"":1}","{""phase"":""B"",""startLLA"":{""lat"":37.475767,""lon"":126.982185,""alt"":0},""endLLA"":{""lat"":37.475767,""lon"":126.982185,""alt"":15},""targetSpeed"":10,""seq"":2}","{""phase"":""C"",""startLLA"":{""lat"":37.475767,""lon"":126.982185,""alt"":15},""endLLA"":{""lat"":37.47463,""lon"":126.995757,""alt"":100},""targetSpeed"":36,""seq"":3}","{""phase"":""E"",""startLLA"":{""lat"":37.47463,""lon"":126.995757,""alt"":100},""endLLA"":{""lat"":37.471593,""lon"":127.032031,""alt"":287.14},""targetSpeed"":51.4,""seq"":4}","{""phase"":""E"",""startLLA"":{""lat"":37.471593,""lon"":127.032031,""alt"":287.14},""endLLA"":{""lat"":37.472365,""lon"":127.035373,""alt"":305},""targetSpeed"":51.4,""seq"":5}","{""phase"":""F"",""startLLA"":{""lat"":37.472365,""lon"":127.035373,""alt"":305},""endLLA"":{""lat"":37.476051,""lon"":127.051318,""alt"":305},""targetSpeed"":51.4,""seq"":6}","{""phase"":""G"",""startLLA"":{""lat"":37.476051,""lon"":127.051318,""alt"":305},""endLLA"":{""lat"":37.484917,""lon"":127.089683,""alt"":100},""targetSpeed"":36,""seq"":7}","{""phase"":""I"",""startLLA"":{""lat"":37.484917,""lon"":127.089683,""alt"":100},""endLLA"":{""lat"":37.487441,""lon"":127.100603,""alt"":15},""targetSpeed"":30,""seq"":8}","{""phase"":""J"",""startLLA"":{""lat"":37.487441,""lon"":127.100603,""alt"":15},""endLLA"":{""lat"":37.487441,""lon"":127.100603,""alt"":0},""targetSpeed"":10,""seq"":9}","{""phase"":""K"",""startLLA"":{""lat"":37.487441,""lon"":127.100603,""alt"":0},""endLLA"":{""lat"":37.487441,""lon"":127.100603,""alt"":0},""targetSpeed"":3,""seq"":10}",,,,,,,,,,,
b4a2894cba5c,2026-06-20,FPL0805005,UAM0104,a8,8,6,0.75,사당,사당,목동,목동,8,gate-4,fato-1,gate-1,fato-3,08:16:01,08:25:50,08:30:43,08:39:03,08:49:03,589.41,292.84,500,1382.25,49.41,0,ready,사당 > 180고지 > 영등포 > 목동,11.0358,11,"{""phase"":""A"",""startLLA"":{""lat"":37.475767,""lon"":126.982185,""alt"":0},""endLLA"":{""lat"":37.475767,""lon"":126.982185,""alt"":0},""targetSpeed"":3,""seq"":1}","{""phase"":""B"",""startLLA"":{""lat"":37.475767,""lon"":126.982185,""alt"":0},""endLLA"":{""lat"":37.475767,""lon"":126.982185,""alt"":15},""targetSpeed"":10,""seq"":2}","{""phase"":""C"",""startLLA"":{""lat"":37.475767,""lon"":126.982185,""alt"":15},""endLLA"":{""lat"":37.480648,""lon"":126.970006,""alt"":100},""targetSpeed"":36,""seq"":3}","{""phase"":""E"",""startLLA"":{""lat"":37.480648,""lon"":126.970006,""alt"":100},""endLLA"":{""lat"":37.492877,""lon"":126.93949,""alt"":275.46},""targetSpeed"":51.4,""seq"":4}","{""phase"":""E"",""startLLA"":{""lat"":37.492877,""lon"":126.93949,""alt"":275.46},""endLLA"":{""lat"":37.495964,""lon"":126.935246,""alt"":305},""targetSpeed"":51.4,""seq"":5}","{""phase"":""F"",""startLLA"":{""lat"":37.495964,""lon"":126.935246,""alt"":305},""endLLA"":{""lat"":37.506735,""lon"":126.920442,""alt"":305},""targetSpeed"":51.4,""seq"":6}","{""phase"":""G"",""startLLA"":{""lat"":37.506735,""lon"":126.920442,""alt"":305},""endLLA"":{""lat"":37.515965,""lon"":126.907756,""alt"":216.68},""targetSpeed"":36,""seq"":7}","{""phase"":""G"",""startLLA"":{""lat"":37.515965,""lon"":126.907756,""alt"":216.68},""endLLA"":{""lat"":37.522883,""lon"":126.886749,""alt"":100},""targetSpeed"":36,""seq"":8}","{""phase"":""I"",""startLLA"":{""lat"":37.522883,""lon"":126.886749,""alt"":100},""endLLA"":{""lat"":37.526343,""lon"":126.876243,""alt"":15},""targetSpeed"":30,""seq"":9}","{""phase"":""J"",""startLLA"":{""lat"":37.526343,""lon"":126.876243,""alt"":15},""endLLA"":{""lat"":37.526343,""lon"":126.876243,""alt"":0},""targetSpeed"":10,""seq"":10}","{""phase"":""K"",""startLLA"":{""lat"":37.526343,""lon"":126.876243,""alt"":0},""endLLA"":{""lat"":37.526343,""lon"":126.876243,""alt"":0},""targetSpeed"":3,""seq"":11}",,,,,,,,,,
b4a2894cba5c,2026-06-20,FPL0803003,UAM0020,a4,4,4,1,사당,사당,상암,상암,8,gate-8,fato-1,gate-7,fato-3,08:24:25,08:33:48,08:41:22,08:48:42,08:58:42,563.72,453.73,440,1457.45,23.72,113.55,ready,사당 > 180고지 > 영등포 > 선유도 17고지 > 상암,13.4688,12,"{""phase"":""A"",""startLLA"":{""lat"":37.475767,""lon"":126.982185,""alt"":0},""endLLA"":{""lat"":37.475767,""lon"":126.982185,""alt"":0},""targetSpeed"":3,""seq"":1}","{""phase"":""B"",""startLLA"":{""lat"":37.475767,""lon"":126.982185,""alt"":0},""endLLA"":{""lat"":37.475767,""lon"":126.982185,""alt"":15},""targetSpeed"":10,""seq"":2}","{""phase"":""C"",""startLLA"":{""lat"":37.475767,""lon"":126.982185,""alt"":15},""endLLA"":{""lat"":37.480647,""lon"":126.970008,""alt"":100},""targetSpeed"":36,""seq"":3}","{""phase"":""E"",""startLLA"":{""lat"":37.480647,""lon"":126.970008,""alt"":100},""endLLA"":{""lat"":37.492877,""lon"":126.93949,""alt"":275.49},""targetSpeed"":51.4,""seq"":4}","{""phase"":""E"",""startLLA"":{""lat"":37.492877,""lon"":126.93949,""alt"":275.49},""endLLA"":{""lat"":37.495961,""lon"":126.935252,""alt"":305},""targetSpeed"":51.4,""seq"":5}","{""phase"":""F"",""startLLA"":{""lat"":37.495961,""lon"":126.935252,""alt"":305},""endLLA"":{""lat"":37.515965,""lon"":126.907756,""alt"":305},""targetSpeed"":51.4,""seq"":6}","{""phase"":""F"",""startLLA"":{""lat"":37.515965,""lon"":126.907756,""alt"":305},""endLLA"":{""lat"":37.524062,""lon"":126.906137,""alt"":305},""targetSpeed"":51.4,""seq"":7}","{""phase"":""G"",""startLLA"":{""lat"":37.524062,""lon"":126.906137,""alt"":305},""endLLA"":{""lat"":37.542307,""lon"":126.90249,""alt"":185.51},""targetSpeed"":36,""seq"":8}","{""phase"":""G"",""startLLA"":{""lat"":37.542307,""lon"":126.90249,""alt"":185.51},""endLLA"":{""lat"":37.55418,""lon"":126.895159,""alt"":100},""targetSpeed"":36,""seq"":9}","{""phase"":""I"",""startLLA"":{""lat"":37.55418,""lon"":126.895159,""alt"":100},""endLLA"":{""lat"":37.562282,""lon"":126.890156,""alt"":15},""targetSpeed"":30,""seq"":10}","{""phase"":""J"",""startLLA"":{""lat"":37.562282,""lon"":126.890156,""alt"":15},""endLLA"":{""lat"":37.562282,""lon"":126.890156,""alt"":0},""targetSpeed"":10,""seq"":11}","{""phase"":""K"",""startLLA"":{""lat"":37.562282,""lon"":126.890156,""alt"":0},""endLLA"":{""lat"":37.562282,""lon"":126.890156,""alt"":0},""targetSpeed"":3,""seq"":12}",,,,,,,,,
b4a2894cba5c,2026-06-20,FPL0812003,UAM0037,a6,6,5,0.8333,사당,사당,광화문,광화문,8,gate-3,fato-2,gate-8,fato-3,08:25:42,08:35:22,08:43:14,08:50:04,09:00:04,580.89,471.89,410,1462.79,70.89,0,ready,사당 > 180고지 > 영등포 > 선유도 17고지 > 성산대교 중간지점 > 홍대입구 > 광화문,20.239,14,"{""phase"":""A"",""startLLA"":{""lat"":37.475767,""lon"":126.982185,""alt"":0},""endLLA"":{""lat"":37.475767,""lon"":126.982185,""alt"":0},""targetSpeed"":3,""seq"":1}","{""phase"":""B"",""startLLA"":{""lat"":37.475767,""lon"":126.982185,""alt"":0},""endLLA"":{""lat"":37.475767,""lon"":126.982185,""alt"":15},""targetSpeed"":10,""seq"":2}","{""phase"":""C"",""startLLA"":{""lat"":37.475767,""lon"":126.982185,""alt"":15},""endLLA"":{""lat"":37.480587,""lon"":126.970158,""alt"":100},""targetSpeed"":36,""seq"":3}","{""phase"":""E"",""startLLA"":{""lat"":37.480587,""lon"":126.970158,""alt"":100},""endLLA"":{""lat"":37.492877,""lon"":126.93949,""alt"":278.55},""targetSpeed"":51.4,""seq"":4}","{""phase"":""E"",""startLLA"":{""lat"":37.492877,""lon"":126.93949,""alt"":278.55},""endLLA"":{""lat"":37.495606,""lon"":126.935739,""alt"":305},""targetSpeed"":51.4,""seq"":5}","{""phase"":""F"",""startLLA"":{""lat"":37.495606,""lon"":126.935739,""alt"":305},""endLLA"":{""lat"":37.515965,""lon"":126.907756,""alt"":305},""targetSpeed"":51.4,""seq"":6}","{""phase"":""F"",""startLLA"":{""lat"":37.515965,""lon"":126.907756,""alt"":305},""endLLA"":{""lat"":37.542307,""lon"":126.90249,""alt"":305},""targetSpeed"":51.4,""seq"":7}","{""phase"":""F"",""startLLA"":{""lat"":37.542307,""lon"":126.90249,""alt"":305},""endLLA"":{""lat"":37.552574,""lon"":126.891431,""alt"":305},""targetSpeed"":51.4,""seq"":8}","{""phase"":""F"",""startLLA"":{""lat"":37.552574,""lon"":126.891431,""alt"":305},""endLLA"":{""lat"":37.556786,""lon"":126.923706,""alt"":305},""targetSpeed"":51.4,""seq"":9}","{""phase"":""F"",""startLLA"":{""lat"":37.556786,""lon"":126.923706,""alt"":305},""endLLA"":{""lat"":37.557137,""lon"":126.925138,""alt"":305},""targetSpeed"":51.4,""seq"":10}","{""phase"":""G"",""startLLA"":{""lat"":37.557137,""lon"":126.925138,""alt"":305},""endLLA"":{""lat"":37.566379,""lon"":126.962865,""alt"":100},""targetSpeed"":36,""seq"":11}","{""phase"":""I"",""startLLA"":{""lat"":37.566379,""lon"":126.962865,""alt"":100},""endLLA"":{""lat"":37.56901,""lon"":126.973604,""alt"":15},""targetSpeed"":30,""seq"":12}","{""phase"":""J"",""startLLA"":{""lat"":37.56901,""lon"":126.973604,""alt"":15},""endLLA"":{""lat"":37.56901,""lon"":126.973604,""alt"":0},""targetSpeed"":10,""seq"":13}","{""phase"":""K"",""startLLA"":{""lat"":37.56901,""lon"":126.973604,""alt"":0},""endLLA"":{""lat"":37.56901,""lon"":126.973604,""alt"":0},""targetSpeed"":3,""seq"":14}",,,,,,,
b4a2894cba5c,2026-06-20,FPL0815003,UAM0007,a8,8,5,0.625,사당,사당,마곡,마곡,8,gate-6,fato-1,gate-8,fato-4,08:30:15,08:39:48,08:55:26,09:02:16,09:12:16,573.72,937.91,410,1921.63,93.72,424.63,ready,사당 > 180고지 > 영등포 > 목동교 > 염창교 > 가양대교 남단 > 마곡,21.5149,14,"{""phase"":""A"",""startLLA"":{""lat"":37.475767,""lon"":126.982185,""alt"":0},""endLLA"":{""lat"":37.475767,""lon"":126.982185,""alt"":0},""targetSpeed"":3,""seq"":1}","{""phase"":""B"",""startLLA"":{""lat"":37.475767,""lon"":126.982185,""alt"":0},""endLLA"":{""lat"":37.475767,""lon"":126.982185,""alt"":15},""targetSpeed"":10,""seq"":2}","{""phase"":""C"",""startLLA"":{""lat"":37.475767,""lon"":126.982185,""alt"":15},""endLLA"":{""lat"":37.480646,""lon"":126.97001,""alt"":100},""targetSpeed"":36,""seq"":3}","{""phase"":""E"",""startLLA"":{""lat"":37.480646,""lon"":126.97001,""alt"":100},""endLLA"":{""lat"":37.492877,""lon"":126.93949,""alt"":275.53},""targetSpeed"":51.4,""seq"":4}","{""phase"":""E"",""startLLA"":{""lat"":37.492877,""lon"":126.93949,""alt"":275.53},""endLLA"":{""lat"":37.495955,""lon"":126.935259,""alt"":305},""targetSpeed"":51.4,""seq"":5}","{""phase"":""F"",""startLLA"":{""lat"":37.495955,""lon"":126.935259,""alt"":305},""endLLA"":{""lat"":37.515965,""lon"":126.907756,""alt"":305},""targetSpeed"":51.4,""seq"":6}","{""phase"":""F"",""startLLA"":{""lat"":37.515965,""lon"":126.907756,""alt"":305},""endLLA"":{""lat"":37.530667,""lon"":126.888262,""alt"":305},""targetSpeed"":51.4,""seq"":7}","{""phase"":""F"",""startLLA"":{""lat"":37.530667,""lon"":126.888262,""alt"":305},""endLLA"":{""lat"":37.553824,""lon"":126.875819,""alt"":305},""targetSpeed"":51.4,""seq"":8}","{""phase"":""F"",""startLLA"":{""lat"":37.553824,""lon"":126.875819,""alt"":305},""endLLA"":{""lat"":37.569391,""lon"":126.861026,""alt"":305},""targetSpeed"":51.4,""seq"":9}","{""phase"":""F"",""startLLA"":{""lat"":37.569391,""lon"":126.861026,""alt"":305},""endLLA"":{""lat"":37.567855,""lon"":126.842869,""alt"":305},""targetSpeed"":51.4,""seq"":10}","{""phase"":""G"",""startLLA"":{""lat"":37.567855,""lon"":126.842869,""alt"":305},""endLLA"":{""lat"":37.564492,""lon"":126.803119,""alt"":100},""targetSpeed"":36,""seq"":11}","{""phase"":""I"",""startLLA"":{""lat"":37.564492,""lon"":126.803119,""alt"":100},""endLLA"":{""lat"":37.563535,""lon"":126.791805,""alt"":15},""targetSpeed"":30,""seq"":12}","{""phase"":""J"",""startLLA"":{""lat"":37.563535,""lon"":126.791805,""alt"":15},""endLLA"":{""lat"":37.563535,""lon"":126.791805,""alt"":0},""targetSpeed"":10,""seq"":13}","{""phase"":""K"",""startLLA"":{""lat"":37.563535,""lon"":126.791805,""alt"":0},""endLLA"":{""lat"":37.563535,""lon"":126.791805,""alt"":0},""targetSpeed"":3,""seq"":14}",,,,,,,
b4a2894cba5c,2026-06-20,FPL0811004,UAM0045,a6,6,3,0.5,사당,사당,천호,천호,8,gate-4,fato-2,gate-8,fato-3,08:35:59,08:44:59,08:52:12,08:59:02,09:09:02,540,433.41,410,1383.41,0,0,ready,사당 > 경부고속도로 양재천 다리 > 대치교 > 청담대교 중간지점 > 잠실대교 중간지점 > 천호,18.2608,13,"{""phase"":""A"",""startLLA"":{""lat"":37.475767,""lon"":126.982185,""alt"":0},""endLLA"":{""lat"":37.475767,""lon"":126.982185,""alt"":0},""targetSpeed"":3,""seq"":1}","{""phase"":""B"",""startLLA"":{""lat"":37.475767,""lon"":126.982185,""alt"":0},""endLLA"":{""lat"":37.475767,""lon"":126.982185,""alt"":15},""targetSpeed"":10,""seq"":2}","{""phase"":""C"",""startLLA"":{""lat"":37.475767,""lon"":126.982185,""alt"":15},""endLLA"":{""lat"":37.474631,""lon"":126.995751,""alt"":100},""targetSpeed"":36,""seq"":3}","{""phase"":""E"",""startLLA"":{""lat"":37.474631,""lon"":126.995751,""alt"":100},""endLLA"":{""lat"":37.471593,""lon"":127.032031,""alt"":287.26},""targetSpeed"":51.4,""seq"":4}","{""phase"":""E"",""startLLA"":{""lat"":37.471593,""lon"":127.032031,""alt"":287.26},""endLLA"":{""lat"":37.473289,""lon"":127.034748,""alt"":305},""targetSpeed"":51.4,""seq"":5}","{""phase"":""F"",""startLLA"":{""lat"":37.473289,""lon"":127.034748,""alt"":305},""endLLA"":{""lat"":37.497702,""lon"":127.073855,""alt"":305},""targetSpeed"":51.4,""seq"":6}","{""phase"":""F"",""startLLA"":{""lat"":37.497702,""lon"":127.073855,""alt"":305},""endLLA"":{""lat"":37.526451,""lon"":127.064361,""alt"":305},""targetSpeed"":51.4,""seq"":7}","{""phase"":""F"",""startLLA"":{""lat"":37.526451,""lon"":127.064361,""alt"":305},""endLLA"":{""lat"":37.525291,""lon"":127.078991,""alt"":305},""targetSpeed"":51.4,""seq"":8}","{""phase"":""G"",""startLLA"":{""lat"":37.525291,""lon"":127.078991,""alt"":305},""endLLA"":{""lat"":37.524288,""lon"":127.091639,""alt"":239.8},""targetSpeed"":36,""seq"":9}","{""phase"":""G"",""startLLA"":{""lat"":37.524288,""lon"":127.091639,""alt"":239.8},""endLLA"":{""lat"":37.539418,""lon"":127.111105,""alt"":100},""targetSpeed"":36,""seq"":10}","{""phase"":""I"",""startLLA"":{""lat"":37.539418,""lon"":127.111105,""alt"":100},""endLLA"":{""lat"":37.545733,""lon"":127.11923,""alt"":15},""targetSpeed"":30,""seq"":11}","{""phase"":""J"",""startLLA"":{""lat"":37.545733,""lon"":127.11923,""alt"":15},""endLLA"":{""lat"":37.545733,""lon"":127.11923,""alt"":0},""targetSpeed"":10,""seq"":12}","{""phase"":""K"",""startLLA"":{""lat"":37.545733,""lon"":127.11923,""alt"":0},""endLLA"":{""lat"":37.545733,""lon"":127.11923,""alt"":0},""targetSpeed"":3,""seq"":13}",,,,,,,,
b4a2894cba5c,2026-06-20,FPL0806001,UAM0024,a8,8,2,0.25,사당,사당,미아,미아,8,gate-7,fato-1,gate-2,fato-3,08:38:03,08:46:33,08:56:41,09:04:31,09:14:31,510,608.5,470,1588.5,0,0,ready,사당 > 경부고속도로 양재천 다리 > 대치교 > 청담대교 중간지점 > 건대입구 > 중랑천 제방길 > 상봉 > 월릉교 > 미아,27.2607,16,"{""phase"":""A"",""startLLA"":{""lat"":37.475767,""lon"":126.982185,""alt"":0},""endLLA"":{""lat"":37.475767,""lon"":126.982185,""alt"":0},""targetSpeed"":3,""seq"":1}","{""phase"":""B"",""startLLA"":{""lat"":37.475767,""lon"":126.982185,""alt"":0},""endLLA"":{""lat"":37.475767,""lon"":126.982185,""alt"":15},""targetSpeed"":10,""seq"":2}","{""phase"":""C"",""startLLA"":{""lat"":37.475767,""lon"":126.982185,""alt"":15},""endLLA"":{""lat"":37.474631,""lon"":126.995747,""alt"":100},""targetSpeed"":36,""seq"":3}","{""phase"":""E"",""startLLA"":{""lat"":37.474631,""lon"":126.995747,""alt"":100},""endLLA"":{""lat"":37.471593,""lon"":127.032031,""alt"":287.34},""targetSpeed"":51.4,""seq"":4}","{""phase"":""E"",""startLLA"":{""lat"":37.471593,""lon"":127.032031,""alt"":287.34},""endLLA"":{""lat"":37.47328,""lon"":127.034734,""alt"":305},""targetSpeed"":51.4,""seq"":5}","{""phase"":""F"",""startLLA"":{""lat"":37.47328,""lon"":127.034734,""alt"":305},""endLLA"":{""lat"":37.497702,""lon"":127.073855,""alt"":305},""targetSpeed"":51.4,""seq"":6}","{""phase"":""F"",""startLLA"":{""lat"":37.497702,""lon"":127.073855,""alt"":305},""endLLA"":{""lat"":37.526451,""lon"":127.064361,""alt"":305},""targetSpeed"":51.4,""seq"":7}","{""phase"":""F"",""startLLA"":{""lat"":37.526451,""lon"":127.064361,""alt"":305},""endLLA"":{""lat"":37.540426,""lon"":127.069298,""alt"":305},""targetSpeed"":51.4,""seq"":8}","{""phase"":""F"",""startLLA"":{""lat"":37.540426,""lon"":127.069298,""alt"":305},""endLLA"":{""lat"":37.580774,""lon"":127.077387,""alt"":305},""targetSpeed"":51.4,""seq"":9}","{""phase"":""F"",""startLLA"":{""lat"":37.580774,""lon"":127.077387,""alt"":305},""endLLA"":{""lat"":37.596919,""lon"":127.084854,""alt"":305},""targetSpeed"":51.4,""seq"":10}","{""phase"":""F"",""startLLA"":{""lat"":37.596919,""lon"":127.084854,""alt"":305},""endLLA"":{""lat"":37.614356,""lon"":127.072723,""alt"":305},""targetSpeed"":51.4,""seq"":11}","{""phase"":""G"",""startLLA"":{""lat"":37.614356,""lon"":127.072723,""alt"":305},""endLLA"":{""lat"":37.616266,""lon"":127.071394,""alt"":290.89},""targetSpeed"":36,""seq"":12}","{""phase"":""G"",""startLLA"":{""lat"":37.616266,""lon"":127.071394,""alt"":290.89},""endLLA"":{""lat"":37.626943,""lon"":127.036668,""alt"":100},""targetSpeed"":36,""seq"":13}","{""phase"":""I"",""startLLA"":{""lat"":37.626943,""lon"":127.036668,""alt"":100},""endLLA"":{""lat"":37.630207,""lon"":127.026053,""alt"":15},""targetSpeed"":30,""seq"":14}","{""phase"":""J"",""startLLA"":{""lat"":37.630207,""lon"":127.026053,""alt"":15},""endLLA"":{""lat"":37.630207,""lon"":127.026053,""alt"":0},""targetSpeed"":10,""seq"":15}","{""phase"":""K"",""startLLA"":{""lat"":37.630207,""lon"":127.026053,""alt"":0},""endLLA"":{""lat"":37.630207,""lon"":127.026053,""alt"":0},""targetSpeed"":3,""seq"":16}",,,,,
b4a2894cba5c,2026-06-20,FPL0810002,UAM0027,a4,4,2,0.5,사당,사당,연신내,연신내,8,gate-4,fato-1,gate-4,fato-3,08:57:17,09:06:17,09:14:14,09:21:04,09:31:04,540,477.34,410,1427.34,0,0,ready,사당 > 180고지 > 영등포 > 선유도 17고지 > 성산대교 중간지점 > 수색교 > 연신내,20.5191,14,"{""phase"":""A"",""startLLA"":{""lat"":37.475767,""lon"":126.982185,""alt"":0},""endLLA"":{""lat"":37.475767,""lon"":126.982185,""alt"":0},""targetSpeed"":3,""seq"":1}","{""phase"":""B"",""startLLA"":{""lat"":37.475767,""lon"":126.982185,""alt"":0},""endLLA"":{""lat"":37.475767,""lon"":126.982185,""alt"":15},""targetSpeed"":10,""seq"":2}","{""phase"":""C"",""startLLA"":{""lat"":37.475767,""lon"":126.982185,""alt"":15},""endLLA"":{""lat"":37.480646,""lon"":126.97001,""alt"":100},""targetSpeed"":36,""seq"":3}","{""phase"":""E"",""startLLA"":{""lat"":37.480646,""lon"":126.97001,""alt"":100},""endLLA"":{""lat"":37.492877,""lon"":126.93949,""alt"":275.53},""targetSpeed"":51.4,""seq"":4}","{""phase"":""E"",""startLLA"":{""lat"":37.492877,""lon"":126.93949,""alt"":275.53},""endLLA"":{""lat"":37.495955,""lon"":126.935259,""alt"":305},""targetSpeed"":51.4,""seq"":5}","{""phase"":""F"",""startLLA"":{""lat"":37.495955,""lon"":126.935259,""alt"":305},""endLLA"":{""lat"":37.515965,""lon"":126.907756,""alt"":305},""targetSpeed"":51.4,""seq"":6}","{""phase"":""F"",""startLLA"":{""lat"":37.515965,""lon"":126.907756,""alt"":305},""endLLA"":{""lat"":37.542307,""lon"":126.90249,""alt"":305},""targetSpeed"":51.4,""seq"":7}","{""phase"":""F"",""startLLA"":{""lat"":37.542307,""lon"":126.90249,""alt"":305},""endLLA"":{""lat"":37.552574,""lon"":126.891431,""alt"":305},""targetSpeed"":51.4,""seq"":8}","{""phase"":""F"",""startLLA"":{""lat"":37.552574,""lon"":126.891431,""alt"":305},""endLLA"":{""lat"":37.583699,""lon"":126.886697,""alt"":305},""targetSpeed"":51.4,""seq"":9}","{""phase"":""G"",""startLLA"":{""lat"":37.583699,""lon"":126.886697,""alt"":305},""endLLA"":{""lat"":37.586283,""lon"":126.886304,""alt"":288.16},""targetSpeed"":36,""seq"":10}","{""phase"":""G"",""startLLA"":{""lat"":37.586283,""lon"":126.886304,""alt"":288.16},""endLLA"":{""lat"":37.60526,""lon"":126.914121,""alt"":100},""targetSpeed"":36,""seq"":11}","{""phase"":""I"",""startLLA"":{""lat"":37.60526,""lon"":126.914121,""alt"":100},""endLLA"":{""lat"":37.611145,""lon"":126.922747,""alt"":15},""targetSpeed"":30,""seq"":12}","{""phase"":""J"",""startLLA"":{""lat"":37.611145,""lon"":126.922747,""alt"":15},""endLLA"":{""lat"":37.611145,""lon"":126.922747,""alt"":0},""targetSpeed"":10,""seq"":13}","{""phase"":""K"",""startLLA"":{""lat"":37.611145,""lon"":126.922747,""alt"":0},""endLLA"":{""lat"":37.611145,""lon"":126.922747,""alt"":0},""targetSpeed"":3,""seq"":14}",,,,,,,
b4a2894cba5c,2026-06-20,FPL0817004,UAM0125,a6,6,1,0.1667,사당,사당,수서,수서,8,gate-8,fato-2,gate-4,fato-3,08:57:57,09:06:57,09:11:43,09:18:33,09:28:33,540,286.87,410,1236.87,0,0,ready,사당 > 경부고속도로 양재천 다리 > 수서,10.7285,10,"{""phase"":""A"",""startLLA"":{""lat"":37.475767,""lon"":126.982185,""alt"":0},""endLLA"":{""lat"":37.475767,""lon"":126.982185,""alt"":0},""targetSpeed"":3,""seq"":1}","{""phase"":""B"",""startLLA"":{""lat"":37.475767,""lon"":126.982185,""alt"":0},""endLLA"":{""lat"":37.475767,""lon"":126.982185,""alt"":15},""targetSpeed"":10,""seq"":2}","{""phase"":""C"",""startLLA"":{""lat"":37.475767,""lon"":126.982185,""alt"":15},""endLLA"":{""lat"":37.47463,""lon"":126.995757,""alt"":100},""targetSpeed"":36,""seq"":3}","{""phase"":""E"",""startLLA"":{""lat"":37.47463,""lon"":126.995757,""alt"":100},""endLLA"":{""lat"":37.471593,""lon"":127.032031,""alt"":287.14},""targetSpeed"":51.4,""seq"":4}","{""phase"":""E"",""startLLA"":{""lat"":37.471593,""lon"":127.032031,""alt"":287.14},""endLLA"":{""lat"":37.472365,""lon"":127.035373,""alt"":305},""targetSpeed"":51.4,""seq"":5}","{""phase"":""F"",""startLLA"":{""lat"":37.472365,""lon"":127.035373,""alt"":305},""endLLA"":{""lat"":37.476051,""lon"":127.051318,""alt"":305},""targetSpeed"":51.4,""seq"":6}","{""phase"":""G"",""startLLA"":{""lat"":37.476051,""lon"":127.051318,""alt"":305},""endLLA"":{""lat"":37.484917,""lon"":127.089683,""alt"":100},""targetSpeed"":36,""seq"":7}","{""phase"":""I"",""startLLA"":{""lat"":37.484917,""lon"":127.089683,""alt"":100},""endLLA"":{""lat"":37.487441,""lon"":127.100603,""alt"":15},""targetSpeed"":30,""seq"":8}","{""phase"":""J"",""startLLA"":{""lat"":37.487441,""lon"":127.100603,""alt"":15},""endLLA"":{""lat"":37.487441,""lon"":127.100603,""alt"":0},""targetSpeed"":10,""seq"":9}","{""phase"":""K"",""startLLA"":{""lat"":37.487441,""lon"":127.100603,""alt"":0},""endLLA"":{""lat"":37.487441,""lon"":127.100603,""alt"":0},""targetSpeed"":3,""seq"":10}",,,,,,,,,,,
b4a2894cba5c,2026-06-20,FPL0817005,UAM0067,a4,4,4,1,사당,사당,수서,수서,9,gate-3,fato-1,gate-7,fato-4,09:02:37,09:12:17,09:20:19,09:27:39,09:37:39,580,482.77,440,1502.77,70,195.9,ready,사당 > 경부고속도로 양재천 다리 > 수서,10.7285,10,"{""phase"":""A"",""startLLA"":{""lat"":37.475767,""lon"":126.982185,""alt"":0},""endLLA"":{""lat"":37.475767,""lon"":126.982185,""alt"":0},""targetSpeed"":3,""seq"":1}","{""phase"":""B"",""startLLA"":{""lat"":37.475767,""lon"":126.982185,""alt"":0},""endLLA"":{""lat"":37.475767,""lon"":126.982185,""alt"":15},""targetSpeed"":10,""seq"":2}","{""phase"":""C"",""startLLA"":{""lat"":37.475767,""lon"":126.982185,""alt"":15},""endLLA"":{""lat"":37.47463,""lon"":126.995757,""alt"":100},""targetSpeed"":36,""seq"":3}","{""phase"":""E"",""startLLA"":{""lat"":37.47463,""lon"":126.995757,""alt"":100},""endLLA"":{""lat"":37.471593,""lon"":127.032031,""alt"":287.14},""targetSpeed"":51.4,""seq"":4}","{""phase"":""E"",""startLLA"":{""lat"":37.471593,""lon"":127.032031,""alt"":287.14},""endLLA"":{""lat"":37.472365,""lon"":127.035373,""alt"":305},""targetSpeed"":51.4,""seq"":5}","{""phase"":""F"",""startLLA"":{""lat"":37.472365,""lon"":127.035373,""alt"":305},""endLLA"":{""lat"":37.476051,""lon"":127.051318,""alt"":305},""targetSpeed"":51.4,""seq"":6}","{""phase"":""G"",""startLLA"":{""lat"":37.476051,""lon"":127.051318,""alt"":305},""endLLA"":{""lat"":37.484917,""lon"":127.089683,""alt"":100},""targetSpeed"":36,""seq"":7}","{""phase"":""I"",""startLLA"":{""lat"":37.484917,""lon"":127.089683,""alt"":100},""endLLA"":{""lat"":37.487441,""lon"":127.100603,""alt"":15},""targetSpeed"":30,""seq"":8}","{""phase"":""J"",""startLLA"":{""lat"":37.487441,""lon"":127.100603,""alt"":15},""endLLA"":{""lat"":37.487441,""lon"":127.100603,""alt"":0},""targetSpeed"":10,""seq"":9}","{""phase"":""K"",""startLLA"":{""lat"":37.487441,""lon"":127.100603,""alt"":0},""endLLA"":{""lat"":37.487441,""lon"":127.100603,""alt"":0},""targetSpeed"":3,""seq"":10}",,,,,,,,,,,
b4a2894cba5c,2026-06-20,FPL0811005,UAM0068,a4,4,4,1,사당,사당,천호,천호,9,gate-7,fato-1,gate-5,fato-4,09:11:51,09:20:21,09:32:22,09:40:42,09:50:42,510,721.68,500,1731.68,0,288.27,ready,사당 > 경부고속도로 양재천 다리 > 대치교 > 청담대교 중간지점 > 잠실대교 중간지점 > 천호,18.2608,13,"{""phase"":""A"",""startLLA"":{""lat"":37.475767,""lon"":126.982185,""alt"":0},""endLLA"":{""lat"":37.475767,""lon"":126.982185,""alt"":0},""targetSpeed"":3,""seq"":1}","{""phase"":""B"",""startLLA"":{""lat"":37.475767,""lon"":126.982185,""alt"":0},""endLLA"":{""lat"":37.475767,""lon"":126.982185,""alt"":15},""targetSpeed"":10,""seq"":2}","{""phase"":""C"",""startLLA"":{""lat"":37.475767,""lon"":126.982185,""alt"":15},""endLLA"":{""lat"":37.474631,""lon"":126.995751,""alt"":100},""targetSpeed"":36,""seq"":3}","{""phase"":""E"",""startLLA"":{""lat"":37.474631,""lon"":126.995751,""alt"":100},""endLLA"":{""lat"":37.471593,""lon"":127.032031,""alt"":287.26},""targetSpeed"":51.4,""seq"":4}","{""phase"":""E"",""startLLA"":{""lat"":37.471593,""lon"":127.032031,""alt"":287.26},""endLLA"":{""lat"":37.473289,""lon"":127.034748,""alt"":305},""targetSpeed"":51.4,""seq"":5}","{""phase"":""F"",""startLLA"":{""lat"":37.473289,""lon"":127.034748,""alt"":305},""endLLA"":{""lat"":37.497702,""lon"":127.073855,""alt"":305},""targetSpeed"":51.4,""seq"":6}","{""phase"":""F"",""startLLA"":{""lat"":37.497702,""lon"":127.073855,""alt"":305},""endLLA"":{""lat"":37.526451,""lon"":127.064361,""alt"":305},""targetSpeed"":51.4,""seq"":7}","{""phase"":""F"",""startLLA"":{""lat"":37.526451,""lon"":127.064361,""alt"":305},""endLLA"":{""lat"":37.525291,""lon"":127.078991,""alt"":305},""targetSpeed"":51.4,""seq"":8}","{""phase"":""G"",""startLLA"":{""lat"":37.525291,""lon"":127.078991,""alt"":305},""endLLA"":{""lat"":37.524288,""lon"":127.091639,""alt"":239.8},""targetSpeed"":36,""seq"":9}","{""phase"":""G"",""startLLA"":{""lat"":37.524288,""lon"":127.091639,""alt"":239.8},""endLLA"":{""lat"":37.539418,""lon"":127.111105,""alt"":100},""targetSpeed"":36,""seq"":10}","{""phase"":""I"",""startLLA"":{""lat"":37.539418,""lon"":127.111105,""alt"":100},""endLLA"":{""lat"":37.545733,""lon"":127.11923,""alt"":15},""targetSpeed"":30,""seq"":11}","{""phase"":""J"",""startLLA"":{""lat"":37.545733,""lon"":127.11923,""alt"":15},""endLLA"":{""lat"":37.545733,""lon"":127.11923,""alt"":0},""targetSpeed"":10,""seq"":12}","{""phase"":""K"",""startLLA"":{""lat"":37.545733,""lon"":127.11923,""alt"":0},""endLLA"":{""lat"":37.545733,""lon"":127.11923,""alt"":0},""targetSpeed"":3,""seq"":13}",,,,,,,,
b4a2894cba5c,2026-06-20,FPL0805006,UAM0087,a8,8,7,0.875,사당,사당,목동,목동,9,gate-4,fato-1,gate-5,fato-3,09:22:29,09:31:29,09:37:37,09:45:57,09:55:57,540,368.56,500,1408.56,0,75.72,ready,사당 > 180고지 > 영등포 > 목동,11.0358,11,"{""phase"":""A"",""startLLA"":{""lat"":37.475767,""lon"":126.982185,""alt"":0},""endLLA"":{""lat"":37.475767,""lon"":126.982185,""alt"":0},""targetSpeed"":3,""seq"":1}","{""phase"":""B"",""startLLA"":{""lat"":37.475767,""lon"":126.982185,""alt"":0},""endLLA"":{""lat"":37.475767,""lon"":126.982185,""alt"":15},""targetSpeed"":10,""seq"":2}","{""phase"":""C"",""startLLA"":{""lat"":37.475767,""lon"":126.982185,""alt"":15},""endLLA"":{""lat"":37.480648,""lon"":126.970006,""alt"":100},""targetSpeed"":36,""seq"":3}","{""phase"":""E"",""startLLA"":{""lat"":37.480648,""lon"":126.970006,""alt"":100},""endLLA"":{""lat"":37.492877,""lon"":126.93949,""alt"":275.46},""targetSpeed"":51.4,""seq"":4}","{""phase"":""E"",""startLLA"":{""lat"":37.492877,""lon"":126.93949,""alt"":275.46},""endLLA"":{""lat"":37.495964,""lon"":126.935246,""alt"":305},""targetSpeed"":51.4,""seq"":5}","{""phase"":""F"",""startLLA"":{""lat"":37.495964,""lon"":126.935246,""alt"":305},""endLLA"":{""lat"":37.506735,""lon"":126.920442,""alt"":305},""targetSpeed"":51.4,""seq"":6}","{""phase"":""G"",""startLLA"":{""lat"":37.506735,""lon"":126.920442,""alt"":305},""endLLA"":{""lat"":37.515965,""lon"":126.907756,""alt"":216.68},""targetSpeed"":36,""seq"":7}","{""phase"":""G"",""startLLA"":{""lat"":37.515965,""lon"":126.907756,""alt"":216.68},""endLLA"":{""lat"":37.522883,""lon"":126.886749,""alt"":100},""targetSpeed"":36,""seq"":8}","{""phase"":""I"",""startLLA"":{""lat"":37.522883,""lon"":126.886749,""alt"":100},""endLLA"":{""lat"":37.526343,""lon"":126.876243,""alt"":15},""targetSpeed"":30,""seq"":9}","{""phase"":""J"",""startLLA"":{""lat"":37.526343,""lon"":126.876243,""alt"":15},""endLLA"":{""lat"":37.526343,""lon"":126.876243,""alt"":0},""targetSpeed"":10,""seq"":10}","{""phase"":""K"",""startLLA"":{""lat"":37.526343,""lon"":126.876243,""alt"":0},""endLLA"":{""lat"":37.526343,""lon"":126.876243,""alt"":0},""targetSpeed"":3,""seq"":11}",,,,,,,,,,
b4a2894cba5c,2026-06-20,FPL0815004,UAM0119,a8,8,6,0.75,사당,사당,마곡,마곡,9,gate-8,fato-2,gate-5,fato-3,09:23:09,09:32:09,10:15:08,10:23:28,10:33:28,540,2579,500,3619,0,870,ready,사당 > 180고지 > 영등포 > 목동교 > 염창교 > 가양대교 남단 > 마곡,21.5149,14,"{""phase"":""A"",""startLLA"":{""lat"":37.475767,""lon"":126.982185,""alt"":0},""endLLA"":{""lat"":37.475767,""lon"":126.982185,""alt"":0},""targetSpeed"":3,""seq"":1}","{""phase"":""B"",""startLLA"":{""lat"":37.475767,""lon"":126.982185,""alt"":0},""endLLA"":{""lat"":37.475767,""lon"":126.982185,""alt"":15},""targetSpeed"":10,""seq"":2}","{""phase"":""C"",""startLLA"":{""lat"":37.475767,""lon"":126.982185,""alt"":15},""endLLA"":{""lat"":37.480646,""lon"":126.97001,""alt"":100},""targetSpeed"":36,""seq"":3}","{""phase"":""E"",""startLLA"":{""lat"":37.480646,""lon"":126.97001,""alt"":100},""endLLA"":{""lat"":37.492877,""lon"":126.93949,""alt"":275.53},""targetSpeed"":51.4,""seq"":4}","{""phase"":""E"",""startLLA"":{""lat"":37.492877,""lon"":126.93949,""alt"":275.53},""endLLA"":{""lat"":37.495955,""lon"":126.935259,""alt"":305},""targetSpeed"":51.4,""seq"":5}","{""phase"":""F"",""startLLA"":{""lat"":37.495955,""lon"":126.935259,""alt"":305},""endLLA"":{""lat"":37.515965,""lon"":126.907756,""alt"":305},""targetSpeed"":51.4,""seq"":6}","{""phase"":""F"",""startLLA"":{""lat"":37.515965,""lon"":126.907756,""alt"":305},""endLLA"":{""lat"":37.530667,""lon"":126.888262,""alt"":305},""targetSpeed"":51.4,""seq"":7}","{""phase"":""F"",""startLLA"":{""lat"":37.530667,""lon"":126.888262,""alt"":305},""endLLA"":{""lat"":37.553824,""lon"":126.875819,""alt"":305},""targetSpeed"":51.4,""seq"":8}","{""phase"":""F"",""startLLA"":{""lat"":37.553824,""lon"":126.875819,""alt"":305},""endLLA"":{""lat"":37.569391,""lon"":126.861026,""alt"":305},""targetSpeed"":51.4,""seq"":9}","{""phase"":""F"",""startLLA"":{""lat"":37.569391,""lon"":126.861026,""alt"":305},""endLLA"":{""lat"":37.567855,""lon"":126.842869,""alt"":305},""targetSpeed"":51.4,""seq"":10}","{""phase"":""G"",""startLLA"":{""lat"":37.567855,""lon"":126.842869,""alt"":305},""endLLA"":{""lat"":37.564492,""lon"":126.803119,""alt"":100},""targetSpeed"":36,""seq"":11}","{""phase"":""I"",""startLLA"":{""lat"":37.564492,""lon"":126.803119,""alt"":100},""endLLA"":{""lat"":37.563535,""lon"":126.791805,""alt"":15},""targetSpeed"":30,""seq"":12}","{""phase"":""J"",""startLLA"":{""lat"":37.563535,""lon"":126.791805,""alt"":15},""endLLA"":{""lat"":37.563535,""lon"":126.791805,""alt"":0},""targetSpeed"":10,""seq"":13}","{""phase"":""K"",""startLLA"":{""lat"":37.563535,""lon"":126.791805,""alt"":0},""endLLA"":{""lat"":37.563535,""lon"":126.791805,""alt"":0},""targetSpeed"":3,""seq"":14}",,,,,,,
b4a2894cba5c,2026-06-20,FPL0803004,UAM0065,a2,2,2,1,사당,사당,상암,상암,9,gate-3,fato-1,gate-4,fato-3,09:27:49,09:37:29,09:43:09,09:49:59,09:59:59,580,340.18,410,1330.18,70,0,ready,사당 > 180고지 > 영등포 > 선유도 17고지 > 상암,13.4688,12,"{""phase"":""A"",""startLLA"":{""lat"":37.475767,""lon"":126.982185,""alt"":0},""endLLA"":{""lat"":37.475767,""lon"":126.982185,""alt"":0},""targetSpeed"":3,""seq"":1}","{""phase"":""B"",""startLLA"":{""lat"":37.475767,""lon"":126.982185,""alt"":0},""endLLA"":{""lat"":37.475767,""lon"":126.982185,""alt"":15},""targetSpeed"":10,""seq"":2}","{""phase"":""C"",""startLLA"":{""lat"":37.475767,""lon"":126.982185,""alt"":15},""endLLA"":{""lat"":37.480647,""lon"":126.970008,""alt"":100},""targetSpeed"":36,""seq"":3}","{""phase"":""E"",""startLLA"":{""lat"":37.480647,""lon"":126.970008,""alt"":100},""endLLA"":{""lat"":37.492877,""lon"":126.93949,""alt"":275.49},""targetSpeed"":51.4,""seq"":4}","{""phase"":""E"",""startLLA"":{""lat"":37.492877,""lon"":126.93949,""alt"":275.49},""endLLA"":{""lat"":37.495961,""lon"":126.935252,""alt"":305},""targetSpeed"":51.4,""seq"":5}","{""phase"":""F"",""startLLA"":{""lat"":37.495961,""lon"":126.935252,""alt"":305},""endLLA"":{""lat"":37.515965,""lon"":126.907756,""alt"":305},""targetSpeed"":51.4,""seq"":6}","{""phase"":""F"",""startLLA"":{""lat"":37.515965,""lon"":126.907756,""alt"":305},""endLLA"":{""lat"":37.524062,""lon"":126.906137,""alt"":305},""targetSpeed"":51.4,""seq"":7}","{""phase"":""G"",""startLLA"":{""lat"":37.524062,""lon"":126.906137,""alt"":305},""endLLA"":{""lat"":37.542307,""lon"":126.90249,""alt"":185.51},""targetSpeed"":36,""seq"":8}","{""phase"":""G"",""startLLA"":{""lat"":37.542307,""lon"":126.90249,""alt"":185.51},""endLLA"":{""lat"":37.55418,""lon"":126.895159,""alt"":100},""targetSpeed"":36,""seq"":9}","{""phase"":""I"",""startLLA"":{""lat"":37.55418,""lon"":126.895159,""alt"":100},""endLLA"":{""lat"":37.562282,""lon"":126.890156,""alt"":15},""targetSpeed"":30,""seq"":10}","{""phase"":""J"",""startLLA"":{""lat"":37.562282,""lon"":126.890156,""alt"":15},""endLLA"":{""lat"":37.562282,""lon"":126.890156,""alt"":0},""targetSpeed"":10,""seq"":11}","{""phase"":""K"",""startLLA"":{""lat"":37.562282,""lon"":126.890156,""alt"":0},""endLLA"":{""lat"":37.562282,""lon"":126.890156,""alt"":0},""targetSpeed"":3,""seq"":12}",,,,,,,,,
b4a2894cba5c,2026-06-20,FPL0812004,UAM0072,a8,8,4,0.5,사당,사당,광화문,광화문,9,gate-2,fato-2,gate-4,fato-3,09:28:59,09:38:09,09:46:00,09:52:50,10:02:50,550,471.89,410,1431.89,70,0,ready,사당 > 180고지 > 영등포 > 선유도 17고지 > 성산대교 중간지점 > 홍대입구 > 광화문,20.239,14,"{""phase"":""A"",""startLLA"":{""lat"":37.475767,""lon"":126.982185,""alt"":0},""endLLA"":{""lat"":37.475767,""lon"":126.982185,""alt"":0},""targetSpeed"":3,""seq"":1}","{""phase"":""B"",""startLLA"":{""lat"":37.475767,""lon"":126.982185,""alt"":0},""endLLA"":{""lat"":37.475767,""lon"":126.982185,""alt"":15},""targetSpeed"":10,""seq"":2}","{""phase"":""C"",""startLLA"":{""lat"":37.475767,""lon"":126.982185,""alt"":15},""endLLA"":{""lat"":37.480587,""lon"":126.970158,""alt"":100},""targetSpeed"":36,""seq"":3}","{""phase"":""E"",""startLLA"":{""lat"":37.480587,""lon"":126.970158,""alt"":100},""endLLA"":{""lat"":37.492877,""lon"":126.93949,""alt"":278.55},""targetSpeed"":51.4,""seq"":4}","{""phase"":""E"",""startLLA"":{""lat"":37.492877,""lon"":126.93949,""alt"":278.55},""endLLA"":{""lat"":37.495606,""lon"":126.935739,""alt"":305},""targetSpeed"":51.4,""seq"":5}","{""phase"":""F"",""startLLA"":{""lat"":37.495606,""lon"":126.935739,""alt"":305},""endLLA"":{""lat"":37.515965,""lon"":126.907756,""alt"":305},""targetSpeed"":51.4,""seq"":6}","{""phase"":""F"",""startLLA"":{""lat"":37.515965,""lon"":126.907756,""alt"":305},""endLLA"":{""lat"":37.542307,""lon"":126.90249,""alt"":305},""targetSpeed"":51.4,""seq"":7}","{""phase"":""F"",""startLLA"":{""lat"":37.542307,""lon"":126.90249,""alt"":305},""endLLA"":{""lat"":37.552574,""lon"":126.891431,""alt"":305},""targetSpeed"":51.4,""seq"":8}","{""phase"":""F"",""startLLA"":{""lat"":37.552574,""lon"":126.891431,""alt"":305},""endLLA"":{""lat"":37.556786,""lon"":126.923706,""alt"":305},""targetSpeed"":51.4,""seq"":9}","{""phase"":""F"",""startLLA"":{""lat"":37.556786,""lon"":126.923706,""alt"":305},""endLLA"":{""lat"":37.557137,""lon"":126.925138,""alt"":305},""targetSpeed"":51.4,""seq"":10}","{""phase"":""G"",""startLLA"":{""lat"":37.557137,""lon"":126.925138,""alt"":305},""endLLA"":{""lat"":37.566379,""lon"":126.962865,""alt"":100},""targetSpeed"":36,""seq"":11}","{""phase"":""I"",""startLLA"":{""lat"":37.566379,""lon"":126.962865,""alt"":100},""endLLA"":{""lat"":37.56901,""lon"":126.973604,""alt"":15},""targetSpeed"":30,""seq"":12}","{""phase"":""J"",""startLLA"":{""lat"":37.56901,""lon"":126.973604,""alt"":15},""endLLA"":{""lat"":37.56901,""lon"":126.973604,""alt"":0},""targetSpeed"":10,""seq"":13}","{""phase"":""K"",""startLLA"":{""lat"":37.56901,""lon"":126.973604,""alt"":0},""endLLA"":{""lat"":37.56901,""lon"":126.973604,""alt"":0},""targetSpeed"":3,""seq"":14}",,,,,,,
b4a2894cba5c,2026-06-20,FPL0803005,UAM0020,a4,4,3,0.75,사당,사당,상암,상암,9,gate-7,fato-1,gate-8,fato-3,09:32:53,09:43:29,09:49:09,09:55:59,10:05:59,636,340.18,410,1386.18,126,0,ready,사당 > 180고지 > 영등포 > 선유도 17고지 > 상암,13.4688,12,"{""phase"":""A"",""startLLA"":{""lat"":37.475767,""lon"":126.982185,""alt"":0},""endLLA"":{""lat"":37.475767,""lon"":126.982185,""alt"":0},""targetSpeed"":3,""seq"":1}","{""phase"":""B"",""startLLA"":{""lat"":37.475767,""lon"":126.982185,""alt"":0},""endLLA"":{""lat"":37.475767,""lon"":126.982185,""alt"":15},""targetSpeed"":10,""seq"":2}","{""phase"":""C"",""startLLA"":{""lat"":37.475767,""lon"":126.982185,""alt"":15},""endLLA"":{""lat"":37.480647,""lon"":126.970008,""alt"":100},""targetSpeed"":36,""seq"":3}","{""phase"":""E"",""startLLA"":{""lat"":37.480647,""lon"":126.970008,""alt"":100},""endLLA"":{""lat"":37.492877,""lon"":126.93949,""alt"":275.49},""targetSpeed"":51.4,""seq"":4}","{""phase"":""E"",""startLLA"":{""lat"":37.492877,""lon"":126.93949,""alt"":275.49},""endLLA"":{""lat"":37.495961,""lon"":126.935252,""alt"":305},""targetSpeed"":51.4,""seq"":5}","{""phase"":""F"",""startLLA"":{""lat"":37.495961,""lon"":126.935252,""alt"":305},""endLLA"":{""lat"":37.515965,""lon"":126.907756,""alt"":305},""targetSpeed"":51.4,""seq"":6}","{""phase"":""F"",""startLLA"":{""lat"":37.515965,""lon"":126.907756,""alt"":305},""endLLA"":{""lat"":37.524062,""lon"":126.906137,""alt"":305},""targetSpeed"":51.4,""seq"":7}","{""phase"":""G"",""startLLA"":{""lat"":37.524062,""lon"":126.906137,""alt"":305},""endLLA"":{""lat"":37.542307,""lon"":126.90249,""alt"":185.51},""targetSpeed"":36,""seq"":8}","{""phase"":""G"",""startLLA"":{""lat"":37.542307,""lon"":126.90249,""alt"":185.51},""endLLA"":{""lat"":37.55418,""lon"":126.895159,""alt"":100},""targetSpeed"":36,""seq"":9}","{""phase"":""I"",""startLLA"":{""lat"":37.55418,""lon"":126.895159,""alt"":100},""endLLA"":{""lat"":37.562282,""lon"":126.890156,""alt"":15},""targetSpeed"":30,""seq"":10}","{""phase"":""J"",""startLLA"":{""lat"":37.562282,""lon"":126.890156,""alt"":15},""endLLA"":{""lat"":37.562282,""lon"":126.890156,""alt"":0},""targetSpeed"":10,""seq"":11}","{""phase"":""K"",""startLLA"":{""lat"":37.562282,""lon"":126.890156,""alt"":0},""endLLA"":{""lat"":37.562282,""lon"":126.890156,""alt"":0},""targetSpeed"":3,""seq"":12}",,,,,,,,,
b4a2894cba5c,2026-06-20,FPL0810003,UAM0022,a6,6,3,0.5,사당,사당,연신내,연신내,9,gate-4,fato-1,gate-6,fato-4,09:41:21,09:50:21,09:59:15,10:07:05,10:17:05,540,534.09,470,1544.09,0,56.75,ready,사당 > 180고지 > 영등포 > 선유도 17고지 > 성산대교 중간지점 > 수색교 > 연신내,20.5191,14,"{""phase"":""A"",""startLLA"":{""lat"":37.475767,""lon"":126.982185,""alt"":0},""endLLA"":{""lat"":37.475767,""lon"":126.982185,""alt"":0},""targetSpeed"":3,""seq"":1}","{""phase"":""B"",""startLLA"":{""lat"":37.475767,""lon"":126.982185,""alt"":0},""endLLA"":{""lat"":37.475767,""lon"":126.982185,""alt"":15},""targetSpeed"":10,""seq"":2}","{""phase"":""C"",""startLLA"":{""lat"":37.475767,""lon"":126.982185,""alt"":15},""endLLA"":{""lat"":37.480646,""lon"":126.97001,""alt"":100},""targetSpeed"":36,""seq"":3}","{""phase"":""E"",""startLLA"":{""lat"":37.480646,""lon"":126.97001,""alt"":100},""endLLA"":{""lat"":37.492877,""lon"":126.93949,""alt"":275.53},""targetSpeed"":51.4,""seq"":4}","{""phase"":""E"",""startLLA"":{""lat"":37.492877,""lon"":126.93949,""alt"":275.53},""endLLA"":{""lat"":37.495955,""lon"":126.935259,""alt"":305},""targetSpeed"":51.4,""seq"":5}","{""phase"":""F"",""startLLA"":{""lat"":37.495955,""lon"":126.935259,""alt"":305},""endLLA"":{""lat"":37.515965,""lon"":126.907756,""alt"":305},""targetSpeed"":51.4,""seq"":6}","{""phase"":""F"",""startLLA"":{""lat"":37.515965,""lon"":126.907756,""alt"":305},""endLLA"":{""lat"":37.542307,""lon"":126.90249,""alt"":305},""targetSpeed"":51.4,""seq"":7}","{""phase"":""F"",""startLLA"":{""lat"":37.542307,""lon"":126.90249,""alt"":305},""endLLA"":{""lat"":37.552574,""lon"":126.891431,""alt"":305},""targetSpeed"":51.4,""seq"":8}","{""phase"":""F"",""startLLA"":{""lat"":37.552574,""lon"":126.891431,""alt"":305},""endLLA"":{""lat"":37.583699,""lon"":126.886697,""alt"":305},""targetSpeed"":51.4,""seq"":9}","{""phase"":""G"",""startLLA"":{""lat"":37.583699,""lon"":126.886697,""alt"":305},""endLLA"":{""lat"":37.586283,""lon"":126.886304,""alt"":288.16},""targetSpeed"":36,""seq"":10}","{""phase"":""G"",""startLLA"":{""lat"":37.586283,""lon"":126.886304,""alt"":288.16},""endLLA"":{""lat"":37.60526,""lon"":126.914121,""alt"":100},""targetSpeed"":36,""seq"":11}","{""phase"":""I"",""startLLA"":{""lat"":37.60526,""lon"":126.914121,""alt"":100},""endLLA"":{""lat"":37.611145,""lon"":126.922747,""alt"":15},""targetSpeed"":30,""seq"":12}","{""phase"":""J"",""startLLA"":{""lat"":37.611145,""lon"":126.922747,""alt"":15},""endLLA"":{""lat"":37.611145,""lon"":126.922747,""alt"":0},""targetSpeed"":10,""seq"":13}","{""phase"":""K"",""startLLA"":{""lat"":37.611145,""lon"":126.922747,""alt"":0},""endLLA"":{""lat"":37.611145,""lon"":126.922747,""alt"":0},""targetSpeed"":3,""seq"":14}",,,,,,,
b4a2894cba5c,2026-06-20,FPL0816005,UAM0083,a4,4,2,0.5,사당,사당,망우,망우,9,gate-8,fato-2,gate-4,fato-3,09:43:11,09:52:11,10:00:38,10:07:28,10:17:28,540,507,410,1457,0,0,ready,사당 > 경부고속도로 양재천 다리 > 대치교 > 청담대교 중간지점 > 건대입구 > 망우,20.4833,13,"{""phase"":""A"",""startLLA"":{""lat"":37.475767,""lon"":126.982185,""alt"":0},""endLLA"":{""lat"":37.475767,""lon"":126.982185,""alt"":0},""targetSpeed"":3,""seq"":1}","{""phase"":""B"",""startLLA"":{""lat"":37.475767,""lon"":126.982185,""alt"":0},""endLLA"":{""lat"":37.475767,""lon"":126.982185,""alt"":15},""targetSpeed"":10,""seq"":2}","{""phase"":""C"",""startLLA"":{""lat"":37.475767,""lon"":126.982185,""alt"":15},""endLLA"":{""lat"":37.474631,""lon"":126.99575,""alt"":100},""targetSpeed"":36,""seq"":3}","{""phase"":""E"",""startLLA"":{""lat"":37.474631,""lon"":126.99575,""alt"":100},""endLLA"":{""lat"":37.471593,""lon"":127.032031,""alt"":287.28},""targetSpeed"":51.4,""seq"":4}","{""phase"":""E"",""startLLA"":{""lat"":37.471593,""lon"":127.032031,""alt"":287.28},""endLLA"":{""lat"":37.473287,""lon"":127.034744,""alt"":305},""targetSpeed"":51.4,""seq"":5}","{""phase"":""F"",""startLLA"":{""lat"":37.473287,""lon"":127.034744,""alt"":305},""endLLA"":{""lat"":37.497702,""lon"":127.073855,""alt"":305},""targetSpeed"":51.4,""seq"":6}","{""phase"":""F"",""startLLA"":{""lat"":37.497702,""lon"":127.073855,""alt"":305},""endLLA"":{""lat"":37.526451,""lon"":127.064361,""alt"":305},""targetSpeed"":51.4,""seq"":7}","{""phase"":""F"",""startLLA"":{""lat"":37.526451,""lon"":127.064361,""alt"":305},""endLLA"":{""lat"":37.540426,""lon"":127.069298,""alt"":305},""targetSpeed"":51.4,""seq"":8}","{""phase"":""F"",""startLLA"":{""lat"":37.540426,""lon"":127.069298,""alt"":305},""endLLA"":{""lat"":37.557141,""lon"":127.073901,""alt"":305},""targetSpeed"":51.4,""seq"":9}","{""phase"":""G"",""startLLA"":{""lat"":37.557141,""lon"":127.073901,""alt"":305},""endLLA"":{""lat"":37.588105,""lon"":127.082427,""alt"":100},""targetSpeed"":36,""seq"":10}","{""phase"":""I"",""startLLA"":{""lat"":37.588105,""lon"":127.082427,""alt"":100},""endLLA"":{""lat"":37.596919,""lon"":127.084854,""alt"":15},""targetSpeed"":30,""seq"":11}","{""phase"":""J"",""startLLA"":{""lat"":37.596919,""lon"":127.084854,""alt"":15},""endLLA"":{""lat"":37.596919,""lon"":127.084854,""alt"":0},""targetSpeed"":10,""seq"":12}","{""phase"":""K"",""startLLA"":{""lat"":37.596919,""lon"":127.084854,""alt"":0},""endLLA"":{""lat"":37.596919,""lon"":127.084854,""alt"":0},""targetSpeed"":3,""seq"":13}",,,,,,,,
b4a2894cba5c,2026-06-20,FPL0806002,UAM0046,a6,6,2,0.3333,사당,사당,미아,미아,9,gate-6,fato-1,gate-1,fato-3,09:47:11,09:56:21,10:09:49,10:18:09,10:28:09,550,808.77,500,1858.77,70,200.27,ready,사당 > 경부고속도로 양재천 다리 > 대치교 > 청담대교 중간지점 > 건대입구 > 중랑천 제방길 > 상봉 > 월릉교 > 미아,27.2607,16,"{""phase"":""A"",""startLLA"":{""lat"":37.475767,""lon"":126.982185,""alt"":0},""endLLA"":{""lat"":37.475767,""lon"":126.982185,""alt"":0},""targetSpeed"":3,""seq"":1}","{""phase"":""B"",""startLLA"":{""lat"":37.475767,""lon"":126.982185,""alt"":0},""endLLA"":{""lat"":37.475767,""lon"":126.982185,""alt"":15},""targetSpeed"":10,""seq"":2}","{""phase"":""C"",""startLLA"":{""lat"":37.475767,""lon"":126.982185,""alt"":15},""endLLA"":{""lat"":37.474631,""lon"":126.995747,""alt"":100},""targetSpeed"":36,""seq"":3}","{""phase"":""E"",""startLLA"":{""lat"":37.474631,""lon"":126.995747,""alt"":100},""endLLA"":{""lat"":37.471593,""lon"":127.032031,""alt"":287.34},""targetSpeed"":51.4,""seq"":4}","{""phase"":""E"",""startLLA"":{""lat"":37.471593,""lon"":127.032031,""alt"":287.34},""endLLA"":{""lat"":37.47328,""lon"":127.034734,""alt"":305},""targetSpeed"":51.4,""seq"":5}","{""phase"":""F"",""startLLA"":{""lat"":37.47328,""lon"":127.034734,""alt"":305},""endLLA"":{""lat"":37.497702,""lon"":127.073855,""alt"":305},""targetSpeed"":51.4,""seq"":6}","{""phase"":""F"",""startLLA"":{""lat"":37.497702,""lon"":127.073855,""alt"":305},""endLLA"":{""lat"":37.526451,""lon"":127.064361,""alt"":305},""targetSpeed"":51.4,""seq"":7}","{""phase"":""F"",""startLLA"":{""lat"":37.526451,""lon"":127.064361,""alt"":305},""endLLA"":{""lat"":37.540426,""lon"":127.069298,""alt"":305},""targetSpeed"":51.4,""seq"":8}","{""phase"":""F"",""startLLA"":{""lat"":37.540426,""lon"":127.069298,""alt"":305},""endLLA"":{""lat"":37.580774,""lon"":127.077387,""alt"":305},""targetSpeed"":51.4,""seq"":9}","{""phase"":""F"",""startLLA"":{""lat"":37.580774,""lon"":127.077387,""alt"":305},""endLLA"":{""lat"":37.596919,""lon"":127.084854,""alt"":305},""targetSpeed"":51.4,""seq"":10}","{""phase"":""F"",""startLLA"":{""lat"":37.596919,""lon"":127.084854,""alt"":305},""endLLA"":{""lat"":37.614356,""lon"":127.072723,""alt"":305},""targetSpeed"":51.4,""seq"":11}","{""phase"":""G"",""startLLA"":{""lat"":37.614356,""lon"":127.072723,""alt"":305},""endLLA"":{""lat"":37.616266,""lon"":127.071394,""alt"":290.89},""targetSpeed"":36,""seq"":12}","{""phase"":""G"",""startLLA"":{""lat"":37.616266,""lon"":127.071394,""alt"":290.89},""endLLA"":{""lat"":37.626943,""lon"":127.036668,""alt"":100},""targetSpeed"":36,""seq"":13}","{""phase"":""I"",""startLLA"":{""lat"":37.626943,""lon"":127.036668,""alt"":100},""endLLA"":{""lat"":37.630207,""lon"":127.026053,""alt"":15},""targetSpeed"":30,""seq"":14}","{""phase"":""J"",""startLLA"":{""lat"":37.630207,""lon"":127.026053,""alt"":15},""endLLA"":{""lat"":37.630207,""lon"":127.026053,""alt"":0},""targetSpeed"":10,""seq"":15}","{""phase"":""K"",""startLLA"":{""lat"":37.630207,""lon"":127.026053,""alt"":0},""endLLA"":{""lat"":37.630207,""lon"":127.026053,""alt"":0},""targetSpeed"":3,""seq"":16}",,,,,
b4a2894cba5c,2026-06-20,FPL0811006,UAM0082,a2,2,2,1,사당,사당,천호,천호,9,gate-3,fato-2,gate-3,fato-3,09:48:31,09:58:11,10:05:24,10:12:44,10:22:44,580,433.41,440,1453.41,70,0,ready,사당 > 경부고속도로 양재천 다리 > 대치교 > 청담대교 중간지점 > 잠실대교 중간지점 > 천호,18.2608,13,"{""phase"":""A"",""startLLA"":{""lat"":37.475767,""lon"":126.982185,""alt"":0},""endLLA"":{""lat"":37.475767,""lon"":126.982185,""alt"":0},""targetSpeed"":3,""seq"":1}","{""phase"":""B"",""startLLA"":{""lat"":37.475767,""lon"":126.982185,""alt"":0},""endLLA"":{""lat"":37.475767,""lon"":126.982185,""alt"":15},""targetSpeed"":10,""seq"":2}","{""phase"":""C"",""startLLA"":{""lat"":37.475767,""lon"":126.982185,""alt"":15},""endLLA"":{""lat"":37.474631,""lon"":126.995751,""alt"":100},""targetSpeed"":36,""seq"":3}","{""phase"":""E"",""startLLA"":{""lat"":37.474631,""lon"":126.995751,""alt"":100},""endLLA"":{""lat"":37.471593,""lon"":127.032031,""alt"":287.26},""targetSpeed"":51.4,""seq"":4}","{""phase"":""E"",""startLLA"":{""lat"":37.471593,""lon"":127.032031,""alt"":287.26},""endLLA"":{""lat"":37.473289,""lon"":127.034748,""alt"":305},""targetSpeed"":51.4,""seq"":5}","{""phase"":""F"",""startLLA"":{""lat"":37.473289,""lon"":127.034748,""alt"":305},""endLLA"":{""lat"":37.497702,""lon"":127.073855,""alt"":305},""targetSpeed"":51.4,""seq"":6}","{""phase"":""F"",""startLLA"":{""lat"":37.497702,""lon"":127.073855,""alt"":305},""endLLA"":{""lat"":37.526451,""lon"":127.064361,""alt"":305},""targetSpeed"":51.4,""seq"":7}","{""phase"":""F"",""startLLA"":{""lat"":37.526451,""lon"":127.064361,""alt"":305},""endLLA"":{""lat"":37.525291,""lon"":127.078991,""alt"":305},""targetSpeed"":51.4,""seq"":8}","{""phase"":""G"",""startLLA"":{""lat"":37.525291,""lon"":127.078991,""alt"":305},""endLLA"":{""lat"":37.524288,""lon"":127.091639,""alt"":239.8},""targetSpeed"":36,""seq"":9}","{""phase"":""G"",""startLLA"":{""lat"":37.524288,""lon"":127.091639,""alt"":239.8},""endLLA"":{""lat"":37.539418,""lon"":127.111105,""alt"":100},""targetSpeed"":36,""seq"":10}","{""phase"":""I"",""startLLA"":{""lat"":37.539418,""lon"":127.111105,""alt"":100},""endLLA"":{""lat"":37.545733,""lon"":127.11923,""alt"":15},""targetSpeed"":30,""seq"":11}","{""phase"":""J"",""startLLA"":{""lat"":37.545733,""lon"":127.11923,""alt"":15},""endLLA"":{""lat"":37.545733,""lon"":127.11923,""alt"":0},""targetSpeed"":10,""seq"":12}","{""phase"":""K"",""startLLA"":{""lat"":37.545733,""lon"":127.11923,""alt"":0},""endLLA"":{""lat"":37.545733,""lon"":127.11923,""alt"":0},""targetSpeed"":3,""seq"":13}",,,,,,,,
b4a2894cba5c,2026-06-20,FPL0811007,UAM0021,a6,6,6,1,사당,사당,천호,천호,10,gate-4,fato-1,gate-4,fato-3,10:00:00,10:09:00,10:16:13,10:23:03,10:33:03,540,433.41,410,1383.41,0,0,ready,사당 > 경부고속도로 양재천 다리 > 대치교 > 청담대교 중간지점 > 잠실대교 중간지점 > 천호,18.2608,13,"{""phase"":""A"",""startLLA"":{""lat"":37.475767,""lon"":126.982185,""alt"":0},""endLLA"":{""lat"":37.475767,""lon"":126.982185,""alt"":0},""targetSpeed"":3,""seq"":1}","{""phase"":""B"",""startLLA"":{""lat"":37.475767,""lon"":126.982185,""alt"":0},""endLLA"":{""lat"":37.475767,""lon"":126.982185,""alt"":15},""targetSpeed"":10,""seq"":2}","{""phase"":""C"",""startLLA"":{""lat"":37.475767,""lon"":126.982185,""alt"":15},""endLLA"":{""lat"":37.474631,""lon"":126.995751,""alt"":100},""targetSpeed"":36,""seq"":3}","{""phase"":""E"",""startLLA"":{""lat"":37.474631,""lon"":126.995751,""alt"":100},""endLLA"":{""lat"":37.471593,""lon"":127.032031,""alt"":287.26},""targetSpeed"":51.4,""seq"":4}","{""phase"":""E"",""startLLA"":{""lat"":37.471593,""lon"":127.032031,""alt"":287.26},""endLLA"":{""lat"":37.473289,""lon"":127.034748,""alt"":305},""targetSpeed"":51.4,""seq"":5}","{""phase"":""F"",""startLLA"":{""lat"":37.473289,""lon"":127.034748,""alt"":305},""endLLA"":{""lat"":37.497702,""lon"":127.073855,""alt"":305},""targetSpeed"":51.4,""seq"":6}","{""phase"":""F"",""startLLA"":{""lat"":37.497702,""lon"":127.073855,""alt"":305},""endLLA"":{""lat"":37.526451,""lon"":127.064361,""alt"":305},""targetSpeed"":51.4,""seq"":7}","{""phase"":""F"",""startLLA"":{""lat"":37.526451,""lon"":127.064361,""alt"":305},""endLLA"":{""lat"":37.525291,""lon"":127.078991,""alt"":305},""targetSpeed"":51.4,""seq"":8}","{""phase"":""G"",""startLLA"":{""lat"":37.525291,""lon"":127.078991,""alt"":305},""endLLA"":{""lat"":37.524288,""lon"":127.091639,""alt"":239.8},""targetSpeed"":36,""seq"":9}","{""phase"":""G"",""startLLA"":{""lat"":37.524288,""lon"":127.091639,""alt"":239.8},""endLLA"":{""lat"":37.539418,""lon"":127.111105,""alt"":100},""targetSpeed"":36,""seq"":10}","{""phase"":""I"",""startLLA"":{""lat"":37.539418,""lon"":127.111105,""alt"":100},""endLLA"":{""lat"":37.545733,""lon"":127.11923,""alt"":15},""targetSpeed"":30,""seq"":11}","{""phase"":""J"",""startLLA"":{""lat"":37.545733,""lon"":127.11923,""alt"":15},""endLLA"":{""lat"":37.545733,""lon"":127.11923,""alt"":0},""targetSpeed"":10,""seq"":12}","{""phase"":""K"",""startLLA"":{""lat"":37.545733,""lon"":127.11923,""alt"":0},""endLLA"":{""lat"":37.545733,""lon"":127.11923,""alt"":0},""targetSpeed"":3,""seq"":13}",,,,,,,,
b4a2894cba5c,2026-06-20,FPL0812005,UAM0041,a2,2,2,1,사당,사당,광화문,광화문,10,gate-8,fato-2,gate-8,fato-3,10:03:07,10:12:07,10:19:58,10:26:48,10:36:48,540,471.89,410,1421.89,0,0,ready,사당 > 180고지 > 영등포 > 선유도 17고지 > 성산대교 중간지점 > 홍대입구 > 광화문,20.239,14,"{""phase"":""A"",""startLLA"":{""lat"":37.475767,""lon"":126.982185,""alt"":0},""endLLA"":{""lat"":37.475767,""lon"":126.982185,""alt"":0},""targetSpeed"":3,""seq"":1}","{""phase"":""B"",""startLLA"":{""lat"":37.475767,""lon"":126.982185,""alt"":0},""endLLA"":{""lat"":37.475767,""lon"":126.982185,""alt"":15},""targetSpeed"":10,""seq"":2}","{""phase"":""C"",""startLLA"":{""lat"":37.475767,""lon"":126.982185,""alt"":15},""endLLA"":{""lat"":37.480587,""lon"":126.970158,""alt"":100},""targetSpeed"":36,""seq"":3}","{""phase"":""E"",""startLLA"":{""lat"":37.480587,""lon"":126.970158,""alt"":100},""endLLA"":{""lat"":37.492877,""lon"":126.93949,""alt"":278.55},""targetSpeed"":51.4,""seq"":4}","{""phase"":""E"",""startLLA"":{""lat"":37.492877,""lon"":126.93949,""alt"":278.55},""endLLA"":{""lat"":37.495606,""lon"":126.935739,""alt"":305},""targetSpeed"":51.4,""seq"":5}","{""phase"":""F"",""startLLA"":{""lat"":37.495606,""lon"":126.935739,""alt"":305},""endLLA"":{""lat"":37.515965,""lon"":126.907756,""alt"":305},""targetSpeed"":51.4,""seq"":6}","{""phase"":""F"",""startLLA"":{""lat"":37.515965,""lon"":126.907756,""alt"":305},""endLLA"":{""lat"":37.542307,""lon"":126.90249,""alt"":305},""targetSpeed"":51.4,""seq"":7}","{""phase"":""F"",""startLLA"":{""lat"":37.542307,""lon"":126.90249,""alt"":305},""endLLA"":{""lat"":37.552574,""lon"":126.891431,""alt"":305},""targetSpeed"":51.4,""seq"":8}","{""phase"":""F"",""startLLA"":{""lat"":37.552574,""lon"":126.891431,""alt"":305},""endLLA"":{""lat"":37.556786,""lon"":126.923706,""alt"":305},""targetSpeed"":51.4,""seq"":9}","{""phase"":""F"",""startLLA"":{""lat"":37.556786,""lon"":126.923706,""alt"":305},""endLLA"":{""lat"":37.557137,""lon"":126.925138,""alt"":305},""targetSpeed"":51.4,""seq"":10}","{""phase"":""G"",""startLLA"":{""lat"":37.557137,""lon"":126.925138,""alt"":305},""endLLA"":{""lat"":37.566379,""lon"":126.962865,""alt"":100},""targetSpeed"":36,""seq"":11}","{""phase"":""I"",""startLLA"":{""lat"":37.566379,""lon"":126.962865,""alt"":100},""endLLA"":{""lat"":37.56901,""lon"":126.973604,""alt"":15},""targetSpeed"":30,""seq"":12}","{""phase"":""J"",""startLLA"":{""lat"":37.56901,""lon"":126.973604,""alt"":15},""endLLA"":{""lat"":37.56901,""lon"":126.973604,""alt"":0},""targetSpeed"":10,""seq"":13}","{""phase"":""K"",""startLLA"":{""lat"":37.56901,""lon"":126.973604,""alt"":0},""endLLA"":{""lat"":37.56901,""lon"":126.973604,""alt"":0},""targetSpeed"":3,""seq"":14}",,,,,,,
b4a2894cba5c,2026-06-20,FPL0815005,UAM0027,a4,4,4,1,사당,사당,마곡,마곡,10,gate-7,fato-1,gate-6,fato-3,10:06:12,10:15:00,10:29:38,10:37:28,10:47:28,528,878,470,1876,18,59,ready,사당 > 180고지 > 영등포 > 목동교 > 염창교 > 가양대교 남단 > 마곡,21.5149,14,"{""phase"":""A"",""startLLA"":{""lat"":37.475767,""lon"":126.982185,""alt"":0},""endLLA"":{""lat"":37.475767,""lon"":126.982185,""alt"":0},""targetSpeed"":3,""seq"":1}","{""phase"":""B"",""startLLA"":{""lat"":37.475767,""lon"":126.982185,""alt"":0},""endLLA"":{""lat"":37.475767,""lon"":126.982185,""alt"":15},""targetSpeed"":10,""seq"":2}","{""phase"":""C"",""startLLA"":{""lat"":37.475767,""lon"":126.982185,""alt"":15},""endLLA"":{""lat"":37.480646,""lon"":126.97001,""alt"":100},""targetSpeed"":36,""seq"":3}","{""phase"":""E"",""startLLA"":{""lat"":37.480646,""lon"":126.97001,""alt"":100},""endLLA"":{""lat"":37.492877,""lon"":126.93949,""alt"":275.53},""targetSpeed"":51.4,""seq"":4}","{""phase"":""E"",""startLLA"":{""lat"":37.492877,""lon"":126.93949,""alt"":275.53},""endLLA"":{""lat"":37.495955,""lon"":126.935259,""alt"":305},""targetSpeed"":51.4,""seq"":5}","{""phase"":""F"",""startLLA"":{""lat"":37.495955,""lon"":126.935259,""alt"":305},""endLLA"":{""lat"":37.515965,""lon"":126.907756,""alt"":305},""targetSpeed"":51.4,""seq"":6}","{""phase"":""F"",""startLLA"":{""lat"":37.515965,""lon"":126.907756,""alt"":305},""endLLA"":{""lat"":37.530667,""lon"":126.888262,""alt"":305},""targetSpeed"":51.4,""seq"":7}","{""phase"":""F"",""startLLA"":{""lat"":37.530667,""lon"":126.888262,""alt"":305},""endLLA"":{""lat"":37.553824,""lon"":126.875819,""alt"":305},""targetSpeed"":51.4,""seq"":8}","{""phase"":""F"",""startLLA"":{""lat"":37.553824,""lon"":126.875819,""alt"":305},""endLLA"":{""lat"":37.569391,""lon"":126.861026,""alt"":305},""targetSpeed"":51.4,""seq"":9}","{""phase"":""F"",""startLLA"":{""lat"":37.569391,""lon"":126.861026,""alt"":305},""endLLA"":{""lat"":37.567855,""lon"":126.842869,""alt"":305},""targetSpeed"":51.4,""seq"":10}","{""phase"":""G"",""startLLA"":{""lat"":37.567855,""lon"":126.842869,""alt"":305},""endLLA"":{""lat"":37.564492,""lon"":126.803119,""alt"":100},""targetSpeed"":36,""seq"":11}","{""phase"":""I"",""startLLA"":{""lat"":37.564492,""lon"":126.803119,""alt"":100},""endLLA"":{""lat"":37.563535,""lon"":126.791805,""alt"":15},""targetSpeed"":30,""seq"":12}","{""phase"":""J"",""startLLA"":{""lat"":37.563535,""lon"":126.791805,""alt"":15},""endLLA"":{""lat"":37.563535,""lon"":126.791805,""alt"":0},""targetSpeed"":10,""seq"":13}","{""phase"":""K"",""startLLA"":{""lat"":37.563535,""lon"":126.791805,""alt"":0},""endLLA"":{""lat"":37.563535,""lon"":126.791805,""alt"":0},""targetSpeed"":3,""seq"":14}",,,,,,,
b4a2894cba5c,2026-06-20,FPL0805007,UAM0048,a8,8,6,0.75,사당,사당,목동,목동,10,gate-3,fato-2,gate-6,fato-4,10:10:59,10:19:29,10:25:39,10:33:45,10:43:45,510,370.99,485.68,1366.67,0,93.83,ready,사당 > 180고지 > 영등포 > 목동,11.0358,11,"{""phase"":""A"",""startLLA"":{""lat"":37.475767,""lon"":126.982185,""alt"":0},""endLLA"":{""lat"":37.475767,""lon"":126.982185,""alt"":0},""targetSpeed"":3,""seq"":1}","{""phase"":""B"",""startLLA"":{""lat"":37.475767,""lon"":126.982185,""alt"":0},""endLLA"":{""lat"":37.475767,""lon"":126.982185,""alt"":15},""targetSpeed"":10,""seq"":2}","{""phase"":""C"",""startLLA"":{""lat"":37.475767,""lon"":126.982185,""alt"":15},""endLLA"":{""lat"":37.480648,""lon"":126.970006,""alt"":100},""targetSpeed"":36,""seq"":3}","{""phase"":""E"",""startLLA"":{""lat"":37.480648,""lon"":126.970006,""alt"":100},""endLLA"":{""lat"":37.492877,""lon"":126.93949,""alt"":275.46},""targetSpeed"":51.4,""seq"":4}","{""phase"":""E"",""startLLA"":{""lat"":37.492877,""lon"":126.93949,""alt"":275.46},""endLLA"":{""lat"":37.495964,""lon"":126.935246,""alt"":305},""targetSpeed"":51.4,""seq"":5}","{""phase"":""F"",""startLLA"":{""lat"":37.495964,""lon"":126.935246,""alt"":305},""endLLA"":{""lat"":37.506735,""lon"":126.920442,""alt"":305},""targetSpeed"":51.4,""seq"":6}","{""phase"":""G"",""startLLA"":{""lat"":37.506735,""lon"":126.920442,""alt"":305},""endLLA"":{""lat"":37.515965,""lon"":126.907756,""alt"":216.68},""targetSpeed"":36,""seq"":7}","{""phase"":""G"",""startLLA"":{""lat"":37.515965,""lon"":126.907756,""alt"":216.68},""endLLA"":{""lat"":37.522883,""lon"":126.886749,""alt"":100},""targetSpeed"":36,""seq"":8}","{""phase"":""I"",""startLLA"":{""lat"":37.522883,""lon"":126.886749,""alt"":100},""endLLA"":{""lat"":37.526343,""lon"":126.876243,""alt"":15},""targetSpeed"":30,""seq"":9}","{""phase"":""J"",""startLLA"":{""lat"":37.526343,""lon"":126.876243,""alt"":15},""endLLA"":{""lat"":37.526343,""lon"":126.876243,""alt"":0},""targetSpeed"":10,""seq"":10}","{""phase"":""K"",""startLLA"":{""lat"":37.526343,""lon"":126.876243,""alt"":0},""endLLA"":{""lat"":37.526343,""lon"":126.876243,""alt"":0},""targetSpeed"":3,""seq"":11}",,,,,,,,,,
b4a2894cba5c,2026-06-20,FPL0817006,UAM0049,a2,2,2,1,사당,사당,수서,수서,10,gate-2,fato-1,gate-2,fato-4,10:14:36,10:22:36,10:29:02,10:36:52,10:46:52,480,386.34,470,1336.34,0,99.48,ready,사당 > 경부고속도로 양재천 다리 > 수서,10.7285,10,"{""phase"":""A"",""startLLA"":{""lat"":37.475767,""lon"":126.982185,""alt"":0},""endLLA"":{""lat"":37.475767,""lon"":126.982185,""alt"":0},""targetSpeed"":3,""seq"":1}","{""phase"":""B"",""startLLA"":{""lat"":37.475767,""lon"":126.982185,""alt"":0},""endLLA"":{""lat"":37.475767,""lon"":126.982185,""alt"":15},""targetSpeed"":10,""seq"":2}","{""phase"":""C"",""startLLA"":{""lat"":37.475767,""lon"":126.982185,""alt"":15},""endLLA"":{""lat"":37.47463,""lon"":126.995757,""alt"":100},""targetSpeed"":36,""seq"":3}","{""phase"":""E"",""startLLA"":{""lat"":37.47463,""lon"":126.995757,""alt"":100},""endLLA"":{""lat"":37.471593,""lon"":127.032031,""alt"":287.14},""targetSpeed"":51.4,""seq"":4}","{""phase"":""E"",""startLLA"":{""lat"":37.471593,""lon"":127.032031,""alt"":287.14},""endLLA"":{""lat"":37.472365,""lon"":127.035373,""alt"":305},""targetSpeed"":51.4,""seq"":5}","{""phase"":""F"",""startLLA"":{""lat"":37.472365,""lon"":127.035373,""alt"":305},""endLLA"":{""lat"":37.476051,""lon"":127.051318,""alt"":305},""targetSpeed"":51.4,""seq"":6}","{""phase"":""G"",""startLLA"":{""lat"":37.476051,""lon"":127.051318,""alt"":305},""endLLA"":{""lat"":37.484917,""lon"":127.089683,""alt"":100},""targetSpeed"":36,""seq"":7}","{""phase"":""I"",""startLLA"":{""lat"":37.484917,""lon"":127.089683,""alt"":100},""endLLA"":{""lat"":37.487441,""lon"":127.100603,""alt"":15},""targetSpeed"":30,""seq"":8}","{""phase"":""J"",""startLLA"":{""lat"":37.487441,""lon"":127.100603,""alt"":15},""endLLA"":{""lat"":37.487441,""lon"":127.100603,""alt"":0},""targetSpeed"":10,""seq"":9}","{""phase"":""K"",""startLLA"":{""lat"":37.487441,""lon"":127.100603,""alt"":0},""endLLA"":{""lat"":37.487441,""lon"":127.100603,""alt"":0},""targetSpeed"":3,""seq"":10}",,,,,,,,,,,
b4a2894cba5c,2026-06-20,FPL0815006,UAM0050,a2,2,2,1,사당,사당,마곡,마곡,10,gate-4,fato-1,gate-7,fato-3,10:23:18,10:32:18,10:44:08,10:51:28,11:01:28,540,710,440,1690,0,89,ready,사당 > 180고지 > 영등포 > 목동교 > 염창교 > 가양대교 남단 > 마곡,21.5149,14,"{""phase"":""A"",""startLLA"":{""lat"":37.475767,""lon"":126.982185,""alt"":0},""endLLA"":{""lat"":37.475767,""lon"":126.982185,""alt"":0},""targetSpeed"":3,""seq"":1}","{""phase"":""B"",""startLLA"":{""lat"":37.475767,""lon"":126.982185,""alt"":0},""endLLA"":{""lat"":37.475767,""lon"":126.982185,""alt"":15},""targetSpeed"":10,""seq"":2}","{""phase"":""C"",""startLLA"":{""lat"":37.475767,""lon"":126.982185,""alt"":15},""endLLA"":{""lat"":37.480646,""lon"":126.97001,""alt"":100},""targetSpeed"":36,""seq"":3}","{""phase"":""E"",""startLLA"":{""lat"":37.480646,""lon"":126.97001,""alt"":100},""endLLA"":{""lat"":37.492877,""lon"":126.93949,""alt"":275.53},""targetSpeed"":51.4,""seq"":4}","{""phase"":""E"",""startLLA"":{""lat"":37.492877,""lon"":126.93949,""alt"":275.53},""endLLA"":{""lat"":37.495955,""lon"":126.935259,""alt"":305},""targetSpeed"":51.4,""seq"":5}","{""phase"":""F"",""startLLA"":{""lat"":37.495955,""lon"":126.935259,""alt"":305},""endLLA"":{""lat"":37.515965,""lon"":126.907756,""alt"":305},""targetSpeed"":51.4,""seq"":6}","{""phase"":""F"",""startLLA"":{""lat"":37.515965,""lon"":126.907756,""alt"":305},""endLLA"":{""lat"":37.530667,""lon"":126.888262,""alt"":305},""targetSpeed"":51.4,""seq"":7}","{""phase"":""F"",""startLLA"":{""lat"":37.530667,""lon"":126.888262,""alt"":305},""endLLA"":{""lat"":37.553824,""lon"":126.875819,""alt"":305},""targetSpeed"":51.4,""seq"":8}","{""phase"":""F"",""startLLA"":{""lat"":37.553824,""lon"":126.875819,""alt"":305},""endLLA"":{""lat"":37.569391,""lon"":126.861026,""alt"":305},""targetSpeed"":51.4,""seq"":9}","{""phase"":""F"",""startLLA"":{""lat"":37.569391,""lon"":126.861026,""alt"":305},""endLLA"":{""lat"":37.567855,""lon"":126.842869,""alt"":305},""targetSpeed"":51.4,""seq"":10}","{""phase"":""G"",""startLLA"":{""lat"":37.567855,""lon"":126.842869,""alt"":305},""endLLA"":{""lat"":37.564492,""lon"":126.803119,""alt"":100},""targetSpeed"":36,""seq"":11}","{""phase"":""I"",""startLLA"":{""lat"":37.564492,""lon"":126.803119,""alt"":100},""endLLA"":{""lat"":37.563535,""lon"":126.791805,""alt"":15},""targetSpeed"":30,""seq"":12}","{""phase"":""J"",""startLLA"":{""lat"":37.563535,""lon"":126.791805,""alt"":15},""endLLA"":{""lat"":37.563535,""lon"":126.791805,""alt"":0},""targetSpeed"":10,""seq"":13}","{""phase"":""K"",""startLLA"":{""lat"":37.563535,""lon"":126.791805,""alt"":0},""endLLA"":{""lat"":37.563535,""lon"":126.791805,""alt"":0},""targetSpeed"":3,""seq"":14}",,,,,,,
b4a2894cba5c,2026-06-20,FPL0803006,UAM0089,a2,2,2,1,사당,사당,상암,상암,10,gate-8,fato-2,gate-3,fato-4,10:28:01,10:37:16,10:42:56,10:50:17,11:00:17,555.65,340.18,440.52,1336.35,15.65,0.52,ready,사당 > 180고지 > 영등포 > 선유도 17고지 > 상암,13.4688,12,"{""phase"":""A"",""startLLA"":{""lat"":37.475767,""lon"":126.982185,""alt"":0},""endLLA"":{""lat"":37.475767,""lon"":126.982185,""alt"":0},""targetSpeed"":3,""seq"":1}","{""phase"":""B"",""startLLA"":{""lat"":37.475767,""lon"":126.982185,""alt"":0},""endLLA"":{""lat"":37.475767,""lon"":126.982185,""alt"":15},""targetSpeed"":10,""seq"":2}","{""phase"":""C"",""startLLA"":{""lat"":37.475767,""lon"":126.982185,""alt"":15},""endLLA"":{""lat"":37.480647,""lon"":126.970008,""alt"":100},""targetSpeed"":36,""seq"":3}","{""phase"":""E"",""startLLA"":{""lat"":37.480647,""lon"":126.970008,""alt"":100},""endLLA"":{""lat"":37.492877,""lon"":126.93949,""alt"":275.49},""targetSpeed"":51.4,""seq"":4}","{""phase"":""E"",""startLLA"":{""lat"":37.492877,""lon"":126.93949,""alt"":275.49},""endLLA"":{""lat"":37.495961,""lon"":126.935252,""alt"":305},""targetSpeed"":51.4,""seq"":5}","{""phase"":""F"",""startLLA"":{""lat"":37.495961,""lon"":126.935252,""alt"":305},""endLLA"":{""lat"":37.515965,""lon"":126.907756,""alt"":305},""targetSpeed"":51.4,""seq"":6}","{""phase"":""F"",""startLLA"":{""lat"":37.515965,""lon"":126.907756,""alt"":305},""endLLA"":{""lat"":37.524062,""lon"":126.906137,""alt"":305},""targetSpeed"":51.4,""seq"":7}","{""phase"":""G"",""startLLA"":{""lat"":37.524062,""lon"":126.906137,""alt"":305},""endLLA"":{""lat"":37.542307,""lon"":126.90249,""alt"":185.51},""targetSpeed"":36,""seq"":8}","{""phase"":""G"",""startLLA"":{""lat"":37.542307,""lon"":126.90249,""alt"":185.51},""endLLA"":{""lat"":37.55418,""lon"":126.895159,""alt"":100},""targetSpeed"":36,""seq"":9}","{""phase"":""I"",""startLLA"":{""lat"":37.55418,""lon"":126.895159,""alt"":100},""endLLA"":{""lat"":37.562282,""lon"":126.890156,""alt"":15},""targetSpeed"":30,""seq"":10}","{""phase"":""J"",""startLLA"":{""lat"":37.562282,""lon"":126.890156,""alt"":15},""endLLA"":{""lat"":37.562282,""lon"":126.890156,""alt"":0},""targetSpeed"":10,""seq"":11}","{""phase"":""K"",""startLLA"":{""lat"":37.562282,""lon"":126.890156,""alt"":0},""endLLA"":{""lat"":37.562282,""lon"":126.890156,""alt"":0},""targetSpeed"":3,""seq"":12}",,,,,,,,,
b4a2894cba5c,2026-06-20,FPL0806003,UAM0044,a4,4,4,1,사당,사당,미아,미아,10,gate-3,fato-1,gate-5,fato-4,10:32:06,10:40:36,10:50:44,10:59:04,11:09:04,510,608.5,500,1618.5,0,0,ready,사당 > 경부고속도로 양재천 다리 > 대치교 > 청담대교 중간지점 > 건대입구 > 중랑천 제방길 > 상봉 > 월릉교 > 미아,27.2607,16,"{""phase"":""A"",""startLLA"":{""lat"":37.475767,""lon"":126.982185,""alt"":0},""endLLA"":{""lat"":37.475767,""lon"":126.982185,""alt"":0},""targetSpeed"":3,""seq"":1}","{""phase"":""B"",""startLLA"":{""lat"":37.475767,""lon"":126.982185,""alt"":0},""endLLA"":{""lat"":37.475767,""lon"":126.982185,""alt"":15},""targetSpeed"":10,""seq"":2}","{""phase"":""C"",""startLLA"":{""lat"":37.475767,""lon"":126.982185,""alt"":15},""endLLA"":{""lat"":37.474631,""lon"":126.995747,""alt"":100},""targetSpeed"":36,""seq"":3}","{""phase"":""E"",""startLLA"":{""lat"":37.474631,""lon"":126.995747,""alt"":100},""endLLA"":{""lat"":37.471593,""lon"":127.032031,""alt"":287.34},""targetSpeed"":51.4,""seq"":4}","{""phase"":""E"",""startLLA"":{""lat"":37.471593,""lon"":127.032031,""alt"":287.34},""endLLA"":{""lat"":37.47328,""lon"":127.034734,""alt"":305},""targetSpeed"":51.4,""seq"":5}","{""phase"":""F"",""startLLA"":{""lat"":37.47328,""lon"":127.034734,""alt"":305},""endLLA"":{""lat"":37.497702,""lon"":127.073855,""alt"":305},""targetSpeed"":51.4,""seq"":6}","{""phase"":""F"",""startLLA"":{""lat"":37.497702,""lon"":127.073855,""alt"":305},""endLLA"":{""lat"":37.526451,""lon"":127.064361,""alt"":305},""targetSpeed"":51.4,""seq"":7}","{""phase"":""F"",""startLLA"":{""lat"":37.526451,""lon"":127.064361,""alt"":305},""endLLA"":{""lat"":37.540426,""lon"":127.069298,""alt"":305},""targetSpeed"":51.4,""seq"":8}","{""phase"":""F"",""startLLA"":{""lat"":37.540426,""lon"":127.069298,""alt"":305},""endLLA"":{""lat"":37.580774,""lon"":127.077387,""alt"":305},""targetSpeed"":51.4,""seq"":9}","{""phase"":""F"",""startLLA"":{""lat"":37.580774,""lon"":127.077387,""alt"":305},""endLLA"":{""lat"":37.596919,""lon"":127.084854,""alt"":305},""targetSpeed"":51.4,""seq"":10}","{""phase"":""F"",""startLLA"":{""lat"":37.596919,""lon"":127.084854,""alt"":305},""endLLA"":{""lat"":37.614356,""lon"":127.072723,""alt"":305},""targetSpeed"":51.4,""seq"":11}","{""phase"":""G"",""startLLA"":{""lat"":37.614356,""lon"":127.072723,""alt"":305},""endLLA"":{""lat"":37.616266,""lon"":127.071394,""alt"":290.89},""targetSpeed"":36,""seq"":12}","{""phase"":""G"",""startLLA"":{""lat"":37.616266,""lon"":127.071394,""alt"":290.89},""endLLA"":{""lat"":37.626943,""lon"":127.036668,""alt"":100},""targetSpeed"":36,""seq"":13}","{""phase"":""I"",""startLLA"":{""lat"":37.626943,""lon"":127.036668,""alt"":100},""endLLA"":{""lat"":37.630207,""lon"":127.026053,""alt"":15},""targetSpeed"":30,""seq"":14}","{""phase"":""J"",""startLLA"":{""lat"":37.630207,""lon"":127.026053,""alt"":15},""endLLA"":{""lat"":37.630207,""lon"":127.026053,""alt"":0},""targetSpeed"":10,""seq"":15}","{""phase"":""K"",""startLLA"":{""lat"":37.630207,""lon"":127.026053,""alt"":0},""endLLA"":{""lat"":37.630207,""lon"":127.026053,""alt"":0},""targetSpeed"":3,""seq"":16}",,,,,
b4a2894cba5c,2026-06-20,FPL0815007,UAM0059,a4,4,2,0.5,사당,사당,마곡,마곡,10,gate-7,fato-2,gate-4,fato-3,10:34:38,10:43:16,11:00:33,11:07:23,11:17:23,518.65,1036.35,410,1965,8.65,0,ready,사당 > 180고지 > 영등포 > 목동교 > 염창교 > 가양대교 남단 > 마곡,21.5149,14,"{""phase"":""A"",""startLLA"":{""lat"":37.475767,""lon"":126.982185,""alt"":0},""endLLA"":{""lat"":37.475767,""lon"":126.982185,""alt"":0},""targetSpeed"":3,""seq"":1}","{""phase"":""B"",""startLLA"":{""lat"":37.475767,""lon"":126.982185,""alt"":0},""endLLA"":{""lat"":37.475767,""lon"":126.982185,""alt"":15},""targetSpeed"":10,""seq"":2}","{""phase"":""C"",""startLLA"":{""lat"":37.475767,""lon"":126.982185,""alt"":15},""endLLA"":{""lat"":37.480646,""lon"":126.97001,""alt"":100},""targetSpeed"":36,""seq"":3}","{""phase"":""E"",""startLLA"":{""lat"":37.480646,""lon"":126.97001,""alt"":100},""endLLA"":{""lat"":37.492877,""lon"":126.93949,""alt"":275.53},""targetSpeed"":51.4,""seq"":4}","{""phase"":""E"",""startLLA"":{""lat"":37.492877,""lon"":126.93949,""alt"":275.53},""endLLA"":{""lat"":37.495955,""lon"":126.935259,""alt"":305},""targetSpeed"":51.4,""seq"":5}","{""phase"":""F"",""startLLA"":{""lat"":37.495955,""lon"":126.935259,""alt"":305},""endLLA"":{""lat"":37.515965,""lon"":126.907756,""alt"":305},""targetSpeed"":51.4,""seq"":6}","{""phase"":""F"",""startLLA"":{""lat"":37.515965,""lon"":126.907756,""alt"":305},""endLLA"":{""lat"":37.530667,""lon"":126.888262,""alt"":305},""targetSpeed"":51.4,""seq"":7}","{""phase"":""F"",""startLLA"":{""lat"":37.530667,""lon"":126.888262,""alt"":305},""endLLA"":{""lat"":37.553824,""lon"":126.875819,""alt"":305},""targetSpeed"":51.4,""seq"":8}","{""phase"":""F"",""startLLA"":{""lat"":37.553824,""lon"":126.875819,""alt"":305},""endLLA"":{""lat"":37.569391,""lon"":126.861026,""alt"":305},""targetSpeed"":51.4,""seq"":9}","{""phase"":""F"",""startLLA"":{""lat"":37.569391,""lon"":126.861026,""alt"":305},""endLLA"":{""lat"":37.567855,""lon"":126.842869,""alt"":305},""targetSpeed"":51.4,""seq"":10}","{""phase"":""G"",""startLLA"":{""lat"":37.567855,""lon"":126.842869,""alt"":305},""endLLA"":{""lat"":37.564492,""lon"":126.803119,""alt"":100},""targetSpeed"":36,""seq"":11}","{""phase"":""I"",""startLLA"":{""lat"":37.564492,""lon"":126.803119,""alt"":100},""endLLA"":{""lat"":37.563535,""lon"":126.791805,""alt"":15},""targetSpeed"":30,""seq"":12}","{""phase"":""J"",""startLLA"":{""lat"":37.563535,""lon"":126.791805,""alt"":15},""endLLA"":{""lat"":37.563535,""lon"":126.791805,""alt"":0},""targetSpeed"":10,""seq"":13}","{""phase"":""K"",""startLLA"":{""lat"":37.563535,""lon"":126.791805,""alt"":0},""endLLA"":{""lat"":37.563535,""lon"":126.791805,""alt"":0},""targetSpeed"":3,""seq"":14}",,,,,,,
b4a2894cba5c,2026-06-20,FPL0816006,UAM0097,a2,2,1,0.5,사당,사당,망우,망우,10,gate-2,fato-1,gate-3,fato-3,10:40:27,10:48:27,11:05:23,11:12:43,11:22:43,480,1016,440,1936,0,290,ready,사당 > 경부고속도로 양재천 다리 > 대치교 > 청담대교 중간지점 > 건대입구 > 망우,20.4833,13,"{""phase"":""A"",""startLLA"":{""lat"":37.475767,""lon"":126.982185,""alt"":0},""endLLA"":{""lat"":37.475767,""lon"":126.982185,""alt"":0},""targetSpeed"":3,""seq"":1}","{""phase"":""B"",""startLLA"":{""lat"":37.475767,""lon"":126.982185,""alt"":0},""endLLA"":{""lat"":37.475767,""lon"":126.982185,""alt"":15},""targetSpeed"":10,""seq"":2}","{""phase"":""C"",""startLLA"":{""lat"":37.475767,""lon"":126.982185,""alt"":15},""endLLA"":{""lat"":37.474631,""lon"":126.99575,""alt"":100},""targetSpeed"":36,""seq"":3}","{""phase"":""E"",""startLLA"":{""lat"":37.474631,""lon"":126.99575,""alt"":100},""endLLA"":{""lat"":37.471593,""lon"":127.032031,""alt"":287.28},""targetSpeed"":51.4,""seq"":4}","{""phase"":""E"",""startLLA"":{""lat"":37.471593,""lon"":127.032031,""alt"":287.28},""endLLA"":{""lat"":37.473287,""lon"":127.034744,""alt"":305},""targetSpeed"":51.4,""seq"":5}","{""phase"":""F"",""startLLA"":{""lat"":37.473287,""lon"":127.034744,""alt"":305},""endLLA"":{""lat"":37.497702,""lon"":127.073855,""alt"":305},""targetSpeed"":51.4,""seq"":6}","{""phase"":""F"",""startLLA"":{""lat"":37.497702,""lon"":127.073855,""alt"":305},""endLLA"":{""lat"":37.526451,""lon"":127.064361,""alt"":305},""targetSpeed"":51.4,""seq"":7}","{""phase"":""F"",""startLLA"":{""lat"":37.526451,""lon"":127.064361,""alt"":305},""endLLA"":{""lat"":37.540426,""lon"":127.069298,""alt"":305},""targetSpeed"":51.4,""seq"":8}","{""phase"":""F"",""startLLA"":{""lat"":37.540426,""lon"":127.069298,""alt"":305},""endLLA"":{""lat"":37.557141,""lon"":127.073901,""alt"":305},""targetSpeed"":51.4,""seq"":9}","{""phase"":""G"",""startLLA"":{""lat"":37.557141,""lon"":127.073901,""alt"":305},""endLLA"":{""lat"":37.588105,""lon"":127.082427,""alt"":100},""targetSpeed"":36,""seq"":10}","{""phase"":""I"",""startLLA"":{""lat"":37.588105,""lon"":127.082427,""alt"":100},""endLLA"":{""lat"":37.596919,""lon"":127.084854,""alt"":15},""targetSpeed"":30,""seq"":11}","{""phase"":""J"",""startLLA"":{""lat"":37.596919,""lon"":127.084854,""alt"":15},""endLLA"":{""lat"":37.596919,""lon"":127.084854,""alt"":0},""targetSpeed"":10,""seq"":12}","{""phase"":""K"",""startLLA"":{""lat"":37.596919,""lon"":127.084854,""alt"":0},""endLLA"":{""lat"":37.596919,""lon"":127.084854,""alt"":0},""targetSpeed"":3,""seq"":13}",,,,,,,,
b4a2894cba5c,2026-06-20,FPL0806004,UAM0079,a8,8,1,0.125,사당,사당,미아,미아,10,gate-4,fato-2,gate-3,fato-3,10:43:36,10:52:36,11:05:23,11:12:43,11:22:43,540,767,440,1747,0,158.5,ready,사당 > 경부고속도로 양재천 다리 > 대치교 > 청담대교 중간지점 > 건대입구 > 중랑천 제방길 > 상봉 > 월릉교 > 미아,27.2607,16,"{""phase"":""A"",""startLLA"":{""lat"":37.475767,""lon"":126.982185,""alt"":0},""endLLA"":{""lat"":37.475767,""lon"":126.982185,""alt"":0},""targetSpeed"":3,""seq"":1}","{""phase"":""B"",""startLLA"":{""lat"":37.475767,""lon"":126.982185,""alt"":0},""endLLA"":{""lat"":37.475767,""lon"":126.982185,""alt"":15},""targetSpeed"":10,""seq"":2}","{""phase"":""C"",""startLLA"":{""lat"":37.475767,""lon"":126.982185,""alt"":15},""endLLA"":{""lat"":37.474631,""lon"":126.995747,""alt"":100},""targetSpeed"":36,""seq"":3}","{""phase"":""E"",""startLLA"":{""lat"":37.474631,""lon"":126.995747,""alt"":100},""endLLA"":{""lat"":37.471593,""lon"":127.032031,""alt"":287.34},""targetSpeed"":51.4,""seq"":4}","{""phase"":""E"",""startLLA"":{""lat"":37.471593,""lon"":127.032031,""alt"":287.34},""endLLA"":{""lat"":37.47328,""lon"":127.034734,""alt"":305},""targetSpeed"":51.4,""seq"":5}","{""phase"":""F"",""startLLA"":{""lat"":37.47328,""lon"":127.034734,""alt"":305},""endLLA"":{""lat"":37.497702,""lon"":127.073855,""alt"":305},""targetSpeed"":51.4,""seq"":6}","{""phase"":""F"",""startLLA"":{""lat"":37.497702,""lon"":127.073855,""alt"":305},""endLLA"":{""lat"":37.526451,""lon"":127.064361,""alt"":305},""targetSpeed"":51.4,""seq"":7}","{""phase"":""F"",""startLLA"":{""lat"":37.526451,""lon"":127.064361,""alt"":305},""endLLA"":{""lat"":37.540426,""lon"":127.069298,""alt"":305},""targetSpeed"":51.4,""seq"":8}","{""phase"":""F"",""startLLA"":{""lat"":37.540426,""lon"":127.069298,""alt"":305},""endLLA"":{""lat"":37.580774,""lon"":127.077387,""alt"":305},""targetSpeed"":51.4,""seq"":9}","{""phase"":""F"",""startLLA"":{""lat"":37.580774,""lon"":127.077387,""alt"":305},""endLLA"":{""lat"":37.596919,""lon"":127.084854,""alt"":305},""targetSpeed"":51.4,""seq"":10}","{""phase"":""F"",""startLLA"":{""lat"":37.596919,""lon"":127.084854,""alt"":305},""endLLA"":{""lat"":37.614356,""lon"":127.072723,""alt"":305},""targetSpeed"":51.4,""seq"":11}","{""phase"":""G"",""startLLA"":{""lat"":37.614356,""lon"":127.072723,""alt"":305},""endLLA"":{""lat"":37.616266,""lon"":127.071394,""alt"":290.89},""targetSpeed"":36,""seq"":12}","{""phase"":""G"",""startLLA"":{""lat"":37.616266,""lon"":127.071394,""alt"":290.89},""endLLA"":{""lat"":37.626943,""lon"":127.036668,""alt"":100},""targetSpeed"":36,""seq"":13}","{""phase"":""I"",""startLLA"":{""lat"":37.626943,""lon"":127.036668,""alt"":100},""endLLA"":{""lat"":37.630207,""lon"":127.026053,""alt"":15},""targetSpeed"":30,""seq"":14}","{""phase"":""J"",""startLLA"":{""lat"":37.630207,""lon"":127.026053,""alt"":15},""endLLA"":{""lat"":37.630207,""lon"":127.026053,""alt"":0},""targetSpeed"":10,""seq"":15}","{""phase"":""K"",""startLLA"":{""lat"":37.630207,""lon"":127.026053,""alt"":0},""endLLA"":{""lat"":37.630207,""lon"":127.026053,""alt"":0},""targetSpeed"":3,""seq"":16}",,,,,
b4a2894cba5c,2026-06-20,FPL0817007,UAM0111,a8,8,1,0.125,사당,사당,수서,수서,10,gate-8,fato-1,gate-3,fato-4,10:46:29,10:55:29,11:00:15,11:07:35,11:17:35,540,286.87,440,1266.87,0,0,ready,사당 > 경부고속도로 양재천 다리 > 수서,10.7285,10,"{""phase"":""A"",""startLLA"":{""lat"":37.475767,""lon"":126.982185,""alt"":0},""endLLA"":{""lat"":37.475767,""lon"":126.982185,""alt"":0},""targetSpeed"":3,""seq"":1}","{""phase"":""B"",""startLLA"":{""lat"":37.475767,""lon"":126.982185,""alt"":0},""endLLA"":{""lat"":37.475767,""lon"":126.982185,""alt"":15},""targetSpeed"":10,""seq"":2}","{""phase"":""C"",""startLLA"":{""lat"":37.475767,""lon"":126.982185,""alt"":15},""endLLA"":{""lat"":37.47463,""lon"":126.995757,""alt"":100},""targetSpeed"":36,""seq"":3}","{""phase"":""E"",""startLLA"":{""lat"":37.47463,""lon"":126.995757,""alt"":100},""endLLA"":{""lat"":37.471593,""lon"":127.032031,""alt"":287.14},""targetSpeed"":51.4,""seq"":4}","{""phase"":""E"",""startLLA"":{""lat"":37.471593,""lon"":127.032031,""alt"":287.14},""endLLA"":{""lat"":37.472365,""lon"":127.035373,""alt"":305},""targetSpeed"":51.4,""seq"":5}","{""phase"":""F"",""startLLA"":{""lat"":37.472365,""lon"":127.035373,""alt"":305},""endLLA"":{""lat"":37.476051,""lon"":127.051318,""alt"":305},""targetSpeed"":51.4,""seq"":6}","{""phase"":""G"",""startLLA"":{""lat"":37.476051,""lon"":127.051318,""alt"":305},""endLLA"":{""lat"":37.484917,""lon"":127.089683,""alt"":100},""targetSpeed"":36,""seq"":7}","{""phase"":""I"",""startLLA"":{""lat"":37.484917,""lon"":127.089683,""alt"":100},""endLLA"":{""lat"":37.487441,""lon"":127.100603,""alt"":15},""targetSpeed"":30,""seq"":8}","{""phase"":""J"",""startLLA"":{""lat"":37.487441,""lon"":127.100603,""alt"":15},""endLLA"":{""lat"":37.487441,""lon"":127.100603,""alt"":0},""targetSpeed"":10,""seq"":9}","{""phase"":""K"",""startLLA"":{""lat"":37.487441,""lon"":127.100603,""alt"":0},""endLLA"":{""lat"":37.487441,""lon"":127.100603,""alt"":0},""targetSpeed"":3,""seq"":10}",,,,,,,,,,,
b4a2894cba5c,2026-06-20,FPL0815008,UAM0135,a8,8,7,0.875,사당,사당,마곡,마곡,11,gate-4,fato-1,gate-2,fato-4,11:03:18,11:12:18,14:15:04,14:23:34,14:33:34,540,10966,510,12016,0,507,ready,사당 > 180고지 > 영등포 > 목동교 > 염창교 > 가양대교 남단 > 마곡,21.5149,14,"{""phase"":""A"",""startLLA"":{""lat"":37.475767,""lon"":126.982185,""alt"":0},""endLLA"":{""lat"":37.475767,""lon"":126.982185,""alt"":0},""targetSpeed"":3,""seq"":1}","{""phase"":""B"",""startLLA"":{""lat"":37.475767,""lon"":126.982185,""alt"":0},""endLLA"":{""lat"":37.475767,""lon"":126.982185,""alt"":15},""targetSpeed"":10,""seq"":2}","{""phase"":""C"",""startLLA"":{""lat"":37.475767,""lon"":126.982185,""alt"":15},""endLLA"":{""lat"":37.480646,""lon"":126.97001,""alt"":100},""targetSpeed"":36,""seq"":3}","{""phase"":""E"",""startLLA"":{""lat"":37.480646,""lon"":126.97001,""alt"":100},""endLLA"":{""lat"":37.492877,""lon"":126.93949,""alt"":275.53},""targetSpeed"":51.4,""seq"":4}","{""phase"":""E"",""startLLA"":{""lat"":37.492877,""lon"":126.93949,""alt"":275.53},""endLLA"":{""lat"":37.495955,""lon"":126.935259,""alt"":305},""targetSpeed"":51.4,""seq"":5}","{""phase"":""F"",""startLLA"":{""lat"":37.495955,""lon"":126.935259,""alt"":305},""endLLA"":{""lat"":37.515965,""lon"":126.907756,""alt"":305},""targetSpeed"":51.4,""seq"":6}","{""phase"":""F"",""startLLA"":{""lat"":37.515965,""lon"":126.907756,""alt"":305},""endLLA"":{""lat"":37.530667,""lon"":126.888262,""alt"":305},""targetSpeed"":51.4,""seq"":7}","{""phase"":""F"",""startLLA"":{""lat"":37.530667,""lon"":126.888262,""alt"":305},""endLLA"":{""lat"":37.553824,""lon"":126.875819,""alt"":305},""targetSpeed"":51.4,""seq"":8}","{""phase"":""F"",""startLLA"":{""lat"":37.553824,""lon"":126.875819,""alt"":305},""endLLA"":{""lat"":37.569391,""lon"":126.861026,""alt"":305},""targetSpeed"":51.4,""seq"":9}","{""phase"":""F"",""startLLA"":{""lat"":37.569391,""lon"":126.861026,""alt"":305},""endLLA"":{""lat"":37.567855,""lon"":126.842869,""alt"":305},""targetSpeed"":51.4,""seq"":10}","{""phase"":""G"",""startLLA"":{""lat"":37.567855,""lon"":126.842869,""alt"":305},""endLLA"":{""lat"":37.564492,""lon"":126.803119,""alt"":100},""targetSpeed"":36,""seq"":11}","{""phase"":""I"",""startLLA"":{""lat"":37.564492,""lon"":126.803119,""alt"":100},""endLLA"":{""lat"":37.563535,""lon"":126.791805,""alt"":15},""targetSpeed"":30,""seq"":12}","{""phase"":""J"",""startLLA"":{""lat"":37.563535,""lon"":126.791805,""alt"":15},""endLLA"":{""lat"":37.563535,""lon"":126.791805,""alt"":0},""targetSpeed"":10,""seq"":13}","{""phase"":""K"",""startLLA"":{""lat"":37.563535,""lon"":126.791805,""alt"":0},""endLLA"":{""lat"":37.563535,""lon"":126.791805,""alt"":0},""targetSpeed"":3,""seq"":14}",,,,,,,
b4a2894cba5c,2026-06-20,FPL0812006,UAM0040,a8,8,4,0.5,사당,사당,광화문,광화문,11,gate-3,fato-2,gate-8,fato-4,11:04:28,11:12:58,11:20:49,11:28:02,11:38:02,510,471.89,432.43,1414.33,0,22.43,ready,사당 > 180고지 > 영등포 > 선유도 17고지 > 성산대교 중간지점 > 홍대입구 > 광화문,20.239,14,"{""phase"":""A"",""startLLA"":{""lat"":37.475767,""lon"":126.982185,""alt"":0},""endLLA"":{""lat"":37.475767,""lon"":126.982185,""alt"":0},""targetSpeed"":3,""seq"":1}","{""phase"":""B"",""startLLA"":{""lat"":37.475767,""lon"":126.982185,""alt"":0},""endLLA"":{""lat"":37.475767,""lon"":126.982185,""alt"":15},""targetSpeed"":10,""seq"":2}","{""phase"":""C"",""startLLA"":{""lat"":37.475767,""lon"":126.982185,""alt"":15},""endLLA"":{""lat"":37.480587,""lon"":126.970158,""alt"":100},""targetSpeed"":36,""seq"":3}","{""phase"":""E"",""startLLA"":{""lat"":37.480587,""lon"":126.970158,""alt"":100},""endLLA"":{""lat"":37.492877,""lon"":126.93949,""alt"":278.55},""targetSpeed"":51.4,""seq"":4}","{""phase"":""E"",""startLLA"":{""lat"":37.492877,""lon"":126.93949,""alt"":278.55},""endLLA"":{""lat"":37.495606,""lon"":126.935739,""alt"":305},""targetSpeed"":51.4,""seq"":5}","{""phase"":""F"",""startLLA"":{""lat"":37.495606,""lon"":126.935739,""alt"":305},""endLLA"":{""lat"":37.515965,""lon"":126.907756,""alt"":305},""targetSpeed"":51.4,""seq"":6}","{""phase"":""F"",""startLLA"":{""lat"":37.515965,""lon"":126.907756,""alt"":305},""endLLA"":{""lat"":37.542307,""lon"":126.90249,""alt"":305},""targetSpeed"":51.4,""seq"":7}","{""phase"":""F"",""startLLA"":{""lat"":37.542307,""lon"":126.90249,""alt"":305},""endLLA"":{""lat"":37.552574,""lon"":126.891431,""alt"":305},""targetSpeed"":51.4,""seq"":8}","{""phase"":""F"",""startLLA"":{""lat"":37.552574,""lon"":126.891431,""alt"":305},""endLLA"":{""lat"":37.556786,""lon"":126.923706,""alt"":305},""targetSpeed"":51.4,""seq"":9}","{""phase"":""F"",""startLLA"":{""lat"":37.556786,""lon"":126.923706,""alt"":305},""endLLA"":{""lat"":37.557137,""lon"":126.925138,""alt"":305},""targetSpeed"":51.4,""seq"":10}","{""phase"":""G"",""startLLA"":{""lat"":37.557137,""lon"":126.925138,""alt"":305},""endLLA"":{""lat"":37.566379,""lon"":126.962865,""alt"":100},""targetSpeed"":36,""seq"":11}","{""phase"":""I"",""startLLA"":{""lat"":37.566379,""lon"":126.962865,""alt"":100},""endLLA"":{""lat"":37.56901,""lon"":126.973604,""alt"":15},""targetSpeed"":30,""seq"":12}","{""phase"":""J"",""startLLA"":{""lat"":37.56901,""lon"":126.973604,""alt"":15},""endLLA"":{""lat"":37.56901,""lon"":126.973604,""alt"":0},""targetSpeed"":10,""seq"":13}","{""phase"":""K"",""startLLA"":{""lat"":37.56901,""lon"":126.973604,""alt"":0},""endLLA"":{""lat"":37.56901,""lon"":126.973604,""alt"":0},""targetSpeed"":3,""seq"":14}",,,,,,,
b4a2894cba5c,2026-06-20,FPL0806005,UAM0092,a4,4,4,1,사당,사당,미아,미아,11,gate-8,fato-1,gate-8,fato-4,11:08:28,11:18:18,11:28:26,11:35:16,11:45:16,590,608.5,410,1608.5,50,0,ready,사당 > 경부고속도로 양재천 다리 > 대치교 > 청담대교 중간지점 > 건대입구 > 중랑천 제방길 > 상봉 > 월릉교 > 미아,27.2607,16,"{""phase"":""A"",""startLLA"":{""lat"":37.475767,""lon"":126.982185,""alt"":0},""endLLA"":{""lat"":37.475767,""lon"":126.982185,""alt"":0},""targetSpeed"":3,""seq"":1}","{""phase"":""B"",""startLLA"":{""lat"":37.475767,""lon"":126.982185,""alt"":0},""endLLA"":{""lat"":37.475767,""lon"":126.982185,""alt"":15},""targetSpeed"":10,""seq"":2}","{""phase"":""C"",""startLLA"":{""lat"":37.475767,""lon"":126.982185,""alt"":15},""endLLA"":{""lat"":37.474631,""lon"":126.995747,""alt"":100},""targetSpeed"":36,""seq"":3}","{""phase"":""E"",""startLLA"":{""lat"":37.474631,""lon"":126.995747,""alt"":100},""endLLA"":{""lat"":37.471593,""lon"":127.032031,""alt"":287.34},""targetSpeed"":51.4,""seq"":4}","{""phase"":""E"",""startLLA"":{""lat"":37.471593,""lon"":127.032031,""alt"":287.34},""endLLA"":{""lat"":37.47328,""lon"":127.034734,""alt"":305},""targetSpeed"":51.4,""seq"":5}","{""phase"":""F"",""startLLA"":{""lat"":37.47328,""lon"":127.034734,""alt"":305},""endLLA"":{""lat"":37.497702,""lon"":127.073855,""alt"":305},""targetSpeed"":51.4,""seq"":6}","{""phase"":""F"",""startLLA"":{""lat"":37.497702,""lon"":127.073855,""alt"":305},""endLLA"":{""lat"":37.526451,""lon"":127.064361,""alt"":305},""targetSpeed"":51.4,""seq"":7}","{""phase"":""F"",""startLLA"":{""lat"":37.526451,""lon"":127.064361,""alt"":305},""endLLA"":{""lat"":37.540426,""lon"":127.069298,""alt"":305},""targetSpeed"":51.4,""seq"":8}","{""phase"":""F"",""startLLA"":{""lat"":37.540426,""lon"":127.069298,""alt"":305},""endLLA"":{""lat"":37.580774,""lon"":127.077387,""alt"":305},""targetSpeed"":51.4,""seq"":9}","{""phase"":""F"",""startLLA"":{""lat"":37.580774,""lon"":127.077387,""alt"":305},""endLLA"":{""lat"":37.596919,""lon"":127.084854,""alt"":305},""targetSpeed"":51.4,""seq"":10}","{""phase"":""F"",""startLLA"":{""lat"":37.596919,""lon"":127.084854,""alt"":305},""endLLA"":{""lat"":37.614356,""lon"":127.072723,""alt"":305},""targetSpeed"":51.4,""seq"":11}","{""phase"":""G"",""startLLA"":{""lat"":37.614356,""lon"":127.072723,""alt"":305},""endLLA"":{""lat"":37.616266,""lon"":127.071394,""alt"":290.89},""targetSpeed"":36,""seq"":12}","{""phase"":""G"",""startLLA"":{""lat"":37.616266,""lon"":127.071394,""alt"":290.89},""endLLA"":{""lat"":37.626943,""lon"":127.036668,""alt"":100},""targetSpeed"":36,""seq"":13}","{""phase"":""I"",""startLLA"":{""lat"":37.626943,""lon"":127.036668,""alt"":100},""endLLA"":{""lat"":37.630207,""lon"":127.026053,""alt"":15},""targetSpeed"":30,""seq"":14}","{""phase"":""J"",""startLLA"":{""lat"":37.630207,""lon"":127.026053,""alt"":15},""endLLA"":{""lat"":37.630207,""lon"":127.026053,""alt"":0},""targetSpeed"":10,""seq"":15}","{""phase"":""K"",""startLLA"":{""lat"":37.630207,""lon"":127.026053,""alt"":0},""endLLA"":{""lat"":37.630207,""lon"":127.026053,""alt"":0},""targetSpeed"":3,""seq"":16}",,,,,
b4a2894cba5c,2026-06-20,FPL0805008,UAM0126,a6,6,4,0.6667,사당,사당,목동,목동,11,gate-4,fato-1,gate-3,fato-4,11:23:28,11:32:28,11:37:20,11:44:40,11:54:40,540,292.84,440,1272.84,0,0,ready,사당 > 180고지 > 영등포 > 목동,11.0358,11,"{""phase"":""A"",""startLLA"":{""lat"":37.475767,""lon"":126.982185,""alt"":0},""endLLA"":{""lat"":37.475767,""lon"":126.982185,""alt"":0},""targetSpeed"":3,""seq"":1}","{""phase"":""B"",""startLLA"":{""lat"":37.475767,""lon"":126.982185,""alt"":0},""endLLA"":{""lat"":37.475767,""lon"":126.982185,""alt"":15},""targetSpeed"":10,""seq"":2}","{""phase"":""C"",""startLLA"":{""lat"":37.475767,""lon"":126.982185,""alt"":15},""endLLA"":{""lat"":37.480648,""lon"":126.970006,""alt"":100},""targetSpeed"":36,""seq"":3}","{""phase"":""E"",""startLLA"":{""lat"":37.480648,""lon"":126.970006,""alt"":100},""endLLA"":{""lat"":37.492877,""lon"":126.93949,""alt"":275.46},""targetSpeed"":51.4,""seq"":4}","{""phase"":""E"",""startLLA"":{""lat"":37.492877,""lon"":126.93949,""alt"":275.46},""endLLA"":{""lat"":37.495964,""lon"":126.935246,""alt"":305},""targetSpeed"":51.4,""seq"":5}","{""phase"":""F"",""startLLA"":{""lat"":37.495964,""lon"":126.935246,""alt"":305},""endLLA"":{""lat"":37.506735,""lon"":126.920442,""alt"":305},""targetSpeed"":51.4,""seq"":6}","{""phase"":""G"",""startLLA"":{""lat"":37.506735,""lon"":126.920442,""alt"":305},""endLLA"":{""lat"":37.515965,""lon"":126.907756,""alt"":216.68},""targetSpeed"":36,""seq"":7}","{""phase"":""G"",""startLLA"":{""lat"":37.515965,""lon"":126.907756,""alt"":216.68},""endLLA"":{""lat"":37.522883,""lon"":126.886749,""alt"":100},""targetSpeed"":36,""seq"":8}","{""phase"":""I"",""startLLA"":{""lat"":37.522883,""lon"":126.886749,""alt"":100},""endLLA"":{""lat"":37.526343,""lon"":126.876243,""alt"":15},""targetSpeed"":30,""seq"":9}","{""phase"":""J"",""startLLA"":{""lat"":37.526343,""lon"":126.876243,""alt"":15},""endLLA"":{""lat"":37.526343,""lon"":126.876243,""alt"":0},""targetSpeed"":10,""seq"":10}","{""phase"":""K"",""startLLA"":{""lat"":37.526343,""lon"":126.876243,""alt"":0},""endLLA"":{""lat"":37.526343,""lon"":126.876243,""alt"":0},""targetSpeed"":3,""seq"":11}",,,,,,,,,,
b4a2894cba5c,2026-06-20,FPL0810004,UAM0028,a4,4,4,1,사당,사당,연신내,연신내,11,gate-8,fato-1,gate-8,fato-4,11:31:01,11:40:01,11:47:58,11:54:48,12:04:48,540,477.34,410,1427.34,0,0,ready,사당 > 180고지 > 영등포 > 선유도 17고지 > 성산대교 중간지점 > 수색교 > 연신내,20.5191,14,"{""phase"":""A"",""startLLA"":{""lat"":37.475767,""lon"":126.982185,""alt"":0},""endLLA"":{""lat"":37.475767,""lon"":126.982185,""alt"":0},""targetSpeed"":3,""seq"":1}","{""phase"":""B"",""startLLA"":{""lat"":37.475767,""lon"":126.982185,""alt"":0},""endLLA"":{""lat"":37.475767,""lon"":126.982185,""alt"":15},""targetSpeed"":10,""seq"":2}","{""phase"":""C"",""startLLA"":{""lat"":37.475767,""lon"":126.982185,""alt"":15},""endLLA"":{""lat"":37.480646,""lon"":126.97001,""alt"":100},""targetSpeed"":36,""seq"":3}","{""phase"":""E"",""startLLA"":{""lat"":37.480646,""lon"":126.97001,""alt"":100},""endLLA"":{""lat"":37.492877,""lon"":126.93949,""alt"":275.53},""targetSpeed"":51.4,""seq"":4}","{""phase"":""E"",""startLLA"":{""lat"":37.492877,""lon"":126.93949,""alt"":275.53},""endLLA"":{""lat"":37.495955,""lon"":126.935259,""alt"":305},""targetSpeed"":51.4,""seq"":5}","{""phase"":""F"",""startLLA"":{""lat"":37.495955,""lon"":126.935259,""alt"":305},""endLLA"":{""lat"":37.515965,""lon"":126.907756,""alt"":305},""targetSpeed"":51.4,""seq"":6}","{""phase"":""F"",""startLLA"":{""lat"":37.515965,""lon"":126.907756,""alt"":305},""endLLA"":{""lat"":37.542307,""lon"":126.90249,""alt"":305},""targetSpeed"":51.4,""seq"":7}","{""phase"":""F"",""startLLA"":{""lat"":37.542307,""lon"":126.90249,""alt"":305},""endLLA"":{""lat"":37.552574,""lon"":126.891431,""alt"":305},""targetSpeed"":51.4,""seq"":8}","{""phase"":""F"",""startLLA"":{""lat"":37.552574,""lon"":126.891431,""alt"":305},""endLLA"":{""lat"":37.583699,""lon"":126.886697,""alt"":305},""targetSpeed"":51.4,""seq"":9}","{""phase"":""G"",""startLLA"":{""lat"":37.583699,""lon"":126.886697,""alt"":305},""endLLA"":{""lat"":37.586283,""lon"":126.886304,""alt"":288.16},""targetSpeed"":36,""seq"":10}","{""phase"":""G"",""startLLA"":{""lat"":37.586283,""lon"":126.886304,""alt"":288.16},""endLLA"":{""lat"":37.60526,""lon"":126.914121,""alt"":100},""targetSpeed"":36,""seq"":11}","{""phase"":""I"",""startLLA"":{""lat"":37.60526,""lon"":126.914121,""alt"":100},""endLLA"":{""lat"":37.611145,""lon"":126.922747,""alt"":15},""targetSpeed"":30,""seq"":12}","{""phase"":""J"",""startLLA"":{""lat"":37.611145,""lon"":126.922747,""alt"":15},""endLLA"":{""lat"":37.611145,""lon"":126.922747,""alt"":0},""targetSpeed"":10,""seq"":13}","{""phase"":""K"",""startLLA"":{""lat"":37.611145,""lon"":126.922747,""alt"":0},""endLLA"":{""lat"":37.611145,""lon"":126.922747,""alt"":0},""targetSpeed"":3,""seq"":14}",,,,,,,
b4a2894cba5c,2026-06-20,FPL0817008,UAM0070,a6,6,3,0.5,사당,사당,수서,수서,11,gate-4,fato-1,gate-3,fato-4,11:41:59,11:50:59,11:57:19,12:04:39,12:14:39,540,380.05,440,1360.05,0,93.19,ready,사당 > 경부고속도로 양재천 다리 > 수서,10.7285,10,"{""phase"":""A"",""startLLA"":{""lat"":37.475767,""lon"":126.982185,""alt"":0},""endLLA"":{""lat"":37.475767,""lon"":126.982185,""alt"":0},""targetSpeed"":3,""seq"":1}","{""phase"":""B"",""startLLA"":{""lat"":37.475767,""lon"":126.982185,""alt"":0},""endLLA"":{""lat"":37.475767,""lon"":126.982185,""alt"":15},""targetSpeed"":10,""seq"":2}","{""phase"":""C"",""startLLA"":{""lat"":37.475767,""lon"":126.982185,""alt"":15},""endLLA"":{""lat"":37.47463,""lon"":126.995757,""alt"":100},""targetSpeed"":36,""seq"":3}","{""phase"":""E"",""startLLA"":{""lat"":37.47463,""lon"":126.995757,""alt"":100},""endLLA"":{""lat"":37.471593,""lon"":127.032031,""alt"":287.14},""targetSpeed"":51.4,""seq"":4}","{""phase"":""E"",""startLLA"":{""lat"":37.471593,""lon"":127.032031,""alt"":287.14},""endLLA"":{""lat"":37.472365,""lon"":127.035373,""alt"":305},""targetSpeed"":51.4,""seq"":5}","{""phase"":""F"",""startLLA"":{""lat"":37.472365,""lon"":127.035373,""alt"":305},""endLLA"":{""lat"":37.476051,""lon"":127.051318,""alt"":305},""targetSpeed"":51.4,""seq"":6}","{""phase"":""G"",""startLLA"":{""lat"":37.476051,""lon"":127.051318,""alt"":305},""endLLA"":{""lat"":37.484917,""lon"":127.089683,""alt"":100},""targetSpeed"":36,""seq"":7}","{""phase"":""I"",""startLLA"":{""lat"":37.484917,""lon"":127.089683,""alt"":100},""endLLA"":{""lat"":37.487441,""lon"":127.100603,""alt"":15},""targetSpeed"":30,""seq"":8}","{""phase"":""J"",""startLLA"":{""lat"":37.487441,""lon"":127.100603,""alt"":15},""endLLA"":{""lat"":37.487441,""lon"":127.100603,""alt"":0},""targetSpeed"":10,""seq"":9}","{""phase"":""K"",""startLLA"":{""lat"":37.487441,""lon"":127.100603,""alt"":0},""endLLA"":{""lat"":37.487441,""lon"":127.100603,""alt"":0},""targetSpeed"":3,""seq"":10}",,,,,,,,,,,
b4a2894cba5c,2026-06-20,FPL0811008,UAM0037,a6,6,3,0.5,사당,사당,천호,천호,11,gate-8,fato-1,gate-7,fato-3,11:50:28,11:59:28,12:06:41,12:14:01,12:24:01,540,433.41,440,1413.41,0,0,ready,사당 > 경부고속도로 양재천 다리 > 대치교 > 청담대교 중간지점 > 잠실대교 중간지점 > 천호,18.2608,13,"{""phase"":""A"",""startLLA"":{""lat"":37.475767,""lon"":126.982185,""alt"":0},""endLLA"":{""lat"":37.475767,""lon"":126.982185,""alt"":0},""targetSpeed"":3,""seq"":1}","{""phase"":""B"",""startLLA"":{""lat"":37.475767,""lon"":126.982185,""alt"":0},""endLLA"":{""lat"":37.475767,""lon"":126.982185,""alt"":15},""targetSpeed"":10,""seq"":2}","{""phase"":""C"",""startLLA"":{""lat"":37.475767,""lon"":126.982185,""alt"":15},""endLLA"":{""lat"":37.474631,""lon"":126.995751,""alt"":100},""targetSpeed"":36,""seq"":3}","{""phase"":""E"",""startLLA"":{""lat"":37.474631,""lon"":126.995751,""alt"":100},""endLLA"":{""lat"":37.471593,""lon"":127.032031,""alt"":287.26},""targetSpeed"":51.4,""seq"":4}","{""phase"":""E"",""startLLA"":{""lat"":37.471593,""lon"":127.032031,""alt"":287.26},""endLLA"":{""lat"":37.473289,""lon"":127.034748,""alt"":305},""targetSpeed"":51.4,""seq"":5}","{""phase"":""F"",""startLLA"":{""lat"":37.473289,""lon"":127.034748,""alt"":305},""endLLA"":{""lat"":37.497702,""lon"":127.073855,""alt"":305},""targetSpeed"":51.4,""seq"":6}","{""phase"":""F"",""startLLA"":{""lat"":37.497702,""lon"":127.073855,""alt"":305},""endLLA"":{""lat"":37.526451,""lon"":127.064361,""alt"":305},""targetSpeed"":51.4,""seq"":7}","{""phase"":""F"",""startLLA"":{""lat"":37.526451,""lon"":127.064361,""alt"":305},""endLLA"":{""lat"":37.525291,""lon"":127.078991,""alt"":305},""targetSpeed"":51.4,""seq"":8}","{""phase"":""G"",""startLLA"":{""lat"":37.525291,""lon"":127.078991,""alt"":305},""endLLA"":{""lat"":37.524288,""lon"":127.091639,""alt"":239.8},""targetSpeed"":36,""seq"":9}","{""phase"":""G"",""startLLA"":{""lat"":37.524288,""lon"":127.091639,""alt"":239.8},""endLLA"":{""lat"":37.539418,""lon"":127.111105,""alt"":100},""targetSpeed"":36,""seq"":10}","{""phase"":""I"",""startLLA"":{""lat"":37.539418,""lon"":127.111105,""alt"":100},""endLLA"":{""lat"":37.545733,""lon"":127.11923,""alt"":15},""targetSpeed"":30,""seq"":11}","{""phase"":""J"",""startLLA"":{""lat"":37.545733,""lon"":127.11923,""alt"":15},""endLLA"":{""lat"":37.545733,""lon"":127.11923,""alt"":0},""targetSpeed"":10,""seq"":12}","{""phase"":""K"",""startLLA"":{""lat"":37.545733,""lon"":127.11923,""alt"":0},""endLLA"":{""lat"":37.545733,""lon"":127.11923,""alt"":0},""targetSpeed"":3,""seq"":13}",,,,,,,,
b4a2894cba5c,2026-06-20,FPL0803007,UAM0050,a2,2,2,1,사당,사당,상암,상암,11,gate-3,fato-2,gate-2,fato-4,11:51:38,12:00:08,12:05:48,12:13:38,12:23:38,510,340.18,470,1320.18,0,0,ready,사당 > 180고지 > 영등포 > 선유도 17고지 > 상암,13.4688,12,"{""phase"":""A"",""startLLA"":{""lat"":37.475767,""lon"":126.982185,""alt"":0},""endLLA"":{""lat"":37.475767,""lon"":126.982185,""alt"":0},""targetSpeed"":3,""seq"":1}","{""phase"":""B"",""startLLA"":{""lat"":37.475767,""lon"":126.982185,""alt"":0},""endLLA"":{""lat"":37.475767,""lon"":126.982185,""alt"":15},""targetSpeed"":10,""seq"":2}","{""phase"":""C"",""startLLA"":{""lat"":37.475767,""lon"":126.982185,""alt"":15},""endLLA"":{""lat"":37.480647,""lon"":126.970008,""alt"":100},""targetSpeed"":36,""seq"":3}","{""phase"":""E"",""startLLA"":{""lat"":37.480647,""lon"":126.970008,""alt"":100},""endLLA"":{""lat"":37.492877,""lon"":126.93949,""alt"":275.49},""targetSpeed"":51.4,""seq"":4}","{""phase"":""E"",""startLLA"":{""lat"":37.492877,""lon"":126.93949,""alt"":275.49},""endLLA"":{""lat"":37.495961,""lon"":126.935252,""alt"":305},""targetSpeed"":51.4,""seq"":5}","{""phase"":""F"",""startLLA"":{""lat"":37.495961,""lon"":126.935252,""alt"":305},""endLLA"":{""lat"":37.515965,""lon"":126.907756,""alt"":305},""targetSpeed"":51.4,""seq"":6}","{""phase"":""F"",""startLLA"":{""lat"":37.515965,""lon"":126.907756,""alt"":305},""endLLA"":{""lat"":37.524062,""lon"":126.906137,""alt"":305},""targetSpeed"":51.4,""seq"":7}","{""phase"":""G"",""startLLA"":{""lat"":37.524062,""lon"":126.906137,""alt"":305},""endLLA"":{""lat"":37.542307,""lon"":126.90249,""alt"":185.51},""targetSpeed"":36,""seq"":8}","{""phase"":""G"",""startLLA"":{""lat"":37.542307,""lon"":126.90249,""alt"":185.51},""endLLA"":{""lat"":37.55418,""lon"":126.895159,""alt"":100},""targetSpeed"":36,""seq"":9}","{""phase"":""I"",""startLLA"":{""lat"":37.55418,""lon"":126.895159,""alt"":100},""endLLA"":{""lat"":37.562282,""lon"":126.890156,""alt"":15},""targetSpeed"":30,""seq"":10}","{""phase"":""J"",""startLLA"":{""lat"":37.562282,""lon"":126.890156,""alt"":15},""endLLA"":{""lat"":37.562282,""lon"":126.890156,""alt"":0},""targetSpeed"":10,""seq"":11}","{""phase"":""K"",""startLLA"":{""lat"":37.562282,""lon"":126.890156,""alt"":0},""endLLA"":{""lat"":37.562282,""lon"":126.890156,""alt"":0},""targetSpeed"":3,""seq"":12}",,,,,,,,,
b4a2894cba5c,2026-06-20,FPL0811009,UAM0067,a4,4,4,1,사당,사당,천호,천호,12,gate-4,fato-1,gate-6,fato-3,12:00:42,12:09:42,12:17:39,12:25:29,12:35:29,540,477.54,470,1487.54,0,44.13,ready,사당 > 경부고속도로 양재천 다리 > 대치교 > 청담대교 중간지점 > 잠실대교 중간지점 > 천호,18.2608,13,"{""phase"":""A"",""startLLA"":{""lat"":37.475767,""lon"":126.982185,""alt"":0},""endLLA"":{""lat"":37.475767,""lon"":126.982185,""alt"":0},""targetSpeed"":3,""seq"":1}","{""phase"":""B"",""startLLA"":{""lat"":37.475767,""lon"":126.982185,""alt"":0},""endLLA"":{""lat"":37.475767,""lon"":126.982185,""alt"":15},""targetSpeed"":10,""seq"":2}","{""phase"":""C"",""startLLA"":{""lat"":37.475767,""lon"":126.982185,""alt"":15},""endLLA"":{""lat"":37.474631,""lon"":126.995751,""alt"":100},""targetSpeed"":36,""seq"":3}","{""phase"":""E"",""startLLA"":{""lat"":37.474631,""lon"":126.995751,""alt"":100},""endLLA"":{""lat"":37.471593,""lon"":127.032031,""alt"":287.26},""targetSpeed"":51.4,""seq"":4}","{""phase"":""E"",""startLLA"":{""lat"":37.471593,""lon"":127.032031,""alt"":287.26},""endLLA"":{""lat"":37.473289,""lon"":127.034748,""alt"":305},""targetSpeed"":51.4,""seq"":5}","{""phase"":""F"",""startLLA"":{""lat"":37.473289,""lon"":127.034748,""alt"":305},""endLLA"":{""lat"":37.497702,""lon"":127.073855,""alt"":305},""targetSpeed"":51.4,""seq"":6}","{""phase"":""F"",""startLLA"":{""lat"":37.497702,""lon"":127.073855,""alt"":305},""endLLA"":{""lat"":37.526451,""lon"":127.064361,""alt"":305},""targetSpeed"":51.4,""seq"":7}","{""phase"":""F"",""startLLA"":{""lat"":37.526451,""lon"":127.064361,""alt"":305},""endLLA"":{""lat"":37.525291,""lon"":127.078991,""alt"":305},""targetSpeed"":51.4,""seq"":8}","{""phase"":""G"",""startLLA"":{""lat"":37.525291,""lon"":127.078991,""alt"":305},""endLLA"":{""lat"":37.524288,""lon"":127.091639,""alt"":239.8},""targetSpeed"":36,""seq"":9}","{""phase"":""G"",""startLLA"":{""lat"":37.524288,""lon"":127.091639,""alt"":239.8},""endLLA"":{""lat"":37.539418,""lon"":127.111105,""alt"":100},""targetSpeed"":36,""seq"":10}","{""phase"":""I"",""startLLA"":{""lat"":37.539418,""lon"":127.111105,""alt"":100},""endLLA"":{""lat"":37.545733,""lon"":127.11923,""alt"":15},""targetSpeed"":30,""seq"":11}","{""phase"":""J"",""startLLA"":{""lat"":37.545733,""lon"":127.11923,""alt"":15},""endLLA"":{""lat"":37.545733,""lon"":127.11923,""alt"":0},""targetSpeed"":10,""seq"":12}","{""phase"":""K"",""startLLA"":{""lat"":37.545733,""lon"":127.11923,""alt"":0},""endLLA"":{""lat"":37.545733,""lon"":127.11923,""alt"":0},""targetSpeed"":3,""seq"":13}",,,,,,,,
b4a2894cba5c,2026-06-20,FPL0810005,UAM0097,a2,2,2,1,사당,사당,연신내,연신내,12,gate-7,fato-2,gate-2,fato-4,12:04:17,12:13:25,12:21:23,12:29:13,12:39:13,548.84,477.34,470,1496.19,38.84,0,ready,사당 > 180고지 > 영등포 > 선유도 17고지 > 성산대교 중간지점 > 수색교 > 연신내,20.5191,14,"{""phase"":""A"",""startLLA"":{""lat"":37.475767,""lon"":126.982185,""alt"":0},""endLLA"":{""lat"":37.475767,""lon"":126.982185,""alt"":0},""targetSpeed"":3,""seq"":1}","{""phase"":""B"",""startLLA"":{""lat"":37.475767,""lon"":126.982185,""alt"":0},""endLLA"":{""lat"":37.475767,""lon"":126.982185,""alt"":15},""targetSpeed"":10,""seq"":2}","{""phase"":""C"",""startLLA"":{""lat"":37.475767,""lon"":126.982185,""alt"":15},""endLLA"":{""lat"":37.480646,""lon"":126.97001,""alt"":100},""targetSpeed"":36,""seq"":3}","{""phase"":""E"",""startLLA"":{""lat"":37.480646,""lon"":126.97001,""alt"":100},""endLLA"":{""lat"":37.492877,""lon"":126.93949,""alt"":275.53},""targetSpeed"":51.4,""seq"":4}","{""phase"":""E"",""startLLA"":{""lat"":37.492877,""lon"":126.93949,""alt"":275.53},""endLLA"":{""lat"":37.495955,""lon"":126.935259,""alt"":305},""targetSpeed"":51.4,""seq"":5}","{""phase"":""F"",""startLLA"":{""lat"":37.495955,""lon"":126.935259,""alt"":305},""endLLA"":{""lat"":37.515965,""lon"":126.907756,""alt"":305},""targetSpeed"":51.4,""seq"":6}","{""phase"":""F"",""startLLA"":{""lat"":37.515965,""lon"":126.907756,""alt"":305},""endLLA"":{""lat"":37.542307,""lon"":126.90249,""alt"":305},""targetSpeed"":51.4,""seq"":7}","{""phase"":""F"",""startLLA"":{""lat"":37.542307,""lon"":126.90249,""alt"":305},""endLLA"":{""lat"":37.552574,""lon"":126.891431,""alt"":305},""targetSpeed"":51.4,""seq"":8}","{""phase"":""F"",""startLLA"":{""lat"":37.552574,""lon"":126.891431,""alt"":305},""endLLA"":{""lat"":37.583699,""lon"":126.886697,""alt"":305},""targetSpeed"":51.4,""seq"":9}","{""phase"":""G"",""startLLA"":{""lat"":37.583699,""lon"":126.886697,""alt"":305},""endLLA"":{""lat"":37.586283,""lon"":126.886304,""alt"":288.16},""targetSpeed"":36,""seq"":10}","{""phase"":""G"",""startLLA"":{""lat"":37.586283,""lon"":126.886304,""alt"":288.16},""endLLA"":{""lat"":37.60526,""lon"":126.914121,""alt"":100},""targetSpeed"":36,""seq"":11}","{""phase"":""I"",""startLLA"":{""lat"":37.60526,""lon"":126.914121,""alt"":100},""endLLA"":{""lat"":37.611145,""lon"":126.922747,""alt"":15},""targetSpeed"":30,""seq"":12}","{""phase"":""J"",""startLLA"":{""lat"":37.611145,""lon"":126.922747,""alt"":15},""endLLA"":{""lat"":37.611145,""lon"":126.922747,""alt"":0},""targetSpeed"":10,""seq"":13}","{""phase"":""K"",""startLLA"":{""lat"":37.611145,""lon"":126.922747,""alt"":0},""endLLA"":{""lat"":37.611145,""lon"":126.922747,""alt"":0},""targetSpeed"":3,""seq"":14}",,,,,,,
b4a2894cba5c,2026-06-20,FPL0817009,UAM0066,a2,2,2,1,사당,사당,수서,수서,12,gate-2,fato-1,gate-3,fato-4,12:08:12,12:16:12,12:20:58,12:28:18,12:38:18,480,286.87,440,1206.87,0,0,ready,사당 > 경부고속도로 양재천 다리 > 수서,10.7285,10,"{""phase"":""A"",""startLLA"":{""lat"":37.475767,""lon"":126.982185,""alt"":0},""endLLA"":{""lat"":37.475767,""lon"":126.982185,""alt"":0},""targetSpeed"":3,""seq"":1}","{""phase"":""B"",""startLLA"":{""lat"":37.475767,""lon"":126.982185,""alt"":0},""endLLA"":{""lat"":37.475767,""lon"":126.982185,""alt"":15},""targetSpeed"":10,""seq"":2}","{""phase"":""C"",""startLLA"":{""lat"":37.475767,""lon"":126.982185,""alt"":15},""endLLA"":{""lat"":37.47463,""lon"":126.995757,""alt"":100},""targetSpeed"":36,""seq"":3}","{""phase"":""E"",""startLLA"":{""lat"":37.47463,""lon"":126.995757,""alt"":100},""endLLA"":{""lat"":37.471593,""lon"":127.032031,""alt"":287.14},""targetSpeed"":51.4,""seq"":4}","{""phase"":""E"",""startLLA"":{""lat"":37.471593,""lon"":127.032031,""alt"":287.14},""endLLA"":{""lat"":37.472365,""lon"":127.035373,""alt"":305},""targetSpeed"":51.4,""seq"":5}","{""phase"":""F"",""startLLA"":{""lat"":37.472365,""lon"":127.035373,""alt"":305},""endLLA"":{""lat"":37.476051,""lon"":127.051318,""alt"":305},""targetSpeed"":51.4,""seq"":6}","{""phase"":""G"",""startLLA"":{""lat"":37.476051,""lon"":127.051318,""alt"":305},""endLLA"":{""lat"":37.484917,""lon"":127.089683,""alt"":100},""targetSpeed"":36,""seq"":7}","{""phase"":""I"",""startLLA"":{""lat"":37.484917,""lon"":127.089683,""alt"":100},""endLLA"":{""lat"":37.487441,""lon"":127.100603,""alt"":15},""targetSpeed"":30,""seq"":8}","{""phase"":""J"",""startLLA"":{""lat"":37.487441,""lon"":127.100603,""alt"":15},""endLLA"":{""lat"":37.487441,""lon"":127.100603,""alt"":0},""targetSpeed"":10,""seq"":9}","{""phase"":""K"",""startLLA"":{""lat"":37.487441,""lon"":127.100603,""alt"":0},""endLLA"":{""lat"":37.487441,""lon"":127.100603,""alt"":0},""targetSpeed"":3,""seq"":10}",,,,,,,,,,,
b4a2894cba5c,2026-06-20,FPL0816007,UAM0110,a6,6,3,0.5,사당,사당,망우,망우,12,gate-8,fato-2,gate-7,fato-3,12:08:37,12:19:25,12:30:26,12:37:46,12:47:46,648.84,660.24,440,1749.09,108.84,183.59,ready,사당 > 경부고속도로 양재천 다리 > 대치교 > 청담대교 중간지점 > 건대입구 > 망우,20.4833,13,"{""phase"":""A"",""startLLA"":{""lat"":37.475767,""lon"":126.982185,""alt"":0},""endLLA"":{""lat"":37.475767,""lon"":126.982185,""alt"":0},""targetSpeed"":3,""seq"":1}","{""phase"":""B"",""startLLA"":{""lat"":37.475767,""lon"":126.982185,""alt"":0},""endLLA"":{""lat"":37.475767,""lon"":126.982185,""alt"":15},""targetSpeed"":10,""seq"":2}","{""phase"":""C"",""startLLA"":{""lat"":37.475767,""lon"":126.982185,""alt"":15},""endLLA"":{""lat"":37.474631,""lon"":126.99575,""alt"":100},""targetSpeed"":36,""seq"":3}","{""phase"":""E"",""startLLA"":{""lat"":37.474631,""lon"":126.99575,""alt"":100},""endLLA"":{""lat"":37.471593,""lon"":127.032031,""alt"":287.28},""targetSpeed"":51.4,""seq"":4}","{""phase"":""E"",""startLLA"":{""lat"":37.471593,""lon"":127.032031,""alt"":287.28},""endLLA"":{""lat"":37.473287,""lon"":127.034744,""alt"":305},""targetSpeed"":51.4,""seq"":5}","{""phase"":""F"",""startLLA"":{""lat"":37.473287,""lon"":127.034744,""alt"":305},""endLLA"":{""lat"":37.497702,""lon"":127.073855,""alt"":305},""targetSpeed"":51.4,""seq"":6}","{""phase"":""F"",""startLLA"":{""lat"":37.497702,""lon"":127.073855,""alt"":305},""endLLA"":{""lat"":37.526451,""lon"":127.064361,""alt"":305},""targetSpeed"":51.4,""seq"":7}","{""phase"":""F"",""startLLA"":{""lat"":37.526451,""lon"":127.064361,""alt"":305},""endLLA"":{""lat"":37.540426,""lon"":127.069298,""alt"":305},""targetSpeed"":51.4,""seq"":8}","{""phase"":""F"",""startLLA"":{""lat"":37.540426,""lon"":127.069298,""alt"":305},""endLLA"":{""lat"":37.557141,""lon"":127.073901,""alt"":305},""targetSpeed"":51.4,""seq"":9}","{""phase"":""G"",""startLLA"":{""lat"":37.557141,""lon"":127.073901,""alt"":305},""endLLA"":{""lat"":37.588105,""lon"":127.082427,""alt"":100},""targetSpeed"":36,""seq"":10}","{""phase"":""I"",""startLLA"":{""lat"":37.588105,""lon"":127.082427,""alt"":100},""endLLA"":{""lat"":37.596919,""lon"":127.084854,""alt"":15},""targetSpeed"":30,""seq"":11}","{""phase"":""J"",""startLLA"":{""lat"":37.596919,""lon"":127.084854,""alt"":15},""endLLA"":{""lat"":37.596919,""lon"":127.084854,""alt"":0},""targetSpeed"":10,""seq"":12}","{""phase"":""K"",""startLLA"":{""lat"":37.596919,""lon"":127.084854,""alt"":0},""endLLA"":{""lat"":37.596919,""lon"":127.084854,""alt"":0},""targetSpeed"":3,""seq"":13}",,,,,,,,
b4a2894cba5c,2026-06-20,FPL0810006,UAM0042,a2,2,2,1,사당,사당,연신내,연신내,12,gate-3,fato-1,gate-4,fato-3,12:16:06,12:24:36,12:32:33,12:39:23,12:49:23,510,477.34,410,1397.34,0,0,ready,사당 > 180고지 > 영등포 > 선유도 17고지 > 성산대교 중간지점 > 수색교 > 연신내,20.5191,14,"{""phase"":""A"",""startLLA"":{""lat"":37.475767,""lon"":126.982185,""alt"":0},""endLLA"":{""lat"":37.475767,""lon"":126.982185,""alt"":0},""targetSpeed"":3,""seq"":1}","{""phase"":""B"",""startLLA"":{""lat"":37.475767,""lon"":126.982185,""alt"":0},""endLLA"":{""lat"":37.475767,""lon"":126.982185,""alt"":15},""targetSpeed"":10,""seq"":2}","{""phase"":""C"",""startLLA"":{""lat"":37.475767,""lon"":126.982185,""alt"":15},""endLLA"":{""lat"":37.480646,""lon"":126.97001,""alt"":100},""targetSpeed"":36,""seq"":3}","{""phase"":""E"",""startLLA"":{""lat"":37.480646,""lon"":126.97001,""alt"":100},""endLLA"":{""lat"":37.492877,""lon"":126.93949,""alt"":275.53},""targetSpeed"":51.4,""seq"":4}","{""phase"":""E"",""startLLA"":{""lat"":37.492877,""lon"":126.93949,""alt"":275.53},""endLLA"":{""lat"":37.495955,""lon"":126.935259,""alt"":305},""targetSpeed"":51.4,""seq"":5}","{""phase"":""F"",""startLLA"":{""lat"":37.495955,""lon"":126.935259,""alt"":305},""endLLA"":{""lat"":37.515965,""lon"":126.907756,""alt"":305},""targetSpeed"":51.4,""seq"":6}","{""phase"":""F"",""startLLA"":{""lat"":37.515965,""lon"":126.907756,""alt"":305},""endLLA"":{""lat"":37.542307,""lon"":126.90249,""alt"":305},""targetSpeed"":51.4,""seq"":7}","{""phase"":""F"",""startLLA"":{""lat"":37.542307,""lon"":126.90249,""alt"":305},""endLLA"":{""lat"":37.552574,""lon"":126.891431,""alt"":305},""targetSpeed"":51.4,""seq"":8}","{""phase"":""F"",""startLLA"":{""lat"":37.552574,""lon"":126.891431,""alt"":305},""endLLA"":{""lat"":37.583699,""lon"":126.886697,""alt"":305},""targetSpeed"":51.4,""seq"":9}","{""phase"":""G"",""startLLA"":{""lat"":37.583699,""lon"":126.886697,""alt"":305},""endLLA"":{""lat"":37.586283,""lon"":126.886304,""alt"":288.16},""targetSpeed"":36,""seq"":10}","{""phase"":""G"",""startLLA"":{""lat"":37.586283,""lon"":126.886304,""alt"":288.16},""endLLA"":{""lat"":37.60526,""lon"":126.914121,""alt"":100},""targetSpeed"":36,""seq"":11}","{""phase"":""I"",""startLLA"":{""lat"":37.60526,""lon"":126.914121,""alt"":100},""endLLA"":{""lat"":37.611145,""lon"":126.922747,""alt"":15},""targetSpeed"":30,""seq"":12}","{""phase"":""J"",""startLLA"":{""lat"":37.611145,""lon"":126.922747,""alt"":15},""endLLA"":{""lat"":37.611145,""lon"":126.922747,""alt"":0},""targetSpeed"":10,""seq"":13}","{""phase"":""K"",""startLLA"":{""lat"":37.611145,""lon"":126.922747,""alt"":0},""endLLA"":{""lat"":37.611145,""lon"":126.922747,""alt"":0},""targetSpeed"":3,""seq"":14}",,,,,,,
b4a2894cba5c,2026-06-20,FPL0805009,UAM0016,a8,8,3,0.375,사당,사당,목동,목동,12,gate-6,fato-2,gate-8,fato-4,12:18:05,12:26:05,12:36:24,12:43:14,12:53:14,480,619.7,410,1509.7,0,209.7,ready,사당 > 180고지 > 영등포 > 목동,11.0358,11,"{""phase"":""A"",""startLLA"":{""lat"":37.475767,""lon"":126.982185,""alt"":0},""endLLA"":{""lat"":37.475767,""lon"":126.982185,""alt"":0},""targetSpeed"":3,""seq"":1}","{""phase"":""B"",""startLLA"":{""lat"":37.475767,""lon"":126.982185,""alt"":0},""endLLA"":{""lat"":37.475767,""lon"":126.982185,""alt"":15},""targetSpeed"":10,""seq"":2}","{""phase"":""C"",""startLLA"":{""lat"":37.475767,""lon"":126.982185,""alt"":15},""endLLA"":{""lat"":37.480648,""lon"":126.970006,""alt"":100},""targetSpeed"":36,""seq"":3}","{""phase"":""E"",""startLLA"":{""lat"":37.480648,""lon"":126.970006,""alt"":100},""endLLA"":{""lat"":37.492877,""lon"":126.93949,""alt"":275.46},""targetSpeed"":51.4,""seq"":4}","{""phase"":""E"",""startLLA"":{""lat"":37.492877,""lon"":126.93949,""alt"":275.46},""endLLA"":{""lat"":37.495964,""lon"":126.935246,""alt"":305},""targetSpeed"":51.4,""seq"":5}","{""phase"":""F"",""startLLA"":{""lat"":37.495964,""lon"":126.935246,""alt"":305},""endLLA"":{""lat"":37.506735,""lon"":126.920442,""alt"":305},""targetSpeed"":51.4,""seq"":6}","{""phase"":""G"",""startLLA"":{""lat"":37.506735,""lon"":126.920442,""alt"":305},""endLLA"":{""lat"":37.515965,""lon"":126.907756,""alt"":216.68},""targetSpeed"":36,""seq"":7}","{""phase"":""G"",""startLLA"":{""lat"":37.515965,""lon"":126.907756,""alt"":216.68},""endLLA"":{""lat"":37.522883,""lon"":126.886749,""alt"":100},""targetSpeed"":36,""seq"":8}","{""phase"":""I"",""startLLA"":{""lat"":37.522883,""lon"":126.886749,""alt"":100},""endLLA"":{""lat"":37.526343,""lon"":126.876243,""alt"":15},""targetSpeed"":30,""seq"":9}","{""phase"":""J"",""startLLA"":{""lat"":37.526343,""lon"":126.876243,""alt"":15},""endLLA"":{""lat"":37.526343,""lon"":126.876243,""alt"":0},""targetSpeed"":10,""seq"":10}","{""phase"":""K"",""startLLA"":{""lat"":37.526343,""lon"":126.876243,""alt"":0},""endLLA"":{""lat"":37.526343,""lon"":126.876243,""alt"":0},""targetSpeed"":3,""seq"":11}",,,,,,,,,,
b4a2894cba5c,2026-06-20,FPL0815009,UAM0074,a2,2,2,1,사당,사당,마곡,마곡,12,gate-4,fato-1,gate-7,fato-4,12:20:29,12:30:36,13:05:25,13:13:25,13:23:25,607,2089,480,3176,67,330,ready,사당 > 180고지 > 영등포 > 목동교 > 염창교 > 가양대교 남단 > 마곡,21.5149,14,"{""phase"":""A"",""startLLA"":{""lat"":37.475767,""lon"":126.982185,""alt"":0},""endLLA"":{""lat"":37.475767,""lon"":126.982185,""alt"":0},""targetSpeed"":3,""seq"":1}","{""phase"":""B"",""startLLA"":{""lat"":37.475767,""lon"":126.982185,""alt"":0},""endLLA"":{""lat"":37.475767,""lon"":126.982185,""alt"":15},""targetSpeed"":10,""seq"":2}","{""phase"":""C"",""startLLA"":{""lat"":37.475767,""lon"":126.982185,""alt"":15},""endLLA"":{""lat"":37.480646,""lon"":126.97001,""alt"":100},""targetSpeed"":36,""seq"":3}","{""phase"":""E"",""startLLA"":{""lat"":37.480646,""lon"":126.97001,""alt"":100},""endLLA"":{""lat"":37.492877,""lon"":126.93949,""alt"":275.53},""targetSpeed"":51.4,""seq"":4}","{""phase"":""E"",""startLLA"":{""lat"":37.492877,""lon"":126.93949,""alt"":275.53},""endLLA"":{""lat"":37.495955,""lon"":126.935259,""alt"":305},""targetSpeed"":51.4,""seq"":5}","{""phase"":""F"",""startLLA"":{""lat"":37.495955,""lon"":126.935259,""alt"":305},""endLLA"":{""lat"":37.515965,""lon"":126.907756,""alt"":305},""targetSpeed"":51.4,""seq"":6}","{""phase"":""F"",""startLLA"":{""lat"":37.515965,""lon"":126.907756,""alt"":305},""endLLA"":{""lat"":37.530667,""lon"":126.888262,""alt"":305},""targetSpeed"":51.4,""seq"":7}","{""phase"":""F"",""startLLA"":{""lat"":37.530667,""lon"":126.888262,""alt"":305},""endLLA"":{""lat"":37.553824,""lon"":126.875819,""alt"":305},""targetSpeed"":51.4,""seq"":8}","{""phase"":""F"",""startLLA"":{""lat"":37.553824,""lon"":126.875819,""alt"":305},""endLLA"":{""lat"":37.569391,""lon"":126.861026,""alt"":305},""targetSpeed"":51.4,""seq"":9}","{""phase"":""F"",""startLLA"":{""lat"":37.569391,""lon"":126.861026,""alt"":305},""endLLA"":{""lat"":37.567855,""lon"":126.842869,""alt"":305},""targetSpeed"":51.4,""seq"":10}","{""phase"":""G"",""startLLA"":{""lat"":37.567855,""lon"":126.842869,""alt"":305},""endLLA"":{""lat"":37.564492,""lon"":126.803119,""alt"":100},""targetSpeed"":36,""seq"":11}","{""phase"":""I"",""startLLA"":{""lat"":37.564492,""lon"":126.803119,""alt"":100},""endLLA"":{""lat"":37.563535,""lon"":126.791805,""alt"":15},""targetSpeed"":30,""seq"":12}","{""phase"":""J"",""startLLA"":{""lat"":37.563535,""lon"":126.791805,""alt"":15},""endLLA"":{""lat"":37.563535,""lon"":126.791805,""alt"":0},""targetSpeed"":10,""seq"":13}","{""phase"":""K"",""startLLA"":{""lat"":37.563535,""lon"":126.791805,""alt"":0},""endLLA"":{""lat"":37.563535,""lon"":126.791805,""alt"":0},""targetSpeed"":3,""seq"":14}",,,,,,,
b4a2894cba5c,2026-06-20,FPL0806006,UAM0117,a6,6,1,0.1667,사당,사당,미아,미아,12,gate-8,fato-2,gate-3,fato-3,12:26:18,12:35:18,12:45:26,12:52:46,13:02:46,540,608.5,440,1588.5,0,0,ready,사당 > 경부고속도로 양재천 다리 > 대치교 > 청담대교 중간지점 > 건대입구 > 중랑천 제방길 > 상봉 > 월릉교 > 미아,27.2607,16,"{""phase"":""A"",""startLLA"":{""lat"":37.475767,""lon"":126.982185,""alt"":0},""endLLA"":{""lat"":37.475767,""lon"":126.982185,""alt"":0},""targetSpeed"":3,""seq"":1}","{""phase"":""B"",""startLLA"":{""lat"":37.475767,""lon"":126.982185,""alt"":0},""endLLA"":{""lat"":37.475767,""lon"":126.982185,""alt"":15},""targetSpeed"":10,""seq"":2}","{""phase"":""C"",""startLLA"":{""lat"":37.475767,""lon"":126.982185,""alt"":15},""endLLA"":{""lat"":37.474631,""lon"":126.995747,""alt"":100},""targetSpeed"":36,""seq"":3}","{""phase"":""E"",""startLLA"":{""lat"":37.474631,""lon"":126.995747,""alt"":100},""endLLA"":{""lat"":37.471593,""lon"":127.032031,""alt"":287.34},""targetSpeed"":51.4,""seq"":4}","{""phase"":""E"",""startLLA"":{""lat"":37.471593,""lon"":127.032031,""alt"":287.34},""endLLA"":{""lat"":37.47328,""lon"":127.034734,""alt"":305},""targetSpeed"":51.4,""seq"":5}","{""phase"":""F"",""startLLA"":{""lat"":37.47328,""lon"":127.034734,""alt"":305},""endLLA"":{""lat"":37.497702,""lon"":127.073855,""alt"":305},""targetSpeed"":51.4,""seq"":6}","{""phase"":""F"",""startLLA"":{""lat"":37.497702,""lon"":127.073855,""alt"":305},""endLLA"":{""lat"":37.526451,""lon"":127.064361,""alt"":305},""targetSpeed"":51.4,""seq"":7}","{""phase"":""F"",""startLLA"":{""lat"":37.526451,""lon"":127.064361,""alt"":305},""endLLA"":{""lat"":37.540426,""lon"":127.069298,""alt"":305},""targetSpeed"":51.4,""seq"":8}","{""phase"":""F"",""startLLA"":{""lat"":37.540426,""lon"":127.069298,""alt"":305},""endLLA"":{""lat"":37.580774,""lon"":127.077387,""alt"":305},""targetSpeed"":51.4,""seq"":9}","{""phase"":""F"",""startLLA"":{""lat"":37.580774,""lon"":127.077387,""alt"":305},""endLLA"":{""lat"":37.596919,""lon"":127.084854,""alt"":305},""targetSpeed"":51.4,""seq"":10}","{""phase"":""F"",""startLLA"":{""lat"":37.596919,""lon"":127.084854,""alt"":305},""endLLA"":{""lat"":37.614356,""lon"":127.072723,""alt"":305},""targetSpeed"":51.4,""seq"":11}","{""phase"":""G"",""startLLA"":{""lat"":37.614356,""lon"":127.072723,""alt"":305},""endLLA"":{""lat"":37.616266,""lon"":127.071394,""alt"":290.89},""targetSpeed"":36,""seq"":12}","{""phase"":""G"",""startLLA"":{""lat"":37.616266,""lon"":127.071394,""alt"":290.89},""endLLA"":{""lat"":37.626943,""lon"":127.036668,""alt"":100},""targetSpeed"":36,""seq"":13}","{""phase"":""I"",""startLLA"":{""lat"":37.626943,""lon"":127.036668,""alt"":100},""endLLA"":{""lat"":37.630207,""lon"":127.026053,""alt"":15},""targetSpeed"":30,""seq"":14}","{""phase"":""J"",""startLLA"":{""lat"":37.630207,""lon"":127.026053,""alt"":15},""endLLA"":{""lat"":37.630207,""lon"":127.026053,""alt"":0},""targetSpeed"":10,""seq"":15}","{""phase"":""K"",""startLLA"":{""lat"":37.630207,""lon"":127.026053,""alt"":0},""endLLA"":{""lat"":37.630207,""lon"":127.026053,""alt"":0},""targetSpeed"":3,""seq"":16}",,,,,
b4a2894cba5c,2026-06-20,FPL0803008,UAM0020,a4,4,1,0.25,사당,사당,상암,상암,12,gate-7,fato-1,gate-8,fato-3,12:33:34,12:42:04,12:47:44,12:54:34,13:04:34,510,340.18,410,1260.18,0,0,ready,사당 > 180고지 > 영등포 > 선유도 17고지 > 상암,13.4688,12,"{""phase"":""A"",""startLLA"":{""lat"":37.475767,""lon"":126.982185,""alt"":0},""endLLA"":{""lat"":37.475767,""lon"":126.982185,""alt"":0},""targetSpeed"":3,""seq"":1}","{""phase"":""B"",""startLLA"":{""lat"":37.475767,""lon"":126.982185,""alt"":0},""endLLA"":{""lat"":37.475767,""lon"":126.982185,""alt"":15},""targetSpeed"":10,""seq"":2}","{""phase"":""C"",""startLLA"":{""lat"":37.475767,""lon"":126.982185,""alt"":15},""endLLA"":{""lat"":37.480647,""lon"":126.970008,""alt"":100},""targetSpeed"":36,""seq"":3}","{""phase"":""E"",""startLLA"":{""lat"":37.480647,""lon"":126.970008,""alt"":100},""endLLA"":{""lat"":37.492877,""lon"":126.93949,""alt"":275.49},""targetSpeed"":51.4,""seq"":4}","{""phase"":""E"",""startLLA"":{""lat"":37.492877,""lon"":126.93949,""alt"":275.49},""endLLA"":{""lat"":37.495961,""lon"":126.935252,""alt"":305},""targetSpeed"":51.4,""seq"":5}","{""phase"":""F"",""startLLA"":{""lat"":37.495961,""lon"":126.935252,""alt"":305},""endLLA"":{""lat"":37.515965,""lon"":126.907756,""alt"":305},""targetSpeed"":51.4,""seq"":6}","{""phase"":""F"",""startLLA"":{""lat"":37.515965,""lon"":126.907756,""alt"":305},""endLLA"":{""lat"":37.524062,""lon"":126.906137,""alt"":305},""targetSpeed"":51.4,""seq"":7}","{""phase"":""G"",""startLLA"":{""lat"":37.524062,""lon"":126.906137,""alt"":305},""endLLA"":{""lat"":37.542307,""lon"":126.90249,""alt"":185.51},""targetSpeed"":36,""seq"":8}","{""phase"":""G"",""startLLA"":{""lat"":37.542307,""lon"":126.90249,""alt"":185.51},""endLLA"":{""lat"":37.55418,""lon"":126.895159,""alt"":100},""targetSpeed"":36,""seq"":9}","{""phase"":""I"",""startLLA"":{""lat"":37.55418,""lon"":126.895159,""alt"":100},""endLLA"":{""lat"":37.562282,""lon"":126.890156,""alt"":15},""targetSpeed"":30,""seq"":10}","{""phase"":""J"",""startLLA"":{""lat"":37.562282,""lon"":126.890156,""alt"":15},""endLLA"":{""lat"":37.562282,""lon"":126.890156,""alt"":0},""targetSpeed"":10,""seq"":11}","{""phase"":""K"",""startLLA"":{""lat"":37.562282,""lon"":126.890156,""alt"":0},""endLLA"":{""lat"":37.562282,""lon"":126.890156,""alt"":0},""targetSpeed"":3,""seq"":12}",,,,,,,,,
b4a2894cba5c,2026-06-20,FPL0810007,UAM0091,a4,4,1,0.25,사당,사당,연신내,연신내,12,gate-4,fato-1,gate-2,fato-3,12:39:17,12:48:17,12:58:23,13:06:13,13:16:13,540,606.51,470,1616.51,0,129.16,ready,사당 > 180고지 > 영등포 > 선유도 17고지 > 성산대교 중간지점 > 수색교 > 연신내,20.5191,14,"{""phase"":""A"",""startLLA"":{""lat"":37.475767,""lon"":126.982185,""alt"":0},""endLLA"":{""lat"":37.475767,""lon"":126.982185,""alt"":0},""targetSpeed"":3,""seq"":1}","{""phase"":""B"",""startLLA"":{""lat"":37.475767,""lon"":126.982185,""alt"":0},""endLLA"":{""lat"":37.475767,""lon"":126.982185,""alt"":15},""targetSpeed"":10,""seq"":2}","{""phase"":""C"",""startLLA"":{""lat"":37.475767,""lon"":126.982185,""alt"":15},""endLLA"":{""lat"":37.480646,""lon"":126.97001,""alt"":100},""targetSpeed"":36,""seq"":3}","{""phase"":""E"",""startLLA"":{""lat"":37.480646,""lon"":126.97001,""alt"":100},""endLLA"":{""lat"":37.492877,""lon"":126.93949,""alt"":275.53},""targetSpeed"":51.4,""seq"":4}","{""phase"":""E"",""startLLA"":{""lat"":37.492877,""lon"":126.93949,""alt"":275.53},""endLLA"":{""lat"":37.495955,""lon"":126.935259,""alt"":305},""targetSpeed"":51.4,""seq"":5}","{""phase"":""F"",""startLLA"":{""lat"":37.495955,""lon"":126.935259,""alt"":305},""endLLA"":{""lat"":37.515965,""lon"":126.907756,""alt"":305},""targetSpeed"":51.4,""seq"":6}","{""phase"":""F"",""startLLA"":{""lat"":37.515965,""lon"":126.907756,""alt"":305},""endLLA"":{""lat"":37.542307,""lon"":126.90249,""alt"":305},""targetSpeed"":51.4,""seq"":7}","{""phase"":""F"",""startLLA"":{""lat"":37.542307,""lon"":126.90249,""alt"":305},""endLLA"":{""lat"":37.552574,""lon"":126.891431,""alt"":305},""targetSpeed"":51.4,""seq"":8}","{""phase"":""F"",""startLLA"":{""lat"":37.552574,""lon"":126.891431,""alt"":305},""endLLA"":{""lat"":37.583699,""lon"":126.886697,""alt"":305},""targetSpeed"":51.4,""seq"":9}","{""phase"":""G"",""startLLA"":{""lat"":37.583699,""lon"":126.886697,""alt"":305},""endLLA"":{""lat"":37.586283,""lon"":126.886304,""alt"":288.16},""targetSpeed"":36,""seq"":10}","{""phase"":""G"",""startLLA"":{""lat"":37.586283,""lon"":126.886304,""alt"":288.16},""endLLA"":{""lat"":37.60526,""lon"":126.914121,""alt"":100},""targetSpeed"":36,""seq"":11}","{""phase"":""I"",""startLLA"":{""lat"":37.60526,""lon"":126.914121,""alt"":100},""endLLA"":{""lat"":37.611145,""lon"":126.922747,""alt"":15},""targetSpeed"":30,""seq"":12}","{""phase"":""J"",""startLLA"":{""lat"":37.611145,""lon"":126.922747,""alt"":15},""endLLA"":{""lat"":37.611145,""lon"":126.922747,""alt"":0},""targetSpeed"":10,""seq"":13}","{""phase"":""K"",""startLLA"":{""lat"":37.611145,""lon"":126.922747,""alt"":0},""endLLA"":{""lat"":37.611145,""lon"":126.922747,""alt"":0},""targetSpeed"":3,""seq"":14}",,,,,,,
b4a2894cba5c,2026-06-20,FPL0811010,UAM0009,a2,2,1,0.5,사당,사당,천호,천호,12,gate-3,fato-2,gate-1,fato-4,12:41:44,12:50:19,12:57:33,13:06:17,13:16:17,515.92,433.41,524.35,1473.68,5.92,24.35,ready,사당 > 경부고속도로 양재천 다리 > 대치교 > 청담대교 중간지점 > 잠실대교 중간지점 > 천호,18.2608,13,"{""phase"":""A"",""startLLA"":{""lat"":37.475767,""lon"":126.982185,""alt"":0},""endLLA"":{""lat"":37.475767,""lon"":126.982185,""alt"":0},""targetSpeed"":3,""seq"":1}","{""phase"":""B"",""startLLA"":{""lat"":37.475767,""lon"":126.982185,""alt"":0},""endLLA"":{""lat"":37.475767,""lon"":126.982185,""alt"":15},""targetSpeed"":10,""seq"":2}","{""phase"":""C"",""startLLA"":{""lat"":37.475767,""lon"":126.982185,""alt"":15},""endLLA"":{""lat"":37.474631,""lon"":126.995751,""alt"":100},""targetSpeed"":36,""seq"":3}","{""phase"":""E"",""startLLA"":{""lat"":37.474631,""lon"":126.995751,""alt"":100},""endLLA"":{""lat"":37.471593,""lon"":127.032031,""alt"":287.26},""targetSpeed"":51.4,""seq"":4}","{""phase"":""E"",""startLLA"":{""lat"":37.471593,""lon"":127.032031,""alt"":287.26},""endLLA"":{""lat"":37.473289,""lon"":127.034748,""alt"":305},""targetSpeed"":51.4,""seq"":5}","{""phase"":""F"",""startLLA"":{""lat"":37.473289,""lon"":127.034748,""alt"":305},""endLLA"":{""lat"":37.497702,""lon"":127.073855,""alt"":305},""targetSpeed"":51.4,""seq"":6}","{""phase"":""F"",""startLLA"":{""lat"":37.497702,""lon"":127.073855,""alt"":305},""endLLA"":{""lat"":37.526451,""lon"":127.064361,""alt"":305},""targetSpeed"":51.4,""seq"":7}","{""phase"":""F"",""startLLA"":{""lat"":37.526451,""lon"":127.064361,""alt"":305},""endLLA"":{""lat"":37.525291,""lon"":127.078991,""alt"":305},""targetSpeed"":51.4,""seq"":8}","{""phase"":""G"",""startLLA"":{""lat"":37.525291,""lon"":127.078991,""alt"":305},""endLLA"":{""lat"":37.524288,""lon"":127.091639,""alt"":239.8},""targetSpeed"":36,""seq"":9}","{""phase"":""G"",""startLLA"":{""lat"":37.524288,""lon"":127.091639,""alt"":239.8},""endLLA"":{""lat"":37.539418,""lon"":127.111105,""alt"":100},""targetSpeed"":36,""seq"":10}","{""phase"":""I"",""startLLA"":{""lat"":37.539418,""lon"":127.111105,""alt"":100},""endLLA"":{""lat"":37.545733,""lon"":127.11923,""alt"":15},""targetSpeed"":30,""seq"":11}","{""phase"":""J"",""startLLA"":{""lat"":37.545733,""lon"":127.11923,""alt"":15},""endLLA"":{""lat"":37.545733,""lon"":127.11923,""alt"":0},""targetSpeed"":10,""seq"":12}","{""phase"":""K"",""startLLA"":{""lat"":37.545733,""lon"":127.11923,""alt"":0},""endLLA"":{""lat"":37.545733,""lon"":127.11923,""alt"":0},""targetSpeed"":3,""seq"":13}",,,,,,,,
b4a2894cba5c,2026-06-20,FPL0812007,UAM0045,a6,6,6,1,사당,사당,광화문,광화문,13,gate-2,fato-1,gate-8,fato-3,13:00:00,13:08:06,13:15:58,13:22:48,13:32:48,486.72,471.89,410,1368.61,6.72,0,ready,사당 > 180고지 > 영등포 > 선유도 17고지 > 성산대교 중간지점 > 홍대입구 > 광화문,20.239,14,"{""phase"":""A"",""startLLA"":{""lat"":37.475767,""lon"":126.982185,""alt"":0},""endLLA"":{""lat"":37.475767,""lon"":126.982185,""alt"":0},""targetSpeed"":3,""seq"":1}","{""phase"":""B"",""startLLA"":{""lat"":37.475767,""lon"":126.982185,""alt"":0},""endLLA"":{""lat"":37.475767,""lon"":126.982185,""alt"":15},""targetSpeed"":10,""seq"":2}","{""phase"":""C"",""startLLA"":{""lat"":37.475767,""lon"":126.982185,""alt"":15},""endLLA"":{""lat"":37.480587,""lon"":126.970158,""alt"":100},""targetSpeed"":36,""seq"":3}","{""phase"":""E"",""startLLA"":{""lat"":37.480587,""lon"":126.970158,""alt"":100},""endLLA"":{""lat"":37.492877,""lon"":126.93949,""alt"":278.55},""targetSpeed"":51.4,""seq"":4}","{""phase"":""E"",""startLLA"":{""lat"":37.492877,""lon"":126.93949,""alt"":278.55},""endLLA"":{""lat"":37.495606,""lon"":126.935739,""alt"":305},""targetSpeed"":51.4,""seq"":5}","{""phase"":""F"",""startLLA"":{""lat"":37.495606,""lon"":126.935739,""alt"":305},""endLLA"":{""lat"":37.515965,""lon"":126.907756,""alt"":305},""targetSpeed"":51.4,""seq"":6}","{""phase"":""F"",""startLLA"":{""lat"":37.515965,""lon"":126.907756,""alt"":305},""endLLA"":{""lat"":37.542307,""lon"":126.90249,""alt"":305},""targetSpeed"":51.4,""seq"":7}","{""phase"":""F"",""startLLA"":{""lat"":37.542307,""lon"":126.90249,""alt"":305},""endLLA"":{""lat"":37.552574,""lon"":126.891431,""alt"":305},""targetSpeed"":51.4,""seq"":8}","{""phase"":""F"",""startLLA"":{""lat"":37.552574,""lon"":126.891431,""alt"":305},""endLLA"":{""lat"":37.556786,""lon"":126.923706,""alt"":305},""targetSpeed"":51.4,""seq"":9}","{""phase"":""F"",""startLLA"":{""lat"":37.556786,""lon"":126.923706,""alt"":305},""endLLA"":{""lat"":37.557137,""lon"":126.925138,""alt"":305},""targetSpeed"":51.4,""seq"":10}","{""phase"":""G"",""startLLA"":{""lat"":37.557137,""lon"":126.925138,""alt"":305},""endLLA"":{""lat"":37.566379,""lon"":126.962865,""alt"":100},""targetSpeed"":36,""seq"":11}","{""phase"":""I"",""startLLA"":{""lat"":37.566379,""lon"":126.962865,""alt"":100},""endLLA"":{""lat"":37.56901,""lon"":126.973604,""alt"":15},""targetSpeed"":30,""seq"":12}","{""phase"":""J"",""startLLA"":{""lat"":37.56901,""lon"":126.973604,""alt"":15},""endLLA"":{""lat"":37.56901,""lon"":126.973604,""alt"":0},""targetSpeed"":10,""seq"":13}","{""phase"":""K"",""startLLA"":{""lat"":37.56901,""lon"":126.973604,""alt"":0},""endLLA"":{""lat"":37.56901,""lon"":126.973604,""alt"":0},""targetSpeed"":3,""seq"":14}",,,,,,,
b4a2894cba5c,2026-06-20,FPL0815010,UAM0092,a4,4,4,1,사당,사당,마곡,마곡,13,gate-8,fato-2,gate-8,fato-4,13:00:00,13:09:00,13:19:55,13:27:25,13:37:25,540,655,450,1645,0,112,ready,사당 > 180고지 > 영등포 > 목동교 > 염창교 > 가양대교 남단 > 마곡,21.5149,14,"{""phase"":""A"",""startLLA"":{""lat"":37.475767,""lon"":126.982185,""alt"":0},""endLLA"":{""lat"":37.475767,""lon"":126.982185,""alt"":0},""targetSpeed"":3,""seq"":1}","{""phase"":""B"",""startLLA"":{""lat"":37.475767,""lon"":126.982185,""alt"":0},""endLLA"":{""lat"":37.475767,""lon"":126.982185,""alt"":15},""targetSpeed"":10,""seq"":2}","{""phase"":""C"",""startLLA"":{""lat"":37.475767,""lon"":126.982185,""alt"":15},""endLLA"":{""lat"":37.480646,""lon"":126.97001,""alt"":100},""targetSpeed"":36,""seq"":3}","{""phase"":""E"",""startLLA"":{""lat"":37.480646,""lon"":126.97001,""alt"":100},""endLLA"":{""lat"":37.492877,""lon"":126.93949,""alt"":275.53},""targetSpeed"":51.4,""seq"":4}","{""phase"":""E"",""startLLA"":{""lat"":37.492877,""lon"":126.93949,""alt"":275.53},""endLLA"":{""lat"":37.495955,""lon"":126.935259,""alt"":305},""targetSpeed"":51.4,""seq"":5}","{""phase"":""F"",""startLLA"":{""lat"":37.495955,""lon"":126.935259,""alt"":305},""endLLA"":{""lat"":37.515965,""lon"":126.907756,""alt"":305},""targetSpeed"":51.4,""seq"":6}","{""phase"":""F"",""startLLA"":{""lat"":37.515965,""lon"":126.907756,""alt"":305},""endLLA"":{""lat"":37.530667,""lon"":126.888262,""alt"":305},""targetSpeed"":51.4,""seq"":7}","{""phase"":""F"",""startLLA"":{""lat"":37.530667,""lon"":126.888262,""alt"":305},""endLLA"":{""lat"":37.553824,""lon"":126.875819,""alt"":305},""targetSpeed"":51.4,""seq"":8}","{""phase"":""F"",""startLLA"":{""lat"":37.553824,""lon"":126.875819,""alt"":305},""endLLA"":{""lat"":37.569391,""lon"":126.861026,""alt"":305},""targetSpeed"":51.4,""seq"":9}","{""phase"":""F"",""startLLA"":{""lat"":37.569391,""lon"":126.861026,""alt"":305},""endLLA"":{""lat"":37.567855,""lon"":126.842869,""alt"":305},""targetSpeed"":51.4,""seq"":10}","{""phase"":""G"",""startLLA"":{""lat"":37.567855,""lon"":126.842869,""alt"":305},""endLLA"":{""lat"":37.564492,""lon"":126.803119,""alt"":100},""targetSpeed"":36,""seq"":11}","{""phase"":""I"",""startLLA"":{""lat"":37.564492,""lon"":126.803119,""alt"":100},""endLLA"":{""lat"":37.563535,""lon"":126.791805,""alt"":15},""targetSpeed"":30,""seq"":12}","{""phase"":""J"",""startLLA"":{""lat"":37.563535,""lon"":126.791805,""alt"":15},""endLLA"":{""lat"":37.563535,""lon"":126.791805,""alt"":0},""targetSpeed"":10,""seq"":13}","{""phase"":""K"",""startLLA"":{""lat"":37.563535,""lon"":126.791805,""alt"":0},""endLLA"":{""lat"":37.563535,""lon"":126.791805,""alt"":0},""targetSpeed"":3,""seq"":14}",,,,,,,
b4a2894cba5c,2026-06-20,FPL0805010,UAM0103,a8,8,8,1,사당,사당,목동,목동,13,gate-7,fato-1,gate-8,fato-3,13:00:30,13:14:06,13:18:59,13:25:49,13:35:49,816.72,292.84,410,1519.56,336.72,0,ready,사당 > 180고지 > 영등포 > 목동,11.0358,11,"{""phase"":""A"",""startLLA"":{""lat"":37.475767,""lon"":126.982185,""alt"":0},""endLLA"":{""lat"":37.475767,""lon"":126.982185,""alt"":0},""targetSpeed"":3,""seq"":1}","{""phase"":""B"",""startLLA"":{""lat"":37.475767,""lon"":126.982185,""alt"":0},""endLLA"":{""lat"":37.475767,""lon"":126.982185,""alt"":15},""targetSpeed"":10,""seq"":2}","{""phase"":""C"",""startLLA"":{""lat"":37.475767,""lon"":126.982185,""alt"":15},""endLLA"":{""lat"":37.480648,""lon"":126.970006,""alt"":100},""targetSpeed"":36,""seq"":3}","{""phase"":""E"",""startLLA"":{""lat"":37.480648,""lon"":126.970006,""alt"":100},""endLLA"":{""lat"":37.492877,""lon"":126.93949,""alt"":275.46},""targetSpeed"":51.4,""seq"":4}","{""phase"":""E"",""startLLA"":{""lat"":37.492877,""lon"":126.93949,""alt"":275.46},""endLLA"":{""lat"":37.495964,""lon"":126.935246,""alt"":305},""targetSpeed"":51.4,""seq"":5}","{""phase"":""F"",""startLLA"":{""lat"":37.495964,""lon"":126.935246,""alt"":305},""endLLA"":{""lat"":37.506735,""lon"":126.920442,""alt"":305},""targetSpeed"":51.4,""seq"":6}","{""phase"":""G"",""startLLA"":{""lat"":37.506735,""lon"":126.920442,""alt"":305},""endLLA"":{""lat"":37.515965,""lon"":126.907756,""alt"":216.68},""targetSpeed"":36,""seq"":7}","{""phase"":""G"",""startLLA"":{""lat"":37.515965,""lon"":126.907756,""alt"":216.68},""endLLA"":{""lat"":37.522883,""lon"":126.886749,""alt"":100},""targetSpeed"":36,""seq"":8}","{""phase"":""I"",""startLLA"":{""lat"":37.522883,""lon"":126.886749,""alt"":100},""endLLA"":{""lat"":37.526343,""lon"":126.876243,""alt"":15},""targetSpeed"":30,""seq"":9}","{""phase"":""J"",""startLLA"":{""lat"":37.526343,""lon"":126.876243,""alt"":15},""endLLA"":{""lat"":37.526343,""lon"":126.876243,""alt"":0},""targetSpeed"":10,""seq"":10}","{""phase"":""K"",""startLLA"":{""lat"":37.526343,""lon"":126.876243,""alt"":0},""endLLA"":{""lat"":37.526343,""lon"":126.876243,""alt"":0},""targetSpeed"":3,""seq"":11}",,,,,,,,,,
b4a2894cba5c,2026-06-20,FPL0811011,UAM0062,a6,6,6,1,사당,사당,천호,천호,13,gate-4,fato-2,gate-4,fato-3,13:00:51,13:15:00,13:22:13,13:29:03,13:39:03,849,433.41,410,1692.41,309,0,ready,사당 > 경부고속도로 양재천 다리 > 대치교 > 청담대교 중간지점 > 잠실대교 중간지점 > 천호,18.2608,13,"{""phase"":""A"",""startLLA"":{""lat"":37.475767,""lon"":126.982185,""alt"":0},""endLLA"":{""lat"":37.475767,""lon"":126.982185,""alt"":0},""targetSpeed"":3,""seq"":1}","{""phase"":""B"",""startLLA"":{""lat"":37.475767,""lon"":126.982185,""alt"":0},""endLLA"":{""lat"":37.475767,""lon"":126.982185,""alt"":15},""targetSpeed"":10,""seq"":2}","{""phase"":""C"",""startLLA"":{""lat"":37.475767,""lon"":126.982185,""alt"":15},""endLLA"":{""lat"":37.474631,""lon"":126.995751,""alt"":100},""targetSpeed"":36,""seq"":3}","{""phase"":""E"",""startLLA"":{""lat"":37.474631,""lon"":126.995751,""alt"":100},""endLLA"":{""lat"":37.471593,""lon"":127.032031,""alt"":287.26},""targetSpeed"":51.4,""seq"":4}","{""phase"":""E"",""startLLA"":{""lat"":37.471593,""lon"":127.032031,""alt"":287.26},""endLLA"":{""lat"":37.473289,""lon"":127.034748,""alt"":305},""targetSpeed"":51.4,""seq"":5}","{""phase"":""F"",""startLLA"":{""lat"":37.473289,""lon"":127.034748,""alt"":305},""endLLA"":{""lat"":37.497702,""lon"":127.073855,""alt"":305},""targetSpeed"":51.4,""seq"":6}","{""phase"":""F"",""startLLA"":{""lat"":37.497702,""lon"":127.073855,""alt"":305},""endLLA"":{""lat"":37.526451,""lon"":127.064361,""alt"":305},""targetSpeed"":51.4,""seq"":7}","{""phase"":""F"",""startLLA"":{""lat"":37.526451,""lon"":127.064361,""alt"":305},""endLLA"":{""lat"":37.525291,""lon"":127.078991,""alt"":305},""targetSpeed"":51.4,""seq"":8}","{""phase"":""G"",""startLLA"":{""lat"":37.525291,""lon"":127.078991,""alt"":305},""endLLA"":{""lat"":37.524288,""lon"":127.091639,""alt"":239.8},""targetSpeed"":36,""seq"":9}","{""phase"":""G"",""startLLA"":{""lat"":37.524288,""lon"":127.091639,""alt"":239.8},""endLLA"":{""lat"":37.539418,""lon"":127.111105,""alt"":100},""targetSpeed"":36,""seq"":10}","{""phase"":""I"",""startLLA"":{""lat"":37.539418,""lon"":127.111105,""alt"":100},""endLLA"":{""lat"":37.545733,""lon"":127.11923,""alt"":15},""targetSpeed"":30,""seq"":11}","{""phase"":""J"",""startLLA"":{""lat"":37.545733,""lon"":127.11923,""alt"":15},""endLLA"":{""lat"":37.545733,""lon"":127.11923,""alt"":0},""targetSpeed"":10,""seq"":12}","{""phase"":""K"",""startLLA"":{""lat"":37.545733,""lon"":127.11923,""alt"":0},""endLLA"":{""lat"":37.545733,""lon"":127.11923,""alt"":0},""targetSpeed"":3,""seq"":13}",,,,,,,,
b4a2894cba5c,2026-06-20,FPL0803009,UAM0130,a2,2,2,1,사당,사당,상암,상암,13,gate-3,fato-1,gate-4,fato-3,13:06:07,13:20:06,13:25:46,13:32:36,13:42:36,839.72,340.18,410,1589.9,329.72,0,ready,사당 > 180고지 > 영등포 > 선유도 17고지 > 상암,13.4688,12,"{""phase"":""A"",""startLLA"":{""lat"":37.475767,""lon"":126.982185,""alt"":0},""endLLA"":{""lat"":37.475767,""lon"":126.982185,""alt"":0},""targetSpeed"":3,""seq"":1}","{""phase"":""B"",""startLLA"":{""lat"":37.475767,""lon"":126.982185,""alt"":0},""endLLA"":{""lat"":37.475767,""lon"":126.982185,""alt"":15},""targetSpeed"":10,""seq"":2}","{""phase"":""C"",""startLLA"":{""lat"":37.475767,""lon"":126.982185,""alt"":15},""endLLA"":{""lat"":37.480647,""lon"":126.970008,""alt"":100},""targetSpeed"":36,""seq"":3}","{""phase"":""E"",""startLLA"":{""lat"":37.480647,""lon"":126.970008,""alt"":100},""endLLA"":{""lat"":37.492877,""lon"":126.93949,""alt"":275.49},""targetSpeed"":51.4,""seq"":4}","{""phase"":""E"",""startLLA"":{""lat"":37.492877,""lon"":126.93949,""alt"":275.49},""endLLA"":{""lat"":37.495961,""lon"":126.935252,""alt"":305},""targetSpeed"":51.4,""seq"":5}","{""phase"":""F"",""startLLA"":{""lat"":37.495961,""lon"":126.935252,""alt"":305},""endLLA"":{""lat"":37.515965,""lon"":126.907756,""alt"":305},""targetSpeed"":51.4,""seq"":6}","{""phase"":""F"",""startLLA"":{""lat"":37.515965,""lon"":126.907756,""alt"":305},""endLLA"":{""lat"":37.524062,""lon"":126.906137,""alt"":305},""targetSpeed"":51.4,""seq"":7}","{""phase"":""G"",""startLLA"":{""lat"":37.524062,""lon"":126.906137,""alt"":305},""endLLA"":{""lat"":37.542307,""lon"":126.90249,""alt"":185.51},""targetSpeed"":36,""seq"":8}","{""phase"":""G"",""startLLA"":{""lat"":37.542307,""lon"":126.90249,""alt"":185.51},""endLLA"":{""lat"":37.55418,""lon"":126.895159,""alt"":100},""targetSpeed"":36,""seq"":9}","{""phase"":""I"",""startLLA"":{""lat"":37.55418,""lon"":126.895159,""alt"":100},""endLLA"":{""lat"":37.562282,""lon"":126.890156,""alt"":15},""targetSpeed"":30,""seq"":10}","{""phase"":""J"",""startLLA"":{""lat"":37.562282,""lon"":126.890156,""alt"":15},""endLLA"":{""lat"":37.562282,""lon"":126.890156,""alt"":0},""targetSpeed"":10,""seq"":11}","{""phase"":""K"",""startLLA"":{""lat"":37.562282,""lon"":126.890156,""alt"":0},""endLLA"":{""lat"":37.562282,""lon"":126.890156,""alt"":0},""targetSpeed"":3,""seq"":12}",,,,,,,,,
b4a2894cba5c,2026-06-20,FPL0816008,UAM0094,a6,6,4,0.6667,사당,사당,망우,망우,13,gate-6,fato-2,gate-1,fato-4,13:11:17,13:21:00,13:28:56,13:37:16,13:47:16,583,476.65,500,1559.65,103,0,ready,사당 > 경부고속도로 양재천 다리 > 대치교 > 청담대교 중간지점 > 건대입구 > 망우,20.4833,13,"{""phase"":""A"",""startLLA"":{""lat"":37.475767,""lon"":126.982185,""alt"":0},""endLLA"":{""lat"":37.475767,""lon"":126.982185,""alt"":0},""targetSpeed"":3,""seq"":1}","{""phase"":""B"",""startLLA"":{""lat"":37.475767,""lon"":126.982185,""alt"":0},""endLLA"":{""lat"":37.475767,""lon"":126.982185,""alt"":15},""targetSpeed"":10,""seq"":2}","{""phase"":""C"",""startLLA"":{""lat"":37.475767,""lon"":126.982185,""alt"":15},""endLLA"":{""lat"":37.474631,""lon"":126.99575,""alt"":100},""targetSpeed"":36,""seq"":3}","{""phase"":""E"",""startLLA"":{""lat"":37.474631,""lon"":126.99575,""alt"":100},""endLLA"":{""lat"":37.471593,""lon"":127.032031,""alt"":287.28},""targetSpeed"":51.4,""seq"":4}","{""phase"":""E"",""startLLA"":{""lat"":37.471593,""lon"":127.032031,""alt"":287.28},""endLLA"":{""lat"":37.473287,""lon"":127.034744,""alt"":305},""targetSpeed"":51.4,""seq"":5}","{""phase"":""F"",""startLLA"":{""lat"":37.473287,""lon"":127.034744,""alt"":305},""endLLA"":{""lat"":37.497702,""lon"":127.073855,""alt"":305},""targetSpeed"":51.4,""seq"":6}","{""phase"":""F"",""startLLA"":{""lat"":37.497702,""lon"":127.073855,""alt"":305},""endLLA"":{""lat"":37.526451,""lon"":127.064361,""alt"":305},""targetSpeed"":51.4,""seq"":7}","{""phase"":""F"",""startLLA"":{""lat"":37.526451,""lon"":127.064361,""alt"":305},""endLLA"":{""lat"":37.540426,""lon"":127.069298,""alt"":305},""targetSpeed"":51.4,""seq"":8}","{""phase"":""F"",""startLLA"":{""lat"":37.540426,""lon"":127.069298,""alt"":305},""endLLA"":{""lat"":37.557141,""lon"":127.073901,""alt"":305},""targetSpeed"":51.4,""seq"":9}","{""phase"":""G"",""startLLA"":{""lat"":37.557141,""lon"":127.073901,""alt"":305},""endLLA"":{""lat"":37.588105,""lon"":127.082427,""alt"":100},""targetSpeed"":36,""seq"":10}","{""phase"":""I"",""startLLA"":{""lat"":37.588105,""lon"":127.082427,""alt"":100},""endLLA"":{""lat"":37.596919,""lon"":127.084854,""alt"":15},""targetSpeed"":30,""seq"":11}","{""phase"":""J"",""startLLA"":{""lat"":37.596919,""lon"":127.084854,""alt"":15},""endLLA"":{""lat"":37.596919,""lon"":127.084854,""alt"":0},""targetSpeed"":10,""seq"":12}","{""phase"":""K"",""startLLA"":{""lat"":37.596919,""lon"":127.084854,""alt"":0},""endLLA"":{""lat"":37.596919,""lon"":127.084854,""alt"":0},""targetSpeed"":3,""seq"":13}",,,,,,,,
b4a2894cba5c,2026-06-20,FPL0806007,UAM0063,a8,8,4,0.5,사당,사당,미아,미아,13,gate-4,fato-1,gate-3,fato-3,13:21:08,13:30:57,13:41:06,13:48:26,13:58:26,589.54,608.5,440,1638.04,49.54,0,ready,사당 > 경부고속도로 양재천 다리 > 대치교 > 청담대교 중간지점 > 건대입구 > 중랑천 제방길 > 상봉 > 월릉교 > 미아,27.2607,16,"{""phase"":""A"",""startLLA"":{""lat"":37.475767,""lon"":126.982185,""alt"":0},""endLLA"":{""lat"":37.475767,""lon"":126.982185,""alt"":0},""targetSpeed"":3,""seq"":1}","{""phase"":""B"",""startLLA"":{""lat"":37.475767,""lon"":126.982185,""alt"":0},""endLLA"":{""lat"":37.475767,""lon"":126.982185,""alt"":15},""targetSpeed"":10,""seq"":2}","{""phase"":""C"",""startLLA"":{""lat"":37.475767,""lon"":126.982185,""alt"":15},""endLLA"":{""lat"":37.474631,""lon"":126.995747,""alt"":100},""targetSpeed"":36,""seq"":3}","{""phase"":""E"",""startLLA"":{""lat"":37.474631,""lon"":126.995747,""alt"":100},""endLLA"":{""lat"":37.471593,""lon"":127.032031,""alt"":287.34},""targetSpeed"":51.4,""seq"":4}","{""phase"":""E"",""startLLA"":{""lat"":37.471593,""lon"":127.032031,""alt"":287.34},""endLLA"":{""lat"":37.47328,""lon"":127.034734,""alt"":305},""targetSpeed"":51.4,""seq"":5}","{""phase"":""F"",""startLLA"":{""lat"":37.47328,""lon"":127.034734,""alt"":305},""endLLA"":{""lat"":37.497702,""lon"":127.073855,""alt"":305},""targetSpeed"":51.4,""seq"":6}","{""phase"":""F"",""startLLA"":{""lat"":37.497702,""lon"":127.073855,""alt"":305},""endLLA"":{""lat"":37.526451,""lon"":127.064361,""alt"":305},""targetSpeed"":51.4,""seq"":7}","{""phase"":""F"",""startLLA"":{""lat"":37.526451,""lon"":127.064361,""alt"":305},""endLLA"":{""lat"":37.540426,""lon"":127.069298,""alt"":305},""targetSpeed"":51.4,""seq"":8}","{""phase"":""F"",""startLLA"":{""lat"":37.540426,""lon"":127.069298,""alt"":305},""endLLA"":{""lat"":37.580774,""lon"":127.077387,""alt"":305},""targetSpeed"":51.4,""seq"":9}","{""phase"":""F"",""startLLA"":{""lat"":37.580774,""lon"":127.077387,""alt"":305},""endLLA"":{""lat"":37.596919,""lon"":127.084854,""alt"":305},""targetSpeed"":51.4,""seq"":10}","{""phase"":""F"",""startLLA"":{""lat"":37.596919,""lon"":127.084854,""alt"":305},""endLLA"":{""lat"":37.614356,""lon"":127.072723,""alt"":305},""targetSpeed"":51.4,""seq"":11}","{""phase"":""G"",""startLLA"":{""lat"":37.614356,""lon"":127.072723,""alt"":305},""endLLA"":{""lat"":37.616266,""lon"":127.071394,""alt"":290.89},""targetSpeed"":36,""seq"":12}","{""phase"":""G"",""startLLA"":{""lat"":37.616266,""lon"":127.071394,""alt"":290.89},""endLLA"":{""lat"":37.626943,""lon"":127.036668,""alt"":100},""targetSpeed"":36,""seq"":13}","{""phase"":""I"",""startLLA"":{""lat"":37.626943,""lon"":127.036668,""alt"":100},""endLLA"":{""lat"":37.630207,""lon"":127.026053,""alt"":15},""targetSpeed"":30,""seq"":14}","{""phase"":""J"",""startLLA"":{""lat"":37.630207,""lon"":127.026053,""alt"":15},""endLLA"":{""lat"":37.630207,""lon"":127.026053,""alt"":0},""targetSpeed"":10,""seq"":15}","{""phase"":""K"",""startLLA"":{""lat"":37.630207,""lon"":127.026053,""alt"":0},""endLLA"":{""lat"":37.630207,""lon"":127.026053,""alt"":0},""targetSpeed"":3,""seq"":16}",,,,,
b4a2894cba5c,2026-06-20,FPL0812008,UAM0035,a4,4,2,0.5,사당,사당,광화문,광화문,13,gate-8,fato-1,gate-4,fato-3,13:33:08,13:42:08,13:49:59,13:56:49,14:06:49,540,471.89,410,1421.89,0,0,ready,사당 > 180고지 > 영등포 > 선유도 17고지 > 성산대교 중간지점 > 홍대입구 > 광화문,20.239,14,"{""phase"":""A"",""startLLA"":{""lat"":37.475767,""lon"":126.982185,""alt"":0},""endLLA"":{""lat"":37.475767,""lon"":126.982185,""alt"":0},""targetSpeed"":3,""seq"":1}","{""phase"":""B"",""startLLA"":{""lat"":37.475767,""lon"":126.982185,""alt"":0},""endLLA"":{""lat"":37.475767,""lon"":126.982185,""alt"":15},""targetSpeed"":10,""seq"":2}","{""phase"":""C"",""startLLA"":{""lat"":37.475767,""lon"":126.982185,""alt"":15},""endLLA"":{""lat"":37.480587,""lon"":126.970158,""alt"":100},""targetSpeed"":36,""seq"":3}","{""phase"":""E"",""startLLA"":{""lat"":37.480587,""lon"":126.970158,""alt"":100},""endLLA"":{""lat"":37.492877,""lon"":126.93949,""alt"":278.55},""targetSpeed"":51.4,""seq"":4}","{""phase"":""E"",""startLLA"":{""lat"":37.492877,""lon"":126.93949,""alt"":278.55},""endLLA"":{""lat"":37.495606,""lon"":126.935739,""alt"":305},""targetSpeed"":51.4,""seq"":5}","{""phase"":""F"",""startLLA"":{""lat"":37.495606,""lon"":126.935739,""alt"":305},""endLLA"":{""lat"":37.515965,""lon"":126.907756,""alt"":305},""targetSpeed"":51.4,""seq"":6}","{""phase"":""F"",""startLLA"":{""lat"":37.515965,""lon"":126.907756,""alt"":305},""endLLA"":{""lat"":37.542307,""lon"":126.90249,""alt"":305},""targetSpeed"":51.4,""seq"":7}","{""phase"":""F"",""startLLA"":{""lat"":37.542307,""lon"":126.90249,""alt"":305},""endLLA"":{""lat"":37.552574,""lon"":126.891431,""alt"":305},""targetSpeed"":51.4,""seq"":8}","{""phase"":""F"",""startLLA"":{""lat"":37.552574,""lon"":126.891431,""alt"":305},""endLLA"":{""lat"":37.556786,""lon"":126.923706,""alt"":305},""targetSpeed"":51.4,""seq"":9}","{""phase"":""F"",""startLLA"":{""lat"":37.556786,""lon"":126.923706,""alt"":305},""endLLA"":{""lat"":37.557137,""lon"":126.925138,""alt"":305},""targetSpeed"":51.4,""seq"":10}","{""phase"":""G"",""startLLA"":{""lat"":37.557137,""lon"":126.925138,""alt"":305},""endLLA"":{""lat"":37.566379,""lon"":126.962865,""alt"":100},""targetSpeed"":36,""seq"":11}","{""phase"":""I"",""startLLA"":{""lat"":37.566379,""lon"":126.962865,""alt"":100},""endLLA"":{""lat"":37.56901,""lon"":126.973604,""alt"":15},""targetSpeed"":30,""seq"":12}","{""phase"":""J"",""startLLA"":{""lat"":37.56901,""lon"":126.973604,""alt"":15},""endLLA"":{""lat"":37.56901,""lon"":126.973604,""alt"":0},""targetSpeed"":10,""seq"":13}","{""phase"":""K"",""startLLA"":{""lat"":37.56901,""lon"":126.973604,""alt"":0},""endLLA"":{""lat"":37.56901,""lon"":126.973604,""alt"":0},""targetSpeed"":3,""seq"":14}",,,,,,,
b4a2894cba5c,2026-06-20,FPL0805011,UAM0028,a4,4,2,0.5,사당,사당,목동,목동,13,gate-4,fato-2,gate-3,fato-4,13:38:47,13:47:47,13:52:39,13:59:59,14:09:59,540,292.84,440,1272.84,0,0,ready,사당 > 180고지 > 영등포 > 목동,11.0358,11,"{""phase"":""A"",""startLLA"":{""lat"":37.475767,""lon"":126.982185,""alt"":0},""endLLA"":{""lat"":37.475767,""lon"":126.982185,""alt"":0},""targetSpeed"":3,""seq"":1}","{""phase"":""B"",""startLLA"":{""lat"":37.475767,""lon"":126.982185,""alt"":0},""endLLA"":{""lat"":37.475767,""lon"":126.982185,""alt"":15},""targetSpeed"":10,""seq"":2}","{""phase"":""C"",""startLLA"":{""lat"":37.475767,""lon"":126.982185,""alt"":15},""endLLA"":{""lat"":37.480648,""lon"":126.970006,""alt"":100},""targetSpeed"":36,""seq"":3}","{""phase"":""E"",""startLLA"":{""lat"":37.480648,""lon"":126.970006,""alt"":100},""endLLA"":{""lat"":37.492877,""lon"":126.93949,""alt"":275.46},""targetSpeed"":51.4,""seq"":4}","{""phase"":""E"",""startLLA"":{""lat"":37.492877,""lon"":126.93949,""alt"":275.46},""endLLA"":{""lat"":37.495964,""lon"":126.935246,""alt"":305},""targetSpeed"":51.4,""seq"":5}","{""phase"":""F"",""startLLA"":{""lat"":37.495964,""lon"":126.935246,""alt"":305},""endLLA"":{""lat"":37.506735,""lon"":126.920442,""alt"":305},""targetSpeed"":51.4,""seq"":6}","{""phase"":""G"",""startLLA"":{""lat"":37.506735,""lon"":126.920442,""alt"":305},""endLLA"":{""lat"":37.515965,""lon"":126.907756,""alt"":216.68},""targetSpeed"":36,""seq"":7}","{""phase"":""G"",""startLLA"":{""lat"":37.515965,""lon"":126.907756,""alt"":216.68},""endLLA"":{""lat"":37.522883,""lon"":126.886749,""alt"":100},""targetSpeed"":36,""seq"":8}","{""phase"":""I"",""startLLA"":{""lat"":37.522883,""lon"":126.886749,""alt"":100},""endLLA"":{""lat"":37.526343,""lon"":126.876243,""alt"":15},""targetSpeed"":30,""seq"":9}","{""phase"":""J"",""startLLA"":{""lat"":37.526343,""lon"":126.876243,""alt"":15},""endLLA"":{""lat"":37.526343,""lon"":126.876243,""alt"":0},""targetSpeed"":10,""seq"":10}","{""phase"":""K"",""startLLA"":{""lat"":37.526343,""lon"":126.876243,""alt"":0},""endLLA"":{""lat"":37.526343,""lon"":126.876243,""alt"":0},""targetSpeed"":3,""seq"":11}",,,,,,,,,,
b4a2894cba5c,2026-06-20,FPL0817010,UAM0121,a2,2,2,1,사당,사당,수서,수서,13,gate-3,fato-1,gate-6,fato-4,13:49:13,13:57:43,14:02:29,14:10:19,14:20:19,510,286.87,470,1266.87,0,0,ready,사당 > 경부고속도로 양재천 다리 > 수서,10.7285,10,"{""phase"":""A"",""startLLA"":{""lat"":37.475767,""lon"":126.982185,""alt"":0},""endLLA"":{""lat"":37.475767,""lon"":126.982185,""alt"":0},""targetSpeed"":3,""seq"":1}","{""phase"":""B"",""startLLA"":{""lat"":37.475767,""lon"":126.982185,""alt"":0},""endLLA"":{""lat"":37.475767,""lon"":126.982185,""alt"":15},""targetSpeed"":10,""seq"":2}","{""phase"":""C"",""startLLA"":{""lat"":37.475767,""lon"":126.982185,""alt"":15},""endLLA"":{""lat"":37.47463,""lon"":126.995757,""alt"":100},""targetSpeed"":36,""seq"":3}","{""phase"":""E"",""startLLA"":{""lat"":37.47463,""lon"":126.995757,""alt"":100},""endLLA"":{""lat"":37.471593,""lon"":127.032031,""alt"":287.14},""targetSpeed"":51.4,""seq"":4}","{""phase"":""E"",""startLLA"":{""lat"":37.471593,""lon"":127.032031,""alt"":287.14},""endLLA"":{""lat"":37.472365,""lon"":127.035373,""alt"":305},""targetSpeed"":51.4,""seq"":5}","{""phase"":""F"",""startLLA"":{""lat"":37.472365,""lon"":127.035373,""alt"":305},""endLLA"":{""lat"":37.476051,""lon"":127.051318,""alt"":305},""targetSpeed"":51.4,""seq"":6}","{""phase"":""G"",""startLLA"":{""lat"":37.476051,""lon"":127.051318,""alt"":305},""endLLA"":{""lat"":37.484917,""lon"":127.089683,""alt"":100},""targetSpeed"":36,""seq"":7}","{""phase"":""I"",""startLLA"":{""lat"":37.484917,""lon"":127.089683,""alt"":100},""endLLA"":{""lat"":37.487441,""lon"":127.100603,""alt"":15},""targetSpeed"":30,""seq"":8}","{""phase"":""J"",""startLLA"":{""lat"":37.487441,""lon"":127.100603,""alt"":15},""endLLA"":{""lat"":37.487441,""lon"":127.100603,""alt"":0},""targetSpeed"":10,""seq"":9}","{""phase"":""K"",""startLLA"":{""lat"":37.487441,""lon"":127.100603,""alt"":0},""endLLA"":{""lat"":37.487441,""lon"":127.100603,""alt"":0},""targetSpeed"":3,""seq"":10}",,,,,,,,,,,
b4a2894cba5c,2026-06-20,FPL0810008,UAM0039,a8,8,2,0.25,사당,사당,연신내,연신내,13,gate-8,fato-2,gate-4,fato-3,13:53:05,14:02:05,14:10:02,14:16:52,14:26:52,540,477.34,410,1427.34,0,0,ready,사당 > 180고지 > 영등포 > 선유도 17고지 > 성산대교 중간지점 > 수색교 > 연신내,20.5191,14,"{""phase"":""A"",""startLLA"":{""lat"":37.475767,""lon"":126.982185,""alt"":0},""endLLA"":{""lat"":37.475767,""lon"":126.982185,""alt"":0},""targetSpeed"":3,""seq"":1}","{""phase"":""B"",""startLLA"":{""lat"":37.475767,""lon"":126.982185,""alt"":0},""endLLA"":{""lat"":37.475767,""lon"":126.982185,""alt"":15},""targetSpeed"":10,""seq"":2}","{""phase"":""C"",""startLLA"":{""lat"":37.475767,""lon"":126.982185,""alt"":15},""endLLA"":{""lat"":37.480646,""lon"":126.97001,""alt"":100},""targetSpeed"":36,""seq"":3}","{""phase"":""E"",""startLLA"":{""lat"":37.480646,""lon"":126.97001,""alt"":100},""endLLA"":{""lat"":37.492877,""lon"":126.93949,""alt"":275.53},""targetSpeed"":51.4,""seq"":4}","{""phase"":""E"",""startLLA"":{""lat"":37.492877,""lon"":126.93949,""alt"":275.53},""endLLA"":{""lat"":37.495955,""lon"":126.935259,""alt"":305},""targetSpeed"":51.4,""seq"":5}","{""phase"":""F"",""startLLA"":{""lat"":37.495955,""lon"":126.935259,""alt"":305},""endLLA"":{""lat"":37.515965,""lon"":126.907756,""alt"":305},""targetSpeed"":51.4,""seq"":6}","{""phase"":""F"",""startLLA"":{""lat"":37.515965,""lon"":126.907756,""alt"":305},""endLLA"":{""lat"":37.542307,""lon"":126.90249,""alt"":305},""targetSpeed"":51.4,""seq"":7}","{""phase"":""F"",""startLLA"":{""lat"":37.542307,""lon"":126.90249,""alt"":305},""endLLA"":{""lat"":37.552574,""lon"":126.891431,""alt"":305},""targetSpeed"":51.4,""seq"":8}","{""phase"":""F"",""startLLA"":{""lat"":37.552574,""lon"":126.891431,""alt"":305},""endLLA"":{""lat"":37.583699,""lon"":126.886697,""alt"":305},""targetSpeed"":51.4,""seq"":9}","{""phase"":""G"",""startLLA"":{""lat"":37.583699,""lon"":126.886697,""alt"":305},""endLLA"":{""lat"":37.586283,""lon"":126.886304,""alt"":288.16},""targetSpeed"":36,""seq"":10}","{""phase"":""G"",""startLLA"":{""lat"":37.586283,""lon"":126.886304,""alt"":288.16},""endLLA"":{""lat"":37.60526,""lon"":126.914121,""alt"":100},""targetSpeed"":36,""seq"":11}","{""phase"":""I"",""startLLA"":{""lat"":37.60526,""lon"":126.914121,""alt"":100},""endLLA"":{""lat"":37.611145,""lon"":126.922747,""alt"":15},""targetSpeed"":30,""seq"":12}","{""phase"":""J"",""startLLA"":{""lat"":37.611145,""lon"":126.922747,""alt"":15},""endLLA"":{""lat"":37.611145,""lon"":126.922747,""alt"":0},""targetSpeed"":10,""seq"":13}","{""phase"":""K"",""startLLA"":{""lat"":37.611145,""lon"":126.922747,""alt"":0},""endLLA"":{""lat"":37.611145,""lon"":126.922747,""alt"":0},""targetSpeed"":3,""seq"":14}",,,,,,,
b4a2894cba5c,2026-06-20,FPL0811012,UAM0096,a8,8,1,0.125,사당,사당,천호,천호,13,gate-4,fato-1,gate-3,fato-3,13:57:47,14:06:47,14:14:00,14:21:20,14:31:20,540,433.41,440,1413.41,0,0,ready,사당 > 경부고속도로 양재천 다리 > 대치교 > 청담대교 중간지점 > 잠실대교 중간지점 > 천호,18.2608,13,"{""phase"":""A"",""startLLA"":{""lat"":37.475767,""lon"":126.982185,""alt"":0},""endLLA"":{""lat"":37.475767,""lon"":126.982185,""alt"":0},""targetSpeed"":3,""seq"":1}","{""phase"":""B"",""startLLA"":{""lat"":37.475767,""lon"":126.982185,""alt"":0},""endLLA"":{""lat"":37.475767,""lon"":126.982185,""alt"":15},""targetSpeed"":10,""seq"":2}","{""phase"":""C"",""startLLA"":{""lat"":37.475767,""lon"":126.982185,""alt"":15},""endLLA"":{""lat"":37.474631,""lon"":126.995751,""alt"":100},""targetSpeed"":36,""seq"":3}","{""phase"":""E"",""startLLA"":{""lat"":37.474631,""lon"":126.995751,""alt"":100},""endLLA"":{""lat"":37.471593,""lon"":127.032031,""alt"":287.26},""targetSpeed"":51.4,""seq"":4}","{""phase"":""E"",""startLLA"":{""lat"":37.471593,""lon"":127.032031,""alt"":287.26},""endLLA"":{""lat"":37.473289,""lon"":127.034748,""alt"":305},""targetSpeed"":51.4,""seq"":5}","{""phase"":""F"",""startLLA"":{""lat"":37.473289,""lon"":127.034748,""alt"":305},""endLLA"":{""lat"":37.497702,""lon"":127.073855,""alt"":305},""targetSpeed"":51.4,""seq"":6}","{""phase"":""F"",""startLLA"":{""lat"":37.497702,""lon"":127.073855,""alt"":305},""endLLA"":{""lat"":37.526451,""lon"":127.064361,""alt"":305},""targetSpeed"":51.4,""seq"":7}","{""phase"":""F"",""startLLA"":{""lat"":37.526451,""lon"":127.064361,""alt"":305},""endLLA"":{""lat"":37.525291,""lon"":127.078991,""alt"":305},""targetSpeed"":51.4,""seq"":8}","{""phase"":""G"",""startLLA"":{""lat"":37.525291,""lon"":127.078991,""alt"":305},""endLLA"":{""lat"":37.524288,""lon"":127.091639,""alt"":239.8},""targetSpeed"":36,""seq"":9}","{""phase"":""G"",""startLLA"":{""lat"":37.524288,""lon"":127.091639,""alt"":239.8},""endLLA"":{""lat"":37.539418,""lon"":127.111105,""alt"":100},""targetSpeed"":36,""seq"":10}","{""phase"":""I"",""startLLA"":{""lat"":37.539418,""lon"":127.111105,""alt"":100},""endLLA"":{""lat"":37.545733,""lon"":127.11923,""alt"":15},""targetSpeed"":30,""seq"":11}","{""phase"":""J"",""startLLA"":{""lat"":37.545733,""lon"":127.11923,""alt"":15},""endLLA"":{""lat"":37.545733,""lon"":127.11923,""alt"":0},""targetSpeed"":10,""seq"":12}","{""phase"":""K"",""startLLA"":{""lat"":37.545733,""lon"":127.11923,""alt"":0},""endLLA"":{""lat"":37.545733,""lon"":127.11923,""alt"":0},""targetSpeed"":3,""seq"":13}",,,,,,,,
b4a2894cba5c,2026-06-20,FPL0803010,UAM0034,a2,2,2,1,사당,사당,상암,상암,14,gate-7,fato-2,gate-8,fato-3,14:02:08,14:10:38,14:16:18,14:23:08,14:33:08,510,340.18,410,1260.18,0,0,ready,사당 > 180고지 > 영등포 > 선유도 17고지 > 상암,13.4688,12,"{""phase"":""A"",""startLLA"":{""lat"":37.475767,""lon"":126.982185,""alt"":0},""endLLA"":{""lat"":37.475767,""lon"":126.982185,""alt"":0},""targetSpeed"":3,""seq"":1}","{""phase"":""B"",""startLLA"":{""lat"":37.475767,""lon"":126.982185,""alt"":0},""endLLA"":{""lat"":37.475767,""lon"":126.982185,""alt"":15},""targetSpeed"":10,""seq"":2}","{""phase"":""C"",""startLLA"":{""lat"":37.475767,""lon"":126.982185,""alt"":15},""endLLA"":{""lat"":37.480647,""lon"":126.970008,""alt"":100},""targetSpeed"":36,""seq"":3}","{""phase"":""E"",""startLLA"":{""lat"":37.480647,""lon"":126.970008,""alt"":100},""endLLA"":{""lat"":37.492877,""lon"":126.93949,""alt"":275.49},""targetSpeed"":51.4,""seq"":4}","{""phase"":""E"",""startLLA"":{""lat"":37.492877,""lon"":126.93949,""alt"":275.49},""endLLA"":{""lat"":37.495961,""lon"":126.935252,""alt"":305},""targetSpeed"":51.4,""seq"":5}","{""phase"":""F"",""startLLA"":{""lat"":37.495961,""lon"":126.935252,""alt"":305},""endLLA"":{""lat"":37.515965,""lon"":126.907756,""alt"":305},""targetSpeed"":51.4,""seq"":6}","{""phase"":""F"",""startLLA"":{""lat"":37.515965,""lon"":126.907756,""alt"":305},""endLLA"":{""lat"":37.524062,""lon"":126.906137,""alt"":305},""targetSpeed"":51.4,""seq"":7}","{""phase"":""G"",""startLLA"":{""lat"":37.524062,""lon"":126.906137,""alt"":305},""endLLA"":{""lat"":37.542307,""lon"":126.90249,""alt"":185.51},""targetSpeed"":36,""seq"":8}","{""phase"":""G"",""startLLA"":{""lat"":37.542307,""lon"":126.90249,""alt"":185.51},""endLLA"":{""lat"":37.55418,""lon"":126.895159,""alt"":100},""targetSpeed"":36,""seq"":9}","{""phase"":""I"",""startLLA"":{""lat"":37.55418,""lon"":126.895159,""alt"":100},""endLLA"":{""lat"":37.562282,""lon"":126.890156,""alt"":15},""targetSpeed"":30,""seq"":10}","{""phase"":""J"",""startLLA"":{""lat"":37.562282,""lon"":126.890156,""alt"":15},""endLLA"":{""lat"":37.562282,""lon"":126.890156,""alt"":0},""targetSpeed"":10,""seq"":11}","{""phase"":""K"",""startLLA"":{""lat"":37.562282,""lon"":126.890156,""alt"":0},""endLLA"":{""lat"":37.562282,""lon"":126.890156,""alt"":0},""targetSpeed"":3,""seq"":12}",,,,,,,,,
b4a2894cba5c,2026-06-20,FPL0811013,UAM0051,a4,4,4,1,사당,사당,천호,천호,14,gate-3,fato-1,gate-8,fato-4,14:09:17,14:17:47,14:30:43,14:37:33,14:47:33,510,776.94,410,1696.94,0,163.94,ready,사당 > 경부고속도로 양재천 다리 > 대치교 > 청담대교 중간지점 > 잠실대교 중간지점 > 천호,18.2608,13,"{""phase"":""A"",""startLLA"":{""lat"":37.475767,""lon"":126.982185,""alt"":0},""endLLA"":{""lat"":37.475767,""lon"":126.982185,""alt"":0},""targetSpeed"":3,""seq"":1}","{""phase"":""B"",""startLLA"":{""lat"":37.475767,""lon"":126.982185,""alt"":0},""endLLA"":{""lat"":37.475767,""lon"":126.982185,""alt"":15},""targetSpeed"":10,""seq"":2}","{""phase"":""C"",""startLLA"":{""lat"":37.475767,""lon"":126.982185,""alt"":15},""endLLA"":{""lat"":37.474631,""lon"":126.995751,""alt"":100},""targetSpeed"":36,""seq"":3}","{""phase"":""E"",""startLLA"":{""lat"":37.474631,""lon"":126.995751,""alt"":100},""endLLA"":{""lat"":37.471593,""lon"":127.032031,""alt"":287.26},""targetSpeed"":51.4,""seq"":4}","{""phase"":""E"",""startLLA"":{""lat"":37.471593,""lon"":127.032031,""alt"":287.26},""endLLA"":{""lat"":37.473289,""lon"":127.034748,""alt"":305},""targetSpeed"":51.4,""seq"":5}","{""phase"":""F"",""startLLA"":{""lat"":37.473289,""lon"":127.034748,""alt"":305},""endLLA"":{""lat"":37.497702,""lon"":127.073855,""alt"":305},""targetSpeed"":51.4,""seq"":6}","{""phase"":""F"",""startLLA"":{""lat"":37.497702,""lon"":127.073855,""alt"":305},""endLLA"":{""lat"":37.526451,""lon"":127.064361,""alt"":305},""targetSpeed"":51.4,""seq"":7}","{""phase"":""F"",""startLLA"":{""lat"":37.526451,""lon"":127.064361,""alt"":305},""endLLA"":{""lat"":37.525291,""lon"":127.078991,""alt"":305},""targetSpeed"":51.4,""seq"":8}","{""phase"":""G"",""startLLA"":{""lat"":37.525291,""lon"":127.078991,""alt"":305},""endLLA"":{""lat"":37.524288,""lon"":127.091639,""alt"":239.8},""targetSpeed"":36,""seq"":9}","{""phase"":""G"",""startLLA"":{""lat"":37.524288,""lon"":127.091639,""alt"":239.8},""endLLA"":{""lat"":37.539418,""lon"":127.111105,""alt"":100},""targetSpeed"":36,""seq"":10}","{""phase"":""I"",""startLLA"":{""lat"":37.539418,""lon"":127.111105,""alt"":100},""endLLA"":{""lat"":37.545733,""lon"":127.11923,""alt"":15},""targetSpeed"":30,""seq"":11}","{""phase"":""J"",""startLLA"":{""lat"":37.545733,""lon"":127.11923,""alt"":15},""endLLA"":{""lat"":37.545733,""lon"":127.11923,""alt"":0},""targetSpeed"":10,""seq"":12}","{""phase"":""K"",""startLLA"":{""lat"":37.545733,""lon"":127.11923,""alt"":0},""endLLA"":{""lat"":37.545733,""lon"":127.11923,""alt"":0},""targetSpeed"":3,""seq"":13}",,,,,,,,
b4a2894cba5c,2026-06-20,FPL0812009,UAM0098,a2,2,2,1,사당,사당,광화문,광화문,14,gate-8,fato-2,gate-4,fato-3,14:10:53,14:19:53,14:29:25,14:36:15,14:46:15,540,572.95,410,1522.95,0,101.05,ready,사당 > 180고지 > 영등포 > 선유도 17고지 > 성산대교 중간지점 > 홍대입구 > 광화문,20.239,14,"{""phase"":""A"",""startLLA"":{""lat"":37.475767,""lon"":126.982185,""alt"":0},""endLLA"":{""lat"":37.475767,""lon"":126.982185,""alt"":0},""targetSpeed"":3,""seq"":1}","{""phase"":""B"",""startLLA"":{""lat"":37.475767,""lon"":126.982185,""alt"":0},""endLLA"":{""lat"":37.475767,""lon"":126.982185,""alt"":15},""targetSpeed"":10,""seq"":2}","{""phase"":""C"",""startLLA"":{""lat"":37.475767,""lon"":126.982185,""alt"":15},""endLLA"":{""lat"":37.480587,""lon"":126.970158,""alt"":100},""targetSpeed"":36,""seq"":3}","{""phase"":""E"",""startLLA"":{""lat"":37.480587,""lon"":126.970158,""alt"":100},""endLLA"":{""lat"":37.492877,""lon"":126.93949,""alt"":278.55},""targetSpeed"":51.4,""seq"":4}","{""phase"":""E"",""startLLA"":{""lat"":37.492877,""lon"":126.93949,""alt"":278.55},""endLLA"":{""lat"":37.495606,""lon"":126.935739,""alt"":305},""targetSpeed"":51.4,""seq"":5}","{""phase"":""F"",""startLLA"":{""lat"":37.495606,""lon"":126.935739,""alt"":305},""endLLA"":{""lat"":37.515965,""lon"":126.907756,""alt"":305},""targetSpeed"":51.4,""seq"":6}","{""phase"":""F"",""startLLA"":{""lat"":37.515965,""lon"":126.907756,""alt"":305},""endLLA"":{""lat"":37.542307,""lon"":126.90249,""alt"":305},""targetSpeed"":51.4,""seq"":7}","{""phase"":""F"",""startLLA"":{""lat"":37.542307,""lon"":126.90249,""alt"":305},""endLLA"":{""lat"":37.552574,""lon"":126.891431,""alt"":305},""targetSpeed"":51.4,""seq"":8}","{""phase"":""F"",""startLLA"":{""lat"":37.552574,""lon"":126.891431,""alt"":305},""endLLA"":{""lat"":37.556786,""lon"":126.923706,""alt"":305},""targetSpeed"":51.4,""seq"":9}","{""phase"":""F"",""startLLA"":{""lat"":37.556786,""lon"":126.923706,""alt"":305},""endLLA"":{""lat"":37.557137,""lon"":126.925138,""alt"":305},""targetSpeed"":51.4,""seq"":10}","{""phase"":""G"",""startLLA"":{""lat"":37.557137,""lon"":126.925138,""alt"":305},""endLLA"":{""lat"":37.566379,""lon"":126.962865,""alt"":100},""targetSpeed"":36,""seq"":11}","{""phase"":""I"",""startLLA"":{""lat"":37.566379,""lon"":126.962865,""alt"":100},""endLLA"":{""lat"":37.56901,""lon"":126.973604,""alt"":15},""targetSpeed"":30,""seq"":12}","{""phase"":""J"",""startLLA"":{""lat"":37.56901,""lon"":126.973604,""alt"":15},""endLLA"":{""lat"":37.56901,""lon"":126.973604,""alt"":0},""targetSpeed"":10,""seq"":13}","{""phase"":""K"",""startLLA"":{""lat"":37.56901,""lon"":126.973604,""alt"":0},""endLLA"":{""lat"":37.56901,""lon"":126.973604,""alt"":0},""targetSpeed"":3,""seq"":14}",,,,,,,
b4a2894cba5c,2026-06-20,FPL0805012,UAM0119,a8,8,5,0.625,사당,사당,목동,목동,14,gate-2,fato-1,gate-6,fato-3,14:15:37,14:23:47,14:31:09,14:38:59,14:48:59,490,442.99,470,1402.99,10,150.14,ready,사당 > 180고지 > 영등포 > 목동,11.0358,11,"{""phase"":""A"",""startLLA"":{""lat"":37.475767,""lon"":126.982185,""alt"":0},""endLLA"":{""lat"":37.475767,""lon"":126.982185,""alt"":0},""targetSpeed"":3,""seq"":1}","{""phase"":""B"",""startLLA"":{""lat"":37.475767,""lon"":126.982185,""alt"":0},""endLLA"":{""lat"":37.475767,""lon"":126.982185,""alt"":15},""targetSpeed"":10,""seq"":2}","{""phase"":""C"",""startLLA"":{""lat"":37.475767,""lon"":126.982185,""alt"":15},""endLLA"":{""lat"":37.480648,""lon"":126.970006,""alt"":100},""targetSpeed"":36,""seq"":3}","{""phase"":""E"",""startLLA"":{""lat"":37.480648,""lon"":126.970006,""alt"":100},""endLLA"":{""lat"":37.492877,""lon"":126.93949,""alt"":275.46},""targetSpeed"":51.4,""seq"":4}","{""phase"":""E"",""startLLA"":{""lat"":37.492877,""lon"":126.93949,""alt"":275.46},""endLLA"":{""lat"":37.495964,""lon"":126.935246,""alt"":305},""targetSpeed"":51.4,""seq"":5}","{""phase"":""F"",""startLLA"":{""lat"":37.495964,""lon"":126.935246,""alt"":305},""endLLA"":{""lat"":37.506735,""lon"":126.920442,""alt"":305},""targetSpeed"":51.4,""seq"":6}","{""phase"":""G"",""startLLA"":{""lat"":37.506735,""lon"":126.920442,""alt"":305},""endLLA"":{""lat"":37.515965,""lon"":126.907756,""alt"":216.68},""targetSpeed"":36,""seq"":7}","{""phase"":""G"",""startLLA"":{""lat"":37.515965,""lon"":126.907756,""alt"":216.68},""endLLA"":{""lat"":37.522883,""lon"":126.886749,""alt"":100},""targetSpeed"":36,""seq"":8}","{""phase"":""I"",""startLLA"":{""lat"":37.522883,""lon"":126.886749,""alt"":100},""endLLA"":{""lat"":37.526343,""lon"":126.876243,""alt"":15},""targetSpeed"":30,""seq"":9}","{""phase"":""J"",""startLLA"":{""lat"":37.526343,""lon"":126.876243,""alt"":15},""endLLA"":{""lat"":37.526343,""lon"":126.876243,""alt"":0},""targetSpeed"":10,""seq"":10}","{""phase"":""K"",""startLLA"":{""lat"":37.526343,""lon"":126.876243,""alt"":0},""endLLA"":{""lat"":37.526343,""lon"":126.876243,""alt"":0},""targetSpeed"":3,""seq"":11}",,,,,,,,,,
b4a2894cba5c,2026-06-20,FPL0806008,UAM0031,a8,8,5,0.625,사당,사당,미아,미아,14,gate-4,fato-2,gate-3,fato-4,14:18:08,14:27:08,14:37:16,14:44:36,14:54:36,540,608.5,440,1588.5,0,0,ready,사당 > 경부고속도로 양재천 다리 > 대치교 > 청담대교 중간지점 > 건대입구 > 중랑천 제방길 > 상봉 > 월릉교 > 미아,27.2607,16,"{""phase"":""A"",""startLLA"":{""lat"":37.475767,""lon"":126.982185,""alt"":0},""endLLA"":{""lat"":37.475767,""lon"":126.982185,""alt"":0},""targetSpeed"":3,""seq"":1}","{""phase"":""B"",""startLLA"":{""lat"":37.475767,""lon"":126.982185,""alt"":0},""endLLA"":{""lat"":37.475767,""lon"":126.982185,""alt"":15},""targetSpeed"":10,""seq"":2}","{""phase"":""C"",""startLLA"":{""lat"":37.475767,""lon"":126.982185,""alt"":15},""endLLA"":{""lat"":37.474631,""lon"":126.995747,""alt"":100},""targetSpeed"":36,""seq"":3}","{""phase"":""E"",""startLLA"":{""lat"":37.474631,""lon"":126.995747,""alt"":100},""endLLA"":{""lat"":37.471593,""lon"":127.032031,""alt"":287.34},""targetSpeed"":51.4,""seq"":4}","{""phase"":""E"",""startLLA"":{""lat"":37.471593,""lon"":127.032031,""alt"":287.34},""endLLA"":{""lat"":37.47328,""lon"":127.034734,""alt"":305},""targetSpeed"":51.4,""seq"":5}","{""phase"":""F"",""startLLA"":{""lat"":37.47328,""lon"":127.034734,""alt"":305},""endLLA"":{""lat"":37.497702,""lon"":127.073855,""alt"":305},""targetSpeed"":51.4,""seq"":6}","{""phase"":""F"",""startLLA"":{""lat"":37.497702,""lon"":127.073855,""alt"":305},""endLLA"":{""lat"":37.526451,""lon"":127.064361,""alt"":305},""targetSpeed"":51.4,""seq"":7}","{""phase"":""F"",""startLLA"":{""lat"":37.526451,""lon"":127.064361,""alt"":305},""endLLA"":{""lat"":37.540426,""lon"":127.069298,""alt"":305},""targetSpeed"":51.4,""seq"":8}","{""phase"":""F"",""startLLA"":{""lat"":37.540426,""lon"":127.069298,""alt"":305},""endLLA"":{""lat"":37.580774,""lon"":127.077387,""alt"":305},""targetSpeed"":51.4,""seq"":9}","{""phase"":""F"",""startLLA"":{""lat"":37.580774,""lon"":127.077387,""alt"":305},""endLLA"":{""lat"":37.596919,""lon"":127.084854,""alt"":305},""targetSpeed"":51.4,""seq"":10}","{""phase"":""F"",""startLLA"":{""lat"":37.596919,""lon"":127.084854,""alt"":305},""endLLA"":{""lat"":37.614356,""lon"":127.072723,""alt"":305},""targetSpeed"":51.4,""seq"":11}","{""phase"":""G"",""startLLA"":{""lat"":37.614356,""lon"":127.072723,""alt"":305},""endLLA"":{""lat"":37.616266,""lon"":127.071394,""alt"":290.89},""targetSpeed"":36,""seq"":12}","{""phase"":""G"",""startLLA"":{""lat"":37.616266,""lon"":127.071394,""alt"":290.89},""endLLA"":{""lat"":37.626943,""lon"":127.036668,""alt"":100},""targetSpeed"":36,""seq"":13}","{""phase"":""I"",""startLLA"":{""lat"":37.626943,""lon"":127.036668,""alt"":100},""endLLA"":{""lat"":37.630207,""lon"":127.026053,""alt"":15},""targetSpeed"":30,""seq"":14}","{""phase"":""J"",""startLLA"":{""lat"":37.630207,""lon"":127.026053,""alt"":15},""endLLA"":{""lat"":37.630207,""lon"":127.026053,""alt"":0},""targetSpeed"":10,""seq"":15}","{""phase"":""K"",""startLLA"":{""lat"":37.630207,""lon"":127.026053,""alt"":0},""endLLA"":{""lat"":37.630207,""lon"":127.026053,""alt"":0},""targetSpeed"":3,""seq"":16}",,,,,
b4a2894cba5c,2026-06-20,FPL0811014,UAM0029,a6,6,4,0.6667,사당,사당,천호,천호,14,gate-8,fato-1,gate-8,fato-4,14:34:07,14:43:07,14:50:20,14:57:10,15:07:10,540,433.41,410,1383.41,0,0,ready,사당 > 경부고속도로 양재천 다리 > 대치교 > 청담대교 중간지점 > 잠실대교 중간지점 > 천호,18.2608,13,"{""phase"":""A"",""startLLA"":{""lat"":37.475767,""lon"":126.982185,""alt"":0},""endLLA"":{""lat"":37.475767,""lon"":126.982185,""alt"":0},""targetSpeed"":3,""seq"":1}","{""phase"":""B"",""startLLA"":{""lat"":37.475767,""lon"":126.982185,""alt"":0},""endLLA"":{""lat"":37.475767,""lon"":126.982185,""alt"":15},""targetSpeed"":10,""seq"":2}","{""phase"":""C"",""startLLA"":{""lat"":37.475767,""lon"":126.982185,""alt"":15},""endLLA"":{""lat"":37.474631,""lon"":126.995751,""alt"":100},""targetSpeed"":36,""seq"":3}","{""phase"":""E"",""startLLA"":{""lat"":37.474631,""lon"":126.995751,""alt"":100},""endLLA"":{""lat"":37.471593,""lon"":127.032031,""alt"":287.26},""targetSpeed"":51.4,""seq"":4}","{""phase"":""E"",""startLLA"":{""lat"":37.471593,""lon"":127.032031,""alt"":287.26},""endLLA"":{""lat"":37.473289,""lon"":127.034748,""alt"":305},""targetSpeed"":51.4,""seq"":5}","{""phase"":""F"",""startLLA"":{""lat"":37.473289,""lon"":127.034748,""alt"":305},""endLLA"":{""lat"":37.497702,""lon"":127.073855,""alt"":305},""targetSpeed"":51.4,""seq"":6}","{""phase"":""F"",""startLLA"":{""lat"":37.497702,""lon"":127.073855,""alt"":305},""endLLA"":{""lat"":37.526451,""lon"":127.064361,""alt"":305},""targetSpeed"":51.4,""seq"":7}","{""phase"":""F"",""startLLA"":{""lat"":37.526451,""lon"":127.064361,""alt"":305},""endLLA"":{""lat"":37.525291,""lon"":127.078991,""alt"":305},""targetSpeed"":51.4,""seq"":8}","{""phase"":""G"",""startLLA"":{""lat"":37.525291,""lon"":127.078991,""alt"":305},""endLLA"":{""lat"":37.524288,""lon"":127.091639,""alt"":239.8},""targetSpeed"":36,""seq"":9}","{""phase"":""G"",""startLLA"":{""lat"":37.524288,""lon"":127.091639,""alt"":239.8},""endLLA"":{""lat"":37.539418,""lon"":127.111105,""alt"":100},""targetSpeed"":36,""seq"":10}","{""phase"":""I"",""startLLA"":{""lat"":37.539418,""lon"":127.111105,""alt"":100},""endLLA"":{""lat"":37.545733,""lon"":127.11923,""alt"":15},""targetSpeed"":30,""seq"":11}","{""phase"":""J"",""startLLA"":{""lat"":37.545733,""lon"":127.11923,""alt"":15},""endLLA"":{""lat"":37.545733,""lon"":127.11923,""alt"":0},""targetSpeed"":10,""seq"":12}","{""phase"":""K"",""startLLA"":{""lat"":37.545733,""lon"":127.11923,""alt"":0},""endLLA"":{""lat"":37.545733,""lon"":127.11923,""alt"":0},""targetSpeed"":3,""seq"":13}",,,,,,,,
b4a2894cba5c,2026-06-20,FPL0815011,UAM0066,a2,2,2,1,사당,사당,마곡,마곡,14,gate-4,fato-2,gate-3,fato-3,14:39:17,14:48:17,15:05:24,15:12:44,15:22:44,540,1027,440,2007,0,290,ready,사당 > 180고지 > 영등포 > 목동교 > 염창교 > 가양대교 남단 > 마곡,21.5149,14,"{""phase"":""A"",""startLLA"":{""lat"":37.475767,""lon"":126.982185,""alt"":0},""endLLA"":{""lat"":37.475767,""lon"":126.982185,""alt"":0},""targetSpeed"":3,""seq"":1}","{""phase"":""B"",""startLLA"":{""lat"":37.475767,""lon"":126.982185,""alt"":0},""endLLA"":{""lat"":37.475767,""lon"":126.982185,""alt"":15},""targetSpeed"":10,""seq"":2}","{""phase"":""C"",""startLLA"":{""lat"":37.475767,""lon"":126.982185,""alt"":15},""endLLA"":{""lat"":37.480646,""lon"":126.97001,""alt"":100},""targetSpeed"":36,""seq"":3}","{""phase"":""E"",""startLLA"":{""lat"":37.480646,""lon"":126.97001,""alt"":100},""endLLA"":{""lat"":37.492877,""lon"":126.93949,""alt"":275.53},""targetSpeed"":51.4,""seq"":4}","{""phase"":""E"",""startLLA"":{""lat"":37.492877,""lon"":126.93949,""alt"":275.53},""endLLA"":{""lat"":37.495955,""lon"":126.935259,""alt"":305},""targetSpeed"":51.4,""seq"":5}","{""phase"":""F"",""startLLA"":{""lat"":37.495955,""lon"":126.935259,""alt"":305},""endLLA"":{""lat"":37.515965,""lon"":126.907756,""alt"":305},""targetSpeed"":51.4,""seq"":6}","{""phase"":""F"",""startLLA"":{""lat"":37.515965,""lon"":126.907756,""alt"":305},""endLLA"":{""lat"":37.530667,""lon"":126.888262,""alt"":305},""targetSpeed"":51.4,""seq"":7}","{""phase"":""F"",""startLLA"":{""lat"":37.530667,""lon"":126.888262,""alt"":305},""endLLA"":{""lat"":37.553824,""lon"":126.875819,""alt"":305},""targetSpeed"":51.4,""seq"":8}","{""phase"":""F"",""startLLA"":{""lat"":37.553824,""lon"":126.875819,""alt"":305},""endLLA"":{""lat"":37.569391,""lon"":126.861026,""alt"":305},""targetSpeed"":51.4,""seq"":9}","{""phase"":""F"",""startLLA"":{""lat"":37.569391,""lon"":126.861026,""alt"":305},""endLLA"":{""lat"":37.567855,""lon"":126.842869,""alt"":305},""targetSpeed"":51.4,""seq"":10}","{""phase"":""G"",""startLLA"":{""lat"":37.567855,""lon"":126.842869,""alt"":305},""endLLA"":{""lat"":37.564492,""lon"":126.803119,""alt"":100},""targetSpeed"":36,""seq"":11}","{""phase"":""I"",""startLLA"":{""lat"":37.564492,""lon"":126.803119,""alt"":100},""endLLA"":{""lat"":37.563535,""lon"":126.791805,""alt"":15},""targetSpeed"":30,""seq"":12}","{""phase"":""J"",""startLLA"":{""lat"":37.563535,""lon"":126.791805,""alt"":15},""endLLA"":{""lat"":37.563535,""lon"":126.791805,""alt"":0},""targetSpeed"":10,""seq"":13}","{""phase"":""K"",""startLLA"":{""lat"":37.563535,""lon"":126.791805,""alt"":0},""endLLA"":{""lat"":37.563535,""lon"":126.791805,""alt"":0},""targetSpeed"":3,""seq"":14}",,,,,,,
b4a2894cba5c,2026-06-20,FPL0817011,UAM0050,a2,2,2,1,사당,사당,수서,수서,14,gate-3,fato-1,gate-2,fato-3,14:40:27,14:49:07,14:53:53,15:01:43,15:11:43,520,286.87,470,1276.87,10,0,ready,사당 > 경부고속도로 양재천 다리 > 수서,10.7285,10,"{""phase"":""A"",""startLLA"":{""lat"":37.475767,""lon"":126.982185,""alt"":0},""endLLA"":{""lat"":37.475767,""lon"":126.982185,""alt"":0},""targetSpeed"":3,""seq"":1}","{""phase"":""B"",""startLLA"":{""lat"":37.475767,""lon"":126.982185,""alt"":0},""endLLA"":{""lat"":37.475767,""lon"":126.982185,""alt"":15},""targetSpeed"":10,""seq"":2}","{""phase"":""C"",""startLLA"":{""lat"":37.475767,""lon"":126.982185,""alt"":15},""endLLA"":{""lat"":37.47463,""lon"":126.995757,""alt"":100},""targetSpeed"":36,""seq"":3}","{""phase"":""E"",""startLLA"":{""lat"":37.47463,""lon"":126.995757,""alt"":100},""endLLA"":{""lat"":37.471593,""lon"":127.032031,""alt"":287.14},""targetSpeed"":51.4,""seq"":4}","{""phase"":""E"",""startLLA"":{""lat"":37.471593,""lon"":127.032031,""alt"":287.14},""endLLA"":{""lat"":37.472365,""lon"":127.035373,""alt"":305},""targetSpeed"":51.4,""seq"":5}","{""phase"":""F"",""startLLA"":{""lat"":37.472365,""lon"":127.035373,""alt"":305},""endLLA"":{""lat"":37.476051,""lon"":127.051318,""alt"":305},""targetSpeed"":51.4,""seq"":6}","{""phase"":""G"",""startLLA"":{""lat"":37.476051,""lon"":127.051318,""alt"":305},""endLLA"":{""lat"":37.484917,""lon"":127.089683,""alt"":100},""targetSpeed"":36,""seq"":7}","{""phase"":""I"",""startLLA"":{""lat"":37.484917,""lon"":127.089683,""alt"":100},""endLLA"":{""lat"":37.487441,""lon"":127.100603,""alt"":15},""targetSpeed"":30,""seq"":8}","{""phase"":""J"",""startLLA"":{""lat"":37.487441,""lon"":127.100603,""alt"":15},""endLLA"":{""lat"":37.487441,""lon"":127.100603,""alt"":0},""targetSpeed"":10,""seq"":9}","{""phase"":""K"",""startLLA"":{""lat"":37.487441,""lon"":127.100603,""alt"":0},""endLLA"":{""lat"":37.487441,""lon"":127.100603,""alt"":0},""targetSpeed"":3,""seq"":10}",,,,,,,,,,,
b4a2894cba5c,2026-06-20,FPL0812010,UAM0127,a8,8,1,0.125,사당,사당,광화문,광화문,14,gate-7,fato-2,gate-8,fato-3,14:45:33,14:54:17,15:02:08,15:08:58,15:18:58,524,471.89,410,1405.89,14,0,ready,사당 > 180고지 > 영등포 > 선유도 17고지 > 성산대교 중간지점 > 홍대입구 > 광화문,20.239,14,"{""phase"":""A"",""startLLA"":{""lat"":37.475767,""lon"":126.982185,""alt"":0},""endLLA"":{""lat"":37.475767,""lon"":126.982185,""alt"":0},""targetSpeed"":3,""seq"":1}","{""phase"":""B"",""startLLA"":{""lat"":37.475767,""lon"":126.982185,""alt"":0},""endLLA"":{""lat"":37.475767,""lon"":126.982185,""alt"":15},""targetSpeed"":10,""seq"":2}","{""phase"":""C"",""startLLA"":{""lat"":37.475767,""lon"":126.982185,""alt"":15},""endLLA"":{""lat"":37.480587,""lon"":126.970158,""alt"":100},""targetSpeed"":36,""seq"":3}","{""phase"":""E"",""startLLA"":{""lat"":37.480587,""lon"":126.970158,""alt"":100},""endLLA"":{""lat"":37.492877,""lon"":126.93949,""alt"":278.55},""targetSpeed"":51.4,""seq"":4}","{""phase"":""E"",""startLLA"":{""lat"":37.492877,""lon"":126.93949,""alt"":278.55},""endLLA"":{""lat"":37.495606,""lon"":126.935739,""alt"":305},""targetSpeed"":51.4,""seq"":5}","{""phase"":""F"",""startLLA"":{""lat"":37.495606,""lon"":126.935739,""alt"":305},""endLLA"":{""lat"":37.515965,""lon"":126.907756,""alt"":305},""targetSpeed"":51.4,""seq"":6}","{""phase"":""F"",""startLLA"":{""lat"":37.515965,""lon"":126.907756,""alt"":305},""endLLA"":{""lat"":37.542307,""lon"":126.90249,""alt"":305},""targetSpeed"":51.4,""seq"":7}","{""phase"":""F"",""startLLA"":{""lat"":37.542307,""lon"":126.90249,""alt"":305},""endLLA"":{""lat"":37.552574,""lon"":126.891431,""alt"":305},""targetSpeed"":51.4,""seq"":8}","{""phase"":""F"",""startLLA"":{""lat"":37.552574,""lon"":126.891431,""alt"":305},""endLLA"":{""lat"":37.556786,""lon"":126.923706,""alt"":305},""targetSpeed"":51.4,""seq"":9}","{""phase"":""F"",""startLLA"":{""lat"":37.556786,""lon"":126.923706,""alt"":305},""endLLA"":{""lat"":37.557137,""lon"":126.925138,""alt"":305},""targetSpeed"":51.4,""seq"":10}","{""phase"":""G"",""startLLA"":{""lat"":37.557137,""lon"":126.925138,""alt"":305},""endLLA"":{""lat"":37.566379,""lon"":126.962865,""alt"":100},""targetSpeed"":36,""seq"":11}","{""phase"":""I"",""startLLA"":{""lat"":37.566379,""lon"":126.962865,""alt"":100},""endLLA"":{""lat"":37.56901,""lon"":126.973604,""alt"":15},""targetSpeed"":30,""seq"":12}","{""phase"":""J"",""startLLA"":{""lat"":37.56901,""lon"":126.973604,""alt"":15},""endLLA"":{""lat"":37.56901,""lon"":126.973604,""alt"":0},""targetSpeed"":10,""seq"":13}","{""phase"":""K"",""startLLA"":{""lat"":37.56901,""lon"":126.973604,""alt"":0},""endLLA"":{""lat"":37.56901,""lon"":126.973604,""alt"":0},""targetSpeed"":3,""seq"":14}",,,,,,,
b4a2894cba5c,2026-06-20,FPL0815012,UAM0037,a6,6,1,0.1667,사당,사당,마곡,마곡,14,gate-4,fato-1,gate-8,fato-4,14:58:27,15:08:07,15:19:54,15:27:24,15:37:24,580,706.11,450,1736.11,70.89,116,ready,사당 > 180고지 > 영등포 > 목동교 > 염창교 > 가양대교 남단 > 마곡,21.5149,14,"{""phase"":""A"",""startLLA"":{""lat"":37.475767,""lon"":126.982185,""alt"":0},""endLLA"":{""lat"":37.475767,""lon"":126.982185,""alt"":0},""targetSpeed"":3,""seq"":1}","{""phase"":""B"",""startLLA"":{""lat"":37.475767,""lon"":126.982185,""alt"":0},""endLLA"":{""lat"":37.475767,""lon"":126.982185,""alt"":15},""targetSpeed"":10,""seq"":2}","{""phase"":""C"",""startLLA"":{""lat"":37.475767,""lon"":126.982185,""alt"":15},""endLLA"":{""lat"":37.480646,""lon"":126.97001,""alt"":100},""targetSpeed"":36,""seq"":3}","{""phase"":""E"",""startLLA"":{""lat"":37.480646,""lon"":126.97001,""alt"":100},""endLLA"":{""lat"":37.492877,""lon"":126.93949,""alt"":275.53},""targetSpeed"":51.4,""seq"":4}","{""phase"":""E"",""startLLA"":{""lat"":37.492877,""lon"":126.93949,""alt"":275.53},""endLLA"":{""lat"":37.495955,""lon"":126.935259,""alt"":305},""targetSpeed"":51.4,""seq"":5}","{""phase"":""F"",""startLLA"":{""lat"":37.495955,""lon"":126.935259,""alt"":305},""endLLA"":{""lat"":37.515965,""lon"":126.907756,""alt"":305},""targetSpeed"":51.4,""seq"":6}","{""phase"":""F"",""startLLA"":{""lat"":37.515965,""lon"":126.907756,""alt"":305},""endLLA"":{""lat"":37.530667,""lon"":126.888262,""alt"":305},""targetSpeed"":51.4,""seq"":7}","{""phase"":""F"",""startLLA"":{""lat"":37.530667,""lon"":126.888262,""alt"":305},""endLLA"":{""lat"":37.553824,""lon"":126.875819,""alt"":305},""targetSpeed"":51.4,""seq"":8}","{""phase"":""F"",""startLLA"":{""lat"":37.553824,""lon"":126.875819,""alt"":305},""endLLA"":{""lat"":37.569391,""lon"":126.861026,""alt"":305},""targetSpeed"":51.4,""seq"":9}","{""phase"":""F"",""startLLA"":{""lat"":37.569391,""lon"":126.861026,""alt"":305},""endLLA"":{""lat"":37.567855,""lon"":126.842869,""alt"":305},""targetSpeed"":51.4,""seq"":10}","{""phase"":""G"",""startLLA"":{""lat"":37.567855,""lon"":126.842869,""alt"":305},""endLLA"":{""lat"":37.564492,""lon"":126.803119,""alt"":100},""targetSpeed"":36,""seq"":11}","{""phase"":""I"",""startLLA"":{""lat"":37.564492,""lon"":126.803119,""alt"":100},""endLLA"":{""lat"":37.563535,""lon"":126.791805,""alt"":15},""targetSpeed"":30,""seq"":12}","{""phase"":""J"",""startLLA"":{""lat"":37.563535,""lon"":126.791805,""alt"":15},""endLLA"":{""lat"":37.563535,""lon"":126.791805,""alt"":0},""targetSpeed"":10,""seq"":13}","{""phase"":""K"",""startLLA"":{""lat"":37.563535,""lon"":126.791805,""alt"":0},""endLLA"":{""lat"":37.563535,""lon"":126.791805,""alt"":0},""targetSpeed"":3,""seq"":14}",,,,,,,
b4a2894cba5c,2026-06-20,FPL0806009,UAM0058,a2,2,2,1,사당,사당,미아,미아,15,gate-8,fato-2,gate-6,fato-3,15:01:07,15:10:07,15:20:15,15:28:05,15:38:05,540,608.5,470,1618.5,0,0,ready,사당 > 경부고속도로 양재천 다리 > 대치교 > 청담대교 중간지점 > 건대입구 > 중랑천 제방길 > 상봉 > 월릉교 > 미아,27.2607,16,"{""phase"":""A"",""startLLA"":{""lat"":37.475767,""lon"":126.982185,""alt"":0},""endLLA"":{""lat"":37.475767,""lon"":126.982185,""alt"":0},""targetSpeed"":3,""seq"":1}","{""phase"":""B"",""startLLA"":{""lat"":37.475767,""lon"":126.982185,""alt"":0},""endLLA"":{""lat"":37.475767,""lon"":126.982185,""alt"":15},""targetSpeed"":10,""seq"":2}","{""phase"":""C"",""startLLA"":{""lat"":37.475767,""lon"":126.982185,""alt"":15},""endLLA"":{""lat"":37.474631,""lon"":126.995747,""alt"":100},""targetSpeed"":36,""seq"":3}","{""phase"":""E"",""startLLA"":{""lat"":37.474631,""lon"":126.995747,""alt"":100},""endLLA"":{""lat"":37.471593,""lon"":127.032031,""alt"":287.34},""targetSpeed"":51.4,""seq"":4}","{""phase"":""E"",""startLLA"":{""lat"":37.471593,""lon"":127.032031,""alt"":287.34},""endLLA"":{""lat"":37.47328,""lon"":127.034734,""alt"":305},""targetSpeed"":51.4,""seq"":5}","{""phase"":""F"",""startLLA"":{""lat"":37.47328,""lon"":127.034734,""alt"":305},""endLLA"":{""lat"":37.497702,""lon"":127.073855,""alt"":305},""targetSpeed"":51.4,""seq"":6}","{""phase"":""F"",""startLLA"":{""lat"":37.497702,""lon"":127.073855,""alt"":305},""endLLA"":{""lat"":37.526451,""lon"":127.064361,""alt"":305},""targetSpeed"":51.4,""seq"":7}","{""phase"":""F"",""startLLA"":{""lat"":37.526451,""lon"":127.064361,""alt"":305},""endLLA"":{""lat"":37.540426,""lon"":127.069298,""alt"":305},""targetSpeed"":51.4,""seq"":8}","{""phase"":""F"",""startLLA"":{""lat"":37.540426,""lon"":127.069298,""alt"":305},""endLLA"":{""lat"":37.580774,""lon"":127.077387,""alt"":305},""targetSpeed"":51.4,""seq"":9}","{""phase"":""F"",""startLLA"":{""lat"":37.580774,""lon"":127.077387,""alt"":305},""endLLA"":{""lat"":37.596919,""lon"":127.084854,""alt"":305},""targetSpeed"":51.4,""seq"":10}","{""phase"":""F"",""startLLA"":{""lat"":37.596919,""lon"":127.084854,""alt"":305},""endLLA"":{""lat"":37.614356,""lon"":127.072723,""alt"":305},""targetSpeed"":51.4,""seq"":11}","{""phase"":""G"",""startLLA"":{""lat"":37.614356,""lon"":127.072723,""alt"":305},""endLLA"":{""lat"":37.616266,""lon"":127.071394,""alt"":290.89},""targetSpeed"":36,""seq"":12}","{""phase"":""G"",""startLLA"":{""lat"":37.616266,""lon"":127.071394,""alt"":290.89},""endLLA"":{""lat"":37.626943,""lon"":127.036668,""alt"":100},""targetSpeed"":36,""seq"":13}","{""phase"":""I"",""startLLA"":{""lat"":37.626943,""lon"":127.036668,""alt"":100},""endLLA"":{""lat"":37.630207,""lon"":127.026053,""alt"":15},""targetSpeed"":30,""seq"":14}","{""phase"":""J"",""startLLA"":{""lat"":37.630207,""lon"":127.026053,""alt"":15},""endLLA"":{""lat"":37.630207,""lon"":127.026053,""alt"":0},""targetSpeed"":10,""seq"":15}","{""phase"":""K"",""startLLA"":{""lat"":37.630207,""lon"":127.026053,""alt"":0},""endLLA"":{""lat"":37.630207,""lon"":127.026053,""alt"":0},""targetSpeed"":3,""seq"":16}",,,,,
b4a2894cba5c,2026-06-20,FPL0805013,UAM0034,a2,2,2,1,사당,사당,목동,목동,15,gate-3,fato-1,gate-4,fato-3,15:05:10,15:14:07,15:19:00,15:25:50,15:35:50,537.89,292.84,410,1240.74,27.89,0,ready,사당 > 180고지 > 영등포 > 목동,11.0358,11,"{""phase"":""A"",""startLLA"":{""lat"":37.475767,""lon"":126.982185,""alt"":0},""endLLA"":{""lat"":37.475767,""lon"":126.982185,""alt"":0},""targetSpeed"":3,""seq"":1}","{""phase"":""B"",""startLLA"":{""lat"":37.475767,""lon"":126.982185,""alt"":0},""endLLA"":{""lat"":37.475767,""lon"":126.982185,""alt"":15},""targetSpeed"":10,""seq"":2}","{""phase"":""C"",""startLLA"":{""lat"":37.475767,""lon"":126.982185,""alt"":15},""endLLA"":{""lat"":37.480648,""lon"":126.970006,""alt"":100},""targetSpeed"":36,""seq"":3}","{""phase"":""E"",""startLLA"":{""lat"":37.480648,""lon"":126.970006,""alt"":100},""endLLA"":{""lat"":37.492877,""lon"":126.93949,""alt"":275.46},""targetSpeed"":51.4,""seq"":4}","{""phase"":""E"",""startLLA"":{""lat"":37.492877,""lon"":126.93949,""alt"":275.46},""endLLA"":{""lat"":37.495964,""lon"":126.935246,""alt"":305},""targetSpeed"":51.4,""seq"":5}","{""phase"":""F"",""startLLA"":{""lat"":37.495964,""lon"":126.935246,""alt"":305},""endLLA"":{""lat"":37.506735,""lon"":126.920442,""alt"":305},""targetSpeed"":51.4,""seq"":6}","{""phase"":""G"",""startLLA"":{""lat"":37.506735,""lon"":126.920442,""alt"":305},""endLLA"":{""lat"":37.515965,""lon"":126.907756,""alt"":216.68},""targetSpeed"":36,""seq"":7}","{""phase"":""G"",""startLLA"":{""lat"":37.515965,""lon"":126.907756,""alt"":216.68},""endLLA"":{""lat"":37.522883,""lon"":126.886749,""alt"":100},""targetSpeed"":36,""seq"":8}","{""phase"":""I"",""startLLA"":{""lat"":37.522883,""lon"":126.886749,""alt"":100},""endLLA"":{""lat"":37.526343,""lon"":126.876243,""alt"":15},""targetSpeed"":30,""seq"":9}","{""phase"":""J"",""startLLA"":{""lat"":37.526343,""lon"":126.876243,""alt"":15},""endLLA"":{""lat"":37.526343,""lon"":126.876243,""alt"":0},""targetSpeed"":10,""seq"":10}","{""phase"":""K"",""startLLA"":{""lat"":37.526343,""lon"":126.876243,""alt"":0},""endLLA"":{""lat"":37.526343,""lon"":126.876243,""alt"":0},""targetSpeed"":3,""seq"":11}",,,,,,,,,,
b4a2894cba5c,2026-06-20,FPL0811015,UAM0065,a2,2,2,1,사당,사당,천호,천호,15,gate-7,fato-2,gate-7,fato-4,15:06:38,15:16:07,15:26:30,15:33:50,15:43:50,569,623.82,440,1632.82,59,190.41,ready,사당 > 경부고속도로 양재천 다리 > 대치교 > 청담대교 중간지점 > 잠실대교 중간지점 > 천호,18.2608,13,"{""phase"":""A"",""startLLA"":{""lat"":37.475767,""lon"":126.982185,""alt"":0},""endLLA"":{""lat"":37.475767,""lon"":126.982185,""alt"":0},""targetSpeed"":3,""seq"":1}","{""phase"":""B"",""startLLA"":{""lat"":37.475767,""lon"":126.982185,""alt"":0},""endLLA"":{""lat"":37.475767,""lon"":126.982185,""alt"":15},""targetSpeed"":10,""seq"":2}","{""phase"":""C"",""startLLA"":{""lat"":37.475767,""lon"":126.982185,""alt"":15},""endLLA"":{""lat"":37.474631,""lon"":126.995751,""alt"":100},""targetSpeed"":36,""seq"":3}","{""phase"":""E"",""startLLA"":{""lat"":37.474631,""lon"":126.995751,""alt"":100},""endLLA"":{""lat"":37.471593,""lon"":127.032031,""alt"":287.26},""targetSpeed"":51.4,""seq"":4}","{""phase"":""E"",""startLLA"":{""lat"":37.471593,""lon"":127.032031,""alt"":287.26},""endLLA"":{""lat"":37.473289,""lon"":127.034748,""alt"":305},""targetSpeed"":51.4,""seq"":5}","{""phase"":""F"",""startLLA"":{""lat"":37.473289,""lon"":127.034748,""alt"":305},""endLLA"":{""lat"":37.497702,""lon"":127.073855,""alt"":305},""targetSpeed"":51.4,""seq"":6}","{""phase"":""F"",""startLLA"":{""lat"":37.497702,""lon"":127.073855,""alt"":305},""endLLA"":{""lat"":37.526451,""lon"":127.064361,""alt"":305},""targetSpeed"":51.4,""seq"":7}","{""phase"":""F"",""startLLA"":{""lat"":37.526451,""lon"":127.064361,""alt"":305},""endLLA"":{""lat"":37.525291,""lon"":127.078991,""alt"":305},""targetSpeed"":51.4,""seq"":8}","{""phase"":""G"",""startLLA"":{""lat"":37.525291,""lon"":127.078991,""alt"":305},""endLLA"":{""lat"":37.524288,""lon"":127.091639,""alt"":239.8},""targetSpeed"":36,""seq"":9}","{""phase"":""G"",""startLLA"":{""lat"":37.524288,""lon"":127.091639,""alt"":239.8},""endLLA"":{""lat"":37.539418,""lon"":127.111105,""alt"":100},""targetSpeed"":36,""seq"":10}","{""phase"":""I"",""startLLA"":{""lat"":37.539418,""lon"":127.111105,""alt"":100},""endLLA"":{""lat"":37.545733,""lon"":127.11923,""alt"":15},""targetSpeed"":30,""seq"":11}","{""phase"":""J"",""startLLA"":{""lat"":37.545733,""lon"":127.11923,""alt"":15},""endLLA"":{""lat"":37.545733,""lon"":127.11923,""alt"":0},""targetSpeed"":10,""seq"":12}","{""phase"":""K"",""startLLA"":{""lat"":37.545733,""lon"":127.11923,""alt"":0},""endLLA"":{""lat"":37.545733,""lon"":127.11923,""alt"":0},""targetSpeed"":3,""seq"":13}",,,,,,,,
b4a2894cba5c,2026-06-20,FPL0805014,UAM0073,a2,2,2,1,사당,사당,목동,목동,15,gate-2,fato-1,gate-6,fato-4,15:11:18,15:20:07,15:25:00,15:33:11,15:43:11,529.89,292.84,490.35,1313.09,49.89,20.35,ready,사당 > 180고지 > 영등포 > 목동,11.0358,11,"{""phase"":""A"",""startLLA"":{""lat"":37.475767,""lon"":126.982185,""alt"":0},""endLLA"":{""lat"":37.475767,""lon"":126.982185,""alt"":0},""targetSpeed"":3,""seq"":1}","{""phase"":""B"",""startLLA"":{""lat"":37.475767,""lon"":126.982185,""alt"":0},""endLLA"":{""lat"":37.475767,""lon"":126.982185,""alt"":15},""targetSpeed"":10,""seq"":2}","{""phase"":""C"",""startLLA"":{""lat"":37.475767,""lon"":126.982185,""alt"":15},""endLLA"":{""lat"":37.480648,""lon"":126.970006,""alt"":100},""targetSpeed"":36,""seq"":3}","{""phase"":""E"",""startLLA"":{""lat"":37.480648,""lon"":126.970006,""alt"":100},""endLLA"":{""lat"":37.492877,""lon"":126.93949,""alt"":275.46},""targetSpeed"":51.4,""seq"":4}","{""phase"":""E"",""startLLA"":{""lat"":37.492877,""lon"":126.93949,""alt"":275.46},""endLLA"":{""lat"":37.495964,""lon"":126.935246,""alt"":305},""targetSpeed"":51.4,""seq"":5}","{""phase"":""F"",""startLLA"":{""lat"":37.495964,""lon"":126.935246,""alt"":305},""endLLA"":{""lat"":37.506735,""lon"":126.920442,""alt"":305},""targetSpeed"":51.4,""seq"":6}","{""phase"":""G"",""startLLA"":{""lat"":37.506735,""lon"":126.920442,""alt"":305},""endLLA"":{""lat"":37.515965,""lon"":126.907756,""alt"":216.68},""targetSpeed"":36,""seq"":7}","{""phase"":""G"",""startLLA"":{""lat"":37.515965,""lon"":126.907756,""alt"":216.68},""endLLA"":{""lat"":37.522883,""lon"":126.886749,""alt"":100},""targetSpeed"":36,""seq"":8}","{""phase"":""I"",""startLLA"":{""lat"":37.522883,""lon"":126.886749,""alt"":100},""endLLA"":{""lat"":37.526343,""lon"":126.876243,""alt"":15},""targetSpeed"":30,""seq"":9}","{""phase"":""J"",""startLLA"":{""lat"":37.526343,""lon"":126.876243,""alt"":15},""endLLA"":{""lat"":37.526343,""lon"":126.876243,""alt"":0},""targetSpeed"":10,""seq"":10}","{""phase"":""K"",""startLLA"":{""lat"":37.526343,""lon"":126.876243,""alt"":0},""endLLA"":{""lat"":37.526343,""lon"":126.876243,""alt"":0},""targetSpeed"":3,""seq"":11}",,,,,,,,,,
b4a2894cba5c,2026-06-20,FPL0805015,UAM0097,a2,2,2,1,사당,사당,목동,목동,15,gate-4,fato-2,gate-3,fato-3,15:16:18,15:25:18,15:30:10,15:37:30,15:47:30,540,292.84,440,1272.84,0,0,ready,사당 > 180고지 > 영등포 > 목동,11.0358,11,"{""phase"":""A"",""startLLA"":{""lat"":37.475767,""lon"":126.982185,""alt"":0},""endLLA"":{""lat"":37.475767,""lon"":126.982185,""alt"":0},""targetSpeed"":3,""seq"":1}","{""phase"":""B"",""startLLA"":{""lat"":37.475767,""lon"":126.982185,""alt"":0},""endLLA"":{""lat"":37.475767,""lon"":126.982185,""alt"":15},""targetSpeed"":10,""seq"":2}","{""phase"":""C"",""startLLA"":{""lat"":37.475767,""lon"":126.982185,""alt"":15},""endLLA"":{""lat"":37.480648,""lon"":126.970006,""alt"":100},""targetSpeed"":36,""seq"":3}","{""phase"":""E"",""startLLA"":{""lat"":37.480648,""lon"":126.970006,""alt"":100},""endLLA"":{""lat"":37.492877,""lon"":126.93949,""alt"":275.46},""targetSpeed"":51.4,""seq"":4}","{""phase"":""E"",""startLLA"":{""lat"":37.492877,""lon"":126.93949,""alt"":275.46},""endLLA"":{""lat"":37.495964,""lon"":126.935246,""alt"":305},""targetSpeed"":51.4,""seq"":5}","{""phase"":""F"",""startLLA"":{""lat"":37.495964,""lon"":126.935246,""alt"":305},""endLLA"":{""lat"":37.506735,""lon"":126.920442,""alt"":305},""targetSpeed"":51.4,""seq"":6}","{""phase"":""G"",""startLLA"":{""lat"":37.506735,""lon"":126.920442,""alt"":305},""endLLA"":{""lat"":37.515965,""lon"":126.907756,""alt"":216.68},""targetSpeed"":36,""seq"":7}","{""phase"":""G"",""startLLA"":{""lat"":37.515965,""lon"":126.907756,""alt"":216.68},""endLLA"":{""lat"":37.522883,""lon"":126.886749,""alt"":100},""targetSpeed"":36,""seq"":8}","{""phase"":""I"",""startLLA"":{""lat"":37.522883,""lon"":126.886749,""alt"":100},""endLLA"":{""lat"":37.526343,""lon"":126.876243,""alt"":15},""targetSpeed"":30,""seq"":9}","{""phase"":""J"",""startLLA"":{""lat"":37.526343,""lon"":126.876243,""alt"":15},""endLLA"":{""lat"":37.526343,""lon"":126.876243,""alt"":0},""targetSpeed"":10,""seq"":10}","{""phase"":""K"",""startLLA"":{""lat"":37.526343,""lon"":126.876243,""alt"":0},""endLLA"":{""lat"":37.526343,""lon"":126.876243,""alt"":0},""targetSpeed"":3,""seq"":11}",,,,,,,,,,
b4a2894cba5c,2026-06-20,FPL0812011,UAM0119,a8,8,7,0.875,사당,사당,광화문,광화문,15,gate-8,fato-1,gate-7,fato-4,15:21:03,15:30:03,15:37:54,15:45:45,15:55:45,540,471.89,471.05,1482.95,0,31.05,ready,사당 > 180고지 > 영등포 > 선유도 17고지 > 성산대교 중간지점 > 홍대입구 > 광화문,20.239,14,"{""phase"":""A"",""startLLA"":{""lat"":37.475767,""lon"":126.982185,""alt"":0},""endLLA"":{""lat"":37.475767,""lon"":126.982185,""alt"":0},""targetSpeed"":3,""seq"":1}","{""phase"":""B"",""startLLA"":{""lat"":37.475767,""lon"":126.982185,""alt"":0},""endLLA"":{""lat"":37.475767,""lon"":126.982185,""alt"":15},""targetSpeed"":10,""seq"":2}","{""phase"":""C"",""startLLA"":{""lat"":37.475767,""lon"":126.982185,""alt"":15},""endLLA"":{""lat"":37.480587,""lon"":126.970158,""alt"":100},""targetSpeed"":36,""seq"":3}","{""phase"":""E"",""startLLA"":{""lat"":37.480587,""lon"":126.970158,""alt"":100},""endLLA"":{""lat"":37.492877,""lon"":126.93949,""alt"":278.55},""targetSpeed"":51.4,""seq"":4}","{""phase"":""E"",""startLLA"":{""lat"":37.492877,""lon"":126.93949,""alt"":278.55},""endLLA"":{""lat"":37.495606,""lon"":126.935739,""alt"":305},""targetSpeed"":51.4,""seq"":5}","{""phase"":""F"",""startLLA"":{""lat"":37.495606,""lon"":126.935739,""alt"":305},""endLLA"":{""lat"":37.515965,""lon"":126.907756,""alt"":305},""targetSpeed"":51.4,""seq"":6}","{""phase"":""F"",""startLLA"":{""lat"":37.515965,""lon"":126.907756,""alt"":305},""endLLA"":{""lat"":37.542307,""lon"":126.90249,""alt"":305},""targetSpeed"":51.4,""seq"":7}","{""phase"":""F"",""startLLA"":{""lat"":37.542307,""lon"":126.90249,""alt"":305},""endLLA"":{""lat"":37.552574,""lon"":126.891431,""alt"":305},""targetSpeed"":51.4,""seq"":8}","{""phase"":""F"",""startLLA"":{""lat"":37.552574,""lon"":126.891431,""alt"":305},""endLLA"":{""lat"":37.556786,""lon"":126.923706,""alt"":305},""targetSpeed"":51.4,""seq"":9}","{""phase"":""F"",""startLLA"":{""lat"":37.556786,""lon"":126.923706,""alt"":305},""endLLA"":{""lat"":37.557137,""lon"":126.925138,""alt"":305},""targetSpeed"":51.4,""seq"":10}","{""phase"":""G"",""startLLA"":{""lat"":37.557137,""lon"":126.925138,""alt"":305},""endLLA"":{""lat"":37.566379,""lon"":126.962865,""alt"":100},""targetSpeed"":36,""seq"":11}","{""phase"":""I"",""startLLA"":{""lat"":37.566379,""lon"":126.962865,""alt"":100},""endLLA"":{""lat"":37.56901,""lon"":126.973604,""alt"":15},""targetSpeed"":30,""seq"":12}","{""phase"":""J"",""startLLA"":{""lat"":37.56901,""lon"":126.973604,""alt"":15},""endLLA"":{""lat"":37.56901,""lon"":126.973604,""alt"":0},""targetSpeed"":10,""seq"":13}","{""phase"":""K"",""startLLA"":{""lat"":37.56901,""lon"":126.973604,""alt"":0},""endLLA"":{""lat"":37.56901,""lon"":126.973604,""alt"":0},""targetSpeed"":3,""seq"":14}",,,,,,,
b4a2894cba5c,2026-06-20,FPL0817012,UAM0098,a2,2,2,1,사당,사당,수서,수서,15,gate-6,fato-2,gate-3,fato-3,15:23:18,15:31:18,15:40:00,15:47:20,15:57:20,480,522.98,440,1442.98,0,236.11,ready,사당 > 경부고속도로 양재천 다리 > 수서,10.7285,10,"{""phase"":""A"",""startLLA"":{""lat"":37.475767,""lon"":126.982185,""alt"":0},""endLLA"":{""lat"":37.475767,""lon"":126.982185,""alt"":0},""targetSpeed"":3,""seq"":1}","{""phase"":""B"",""startLLA"":{""lat"":37.475767,""lon"":126.982185,""alt"":0},""endLLA"":{""lat"":37.475767,""lon"":126.982185,""alt"":15},""targetSpeed"":10,""seq"":2}","{""phase"":""C"",""startLLA"":{""lat"":37.475767,""lon"":126.982185,""alt"":15},""endLLA"":{""lat"":37.47463,""lon"":126.995757,""alt"":100},""targetSpeed"":36,""seq"":3}","{""phase"":""E"",""startLLA"":{""lat"":37.47463,""lon"":126.995757,""alt"":100},""endLLA"":{""lat"":37.471593,""lon"":127.032031,""alt"":287.14},""targetSpeed"":51.4,""seq"":4}","{""phase"":""E"",""startLLA"":{""lat"":37.471593,""lon"":127.032031,""alt"":287.14},""endLLA"":{""lat"":37.472365,""lon"":127.035373,""alt"":305},""targetSpeed"":51.4,""seq"":5}","{""phase"":""F"",""startLLA"":{""lat"":37.472365,""lon"":127.035373,""alt"":305},""endLLA"":{""lat"":37.476051,""lon"":127.051318,""alt"":305},""targetSpeed"":51.4,""seq"":6}","{""phase"":""G"",""startLLA"":{""lat"":37.476051,""lon"":127.051318,""alt"":305},""endLLA"":{""lat"":37.484917,""lon"":127.089683,""alt"":100},""targetSpeed"":36,""seq"":7}","{""phase"":""I"",""startLLA"":{""lat"":37.484917,""lon"":127.089683,""alt"":100},""endLLA"":{""lat"":37.487441,""lon"":127.100603,""alt"":15},""targetSpeed"":30,""seq"":8}","{""phase"":""J"",""startLLA"":{""lat"":37.487441,""lon"":127.100603,""alt"":15},""endLLA"":{""lat"":37.487441,""lon"":127.100603,""alt"":0},""targetSpeed"":10,""seq"":9}","{""phase"":""K"",""startLLA"":{""lat"":37.487441,""lon"":127.100603,""alt"":0},""endLLA"":{""lat"":37.487441,""lon"":127.100603,""alt"":0},""targetSpeed"":3,""seq"":10}",,,,,,,,,,,
b4a2894cba5c,2026-06-20,FPL0811016,UAM0022,a6,6,5,0.8333,사당,사당,천호,천호,15,gate-3,fato-1,gate-3,fato-3,15:30:38,15:39:08,15:46:21,15:53:41,16:03:41,510,433.41,440,1383.41,0,0,ready,사당 > 경부고속도로 양재천 다리 > 대치교 > 청담대교 중간지점 > 잠실대교 중간지점 > 천호,18.2608,13,"{""phase"":""A"",""startLLA"":{""lat"":37.475767,""lon"":126.982185,""alt"":0},""endLLA"":{""lat"":37.475767,""lon"":126.982185,""alt"":0},""targetSpeed"":3,""seq"":1}","{""phase"":""B"",""startLLA"":{""lat"":37.475767,""lon"":126.982185,""alt"":0},""endLLA"":{""lat"":37.475767,""lon"":126.982185,""alt"":15},""targetSpeed"":10,""seq"":2}","{""phase"":""C"",""startLLA"":{""lat"":37.475767,""lon"":126.982185,""alt"":15},""endLLA"":{""lat"":37.474631,""lon"":126.995751,""alt"":100},""targetSpeed"":36,""seq"":3}","{""phase"":""E"",""startLLA"":{""lat"":37.474631,""lon"":126.995751,""alt"":100},""endLLA"":{""lat"":37.471593,""lon"":127.032031,""alt"":287.26},""targetSpeed"":51.4,""seq"":4}","{""phase"":""E"",""startLLA"":{""lat"":37.471593,""lon"":127.032031,""alt"":287.26},""endLLA"":{""lat"":37.473289,""lon"":127.034748,""alt"":305},""targetSpeed"":51.4,""seq"":5}","{""phase"":""F"",""startLLA"":{""lat"":37.473289,""lon"":127.034748,""alt"":305},""endLLA"":{""lat"":37.497702,""lon"":127.073855,""alt"":305},""targetSpeed"":51.4,""seq"":6}","{""phase"":""F"",""startLLA"":{""lat"":37.497702,""lon"":127.073855,""alt"":305},""endLLA"":{""lat"":37.526451,""lon"":127.064361,""alt"":305},""targetSpeed"":51.4,""seq"":7}","{""phase"":""F"",""startLLA"":{""lat"":37.526451,""lon"":127.064361,""alt"":305},""endLLA"":{""lat"":37.525291,""lon"":127.078991,""alt"":305},""targetSpeed"":51.4,""seq"":8}","{""phase"":""G"",""startLLA"":{""lat"":37.525291,""lon"":127.078991,""alt"":305},""endLLA"":{""lat"":37.524288,""lon"":127.091639,""alt"":239.8},""targetSpeed"":36,""seq"":9}","{""phase"":""G"",""startLLA"":{""lat"":37.524288,""lon"":127.091639,""alt"":239.8},""endLLA"":{""lat"":37.539418,""lon"":127.111105,""alt"":100},""targetSpeed"":36,""seq"":10}","{""phase"":""I"",""startLLA"":{""lat"":37.539418,""lon"":127.111105,""alt"":100},""endLLA"":{""lat"":37.545733,""lon"":127.11923,""alt"":15},""targetSpeed"":30,""seq"":11}","{""phase"":""J"",""startLLA"":{""lat"":37.545733,""lon"":127.11923,""alt"":15},""endLLA"":{""lat"":37.545733,""lon"":127.11923,""alt"":0},""targetSpeed"":10,""seq"":12}","{""phase"":""K"",""startLLA"":{""lat"":37.545733,""lon"":127.11923,""alt"":0},""endLLA"":{""lat"":37.545733,""lon"":127.11923,""alt"":0},""targetSpeed"":3,""seq"":13}",,,,,,,,
b4a2894cba5c,2026-06-20,FPL0816009,UAM0044,a4,4,3,0.75,사당,사당,망우,망우,15,gate-4,fato-1,gate-8,fato-4,15:41:59,15:50:59,16:00:31,16:08:01,16:18:01,540,572,450,1562,0,40,ready,사당 > 경부고속도로 양재천 다리 > 대치교 > 청담대교 중간지점 > 건대입구 > 망우,20.4833,13,"{""phase"":""A"",""startLLA"":{""lat"":37.475767,""lon"":126.982185,""alt"":0},""endLLA"":{""lat"":37.475767,""lon"":126.982185,""alt"":0},""targetSpeed"":3,""seq"":1}","{""phase"":""B"",""startLLA"":{""lat"":37.475767,""lon"":126.982185,""alt"":0},""endLLA"":{""lat"":37.475767,""lon"":126.982185,""alt"":15},""targetSpeed"":10,""seq"":2}","{""phase"":""C"",""startLLA"":{""lat"":37.475767,""lon"":126.982185,""alt"":15},""endLLA"":{""lat"":37.474631,""lon"":126.99575,""alt"":100},""targetSpeed"":36,""seq"":3}","{""phase"":""E"",""startLLA"":{""lat"":37.474631,""lon"":126.99575,""alt"":100},""endLLA"":{""lat"":37.471593,""lon"":127.032031,""alt"":287.28},""targetSpeed"":51.4,""seq"":4}","{""phase"":""E"",""startLLA"":{""lat"":37.471593,""lon"":127.032031,""alt"":287.28},""endLLA"":{""lat"":37.473287,""lon"":127.034744,""alt"":305},""targetSpeed"":51.4,""seq"":5}","{""phase"":""F"",""startLLA"":{""lat"":37.473287,""lon"":127.034744,""alt"":305},""endLLA"":{""lat"":37.497702,""lon"":127.073855,""alt"":305},""targetSpeed"":51.4,""seq"":6}","{""phase"":""F"",""startLLA"":{""lat"":37.497702,""lon"":127.073855,""alt"":305},""endLLA"":{""lat"":37.526451,""lon"":127.064361,""alt"":305},""targetSpeed"":51.4,""seq"":7}","{""phase"":""F"",""startLLA"":{""lat"":37.526451,""lon"":127.064361,""alt"":305},""endLLA"":{""lat"":37.540426,""lon"":127.069298,""alt"":305},""targetSpeed"":51.4,""seq"":8}","{""phase"":""F"",""startLLA"":{""lat"":37.540426,""lon"":127.069298,""alt"":305},""endLLA"":{""lat"":37.557141,""lon"":127.073901,""alt"":305},""targetSpeed"":51.4,""seq"":9}","{""phase"":""G"",""startLLA"":{""lat"":37.557141,""lon"":127.073901,""alt"":305},""endLLA"":{""lat"":37.588105,""lon"":127.082427,""alt"":100},""targetSpeed"":36,""seq"":10}","{""phase"":""I"",""startLLA"":{""lat"":37.588105,""lon"":127.082427,""alt"":100},""endLLA"":{""lat"":37.596919,""lon"":127.084854,""alt"":15},""targetSpeed"":30,""seq"":11}","{""phase"":""J"",""startLLA"":{""lat"":37.596919,""lon"":127.084854,""alt"":15},""endLLA"":{""lat"":37.596919,""lon"":127.084854,""alt"":0},""targetSpeed"":10,""seq"":12}","{""phase"":""K"",""startLLA"":{""lat"":37.596919,""lon"":127.084854,""alt"":0},""endLLA"":{""lat"":37.596919,""lon"":127.084854,""alt"":0},""targetSpeed"":3,""seq"":13}",,,,,,,,
b4a2894cba5c,2026-06-20,FPL0817013,UAM0061,a6,6,3,0.5,사당,사당,수서,수서,15,gate-8,fato-2,gate-4,fato-3,15:42:39,15:51:39,15:56:25,16:03:15,16:13:15,540,286.87,410,1236.87,0,0,ready,사당 > 경부고속도로 양재천 다리 > 수서,10.7285,10,"{""phase"":""A"",""startLLA"":{""lat"":37.475767,""lon"":126.982185,""alt"":0},""endLLA"":{""lat"":37.475767,""lon"":126.982185,""alt"":0},""targetSpeed"":3,""seq"":1}","{""phase"":""B"",""startLLA"":{""lat"":37.475767,""lon"":126.982185,""alt"":0},""endLLA"":{""lat"":37.475767,""lon"":126.982185,""alt"":15},""targetSpeed"":10,""seq"":2}","{""phase"":""C"",""startLLA"":{""lat"":37.475767,""lon"":126.982185,""alt"":15},""endLLA"":{""lat"":37.47463,""lon"":126.995757,""alt"":100},""targetSpeed"":36,""seq"":3}","{""phase"":""E"",""startLLA"":{""lat"":37.47463,""lon"":126.995757,""alt"":100},""endLLA"":{""lat"":37.471593,""lon"":127.032031,""alt"":287.14},""targetSpeed"":51.4,""seq"":4}","{""phase"":""E"",""startLLA"":{""lat"":37.471593,""lon"":127.032031,""alt"":287.14},""endLLA"":{""lat"":37.472365,""lon"":127.035373,""alt"":305},""targetSpeed"":51.4,""seq"":5}","{""phase"":""F"",""startLLA"":{""lat"":37.472365,""lon"":127.035373,""alt"":305},""endLLA"":{""lat"":37.476051,""lon"":127.051318,""alt"":305},""targetSpeed"":51.4,""seq"":6}","{""phase"":""G"",""startLLA"":{""lat"":37.476051,""lon"":127.051318,""alt"":305},""endLLA"":{""lat"":37.484917,""lon"":127.089683,""alt"":100},""targetSpeed"":36,""seq"":7}","{""phase"":""I"",""startLLA"":{""lat"":37.484917,""lon"":127.089683,""alt"":100},""endLLA"":{""lat"":37.487441,""lon"":127.100603,""alt"":15},""targetSpeed"":30,""seq"":8}","{""phase"":""J"",""startLLA"":{""lat"":37.487441,""lon"":127.100603,""alt"":15},""endLLA"":{""lat"":37.487441,""lon"":127.100603,""alt"":0},""targetSpeed"":10,""seq"":9}","{""phase"":""K"",""startLLA"":{""lat"":37.487441,""lon"":127.100603,""alt"":0},""endLLA"":{""lat"":37.487441,""lon"":127.100603,""alt"":0},""targetSpeed"":3,""seq"":10}",,,,,,,,,,,
b4a2894cba5c,2026-06-20,FPL0815013,UAM0018,a2,2,2,1,사당,사당,마곡,마곡,15,gate-3,fato-1,gate-7,fato-4,15:48:38,15:57:08,16:05:24,16:13:21,16:23:21,510,496.72,476.28,1483,0,36.28,ready,사당 > 180고지 > 영등포 > 목동교 > 염창교 > 가양대교 남단 > 마곡,21.5149,14,"{""phase"":""A"",""startLLA"":{""lat"":37.475767,""lon"":126.982185,""alt"":0},""endLLA"":{""lat"":37.475767,""lon"":126.982185,""alt"":0},""targetSpeed"":3,""seq"":1}","{""phase"":""B"",""startLLA"":{""lat"":37.475767,""lon"":126.982185,""alt"":0},""endLLA"":{""lat"":37.475767,""lon"":126.982185,""alt"":15},""targetSpeed"":10,""seq"":2}","{""phase"":""C"",""startLLA"":{""lat"":37.475767,""lon"":126.982185,""alt"":15},""endLLA"":{""lat"":37.480646,""lon"":126.97001,""alt"":100},""targetSpeed"":36,""seq"":3}","{""phase"":""E"",""startLLA"":{""lat"":37.480646,""lon"":126.97001,""alt"":100},""endLLA"":{""lat"":37.492877,""lon"":126.93949,""alt"":275.53},""targetSpeed"":51.4,""seq"":4}","{""phase"":""E"",""startLLA"":{""lat"":37.492877,""lon"":126.93949,""alt"":275.53},""endLLA"":{""lat"":37.495955,""lon"":126.935259,""alt"":305},""targetSpeed"":51.4,""seq"":5}","{""phase"":""F"",""startLLA"":{""lat"":37.495955,""lon"":126.935259,""alt"":305},""endLLA"":{""lat"":37.515965,""lon"":126.907756,""alt"":305},""targetSpeed"":51.4,""seq"":6}","{""phase"":""F"",""startLLA"":{""lat"":37.515965,""lon"":126.907756,""alt"":305},""endLLA"":{""lat"":37.530667,""lon"":126.888262,""alt"":305},""targetSpeed"":51.4,""seq"":7}","{""phase"":""F"",""startLLA"":{""lat"":37.530667,""lon"":126.888262,""alt"":305},""endLLA"":{""lat"":37.553824,""lon"":126.875819,""alt"":305},""targetSpeed"":51.4,""seq"":8}","{""phase"":""F"",""startLLA"":{""lat"":37.553824,""lon"":126.875819,""alt"":305},""endLLA"":{""lat"":37.569391,""lon"":126.861026,""alt"":305},""targetSpeed"":51.4,""seq"":9}","{""phase"":""F"",""startLLA"":{""lat"":37.569391,""lon"":126.861026,""alt"":305},""endLLA"":{""lat"":37.567855,""lon"":126.842869,""alt"":305},""targetSpeed"":51.4,""seq"":10}","{""phase"":""G"",""startLLA"":{""lat"":37.567855,""lon"":126.842869,""alt"":305},""endLLA"":{""lat"":37.564492,""lon"":126.803119,""alt"":100},""targetSpeed"":36,""seq"":11}","{""phase"":""I"",""startLLA"":{""lat"":37.564492,""lon"":126.803119,""alt"":100},""endLLA"":{""lat"":37.563535,""lon"":126.791805,""alt"":15},""targetSpeed"":30,""seq"":12}","{""phase"":""J"",""startLLA"":{""lat"":37.563535,""lon"":126.791805,""alt"":15},""endLLA"":{""lat"":37.563535,""lon"":126.791805,""alt"":0},""targetSpeed"":10,""seq"":13}","{""phase"":""K"",""startLLA"":{""lat"":37.563535,""lon"":126.791805,""alt"":0},""endLLA"":{""lat"":37.563535,""lon"":126.791805,""alt"":0},""targetSpeed"":3,""seq"":14}",,,,,,,
b4a2894cba5c,2026-06-20,FPL0810009,UAM0083,a4,4,3,0.75,사당,사당,연신내,연신내,15,gate-7,fato-2,gate-4,fato-3,15:51:34,16:00:04,16:08:01,16:14:51,16:24:51,510,477.34,410,1397.34,0,0,ready,사당 > 180고지 > 영등포 > 선유도 17고지 > 성산대교 중간지점 > 수색교 > 연신내,20.5191,14,"{""phase"":""A"",""startLLA"":{""lat"":37.475767,""lon"":126.982185,""alt"":0},""endLLA"":{""lat"":37.475767,""lon"":126.982185,""alt"":0},""targetSpeed"":3,""seq"":1}","{""phase"":""B"",""startLLA"":{""lat"":37.475767,""lon"":126.982185,""alt"":0},""endLLA"":{""lat"":37.475767,""lon"":126.982185,""alt"":15},""targetSpeed"":10,""seq"":2}","{""phase"":""C"",""startLLA"":{""lat"":37.475767,""lon"":126.982185,""alt"":15},""endLLA"":{""lat"":37.480646,""lon"":126.97001,""alt"":100},""targetSpeed"":36,""seq"":3}","{""phase"":""E"",""startLLA"":{""lat"":37.480646,""lon"":126.97001,""alt"":100},""endLLA"":{""lat"":37.492877,""lon"":126.93949,""alt"":275.53},""targetSpeed"":51.4,""seq"":4}","{""phase"":""E"",""startLLA"":{""lat"":37.492877,""lon"":126.93949,""alt"":275.53},""endLLA"":{""lat"":37.495955,""lon"":126.935259,""alt"":305},""targetSpeed"":51.4,""seq"":5}","{""phase"":""F"",""startLLA"":{""lat"":37.495955,""lon"":126.935259,""alt"":305},""endLLA"":{""lat"":37.515965,""lon"":126.907756,""alt"":305},""targetSpeed"":51.4,""seq"":6}","{""phase"":""F"",""startLLA"":{""lat"":37.515965,""lon"":126.907756,""alt"":305},""endLLA"":{""lat"":37.542307,""lon"":126.90249,""alt"":305},""targetSpeed"":51.4,""seq"":7}","{""phase"":""F"",""startLLA"":{""lat"":37.542307,""lon"":126.90249,""alt"":305},""endLLA"":{""lat"":37.552574,""lon"":126.891431,""alt"":305},""targetSpeed"":51.4,""seq"":8}","{""phase"":""F"",""startLLA"":{""lat"":37.552574,""lon"":126.891431,""alt"":305},""endLLA"":{""lat"":37.583699,""lon"":126.886697,""alt"":305},""targetSpeed"":51.4,""seq"":9}","{""phase"":""G"",""startLLA"":{""lat"":37.583699,""lon"":126.886697,""alt"":305},""endLLA"":{""lat"":37.586283,""lon"":126.886304,""alt"":288.16},""targetSpeed"":36,""seq"":10}","{""phase"":""G"",""startLLA"":{""lat"":37.586283,""lon"":126.886304,""alt"":288.16},""endLLA"":{""lat"":37.60526,""lon"":126.914121,""alt"":100},""targetSpeed"":36,""seq"":11}","{""phase"":""I"",""startLLA"":{""lat"":37.60526,""lon"":126.914121,""alt"":100},""endLLA"":{""lat"":37.611145,""lon"":126.922747,""alt"":15},""targetSpeed"":30,""seq"":12}","{""phase"":""J"",""startLLA"":{""lat"":37.611145,""lon"":126.922747,""alt"":15},""endLLA"":{""lat"":37.611145,""lon"":126.922747,""alt"":0},""targetSpeed"":10,""seq"":13}","{""phase"":""K"",""startLLA"":{""lat"":37.611145,""lon"":126.922747,""alt"":0},""endLLA"":{""lat"":37.611145,""lon"":126.922747,""alt"":0},""targetSpeed"":3,""seq"":14}",,,,,,,
b4a2894cba5c,2026-06-20,FPL0805016,UAM0116,a4,4,1,0.25,사당,사당,목동,목동,15,gate-2,fato-1,gate-2,fato-3,15:53:58,16:03:08,16:08:00,16:15:50,16:25:50,550,292.84,470,1312.84,70,0,ready,사당 > 180고지 > 영등포 > 목동,11.0358,11,"{""phase"":""A"",""startLLA"":{""lat"":37.475767,""lon"":126.982185,""alt"":0},""endLLA"":{""lat"":37.475767,""lon"":126.982185,""alt"":0},""targetSpeed"":3,""seq"":1}","{""phase"":""B"",""startLLA"":{""lat"":37.475767,""lon"":126.982185,""alt"":0},""endLLA"":{""lat"":37.475767,""lon"":126.982185,""alt"":15},""targetSpeed"":10,""seq"":2}","{""phase"":""C"",""startLLA"":{""lat"":37.475767,""lon"":126.982185,""alt"":15},""endLLA"":{""lat"":37.480648,""lon"":126.970006,""alt"":100},""targetSpeed"":36,""seq"":3}","{""phase"":""E"",""startLLA"":{""lat"":37.480648,""lon"":126.970006,""alt"":100},""endLLA"":{""lat"":37.492877,""lon"":126.93949,""alt"":275.46},""targetSpeed"":51.4,""seq"":4}","{""phase"":""E"",""startLLA"":{""lat"":37.492877,""lon"":126.93949,""alt"":275.46},""endLLA"":{""lat"":37.495964,""lon"":126.935246,""alt"":305},""targetSpeed"":51.4,""seq"":5}","{""phase"":""F"",""startLLA"":{""lat"":37.495964,""lon"":126.935246,""alt"":305},""endLLA"":{""lat"":37.506735,""lon"":126.920442,""alt"":305},""targetSpeed"":51.4,""seq"":6}","{""phase"":""G"",""startLLA"":{""lat"":37.506735,""lon"":126.920442,""alt"":305},""endLLA"":{""lat"":37.515965,""lon"":126.907756,""alt"":216.68},""targetSpeed"":36,""seq"":7}","{""phase"":""G"",""startLLA"":{""lat"":37.515965,""lon"":126.907756,""alt"":216.68},""endLLA"":{""lat"":37.522883,""lon"":126.886749,""alt"":100},""targetSpeed"":36,""seq"":8}","{""phase"":""I"",""startLLA"":{""lat"":37.522883,""lon"":126.886749,""alt"":100},""endLLA"":{""lat"":37.526343,""lon"":126.876243,""alt"":15},""targetSpeed"":30,""seq"":9}","{""phase"":""J"",""startLLA"":{""lat"":37.526343,""lon"":126.876243,""alt"":15},""endLLA"":{""lat"":37.526343,""lon"":126.876243,""alt"":0},""targetSpeed"":10,""seq"":10}","{""phase"":""K"",""startLLA"":{""lat"":37.526343,""lon"":126.876243,""alt"":0},""endLLA"":{""lat"":37.526343,""lon"":126.876243,""alt"":0},""targetSpeed"":3,""seq"":11}",,,,,,,,,,
b4a2894cba5c,2026-06-20,FPL0811017,UAM0060,a4,4,4,1,사당,사당,천호,천호,16,gate-4,fato-1,gate-2,fato-3,16:01:05,16:10:05,16:21:47,16:29:37,16:39:37,540,702.6,470,1712.6,0,269.19,ready,사당 > 경부고속도로 양재천 다리 > 대치교 > 청담대교 중간지점 > 잠실대교 중간지점 > 천호,18.2608,13,"{""phase"":""A"",""startLLA"":{""lat"":37.475767,""lon"":126.982185,""alt"":0},""endLLA"":{""lat"":37.475767,""lon"":126.982185,""alt"":0},""targetSpeed"":3,""seq"":1}","{""phase"":""B"",""startLLA"":{""lat"":37.475767,""lon"":126.982185,""alt"":0},""endLLA"":{""lat"":37.475767,""lon"":126.982185,""alt"":15},""targetSpeed"":10,""seq"":2}","{""phase"":""C"",""startLLA"":{""lat"":37.475767,""lon"":126.982185,""alt"":15},""endLLA"":{""lat"":37.474631,""lon"":126.995751,""alt"":100},""targetSpeed"":36,""seq"":3}","{""phase"":""E"",""startLLA"":{""lat"":37.474631,""lon"":126.995751,""alt"":100},""endLLA"":{""lat"":37.471593,""lon"":127.032031,""alt"":287.26},""targetSpeed"":51.4,""seq"":4}","{""phase"":""E"",""startLLA"":{""lat"":37.471593,""lon"":127.032031,""alt"":287.26},""endLLA"":{""lat"":37.473289,""lon"":127.034748,""alt"":305},""targetSpeed"":51.4,""seq"":5}","{""phase"":""F"",""startLLA"":{""lat"":37.473289,""lon"":127.034748,""alt"":305},""endLLA"":{""lat"":37.497702,""lon"":127.073855,""alt"":305},""targetSpeed"":51.4,""seq"":6}","{""phase"":""F"",""startLLA"":{""lat"":37.497702,""lon"":127.073855,""alt"":305},""endLLA"":{""lat"":37.526451,""lon"":127.064361,""alt"":305},""targetSpeed"":51.4,""seq"":7}","{""phase"":""F"",""startLLA"":{""lat"":37.526451,""lon"":127.064361,""alt"":305},""endLLA"":{""lat"":37.525291,""lon"":127.078991,""alt"":305},""targetSpeed"":51.4,""seq"":8}","{""phase"":""G"",""startLLA"":{""lat"":37.525291,""lon"":127.078991,""alt"":305},""endLLA"":{""lat"":37.524288,""lon"":127.091639,""alt"":239.8},""targetSpeed"":36,""seq"":9}","{""phase"":""G"",""startLLA"":{""lat"":37.524288,""lon"":127.091639,""alt"":239.8},""endLLA"":{""lat"":37.539418,""lon"":127.111105,""alt"":100},""targetSpeed"":36,""seq"":10}","{""phase"":""I"",""startLLA"":{""lat"":37.539418,""lon"":127.111105,""alt"":100},""endLLA"":{""lat"":37.545733,""lon"":127.11923,""alt"":15},""targetSpeed"":30,""seq"":11}","{""phase"":""J"",""startLLA"":{""lat"":37.545733,""lon"":127.11923,""alt"":15},""endLLA"":{""lat"":37.545733,""lon"":127.11923,""alt"":0},""targetSpeed"":10,""seq"":12}","{""phase"":""K"",""startLLA"":{""lat"":37.545733,""lon"":127.11923,""alt"":0},""endLLA"":{""lat"":37.545733,""lon"":127.11923,""alt"":0},""targetSpeed"":3,""seq"":13}",,,,,,,,
b4a2894cba5c,2026-06-20,FPL0815014,UAM0005,a6,6,6,1,사당,사당,마곡,마곡,16,gate-8,fato-1,gate-2,fato-3,16:10:07,16:19:07,16:30:05,16:37:55,16:47:55,540,658.91,470,1668.91,0,87.91,ready,사당 > 180고지 > 영등포 > 목동교 > 염창교 > 가양대교 남단 > 마곡,21.5149,14,"{""phase"":""A"",""startLLA"":{""lat"":37.475767,""lon"":126.982185,""alt"":0},""endLLA"":{""lat"":37.475767,""lon"":126.982185,""alt"":0},""targetSpeed"":3,""seq"":1}","{""phase"":""B"",""startLLA"":{""lat"":37.475767,""lon"":126.982185,""alt"":0},""endLLA"":{""lat"":37.475767,""lon"":126.982185,""alt"":15},""targetSpeed"":10,""seq"":2}","{""phase"":""C"",""startLLA"":{""lat"":37.475767,""lon"":126.982185,""alt"":15},""endLLA"":{""lat"":37.480646,""lon"":126.97001,""alt"":100},""targetSpeed"":36,""seq"":3}","{""phase"":""E"",""startLLA"":{""lat"":37.480646,""lon"":126.97001,""alt"":100},""endLLA"":{""lat"":37.492877,""lon"":126.93949,""alt"":275.53},""targetSpeed"":51.4,""seq"":4}","{""phase"":""E"",""startLLA"":{""lat"":37.492877,""lon"":126.93949,""alt"":275.53},""endLLA"":{""lat"":37.495955,""lon"":126.935259,""alt"":305},""targetSpeed"":51.4,""seq"":5}","{""phase"":""F"",""startLLA"":{""lat"":37.495955,""lon"":126.935259,""alt"":305},""endLLA"":{""lat"":37.515965,""lon"":126.907756,""alt"":305},""targetSpeed"":51.4,""seq"":6}","{""phase"":""F"",""startLLA"":{""lat"":37.515965,""lon"":126.907756,""alt"":305},""endLLA"":{""lat"":37.530667,""lon"":126.888262,""alt"":305},""targetSpeed"":51.4,""seq"":7}","{""phase"":""F"",""startLLA"":{""lat"":37.530667,""lon"":126.888262,""alt"":305},""endLLA"":{""lat"":37.553824,""lon"":126.875819,""alt"":305},""targetSpeed"":51.4,""seq"":8}","{""phase"":""F"",""startLLA"":{""lat"":37.553824,""lon"":126.875819,""alt"":305},""endLLA"":{""lat"":37.569391,""lon"":126.861026,""alt"":305},""targetSpeed"":51.4,""seq"":9}","{""phase"":""F"",""startLLA"":{""lat"":37.569391,""lon"":126.861026,""alt"":305},""endLLA"":{""lat"":37.567855,""lon"":126.842869,""alt"":305},""targetSpeed"":51.4,""seq"":10}","{""phase"":""G"",""startLLA"":{""lat"":37.567855,""lon"":126.842869,""alt"":305},""endLLA"":{""lat"":37.564492,""lon"":126.803119,""alt"":100},""targetSpeed"":36,""seq"":11}","{""phase"":""I"",""startLLA"":{""lat"":37.564492,""lon"":126.803119,""alt"":100},""endLLA"":{""lat"":37.563535,""lon"":126.791805,""alt"":15},""targetSpeed"":30,""seq"":12}","{""phase"":""J"",""startLLA"":{""lat"":37.563535,""lon"":126.791805,""alt"":15},""endLLA"":{""lat"":37.563535,""lon"":126.791805,""alt"":0},""targetSpeed"":10,""seq"":13}","{""phase"":""K"",""startLLA"":{""lat"":37.563535,""lon"":126.791805,""alt"":0},""endLLA"":{""lat"":37.563535,""lon"":126.791805,""alt"":0},""targetSpeed"":3,""seq"":14}",,,,,,,
b4a2894cba5c,2026-06-20,FPL0805017,UAM0119,a8,8,4,0.5,사당,사당,목동,목동,16,gate-4,fato-1,gate-7,fato-3,16:28:58,16:37:58,16:43:41,16:51:01,17:01:01,540,343.99,440,1323.99,0,51.14,ready,사당 > 180고지 > 영등포 > 목동,11.0358,11,"{""phase"":""A"",""startLLA"":{""lat"":37.475767,""lon"":126.982185,""alt"":0},""endLLA"":{""lat"":37.475767,""lon"":126.982185,""alt"":0},""targetSpeed"":3,""seq"":1}","{""phase"":""B"",""startLLA"":{""lat"":37.475767,""lon"":126.982185,""alt"":0},""endLLA"":{""lat"":37.475767,""lon"":126.982185,""alt"":15},""targetSpeed"":10,""seq"":2}","{""phase"":""C"",""startLLA"":{""lat"":37.475767,""lon"":126.982185,""alt"":15},""endLLA"":{""lat"":37.480648,""lon"":126.970006,""alt"":100},""targetSpeed"":36,""seq"":3}","{""phase"":""E"",""startLLA"":{""lat"":37.480648,""lon"":126.970006,""alt"":100},""endLLA"":{""lat"":37.492877,""lon"":126.93949,""alt"":275.46},""targetSpeed"":51.4,""seq"":4}","{""phase"":""E"",""startLLA"":{""lat"":37.492877,""lon"":126.93949,""alt"":275.46},""endLLA"":{""lat"":37.495964,""lon"":126.935246,""alt"":305},""targetSpeed"":51.4,""seq"":5}","{""phase"":""F"",""startLLA"":{""lat"":37.495964,""lon"":126.935246,""alt"":305},""endLLA"":{""lat"":37.506735,""lon"":126.920442,""alt"":305},""targetSpeed"":51.4,""seq"":6}","{""phase"":""G"",""startLLA"":{""lat"":37.506735,""lon"":126.920442,""alt"":305},""endLLA"":{""lat"":37.515965,""lon"":126.907756,""alt"":216.68},""targetSpeed"":36,""seq"":7}","{""phase"":""G"",""startLLA"":{""lat"":37.515965,""lon"":126.907756,""alt"":216.68},""endLLA"":{""lat"":37.522883,""lon"":126.886749,""alt"":100},""targetSpeed"":36,""seq"":8}","{""phase"":""I"",""startLLA"":{""lat"":37.522883,""lon"":126.886749,""alt"":100},""endLLA"":{""lat"":37.526343,""lon"":126.876243,""alt"":15},""targetSpeed"":30,""seq"":9}","{""phase"":""J"",""startLLA"":{""lat"":37.526343,""lon"":126.876243,""alt"":15},""endLLA"":{""lat"":37.526343,""lon"":126.876243,""alt"":0},""targetSpeed"":10,""seq"":10}","{""phase"":""K"",""startLLA"":{""lat"":37.526343,""lon"":126.876243,""alt"":0},""endLLA"":{""lat"":37.526343,""lon"":126.876243,""alt"":0},""targetSpeed"":3,""seq"":11}",,,,,,,,,,
b4a2894cba5c,2026-06-20,FPL0803011,UAM0009,a2,2,2,1,사당,사당,상암,상암,16,gate-8,fato-2,gate-7,fato-4,16:34:07,16:43:56,16:49:36,16:56:56,17:06:56,589.72,340.18,440,1369.9,49.72,0,ready,사당 > 180고지 > 영등포 > 선유도 17고지 > 상암,13.4688,12,"{""phase"":""A"",""startLLA"":{""lat"":37.475767,""lon"":126.982185,""alt"":0},""endLLA"":{""lat"":37.475767,""lon"":126.982185,""alt"":0},""targetSpeed"":3,""seq"":1}","{""phase"":""B"",""startLLA"":{""lat"":37.475767,""lon"":126.982185,""alt"":0},""endLLA"":{""lat"":37.475767,""lon"":126.982185,""alt"":15},""targetSpeed"":10,""seq"":2}","{""phase"":""C"",""startLLA"":{""lat"":37.475767,""lon"":126.982185,""alt"":15},""endLLA"":{""lat"":37.480647,""lon"":126.970008,""alt"":100},""targetSpeed"":36,""seq"":3}","{""phase"":""E"",""startLLA"":{""lat"":37.480647,""lon"":126.970008,""alt"":100},""endLLA"":{""lat"":37.492877,""lon"":126.93949,""alt"":275.49},""targetSpeed"":51.4,""seq"":4}","{""phase"":""E"",""startLLA"":{""lat"":37.492877,""lon"":126.93949,""alt"":275.49},""endLLA"":{""lat"":37.495961,""lon"":126.935252,""alt"":305},""targetSpeed"":51.4,""seq"":5}","{""phase"":""F"",""startLLA"":{""lat"":37.495961,""lon"":126.935252,""alt"":305},""endLLA"":{""lat"":37.515965,""lon"":126.907756,""alt"":305},""targetSpeed"":51.4,""seq"":6}","{""phase"":""F"",""startLLA"":{""lat"":37.515965,""lon"":126.907756,""alt"":305},""endLLA"":{""lat"":37.524062,""lon"":126.906137,""alt"":305},""targetSpeed"":51.4,""seq"":7}","{""phase"":""G"",""startLLA"":{""lat"":37.524062,""lon"":126.906137,""alt"":305},""endLLA"":{""lat"":37.542307,""lon"":126.90249,""alt"":185.51},""targetSpeed"":36,""seq"":8}","{""phase"":""G"",""startLLA"":{""lat"":37.542307,""lon"":126.90249,""alt"":185.51},""endLLA"":{""lat"":37.55418,""lon"":126.895159,""alt"":100},""targetSpeed"":36,""seq"":9}","{""phase"":""I"",""startLLA"":{""lat"":37.55418,""lon"":126.895159,""alt"":100},""endLLA"":{""lat"":37.562282,""lon"":126.890156,""alt"":15},""targetSpeed"":30,""seq"":10}","{""phase"":""J"",""startLLA"":{""lat"":37.562282,""lon"":126.890156,""alt"":15},""endLLA"":{""lat"":37.562282,""lon"":126.890156,""alt"":0},""targetSpeed"":10,""seq"":11}","{""phase"":""K"",""startLLA"":{""lat"":37.562282,""lon"":126.890156,""alt"":0},""endLLA"":{""lat"":37.562282,""lon"":126.890156,""alt"":0},""targetSpeed"":3,""seq"":12}",,,,,,,,,
b4a2894cba5c,2026-06-20,FPL0810010,UAM0001,a2,2,2,1,사당,사당,연신내,연신내,16,gate-3,fato-1,gate-8,fato-4,16:35:53,16:44:36,16:52:34,16:59:24,17:09:24,523.72,477.34,410,1411.06,13.72,0,ready,사당 > 180고지 > 영등포 > 선유도 17고지 > 성산대교 중간지점 > 수색교 > 연신내,20.5191,14,"{""phase"":""A"",""startLLA"":{""lat"":37.475767,""lon"":126.982185,""alt"":0},""endLLA"":{""lat"":37.475767,""lon"":126.982185,""alt"":0},""targetSpeed"":3,""seq"":1}","{""phase"":""B"",""startLLA"":{""lat"":37.475767,""lon"":126.982185,""alt"":0},""endLLA"":{""lat"":37.475767,""lon"":126.982185,""alt"":15},""targetSpeed"":10,""seq"":2}","{""phase"":""C"",""startLLA"":{""lat"":37.475767,""lon"":126.982185,""alt"":15},""endLLA"":{""lat"":37.480646,""lon"":126.97001,""alt"":100},""targetSpeed"":36,""seq"":3}","{""phase"":""E"",""startLLA"":{""lat"":37.480646,""lon"":126.97001,""alt"":100},""endLLA"":{""lat"":37.492877,""lon"":126.93949,""alt"":275.53},""targetSpeed"":51.4,""seq"":4}","{""phase"":""E"",""startLLA"":{""lat"":37.492877,""lon"":126.93949,""alt"":275.53},""endLLA"":{""lat"":37.495955,""lon"":126.935259,""alt"":305},""targetSpeed"":51.4,""seq"":5}","{""phase"":""F"",""startLLA"":{""lat"":37.495955,""lon"":126.935259,""alt"":305},""endLLA"":{""lat"":37.515965,""lon"":126.907756,""alt"":305},""targetSpeed"":51.4,""seq"":6}","{""phase"":""F"",""startLLA"":{""lat"":37.515965,""lon"":126.907756,""alt"":305},""endLLA"":{""lat"":37.542307,""lon"":126.90249,""alt"":305},""targetSpeed"":51.4,""seq"":7}","{""phase"":""F"",""startLLA"":{""lat"":37.542307,""lon"":126.90249,""alt"":305},""endLLA"":{""lat"":37.552574,""lon"":126.891431,""alt"":305},""targetSpeed"":51.4,""seq"":8}","{""phase"":""F"",""startLLA"":{""lat"":37.552574,""lon"":126.891431,""alt"":305},""endLLA"":{""lat"":37.583699,""lon"":126.886697,""alt"":305},""targetSpeed"":51.4,""seq"":9}","{""phase"":""G"",""startLLA"":{""lat"":37.583699,""lon"":126.886697,""alt"":305},""endLLA"":{""lat"":37.586283,""lon"":126.886304,""alt"":288.16},""targetSpeed"":36,""seq"":10}","{""phase"":""G"",""startLLA"":{""lat"":37.586283,""lon"":126.886304,""alt"":288.16},""endLLA"":{""lat"":37.60526,""lon"":126.914121,""alt"":100},""targetSpeed"":36,""seq"":11}","{""phase"":""I"",""startLLA"":{""lat"":37.60526,""lon"":126.914121,""alt"":100},""endLLA"":{""lat"":37.611145,""lon"":126.922747,""alt"":15},""targetSpeed"":30,""seq"":12}","{""phase"":""J"",""startLLA"":{""lat"":37.611145,""lon"":126.922747,""alt"":15},""endLLA"":{""lat"":37.611145,""lon"":126.922747,""alt"":0},""targetSpeed"":10,""seq"":13}","{""phase"":""K"",""startLLA"":{""lat"":37.611145,""lon"":126.922747,""alt"":0},""endLLA"":{""lat"":37.611145,""lon"":126.922747,""alt"":0},""targetSpeed"":3,""seq"":14}",,,,,,,
b4a2894cba5c,2026-06-20,FPL0806010,UAM0085,a6,6,3,0.5,사당,사당,미아,미아,16,gate-7,fato-1,gate-4,fato-4,16:46:37,16:55:07,17:06:16,17:13:06,17:23:06,510,669.29,410,1589.29,0,60.78,ready,사당 > 경부고속도로 양재천 다리 > 대치교 > 청담대교 중간지점 > 건대입구 > 중랑천 제방길 > 상봉 > 월릉교 > 미아,27.2607,16,"{""phase"":""A"",""startLLA"":{""lat"":37.475767,""lon"":126.982185,""alt"":0},""endLLA"":{""lat"":37.475767,""lon"":126.982185,""alt"":0},""targetSpeed"":3,""seq"":1}","{""phase"":""B"",""startLLA"":{""lat"":37.475767,""lon"":126.982185,""alt"":0},""endLLA"":{""lat"":37.475767,""lon"":126.982185,""alt"":15},""targetSpeed"":10,""seq"":2}","{""phase"":""C"",""startLLA"":{""lat"":37.475767,""lon"":126.982185,""alt"":15},""endLLA"":{""lat"":37.474631,""lon"":126.995747,""alt"":100},""targetSpeed"":36,""seq"":3}","{""phase"":""E"",""startLLA"":{""lat"":37.474631,""lon"":126.995747,""alt"":100},""endLLA"":{""lat"":37.471593,""lon"":127.032031,""alt"":287.34},""targetSpeed"":51.4,""seq"":4}","{""phase"":""E"",""startLLA"":{""lat"":37.471593,""lon"":127.032031,""alt"":287.34},""endLLA"":{""lat"":37.47328,""lon"":127.034734,""alt"":305},""targetSpeed"":51.4,""seq"":5}","{""phase"":""F"",""startLLA"":{""lat"":37.47328,""lon"":127.034734,""alt"":305},""endLLA"":{""lat"":37.497702,""lon"":127.073855,""alt"":305},""targetSpeed"":51.4,""seq"":6}","{""phase"":""F"",""startLLA"":{""lat"":37.497702,""lon"":127.073855,""alt"":305},""endLLA"":{""lat"":37.526451,""lon"":127.064361,""alt"":305},""targetSpeed"":51.4,""seq"":7}","{""phase"":""F"",""startLLA"":{""lat"":37.526451,""lon"":127.064361,""alt"":305},""endLLA"":{""lat"":37.540426,""lon"":127.069298,""alt"":305},""targetSpeed"":51.4,""seq"":8}","{""phase"":""F"",""startLLA"":{""lat"":37.540426,""lon"":127.069298,""alt"":305},""endLLA"":{""lat"":37.580774,""lon"":127.077387,""alt"":305},""targetSpeed"":51.4,""seq"":9}","{""phase"":""F"",""startLLA"":{""lat"":37.580774,""lon"":127.077387,""alt"":305},""endLLA"":{""lat"":37.596919,""lon"":127.084854,""alt"":305},""targetSpeed"":51.4,""seq"":10}","{""phase"":""F"",""startLLA"":{""lat"":37.596919,""lon"":127.084854,""alt"":305},""endLLA"":{""lat"":37.614356,""lon"":127.072723,""alt"":305},""targetSpeed"":51.4,""seq"":11}","{""phase"":""G"",""startLLA"":{""lat"":37.614356,""lon"":127.072723,""alt"":305},""endLLA"":{""lat"":37.616266,""lon"":127.071394,""alt"":290.89},""targetSpeed"":36,""seq"":12}","{""phase"":""G"",""startLLA"":{""lat"":37.616266,""lon"":127.071394,""alt"":290.89},""endLLA"":{""lat"":37.626943,""lon"":127.036668,""alt"":100},""targetSpeed"":36,""seq"":13}","{""phase"":""I"",""startLLA"":{""lat"":37.626943,""lon"":127.036668,""alt"":100},""endLLA"":{""lat"":37.630207,""lon"":127.026053,""alt"":15},""targetSpeed"":30,""seq"":14}","{""phase"":""J"",""startLLA"":{""lat"":37.630207,""lon"":127.026053,""alt"":15},""endLLA"":{""lat"":37.630207,""lon"":127.026053,""alt"":0},""targetSpeed"":10,""seq"":15}","{""phase"":""K"",""startLLA"":{""lat"":37.630207,""lon"":127.026053,""alt"":0},""endLLA"":{""lat"":37.630207,""lon"":127.026053,""alt"":0},""targetSpeed"":3,""seq"":16}",,,,,
b4a2894cba5c,2026-06-20,FPL0816010,UAM0023,a8,8,2,0.25,사당,사당,망우,망우,16,gate-4,fato-1,gate-6,fato-3,16:54:36,17:03:36,17:15:04,17:22:54,17:32:54,540,688,470,1698,0,211.35,ready,사당 > 경부고속도로 양재천 다리 > 대치교 > 청담대교 중간지점 > 건대입구 > 망우,20.4833,13,"{""phase"":""A"",""startLLA"":{""lat"":37.475767,""lon"":126.982185,""alt"":0},""endLLA"":{""lat"":37.475767,""lon"":126.982185,""alt"":0},""targetSpeed"":3,""seq"":1}","{""phase"":""B"",""startLLA"":{""lat"":37.475767,""lon"":126.982185,""alt"":0},""endLLA"":{""lat"":37.475767,""lon"":126.982185,""alt"":15},""targetSpeed"":10,""seq"":2}","{""phase"":""C"",""startLLA"":{""lat"":37.475767,""lon"":126.982185,""alt"":15},""endLLA"":{""lat"":37.474631,""lon"":126.99575,""alt"":100},""targetSpeed"":36,""seq"":3}","{""phase"":""E"",""startLLA"":{""lat"":37.474631,""lon"":126.99575,""alt"":100},""endLLA"":{""lat"":37.471593,""lon"":127.032031,""alt"":287.28},""targetSpeed"":51.4,""seq"":4}","{""phase"":""E"",""startLLA"":{""lat"":37.471593,""lon"":127.032031,""alt"":287.28},""endLLA"":{""lat"":37.473287,""lon"":127.034744,""alt"":305},""targetSpeed"":51.4,""seq"":5}","{""phase"":""F"",""startLLA"":{""lat"":37.473287,""lon"":127.034744,""alt"":305},""endLLA"":{""lat"":37.497702,""lon"":127.073855,""alt"":305},""targetSpeed"":51.4,""seq"":6}","{""phase"":""F"",""startLLA"":{""lat"":37.497702,""lon"":127.073855,""alt"":305},""endLLA"":{""lat"":37.526451,""lon"":127.064361,""alt"":305},""targetSpeed"":51.4,""seq"":7}","{""phase"":""F"",""startLLA"":{""lat"":37.526451,""lon"":127.064361,""alt"":305},""endLLA"":{""lat"":37.540426,""lon"":127.069298,""alt"":305},""targetSpeed"":51.4,""seq"":8}","{""phase"":""F"",""startLLA"":{""lat"":37.540426,""lon"":127.069298,""alt"":305},""endLLA"":{""lat"":37.557141,""lon"":127.073901,""alt"":305},""targetSpeed"":51.4,""seq"":9}","{""phase"":""G"",""startLLA"":{""lat"":37.557141,""lon"":127.073901,""alt"":305},""endLLA"":{""lat"":37.588105,""lon"":127.082427,""alt"":100},""targetSpeed"":36,""seq"":10}","{""phase"":""I"",""startLLA"":{""lat"":37.588105,""lon"":127.082427,""alt"":100},""endLLA"":{""lat"":37.596919,""lon"":127.084854,""alt"":15},""targetSpeed"":30,""seq"":11}","{""phase"":""J"",""startLLA"":{""lat"":37.596919,""lon"":127.084854,""alt"":15},""endLLA"":{""lat"":37.596919,""lon"":127.084854,""alt"":0},""targetSpeed"":10,""seq"":12}","{""phase"":""K"",""startLLA"":{""lat"":37.596919,""lon"":127.084854,""alt"":0},""endLLA"":{""lat"":37.596919,""lon"":127.084854,""alt"":0},""targetSpeed"":3,""seq"":13}",,,,,,,,
b4a2894cba5c,2026-06-20,FPL0811018,UAM0044,a4,4,2,0.5,사당,사당,천호,천호,16,gate-8,fato-2,gate-5,fato-4,16:57:57,17:06:57,17:15:13,17:24:04,17:34:04,540,496.54,530.46,1567,0,93.59,ready,사당 > 경부고속도로 양재천 다리 > 대치교 > 청담대교 중간지점 > 잠실대교 중간지점 > 천호,18.2608,13,"{""phase"":""A"",""startLLA"":{""lat"":37.475767,""lon"":126.982185,""alt"":0},""endLLA"":{""lat"":37.475767,""lon"":126.982185,""alt"":0},""targetSpeed"":3,""seq"":1}","{""phase"":""B"",""startLLA"":{""lat"":37.475767,""lon"":126.982185,""alt"":0},""endLLA"":{""lat"":37.475767,""lon"":126.982185,""alt"":15},""targetSpeed"":10,""seq"":2}","{""phase"":""C"",""startLLA"":{""lat"":37.475767,""lon"":126.982185,""alt"":15},""endLLA"":{""lat"":37.474631,""lon"":126.995751,""alt"":100},""targetSpeed"":36,""seq"":3}","{""phase"":""E"",""startLLA"":{""lat"":37.474631,""lon"":126.995751,""alt"":100},""endLLA"":{""lat"":37.471593,""lon"":127.032031,""alt"":287.26},""targetSpeed"":51.4,""seq"":4}","{""phase"":""E"",""startLLA"":{""lat"":37.471593,""lon"":127.032031,""alt"":287.26},""endLLA"":{""lat"":37.473289,""lon"":127.034748,""alt"":305},""targetSpeed"":51.4,""seq"":5}","{""phase"":""F"",""startLLA"":{""lat"":37.473289,""lon"":127.034748,""alt"":305},""endLLA"":{""lat"":37.497702,""lon"":127.073855,""alt"":305},""targetSpeed"":51.4,""seq"":6}","{""phase"":""F"",""startLLA"":{""lat"":37.497702,""lon"":127.073855,""alt"":305},""endLLA"":{""lat"":37.526451,""lon"":127.064361,""alt"":305},""targetSpeed"":51.4,""seq"":7}","{""phase"":""F"",""startLLA"":{""lat"":37.526451,""lon"":127.064361,""alt"":305},""endLLA"":{""lat"":37.525291,""lon"":127.078991,""alt"":305},""targetSpeed"":51.4,""seq"":8}","{""phase"":""G"",""startLLA"":{""lat"":37.525291,""lon"":127.078991,""alt"":305},""endLLA"":{""lat"":37.524288,""lon"":127.091639,""alt"":239.8},""targetSpeed"":36,""seq"":9}","{""phase"":""G"",""startLLA"":{""lat"":37.524288,""lon"":127.091639,""alt"":239.8},""endLLA"":{""lat"":37.539418,""lon"":127.111105,""alt"":100},""targetSpeed"":36,""seq"":10}","{""phase"":""I"",""startLLA"":{""lat"":37.539418,""lon"":127.111105,""alt"":100},""endLLA"":{""lat"":37.545733,""lon"":127.11923,""alt"":15},""targetSpeed"":30,""seq"":11}","{""phase"":""J"",""startLLA"":{""lat"":37.545733,""lon"":127.11923,""alt"":15},""endLLA"":{""lat"":37.545733,""lon"":127.11923,""alt"":0},""targetSpeed"":10,""seq"":12}","{""phase"":""K"",""startLLA"":{""lat"":37.545733,""lon"":127.11923,""alt"":0},""endLLA"":{""lat"":37.545733,""lon"":127.11923,""alt"":0},""targetSpeed"":3,""seq"":13}",,,,,,,,
b4a2894cba5c,2026-06-20,FPL0806011,UAM0130,a2,2,2,1,사당,사당,미아,미아,17,gate-3,fato-1,gate-6,fato-3,17:00:47,17:09:36,17:23:54,17:31:44,17:41:44,529,858.7,470,1857.7,19,57.7,ready,사당 > 경부고속도로 양재천 다리 > 대치교 > 청담대교 중간지점 > 건대입구 > 중랑천 제방길 > 상봉 > 월릉교 > 미아,27.2607,16,"{""phase"":""A"",""startLLA"":{""lat"":37.475767,""lon"":126.982185,""alt"":0},""endLLA"":{""lat"":37.475767,""lon"":126.982185,""alt"":0},""targetSpeed"":3,""seq"":1}","{""phase"":""B"",""startLLA"":{""lat"":37.475767,""lon"":126.982185,""alt"":0},""endLLA"":{""lat"":37.475767,""lon"":126.982185,""alt"":15},""targetSpeed"":10,""seq"":2}","{""phase"":""C"",""startLLA"":{""lat"":37.475767,""lon"":126.982185,""alt"":15},""endLLA"":{""lat"":37.474631,""lon"":126.995747,""alt"":100},""targetSpeed"":36,""seq"":3}","{""phase"":""E"",""startLLA"":{""lat"":37.474631,""lon"":126.995747,""alt"":100},""endLLA"":{""lat"":37.471593,""lon"":127.032031,""alt"":287.34},""targetSpeed"":51.4,""seq"":4}","{""phase"":""E"",""startLLA"":{""lat"":37.471593,""lon"":127.032031,""alt"":287.34},""endLLA"":{""lat"":37.47328,""lon"":127.034734,""alt"":305},""targetSpeed"":51.4,""seq"":5}","{""phase"":""F"",""startLLA"":{""lat"":37.47328,""lon"":127.034734,""alt"":305},""endLLA"":{""lat"":37.497702,""lon"":127.073855,""alt"":305},""targetSpeed"":51.4,""seq"":6}","{""phase"":""F"",""startLLA"":{""lat"":37.497702,""lon"":127.073855,""alt"":305},""endLLA"":{""lat"":37.526451,""lon"":127.064361,""alt"":305},""targetSpeed"":51.4,""seq"":7}","{""phase"":""F"",""startLLA"":{""lat"":37.526451,""lon"":127.064361,""alt"":305},""endLLA"":{""lat"":37.540426,""lon"":127.069298,""alt"":305},""targetSpeed"":51.4,""seq"":8}","{""phase"":""F"",""startLLA"":{""lat"":37.540426,""lon"":127.069298,""alt"":305},""endLLA"":{""lat"":37.580774,""lon"":127.077387,""alt"":305},""targetSpeed"":51.4,""seq"":9}","{""phase"":""F"",""startLLA"":{""lat"":37.580774,""lon"":127.077387,""alt"":305},""endLLA"":{""lat"":37.596919,""lon"":127.084854,""alt"":305},""targetSpeed"":51.4,""seq"":10}","{""phase"":""F"",""startLLA"":{""lat"":37.596919,""lon"":127.084854,""alt"":305},""endLLA"":{""lat"":37.614356,""lon"":127.072723,""alt"":305},""targetSpeed"":51.4,""seq"":11}","{""phase"":""G"",""startLLA"":{""lat"":37.614356,""lon"":127.072723,""alt"":305},""endLLA"":{""lat"":37.616266,""lon"":127.071394,""alt"":290.89},""targetSpeed"":36,""seq"":12}","{""phase"":""G"",""startLLA"":{""lat"":37.616266,""lon"":127.071394,""alt"":290.89},""endLLA"":{""lat"":37.626943,""lon"":127.036668,""alt"":100},""targetSpeed"":36,""seq"":13}","{""phase"":""I"",""startLLA"":{""lat"":37.626943,""lon"":127.036668,""alt"":100},""endLLA"":{""lat"":37.630207,""lon"":127.026053,""alt"":15},""targetSpeed"":30,""seq"":14}","{""phase"":""J"",""startLLA"":{""lat"":37.630207,""lon"":127.026053,""alt"":15},""endLLA"":{""lat"":37.630207,""lon"":127.026053,""alt"":0},""targetSpeed"":10,""seq"":15}","{""phase"":""K"",""startLLA"":{""lat"":37.630207,""lon"":127.026053,""alt"":0},""endLLA"":{""lat"":37.630207,""lon"":127.026053,""alt"":0},""targetSpeed"":3,""seq"":16}",,,,,
b4a2894cba5c,2026-06-20,FPL0811019,UAM0056,a8,8,8,1,사당,사당,천호,천호,17,gate-2,fato-2,gate-8,fato-3,17:04:43,17:12:57,17:20:10,17:27:00,17:37:00,494,433.41,410,1337.41,14,0,ready,사당 > 경부고속도로 양재천 다리 > 대치교 > 청담대교 중간지점 > 잠실대교 중간지점 > 천호,18.2608,13,"{""phase"":""A"",""startLLA"":{""lat"":37.475767,""lon"":126.982185,""alt"":0},""endLLA"":{""lat"":37.475767,""lon"":126.982185,""alt"":0},""targetSpeed"":3,""seq"":1}","{""phase"":""B"",""startLLA"":{""lat"":37.475767,""lon"":126.982185,""alt"":0},""endLLA"":{""lat"":37.475767,""lon"":126.982185,""alt"":15},""targetSpeed"":10,""seq"":2}","{""phase"":""C"",""startLLA"":{""lat"":37.475767,""lon"":126.982185,""alt"":15},""endLLA"":{""lat"":37.474631,""lon"":126.995751,""alt"":100},""targetSpeed"":36,""seq"":3}","{""phase"":""E"",""startLLA"":{""lat"":37.474631,""lon"":126.995751,""alt"":100},""endLLA"":{""lat"":37.471593,""lon"":127.032031,""alt"":287.26},""targetSpeed"":51.4,""seq"":4}","{""phase"":""E"",""startLLA"":{""lat"":37.471593,""lon"":127.032031,""alt"":287.26},""endLLA"":{""lat"":37.473289,""lon"":127.034748,""alt"":305},""targetSpeed"":51.4,""seq"":5}","{""phase"":""F"",""startLLA"":{""lat"":37.473289,""lon"":127.034748,""alt"":305},""endLLA"":{""lat"":37.497702,""lon"":127.073855,""alt"":305},""targetSpeed"":51.4,""seq"":6}","{""phase"":""F"",""startLLA"":{""lat"":37.497702,""lon"":127.073855,""alt"":305},""endLLA"":{""lat"":37.526451,""lon"":127.064361,""alt"":305},""targetSpeed"":51.4,""seq"":7}","{""phase"":""F"",""startLLA"":{""lat"":37.526451,""lon"":127.064361,""alt"":305},""endLLA"":{""lat"":37.525291,""lon"":127.078991,""alt"":305},""targetSpeed"":51.4,""seq"":8}","{""phase"":""G"",""startLLA"":{""lat"":37.525291,""lon"":127.078991,""alt"":305},""endLLA"":{""lat"":37.524288,""lon"":127.091639,""alt"":239.8},""targetSpeed"":36,""seq"":9}","{""phase"":""G"",""startLLA"":{""lat"":37.524288,""lon"":127.091639,""alt"":239.8},""endLLA"":{""lat"":37.539418,""lon"":127.111105,""alt"":100},""targetSpeed"":36,""seq"":10}","{""phase"":""I"",""startLLA"":{""lat"":37.539418,""lon"":127.111105,""alt"":100},""endLLA"":{""lat"":37.545733,""lon"":127.11923,""alt"":15},""targetSpeed"":30,""seq"":11}","{""phase"":""J"",""startLLA"":{""lat"":37.545733,""lon"":127.11923,""alt"":15},""endLLA"":{""lat"":37.545733,""lon"":127.11923,""alt"":0},""targetSpeed"":10,""seq"":12}","{""phase"":""K"",""startLLA"":{""lat"":37.545733,""lon"":127.11923,""alt"":0},""endLLA"":{""lat"":37.545733,""lon"":127.11923,""alt"":0},""targetSpeed"":3,""seq"":13}",,,,,,,,
b4a2894cba5c,2026-06-20,FPL0815015,UAM0126,a6,6,6,1,사당,사당,마곡,마곡,17,gate-7,fato-1,gate-3,fato-3,17:05:56,17:15:36,17:25:38,17:32:58,17:42:58,580,602.75,440,1622.75,70,106.03,ready,사당 > 180고지 > 영등포 > 목동교 > 염창교 > 가양대교 남단 > 마곡,21.5149,14,"{""phase"":""A"",""startLLA"":{""lat"":37.475767,""lon"":126.982185,""alt"":0},""endLLA"":{""lat"":37.475767,""lon"":126.982185,""alt"":0},""targetSpeed"":3,""seq"":1}","{""phase"":""B"",""startLLA"":{""lat"":37.475767,""lon"":126.982185,""alt"":0},""endLLA"":{""lat"":37.475767,""lon"":126.982185,""alt"":15},""targetSpeed"":10,""seq"":2}","{""phase"":""C"",""startLLA"":{""lat"":37.475767,""lon"":126.982185,""alt"":15},""endLLA"":{""lat"":37.480646,""lon"":126.97001,""alt"":100},""targetSpeed"":36,""seq"":3}","{""phase"":""E"",""startLLA"":{""lat"":37.480646,""lon"":126.97001,""alt"":100},""endLLA"":{""lat"":37.492877,""lon"":126.93949,""alt"":275.53},""targetSpeed"":51.4,""seq"":4}","{""phase"":""E"",""startLLA"":{""lat"":37.492877,""lon"":126.93949,""alt"":275.53},""endLLA"":{""lat"":37.495955,""lon"":126.935259,""alt"":305},""targetSpeed"":51.4,""seq"":5}","{""phase"":""F"",""startLLA"":{""lat"":37.495955,""lon"":126.935259,""alt"":305},""endLLA"":{""lat"":37.515965,""lon"":126.907756,""alt"":305},""targetSpeed"":51.4,""seq"":6}","{""phase"":""F"",""startLLA"":{""lat"":37.515965,""lon"":126.907756,""alt"":305},""endLLA"":{""lat"":37.530667,""lon"":126.888262,""alt"":305},""targetSpeed"":51.4,""seq"":7}","{""phase"":""F"",""startLLA"":{""lat"":37.530667,""lon"":126.888262,""alt"":305},""endLLA"":{""lat"":37.553824,""lon"":126.875819,""alt"":305},""targetSpeed"":51.4,""seq"":8}","{""phase"":""F"",""startLLA"":{""lat"":37.553824,""lon"":126.875819,""alt"":305},""endLLA"":{""lat"":37.569391,""lon"":126.861026,""alt"":305},""targetSpeed"":51.4,""seq"":9}","{""phase"":""F"",""startLLA"":{""lat"":37.569391,""lon"":126.861026,""alt"":305},""endLLA"":{""lat"":37.567855,""lon"":126.842869,""alt"":305},""targetSpeed"":51.4,""seq"":10}","{""phase"":""G"",""startLLA"":{""lat"":37.567855,""lon"":126.842869,""alt"":305},""endLLA"":{""lat"":37.564492,""lon"":126.803119,""alt"":100},""targetSpeed"":36,""seq"":11}","{""phase"":""I"",""startLLA"":{""lat"":37.564492,""lon"":126.803119,""alt"":100},""endLLA"":{""lat"":37.563535,""lon"":126.791805,""alt"":15},""targetSpeed"":30,""seq"":12}","{""phase"":""J"",""startLLA"":{""lat"":37.563535,""lon"":126.791805,""alt"":15},""endLLA"":{""lat"":37.563535,""lon"":126.791805,""alt"":0},""targetSpeed"":10,""seq"":13}","{""phase"":""K"",""startLLA"":{""lat"":37.563535,""lon"":126.791805,""alt"":0},""endLLA"":{""lat"":37.563535,""lon"":126.791805,""alt"":0},""targetSpeed"":3,""seq"":14}",,,,,,,
b4a2894cba5c,2026-06-20,FPL0816011,UAM0037,a6,6,5,0.8333,사당,사당,망우,망우,17,gate-6,fato-2,gate-8,fato-3,17:10:04,17:18:57,17:26:53,17:33:43,17:43:43,533,476.65,410,1419.65,53,0,ready,사당 > 경부고속도로 양재천 다리 > 대치교 > 청담대교 중간지점 > 건대입구 > 망우,20.4833,13,"{""phase"":""A"",""startLLA"":{""lat"":37.475767,""lon"":126.982185,""alt"":0},""endLLA"":{""lat"":37.475767,""lon"":126.982185,""alt"":0},""targetSpeed"":3,""seq"":1}","{""phase"":""B"",""startLLA"":{""lat"":37.475767,""lon"":126.982185,""alt"":0},""endLLA"":{""lat"":37.475767,""lon"":126.982185,""alt"":15},""targetSpeed"":10,""seq"":2}","{""phase"":""C"",""startLLA"":{""lat"":37.475767,""lon"":126.982185,""alt"":15},""endLLA"":{""lat"":37.474631,""lon"":126.99575,""alt"":100},""targetSpeed"":36,""seq"":3}","{""phase"":""E"",""startLLA"":{""lat"":37.474631,""lon"":126.99575,""alt"":100},""endLLA"":{""lat"":37.471593,""lon"":127.032031,""alt"":287.28},""targetSpeed"":51.4,""seq"":4}","{""phase"":""E"",""startLLA"":{""lat"":37.471593,""lon"":127.032031,""alt"":287.28},""endLLA"":{""lat"":37.473287,""lon"":127.034744,""alt"":305},""targetSpeed"":51.4,""seq"":5}","{""phase"":""F"",""startLLA"":{""lat"":37.473287,""lon"":127.034744,""alt"":305},""endLLA"":{""lat"":37.497702,""lon"":127.073855,""alt"":305},""targetSpeed"":51.4,""seq"":6}","{""phase"":""F"",""startLLA"":{""lat"":37.497702,""lon"":127.073855,""alt"":305},""endLLA"":{""lat"":37.526451,""lon"":127.064361,""alt"":305},""targetSpeed"":51.4,""seq"":7}","{""phase"":""F"",""startLLA"":{""lat"":37.526451,""lon"":127.064361,""alt"":305},""endLLA"":{""lat"":37.540426,""lon"":127.069298,""alt"":305},""targetSpeed"":51.4,""seq"":8}","{""phase"":""F"",""startLLA"":{""lat"":37.540426,""lon"":127.069298,""alt"":305},""endLLA"":{""lat"":37.557141,""lon"":127.073901,""alt"":305},""targetSpeed"":51.4,""seq"":9}","{""phase"":""G"",""startLLA"":{""lat"":37.557141,""lon"":127.073901,""alt"":305},""endLLA"":{""lat"":37.588105,""lon"":127.082427,""alt"":100},""targetSpeed"":36,""seq"":10}","{""phase"":""I"",""startLLA"":{""lat"":37.588105,""lon"":127.082427,""alt"":100},""endLLA"":{""lat"":37.596919,""lon"":127.084854,""alt"":15},""targetSpeed"":30,""seq"":11}","{""phase"":""J"",""startLLA"":{""lat"":37.596919,""lon"":127.084854,""alt"":15},""endLLA"":{""lat"":37.596919,""lon"":127.084854,""alt"":0},""targetSpeed"":10,""seq"":12}","{""phase"":""K"",""startLLA"":{""lat"":37.596919,""lon"":127.084854,""alt"":0},""endLLA"":{""lat"":37.596919,""lon"":127.084854,""alt"":0},""targetSpeed"":3,""seq"":13}",,,,,,,,
b4a2894cba5c,2026-06-20,FPL0805018,UAM0101,a6,6,5,0.8333,사당,사당,목동,목동,17,gate-4,fato-1,gate-3,fato-3,17:13:50,17:22:50,17:28:25,17:35:45,17:45:45,540,335.18,440,1315.18,0,42.33,ready,사당 > 180고지 > 영등포 > 목동,11.0358,11,"{""phase"":""A"",""startLLA"":{""lat"":37.475767,""lon"":126.982185,""alt"":0},""endLLA"":{""lat"":37.475767,""lon"":126.982185,""alt"":0},""targetSpeed"":3,""seq"":1}","{""phase"":""B"",""startLLA"":{""lat"":37.475767,""lon"":126.982185,""alt"":0},""endLLA"":{""lat"":37.475767,""lon"":126.982185,""alt"":15},""targetSpeed"":10,""seq"":2}","{""phase"":""C"",""startLLA"":{""lat"":37.475767,""lon"":126.982185,""alt"":15},""endLLA"":{""lat"":37.480648,""lon"":126.970006,""alt"":100},""targetSpeed"":36,""seq"":3}","{""phase"":""E"",""startLLA"":{""lat"":37.480648,""lon"":126.970006,""alt"":100},""endLLA"":{""lat"":37.492877,""lon"":126.93949,""alt"":275.46},""targetSpeed"":51.4,""seq"":4}","{""phase"":""E"",""startLLA"":{""lat"":37.492877,""lon"":126.93949,""alt"":275.46},""endLLA"":{""lat"":37.495964,""lon"":126.935246,""alt"":305},""targetSpeed"":51.4,""seq"":5}","{""phase"":""F"",""startLLA"":{""lat"":37.495964,""lon"":126.935246,""alt"":305},""endLLA"":{""lat"":37.506735,""lon"":126.920442,""alt"":305},""targetSpeed"":51.4,""seq"":6}","{""phase"":""G"",""startLLA"":{""lat"":37.506735,""lon"":126.920442,""alt"":305},""endLLA"":{""lat"":37.515965,""lon"":126.907756,""alt"":216.68},""targetSpeed"":36,""seq"":7}","{""phase"":""G"",""startLLA"":{""lat"":37.515965,""lon"":126.907756,""alt"":216.68},""endLLA"":{""lat"":37.522883,""lon"":126.886749,""alt"":100},""targetSpeed"":36,""seq"":8}","{""phase"":""I"",""startLLA"":{""lat"":37.522883,""lon"":126.886749,""alt"":100},""endLLA"":{""lat"":37.526343,""lon"":126.876243,""alt"":15},""targetSpeed"":30,""seq"":9}","{""phase"":""J"",""startLLA"":{""lat"":37.526343,""lon"":126.876243,""alt"":15},""endLLA"":{""lat"":37.526343,""lon"":126.876243,""alt"":0},""targetSpeed"":10,""seq"":10}","{""phase"":""K"",""startLLA"":{""lat"":37.526343,""lon"":126.876243,""alt"":0},""endLLA"":{""lat"":37.526343,""lon"":126.876243,""alt"":0},""targetSpeed"":3,""seq"":11}",,,,,,,,,,
b4a2894cba5c,2026-06-20,FPL0812012,UAM0048,a8,8,4,0.5,사당,사당,광화문,광화문,17,gate-8,fato-1,gate-7,fato-4,17:29:30,17:38:30,17:46:21,17:53:41,18:03:41,540,471.89,440,1451.89,0,0,ready,사당 > 180고지 > 영등포 > 선유도 17고지 > 성산대교 중간지점 > 홍대입구 > 광화문,20.239,14,"{""phase"":""A"",""startLLA"":{""lat"":37.475767,""lon"":126.982185,""alt"":0},""endLLA"":{""lat"":37.475767,""lon"":126.982185,""alt"":0},""targetSpeed"":3,""seq"":1}","{""phase"":""B"",""startLLA"":{""lat"":37.475767,""lon"":126.982185,""alt"":0},""endLLA"":{""lat"":37.475767,""lon"":126.982185,""alt"":15},""targetSpeed"":10,""seq"":2}","{""phase"":""C"",""startLLA"":{""lat"":37.475767,""lon"":126.982185,""alt"":15},""endLLA"":{""lat"":37.480587,""lon"":126.970158,""alt"":100},""targetSpeed"":36,""seq"":3}","{""phase"":""E"",""startLLA"":{""lat"":37.480587,""lon"":126.970158,""alt"":100},""endLLA"":{""lat"":37.492877,""lon"":126.93949,""alt"":278.55},""targetSpeed"":51.4,""seq"":4}","{""phase"":""E"",""startLLA"":{""lat"":37.492877,""lon"":126.93949,""alt"":278.55},""endLLA"":{""lat"":37.495606,""lon"":126.935739,""alt"":305},""targetSpeed"":51.4,""seq"":5}","{""phase"":""F"",""startLLA"":{""lat"":37.495606,""lon"":126.935739,""alt"":305},""endLLA"":{""lat"":37.515965,""lon"":126.907756,""alt"":305},""targetSpeed"":51.4,""seq"":6}","{""phase"":""F"",""startLLA"":{""lat"":37.515965,""lon"":126.907756,""alt"":305},""endLLA"":{""lat"":37.542307,""lon"":126.90249,""alt"":305},""targetSpeed"":51.4,""seq"":7}","{""phase"":""F"",""startLLA"":{""lat"":37.542307,""lon"":126.90249,""alt"":305},""endLLA"":{""lat"":37.552574,""lon"":126.891431,""alt"":305},""targetSpeed"":51.4,""seq"":8}","{""phase"":""F"",""startLLA"":{""lat"":37.552574,""lon"":126.891431,""alt"":305},""endLLA"":{""lat"":37.556786,""lon"":126.923706,""alt"":305},""targetSpeed"":51.4,""seq"":9}","{""phase"":""F"",""startLLA"":{""lat"":37.556786,""lon"":126.923706,""alt"":305},""endLLA"":{""lat"":37.557137,""lon"":126.925138,""alt"":305},""targetSpeed"":51.4,""seq"":10}","{""phase"":""G"",""startLLA"":{""lat"":37.557137,""lon"":126.925138,""alt"":305},""endLLA"":{""lat"":37.566379,""lon"":126.962865,""alt"":100},""targetSpeed"":36,""seq"":11}","{""phase"":""I"",""startLLA"":{""lat"":37.566379,""lon"":126.962865,""alt"":100},""endLLA"":{""lat"":37.56901,""lon"":126.973604,""alt"":15},""targetSpeed"":30,""seq"":12}","{""phase"":""J"",""startLLA"":{""lat"":37.56901,""lon"":126.973604,""alt"":15},""endLLA"":{""lat"":37.56901,""lon"":126.973604,""alt"":0},""targetSpeed"":10,""seq"":13}","{""phase"":""K"",""startLLA"":{""lat"":37.56901,""lon"":126.973604,""alt"":0},""endLLA"":{""lat"":37.56901,""lon"":126.973604,""alt"":0},""targetSpeed"":3,""seq"":14}",,,,,,,
b4a2894cba5c,2026-06-20,FPL0810011,UAM0020,a4,4,4,1,사당,사당,연신내,연신내,17,gate-4,fato-2,gate-3,fato-3,17:35:22,17:44:22,17:52:19,17:59:39,18:09:39,540,477.34,440,1457.34,0,0,ready,사당 > 180고지 > 영등포 > 선유도 17고지 > 성산대교 중간지점 > 수색교 > 연신내,20.5191,14,"{""phase"":""A"",""startLLA"":{""lat"":37.475767,""lon"":126.982185,""alt"":0},""endLLA"":{""lat"":37.475767,""lon"":126.982185,""alt"":0},""targetSpeed"":3,""seq"":1}","{""phase"":""B"",""startLLA"":{""lat"":37.475767,""lon"":126.982185,""alt"":0},""endLLA"":{""lat"":37.475767,""lon"":126.982185,""alt"":15},""targetSpeed"":10,""seq"":2}","{""phase"":""C"",""startLLA"":{""lat"":37.475767,""lon"":126.982185,""alt"":15},""endLLA"":{""lat"":37.480646,""lon"":126.97001,""alt"":100},""targetSpeed"":36,""seq"":3}","{""phase"":""E"",""startLLA"":{""lat"":37.480646,""lon"":126.97001,""alt"":100},""endLLA"":{""lat"":37.492877,""lon"":126.93949,""alt"":275.53},""targetSpeed"":51.4,""seq"":4}","{""phase"":""E"",""startLLA"":{""lat"":37.492877,""lon"":126.93949,""alt"":275.53},""endLLA"":{""lat"":37.495955,""lon"":126.935259,""alt"":305},""targetSpeed"":51.4,""seq"":5}","{""phase"":""F"",""startLLA"":{""lat"":37.495955,""lon"":126.935259,""alt"":305},""endLLA"":{""lat"":37.515965,""lon"":126.907756,""alt"":305},""targetSpeed"":51.4,""seq"":6}","{""phase"":""F"",""startLLA"":{""lat"":37.515965,""lon"":126.907756,""alt"":305},""endLLA"":{""lat"":37.542307,""lon"":126.90249,""alt"":305},""targetSpeed"":51.4,""seq"":7}","{""phase"":""F"",""startLLA"":{""lat"":37.542307,""lon"":126.90249,""alt"":305},""endLLA"":{""lat"":37.552574,""lon"":126.891431,""alt"":305},""targetSpeed"":51.4,""seq"":8}","{""phase"":""F"",""startLLA"":{""lat"":37.552574,""lon"":126.891431,""alt"":305},""endLLA"":{""lat"":37.583699,""lon"":126.886697,""alt"":305},""targetSpeed"":51.4,""seq"":9}","{""phase"":""G"",""startLLA"":{""lat"":37.583699,""lon"":126.886697,""alt"":305},""endLLA"":{""lat"":37.586283,""lon"":126.886304,""alt"":288.16},""targetSpeed"":36,""seq"":10}","{""phase"":""G"",""startLLA"":{""lat"":37.586283,""lon"":126.886304,""alt"":288.16},""endLLA"":{""lat"":37.60526,""lon"":126.914121,""alt"":100},""targetSpeed"":36,""seq"":11}","{""phase"":""I"",""startLLA"":{""lat"":37.60526,""lon"":126.914121,""alt"":100},""endLLA"":{""lat"":37.611145,""lon"":126.922747,""alt"":15},""targetSpeed"":30,""seq"":12}","{""phase"":""J"",""startLLA"":{""lat"":37.611145,""lon"":126.922747,""alt"":15},""endLLA"":{""lat"":37.611145,""lon"":126.922747,""alt"":0},""targetSpeed"":10,""seq"":13}","{""phase"":""K"",""startLLA"":{""lat"":37.611145,""lon"":126.922747,""alt"":0},""endLLA"":{""lat"":37.611145,""lon"":126.922747,""alt"":0},""targetSpeed"":3,""seq"":14}",,,,,,,
b4a2894cba5c,2026-06-20,FPL0803012,UAM0015,a8,8,4,0.5,사당,사당,상암,상암,17,gate-3,fato-1,gate-4,fato-3,17:40:13,17:48:43,17:54:23,18:01:13,18:11:13,510,340.18,410,1260.18,0,0,ready,사당 > 180고지 > 영등포 > 선유도 17고지 > 상암,13.4688,12,"{""phase"":""A"",""startLLA"":{""lat"":37.475767,""lon"":126.982185,""alt"":0},""endLLA"":{""lat"":37.475767,""lon"":126.982185,""alt"":0},""targetSpeed"":3,""seq"":1}","{""phase"":""B"",""startLLA"":{""lat"":37.475767,""lon"":126.982185,""alt"":0},""endLLA"":{""lat"":37.475767,""lon"":126.982185,""alt"":15},""targetSpeed"":10,""seq"":2}","{""phase"":""C"",""startLLA"":{""lat"":37.475767,""lon"":126.982185,""alt"":15},""endLLA"":{""lat"":37.480647,""lon"":126.970008,""alt"":100},""targetSpeed"":36,""seq"":3}","{""phase"":""E"",""startLLA"":{""lat"":37.480647,""lon"":126.970008,""alt"":100},""endLLA"":{""lat"":37.492877,""lon"":126.93949,""alt"":275.49},""targetSpeed"":51.4,""seq"":4}","{""phase"":""E"",""startLLA"":{""lat"":37.492877,""lon"":126.93949,""alt"":275.49},""endLLA"":{""lat"":37.495961,""lon"":126.935252,""alt"":305},""targetSpeed"":51.4,""seq"":5}","{""phase"":""F"",""startLLA"":{""lat"":37.495961,""lon"":126.935252,""alt"":305},""endLLA"":{""lat"":37.515965,""lon"":126.907756,""alt"":305},""targetSpeed"":51.4,""seq"":6}","{""phase"":""F"",""startLLA"":{""lat"":37.515965,""lon"":126.907756,""alt"":305},""endLLA"":{""lat"":37.524062,""lon"":126.906137,""alt"":305},""targetSpeed"":51.4,""seq"":7}","{""phase"":""G"",""startLLA"":{""lat"":37.524062,""lon"":126.906137,""alt"":305},""endLLA"":{""lat"":37.542307,""lon"":126.90249,""alt"":185.51},""targetSpeed"":36,""seq"":8}","{""phase"":""G"",""startLLA"":{""lat"":37.542307,""lon"":126.90249,""alt"":185.51},""endLLA"":{""lat"":37.55418,""lon"":126.895159,""alt"":100},""targetSpeed"":36,""seq"":9}","{""phase"":""I"",""startLLA"":{""lat"":37.55418,""lon"":126.895159,""alt"":100},""endLLA"":{""lat"":37.562282,""lon"":126.890156,""alt"":15},""targetSpeed"":30,""seq"":10}","{""phase"":""J"",""startLLA"":{""lat"":37.562282,""lon"":126.890156,""alt"":15},""endLLA"":{""lat"":37.562282,""lon"":126.890156,""alt"":0},""targetSpeed"":10,""seq"":11}","{""phase"":""K"",""startLLA"":{""lat"":37.562282,""lon"":126.890156,""alt"":0},""endLLA"":{""lat"":37.562282,""lon"":126.890156,""alt"":0},""targetSpeed"":3,""seq"":12}",,,,,,,,,
b4a2894cba5c,2026-06-20,FPL0815016,UAM0107,a4,4,2,0.5,사당,사당,마곡,마곡,17,gate-7,fato-2,gate-5,fato-3,17:44:04,17:52:34,18:10:20,18:18:40,18:28:40,510,1066,500,2076,0,569.28,ready,사당 > 180고지 > 영등포 > 목동교 > 염창교 > 가양대교 남단 > 마곡,21.5149,14,"{""phase"":""A"",""startLLA"":{""lat"":37.475767,""lon"":126.982185,""alt"":0},""endLLA"":{""lat"":37.475767,""lon"":126.982185,""alt"":0},""targetSpeed"":3,""seq"":1}","{""phase"":""B"",""startLLA"":{""lat"":37.475767,""lon"":126.982185,""alt"":0},""endLLA"":{""lat"":37.475767,""lon"":126.982185,""alt"":15},""targetSpeed"":10,""seq"":2}","{""phase"":""C"",""startLLA"":{""lat"":37.475767,""lon"":126.982185,""alt"":15},""endLLA"":{""lat"":37.480646,""lon"":126.97001,""alt"":100},""targetSpeed"":36,""seq"":3}","{""phase"":""E"",""startLLA"":{""lat"":37.480646,""lon"":126.97001,""alt"":100},""endLLA"":{""lat"":37.492877,""lon"":126.93949,""alt"":275.53},""targetSpeed"":51.4,""seq"":4}","{""phase"":""E"",""startLLA"":{""lat"":37.492877,""lon"":126.93949,""alt"":275.53},""endLLA"":{""lat"":37.495955,""lon"":126.935259,""alt"":305},""targetSpeed"":51.4,""seq"":5}","{""phase"":""F"",""startLLA"":{""lat"":37.495955,""lon"":126.935259,""alt"":305},""endLLA"":{""lat"":37.515965,""lon"":126.907756,""alt"":305},""targetSpeed"":51.4,""seq"":6}","{""phase"":""F"",""startLLA"":{""lat"":37.515965,""lon"":126.907756,""alt"":305},""endLLA"":{""lat"":37.530667,""lon"":126.888262,""alt"":305},""targetSpeed"":51.4,""seq"":7}","{""phase"":""F"",""startLLA"":{""lat"":37.530667,""lon"":126.888262,""alt"":305},""endLLA"":{""lat"":37.553824,""lon"":126.875819,""alt"":305},""targetSpeed"":51.4,""seq"":8}","{""phase"":""F"",""startLLA"":{""lat"":37.553824,""lon"":126.875819,""alt"":305},""endLLA"":{""lat"":37.569391,""lon"":126.861026,""alt"":305},""targetSpeed"":51.4,""seq"":9}","{""phase"":""F"",""startLLA"":{""lat"":37.569391,""lon"":126.861026,""alt"":305},""endLLA"":{""lat"":37.567855,""lon"":126.842869,""alt"":305},""targetSpeed"":51.4,""seq"":10}","{""phase"":""G"",""startLLA"":{""lat"":37.567855,""lon"":126.842869,""alt"":305},""endLLA"":{""lat"":37.564492,""lon"":126.803119,""alt"":100},""targetSpeed"":36,""seq"":11}","{""phase"":""I"",""startLLA"":{""lat"":37.564492,""lon"":126.803119,""alt"":100},""endLLA"":{""lat"":37.563535,""lon"":126.791805,""alt"":15},""targetSpeed"":30,""seq"":12}","{""phase"":""J"",""startLLA"":{""lat"":37.563535,""lon"":126.791805,""alt"":15},""endLLA"":{""lat"":37.563535,""lon"":126.791805,""alt"":0},""targetSpeed"":10,""seq"":13}","{""phase"":""K"",""startLLA"":{""lat"":37.563535,""lon"":126.791805,""alt"":0},""endLLA"":{""lat"":37.563535,""lon"":126.791805,""alt"":0},""targetSpeed"":3,""seq"":14}",,,,,,,
b4a2894cba5c,2026-06-20,FPL0817014,UAM0038,a6,6,2,0.3333,사당,사당,수서,수서,17,gate-4,fato-1,gate-8,fato-3,17:57:47,18:06:47,18:11:33,18:18:23,18:28:23,540,286.87,410,1236.87,0,0,ready,사당 > 경부고속도로 양재천 다리 > 수서,10.7285,10,"{""phase"":""A"",""startLLA"":{""lat"":37.475767,""lon"":126.982185,""alt"":0},""endLLA"":{""lat"":37.475767,""lon"":126.982185,""alt"":0},""targetSpeed"":3,""seq"":1}","{""phase"":""B"",""startLLA"":{""lat"":37.475767,""lon"":126.982185,""alt"":0},""endLLA"":{""lat"":37.475767,""lon"":126.982185,""alt"":15},""targetSpeed"":10,""seq"":2}","{""phase"":""C"",""startLLA"":{""lat"":37.475767,""lon"":126.982185,""alt"":15},""endLLA"":{""lat"":37.47463,""lon"":126.995757,""alt"":100},""targetSpeed"":36,""seq"":3}","{""phase"":""E"",""startLLA"":{""lat"":37.47463,""lon"":126.995757,""alt"":100},""endLLA"":{""lat"":37.471593,""lon"":127.032031,""alt"":287.14},""targetSpeed"":51.4,""seq"":4}","{""phase"":""E"",""startLLA"":{""lat"":37.471593,""lon"":127.032031,""alt"":287.14},""endLLA"":{""lat"":37.472365,""lon"":127.035373,""alt"":305},""targetSpeed"":51.4,""seq"":5}","{""phase"":""F"",""startLLA"":{""lat"":37.472365,""lon"":127.035373,""alt"":305},""endLLA"":{""lat"":37.476051,""lon"":127.051318,""alt"":305},""targetSpeed"":51.4,""seq"":6}","{""phase"":""G"",""startLLA"":{""lat"":37.476051,""lon"":127.051318,""alt"":305},""endLLA"":{""lat"":37.484917,""lon"":127.089683,""alt"":100},""targetSpeed"":36,""seq"":7}","{""phase"":""I"",""startLLA"":{""lat"":37.484917,""lon"":127.089683,""alt"":100},""endLLA"":{""lat"":37.487441,""lon"":127.100603,""alt"":15},""targetSpeed"":30,""seq"":8}","{""phase"":""J"",""startLLA"":{""lat"":37.487441,""lon"":127.100603,""alt"":15},""endLLA"":{""lat"":37.487441,""lon"":127.100603,""alt"":0},""targetSpeed"":10,""seq"":9}","{""phase"":""K"",""startLLA"":{""lat"":37.487441,""lon"":127.100603,""alt"":0},""endLLA"":{""lat"":37.487441,""lon"":127.100603,""alt"":0},""targetSpeed"":3,""seq"":10}",,,,,,,,,,,
b4a2894cba5c,2026-06-20,FPL0812013,UAM0069,a6,6,5,0.8333,사당,사당,광화문,광화문,18,gate-8,fato-2,gate-7,fato-3,18:01:34,18:10:34,18:18:25,18:25:45,18:35:45,540,471.89,440,1451.89,0,0,ready,사당 > 180고지 > 영등포 > 선유도 17고지 > 성산대교 중간지점 > 홍대입구 > 광화문,20.239,14,"{""phase"":""A"",""startLLA"":{""lat"":37.475767,""lon"":126.982185,""alt"":0},""endLLA"":{""lat"":37.475767,""lon"":126.982185,""alt"":0},""targetSpeed"":3,""seq"":1}","{""phase"":""B"",""startLLA"":{""lat"":37.475767,""lon"":126.982185,""alt"":0},""endLLA"":{""lat"":37.475767,""lon"":126.982185,""alt"":15},""targetSpeed"":10,""seq"":2}","{""phase"":""C"",""startLLA"":{""lat"":37.475767,""lon"":126.982185,""alt"":15},""endLLA"":{""lat"":37.480587,""lon"":126.970158,""alt"":100},""targetSpeed"":36,""seq"":3}","{""phase"":""E"",""startLLA"":{""lat"":37.480587,""lon"":126.970158,""alt"":100},""endLLA"":{""lat"":37.492877,""lon"":126.93949,""alt"":278.55},""targetSpeed"":51.4,""seq"":4}","{""phase"":""E"",""startLLA"":{""lat"":37.492877,""lon"":126.93949,""alt"":278.55},""endLLA"":{""lat"":37.495606,""lon"":126.935739,""alt"":305},""targetSpeed"":51.4,""seq"":5}","{""phase"":""F"",""startLLA"":{""lat"":37.495606,""lon"":126.935739,""alt"":305},""endLLA"":{""lat"":37.515965,""lon"":126.907756,""alt"":305},""targetSpeed"":51.4,""seq"":6}","{""phase"":""F"",""startLLA"":{""lat"":37.515965,""lon"":126.907756,""alt"":305},""endLLA"":{""lat"":37.542307,""lon"":126.90249,""alt"":305},""targetSpeed"":51.4,""seq"":7}","{""phase"":""F"",""startLLA"":{""lat"":37.542307,""lon"":126.90249,""alt"":305},""endLLA"":{""lat"":37.552574,""lon"":126.891431,""alt"":305},""targetSpeed"":51.4,""seq"":8}","{""phase"":""F"",""startLLA"":{""lat"":37.552574,""lon"":126.891431,""alt"":305},""endLLA"":{""lat"":37.556786,""lon"":126.923706,""alt"":305},""targetSpeed"":51.4,""seq"":9}","{""phase"":""F"",""startLLA"":{""lat"":37.556786,""lon"":126.923706,""alt"":305},""endLLA"":{""lat"":37.557137,""lon"":126.925138,""alt"":305},""targetSpeed"":51.4,""seq"":10}","{""phase"":""G"",""startLLA"":{""lat"":37.557137,""lon"":126.925138,""alt"":305},""endLLA"":{""lat"":37.566379,""lon"":126.962865,""alt"":100},""targetSpeed"":36,""seq"":11}","{""phase"":""I"",""startLLA"":{""lat"":37.566379,""lon"":126.962865,""alt"":100},""endLLA"":{""lat"":37.56901,""lon"":126.973604,""alt"":15},""targetSpeed"":30,""seq"":12}","{""phase"":""J"",""startLLA"":{""lat"":37.56901,""lon"":126.973604,""alt"":15},""endLLA"":{""lat"":37.56901,""lon"":126.973604,""alt"":0},""targetSpeed"":10,""seq"":13}","{""phase"":""K"",""startLLA"":{""lat"":37.56901,""lon"":126.973604,""alt"":0},""endLLA"":{""lat"":37.56901,""lon"":126.973604,""alt"":0},""targetSpeed"":3,""seq"":14}",,,,,,,
b4a2894cba5c,2026-06-20,FPL0817015,UAM0070,a6,6,5,0.8333,사당,사당,수서,수서,18,gate-3,fato-1,gate-4,fato-4,18:03:48,18:12:47,18:17:33,18:24:23,18:34:23,539,286.87,410,1235.87,29,0,ready,사당 > 경부고속도로 양재천 다리 > 수서,10.7285,10,"{""phase"":""A"",""startLLA"":{""lat"":37.475767,""lon"":126.982185,""alt"":0},""endLLA"":{""lat"":37.475767,""lon"":126.982185,""alt"":0},""targetSpeed"":3,""seq"":1}","{""phase"":""B"",""startLLA"":{""lat"":37.475767,""lon"":126.982185,""alt"":0},""endLLA"":{""lat"":37.475767,""lon"":126.982185,""alt"":15},""targetSpeed"":10,""seq"":2}","{""phase"":""C"",""startLLA"":{""lat"":37.475767,""lon"":126.982185,""alt"":15},""endLLA"":{""lat"":37.47463,""lon"":126.995757,""alt"":100},""targetSpeed"":36,""seq"":3}","{""phase"":""E"",""startLLA"":{""lat"":37.47463,""lon"":126.995757,""alt"":100},""endLLA"":{""lat"":37.471593,""lon"":127.032031,""alt"":287.14},""targetSpeed"":51.4,""seq"":4}","{""phase"":""E"",""startLLA"":{""lat"":37.471593,""lon"":127.032031,""alt"":287.14},""endLLA"":{""lat"":37.472365,""lon"":127.035373,""alt"":305},""targetSpeed"":51.4,""seq"":5}","{""phase"":""F"",""startLLA"":{""lat"":37.472365,""lon"":127.035373,""alt"":305},""endLLA"":{""lat"":37.476051,""lon"":127.051318,""alt"":305},""targetSpeed"":51.4,""seq"":6}","{""phase"":""G"",""startLLA"":{""lat"":37.476051,""lon"":127.051318,""alt"":305},""endLLA"":{""lat"":37.484917,""lon"":127.089683,""alt"":100},""targetSpeed"":36,""seq"":7}","{""phase"":""I"",""startLLA"":{""lat"":37.484917,""lon"":127.089683,""alt"":100},""endLLA"":{""lat"":37.487441,""lon"":127.100603,""alt"":15},""targetSpeed"":30,""seq"":8}","{""phase"":""J"",""startLLA"":{""lat"":37.487441,""lon"":127.100603,""alt"":15},""endLLA"":{""lat"":37.487441,""lon"":127.100603,""alt"":0},""targetSpeed"":10,""seq"":9}","{""phase"":""K"",""startLLA"":{""lat"":37.487441,""lon"":127.100603,""alt"":0},""endLLA"":{""lat"":37.487441,""lon"":127.100603,""alt"":0},""targetSpeed"":3,""seq"":10}",,,,,,,,,,,
b4a2894cba5c,2026-06-20,FPL0810012,UAM0105,a2,2,2,1,사당,사당,연신내,연신내,18,gate-7,fato-2,gate-7,fato-3,18:06:54,18:16:34,18:24:31,18:31:51,18:41:51,580,477.34,440,1497.34,70,0,ready,사당 > 180고지 > 영등포 > 선유도 17고지 > 성산대교 중간지점 > 수색교 > 연신내,20.5191,14,"{""phase"":""A"",""startLLA"":{""lat"":37.475767,""lon"":126.982185,""alt"":0},""endLLA"":{""lat"":37.475767,""lon"":126.982185,""alt"":0},""targetSpeed"":3,""seq"":1}","{""phase"":""B"",""startLLA"":{""lat"":37.475767,""lon"":126.982185,""alt"":0},""endLLA"":{""lat"":37.475767,""lon"":126.982185,""alt"":15},""targetSpeed"":10,""seq"":2}","{""phase"":""C"",""startLLA"":{""lat"":37.475767,""lon"":126.982185,""alt"":15},""endLLA"":{""lat"":37.480646,""lon"":126.97001,""alt"":100},""targetSpeed"":36,""seq"":3}","{""phase"":""E"",""startLLA"":{""lat"":37.480646,""lon"":126.97001,""alt"":100},""endLLA"":{""lat"":37.492877,""lon"":126.93949,""alt"":275.53},""targetSpeed"":51.4,""seq"":4}","{""phase"":""E"",""startLLA"":{""lat"":37.492877,""lon"":126.93949,""alt"":275.53},""endLLA"":{""lat"":37.495955,""lon"":126.935259,""alt"":305},""targetSpeed"":51.4,""seq"":5}","{""phase"":""F"",""startLLA"":{""lat"":37.495955,""lon"":126.935259,""alt"":305},""endLLA"":{""lat"":37.515965,""lon"":126.907756,""alt"":305},""targetSpeed"":51.4,""seq"":6}","{""phase"":""F"",""startLLA"":{""lat"":37.515965,""lon"":126.907756,""alt"":305},""endLLA"":{""lat"":37.542307,""lon"":126.90249,""alt"":305},""targetSpeed"":51.4,""seq"":7}","{""phase"":""F"",""startLLA"":{""lat"":37.542307,""lon"":126.90249,""alt"":305},""endLLA"":{""lat"":37.552574,""lon"":126.891431,""alt"":305},""targetSpeed"":51.4,""seq"":8}","{""phase"":""F"",""startLLA"":{""lat"":37.552574,""lon"":126.891431,""alt"":305},""endLLA"":{""lat"":37.583699,""lon"":126.886697,""alt"":305},""targetSpeed"":51.4,""seq"":9}","{""phase"":""G"",""startLLA"":{""lat"":37.583699,""lon"":126.886697,""alt"":305},""endLLA"":{""lat"":37.586283,""lon"":126.886304,""alt"":288.16},""targetSpeed"":36,""seq"":10}","{""phase"":""G"",""startLLA"":{""lat"":37.586283,""lon"":126.886304,""alt"":288.16},""endLLA"":{""lat"":37.60526,""lon"":126.914121,""alt"":100},""targetSpeed"":36,""seq"":11}","{""phase"":""I"",""startLLA"":{""lat"":37.60526,""lon"":126.914121,""alt"":100},""endLLA"":{""lat"":37.611145,""lon"":126.922747,""alt"":15},""targetSpeed"":30,""seq"":12}","{""phase"":""J"",""startLLA"":{""lat"":37.611145,""lon"":126.922747,""alt"":15},""endLLA"":{""lat"":37.611145,""lon"":126.922747,""alt"":0},""targetSpeed"":10,""seq"":13}","{""phase"":""K"",""startLLA"":{""lat"":37.611145,""lon"":126.922747,""alt"":0},""endLLA"":{""lat"":37.611145,""lon"":126.922747,""alt"":0},""targetSpeed"":3,""seq"":14}",,,,,,,
b4a2894cba5c,2026-06-20,FPL0811020,UAM0005,a6,6,5,0.8333,사당,사당,천호,천호,18,gate-2,fato-1,gate-6,fato-3,18:09:08,18:18:47,18:26:00,18:33:50,18:43:50,579,433.41,470,1482.41,99,0,ready,사당 > 경부고속도로 양재천 다리 > 대치교 > 청담대교 중간지점 > 잠실대교 중간지점 > 천호,18.2608,13,"{""phase"":""A"",""startLLA"":{""lat"":37.475767,""lon"":126.982185,""alt"":0},""endLLA"":{""lat"":37.475767,""lon"":126.982185,""alt"":0},""targetSpeed"":3,""seq"":1}","{""phase"":""B"",""startLLA"":{""lat"":37.475767,""lon"":126.982185,""alt"":0},""endLLA"":{""lat"":37.475767,""lon"":126.982185,""alt"":15},""targetSpeed"":10,""seq"":2}","{""phase"":""C"",""startLLA"":{""lat"":37.475767,""lon"":126.982185,""alt"":15},""endLLA"":{""lat"":37.474631,""lon"":126.995751,""alt"":100},""targetSpeed"":36,""seq"":3}","{""phase"":""E"",""startLLA"":{""lat"":37.474631,""lon"":126.995751,""alt"":100},""endLLA"":{""lat"":37.471593,""lon"":127.032031,""alt"":287.26},""targetSpeed"":51.4,""seq"":4}","{""phase"":""E"",""startLLA"":{""lat"":37.471593,""lon"":127.032031,""alt"":287.26},""endLLA"":{""lat"":37.473289,""lon"":127.034748,""alt"":305},""targetSpeed"":51.4,""seq"":5}","{""phase"":""F"",""startLLA"":{""lat"":37.473289,""lon"":127.034748,""alt"":305},""endLLA"":{""lat"":37.497702,""lon"":127.073855,""alt"":305},""targetSpeed"":51.4,""seq"":6}","{""phase"":""F"",""startLLA"":{""lat"":37.497702,""lon"":127.073855,""alt"":305},""endLLA"":{""lat"":37.526451,""lon"":127.064361,""alt"":305},""targetSpeed"":51.4,""seq"":7}","{""phase"":""F"",""startLLA"":{""lat"":37.526451,""lon"":127.064361,""alt"":305},""endLLA"":{""lat"":37.525291,""lon"":127.078991,""alt"":305},""targetSpeed"":51.4,""seq"":8}","{""phase"":""G"",""startLLA"":{""lat"":37.525291,""lon"":127.078991,""alt"":305},""endLLA"":{""lat"":37.524288,""lon"":127.091639,""alt"":239.8},""targetSpeed"":36,""seq"":9}","{""phase"":""G"",""startLLA"":{""lat"":37.524288,""lon"":127.091639,""alt"":239.8},""endLLA"":{""lat"":37.539418,""lon"":127.111105,""alt"":100},""targetSpeed"":36,""seq"":10}","{""phase"":""I"",""startLLA"":{""lat"":37.539418,""lon"":127.111105,""alt"":100},""endLLA"":{""lat"":37.545733,""lon"":127.11923,""alt"":15},""targetSpeed"":30,""seq"":11}","{""phase"":""J"",""startLLA"":{""lat"":37.545733,""lon"":127.11923,""alt"":15},""endLLA"":{""lat"":37.545733,""lon"":127.11923,""alt"":0},""targetSpeed"":10,""seq"":12}","{""phase"":""K"",""startLLA"":{""lat"":37.545733,""lon"":127.11923,""alt"":0},""endLLA"":{""lat"":37.545733,""lon"":127.11923,""alt"":0},""targetSpeed"":3,""seq"":13}",,,,,,,,
b4a2894cba5c,2026-06-20,FPL0816012,UAM0031,a8,8,4,0.5,사당,사당,망우,망우,18,gate-4,fato-1,gate-8,fato-4,18:17:10,18:26:10,19:00:32,19:08:02,19:18:02,540,2062,450,3052,0,40,ready,사당 > 경부고속도로 양재천 다리 > 대치교 > 청담대교 중간지점 > 건대입구 > 망우,20.4833,13,"{""phase"":""A"",""startLLA"":{""lat"":37.475767,""lon"":126.982185,""alt"":0},""endLLA"":{""lat"":37.475767,""lon"":126.982185,""alt"":0},""targetSpeed"":3,""seq"":1}","{""phase"":""B"",""startLLA"":{""lat"":37.475767,""lon"":126.982185,""alt"":0},""endLLA"":{""lat"":37.475767,""lon"":126.982185,""alt"":15},""targetSpeed"":10,""seq"":2}","{""phase"":""C"",""startLLA"":{""lat"":37.475767,""lon"":126.982185,""alt"":15},""endLLA"":{""lat"":37.474631,""lon"":126.99575,""alt"":100},""targetSpeed"":36,""seq"":3}","{""phase"":""E"",""startLLA"":{""lat"":37.474631,""lon"":126.99575,""alt"":100},""endLLA"":{""lat"":37.471593,""lon"":127.032031,""alt"":287.28},""targetSpeed"":51.4,""seq"":4}","{""phase"":""E"",""startLLA"":{""lat"":37.471593,""lon"":127.032031,""alt"":287.28},""endLLA"":{""lat"":37.473287,""lon"":127.034744,""alt"":305},""targetSpeed"":51.4,""seq"":5}","{""phase"":""F"",""startLLA"":{""lat"":37.473287,""lon"":127.034744,""alt"":305},""endLLA"":{""lat"":37.497702,""lon"":127.073855,""alt"":305},""targetSpeed"":51.4,""seq"":6}","{""phase"":""F"",""startLLA"":{""lat"":37.497702,""lon"":127.073855,""alt"":305},""endLLA"":{""lat"":37.526451,""lon"":127.064361,""alt"":305},""targetSpeed"":51.4,""seq"":7}","{""phase"":""F"",""startLLA"":{""lat"":37.526451,""lon"":127.064361,""alt"":305},""endLLA"":{""lat"":37.540426,""lon"":127.069298,""alt"":305},""targetSpeed"":51.4,""seq"":8}","{""phase"":""F"",""startLLA"":{""lat"":37.540426,""lon"":127.069298,""alt"":305},""endLLA"":{""lat"":37.557141,""lon"":127.073901,""alt"":305},""targetSpeed"":51.4,""seq"":9}","{""phase"":""G"",""startLLA"":{""lat"":37.557141,""lon"":127.073901,""alt"":305},""endLLA"":{""lat"":37.588105,""lon"":127.082427,""alt"":100},""targetSpeed"":36,""seq"":10}","{""phase"":""I"",""startLLA"":{""lat"":37.588105,""lon"":127.082427,""alt"":100},""endLLA"":{""lat"":37.596919,""lon"":127.084854,""alt"":15},""targetSpeed"":30,""seq"":11}","{""phase"":""J"",""startLLA"":{""lat"":37.596919,""lon"":127.084854,""alt"":15},""endLLA"":{""lat"":37.596919,""lon"":127.084854,""alt"":0},""targetSpeed"":10,""seq"":12}","{""phase"":""K"",""startLLA"":{""lat"":37.596919,""lon"":127.084854,""alt"":0},""endLLA"":{""lat"":37.596919,""lon"":127.084854,""alt"":0},""targetSpeed"":3,""seq"":13}",,,,,,,,
b4a2894cba5c,2026-06-20,FPL0815017,UAM0007,a8,8,3,0.375,사당,사당,마곡,마곡,18,gate-8,fato-1,gate-8,fato-3,18:27:24,18:36:24,18:44:40,18:51:30,19:01:30,540,496.72,410,1446.72,0,0,ready,사당 > 180고지 > 영등포 > 목동교 > 염창교 > 가양대교 남단 > 마곡,21.5149,14,"{""phase"":""A"",""startLLA"":{""lat"":37.475767,""lon"":126.982185,""alt"":0},""endLLA"":{""lat"":37.475767,""lon"":126.982185,""alt"":0},""targetSpeed"":3,""seq"":1}","{""phase"":""B"",""startLLA"":{""lat"":37.475767,""lon"":126.982185,""alt"":0},""endLLA"":{""lat"":37.475767,""lon"":126.982185,""alt"":15},""targetSpeed"":10,""seq"":2}","{""phase"":""C"",""startLLA"":{""lat"":37.475767,""lon"":126.982185,""alt"":15},""endLLA"":{""lat"":37.480646,""lon"":126.97001,""alt"":100},""targetSpeed"":36,""seq"":3}","{""phase"":""E"",""startLLA"":{""lat"":37.480646,""lon"":126.97001,""alt"":100},""endLLA"":{""lat"":37.492877,""lon"":126.93949,""alt"":275.53},""targetSpeed"":51.4,""seq"":4}","{""phase"":""E"",""startLLA"":{""lat"":37.492877,""lon"":126.93949,""alt"":275.53},""endLLA"":{""lat"":37.495955,""lon"":126.935259,""alt"":305},""targetSpeed"":51.4,""seq"":5}","{""phase"":""F"",""startLLA"":{""lat"":37.495955,""lon"":126.935259,""alt"":305},""endLLA"":{""lat"":37.515965,""lon"":126.907756,""alt"":305},""targetSpeed"":51.4,""seq"":6}","{""phase"":""F"",""startLLA"":{""lat"":37.515965,""lon"":126.907756,""alt"":305},""endLLA"":{""lat"":37.530667,""lon"":126.888262,""alt"":305},""targetSpeed"":51.4,""seq"":7}","{""phase"":""F"",""startLLA"":{""lat"":37.530667,""lon"":126.888262,""alt"":305},""endLLA"":{""lat"":37.553824,""lon"":126.875819,""alt"":305},""targetSpeed"":51.4,""seq"":8}","{""phase"":""F"",""startLLA"":{""lat"":37.553824,""lon"":126.875819,""alt"":305},""endLLA"":{""lat"":37.569391,""lon"":126.861026,""alt"":305},""targetSpeed"":51.4,""seq"":9}","{""phase"":""F"",""startLLA"":{""lat"":37.569391,""lon"":126.861026,""alt"":305},""endLLA"":{""lat"":37.567855,""lon"":126.842869,""alt"":305},""targetSpeed"":51.4,""seq"":10}","{""phase"":""G"",""startLLA"":{""lat"":37.567855,""lon"":126.842869,""alt"":305},""endLLA"":{""lat"":37.564492,""lon"":126.803119,""alt"":100},""targetSpeed"":36,""seq"":11}","{""phase"":""I"",""startLLA"":{""lat"":37.564492,""lon"":126.803119,""alt"":100},""endLLA"":{""lat"":37.563535,""lon"":126.791805,""alt"":15},""targetSpeed"":30,""seq"":12}","{""phase"":""J"",""startLLA"":{""lat"":37.563535,""lon"":126.791805,""alt"":15},""endLLA"":{""lat"":37.563535,""lon"":126.791805,""alt"":0},""targetSpeed"":10,""seq"":13}","{""phase"":""K"",""startLLA"":{""lat"":37.563535,""lon"":126.791805,""alt"":0},""endLLA"":{""lat"":37.563535,""lon"":126.791805,""alt"":0},""targetSpeed"":3,""seq"":14}",,,,,,,
b4a2894cba5c,2026-06-20,FPL0810013,UAM0050,a2,2,2,1,사당,사당,연신내,연신내,18,gate-4,fato-1,gate-5,fato-3,18:36:13,18:46:12,18:57:47,19:06:07,19:16:07,599.1,695.73,500,1794.83,59.1,218.38,ready,사당 > 180고지 > 영등포 > 선유도 17고지 > 성산대교 중간지점 > 수색교 > 연신내,20.5191,14,"{""phase"":""A"",""startLLA"":{""lat"":37.475767,""lon"":126.982185,""alt"":0},""endLLA"":{""lat"":37.475767,""lon"":126.982185,""alt"":0},""targetSpeed"":3,""seq"":1}","{""phase"":""B"",""startLLA"":{""lat"":37.475767,""lon"":126.982185,""alt"":0},""endLLA"":{""lat"":37.475767,""lon"":126.982185,""alt"":15},""targetSpeed"":10,""seq"":2}","{""phase"":""C"",""startLLA"":{""lat"":37.475767,""lon"":126.982185,""alt"":15},""endLLA"":{""lat"":37.480646,""lon"":126.97001,""alt"":100},""targetSpeed"":36,""seq"":3}","{""phase"":""E"",""startLLA"":{""lat"":37.480646,""lon"":126.97001,""alt"":100},""endLLA"":{""lat"":37.492877,""lon"":126.93949,""alt"":275.53},""targetSpeed"":51.4,""seq"":4}","{""phase"":""E"",""startLLA"":{""lat"":37.492877,""lon"":126.93949,""alt"":275.53},""endLLA"":{""lat"":37.495955,""lon"":126.935259,""alt"":305},""targetSpeed"":51.4,""seq"":5}","{""phase"":""F"",""startLLA"":{""lat"":37.495955,""lon"":126.935259,""alt"":305},""endLLA"":{""lat"":37.515965,""lon"":126.907756,""alt"":305},""targetSpeed"":51.4,""seq"":6}","{""phase"":""F"",""startLLA"":{""lat"":37.515965,""lon"":126.907756,""alt"":305},""endLLA"":{""lat"":37.542307,""lon"":126.90249,""alt"":305},""targetSpeed"":51.4,""seq"":7}","{""phase"":""F"",""startLLA"":{""lat"":37.542307,""lon"":126.90249,""alt"":305},""endLLA"":{""lat"":37.552574,""lon"":126.891431,""alt"":305},""targetSpeed"":51.4,""seq"":8}","{""phase"":""F"",""startLLA"":{""lat"":37.552574,""lon"":126.891431,""alt"":305},""endLLA"":{""lat"":37.583699,""lon"":126.886697,""alt"":305},""targetSpeed"":51.4,""seq"":9}","{""phase"":""G"",""startLLA"":{""lat"":37.583699,""lon"":126.886697,""alt"":305},""endLLA"":{""lat"":37.586283,""lon"":126.886304,""alt"":288.16},""targetSpeed"":36,""seq"":10}","{""phase"":""G"",""startLLA"":{""lat"":37.586283,""lon"":126.886304,""alt"":288.16},""endLLA"":{""lat"":37.60526,""lon"":126.914121,""alt"":100},""targetSpeed"":36,""seq"":11}","{""phase"":""I"",""startLLA"":{""lat"":37.60526,""lon"":126.914121,""alt"":100},""endLLA"":{""lat"":37.611145,""lon"":126.922747,""alt"":15},""targetSpeed"":30,""seq"":12}","{""phase"":""J"",""startLLA"":{""lat"":37.611145,""lon"":126.922747,""alt"":15},""endLLA"":{""lat"":37.611145,""lon"":126.922747,""alt"":0},""targetSpeed"":10,""seq"":13}","{""phase"":""K"",""startLLA"":{""lat"":37.611145,""lon"":126.922747,""alt"":0},""endLLA"":{""lat"":37.611145,""lon"":126.922747,""alt"":0},""targetSpeed"":3,""seq"":14}",,,,,,,
b4a2894cba5c,2026-06-20,FPL0805019,UAM0015,a8,8,1,0.125,사당,사당,목동,목동,18,gate-3,fato-2,gate-2,fato-3,18:43:23,18:51:53,18:56:45,19:04:35,19:14:35,510,292.84,470,1272.84,0,0,ready,사당 > 180고지 > 영등포 > 목동,11.0358,11,"{""phase"":""A"",""startLLA"":{""lat"":37.475767,""lon"":126.982185,""alt"":0},""endLLA"":{""lat"":37.475767,""lon"":126.982185,""alt"":0},""targetSpeed"":3,""seq"":1}","{""phase"":""B"",""startLLA"":{""lat"":37.475767,""lon"":126.982185,""alt"":0},""endLLA"":{""lat"":37.475767,""lon"":126.982185,""alt"":15},""targetSpeed"":10,""seq"":2}","{""phase"":""C"",""startLLA"":{""lat"":37.475767,""lon"":126.982185,""alt"":15},""endLLA"":{""lat"":37.480648,""lon"":126.970006,""alt"":100},""targetSpeed"":36,""seq"":3}","{""phase"":""E"",""startLLA"":{""lat"":37.480648,""lon"":126.970006,""alt"":100},""endLLA"":{""lat"":37.492877,""lon"":126.93949,""alt"":275.46},""targetSpeed"":51.4,""seq"":4}","{""phase"":""E"",""startLLA"":{""lat"":37.492877,""lon"":126.93949,""alt"":275.46},""endLLA"":{""lat"":37.495964,""lon"":126.935246,""alt"":305},""targetSpeed"":51.4,""seq"":5}","{""phase"":""F"",""startLLA"":{""lat"":37.495964,""lon"":126.935246,""alt"":305},""endLLA"":{""lat"":37.506735,""lon"":126.920442,""alt"":305},""targetSpeed"":51.4,""seq"":6}","{""phase"":""G"",""startLLA"":{""lat"":37.506735,""lon"":126.920442,""alt"":305},""endLLA"":{""lat"":37.515965,""lon"":126.907756,""alt"":216.68},""targetSpeed"":36,""seq"":7}","{""phase"":""G"",""startLLA"":{""lat"":37.515965,""lon"":126.907756,""alt"":216.68},""endLLA"":{""lat"":37.522883,""lon"":126.886749,""alt"":100},""targetSpeed"":36,""seq"":8}","{""phase"":""I"",""startLLA"":{""lat"":37.522883,""lon"":126.886749,""alt"":100},""endLLA"":{""lat"":37.526343,""lon"":126.876243,""alt"":15},""targetSpeed"":30,""seq"":9}","{""phase"":""J"",""startLLA"":{""lat"":37.526343,""lon"":126.876243,""alt"":15},""endLLA"":{""lat"":37.526343,""lon"":126.876243,""alt"":0},""targetSpeed"":10,""seq"":10}","{""phase"":""K"",""startLLA"":{""lat"":37.526343,""lon"":126.876243,""alt"":0},""endLLA"":{""lat"":37.526343,""lon"":126.876243,""alt"":0},""targetSpeed"":3,""seq"":11}",,,,,,,,,,
b4a2894cba5c,2026-06-20,FPL0806012,UAM0020,a4,4,1,0.25,사당,사당,미아,미아,18,gate-7,fato-1,gate-7,fato-4,18:44:03,18:52:33,19:05:22,19:13:22,19:23:22,510,769,480,1759,0,200.5,ready,사당 > 경부고속도로 양재천 다리 > 대치교 > 청담대교 중간지점 > 건대입구 > 중랑천 제방길 > 상봉 > 월릉교 > 미아,27.2607,16,"{""phase"":""A"",""startLLA"":{""lat"":37.475767,""lon"":126.982185,""alt"":0},""endLLA"":{""lat"":37.475767,""lon"":126.982185,""alt"":0},""targetSpeed"":3,""seq"":1}","{""phase"":""B"",""startLLA"":{""lat"":37.475767,""lon"":126.982185,""alt"":0},""endLLA"":{""lat"":37.475767,""lon"":126.982185,""alt"":15},""targetSpeed"":10,""seq"":2}","{""phase"":""C"",""startLLA"":{""lat"":37.475767,""lon"":126.982185,""alt"":15},""endLLA"":{""lat"":37.474631,""lon"":126.995747,""alt"":100},""targetSpeed"":36,""seq"":3}","{""phase"":""E"",""startLLA"":{""lat"":37.474631,""lon"":126.995747,""alt"":100},""endLLA"":{""lat"":37.471593,""lon"":127.032031,""alt"":287.34},""targetSpeed"":51.4,""seq"":4}","{""phase"":""E"",""startLLA"":{""lat"":37.471593,""lon"":127.032031,""alt"":287.34},""endLLA"":{""lat"":37.47328,""lon"":127.034734,""alt"":305},""targetSpeed"":51.4,""seq"":5}","{""phase"":""F"",""startLLA"":{""lat"":37.47328,""lon"":127.034734,""alt"":305},""endLLA"":{""lat"":37.497702,""lon"":127.073855,""alt"":305},""targetSpeed"":51.4,""seq"":6}","{""phase"":""F"",""startLLA"":{""lat"":37.497702,""lon"":127.073855,""alt"":305},""endLLA"":{""lat"":37.526451,""lon"":127.064361,""alt"":305},""targetSpeed"":51.4,""seq"":7}","{""phase"":""F"",""startLLA"":{""lat"":37.526451,""lon"":127.064361,""alt"":305},""endLLA"":{""lat"":37.540426,""lon"":127.069298,""alt"":305},""targetSpeed"":51.4,""seq"":8}","{""phase"":""F"",""startLLA"":{""lat"":37.540426,""lon"":127.069298,""alt"":305},""endLLA"":{""lat"":37.580774,""lon"":127.077387,""alt"":305},""targetSpeed"":51.4,""seq"":9}","{""phase"":""F"",""startLLA"":{""lat"":37.580774,""lon"":127.077387,""alt"":305},""endLLA"":{""lat"":37.596919,""lon"":127.084854,""alt"":305},""targetSpeed"":51.4,""seq"":10}","{""phase"":""F"",""startLLA"":{""lat"":37.596919,""lon"":127.084854,""alt"":305},""endLLA"":{""lat"":37.614356,""lon"":127.072723,""alt"":305},""targetSpeed"":51.4,""seq"":11}","{""phase"":""G"",""startLLA"":{""lat"":37.614356,""lon"":127.072723,""alt"":305},""endLLA"":{""lat"":37.616266,""lon"":127.071394,""alt"":290.89},""targetSpeed"":36,""seq"":12}","{""phase"":""G"",""startLLA"":{""lat"":37.616266,""lon"":127.071394,""alt"":290.89},""endLLA"":{""lat"":37.626943,""lon"":127.036668,""alt"":100},""targetSpeed"":36,""seq"":13}","{""phase"":""I"",""startLLA"":{""lat"":37.626943,""lon"":127.036668,""alt"":100},""endLLA"":{""lat"":37.630207,""lon"":127.026053,""alt"":15},""targetSpeed"":30,""seq"":14}","{""phase"":""J"",""startLLA"":{""lat"":37.630207,""lon"":127.026053,""alt"":15},""endLLA"":{""lat"":37.630207,""lon"":127.026053,""alt"":0},""targetSpeed"":10,""seq"":15}","{""phase"":""K"",""startLLA"":{""lat"":37.630207,""lon"":127.026053,""alt"":0},""endLLA"":{""lat"":37.630207,""lon"":127.026053,""alt"":0},""targetSpeed"":3,""seq"":16}",,,,,
b4a2894cba5c,2026-06-20,FPL0803013,UAM0019,a4,4,1,0.25,사당,사당,상암,상암,18,gate-8,fato-2,gate-4,fato-3,18:48:23,18:57:53,19:03:33,19:10:23,19:20:23,570,340.18,410,1320.18,30,0,ready,사당 > 180고지 > 영등포 > 선유도 17고지 > 상암,13.4688,12,"{""phase"":""A"",""startLLA"":{""lat"":37.475767,""lon"":126.982185,""alt"":0},""endLLA"":{""lat"":37.475767,""lon"":126.982185,""alt"":0},""targetSpeed"":3,""seq"":1}","{""phase"":""B"",""startLLA"":{""lat"":37.475767,""lon"":126.982185,""alt"":0},""endLLA"":{""lat"":37.475767,""lon"":126.982185,""alt"":15},""targetSpeed"":10,""seq"":2}","{""phase"":""C"",""startLLA"":{""lat"":37.475767,""lon"":126.982185,""alt"":15},""endLLA"":{""lat"":37.480647,""lon"":126.970008,""alt"":100},""targetSpeed"":36,""seq"":3}","{""phase"":""E"",""startLLA"":{""lat"":37.480647,""lon"":126.970008,""alt"":100},""endLLA"":{""lat"":37.492877,""lon"":126.93949,""alt"":275.49},""targetSpeed"":51.4,""seq"":4}","{""phase"":""E"",""startLLA"":{""lat"":37.492877,""lon"":126.93949,""alt"":275.49},""endLLA"":{""lat"":37.495961,""lon"":126.935252,""alt"":305},""targetSpeed"":51.4,""seq"":5}","{""phase"":""F"",""startLLA"":{""lat"":37.495961,""lon"":126.935252,""alt"":305},""endLLA"":{""lat"":37.515965,""lon"":126.907756,""alt"":305},""targetSpeed"":51.4,""seq"":6}","{""phase"":""F"",""startLLA"":{""lat"":37.515965,""lon"":126.907756,""alt"":305},""endLLA"":{""lat"":37.524062,""lon"":126.906137,""alt"":305},""targetSpeed"":51.4,""seq"":7}","{""phase"":""G"",""startLLA"":{""lat"":37.524062,""lon"":126.906137,""alt"":305},""endLLA"":{""lat"":37.542307,""lon"":126.90249,""alt"":185.51},""targetSpeed"":36,""seq"":8}","{""phase"":""G"",""startLLA"":{""lat"":37.542307,""lon"":126.90249,""alt"":185.51},""endLLA"":{""lat"":37.55418,""lon"":126.895159,""alt"":100},""targetSpeed"":36,""seq"":9}","{""phase"":""I"",""startLLA"":{""lat"":37.55418,""lon"":126.895159,""alt"":100},""endLLA"":{""lat"":37.562282,""lon"":126.890156,""alt"":15},""targetSpeed"":30,""seq"":10}","{""phase"":""J"",""startLLA"":{""lat"":37.562282,""lon"":126.890156,""alt"":15},""endLLA"":{""lat"":37.562282,""lon"":126.890156,""alt"":0},""targetSpeed"":10,""seq"":11}","{""phase"":""K"",""startLLA"":{""lat"":37.562282,""lon"":126.890156,""alt"":0},""endLLA"":{""lat"":37.562282,""lon"":126.890156,""alt"":0},""targetSpeed"":3,""seq"":12}",,,,,,,,,
b4a2894cba5c,2026-06-20,FPL0805020,UAM0080,a8,8,8,1,사당,사당,목동,목동,19,gate-4,fato-1,gate-8,fato-4,19:00:00,19:09:00,19:13:52,19:20:54,19:30:54,540,292.84,421.92,1254.76,0,11.92,ready,사당 > 180고지 > 영등포 > 목동,11.0358,11,"{""phase"":""A"",""startLLA"":{""lat"":37.475767,""lon"":126.982185,""alt"":0},""endLLA"":{""lat"":37.475767,""lon"":126.982185,""alt"":0},""targetSpeed"":3,""seq"":1}","{""phase"":""B"",""startLLA"":{""lat"":37.475767,""lon"":126.982185,""alt"":0},""endLLA"":{""lat"":37.475767,""lon"":126.982185,""alt"":15},""targetSpeed"":10,""seq"":2}","{""phase"":""C"",""startLLA"":{""lat"":37.475767,""lon"":126.982185,""alt"":15},""endLLA"":{""lat"":37.480648,""lon"":126.970006,""alt"":100},""targetSpeed"":36,""seq"":3}","{""phase"":""E"",""startLLA"":{""lat"":37.480648,""lon"":126.970006,""alt"":100},""endLLA"":{""lat"":37.492877,""lon"":126.93949,""alt"":275.46},""targetSpeed"":51.4,""seq"":4}","{""phase"":""E"",""startLLA"":{""lat"":37.492877,""lon"":126.93949,""alt"":275.46},""endLLA"":{""lat"":37.495964,""lon"":126.935246,""alt"":305},""targetSpeed"":51.4,""seq"":5}","{""phase"":""F"",""startLLA"":{""lat"":37.495964,""lon"":126.935246,""alt"":305},""endLLA"":{""lat"":37.506735,""lon"":126.920442,""alt"":305},""targetSpeed"":51.4,""seq"":6}","{""phase"":""G"",""startLLA"":{""lat"":37.506735,""lon"":126.920442,""alt"":305},""endLLA"":{""lat"":37.515965,""lon"":126.907756,""alt"":216.68},""targetSpeed"":36,""seq"":7}","{""phase"":""G"",""startLLA"":{""lat"":37.515965,""lon"":126.907756,""alt"":216.68},""endLLA"":{""lat"":37.522883,""lon"":126.886749,""alt"":100},""targetSpeed"":36,""seq"":8}","{""phase"":""I"",""startLLA"":{""lat"":37.522883,""lon"":126.886749,""alt"":100},""endLLA"":{""lat"":37.526343,""lon"":126.876243,""alt"":15},""targetSpeed"":30,""seq"":9}","{""phase"":""J"",""startLLA"":{""lat"":37.526343,""lon"":126.876243,""alt"":15},""endLLA"":{""lat"":37.526343,""lon"":126.876243,""alt"":0},""targetSpeed"":10,""seq"":10}","{""phase"":""K"",""startLLA"":{""lat"":37.526343,""lon"":126.876243,""alt"":0},""endLLA"":{""lat"":37.526343,""lon"":126.876243,""alt"":0},""targetSpeed"":3,""seq"":11}",,,,,,,,,,
b4a2894cba5c,2026-06-20,FPL0812014,UAM0081,a2,2,2,1,사당,사당,광화문,광화문,19,gate-2,fato-2,gate-4,fato-3,19:00:00,19:08:00,19:15:51,19:22:41,19:32:41,480,471.89,410,1361.89,0,0,ready,사당 > 180고지 > 영등포 > 선유도 17고지 > 성산대교 중간지점 > 홍대입구 > 광화문,20.239,14,"{""phase"":""A"",""startLLA"":{""lat"":37.475767,""lon"":126.982185,""alt"":0},""endLLA"":{""lat"":37.475767,""lon"":126.982185,""alt"":0},""targetSpeed"":3,""seq"":1}","{""phase"":""B"",""startLLA"":{""lat"":37.475767,""lon"":126.982185,""alt"":0},""endLLA"":{""lat"":37.475767,""lon"":126.982185,""alt"":15},""targetSpeed"":10,""seq"":2}","{""phase"":""C"",""startLLA"":{""lat"":37.475767,""lon"":126.982185,""alt"":15},""endLLA"":{""lat"":37.480587,""lon"":126.970158,""alt"":100},""targetSpeed"":36,""seq"":3}","{""phase"":""E"",""startLLA"":{""lat"":37.480587,""lon"":126.970158,""alt"":100},""endLLA"":{""lat"":37.492877,""lon"":126.93949,""alt"":278.55},""targetSpeed"":51.4,""seq"":4}","{""phase"":""E"",""startLLA"":{""lat"":37.492877,""lon"":126.93949,""alt"":278.55},""endLLA"":{""lat"":37.495606,""lon"":126.935739,""alt"":305},""targetSpeed"":51.4,""seq"":5}","{""phase"":""F"",""startLLA"":{""lat"":37.495606,""lon"":126.935739,""alt"":305},""endLLA"":{""lat"":37.515965,""lon"":126.907756,""alt"":305},""targetSpeed"":51.4,""seq"":6}","{""phase"":""F"",""startLLA"":{""lat"":37.515965,""lon"":126.907756,""alt"":305},""endLLA"":{""lat"":37.542307,""lon"":126.90249,""alt"":305},""targetSpeed"":51.4,""seq"":7}","{""phase"":""F"",""startLLA"":{""lat"":37.542307,""lon"":126.90249,""alt"":305},""endLLA"":{""lat"":37.552574,""lon"":126.891431,""alt"":305},""targetSpeed"":51.4,""seq"":8}","{""phase"":""F"",""startLLA"":{""lat"":37.552574,""lon"":126.891431,""alt"":305},""endLLA"":{""lat"":37.556786,""lon"":126.923706,""alt"":305},""targetSpeed"":51.4,""seq"":9}","{""phase"":""F"",""startLLA"":{""lat"":37.556786,""lon"":126.923706,""alt"":305},""endLLA"":{""lat"":37.557137,""lon"":126.925138,""alt"":305},""targetSpeed"":51.4,""seq"":10}","{""phase"":""G"",""startLLA"":{""lat"":37.557137,""lon"":126.925138,""alt"":305},""endLLA"":{""lat"":37.566379,""lon"":126.962865,""alt"":100},""targetSpeed"":36,""seq"":11}","{""phase"":""I"",""startLLA"":{""lat"":37.566379,""lon"":126.962865,""alt"":100},""endLLA"":{""lat"":37.56901,""lon"":126.973604,""alt"":15},""targetSpeed"":30,""seq"":12}","{""phase"":""J"",""startLLA"":{""lat"":37.56901,""lon"":126.973604,""alt"":15},""endLLA"":{""lat"":37.56901,""lon"":126.973604,""alt"":0},""targetSpeed"":10,""seq"":13}","{""phase"":""K"",""startLLA"":{""lat"":37.56901,""lon"":126.973604,""alt"":0},""endLLA"":{""lat"":37.56901,""lon"":126.973604,""alt"":0},""targetSpeed"":3,""seq"":14}",,,,,,,
b4a2894cba5c,2026-06-20,FPL0817016,UAM0063,a8,8,4,0.5,사당,사당,수서,수서,19,gate-3,fato-2,gate-8,fato-4,19:03:17,19:14:00,19:18:46,19:25:36,19:35:36,643,286.87,410,1339.87,133,0,ready,사당 > 경부고속도로 양재천 다리 > 수서,10.7285,10,"{""phase"":""A"",""startLLA"":{""lat"":37.475767,""lon"":126.982185,""alt"":0},""endLLA"":{""lat"":37.475767,""lon"":126.982185,""alt"":0},""targetSpeed"":3,""seq"":1}","{""phase"":""B"",""startLLA"":{""lat"":37.475767,""lon"":126.982185,""alt"":0},""endLLA"":{""lat"":37.475767,""lon"":126.982185,""alt"":15},""targetSpeed"":10,""seq"":2}","{""phase"":""C"",""startLLA"":{""lat"":37.475767,""lon"":126.982185,""alt"":15},""endLLA"":{""lat"":37.47463,""lon"":126.995757,""alt"":100},""targetSpeed"":36,""seq"":3}","{""phase"":""E"",""startLLA"":{""lat"":37.47463,""lon"":126.995757,""alt"":100},""endLLA"":{""lat"":37.471593,""lon"":127.032031,""alt"":287.14},""targetSpeed"":51.4,""seq"":4}","{""phase"":""E"",""startLLA"":{""lat"":37.471593,""lon"":127.032031,""alt"":287.14},""endLLA"":{""lat"":37.472365,""lon"":127.035373,""alt"":305},""targetSpeed"":51.4,""seq"":5}","{""phase"":""F"",""startLLA"":{""lat"":37.472365,""lon"":127.035373,""alt"":305},""endLLA"":{""lat"":37.476051,""lon"":127.051318,""alt"":305},""targetSpeed"":51.4,""seq"":6}","{""phase"":""G"",""startLLA"":{""lat"":37.476051,""lon"":127.051318,""alt"":305},""endLLA"":{""lat"":37.484917,""lon"":127.089683,""alt"":100},""targetSpeed"":36,""seq"":7}","{""phase"":""I"",""startLLA"":{""lat"":37.484917,""lon"":127.089683,""alt"":100},""endLLA"":{""lat"":37.487441,""lon"":127.100603,""alt"":15},""targetSpeed"":30,""seq"":8}","{""phase"":""J"",""startLLA"":{""lat"":37.487441,""lon"":127.100603,""alt"":15},""endLLA"":{""lat"":37.487441,""lon"":127.100603,""alt"":0},""targetSpeed"":10,""seq"":9}","{""phase"":""K"",""startLLA"":{""lat"":37.487441,""lon"":127.100603,""alt"":0},""endLLA"":{""lat"":37.487441,""lon"":127.100603,""alt"":0},""targetSpeed"":3,""seq"":10}",,,,,,,,,,,
b4a2894cba5c,2026-06-20,FPL0812015,UAM0040,a8,8,2,0.25,사당,사당,광화문,광화문,19,gate-8,fato-1,gate-3,fato-3,19:12:53,19:21:53,19:29:44,19:37:04,19:47:04,540,471.89,440,1451.89,0,0,ready,사당 > 180고지 > 영등포 > 선유도 17고지 > 성산대교 중간지점 > 홍대입구 > 광화문,20.239,14,"{""phase"":""A"",""startLLA"":{""lat"":37.475767,""lon"":126.982185,""alt"":0},""endLLA"":{""lat"":37.475767,""lon"":126.982185,""alt"":0},""targetSpeed"":3,""seq"":1}","{""phase"":""B"",""startLLA"":{""lat"":37.475767,""lon"":126.982185,""alt"":0},""endLLA"":{""lat"":37.475767,""lon"":126.982185,""alt"":15},""targetSpeed"":10,""seq"":2}","{""phase"":""C"",""startLLA"":{""lat"":37.475767,""lon"":126.982185,""alt"":15},""endLLA"":{""lat"":37.480587,""lon"":126.970158,""alt"":100},""targetSpeed"":36,""seq"":3}","{""phase"":""E"",""startLLA"":{""lat"":37.480587,""lon"":126.970158,""alt"":100},""endLLA"":{""lat"":37.492877,""lon"":126.93949,""alt"":278.55},""targetSpeed"":51.4,""seq"":4}","{""phase"":""E"",""startLLA"":{""lat"":37.492877,""lon"":126.93949,""alt"":278.55},""endLLA"":{""lat"":37.495606,""lon"":126.935739,""alt"":305},""targetSpeed"":51.4,""seq"":5}","{""phase"":""F"",""startLLA"":{""lat"":37.495606,""lon"":126.935739,""alt"":305},""endLLA"":{""lat"":37.515965,""lon"":126.907756,""alt"":305},""targetSpeed"":51.4,""seq"":6}","{""phase"":""F"",""startLLA"":{""lat"":37.515965,""lon"":126.907756,""alt"":305},""endLLA"":{""lat"":37.542307,""lon"":126.90249,""alt"":305},""targetSpeed"":51.4,""seq"":7}","{""phase"":""F"",""startLLA"":{""lat"":37.542307,""lon"":126.90249,""alt"":305},""endLLA"":{""lat"":37.552574,""lon"":126.891431,""alt"":305},""targetSpeed"":51.4,""seq"":8}","{""phase"":""F"",""startLLA"":{""lat"":37.552574,""lon"":126.891431,""alt"":305},""endLLA"":{""lat"":37.556786,""lon"":126.923706,""alt"":305},""targetSpeed"":51.4,""seq"":9}","{""phase"":""F"",""startLLA"":{""lat"":37.556786,""lon"":126.923706,""alt"":305},""endLLA"":{""lat"":37.557137,""lon"":126.925138,""alt"":305},""targetSpeed"":51.4,""seq"":10}","{""phase"":""G"",""startLLA"":{""lat"":37.557137,""lon"":126.925138,""alt"":305},""endLLA"":{""lat"":37.566379,""lon"":126.962865,""alt"":100},""targetSpeed"":36,""seq"":11}","{""phase"":""I"",""startLLA"":{""lat"":37.566379,""lon"":126.962865,""alt"":100},""endLLA"":{""lat"":37.56901,""lon"":126.973604,""alt"":15},""targetSpeed"":30,""seq"":12}","{""phase"":""J"",""startLLA"":{""lat"":37.56901,""lon"":126.973604,""alt"":15},""endLLA"":{""lat"":37.56901,""lon"":126.973604,""alt"":0},""targetSpeed"":10,""seq"":13}","{""phase"":""K"",""startLLA"":{""lat"":37.56901,""lon"":126.973604,""alt"":0},""endLLA"":{""lat"":37.56901,""lon"":126.973604,""alt"":0},""targetSpeed"":3,""seq"":14}",,,,,,,
b4a2894cba5c,2026-06-20,FPL0816013,UAM0112,a8,8,2,0.25,사당,사당,망우,망우,19,gate-4,fato-1,gate-2,fato-3,19:18:20,19:28:03,20:10:11,20:18:01,20:28:01,583.41,2527.59,470,3581,43.41,580,ready,사당 > 경부고속도로 양재천 다리 > 대치교 > 청담대교 중간지점 > 건대입구 > 망우,20.4833,13,"{""phase"":""A"",""startLLA"":{""lat"":37.475767,""lon"":126.982185,""alt"":0},""endLLA"":{""lat"":37.475767,""lon"":126.982185,""alt"":0},""targetSpeed"":3,""seq"":1}","{""phase"":""B"",""startLLA"":{""lat"":37.475767,""lon"":126.982185,""alt"":0},""endLLA"":{""lat"":37.475767,""lon"":126.982185,""alt"":15},""targetSpeed"":10,""seq"":2}","{""phase"":""C"",""startLLA"":{""lat"":37.475767,""lon"":126.982185,""alt"":15},""endLLA"":{""lat"":37.474631,""lon"":126.99575,""alt"":100},""targetSpeed"":36,""seq"":3}","{""phase"":""E"",""startLLA"":{""lat"":37.474631,""lon"":126.99575,""alt"":100},""endLLA"":{""lat"":37.471593,""lon"":127.032031,""alt"":287.28},""targetSpeed"":51.4,""seq"":4}","{""phase"":""E"",""startLLA"":{""lat"":37.471593,""lon"":127.032031,""alt"":287.28},""endLLA"":{""lat"":37.473287,""lon"":127.034744,""alt"":305},""targetSpeed"":51.4,""seq"":5}","{""phase"":""F"",""startLLA"":{""lat"":37.473287,""lon"":127.034744,""alt"":305},""endLLA"":{""lat"":37.497702,""lon"":127.073855,""alt"":305},""targetSpeed"":51.4,""seq"":6}","{""phase"":""F"",""startLLA"":{""lat"":37.497702,""lon"":127.073855,""alt"":305},""endLLA"":{""lat"":37.526451,""lon"":127.064361,""alt"":305},""targetSpeed"":51.4,""seq"":7}","{""phase"":""F"",""startLLA"":{""lat"":37.526451,""lon"":127.064361,""alt"":305},""endLLA"":{""lat"":37.540426,""lon"":127.069298,""alt"":305},""targetSpeed"":51.4,""seq"":8}","{""phase"":""F"",""startLLA"":{""lat"":37.540426,""lon"":127.069298,""alt"":305},""endLLA"":{""lat"":37.557141,""lon"":127.073901,""alt"":305},""targetSpeed"":51.4,""seq"":9}","{""phase"":""G"",""startLLA"":{""lat"":37.557141,""lon"":127.073901,""alt"":305},""endLLA"":{""lat"":37.588105,""lon"":127.082427,""alt"":100},""targetSpeed"":36,""seq"":10}","{""phase"":""I"",""startLLA"":{""lat"":37.588105,""lon"":127.082427,""alt"":100},""endLLA"":{""lat"":37.596919,""lon"":127.084854,""alt"":15},""targetSpeed"":30,""seq"":11}","{""phase"":""J"",""startLLA"":{""lat"":37.596919,""lon"":127.084854,""alt"":15},""endLLA"":{""lat"":37.596919,""lon"":127.084854,""alt"":0},""targetSpeed"":10,""seq"":12}","{""phase"":""K"",""startLLA"":{""lat"":37.596919,""lon"":127.084854,""alt"":0},""endLLA"":{""lat"":37.596919,""lon"":127.084854,""alt"":0},""targetSpeed"":3,""seq"":13}",,,,,,,,
b4a2894cba5c,2026-06-20,FPL0803014,UAM0003,a4,4,2,0.5,사당,사당,상암,상암,19,gate-8,fato-1,gate-3,fato-4,19:30:14,19:40:09,19:45:49,19:53:09,20:03:09,595.57,340.18,440,1375.75,55.57,0,ready,사당 > 180고지 > 영등포 > 선유도 17고지 > 상암,13.4688,12,"{""phase"":""A"",""startLLA"":{""lat"":37.475767,""lon"":126.982185,""alt"":0},""endLLA"":{""lat"":37.475767,""lon"":126.982185,""alt"":0},""targetSpeed"":3,""seq"":1}","{""phase"":""B"",""startLLA"":{""lat"":37.475767,""lon"":126.982185,""alt"":0},""endLLA"":{""lat"":37.475767,""lon"":126.982185,""alt"":15},""targetSpeed"":10,""seq"":2}","{""phase"":""C"",""startLLA"":{""lat"":37.475767,""lon"":126.982185,""alt"":15},""endLLA"":{""lat"":37.480647,""lon"":126.970008,""alt"":100},""targetSpeed"":36,""seq"":3}","{""phase"":""E"",""startLLA"":{""lat"":37.480647,""lon"":126.970008,""alt"":100},""endLLA"":{""lat"":37.492877,""lon"":126.93949,""alt"":275.49},""targetSpeed"":51.4,""seq"":4}","{""phase"":""E"",""startLLA"":{""lat"":37.492877,""lon"":126.93949,""alt"":275.49},""endLLA"":{""lat"":37.495961,""lon"":126.935252,""alt"":305},""targetSpeed"":51.4,""seq"":5}","{""phase"":""F"",""startLLA"":{""lat"":37.495961,""lon"":126.935252,""alt"":305},""endLLA"":{""lat"":37.515965,""lon"":126.907756,""alt"":305},""targetSpeed"":51.4,""seq"":6}","{""phase"":""F"",""startLLA"":{""lat"":37.515965,""lon"":126.907756,""alt"":305},""endLLA"":{""lat"":37.524062,""lon"":126.906137,""alt"":305},""targetSpeed"":51.4,""seq"":7}","{""phase"":""G"",""startLLA"":{""lat"":37.524062,""lon"":126.906137,""alt"":305},""endLLA"":{""lat"":37.542307,""lon"":126.90249,""alt"":185.51},""targetSpeed"":36,""seq"":8}","{""phase"":""G"",""startLLA"":{""lat"":37.542307,""lon"":126.90249,""alt"":185.51},""endLLA"":{""lat"":37.55418,""lon"":126.895159,""alt"":100},""targetSpeed"":36,""seq"":9}","{""phase"":""I"",""startLLA"":{""lat"":37.55418,""lon"":126.895159,""alt"":100},""endLLA"":{""lat"":37.562282,""lon"":126.890156,""alt"":15},""targetSpeed"":30,""seq"":10}","{""phase"":""J"",""startLLA"":{""lat"":37.562282,""lon"":126.890156,""alt"":15},""endLLA"":{""lat"":37.562282,""lon"":126.890156,""alt"":0},""targetSpeed"":10,""seq"":11}","{""phase"":""K"",""startLLA"":{""lat"":37.562282,""lon"":126.890156,""alt"":0},""endLLA"":{""lat"":37.562282,""lon"":126.890156,""alt"":0},""targetSpeed"":3,""seq"":12}",,,,,,,,,
b4a2894cba5c,2026-06-20,FPL0810014,UAM0076,a4,4,2,0.5,사당,사당,연신내,연신내,19,gate-4,fato-1,gate-5,fato-3,19:40:11,19:49:11,19:58:10,20:06:30,20:16:30,540,539.28,500,1579.28,0,61.93,ready,사당 > 180고지 > 영등포 > 선유도 17고지 > 성산대교 중간지점 > 수색교 > 연신내,20.5191,14,"{""phase"":""A"",""startLLA"":{""lat"":37.475767,""lon"":126.982185,""alt"":0},""endLLA"":{""lat"":37.475767,""lon"":126.982185,""alt"":0},""targetSpeed"":3,""seq"":1}","{""phase"":""B"",""startLLA"":{""lat"":37.475767,""lon"":126.982185,""alt"":0},""endLLA"":{""lat"":37.475767,""lon"":126.982185,""alt"":15},""targetSpeed"":10,""seq"":2}","{""phase"":""C"",""startLLA"":{""lat"":37.475767,""lon"":126.982185,""alt"":15},""endLLA"":{""lat"":37.480646,""lon"":126.97001,""alt"":100},""targetSpeed"":36,""seq"":3}","{""phase"":""E"",""startLLA"":{""lat"":37.480646,""lon"":126.97001,""alt"":100},""endLLA"":{""lat"":37.492877,""lon"":126.93949,""alt"":275.53},""targetSpeed"":51.4,""seq"":4}","{""phase"":""E"",""startLLA"":{""lat"":37.492877,""lon"":126.93949,""alt"":275.53},""endLLA"":{""lat"":37.495955,""lon"":126.935259,""alt"":305},""targetSpeed"":51.4,""seq"":5}","{""phase"":""F"",""startLLA"":{""lat"":37.495955,""lon"":126.935259,""alt"":305},""endLLA"":{""lat"":37.515965,""lon"":126.907756,""alt"":305},""targetSpeed"":51.4,""seq"":6}","{""phase"":""F"",""startLLA"":{""lat"":37.515965,""lon"":126.907756,""alt"":305},""endLLA"":{""lat"":37.542307,""lon"":126.90249,""alt"":305},""targetSpeed"":51.4,""seq"":7}","{""phase"":""F"",""startLLA"":{""lat"":37.542307,""lon"":126.90249,""alt"":305},""endLLA"":{""lat"":37.552574,""lon"":126.891431,""alt"":305},""targetSpeed"":51.4,""seq"":8}","{""phase"":""F"",""startLLA"":{""lat"":37.552574,""lon"":126.891431,""alt"":305},""endLLA"":{""lat"":37.583699,""lon"":126.886697,""alt"":305},""targetSpeed"":51.4,""seq"":9}","{""phase"":""G"",""startLLA"":{""lat"":37.583699,""lon"":126.886697,""alt"":305},""endLLA"":{""lat"":37.586283,""lon"":126.886304,""alt"":288.16},""targetSpeed"":36,""seq"":10}","{""phase"":""G"",""startLLA"":{""lat"":37.586283,""lon"":126.886304,""alt"":288.16},""endLLA"":{""lat"":37.60526,""lon"":126.914121,""alt"":100},""targetSpeed"":36,""seq"":11}","{""phase"":""I"",""startLLA"":{""lat"":37.60526,""lon"":126.914121,""alt"":100},""endLLA"":{""lat"":37.611145,""lon"":126.922747,""alt"":15},""targetSpeed"":30,""seq"":12}","{""phase"":""J"",""startLLA"":{""lat"":37.611145,""lon"":126.922747,""alt"":15},""endLLA"":{""lat"":37.611145,""lon"":126.922747,""alt"":0},""targetSpeed"":10,""seq"":13}","{""phase"":""K"",""startLLA"":{""lat"":37.611145,""lon"":126.922747,""alt"":0},""endLLA"":{""lat"":37.611145,""lon"":126.922747,""alt"":0},""targetSpeed"":3,""seq"":14}",,,,,,,
b4a2894cba5c,2026-06-20,FPL0815018,UAM0116,a4,4,1,0.25,사당,사당,마곡,마곡,19,gate-3,fato-2,gate-7,fato-3,19:42:50,19:51:20,20:05:21,20:12:41,20:22:41,510,841,440,1791,0,290,ready,사당 > 180고지 > 영등포 > 목동교 > 염창교 > 가양대교 남단 > 마곡,21.5149,14,"{""phase"":""A"",""startLLA"":{""lat"":37.475767,""lon"":126.982185,""alt"":0},""endLLA"":{""lat"":37.475767,""lon"":126.982185,""alt"":0},""targetSpeed"":3,""seq"":1}","{""phase"":""B"",""startLLA"":{""lat"":37.475767,""lon"":126.982185,""alt"":0},""endLLA"":{""lat"":37.475767,""lon"":126.982185,""alt"":15},""targetSpeed"":10,""seq"":2}","{""phase"":""C"",""startLLA"":{""lat"":37.475767,""lon"":126.982185,""alt"":15},""endLLA"":{""lat"":37.480646,""lon"":126.97001,""alt"":100},""targetSpeed"":36,""seq"":3}","{""phase"":""E"",""startLLA"":{""lat"":37.480646,""lon"":126.97001,""alt"":100},""endLLA"":{""lat"":37.492877,""lon"":126.93949,""alt"":275.53},""targetSpeed"":51.4,""seq"":4}","{""phase"":""E"",""startLLA"":{""lat"":37.492877,""lon"":126.93949,""alt"":275.53},""endLLA"":{""lat"":37.495955,""lon"":126.935259,""alt"":305},""targetSpeed"":51.4,""seq"":5}","{""phase"":""F"",""startLLA"":{""lat"":37.495955,""lon"":126.935259,""alt"":305},""endLLA"":{""lat"":37.515965,""lon"":126.907756,""alt"":305},""targetSpeed"":51.4,""seq"":6}","{""phase"":""F"",""startLLA"":{""lat"":37.515965,""lon"":126.907756,""alt"":305},""endLLA"":{""lat"":37.530667,""lon"":126.888262,""alt"":305},""targetSpeed"":51.4,""seq"":7}","{""phase"":""F"",""startLLA"":{""lat"":37.530667,""lon"":126.888262,""alt"":305},""endLLA"":{""lat"":37.553824,""lon"":126.875819,""alt"":305},""targetSpeed"":51.4,""seq"":8}","{""phase"":""F"",""startLLA"":{""lat"":37.553824,""lon"":126.875819,""alt"":305},""endLLA"":{""lat"":37.569391,""lon"":126.861026,""alt"":305},""targetSpeed"":51.4,""seq"":9}","{""phase"":""F"",""startLLA"":{""lat"":37.569391,""lon"":126.861026,""alt"":305},""endLLA"":{""lat"":37.567855,""lon"":126.842869,""alt"":305},""targetSpeed"":51.4,""seq"":10}","{""phase"":""G"",""startLLA"":{""lat"":37.567855,""lon"":126.842869,""alt"":305},""endLLA"":{""lat"":37.564492,""lon"":126.803119,""alt"":100},""targetSpeed"":36,""seq"":11}","{""phase"":""I"",""startLLA"":{""lat"":37.564492,""lon"":126.803119,""alt"":100},""endLLA"":{""lat"":37.563535,""lon"":126.791805,""alt"":15},""targetSpeed"":30,""seq"":12}","{""phase"":""J"",""startLLA"":{""lat"":37.563535,""lon"":126.791805,""alt"":15},""endLLA"":{""lat"":37.563535,""lon"":126.791805,""alt"":0},""targetSpeed"":10,""seq"":13}","{""phase"":""K"",""startLLA"":{""lat"":37.563535,""lon"":126.791805,""alt"":0},""endLLA"":{""lat"":37.563535,""lon"":126.791805,""alt"":0},""targetSpeed"":3,""seq"":14}",,,,,,,
b4a2894cba5c,2026-06-20,FPL0806013,UAM0070,a6,6,1,0.1667,사당,사당,미아,미아,19,gate-7,fato-1,gate-5,fato-4,19:45:31,19:55:11,20:15:01,20:24:01,20:34:01,580,1190,540,2310,70,621.5,ready,사당 > 경부고속도로 양재천 다리 > 대치교 > 청담대교 중간지점 > 건대입구 > 중랑천 제방길 > 상봉 > 월릉교 > 미아,27.2607,16,"{""phase"":""A"",""startLLA"":{""lat"":37.475767,""lon"":126.982185,""alt"":0},""endLLA"":{""lat"":37.475767,""lon"":126.982185,""alt"":0},""targetSpeed"":3,""seq"":1}","{""phase"":""B"",""startLLA"":{""lat"":37.475767,""lon"":126.982185,""alt"":0},""endLLA"":{""lat"":37.475767,""lon"":126.982185,""alt"":15},""targetSpeed"":10,""seq"":2}","{""phase"":""C"",""startLLA"":{""lat"":37.475767,""lon"":126.982185,""alt"":15},""endLLA"":{""lat"":37.474631,""lon"":126.995747,""alt"":100},""targetSpeed"":36,""seq"":3}","{""phase"":""E"",""startLLA"":{""lat"":37.474631,""lon"":126.995747,""alt"":100},""endLLA"":{""lat"":37.471593,""lon"":127.032031,""alt"":287.34},""targetSpeed"":51.4,""seq"":4}","{""phase"":""E"",""startLLA"":{""lat"":37.471593,""lon"":127.032031,""alt"":287.34},""endLLA"":{""lat"":37.47328,""lon"":127.034734,""alt"":305},""targetSpeed"":51.4,""seq"":5}","{""phase"":""F"",""startLLA"":{""lat"":37.47328,""lon"":127.034734,""alt"":305},""endLLA"":{""lat"":37.497702,""lon"":127.073855,""alt"":305},""targetSpeed"":51.4,""seq"":6}","{""phase"":""F"",""startLLA"":{""lat"":37.497702,""lon"":127.073855,""alt"":305},""endLLA"":{""lat"":37.526451,""lon"":127.064361,""alt"":305},""targetSpeed"":51.4,""seq"":7}","{""phase"":""F"",""startLLA"":{""lat"":37.526451,""lon"":127.064361,""alt"":305},""endLLA"":{""lat"":37.540426,""lon"":127.069298,""alt"":305},""targetSpeed"":51.4,""seq"":8}","{""phase"":""F"",""startLLA"":{""lat"":37.540426,""lon"":127.069298,""alt"":305},""endLLA"":{""lat"":37.580774,""lon"":127.077387,""alt"":305},""targetSpeed"":51.4,""seq"":9}","{""phase"":""F"",""startLLA"":{""lat"":37.580774,""lon"":127.077387,""alt"":305},""endLLA"":{""lat"":37.596919,""lon"":127.084854,""alt"":305},""targetSpeed"":51.4,""seq"":10}","{""phase"":""F"",""startLLA"":{""lat"":37.596919,""lon"":127.084854,""alt"":305},""endLLA"":{""lat"":37.614356,""lon"":127.072723,""alt"":305},""targetSpeed"":51.4,""seq"":11}","{""phase"":""G"",""startLLA"":{""lat"":37.614356,""lon"":127.072723,""alt"":305},""endLLA"":{""lat"":37.616266,""lon"":127.071394,""alt"":290.89},""targetSpeed"":36,""seq"":12}","{""phase"":""G"",""startLLA"":{""lat"":37.616266,""lon"":127.071394,""alt"":290.89},""endLLA"":{""lat"":37.626943,""lon"":127.036668,""alt"":100},""targetSpeed"":36,""seq"":13}","{""phase"":""I"",""startLLA"":{""lat"":37.626943,""lon"":127.036668,""alt"":100},""endLLA"":{""lat"":37.630207,""lon"":127.026053,""alt"":15},""targetSpeed"":30,""seq"":14}","{""phase"":""J"",""startLLA"":{""lat"":37.630207,""lon"":127.026053,""alt"":15},""endLLA"":{""lat"":37.630207,""lon"":127.026053,""alt"":0},""targetSpeed"":10,""seq"":15}","{""phase"":""K"",""startLLA"":{""lat"":37.630207,""lon"":127.026053,""alt"":0},""endLLA"":{""lat"":37.630207,""lon"":127.026053,""alt"":0},""targetSpeed"":3,""seq"":16}",,,,,
b4a2894cba5c,2026-06-20,FPL0811021,UAM0026,a2,2,1,0.5,사당,사당,천호,천호,19,gate-8,fato-1,gate-4,fato-3,19:56:17,20:05:17,20:12:30,20:19:20,20:29:20,540,433.41,410,1383.41,0,0,ready,사당 > 경부고속도로 양재천 다리 > 대치교 > 청담대교 중간지점 > 잠실대교 중간지점 > 천호,18.2608,13,"{""phase"":""A"",""startLLA"":{""lat"":37.475767,""lon"":126.982185,""alt"":0},""endLLA"":{""lat"":37.475767,""lon"":126.982185,""alt"":0},""targetSpeed"":3,""seq"":1}","{""phase"":""B"",""startLLA"":{""lat"":37.475767,""lon"":126.982185,""alt"":0},""endLLA"":{""lat"":37.475767,""lon"":126.982185,""alt"":15},""targetSpeed"":10,""seq"":2}","{""phase"":""C"",""startLLA"":{""lat"":37.475767,""lon"":126.982185,""alt"":15},""endLLA"":{""lat"":37.474631,""lon"":126.995751,""alt"":100},""targetSpeed"":36,""seq"":3}","{""phase"":""E"",""startLLA"":{""lat"":37.474631,""lon"":126.995751,""alt"":100},""endLLA"":{""lat"":37.471593,""lon"":127.032031,""alt"":287.26},""targetSpeed"":51.4,""seq"":4}","{""phase"":""E"",""startLLA"":{""lat"":37.471593,""lon"":127.032031,""alt"":287.26},""endLLA"":{""lat"":37.473289,""lon"":127.034748,""alt"":305},""targetSpeed"":51.4,""seq"":5}","{""phase"":""F"",""startLLA"":{""lat"":37.473289,""lon"":127.034748,""alt"":305},""endLLA"":{""lat"":37.497702,""lon"":127.073855,""alt"":305},""targetSpeed"":51.4,""seq"":6}","{""phase"":""F"",""startLLA"":{""lat"":37.497702,""lon"":127.073855,""alt"":305},""endLLA"":{""lat"":37.526451,""lon"":127.064361,""alt"":305},""targetSpeed"":51.4,""seq"":7}","{""phase"":""F"",""startLLA"":{""lat"":37.526451,""lon"":127.064361,""alt"":305},""endLLA"":{""lat"":37.525291,""lon"":127.078991,""alt"":305},""targetSpeed"":51.4,""seq"":8}","{""phase"":""G"",""startLLA"":{""lat"":37.525291,""lon"":127.078991,""alt"":305},""endLLA"":{""lat"":37.524288,""lon"":127.091639,""alt"":239.8},""targetSpeed"":36,""seq"":9}","{""phase"":""G"",""startLLA"":{""lat"":37.524288,""lon"":127.091639,""alt"":239.8},""endLLA"":{""lat"":37.539418,""lon"":127.111105,""alt"":100},""targetSpeed"":36,""seq"":10}","{""phase"":""I"",""startLLA"":{""lat"":37.539418,""lon"":127.111105,""alt"":100},""endLLA"":{""lat"":37.545733,""lon"":127.11923,""alt"":15},""targetSpeed"":30,""seq"":11}","{""phase"":""J"",""startLLA"":{""lat"":37.545733,""lon"":127.11923,""alt"":15},""endLLA"":{""lat"":37.545733,""lon"":127.11923,""alt"":0},""targetSpeed"":10,""seq"":12}","{""phase"":""K"",""startLLA"":{""lat"":37.545733,""lon"":127.11923,""alt"":0},""endLLA"":{""lat"":37.545733,""lon"":127.11923,""alt"":0},""targetSpeed"":3,""seq"":13}",,,,,,,,
b4a2894cba5c,2026-06-20,FPL0817017,UAM0085,a6,6,6,1,사당,사당,수서,수서,20,gate-2,fato-2,gate-3,fato-3,20:00:00,20:08:00,20:12:46,20:20:06,20:30:06,480,286.87,440,1206.87,0,0,ready,사당 > 경부고속도로 양재천 다리 > 수서,10.7285,10,"{""phase"":""A"",""startLLA"":{""lat"":37.475767,""lon"":126.982185,""alt"":0},""endLLA"":{""lat"":37.475767,""lon"":126.982185,""alt"":0},""targetSpeed"":3,""seq"":1}","{""phase"":""B"",""startLLA"":{""lat"":37.475767,""lon"":126.982185,""alt"":0},""endLLA"":{""lat"":37.475767,""lon"":126.982185,""alt"":15},""targetSpeed"":10,""seq"":2}","{""phase"":""C"",""startLLA"":{""lat"":37.475767,""lon"":126.982185,""alt"":15},""endLLA"":{""lat"":37.47463,""lon"":126.995757,""alt"":100},""targetSpeed"":36,""seq"":3}","{""phase"":""E"",""startLLA"":{""lat"":37.47463,""lon"":126.995757,""alt"":100},""endLLA"":{""lat"":37.471593,""lon"":127.032031,""alt"":287.14},""targetSpeed"":51.4,""seq"":4}","{""phase"":""E"",""startLLA"":{""lat"":37.471593,""lon"":127.032031,""alt"":287.14},""endLLA"":{""lat"":37.472365,""lon"":127.035373,""alt"":305},""targetSpeed"":51.4,""seq"":5}","{""phase"":""F"",""startLLA"":{""lat"":37.472365,""lon"":127.035373,""alt"":305},""endLLA"":{""lat"":37.476051,""lon"":127.051318,""alt"":305},""targetSpeed"":51.4,""seq"":6}","{""phase"":""G"",""startLLA"":{""lat"":37.476051,""lon"":127.051318,""alt"":305},""endLLA"":{""lat"":37.484917,""lon"":127.089683,""alt"":100},""targetSpeed"":36,""seq"":7}","{""phase"":""I"",""startLLA"":{""lat"":37.484917,""lon"":127.089683,""alt"":100},""endLLA"":{""lat"":37.487441,""lon"":127.100603,""alt"":15},""targetSpeed"":30,""seq"":8}","{""phase"":""J"",""startLLA"":{""lat"":37.487441,""lon"":127.100603,""alt"":15},""endLLA"":{""lat"":37.487441,""lon"":127.100603,""alt"":0},""targetSpeed"":10,""seq"":9}","{""phase"":""K"",""startLLA"":{""lat"":37.487441,""lon"":127.100603,""alt"":0},""endLLA"":{""lat"":37.487441,""lon"":127.100603,""alt"":0},""targetSpeed"":3,""seq"":10}",,,,,,,,,,,
b4a2894cba5c,2026-06-20,FPL0805021,UAM0095,a8,8,5,0.625,사당,사당,목동,목동,20,gate-4,fato-1,gate-4,fato-3,20:01:07,20:11:17,20:16:09,20:22:59,20:32:59,610,292.84,410,1312.84,70,0,ready,사당 > 180고지 > 영등포 > 목동,11.0358,11,"{""phase"":""A"",""startLLA"":{""lat"":37.475767,""lon"":126.982185,""alt"":0},""endLLA"":{""lat"":37.475767,""lon"":126.982185,""alt"":0},""targetSpeed"":3,""seq"":1}","{""phase"":""B"",""startLLA"":{""lat"":37.475767,""lon"":126.982185,""alt"":0},""endLLA"":{""lat"":37.475767,""lon"":126.982185,""alt"":15},""targetSpeed"":10,""seq"":2}","{""phase"":""C"",""startLLA"":{""lat"":37.475767,""lon"":126.982185,""alt"":15},""endLLA"":{""lat"":37.480648,""lon"":126.970006,""alt"":100},""targetSpeed"":36,""seq"":3}","{""phase"":""E"",""startLLA"":{""lat"":37.480648,""lon"":126.970006,""alt"":100},""endLLA"":{""lat"":37.492877,""lon"":126.93949,""alt"":275.46},""targetSpeed"":51.4,""seq"":4}","{""phase"":""E"",""startLLA"":{""lat"":37.492877,""lon"":126.93949,""alt"":275.46},""endLLA"":{""lat"":37.495964,""lon"":126.935246,""alt"":305},""targetSpeed"":51.4,""seq"":5}","{""phase"":""F"",""startLLA"":{""lat"":37.495964,""lon"":126.935246,""alt"":305},""endLLA"":{""lat"":37.506735,""lon"":126.920442,""alt"":305},""targetSpeed"":51.4,""seq"":6}","{""phase"":""G"",""startLLA"":{""lat"":37.506735,""lon"":126.920442,""alt"":305},""endLLA"":{""lat"":37.515965,""lon"":126.907756,""alt"":216.68},""targetSpeed"":36,""seq"":7}","{""phase"":""G"",""startLLA"":{""lat"":37.515965,""lon"":126.907756,""alt"":216.68},""endLLA"":{""lat"":37.522883,""lon"":126.886749,""alt"":100},""targetSpeed"":36,""seq"":8}","{""phase"":""I"",""startLLA"":{""lat"":37.522883,""lon"":126.886749,""alt"":100},""endLLA"":{""lat"":37.526343,""lon"":126.876243,""alt"":15},""targetSpeed"":30,""seq"":9}","{""phase"":""J"",""startLLA"":{""lat"":37.526343,""lon"":126.876243,""alt"":15},""endLLA"":{""lat"":37.526343,""lon"":126.876243,""alt"":0},""targetSpeed"":10,""seq"":10}","{""phase"":""K"",""startLLA"":{""lat"":37.526343,""lon"":126.876243,""alt"":0},""endLLA"":{""lat"":37.526343,""lon"":126.876243,""alt"":0},""targetSpeed"":3,""seq"":11}",,,,,,,,,,
b4a2894cba5c,2026-06-20,FPL0812016,UAM0032,a8,8,4,0.5,사당,사당,광화문,광화문,20,gate-3,fato-2,gate-3,fato-4,20:02:17,20:14:00,20:21:51,20:29:11,20:39:11,703,471.89,440,1614.89,193,0,ready,사당 > 180고지 > 영등포 > 선유도 17고지 > 성산대교 중간지점 > 홍대입구 > 광화문,20.239,14,"{""phase"":""A"",""startLLA"":{""lat"":37.475767,""lon"":126.982185,""alt"":0},""endLLA"":{""lat"":37.475767,""lon"":126.982185,""alt"":0},""targetSpeed"":3,""seq"":1}","{""phase"":""B"",""startLLA"":{""lat"":37.475767,""lon"":126.982185,""alt"":0},""endLLA"":{""lat"":37.475767,""lon"":126.982185,""alt"":15},""targetSpeed"":10,""seq"":2}","{""phase"":""C"",""startLLA"":{""lat"":37.475767,""lon"":126.982185,""alt"":15},""endLLA"":{""lat"":37.480587,""lon"":126.970158,""alt"":100},""targetSpeed"":36,""seq"":3}","{""phase"":""E"",""startLLA"":{""lat"":37.480587,""lon"":126.970158,""alt"":100},""endLLA"":{""lat"":37.492877,""lon"":126.93949,""alt"":278.55},""targetSpeed"":51.4,""seq"":4}","{""phase"":""E"",""startLLA"":{""lat"":37.492877,""lon"":126.93949,""alt"":278.55},""endLLA"":{""lat"":37.495606,""lon"":126.935739,""alt"":305},""targetSpeed"":51.4,""seq"":5}","{""phase"":""F"",""startLLA"":{""lat"":37.495606,""lon"":126.935739,""alt"":305},""endLLA"":{""lat"":37.515965,""lon"":126.907756,""alt"":305},""targetSpeed"":51.4,""seq"":6}","{""phase"":""F"",""startLLA"":{""lat"":37.515965,""lon"":126.907756,""alt"":305},""endLLA"":{""lat"":37.542307,""lon"":126.90249,""alt"":305},""targetSpeed"":51.4,""seq"":7}","{""phase"":""F"",""startLLA"":{""lat"":37.542307,""lon"":126.90249,""alt"":305},""endLLA"":{""lat"":37.552574,""lon"":126.891431,""alt"":305},""targetSpeed"":51.4,""seq"":8}","{""phase"":""F"",""startLLA"":{""lat"":37.552574,""lon"":126.891431,""alt"":305},""endLLA"":{""lat"":37.556786,""lon"":126.923706,""alt"":305},""targetSpeed"":51.4,""seq"":9}","{""phase"":""F"",""startLLA"":{""lat"":37.556786,""lon"":126.923706,""alt"":305},""endLLA"":{""lat"":37.557137,""lon"":126.925138,""alt"":305},""targetSpeed"":51.4,""seq"":10}","{""phase"":""G"",""startLLA"":{""lat"":37.557137,""lon"":126.925138,""alt"":305},""endLLA"":{""lat"":37.566379,""lon"":126.962865,""alt"":100},""targetSpeed"":36,""seq"":11}","{""phase"":""I"",""startLLA"":{""lat"":37.566379,""lon"":126.962865,""alt"":100},""endLLA"":{""lat"":37.56901,""lon"":126.973604,""alt"":15},""targetSpeed"":30,""seq"":12}","{""phase"":""J"",""startLLA"":{""lat"":37.56901,""lon"":126.973604,""alt"":15},""endLLA"":{""lat"":37.56901,""lon"":126.973604,""alt"":0},""targetSpeed"":10,""seq"":13}","{""phase"":""K"",""startLLA"":{""lat"":37.56901,""lon"":126.973604,""alt"":0},""endLLA"":{""lat"":37.56901,""lon"":126.973604,""alt"":0},""targetSpeed"":3,""seq"":14}",,,,,,,
b4a2894cba5c,2026-06-20,FPL0815019,UAM0132,a4,4,3,0.75,사당,사당,마곡,마곡,20,gate-7,fato-1,gate-3,fato-3,20:13:08,20:21:38,20:42:14,20:49:34,20:59:34,510,1236.82,440,2186.82,0,85.82,ready,사당 > 180고지 > 영등포 > 목동교 > 염창교 > 가양대교 남단 > 마곡,21.5149,14,"{""phase"":""A"",""startLLA"":{""lat"":37.475767,""lon"":126.982185,""alt"":0},""endLLA"":{""lat"":37.475767,""lon"":126.982185,""alt"":0},""targetSpeed"":3,""seq"":1}","{""phase"":""B"",""startLLA"":{""lat"":37.475767,""lon"":126.982185,""alt"":0},""endLLA"":{""lat"":37.475767,""lon"":126.982185,""alt"":15},""targetSpeed"":10,""seq"":2}","{""phase"":""C"",""startLLA"":{""lat"":37.475767,""lon"":126.982185,""alt"":15},""endLLA"":{""lat"":37.480646,""lon"":126.97001,""alt"":100},""targetSpeed"":36,""seq"":3}","{""phase"":""E"",""startLLA"":{""lat"":37.480646,""lon"":126.97001,""alt"":100},""endLLA"":{""lat"":37.492877,""lon"":126.93949,""alt"":275.53},""targetSpeed"":51.4,""seq"":4}","{""phase"":""E"",""startLLA"":{""lat"":37.492877,""lon"":126.93949,""alt"":275.53},""endLLA"":{""lat"":37.495955,""lon"":126.935259,""alt"":305},""targetSpeed"":51.4,""seq"":5}","{""phase"":""F"",""startLLA"":{""lat"":37.495955,""lon"":126.935259,""alt"":305},""endLLA"":{""lat"":37.515965,""lon"":126.907756,""alt"":305},""targetSpeed"":51.4,""seq"":6}","{""phase"":""F"",""startLLA"":{""lat"":37.515965,""lon"":126.907756,""alt"":305},""endLLA"":{""lat"":37.530667,""lon"":126.888262,""alt"":305},""targetSpeed"":51.4,""seq"":7}","{""phase"":""F"",""startLLA"":{""lat"":37.530667,""lon"":126.888262,""alt"":305},""endLLA"":{""lat"":37.553824,""lon"":126.875819,""alt"":305},""targetSpeed"":51.4,""seq"":8}","{""phase"":""F"",""startLLA"":{""lat"":37.553824,""lon"":126.875819,""alt"":305},""endLLA"":{""lat"":37.569391,""lon"":126.861026,""alt"":305},""targetSpeed"":51.4,""seq"":9}","{""phase"":""F"",""startLLA"":{""lat"":37.569391,""lon"":126.861026,""alt"":305},""endLLA"":{""lat"":37.567855,""lon"":126.842869,""alt"":305},""targetSpeed"":51.4,""seq"":10}","{""phase"":""G"",""startLLA"":{""lat"":37.567855,""lon"":126.842869,""alt"":305},""endLLA"":{""lat"":37.564492,""lon"":126.803119,""alt"":100},""targetSpeed"":36,""seq"":11}","{""phase"":""I"",""startLLA"":{""lat"":37.564492,""lon"":126.803119,""alt"":100},""endLLA"":{""lat"":37.563535,""lon"":126.791805,""alt"":15},""targetSpeed"":30,""seq"":12}","{""phase"":""J"",""startLLA"":{""lat"":37.563535,""lon"":126.791805,""alt"":15},""endLLA"":{""lat"":37.563535,""lon"":126.791805,""alt"":0},""targetSpeed"":10,""seq"":13}","{""phase"":""K"",""startLLA"":{""lat"":37.563535,""lon"":126.791805,""alt"":0},""endLLA"":{""lat"":37.563535,""lon"":126.791805,""alt"":0},""targetSpeed"":3,""seq"":14}",,,,,,,
b4a2894cba5c,2026-06-20,FPL0806014,UAM0031,a8,8,3,0.375,사당,사당,미아,미아,20,gate-4,fato-1,gate-8,fato-4,20:31:02,20:40:02,21:00:46,21:08:16,21:18:16,540,1244,450,2234,0,40,ready,사당 > 경부고속도로 양재천 다리 > 대치교 > 청담대교 중간지점 > 건대입구 > 중랑천 제방길 > 상봉 > 월릉교 > 미아,27.2607,16,"{""phase"":""A"",""startLLA"":{""lat"":37.475767,""lon"":126.982185,""alt"":0},""endLLA"":{""lat"":37.475767,""lon"":126.982185,""alt"":0},""targetSpeed"":3,""seq"":1}","{""phase"":""B"",""startLLA"":{""lat"":37.475767,""lon"":126.982185,""alt"":0},""endLLA"":{""lat"":37.475767,""lon"":126.982185,""alt"":15},""targetSpeed"":10,""seq"":2}","{""phase"":""C"",""startLLA"":{""lat"":37.475767,""lon"":126.982185,""alt"":15},""endLLA"":{""lat"":37.474631,""lon"":126.995747,""alt"":100},""targetSpeed"":36,""seq"":3}","{""phase"":""E"",""startLLA"":{""lat"":37.474631,""lon"":126.995747,""alt"":100},""endLLA"":{""lat"":37.471593,""lon"":127.032031,""alt"":287.34},""targetSpeed"":51.4,""seq"":4}","{""phase"":""E"",""startLLA"":{""lat"":37.471593,""lon"":127.032031,""alt"":287.34},""endLLA"":{""lat"":37.47328,""lon"":127.034734,""alt"":305},""targetSpeed"":51.4,""seq"":5}","{""phase"":""F"",""startLLA"":{""lat"":37.47328,""lon"":127.034734,""alt"":305},""endLLA"":{""lat"":37.497702,""lon"":127.073855,""alt"":305},""targetSpeed"":51.4,""seq"":6}","{""phase"":""F"",""startLLA"":{""lat"":37.497702,""lon"":127.073855,""alt"":305},""endLLA"":{""lat"":37.526451,""lon"":127.064361,""alt"":305},""targetSpeed"":51.4,""seq"":7}","{""phase"":""F"",""startLLA"":{""lat"":37.526451,""lon"":127.064361,""alt"":305},""endLLA"":{""lat"":37.540426,""lon"":127.069298,""alt"":305},""targetSpeed"":51.4,""seq"":8}","{""phase"":""F"",""startLLA"":{""lat"":37.540426,""lon"":127.069298,""alt"":305},""endLLA"":{""lat"":37.580774,""lon"":127.077387,""alt"":305},""targetSpeed"":51.4,""seq"":9}","{""phase"":""F"",""startLLA"":{""lat"":37.580774,""lon"":127.077387,""alt"":305},""endLLA"":{""lat"":37.596919,""lon"":127.084854,""alt"":305},""targetSpeed"":51.4,""seq"":10}","{""phase"":""F"",""startLLA"":{""lat"":37.596919,""lon"":127.084854,""alt"":305},""endLLA"":{""lat"":37.614356,""lon"":127.072723,""alt"":305},""targetSpeed"":51.4,""seq"":11}","{""phase"":""G"",""startLLA"":{""lat"":37.614356,""lon"":127.072723,""alt"":305},""endLLA"":{""lat"":37.616266,""lon"":127.071394,""alt"":290.89},""targetSpeed"":36,""seq"":12}","{""phase"":""G"",""startLLA"":{""lat"":37.616266,""lon"":127.071394,""alt"":290.89},""endLLA"":{""lat"":37.626943,""lon"":127.036668,""alt"":100},""targetSpeed"":36,""seq"":13}","{""phase"":""I"",""startLLA"":{""lat"":37.626943,""lon"":127.036668,""alt"":100},""endLLA"":{""lat"":37.630207,""lon"":127.026053,""alt"":15},""targetSpeed"":30,""seq"":14}","{""phase"":""J"",""startLLA"":{""lat"":37.630207,""lon"":127.026053,""alt"":15},""endLLA"":{""lat"":37.630207,""lon"":127.026053,""alt"":0},""targetSpeed"":10,""seq"":15}","{""phase"":""K"",""startLLA"":{""lat"":37.630207,""lon"":127.026053,""alt"":0},""endLLA"":{""lat"":37.630207,""lon"":127.026053,""alt"":0},""targetSpeed"":3,""seq"":16}",,,,,
b4a2894cba5c,2026-06-20,FPL0803015,UAM0097,a2,2,2,1,사당,사당,상암,상암,20,gate-8,fato-1,gate-6,fato-3,20:45:17,20:54:26,21:00:56,21:09:16,21:19:16,549.72,389.34,500.87,1439.93,9.72,80.03,ready,사당 > 180고지 > 영등포 > 선유도 17고지 > 상암,13.4688,12,"{""phase"":""A"",""startLLA"":{""lat"":37.475767,""lon"":126.982185,""alt"":0},""endLLA"":{""lat"":37.475767,""lon"":126.982185,""alt"":0},""targetSpeed"":3,""seq"":1}","{""phase"":""B"",""startLLA"":{""lat"":37.475767,""lon"":126.982185,""alt"":0},""endLLA"":{""lat"":37.475767,""lon"":126.982185,""alt"":15},""targetSpeed"":10,""seq"":2}","{""phase"":""C"",""startLLA"":{""lat"":37.475767,""lon"":126.982185,""alt"":15},""endLLA"":{""lat"":37.480647,""lon"":126.970008,""alt"":100},""targetSpeed"":36,""seq"":3}","{""phase"":""E"",""startLLA"":{""lat"":37.480647,""lon"":126.970008,""alt"":100},""endLLA"":{""lat"":37.492877,""lon"":126.93949,""alt"":275.49},""targetSpeed"":51.4,""seq"":4}","{""phase"":""E"",""startLLA"":{""lat"":37.492877,""lon"":126.93949,""alt"":275.49},""endLLA"":{""lat"":37.495961,""lon"":126.935252,""alt"":305},""targetSpeed"":51.4,""seq"":5}","{""phase"":""F"",""startLLA"":{""lat"":37.495961,""lon"":126.935252,""alt"":305},""endLLA"":{""lat"":37.515965,""lon"":126.907756,""alt"":305},""targetSpeed"":51.4,""seq"":6}","{""phase"":""F"",""startLLA"":{""lat"":37.515965,""lon"":126.907756,""alt"":305},""endLLA"":{""lat"":37.524062,""lon"":126.906137,""alt"":305},""targetSpeed"":51.4,""seq"":7}","{""phase"":""G"",""startLLA"":{""lat"":37.524062,""lon"":126.906137,""alt"":305},""endLLA"":{""lat"":37.542307,""lon"":126.90249,""alt"":185.51},""targetSpeed"":36,""seq"":8}","{""phase"":""G"",""startLLA"":{""lat"":37.542307,""lon"":126.90249,""alt"":185.51},""endLLA"":{""lat"":37.55418,""lon"":126.895159,""alt"":100},""targetSpeed"":36,""seq"":9}","{""phase"":""I"",""startLLA"":{""lat"":37.55418,""lon"":126.895159,""alt"":100},""endLLA"":{""lat"":37.562282,""lon"":126.890156,""alt"":15},""targetSpeed"":30,""seq"":10}","{""phase"":""J"",""startLLA"":{""lat"":37.562282,""lon"":126.890156,""alt"":15},""endLLA"":{""lat"":37.562282,""lon"":126.890156,""alt"":0},""targetSpeed"":10,""seq"":11}","{""phase"":""K"",""startLLA"":{""lat"":37.562282,""lon"":126.890156,""alt"":0},""endLLA"":{""lat"":37.562282,""lon"":126.890156,""alt"":0},""targetSpeed"":3,""seq"":12}",,,,,,,,,
b4a2894cba5c,2026-06-20,FPL0817018,UAM0135,a8,8,3,0.375,사당,사당,수서,수서,20,gate-3,fato-2,gate-3,fato-3,20:47:36,20:56:06,21:05:36,21:12:56,21:22:56,510,570,440,1520,0,283.13,ready,사당 > 경부고속도로 양재천 다리 > 수서,10.7285,10,"{""phase"":""A"",""startLLA"":{""lat"":37.475767,""lon"":126.982185,""alt"":0},""endLLA"":{""lat"":37.475767,""lon"":126.982185,""alt"":0},""targetSpeed"":3,""seq"":1}","{""phase"":""B"",""startLLA"":{""lat"":37.475767,""lon"":126.982185,""alt"":0},""endLLA"":{""lat"":37.475767,""lon"":126.982185,""alt"":15},""targetSpeed"":10,""seq"":2}","{""phase"":""C"",""startLLA"":{""lat"":37.475767,""lon"":126.982185,""alt"":15},""endLLA"":{""lat"":37.47463,""lon"":126.995757,""alt"":100},""targetSpeed"":36,""seq"":3}","{""phase"":""E"",""startLLA"":{""lat"":37.47463,""lon"":126.995757,""alt"":100},""endLLA"":{""lat"":37.471593,""lon"":127.032031,""alt"":287.14},""targetSpeed"":51.4,""seq"":4}","{""phase"":""E"",""startLLA"":{""lat"":37.471593,""lon"":127.032031,""alt"":287.14},""endLLA"":{""lat"":37.472365,""lon"":127.035373,""alt"":305},""targetSpeed"":51.4,""seq"":5}","{""phase"":""F"",""startLLA"":{""lat"":37.472365,""lon"":127.035373,""alt"":305},""endLLA"":{""lat"":37.476051,""lon"":127.051318,""alt"":305},""targetSpeed"":51.4,""seq"":6}","{""phase"":""G"",""startLLA"":{""lat"":37.476051,""lon"":127.051318,""alt"":305},""endLLA"":{""lat"":37.484917,""lon"":127.089683,""alt"":100},""targetSpeed"":36,""seq"":7}","{""phase"":""I"",""startLLA"":{""lat"":37.484917,""lon"":127.089683,""alt"":100},""endLLA"":{""lat"":37.487441,""lon"":127.100603,""alt"":15},""targetSpeed"":30,""seq"":8}","{""phase"":""J"",""startLLA"":{""lat"":37.487441,""lon"":127.100603,""alt"":15},""endLLA"":{""lat"":37.487441,""lon"":127.100603,""alt"":0},""targetSpeed"":10,""seq"":9}","{""phase"":""K"",""startLLA"":{""lat"":37.487441,""lon"":127.100603,""alt"":0},""endLLA"":{""lat"":37.487441,""lon"":127.100603,""alt"":0},""targetSpeed"":3,""seq"":10}",,,,,,,,,,,
b4a2894cba5c,2026-06-20,FPL0816014,UAM0083,a4,4,2,0.5,사당,사당,망우,망우,20,gate-7,fato-1,,,20:50:37,21:00:26,,,,589.72,0,0,0,79.72,0,analysis_timeout,사당 > 경부고속도로 양재천 다리 > 대치교 > 청담대교 중간지점 > 건대입구 > 망우,20.4833,13,"{""phase"":""A"",""startLLA"":{""lat"":37.475767,""lon"":126.982185,""alt"":0},""endLLA"":{""lat"":37.475767,""lon"":126.982185,""alt"":0},""targetSpeed"":3,""seq"":1}","{""phase"":""B"",""startLLA"":{""lat"":37.475767,""lon"":126.982185,""alt"":0},""endLLA"":{""lat"":37.475767,""lon"":126.982185,""alt"":15},""targetSpeed"":10,""seq"":2}","{""phase"":""C"",""startLLA"":{""lat"":37.475767,""lon"":126.982185,""alt"":15},""endLLA"":{""lat"":37.474631,""lon"":126.99575,""alt"":100},""targetSpeed"":36,""seq"":3}","{""phase"":""E"",""startLLA"":{""lat"":37.474631,""lon"":126.99575,""alt"":100},""endLLA"":{""lat"":37.471593,""lon"":127.032031,""alt"":287.28},""targetSpeed"":51.4,""seq"":4}","{""phase"":""E"",""startLLA"":{""lat"":37.471593,""lon"":127.032031,""alt"":287.28},""endLLA"":{""lat"":37.473287,""lon"":127.034744,""alt"":305},""targetSpeed"":51.4,""seq"":5}","{""phase"":""F"",""startLLA"":{""lat"":37.473287,""lon"":127.034744,""alt"":305},""endLLA"":{""lat"":37.497702,""lon"":127.073855,""alt"":305},""targetSpeed"":51.4,""seq"":6}","{""phase"":""F"",""startLLA"":{""lat"":37.497702,""lon"":127.073855,""alt"":305},""endLLA"":{""lat"":37.526451,""lon"":127.064361,""alt"":305},""targetSpeed"":51.4,""seq"":7}","{""phase"":""F"",""startLLA"":{""lat"":37.526451,""lon"":127.064361,""alt"":305},""endLLA"":{""lat"":37.540426,""lon"":127.069298,""alt"":305},""targetSpeed"":51.4,""seq"":8}","{""phase"":""F"",""startLLA"":{""lat"":37.540426,""lon"":127.069298,""alt"":305},""endLLA"":{""lat"":37.557141,""lon"":127.073901,""alt"":305},""targetSpeed"":51.4,""seq"":9}","{""phase"":""G"",""startLLA"":{""lat"":37.557141,""lon"":127.073901,""alt"":305},""endLLA"":{""lat"":37.588105,""lon"":127.082427,""alt"":100},""targetSpeed"":36,""seq"":10}","{""phase"":""I"",""startLLA"":{""lat"":37.588105,""lon"":127.082427,""alt"":100},""endLLA"":{""lat"":37.596919,""lon"":127.084854,""alt"":15},""targetSpeed"":30,""seq"":11}","{""phase"":""J"",""startLLA"":{""lat"":37.596919,""lon"":127.084854,""alt"":15},""endLLA"":{""lat"":37.596919,""lon"":127.084854,""alt"":0},""targetSpeed"":10,""seq"":12}","{""phase"":""K"",""startLLA"":{""lat"":37.596919,""lon"":127.084854,""alt"":0},""endLLA"":{""lat"":37.596919,""lon"":127.084854,""alt"":0},""targetSpeed"":3,""seq"":13}",,,,,,,,
b4a2894cba5c,2026-06-20,FPL0811022,UAM0021,a6,6,2,0.3333,사당,사당,천호,천호,20,gate-4,fato-2,gate-8,fato-3,20:51:56,21:02:06,21:09:19,21:16:09,21:26:09,610,433.41,410,1453.41,70,0,ready,사당 > 경부고속도로 양재천 다리 > 대치교 > 청담대교 중간지점 > 잠실대교 중간지점 > 천호,18.2608,13,"{""phase"":""A"",""startLLA"":{""lat"":37.475767,""lon"":126.982185,""alt"":0},""endLLA"":{""lat"":37.475767,""lon"":126.982185,""alt"":0},""targetSpeed"":3,""seq"":1}","{""phase"":""B"",""startLLA"":{""lat"":37.475767,""lon"":126.982185,""alt"":0},""endLLA"":{""lat"":37.475767,""lon"":126.982185,""alt"":15},""targetSpeed"":10,""seq"":2}","{""phase"":""C"",""startLLA"":{""lat"":37.475767,""lon"":126.982185,""alt"":15},""endLLA"":{""lat"":37.474631,""lon"":126.995751,""alt"":100},""targetSpeed"":36,""seq"":3}","{""phase"":""E"",""startLLA"":{""lat"":37.474631,""lon"":126.995751,""alt"":100},""endLLA"":{""lat"":37.471593,""lon"":127.032031,""alt"":287.26},""targetSpeed"":51.4,""seq"":4}","{""phase"":""E"",""startLLA"":{""lat"":37.471593,""lon"":127.032031,""alt"":287.26},""endLLA"":{""lat"":37.473289,""lon"":127.034748,""alt"":305},""targetSpeed"":51.4,""seq"":5}","{""phase"":""F"",""startLLA"":{""lat"":37.473289,""lon"":127.034748,""alt"":305},""endLLA"":{""lat"":37.497702,""lon"":127.073855,""alt"":305},""targetSpeed"":51.4,""seq"":6}","{""phase"":""F"",""startLLA"":{""lat"":37.497702,""lon"":127.073855,""alt"":305},""endLLA"":{""lat"":37.526451,""lon"":127.064361,""alt"":305},""targetSpeed"":51.4,""seq"":7}","{""phase"":""F"",""startLLA"":{""lat"":37.526451,""lon"":127.064361,""alt"":305},""endLLA"":{""lat"":37.525291,""lon"":127.078991,""alt"":305},""targetSpeed"":51.4,""seq"":8}","{""phase"":""G"",""startLLA"":{""lat"":37.525291,""lon"":127.078991,""alt"":305},""endLLA"":{""lat"":37.524288,""lon"":127.091639,""alt"":239.8},""targetSpeed"":36,""seq"":9}","{""phase"":""G"",""startLLA"":{""lat"":37.524288,""lon"":127.091639,""alt"":239.8},""endLLA"":{""lat"":37.539418,""lon"":127.111105,""alt"":100},""targetSpeed"":36,""seq"":10}","{""phase"":""I"",""startLLA"":{""lat"":37.539418,""lon"":127.111105,""alt"":100},""endLLA"":{""lat"":37.545733,""lon"":127.11923,""alt"":15},""targetSpeed"":30,""seq"":11}","{""phase"":""J"",""startLLA"":{""lat"":37.545733,""lon"":127.11923,""alt"":15},""endLLA"":{""lat"":37.545733,""lon"":127.11923,""alt"":0},""targetSpeed"":10,""seq"":12}","{""phase"":""K"",""startLLA"":{""lat"":37.545733,""lon"":127.11923,""alt"":0},""endLLA"":{""lat"":37.545733,""lon"":127.11923,""alt"":0},""targetSpeed"":3,""seq"":13}",,,,,,,,
b4a2894cba5c,2026-06-20,FPL0810015,UAM0045,a6,6,1,0.1667,사당,사당,연신내,연신내,20,gate-2,fato-1,gate-7,fato-3,20:57:37,21:06:26,21:14:24,21:21:44,21:31:44,529.72,477.34,440,1447.06,49.72,0,ready,사당 > 180고지 > 영등포 > 선유도 17고지 > 성산대교 중간지점 > 수색교 > 연신내,20.5191,14,"{""phase"":""A"",""startLLA"":{""lat"":37.475767,""lon"":126.982185,""alt"":0},""endLLA"":{""lat"":37.475767,""lon"":126.982185,""alt"":0},""targetSpeed"":3,""seq"":1}","{""phase"":""B"",""startLLA"":{""lat"":37.475767,""lon"":126.982185,""alt"":0},""endLLA"":{""lat"":37.475767,""lon"":126.982185,""alt"":15},""targetSpeed"":10,""seq"":2}","{""phase"":""C"",""startLLA"":{""lat"":37.475767,""lon"":126.982185,""alt"":15},""endLLA"":{""lat"":37.480646,""lon"":126.97001,""alt"":100},""targetSpeed"":36,""seq"":3}","{""phase"":""E"",""startLLA"":{""lat"":37.480646,""lon"":126.97001,""alt"":100},""endLLA"":{""lat"":37.492877,""lon"":126.93949,""alt"":275.53},""targetSpeed"":51.4,""seq"":4}","{""phase"":""E"",""startLLA"":{""lat"":37.492877,""lon"":126.93949,""alt"":275.53},""endLLA"":{""lat"":37.495955,""lon"":126.935259,""alt"":305},""targetSpeed"":51.4,""seq"":5}","{""phase"":""F"",""startLLA"":{""lat"":37.495955,""lon"":126.935259,""alt"":305},""endLLA"":{""lat"":37.515965,""lon"":126.907756,""alt"":305},""targetSpeed"":51.4,""seq"":6}","{""phase"":""F"",""startLLA"":{""lat"":37.515965,""lon"":126.907756,""alt"":305},""endLLA"":{""lat"":37.542307,""lon"":126.90249,""alt"":305},""targetSpeed"":51.4,""seq"":7}","{""phase"":""F"",""startLLA"":{""lat"":37.542307,""lon"":126.90249,""alt"":305},""endLLA"":{""lat"":37.552574,""lon"":126.891431,""alt"":305},""targetSpeed"":51.4,""seq"":8}","{""phase"":""F"",""startLLA"":{""lat"":37.552574,""lon"":126.891431,""alt"":305},""endLLA"":{""lat"":37.583699,""lon"":126.886697,""alt"":305},""targetSpeed"":51.4,""seq"":9}","{""phase"":""G"",""startLLA"":{""lat"":37.583699,""lon"":126.886697,""alt"":305},""endLLA"":{""lat"":37.586283,""lon"":126.886304,""alt"":288.16},""targetSpeed"":36,""seq"":10}","{""phase"":""G"",""startLLA"":{""lat"":37.586283,""lon"":126.886304,""alt"":288.16},""endLLA"":{""lat"":37.60526,""lon"":126.914121,""alt"":100},""targetSpeed"":36,""seq"":11}","{""phase"":""I"",""startLLA"":{""lat"":37.60526,""lon"":126.914121,""alt"":100},""endLLA"":{""lat"":37.611145,""lon"":126.922747,""alt"":15},""targetSpeed"":30,""seq"":12}","{""phase"":""J"",""startLLA"":{""lat"":37.611145,""lon"":126.922747,""alt"":15},""endLLA"":{""lat"":37.611145,""lon"":126.922747,""alt"":0},""targetSpeed"":10,""seq"":13}","{""phase"":""K"",""startLLA"":{""lat"":37.611145,""lon"":126.922747,""alt"":0},""endLLA"":{""lat"":37.611145,""lon"":126.922747,""alt"":0},""targetSpeed"":3,""seq"":14}",,,,,,,
b4a2894cba5c,2026-06-20,FPL0805022,UAM0057,a2,2,2,1,사당,사당,목동,목동,21,gate-8,fato-1,gate-4,fato-3,21:06:09,21:15:09,21:21:19,21:28:09,21:38:09,540,370.99,410,1320.99,0,78.14,ready,사당 > 180고지 > 영등포 > 목동,11.0358,11,"{""phase"":""A"",""startLLA"":{""lat"":37.475767,""lon"":126.982185,""alt"":0},""endLLA"":{""lat"":37.475767,""lon"":126.982185,""alt"":0},""targetSpeed"":3,""seq"":1}","{""phase"":""B"",""startLLA"":{""lat"":37.475767,""lon"":126.982185,""alt"":0},""endLLA"":{""lat"":37.475767,""lon"":126.982185,""alt"":15},""targetSpeed"":10,""seq"":2}","{""phase"":""C"",""startLLA"":{""lat"":37.475767,""lon"":126.982185,""alt"":15},""endLLA"":{""lat"":37.480648,""lon"":126.970006,""alt"":100},""targetSpeed"":36,""seq"":3}","{""phase"":""E"",""startLLA"":{""lat"":37.480648,""lon"":126.970006,""alt"":100},""endLLA"":{""lat"":37.492877,""lon"":126.93949,""alt"":275.46},""targetSpeed"":51.4,""seq"":4}","{""phase"":""E"",""startLLA"":{""lat"":37.492877,""lon"":126.93949,""alt"":275.46},""endLLA"":{""lat"":37.495964,""lon"":126.935246,""alt"":305},""targetSpeed"":51.4,""seq"":5}","{""phase"":""F"",""startLLA"":{""lat"":37.495964,""lon"":126.935246,""alt"":305},""endLLA"":{""lat"":37.506735,""lon"":126.920442,""alt"":305},""targetSpeed"":51.4,""seq"":6}","{""phase"":""G"",""startLLA"":{""lat"":37.506735,""lon"":126.920442,""alt"":305},""endLLA"":{""lat"":37.515965,""lon"":126.907756,""alt"":216.68},""targetSpeed"":36,""seq"":7}","{""phase"":""G"",""startLLA"":{""lat"":37.515965,""lon"":126.907756,""alt"":216.68},""endLLA"":{""lat"":37.522883,""lon"":126.886749,""alt"":100},""targetSpeed"":36,""seq"":8}","{""phase"":""I"",""startLLA"":{""lat"":37.522883,""lon"":126.886749,""alt"":100},""endLLA"":{""lat"":37.526343,""lon"":126.876243,""alt"":15},""targetSpeed"":30,""seq"":9}","{""phase"":""J"",""startLLA"":{""lat"":37.526343,""lon"":126.876243,""alt"":15},""endLLA"":{""lat"":37.526343,""lon"":126.876243,""alt"":0},""targetSpeed"":10,""seq"":10}","{""phase"":""K"",""startLLA"":{""lat"":37.526343,""lon"":126.876243,""alt"":0},""endLLA"":{""lat"":37.526343,""lon"":126.876243,""alt"":0},""targetSpeed"":3,""seq"":11}",,,,,,,,,,
b4a2894cba5c,2026-06-20,FPL0811023,UAM0001,a2,2,2,1,사당,사당,천호,천호,21,gate-4,fato-1,gate-2,fato-4,21:16:18,21:25:18,21:33:34,21:41:24,21:51:24,540,496.41,470,1506.41,0,63,ready,사당 > 경부고속도로 양재천 다리 > 대치교 > 청담대교 중간지점 > 잠실대교 중간지점 > 천호,18.2608,13,"{""phase"":""A"",""startLLA"":{""lat"":37.475767,""lon"":126.982185,""alt"":0},""endLLA"":{""lat"":37.475767,""lon"":126.982185,""alt"":0},""targetSpeed"":3,""seq"":1}","{""phase"":""B"",""startLLA"":{""lat"":37.475767,""lon"":126.982185,""alt"":0},""endLLA"":{""lat"":37.475767,""lon"":126.982185,""alt"":15},""targetSpeed"":10,""seq"":2}","{""phase"":""C"",""startLLA"":{""lat"":37.475767,""lon"":126.982185,""alt"":15},""endLLA"":{""lat"":37.474631,""lon"":126.995751,""alt"":100},""targetSpeed"":36,""seq"":3}","{""phase"":""E"",""startLLA"":{""lat"":37.474631,""lon"":126.995751,""alt"":100},""endLLA"":{""lat"":37.471593,""lon"":127.032031,""alt"":287.26},""targetSpeed"":51.4,""seq"":4}","{""phase"":""E"",""startLLA"":{""lat"":37.471593,""lon"":127.032031,""alt"":287.26},""endLLA"":{""lat"":37.473289,""lon"":127.034748,""alt"":305},""targetSpeed"":51.4,""seq"":5}","{""phase"":""F"",""startLLA"":{""lat"":37.473289,""lon"":127.034748,""alt"":305},""endLLA"":{""lat"":37.497702,""lon"":127.073855,""alt"":305},""targetSpeed"":51.4,""seq"":6}","{""phase"":""F"",""startLLA"":{""lat"":37.497702,""lon"":127.073855,""alt"":305},""endLLA"":{""lat"":37.526451,""lon"":127.064361,""alt"":305},""targetSpeed"":51.4,""seq"":7}","{""phase"":""F"",""startLLA"":{""lat"":37.526451,""lon"":127.064361,""alt"":305},""endLLA"":{""lat"":37.525291,""lon"":127.078991,""alt"":305},""targetSpeed"":51.4,""seq"":8}","{""phase"":""G"",""startLLA"":{""lat"":37.525291,""lon"":127.078991,""alt"":305},""endLLA"":{""lat"":37.524288,""lon"":127.091639,""alt"":239.8},""targetSpeed"":36,""seq"":9}","{""phase"":""G"",""startLLA"":{""lat"":37.524288,""lon"":127.091639,""alt"":239.8},""endLLA"":{""lat"":37.539418,""lon"":127.111105,""alt"":100},""targetSpeed"":36,""seq"":10}","{""phase"":""I"",""startLLA"":{""lat"":37.539418,""lon"":127.111105,""alt"":100},""endLLA"":{""lat"":37.545733,""lon"":127.11923,""alt"":15},""targetSpeed"":30,""seq"":11}","{""phase"":""J"",""startLLA"":{""lat"":37.545733,""lon"":127.11923,""alt"":15},""endLLA"":{""lat"":37.545733,""lon"":127.11923,""alt"":0},""targetSpeed"":10,""seq"":12}","{""phase"":""K"",""startLLA"":{""lat"":37.545733,""lon"":127.11923,""alt"":0},""endLLA"":{""lat"":37.545733,""lon"":127.11923,""alt"":0},""targetSpeed"":3,""seq"":13}",,,,,,,,
b4a2894cba5c,2026-06-20,FPL0817019,UAM0060,a4,4,2,0.5,사당,사당,수서,수서,21,gate-3,fato-2,gate-7,fato-3,21:20:27,21:28:57,21:33:43,21:41:03,21:51:03,510,286.87,440,1236.87,0,0,ready,사당 > 경부고속도로 양재천 다리 > 수서,10.7285,10,"{""phase"":""A"",""startLLA"":{""lat"":37.475767,""lon"":126.982185,""alt"":0},""endLLA"":{""lat"":37.475767,""lon"":126.982185,""alt"":0},""targetSpeed"":3,""seq"":1}","{""phase"":""B"",""startLLA"":{""lat"":37.475767,""lon"":126.982185,""alt"":0},""endLLA"":{""lat"":37.475767,""lon"":126.982185,""alt"":15},""targetSpeed"":10,""seq"":2}","{""phase"":""C"",""startLLA"":{""lat"":37.475767,""lon"":126.982185,""alt"":15},""endLLA"":{""lat"":37.47463,""lon"":126.995757,""alt"":100},""targetSpeed"":36,""seq"":3}","{""phase"":""E"",""startLLA"":{""lat"":37.47463,""lon"":126.995757,""alt"":100},""endLLA"":{""lat"":37.471593,""lon"":127.032031,""alt"":287.14},""targetSpeed"":51.4,""seq"":4}","{""phase"":""E"",""startLLA"":{""lat"":37.471593,""lon"":127.032031,""alt"":287.14},""endLLA"":{""lat"":37.472365,""lon"":127.035373,""alt"":305},""targetSpeed"":51.4,""seq"":5}","{""phase"":""F"",""startLLA"":{""lat"":37.472365,""lon"":127.035373,""alt"":305},""endLLA"":{""lat"":37.476051,""lon"":127.051318,""alt"":305},""targetSpeed"":51.4,""seq"":6}","{""phase"":""G"",""startLLA"":{""lat"":37.476051,""lon"":127.051318,""alt"":305},""endLLA"":{""lat"":37.484917,""lon"":127.089683,""alt"":100},""targetSpeed"":36,""seq"":7}","{""phase"":""I"",""startLLA"":{""lat"":37.484917,""lon"":127.089683,""alt"":100},""endLLA"":{""lat"":37.487441,""lon"":127.100603,""alt"":15},""targetSpeed"":30,""seq"":8}","{""phase"":""J"",""startLLA"":{""lat"":37.487441,""lon"":127.100603,""alt"":15},""endLLA"":{""lat"":37.487441,""lon"":127.100603,""alt"":0},""targetSpeed"":10,""seq"":9}","{""phase"":""K"",""startLLA"":{""lat"":37.487441,""lon"":127.100603,""alt"":0},""endLLA"":{""lat"":37.487441,""lon"":127.100603,""alt"":0},""targetSpeed"":3,""seq"":10}",,,,,,,,,,,
