scenario_id,scenario_date,fpl_id,aircraft_id,aircraft_type,capacity,passenger_count,load_factor,origin_vertiport_id,origin_vertiport,destination_vertiport_id,destination_vertiport,demand_hour,departure_gate_id,departure_fato_id,arrival_gate_id,arrival_fato_id,gate_out_time,takeoff_time,landing_time,gate_in_time,ready_time,gate_to_takeoff_sec,air_time_sec,landing_to_gate_sec,gate_to_gate_sec,departure_wait_sec,arrival_wait_sec,status,route_path,route_distance_km,segment_count,segment_001,segment_002,segment_003,segment_004,segment_005,segment_006,segment_007,segment_008,segment_009,segment_010,segment_011,segment_012,segment_013,segment_014,segment_015,segment_016,segment_017,segment_018,segment_019,segment_020,segment_021
98f166edc22f,2026-07-11,FPL0709001,UAM0049,a2,2,2,1,봉천,봉천,성수,성수,6,G1,F1,G8,F4,06:30:00,06:36:55,06:43:51,06:50:41,07:00:41,415.71,415.34,410,1241.06,0,0,ready,봉천 > 채석장 > 경부고속도로 양재천 다리 > 대치교 > 청담대교 중간지점 > 성수,18.5804,13,"{""phase"":""A"",""startLLA"":{""lat"":37.482832,""lon"":126.942245,""alt"":0},""endLLA"":{""lat"":37.482832,""lon"":126.942245,""alt"":0},""targetSpeed"":3,""seq"":1}","{""phase"":""B"",""startLLA"":{""lat"":37.482832,""lon"":126.942245,""alt"":0},""endLLA"":{""lat"":37.482832,""lon"":126.942245,""alt"":15},""targetSpeed"":10,""seq"":2}","{""phase"":""C"",""startLLA"":{""lat"":37.482832,""lon"":126.942245,""alt"":15},""endLLA"":{""lat"":37.479397,""lon"":126.955184,""alt"":100},""targetSpeed"":36,""seq"":3}","{""phase"":""E"",""startLLA"":{""lat"":37.479397,""lon"":126.955184,""alt"":100},""endLLA"":{""lat"":37.471285,""lon"":126.985745,""alt"":265.38},""targetSpeed"":51.4,""seq"":4}","{""phase"":""E"",""startLLA"":{""lat"":37.471285,""lon"":126.985745,""alt"":265.38},""endLLA"":{""lat"":37.471336,""lon"":126.993464,""alt"":305},""targetSpeed"":51.4,""seq"":5}","{""phase"":""F"",""startLLA"":{""lat"":37.471336,""lon"":126.993464,""alt"":305},""endLLA"":{""lat"":37.471593,""lon"":127.032031,""alt"":305},""targetSpeed"":51.4,""seq"":6}","{""phase"":""F"",""startLLA"":{""lat"":37.471593,""lon"":127.032031,""alt"":305},""endLLA"":{""lat"":37.497702,""lon"":127.073855,""alt"":305},""targetSpeed"":51.4,""seq"":7}","{""phase"":""F"",""startLLA"":{""lat"":37.497702,""lon"":127.073855,""alt"":305},""endLLA"":{""lat"":37.508255,""lon"":127.07037,""alt"":305},""targetSpeed"":51.4,""seq"":8}","{""phase"":""G"",""startLLA"":{""lat"":37.508255,""lon"":127.07037,""alt"":305},""endLLA"":{""lat"":37.526451,""lon"":127.064361,""alt"":183.36},""targetSpeed"":36,""seq"":9}","{""phase"":""G"",""startLLA"":{""lat"":37.526451,""lon"":127.064361,""alt"":183.36},""endLLA"":{""lat"":37.533784,""lon"":127.050993,""alt"":100},""targetSpeed"":36,""seq"":10}","{""phase"":""I"",""startLLA"":{""lat"":37.533784,""lon"":127.050993,""alt"":100},""endLLA"":{""lat"":37.538917,""lon"":127.041635,""alt"":15},""targetSpeed"":30,""seq"":11}","{""phase"":""J"",""startLLA"":{""lat"":37.538917,""lon"":127.041635,""alt"":15},""endLLA"":{""lat"":37.538917,""lon"":127.041635,""alt"":0},""targetSpeed"":10,""seq"":12}","{""phase"":""K"",""startLLA"":{""lat"":37.538917,""lon"":127.041635,""alt"":0},""endLLA"":{""lat"":37.538917,""lon"":127.041635,""alt"":0},""targetSpeed"":3,""seq"":13}",,,,,,,,
98f166edc22f,2026-07-11,FPL0715001,UAM0050,a2,2,2,1,봉천,봉천,마곡,마곡,6,G2,F2,G4,F3,06:30:00,06:37:35,06:44:25,06:51:15,07:01:15,455.71,409.37,410,1275.08,10,0,ready,봉천 > 영등포 > 목동교 > 염창교 > 가양대교 남단 > 마곡,18.2733,13,"{""phase"":""A"",""startLLA"":{""lat"":37.482832,""lon"":126.942245,""alt"":0},""endLLA"":{""lat"":37.482832,""lon"":126.942245,""alt"":0},""targetSpeed"":3,""seq"":1}","{""phase"":""B"",""startLLA"":{""lat"":37.482832,""lon"":126.942245,""alt"":0},""endLLA"":{""lat"":37.482832,""lon"":126.942245,""alt"":15},""targetSpeed"":10,""seq"":2}","{""phase"":""C"",""startLLA"":{""lat"":37.482832,""lon"":126.942245,""alt"":15},""endLLA"":{""lat"":37.491176,""lon"":126.933559,""alt"":100},""targetSpeed"":36,""seq"":3}","{""phase"":""E"",""startLLA"":{""lat"":37.491176,""lon"":126.933559,""alt"":100},""endLLA"":{""lat"":37.515605,""lon"":126.908131,""alt"":305},""targetSpeed"":51.4,""seq"":4}","{""phase"":""F"",""startLLA"":{""lat"":37.515605,""lon"":126.908131,""alt"":305},""endLLA"":{""lat"":37.515965,""lon"":126.907756,""alt"":305},""targetSpeed"":51.4,""seq"":5}","{""phase"":""F"",""startLLA"":{""lat"":37.515965,""lon"":126.907756,""alt"":305},""endLLA"":{""lat"":37.530667,""lon"":126.888262,""alt"":305},""targetSpeed"":51.4,""seq"":6}","{""phase"":""F"",""startLLA"":{""lat"":37.530667,""lon"":126.888262,""alt"":305},""endLLA"":{""lat"":37.553824,""lon"":126.875819,""alt"":305},""targetSpeed"":51.4,""seq"":7}","{""phase"":""F"",""startLLA"":{""lat"":37.553824,""lon"":126.875819,""alt"":305},""endLLA"":{""lat"":37.569391,""lon"":126.861026,""alt"":305},""targetSpeed"":51.4,""seq"":8}","{""phase"":""F"",""startLLA"":{""lat"":37.569391,""lon"":126.861026,""alt"":305},""endLLA"":{""lat"":37.567854,""lon"":126.842862,""alt"":305},""targetSpeed"":51.4,""seq"":9}","{""phase"":""G"",""startLLA"":{""lat"":37.567854,""lon"":126.842862,""alt"":305},""endLLA"":{""lat"":37.564492,""lon"":126.803118,""alt"":100},""targetSpeed"":36,""seq"":10}","{""phase"":""I"",""startLLA"":{""lat"":37.564492,""lon"":126.803118,""alt"":100},""endLLA"":{""lat"":37.563535,""lon"":126.791805,""alt"":15},""targetSpeed"":30,""seq"":11}","{""phase"":""J"",""startLLA"":{""lat"":37.563535,""lon"":126.791805,""alt"":15},""endLLA"":{""lat"":37.563535,""lon"":126.791805,""alt"":0},""targetSpeed"":10,""seq"":12}","{""phase"":""K"",""startLLA"":{""lat"":37.563535,""lon"":126.791805,""alt"":0},""endLLA"":{""lat"":37.563535,""lon"":126.791805,""alt"":0},""targetSpeed"":3,""seq"":13}",,,,,,,,
98f166edc22f,2026-07-11,FPL0716001,UAM0051,a4,4,3,0.75,봉천,봉천,망우,망우,6,G3,F1,G6,F4,06:30:00,06:42:21,06:54:23,07:02:35,07:12:35,741.43,722.44,491.43,1955.3,265.71,219.32,ready,봉천 > 채석장 > 경부고속도로 양재천 다리 > 대치교 > 청담대교 중간지점 > 건대입구 > 망우,24.1938,14,"{""phase"":""A"",""startLLA"":{""lat"":37.482832,""lon"":126.942245,""alt"":0},""endLLA"":{""lat"":37.482832,""lon"":126.942245,""alt"":0},""targetSpeed"":3,""seq"":1}","{""phase"":""B"",""startLLA"":{""lat"":37.482832,""lon"":126.942245,""alt"":0},""endLLA"":{""lat"":37.482832,""lon"":126.942245,""alt"":15},""targetSpeed"":10,""seq"":2}","{""phase"":""C"",""startLLA"":{""lat"":37.482832,""lon"":126.942245,""alt"":15},""endLLA"":{""lat"":37.479398,""lon"":126.955183,""alt"":100},""targetSpeed"":36,""seq"":3}","{""phase"":""E"",""startLLA"":{""lat"":37.479398,""lon"":126.955183,""alt"":100},""endLLA"":{""lat"":37.471285,""lon"":126.985745,""alt"":265.41},""targetSpeed"":51.4,""seq"":4}","{""phase"":""E"",""startLLA"":{""lat"":37.471285,""lon"":126.985745,""alt"":265.41},""endLLA"":{""lat"":37.471336,""lon"":126.993456,""alt"":305},""targetSpeed"":51.4,""seq"":5}","{""phase"":""F"",""startLLA"":{""lat"":37.471336,""lon"":126.993456,""alt"":305},""endLLA"":{""lat"":37.471593,""lon"":127.032031,""alt"":305},""targetSpeed"":51.4,""seq"":6}","{""phase"":""F"",""startLLA"":{""lat"":37.471593,""lon"":127.032031,""alt"":305},""endLLA"":{""lat"":37.497702,""lon"":127.073855,""alt"":305},""targetSpeed"":51.4,""seq"":7}","{""phase"":""F"",""startLLA"":{""lat"":37.497702,""lon"":127.073855,""alt"":305},""endLLA"":{""lat"":37.526451,""lon"":127.064361,""alt"":305},""targetSpeed"":51.4,""seq"":8}","{""phase"":""F"",""startLLA"":{""lat"":37.526451,""lon"":127.064361,""alt"":305},""endLLA"":{""lat"":37.540426,""lon"":127.069298,""alt"":305},""targetSpeed"":51.4,""seq"":9}","{""phase"":""F"",""startLLA"":{""lat"":37.540426,""lon"":127.069298,""alt"":305},""endLLA"":{""lat"":37.557138,""lon"":127.0739,""alt"":305},""targetSpeed"":51.4,""seq"":10}","{""phase"":""G"",""startLLA"":{""lat"":37.557138,""lon"":127.0739,""alt"":305},""endLLA"":{""lat"":37.588105,""lon"":127.082427,""alt"":100},""targetSpeed"":36,""seq"":11}","{""phase"":""I"",""startLLA"":{""lat"":37.588105,""lon"":127.082427,""alt"":100},""endLLA"":{""lat"":37.596919,""lon"":127.084854,""alt"":15},""targetSpeed"":30,""seq"":12}","{""phase"":""J"",""startLLA"":{""lat"":37.596919,""lon"":127.084854,""alt"":15},""endLLA"":{""lat"":37.596919,""lon"":127.084854,""alt"":0},""targetSpeed"":10,""seq"":13}","{""phase"":""K"",""startLLA"":{""lat"":37.596919,""lon"":127.084854,""alt"":0},""endLLA"":{""lat"":37.596919,""lon"":127.084854,""alt"":0},""targetSpeed"":3,""seq"":14}",,,,,,,
98f166edc22f,2026-07-11,FPL0709002,UAM0052,a4,4,3,0.75,봉천,봉천,성수,성수,6,G4,F2,G2,F3,06:30:00,06:43:01,06:51:02,06:58:52,07:08:52,781.43,480.65,470,1732.08,275.71,65.31,ready,봉천 > 채석장 > 경부고속도로 양재천 다리 > 대치교 > 청담대교 중간지점 > 성수,18.5804,13,"{""phase"":""A"",""startLLA"":{""lat"":37.482832,""lon"":126.942245,""alt"":0},""endLLA"":{""lat"":37.482832,""lon"":126.942245,""alt"":0},""targetSpeed"":3,""seq"":1}","{""phase"":""B"",""startLLA"":{""lat"":37.482832,""lon"":126.942245,""alt"":0},""endLLA"":{""lat"":37.482832,""lon"":126.942245,""alt"":15},""targetSpeed"":10,""seq"":2}","{""phase"":""C"",""startLLA"":{""lat"":37.482832,""lon"":126.942245,""alt"":15},""endLLA"":{""lat"":37.479397,""lon"":126.955184,""alt"":100},""targetSpeed"":36,""seq"":3}","{""phase"":""E"",""startLLA"":{""lat"":37.479397,""lon"":126.955184,""alt"":100},""endLLA"":{""lat"":37.471285,""lon"":126.985745,""alt"":265.38},""targetSpeed"":51.4,""seq"":4}","{""phase"":""E"",""startLLA"":{""lat"":37.471285,""lon"":126.985745,""alt"":265.38},""endLLA"":{""lat"":37.471336,""lon"":126.993464,""alt"":305},""targetSpeed"":51.4,""seq"":5}","{""phase"":""F"",""startLLA"":{""lat"":37.471336,""lon"":126.993464,""alt"":305},""endLLA"":{""lat"":37.471593,""lon"":127.032031,""alt"":305},""targetSpeed"":51.4,""seq"":6}","{""phase"":""F"",""startLLA"":{""lat"":37.471593,""lon"":127.032031,""alt"":305},""endLLA"":{""lat"":37.497702,""lon"":127.073855,""alt"":305},""targetSpeed"":51.4,""seq"":7}","{""phase"":""F"",""startLLA"":{""lat"":37.497702,""lon"":127.073855,""alt"":305},""endLLA"":{""lat"":37.508255,""lon"":127.07037,""alt"":305},""targetSpeed"":51.4,""seq"":8}","{""phase"":""G"",""startLLA"":{""lat"":37.508255,""lon"":127.07037,""alt"":305},""endLLA"":{""lat"":37.526451,""lon"":127.064361,""alt"":183.36},""targetSpeed"":36,""seq"":9}","{""phase"":""G"",""startLLA"":{""lat"":37.526451,""lon"":127.064361,""alt"":183.36},""endLLA"":{""lat"":37.533784,""lon"":127.050993,""alt"":100},""targetSpeed"":36,""seq"":10}","{""phase"":""I"",""startLLA"":{""lat"":37.533784,""lon"":127.050993,""alt"":100},""endLLA"":{""lat"":37.538917,""lon"":127.041635,""alt"":15},""targetSpeed"":30,""seq"":11}","{""phase"":""J"",""startLLA"":{""lat"":37.538917,""lon"":127.041635,""alt"":15},""endLLA"":{""lat"":37.538917,""lon"":127.041635,""alt"":0},""targetSpeed"":10,""seq"":12}","{""phase"":""K"",""startLLA"":{""lat"":37.538917,""lon"":127.041635,""alt"":0},""endLLA"":{""lat"":37.538917,""lon"":127.041635,""alt"":0},""targetSpeed"":3,""seq"":13}",,,,,,,,
98f166edc22f,2026-07-11,FPL0711001,UAM0053,a6,6,3,0.5,봉천,봉천,천호,천호,6,G5,F1,G7,F3,06:30:00,06:47:47,07:09:36,07:16:56,07:26:56,1067.14,1309.4,440,2816.54,651.43,10.83,ready,봉천 > 채석장 > 경부고속도로 양재천 다리 > 대치교 > 청담대교 중간지점 > 잠실대교 중간지점 > 천호,21.9712,14,"{""phase"":""A"",""startLLA"":{""lat"":37.482832,""lon"":126.942245,""alt"":0},""endLLA"":{""lat"":37.482832,""lon"":126.942245,""alt"":0},""targetSpeed"":3,""seq"":1}","{""phase"":""B"",""startLLA"":{""lat"":37.482832,""lon"":126.942245,""alt"":0},""endLLA"":{""lat"":37.482832,""lon"":126.942245,""alt"":15},""targetSpeed"":10,""seq"":2}","{""phase"":""C"",""startLLA"":{""lat"":37.482832,""lon"":126.942245,""alt"":15},""endLLA"":{""lat"":37.479397,""lon"":126.955184,""alt"":100},""targetSpeed"":36,""seq"":3}","{""phase"":""E"",""startLLA"":{""lat"":37.479397,""lon"":126.955184,""alt"":100},""endLLA"":{""lat"":37.471285,""lon"":126.985745,""alt"":265.4},""targetSpeed"":51.4,""seq"":4}","{""phase"":""E"",""startLLA"":{""lat"":37.471285,""lon"":126.985745,""alt"":265.4},""endLLA"":{""lat"":37.471336,""lon"":126.993461,""alt"":305},""targetSpeed"":51.4,""seq"":5}","{""phase"":""F"",""startLLA"":{""lat"":37.471336,""lon"":126.993461,""alt"":305},""endLLA"":{""lat"":37.471593,""lon"":127.032031,""alt"":305},""targetSpeed"":51.4,""seq"":6}","{""phase"":""F"",""startLLA"":{""lat"":37.471593,""lon"":127.032031,""alt"":305},""endLLA"":{""lat"":37.497702,""lon"":127.073855,""alt"":305},""targetSpeed"":51.4,""seq"":7}","{""phase"":""F"",""startLLA"":{""lat"":37.497702,""lon"":127.073855,""alt"":305},""endLLA"":{""lat"":37.526451,""lon"":127.064361,""alt"":305},""targetSpeed"":51.4,""seq"":8}","{""phase"":""F"",""startLLA"":{""lat"":37.526451,""lon"":127.064361,""alt"":305},""endLLA"":{""lat"":37.525291,""lon"":127.078987,""alt"":305},""targetSpeed"":51.4,""seq"":9}","{""phase"":""G"",""startLLA"":{""lat"":37.525291,""lon"":127.078987,""alt"":305},""endLLA"":{""lat"":37.524288,""lon"":127.091639,""alt"":239.78},""targetSpeed"":36,""seq"":10}","{""phase"":""G"",""startLLA"":{""lat"":37.524288,""lon"":127.091639,""alt"":239.78},""endLLA"":{""lat"":37.539417,""lon"":127.111104,""alt"":100},""targetSpeed"":36,""seq"":11}","{""phase"":""I"",""startLLA"":{""lat"":37.539417,""lon"":127.111104,""alt"":100},""endLLA"":{""lat"":37.545733,""lon"":127.11923,""alt"":15},""targetSpeed"":30,""seq"":12}","{""phase"":""J"",""startLLA"":{""lat"":37.545733,""lon"":127.11923,""alt"":15},""endLLA"":{""lat"":37.545733,""lon"":127.11923,""alt"":0},""targetSpeed"":10,""seq"":13}","{""phase"":""K"",""startLLA"":{""lat"":37.545733,""lon"":127.11923,""alt"":0},""endLLA"":{""lat"":37.545733,""lon"":127.11923,""alt"":0},""targetSpeed"":3,""seq"":14}",,,,,,,
98f166edc22f,2026-07-11,FPL0706001,UAM0054,a6,6,1,0.1667,봉천,봉천,미아,미아,6,G6,F2,G7,F4,06:30:00,06:48:27,07:03:24,07:10:44,07:20:44,1107.14,897.49,440,2444.63,661.43,241.08,ready,봉천 > 채석장 > 경부고속도로 양재천 다리 > 대치교 > 청담대교 중간지점 > 건대입구 > 중랑천 제방길 > 상봉 > 월릉교 > 미아,30.9711,17,"{""phase"":""A"",""startLLA"":{""lat"":37.482832,""lon"":126.942245,""alt"":0},""endLLA"":{""lat"":37.482832,""lon"":126.942245,""alt"":0},""targetSpeed"":3,""seq"":1}","{""phase"":""B"",""startLLA"":{""lat"":37.482832,""lon"":126.942245,""alt"":0},""endLLA"":{""lat"":37.482832,""lon"":126.942245,""alt"":15},""targetSpeed"":10,""seq"":2}","{""phase"":""C"",""startLLA"":{""lat"":37.482832,""lon"":126.942245,""alt"":15},""endLLA"":{""lat"":37.479399,""lon"":126.95518,""alt"":100},""targetSpeed"":36,""seq"":3}","{""phase"":""E"",""startLLA"":{""lat"":37.479399,""lon"":126.95518,""alt"":100},""endLLA"":{""lat"":37.471285,""lon"":126.985745,""alt"":265.47},""targetSpeed"":51.4,""seq"":4}","{""phase"":""E"",""startLLA"":{""lat"":37.471285,""lon"":126.985745,""alt"":265.47},""endLLA"":{""lat"":37.471336,""lon"":126.993444,""alt"":305},""targetSpeed"":51.4,""seq"":5}","{""phase"":""F"",""startLLA"":{""lat"":37.471336,""lon"":126.993444,""alt"":305},""endLLA"":{""lat"":37.471593,""lon"":127.032031,""alt"":305},""targetSpeed"":51.4,""seq"":6}","{""phase"":""F"",""startLLA"":{""lat"":37.471593,""lon"":127.032031,""alt"":305},""endLLA"":{""lat"":37.497702,""lon"":127.073855,""alt"":305},""targetSpeed"":51.4,""seq"":7}","{""phase"":""F"",""startLLA"":{""lat"":37.497702,""lon"":127.073855,""alt"":305},""endLLA"":{""lat"":37.526451,""lon"":127.064361,""alt"":305},""targetSpeed"":51.4,""seq"":8}","{""phase"":""F"",""startLLA"":{""lat"":37.526451,""lon"":127.064361,""alt"":305},""endLLA"":{""lat"":37.540426,""lon"":127.069298,""alt"":305},""targetSpeed"":51.4,""seq"":9}","{""phase"":""F"",""startLLA"":{""lat"":37.540426,""lon"":127.069298,""alt"":305},""endLLA"":{""lat"":37.580774,""lon"":127.077387,""alt"":305},""targetSpeed"":51.4,""seq"":10}","{""phase"":""F"",""startLLA"":{""lat"":37.580774,""lon"":127.077387,""alt"":305},""endLLA"":{""lat"":37.596919,""lon"":127.084854,""alt"":305},""targetSpeed"":51.4,""seq"":11}","{""phase"":""F"",""startLLA"":{""lat"":37.596919,""lon"":127.084854,""alt"":305},""endLLA"":{""lat"":37.614352,""lon"":127.072725,""alt"":305},""targetSpeed"":51.4,""seq"":12}","{""phase"":""G"",""startLLA"":{""lat"":37.614352,""lon"":127.072725,""alt"":305},""endLLA"":{""lat"":37.616266,""lon"":127.071394,""alt"":290.86},""targetSpeed"":36,""seq"":13}","{""phase"":""G"",""startLLA"":{""lat"":37.616266,""lon"":127.071394,""alt"":290.86},""endLLA"":{""lat"":37.626943,""lon"":127.036669,""alt"":100},""targetSpeed"":36,""seq"":14}","{""phase"":""I"",""startLLA"":{""lat"":37.626943,""lon"":127.036669,""alt"":100},""endLLA"":{""lat"":37.630207,""lon"":127.026053,""alt"":15},""targetSpeed"":30,""seq"":15}","{""phase"":""J"",""startLLA"":{""lat"":37.630207,""lon"":127.026053,""alt"":15},""endLLA"":{""lat"":37.630207,""lon"":127.026053,""alt"":0},""targetSpeed"":10,""seq"":16}","{""phase"":""K"",""startLLA"":{""lat"":37.630207,""lon"":127.026053,""alt"":0},""endLLA"":{""lat"":37.630207,""lon"":127.026053,""alt"":0},""targetSpeed"":3,""seq"":17}",,,,
98f166edc22f,2026-07-11,FPL0717001,UAM0055,a8,8,1,0.125,봉천,봉천,수서,수서,6,G7,F1,G6,F4,06:30:00,06:53:12,06:58:47,07:06:37,07:16:37,1392.86,334.77,470,2197.63,917.14,0,ready,봉천 > 채석장 > 경부고속도로 양재천 다리 > 수서,14.439,11,"{""phase"":""A"",""startLLA"":{""lat"":37.482832,""lon"":126.942245,""alt"":0},""endLLA"":{""lat"":37.482832,""lon"":126.942245,""alt"":0},""targetSpeed"":3,""seq"":1}","{""phase"":""B"",""startLLA"":{""lat"":37.482832,""lon"":126.942245,""alt"":0},""endLLA"":{""lat"":37.482832,""lon"":126.942245,""alt"":15},""targetSpeed"":10,""seq"":2}","{""phase"":""C"",""startLLA"":{""lat"":37.482832,""lon"":126.942245,""alt"":15},""endLLA"":{""lat"":37.479396,""lon"":126.955188,""alt"":100},""targetSpeed"":36,""seq"":3}","{""phase"":""E"",""startLLA"":{""lat"":37.479396,""lon"":126.955188,""alt"":100},""endLLA"":{""lat"":37.471285,""lon"":126.985745,""alt"":265.31},""targetSpeed"":51.4,""seq"":4}","{""phase"":""E"",""startLLA"":{""lat"":37.471285,""lon"":126.985745,""alt"":265.31},""endLLA"":{""lat"":37.471336,""lon"":126.99348,""alt"":305},""targetSpeed"":51.4,""seq"":5}","{""phase"":""F"",""startLLA"":{""lat"":37.471336,""lon"":126.99348,""alt"":305},""endLLA"":{""lat"":37.471593,""lon"":127.032031,""alt"":305},""targetSpeed"":51.4,""seq"":6}","{""phase"":""F"",""startLLA"":{""lat"":37.471593,""lon"":127.032031,""alt"":305},""endLLA"":{""lat"":37.476051,""lon"":127.051318,""alt"":305},""targetSpeed"":51.4,""seq"":7}","{""phase"":""G"",""startLLA"":{""lat"":37.476051,""lon"":127.051318,""alt"":305},""endLLA"":{""lat"":37.484917,""lon"":127.089683,""alt"":100},""targetSpeed"":36,""seq"":8}","{""phase"":""I"",""startLLA"":{""lat"":37.484917,""lon"":127.089683,""alt"":100},""endLLA"":{""lat"":37.487441,""lon"":127.100603,""alt"":15},""targetSpeed"":30,""seq"":9}","{""phase"":""J"",""startLLA"":{""lat"":37.487441,""lon"":127.100603,""alt"":15},""endLLA"":{""lat"":37.487441,""lon"":127.100603,""alt"":0},""targetSpeed"":10,""seq"":10}","{""phase"":""K"",""startLLA"":{""lat"":37.487441,""lon"":127.100603,""alt"":0},""endLLA"":{""lat"":37.487441,""lon"":127.100603,""alt"":0},""targetSpeed"":3,""seq"":11}",,,,,,,,,,
98f166edc22f,2026-07-11,FPL0702001,UAM0056,a8,8,1,0.125,봉천,봉천,잠실,잠실,6,G8,F2,G3,F3,06:30:00,06:53:52,06:59:34,07:06:54,07:16:54,1432.86,342.08,440,2214.93,927.14,0,ready,봉천 > 채석장 > 경부고속도로 양재천 다리 > 대치교 > 잠실,14.8146,12,"{""phase"":""A"",""startLLA"":{""lat"":37.482832,""lon"":126.942245,""alt"":0},""endLLA"":{""lat"":37.482832,""lon"":126.942245,""alt"":0},""targetSpeed"":3,""seq"":1}","{""phase"":""B"",""startLLA"":{""lat"":37.482832,""lon"":126.942245,""alt"":0},""endLLA"":{""lat"":37.482832,""lon"":126.942245,""alt"":15},""targetSpeed"":10,""seq"":2}","{""phase"":""C"",""startLLA"":{""lat"":37.482832,""lon"":126.942245,""alt"":15},""endLLA"":{""lat"":37.479397,""lon"":126.955186,""alt"":100},""targetSpeed"":36,""seq"":3}","{""phase"":""E"",""startLLA"":{""lat"":37.479397,""lon"":126.955186,""alt"":100},""endLLA"":{""lat"":37.471285,""lon"":126.985745,""alt"":265.36},""targetSpeed"":51.4,""seq"":4}","{""phase"":""E"",""startLLA"":{""lat"":37.471285,""lon"":126.985745,""alt"":265.36},""endLLA"":{""lat"":37.471336,""lon"":126.99347,""alt"":305},""targetSpeed"":51.4,""seq"":5}","{""phase"":""F"",""startLLA"":{""lat"":37.471336,""lon"":126.99347,""alt"":305},""endLLA"":{""lat"":37.471593,""lon"":127.032031,""alt"":305},""targetSpeed"":51.4,""seq"":6}","{""phase"":""F"",""startLLA"":{""lat"":37.471593,""lon"":127.032031,""alt"":305},""endLLA"":{""lat"":37.483526,""lon"":127.051147,""alt"":305},""targetSpeed"":51.4,""seq"":7}","{""phase"":""G"",""startLLA"":{""lat"":37.483526,""lon"":127.051147,""alt"":305},""endLLA"":{""lat"":37.497702,""lon"":127.073855,""alt"":156.75},""targetSpeed"":36,""seq"":8}","{""phase"":""G"",""startLLA"":{""lat"":37.497702,""lon"":127.073855,""alt"":156.75},""endLLA"":{""lat"":37.506266,""lon"":127.071433,""alt"":100},""targetSpeed"":36,""seq"":9}","{""phase"":""I"",""startLLA"":{""lat"":37.506266,""lon"":127.071433,""alt"":100},""endLLA"":{""lat"":37.515071,""lon"":127.068942,""alt"":15},""targetSpeed"":30,""seq"":10}","{""phase"":""J"",""startLLA"":{""lat"":37.515071,""lon"":127.068942,""alt"":15},""endLLA"":{""lat"":37.515071,""lon"":127.068942,""alt"":0},""targetSpeed"":10,""seq"":11}","{""phase"":""K"",""startLLA"":{""lat"":37.515071,""lon"":127.068942,""alt"":0},""endLLA"":{""lat"":37.515071,""lon"":127.068942,""alt"":0},""targetSpeed"":3,""seq"":12}",,,,,,,,,
98f166edc22f,2026-07-11,FPL0706002,UAM0068,a4,4,4,1,봉천,봉천,미아,미아,7,G4,F1,G7,F4,07:06:47,07:15:12,07:27:08,07:34:28,07:44:28,505.71,716.2,440,1661.91,0,59.79,ready,봉천 > 채석장 > 경부고속도로 양재천 다리 > 대치교 > 청담대교 중간지점 > 건대입구 > 중랑천 제방길 > 상봉 > 월릉교 > 미아,30.9711,17,"{""phase"":""A"",""startLLA"":{""lat"":37.482832,""lon"":126.942245,""alt"":0},""endLLA"":{""lat"":37.482832,""lon"":126.942245,""alt"":0},""targetSpeed"":3,""seq"":1}","{""phase"":""B"",""startLLA"":{""lat"":37.482832,""lon"":126.942245,""alt"":0},""endLLA"":{""lat"":37.482832,""lon"":126.942245,""alt"":15},""targetSpeed"":10,""seq"":2}","{""phase"":""C"",""startLLA"":{""lat"":37.482832,""lon"":126.942245,""alt"":15},""endLLA"":{""lat"":37.479399,""lon"":126.95518,""alt"":100},""targetSpeed"":36,""seq"":3}","{""phase"":""E"",""startLLA"":{""lat"":37.479399,""lon"":126.95518,""alt"":100},""endLLA"":{""lat"":37.471285,""lon"":126.985745,""alt"":265.47},""targetSpeed"":51.4,""seq"":4}","{""phase"":""E"",""startLLA"":{""lat"":37.471285,""lon"":126.985745,""alt"":265.47},""endLLA"":{""lat"":37.471336,""lon"":126.993444,""alt"":305},""targetSpeed"":51.4,""seq"":5}","{""phase"":""F"",""startLLA"":{""lat"":37.471336,""lon"":126.993444,""alt"":305},""endLLA"":{""lat"":37.471593,""lon"":127.032031,""alt"":305},""targetSpeed"":51.4,""seq"":6}","{""phase"":""F"",""startLLA"":{""lat"":37.471593,""lon"":127.032031,""alt"":305},""endLLA"":{""lat"":37.497702,""lon"":127.073855,""alt"":305},""targetSpeed"":51.4,""seq"":7}","{""phase"":""F"",""startLLA"":{""lat"":37.497702,""lon"":127.073855,""alt"":305},""endLLA"":{""lat"":37.526451,""lon"":127.064361,""alt"":305},""targetSpeed"":51.4,""seq"":8}","{""phase"":""F"",""startLLA"":{""lat"":37.526451,""lon"":127.064361,""alt"":305},""endLLA"":{""lat"":37.540426,""lon"":127.069298,""alt"":305},""targetSpeed"":51.4,""seq"":9}","{""phase"":""F"",""startLLA"":{""lat"":37.540426,""lon"":127.069298,""alt"":305},""endLLA"":{""lat"":37.580774,""lon"":127.077387,""alt"":305},""targetSpeed"":51.4,""seq"":10}","{""phase"":""F"",""startLLA"":{""lat"":37.580774,""lon"":127.077387,""alt"":305},""endLLA"":{""lat"":37.596919,""lon"":127.084854,""alt"":305},""targetSpeed"":51.4,""seq"":11}","{""phase"":""F"",""startLLA"":{""lat"":37.596919,""lon"":127.084854,""alt"":305},""endLLA"":{""lat"":37.614352,""lon"":127.072725,""alt"":305},""targetSpeed"":51.4,""seq"":12}","{""phase"":""G"",""startLLA"":{""lat"":37.614352,""lon"":127.072725,""alt"":305},""endLLA"":{""lat"":37.616266,""lon"":127.071394,""alt"":290.86},""targetSpeed"":36,""seq"":13}","{""phase"":""G"",""startLLA"":{""lat"":37.616266,""lon"":127.071394,""alt"":290.86},""endLLA"":{""lat"":37.626943,""lon"":127.036669,""alt"":100},""targetSpeed"":36,""seq"":14}","{""phase"":""I"",""startLLA"":{""lat"":37.626943,""lon"":127.036669,""alt"":100},""endLLA"":{""lat"":37.630207,""lon"":127.026053,""alt"":15},""targetSpeed"":30,""seq"":15}","{""phase"":""J"",""startLLA"":{""lat"":37.630207,""lon"":127.026053,""alt"":15},""endLLA"":{""lat"":37.630207,""lon"":127.026053,""alt"":0},""targetSpeed"":10,""seq"":16}","{""phase"":""K"",""startLLA"":{""lat"":37.630207,""lon"":127.026053,""alt"":0},""endLLA"":{""lat"":37.630207,""lon"":127.026053,""alt"":0},""targetSpeed"":3,""seq"":17}",,,,
98f166edc22f,2026-07-11,FPL0716002,UAM0085,a6,6,6,1,봉천,봉천,망우,망우,7,G8,F1,G2,F3,07:12:39,07:21:04,07:32:10,07:40:00,07:50:00,505.71,665.51,470,1641.22,0,140.96,ready,봉천 > 채석장 > 경부고속도로 양재천 다리 > 대치교 > 청담대교 중간지점 > 건대입구 > 망우,24.1938,14,"{""phase"":""A"",""startLLA"":{""lat"":37.482832,""lon"":126.942245,""alt"":0},""endLLA"":{""lat"":37.482832,""lon"":126.942245,""alt"":0},""targetSpeed"":3,""seq"":1}","{""phase"":""B"",""startLLA"":{""lat"":37.482832,""lon"":126.942245,""alt"":0},""endLLA"":{""lat"":37.482832,""lon"":126.942245,""alt"":15},""targetSpeed"":10,""seq"":2}","{""phase"":""C"",""startLLA"":{""lat"":37.482832,""lon"":126.942245,""alt"":15},""endLLA"":{""lat"":37.479398,""lon"":126.955183,""alt"":100},""targetSpeed"":36,""seq"":3}","{""phase"":""E"",""startLLA"":{""lat"":37.479398,""lon"":126.955183,""alt"":100},""endLLA"":{""lat"":37.471285,""lon"":126.985745,""alt"":265.41},""targetSpeed"":51.4,""seq"":4}","{""phase"":""E"",""startLLA"":{""lat"":37.471285,""lon"":126.985745,""alt"":265.41},""endLLA"":{""lat"":37.471336,""lon"":126.993456,""alt"":305},""targetSpeed"":51.4,""seq"":5}","{""phase"":""F"",""startLLA"":{""lat"":37.471336,""lon"":126.993456,""alt"":305},""endLLA"":{""lat"":37.471593,""lon"":127.032031,""alt"":305},""targetSpeed"":51.4,""seq"":6}","{""phase"":""F"",""startLLA"":{""lat"":37.471593,""lon"":127.032031,""alt"":305},""endLLA"":{""lat"":37.497702,""lon"":127.073855,""alt"":305},""targetSpeed"":51.4,""seq"":7}","{""phase"":""F"",""startLLA"":{""lat"":37.497702,""lon"":127.073855,""alt"":305},""endLLA"":{""lat"":37.526451,""lon"":127.064361,""alt"":305},""targetSpeed"":51.4,""seq"":8}","{""phase"":""F"",""startLLA"":{""lat"":37.526451,""lon"":127.064361,""alt"":305},""endLLA"":{""lat"":37.540426,""lon"":127.069298,""alt"":305},""targetSpeed"":51.4,""seq"":9}","{""phase"":""F"",""startLLA"":{""lat"":37.540426,""lon"":127.069298,""alt"":305},""endLLA"":{""lat"":37.557138,""lon"":127.0739,""alt"":305},""targetSpeed"":51.4,""seq"":10}","{""phase"":""G"",""startLLA"":{""lat"":37.557138,""lon"":127.0739,""alt"":305},""endLLA"":{""lat"":37.588105,""lon"":127.082427,""alt"":100},""targetSpeed"":36,""seq"":11}","{""phase"":""I"",""startLLA"":{""lat"":37.588105,""lon"":127.082427,""alt"":100},""endLLA"":{""lat"":37.596919,""lon"":127.084854,""alt"":15},""targetSpeed"":30,""seq"":12}","{""phase"":""J"",""startLLA"":{""lat"":37.596919,""lon"":127.084854,""alt"":15},""endLLA"":{""lat"":37.596919,""lon"":127.084854,""alt"":0},""targetSpeed"":10,""seq"":13}","{""phase"":""K"",""startLLA"":{""lat"":37.596919,""lon"":127.084854,""alt"":0},""endLLA"":{""lat"":37.596919,""lon"":127.084854,""alt"":0},""targetSpeed"":3,""seq"":14}",,,,,,,
98f166edc22f,2026-07-11,FPL0717002,UAM0046,a6,6,6,1,봉천,봉천,수서,수서,7,G3,F2,G8,F3,07:16:44,07:24:39,07:31:46,07:38:36,07:48:36,475.71,426.44,410,1312.15,0,45.44,ready,봉천 > 채석장 > 경부고속도로 양재천 다리 > 수서,14.439,11,"{""phase"":""A"",""startLLA"":{""lat"":37.482832,""lon"":126.942245,""alt"":0},""endLLA"":{""lat"":37.482832,""lon"":126.942245,""alt"":0},""targetSpeed"":3,""seq"":1}","{""phase"":""B"",""startLLA"":{""lat"":37.482832,""lon"":126.942245,""alt"":0},""endLLA"":{""lat"":37.482832,""lon"":126.942245,""alt"":15},""targetSpeed"":10,""seq"":2}","{""phase"":""C"",""startLLA"":{""lat"":37.482832,""lon"":126.942245,""alt"":15},""endLLA"":{""lat"":37.479396,""lon"":126.955188,""alt"":100},""targetSpeed"":36,""seq"":3}","{""phase"":""E"",""startLLA"":{""lat"":37.479396,""lon"":126.955188,""alt"":100},""endLLA"":{""lat"":37.471285,""lon"":126.985745,""alt"":265.31},""targetSpeed"":51.4,""seq"":4}","{""phase"":""E"",""startLLA"":{""lat"":37.471285,""lon"":126.985745,""alt"":265.31},""endLLA"":{""lat"":37.471336,""lon"":126.99348,""alt"":305},""targetSpeed"":51.4,""seq"":5}","{""phase"":""F"",""startLLA"":{""lat"":37.471336,""lon"":126.99348,""alt"":305},""endLLA"":{""lat"":37.471593,""lon"":127.032031,""alt"":305},""targetSpeed"":51.4,""seq"":6}","{""phase"":""F"",""startLLA"":{""lat"":37.471593,""lon"":127.032031,""alt"":305},""endLLA"":{""lat"":37.476051,""lon"":127.051318,""alt"":305},""targetSpeed"":51.4,""seq"":7}","{""phase"":""G"",""startLLA"":{""lat"":37.476051,""lon"":127.051318,""alt"":305},""endLLA"":{""lat"":37.484917,""lon"":127.089683,""alt"":100},""targetSpeed"":36,""seq"":8}","{""phase"":""I"",""startLLA"":{""lat"":37.484917,""lon"":127.089683,""alt"":100},""endLLA"":{""lat"":37.487441,""lon"":127.100603,""alt"":15},""targetSpeed"":30,""seq"":9}","{""phase"":""J"",""startLLA"":{""lat"":37.487441,""lon"":127.100603,""alt"":15},""endLLA"":{""lat"":37.487441,""lon"":127.100603,""alt"":0},""targetSpeed"":10,""seq"":10}","{""phase"":""K"",""startLLA"":{""lat"":37.487441,""lon"":127.100603,""alt"":0},""endLLA"":{""lat"":37.487441,""lon"":127.100603,""alt"":0},""targetSpeed"":3,""seq"":11}",,,,,,,,,,
98f166edc22f,2026-07-11,FPL0709003,UAM0016,a8,8,8,1,봉천,봉천,성수,성수,7,G7,F1,G6,F3,07:17:35,07:26:30,07:34:33,07:42:23,07:52:23,535.43,483.26,470,1488.69,59.71,67.92,ready,봉천 > 채석장 > 경부고속도로 양재천 다리 > 대치교 > 청담대교 중간지점 > 성수,18.5804,13,"{""phase"":""A"",""startLLA"":{""lat"":37.482832,""lon"":126.942245,""alt"":0},""endLLA"":{""lat"":37.482832,""lon"":126.942245,""alt"":0},""targetSpeed"":3,""seq"":1}","{""phase"":""B"",""startLLA"":{""lat"":37.482832,""lon"":126.942245,""alt"":0},""endLLA"":{""lat"":37.482832,""lon"":126.942245,""alt"":15},""targetSpeed"":10,""seq"":2}","{""phase"":""C"",""startLLA"":{""lat"":37.482832,""lon"":126.942245,""alt"":15},""endLLA"":{""lat"":37.479397,""lon"":126.955184,""alt"":100},""targetSpeed"":36,""seq"":3}","{""phase"":""E"",""startLLA"":{""lat"":37.479397,""lon"":126.955184,""alt"":100},""endLLA"":{""lat"":37.471285,""lon"":126.985745,""alt"":265.38},""targetSpeed"":51.4,""seq"":4}","{""phase"":""E"",""startLLA"":{""lat"":37.471285,""lon"":126.985745,""alt"":265.38},""endLLA"":{""lat"":37.471336,""lon"":126.993464,""alt"":305},""targetSpeed"":51.4,""seq"":5}","{""phase"":""F"",""startLLA"":{""lat"":37.471336,""lon"":126.993464,""alt"":305},""endLLA"":{""lat"":37.471593,""lon"":127.032031,""alt"":305},""targetSpeed"":51.4,""seq"":6}","{""phase"":""F"",""startLLA"":{""lat"":37.471593,""lon"":127.032031,""alt"":305},""endLLA"":{""lat"":37.497702,""lon"":127.073855,""alt"":305},""targetSpeed"":51.4,""seq"":7}","{""phase"":""F"",""startLLA"":{""lat"":37.497702,""lon"":127.073855,""alt"":305},""endLLA"":{""lat"":37.508255,""lon"":127.07037,""alt"":305},""targetSpeed"":51.4,""seq"":8}","{""phase"":""G"",""startLLA"":{""lat"":37.508255,""lon"":127.07037,""alt"":305},""endLLA"":{""lat"":37.526451,""lon"":127.064361,""alt"":183.36},""targetSpeed"":36,""seq"":9}","{""phase"":""G"",""startLLA"":{""lat"":37.526451,""lon"":127.064361,""alt"":183.36},""endLLA"":{""lat"":37.533784,""lon"":127.050993,""alt"":100},""targetSpeed"":36,""seq"":10}","{""phase"":""I"",""startLLA"":{""lat"":37.533784,""lon"":127.050993,""alt"":100},""endLLA"":{""lat"":37.538917,""lon"":127.041635,""alt"":15},""targetSpeed"":30,""seq"":11}","{""phase"":""J"",""startLLA"":{""lat"":37.538917,""lon"":127.041635,""alt"":15},""endLLA"":{""lat"":37.538917,""lon"":127.041635,""alt"":0},""targetSpeed"":10,""seq"":12}","{""phase"":""K"",""startLLA"":{""lat"":37.538917,""lon"":127.041635,""alt"":0},""endLLA"":{""lat"":37.538917,""lon"":127.041635,""alt"":0},""targetSpeed"":3,""seq"":13}",,,,,,,,
98f166edc22f,2026-07-11,FPL0710001,UAM0034,a2,2,2,1,봉천,봉천,연신내,연신내,7,G4,F1,G7,F3,07:30:45,07:39:40,07:46:10,07:53:30,08:03:30,535.28,389.99,440,1365.27,29.56,0,ready,봉천 > 영등포 > 선유도 17고지 > 성산대교 중간지점 > 수색교 > 연신내,17.2775,13,"{""phase"":""A"",""startLLA"":{""lat"":37.482832,""lon"":126.942245,""alt"":0},""endLLA"":{""lat"":37.482832,""lon"":126.942245,""alt"":0},""targetSpeed"":3,""seq"":1}","{""phase"":""B"",""startLLA"":{""lat"":37.482832,""lon"":126.942245,""alt"":0},""endLLA"":{""lat"":37.482832,""lon"":126.942245,""alt"":15},""targetSpeed"":10,""seq"":2}","{""phase"":""C"",""startLLA"":{""lat"":37.482832,""lon"":126.942245,""alt"":15},""endLLA"":{""lat"":37.491176,""lon"":126.933559,""alt"":100},""targetSpeed"":36,""seq"":3}","{""phase"":""E"",""startLLA"":{""lat"":37.491176,""lon"":126.933559,""alt"":100},""endLLA"":{""lat"":37.515605,""lon"":126.908131,""alt"":305},""targetSpeed"":51.4,""seq"":4}","{""phase"":""F"",""startLLA"":{""lat"":37.515605,""lon"":126.908131,""alt"":305},""endLLA"":{""lat"":37.515965,""lon"":126.907756,""alt"":305},""targetSpeed"":51.4,""seq"":5}","{""phase"":""F"",""startLLA"":{""lat"":37.515965,""lon"":126.907756,""alt"":305},""endLLA"":{""lat"":37.542307,""lon"":126.90249,""alt"":305},""targetSpeed"":51.4,""seq"":6}","{""phase"":""F"",""startLLA"":{""lat"":37.542307,""lon"":126.90249,""alt"":305},""endLLA"":{""lat"":37.552574,""lon"":126.891431,""alt"":305},""targetSpeed"":51.4,""seq"":7}","{""phase"":""F"",""startLLA"":{""lat"":37.552574,""lon"":126.891431,""alt"":305},""endLLA"":{""lat"":37.583705,""lon"":126.886696,""alt"":305},""targetSpeed"":51.4,""seq"":8}","{""phase"":""G"",""startLLA"":{""lat"":37.583705,""lon"":126.886696,""alt"":305},""endLLA"":{""lat"":37.586283,""lon"":126.886304,""alt"":288.2},""targetSpeed"":36,""seq"":9}","{""phase"":""G"",""startLLA"":{""lat"":37.586283,""lon"":126.886304,""alt"":288.2},""endLLA"":{""lat"":37.605261,""lon"":126.914122,""alt"":100},""targetSpeed"":36,""seq"":10}","{""phase"":""I"",""startLLA"":{""lat"":37.605261,""lon"":126.914122,""alt"":100},""endLLA"":{""lat"":37.611145,""lon"":126.922747,""alt"":15},""targetSpeed"":30,""seq"":11}","{""phase"":""J"",""startLLA"":{""lat"":37.611145,""lon"":126.922747,""alt"":15},""endLLA"":{""lat"":37.611145,""lon"":126.922747,""alt"":0},""targetSpeed"":10,""seq"":12}","{""phase"":""K"",""startLLA"":{""lat"":37.611145,""lon"":126.922747,""alt"":0},""endLLA"":{""lat"":37.611145,""lon"":126.922747,""alt"":0},""targetSpeed"":3,""seq"":13}",,,,,,,,
98f166edc22f,2026-07-11,FPL0715002,UAM0052,a4,4,4,1,봉천,봉천,마곡,마곡,7,G8,F1,G4,F3,07:42:25,07:50:50,07:59:17,08:06:07,08:16:07,505.71,506.71,410,1422.43,0,87.71,ready,봉천 > 영등포 > 목동교 > 염창교 > 가양대교 남단 > 마곡,18.2733,13,"{""phase"":""A"",""startLLA"":{""lat"":37.482832,""lon"":126.942245,""alt"":0},""endLLA"":{""lat"":37.482832,""lon"":126.942245,""alt"":0},""targetSpeed"":3,""seq"":1}","{""phase"":""B"",""startLLA"":{""lat"":37.482832,""lon"":126.942245,""alt"":0},""endLLA"":{""lat"":37.482832,""lon"":126.942245,""alt"":15},""targetSpeed"":10,""seq"":2}","{""phase"":""C"",""startLLA"":{""lat"":37.482832,""lon"":126.942245,""alt"":15},""endLLA"":{""lat"":37.491176,""lon"":126.933559,""alt"":100},""targetSpeed"":36,""seq"":3}","{""phase"":""E"",""startLLA"":{""lat"":37.491176,""lon"":126.933559,""alt"":100},""endLLA"":{""lat"":37.515605,""lon"":126.908131,""alt"":305},""targetSpeed"":51.4,""seq"":4}","{""phase"":""F"",""startLLA"":{""lat"":37.515605,""lon"":126.908131,""alt"":305},""endLLA"":{""lat"":37.515965,""lon"":126.907756,""alt"":305},""targetSpeed"":51.4,""seq"":5}","{""phase"":""F"",""startLLA"":{""lat"":37.515965,""lon"":126.907756,""alt"":305},""endLLA"":{""lat"":37.530667,""lon"":126.888262,""alt"":305},""targetSpeed"":51.4,""seq"":6}","{""phase"":""F"",""startLLA"":{""lat"":37.530667,""lon"":126.888262,""alt"":305},""endLLA"":{""lat"":37.553824,""lon"":126.875819,""alt"":305},""targetSpeed"":51.4,""seq"":7}","{""phase"":""F"",""startLLA"":{""lat"":37.553824,""lon"":126.875819,""alt"":305},""endLLA"":{""lat"":37.569391,""lon"":126.861026,""alt"":305},""targetSpeed"":51.4,""seq"":8}","{""phase"":""F"",""startLLA"":{""lat"":37.569391,""lon"":126.861026,""alt"":305},""endLLA"":{""lat"":37.567854,""lon"":126.842862,""alt"":305},""targetSpeed"":51.4,""seq"":9}","{""phase"":""G"",""startLLA"":{""lat"":37.567854,""lon"":126.842862,""alt"":305},""endLLA"":{""lat"":37.564492,""lon"":126.803118,""alt"":100},""targetSpeed"":36,""seq"":10}","{""phase"":""I"",""startLLA"":{""lat"":37.564492,""lon"":126.803118,""alt"":100},""endLLA"":{""lat"":37.563535,""lon"":126.791805,""alt"":15},""targetSpeed"":30,""seq"":11}","{""phase"":""J"",""startLLA"":{""lat"":37.563535,""lon"":126.791805,""alt"":15},""endLLA"":{""lat"":37.563535,""lon"":126.791805,""alt"":0},""targetSpeed"":10,""seq"":12}","{""phase"":""K"",""startLLA"":{""lat"":37.563535,""lon"":126.791805,""alt"":0},""endLLA"":{""lat"":37.563535,""lon"":126.791805,""alt"":0},""targetSpeed"":3,""seq"":13}",,,,,,,,
98f166edc22f,2026-07-11,FPL0715003,UAM0110,a6,6,5,0.8333,봉천,봉천,마곡,마곡,7,G3,F2,G3,F3,07:45:40,07:53:35,08:03:43,08:11:03,08:21:03,475.71,607.43,440,1523.14,0,58.43,ready,봉천 > 영등포 > 목동교 > 염창교 > 가양대교 남단 > 마곡,18.2733,13,"{""phase"":""A"",""startLLA"":{""lat"":37.482832,""lon"":126.942245,""alt"":0},""endLLA"":{""lat"":37.482832,""lon"":126.942245,""alt"":0},""targetSpeed"":3,""seq"":1}","{""phase"":""B"",""startLLA"":{""lat"":37.482832,""lon"":126.942245,""alt"":0},""endLLA"":{""lat"":37.482832,""lon"":126.942245,""alt"":15},""targetSpeed"":10,""seq"":2}","{""phase"":""C"",""startLLA"":{""lat"":37.482832,""lon"":126.942245,""alt"":15},""endLLA"":{""lat"":37.491176,""lon"":126.933559,""alt"":100},""targetSpeed"":36,""seq"":3}","{""phase"":""E"",""startLLA"":{""lat"":37.491176,""lon"":126.933559,""alt"":100},""endLLA"":{""lat"":37.515605,""lon"":126.908131,""alt"":305},""targetSpeed"":51.4,""seq"":4}","{""phase"":""F"",""startLLA"":{""lat"":37.515605,""lon"":126.908131,""alt"":305},""endLLA"":{""lat"":37.515965,""lon"":126.907756,""alt"":305},""targetSpeed"":51.4,""seq"":5}","{""phase"":""F"",""startLLA"":{""lat"":37.515965,""lon"":126.907756,""alt"":305},""endLLA"":{""lat"":37.530667,""lon"":126.888262,""alt"":305},""targetSpeed"":51.4,""seq"":6}","{""phase"":""F"",""startLLA"":{""lat"":37.530667,""lon"":126.888262,""alt"":305},""endLLA"":{""lat"":37.553824,""lon"":126.875819,""alt"":305},""targetSpeed"":51.4,""seq"":7}","{""phase"":""F"",""startLLA"":{""lat"":37.553824,""lon"":126.875819,""alt"":305},""endLLA"":{""lat"":37.569391,""lon"":126.861026,""alt"":305},""targetSpeed"":51.4,""seq"":8}","{""phase"":""F"",""startLLA"":{""lat"":37.569391,""lon"":126.861026,""alt"":305},""endLLA"":{""lat"":37.567854,""lon"":126.842862,""alt"":305},""targetSpeed"":51.4,""seq"":9}","{""phase"":""G"",""startLLA"":{""lat"":37.567854,""lon"":126.842862,""alt"":305},""endLLA"":{""lat"":37.564492,""lon"":126.803118,""alt"":100},""targetSpeed"":36,""seq"":10}","{""phase"":""I"",""startLLA"":{""lat"":37.564492,""lon"":126.803118,""alt"":100},""endLLA"":{""lat"":37.563535,""lon"":126.791805,""alt"":15},""targetSpeed"":30,""seq"":11}","{""phase"":""J"",""startLLA"":{""lat"":37.563535,""lon"":126.791805,""alt"":15},""endLLA"":{""lat"":37.563535,""lon"":126.791805,""alt"":0},""targetSpeed"":10,""seq"":12}","{""phase"":""K"",""startLLA"":{""lat"":37.563535,""lon"":126.791805,""alt"":0},""endLLA"":{""lat"":37.563535,""lon"":126.791805,""alt"":0},""targetSpeed"":3,""seq"":13}",,,,,,,,
98f166edc22f,2026-07-11,FPL0706003,UAM0112,a8,8,5,0.625,봉천,봉천,미아,미아,7,G4,F1,G4,F3,07:49:21,07:57:46,08:08:43,08:15:33,08:25:33,505.71,656.41,410,1572.12,0,0,ready,봉천 > 채석장 > 경부고속도로 양재천 다리 > 대치교 > 청담대교 중간지점 > 건대입구 > 중랑천 제방길 > 상봉 > 월릉교 > 미아,30.9711,17,"{""phase"":""A"",""startLLA"":{""lat"":37.482832,""lon"":126.942245,""alt"":0},""endLLA"":{""lat"":37.482832,""lon"":126.942245,""alt"":0},""targetSpeed"":3,""seq"":1}","{""phase"":""B"",""startLLA"":{""lat"":37.482832,""lon"":126.942245,""alt"":0},""endLLA"":{""lat"":37.482832,""lon"":126.942245,""alt"":15},""targetSpeed"":10,""seq"":2}","{""phase"":""C"",""startLLA"":{""lat"":37.482832,""lon"":126.942245,""alt"":15},""endLLA"":{""lat"":37.479399,""lon"":126.95518,""alt"":100},""targetSpeed"":36,""seq"":3}","{""phase"":""E"",""startLLA"":{""lat"":37.479399,""lon"":126.95518,""alt"":100},""endLLA"":{""lat"":37.471285,""lon"":126.985745,""alt"":265.47},""targetSpeed"":51.4,""seq"":4}","{""phase"":""E"",""startLLA"":{""lat"":37.471285,""lon"":126.985745,""alt"":265.47},""endLLA"":{""lat"":37.471336,""lon"":126.993444,""alt"":305},""targetSpeed"":51.4,""seq"":5}","{""phase"":""F"",""startLLA"":{""lat"":37.471336,""lon"":126.993444,""alt"":305},""endLLA"":{""lat"":37.471593,""lon"":127.032031,""alt"":305},""targetSpeed"":51.4,""seq"":6}","{""phase"":""F"",""startLLA"":{""lat"":37.471593,""lon"":127.032031,""alt"":305},""endLLA"":{""lat"":37.497702,""lon"":127.073855,""alt"":305},""targetSpeed"":51.4,""seq"":7}","{""phase"":""F"",""startLLA"":{""lat"":37.497702,""lon"":127.073855,""alt"":305},""endLLA"":{""lat"":37.526451,""lon"":127.064361,""alt"":305},""targetSpeed"":51.4,""seq"":8}","{""phase"":""F"",""startLLA"":{""lat"":37.526451,""lon"":127.064361,""alt"":305},""endLLA"":{""lat"":37.540426,""lon"":127.069298,""alt"":305},""targetSpeed"":51.4,""seq"":9}","{""phase"":""F"",""startLLA"":{""lat"":37.540426,""lon"":127.069298,""alt"":305},""endLLA"":{""lat"":37.580774,""lon"":127.077387,""alt"":305},""targetSpeed"":51.4,""seq"":10}","{""phase"":""F"",""startLLA"":{""lat"":37.580774,""lon"":127.077387,""alt"":305},""endLLA"":{""lat"":37.596919,""lon"":127.084854,""alt"":305},""targetSpeed"":51.4,""seq"":11}","{""phase"":""F"",""startLLA"":{""lat"":37.596919,""lon"":127.084854,""alt"":305},""endLLA"":{""lat"":37.614352,""lon"":127.072725,""alt"":305},""targetSpeed"":51.4,""seq"":12}","{""phase"":""G"",""startLLA"":{""lat"":37.614352,""lon"":127.072725,""alt"":305},""endLLA"":{""lat"":37.616266,""lon"":127.071394,""alt"":290.86},""targetSpeed"":36,""seq"":13}","{""phase"":""G"",""startLLA"":{""lat"":37.616266,""lon"":127.071394,""alt"":290.86},""endLLA"":{""lat"":37.626943,""lon"":127.036669,""alt"":100},""targetSpeed"":36,""seq"":14}","{""phase"":""I"",""startLLA"":{""lat"":37.626943,""lon"":127.036669,""alt"":100},""endLLA"":{""lat"":37.630207,""lon"":127.026053,""alt"":15},""targetSpeed"":30,""seq"":15}","{""phase"":""J"",""startLLA"":{""lat"":37.630207,""lon"":127.026053,""alt"":15},""endLLA"":{""lat"":37.630207,""lon"":127.026053,""alt"":0},""targetSpeed"":10,""seq"":16}","{""phase"":""K"",""startLLA"":{""lat"":37.630207,""lon"":127.026053,""alt"":0},""endLLA"":{""lat"":37.630207,""lon"":127.026053,""alt"":0},""targetSpeed"":3,""seq"":17}",,,,
98f166edc22f,2026-07-11,FPL0709004,UAM0128,a8,8,8,1,봉천,봉천,성수,성수,8,G8,F1,G7,F4,08:03:39,08:12:04,08:19:00,08:26:20,08:36:20,505.71,415.34,440,1361.06,0,0,ready,봉천 > 채석장 > 경부고속도로 양재천 다리 > 대치교 > 청담대교 중간지점 > 성수,18.5804,13,"{""phase"":""A"",""startLLA"":{""lat"":37.482832,""lon"":126.942245,""alt"":0},""endLLA"":{""lat"":37.482832,""lon"":126.942245,""alt"":0},""targetSpeed"":3,""seq"":1}","{""phase"":""B"",""startLLA"":{""lat"":37.482832,""lon"":126.942245,""alt"":0},""endLLA"":{""lat"":37.482832,""lon"":126.942245,""alt"":15},""targetSpeed"":10,""seq"":2}","{""phase"":""C"",""startLLA"":{""lat"":37.482832,""lon"":126.942245,""alt"":15},""endLLA"":{""lat"":37.479397,""lon"":126.955184,""alt"":100},""targetSpeed"":36,""seq"":3}","{""phase"":""E"",""startLLA"":{""lat"":37.479397,""lon"":126.955184,""alt"":100},""endLLA"":{""lat"":37.471285,""lon"":126.985745,""alt"":265.38},""targetSpeed"":51.4,""seq"":4}","{""phase"":""E"",""startLLA"":{""lat"":37.471285,""lon"":126.985745,""alt"":265.38},""endLLA"":{""lat"":37.471336,""lon"":126.993464,""alt"":305},""targetSpeed"":51.4,""seq"":5}","{""phase"":""F"",""startLLA"":{""lat"":37.471336,""lon"":126.993464,""alt"":305},""endLLA"":{""lat"":37.471593,""lon"":127.032031,""alt"":305},""targetSpeed"":51.4,""seq"":6}","{""phase"":""F"",""startLLA"":{""lat"":37.471593,""lon"":127.032031,""alt"":305},""endLLA"":{""lat"":37.497702,""lon"":127.073855,""alt"":305},""targetSpeed"":51.4,""seq"":7}","{""phase"":""F"",""startLLA"":{""lat"":37.497702,""lon"":127.073855,""alt"":305},""endLLA"":{""lat"":37.508255,""lon"":127.07037,""alt"":305},""targetSpeed"":51.4,""seq"":8}","{""phase"":""G"",""startLLA"":{""lat"":37.508255,""lon"":127.07037,""alt"":305},""endLLA"":{""lat"":37.526451,""lon"":127.064361,""alt"":183.36},""targetSpeed"":36,""seq"":9}","{""phase"":""G"",""startLLA"":{""lat"":37.526451,""lon"":127.064361,""alt"":183.36},""endLLA"":{""lat"":37.533784,""lon"":127.050993,""alt"":100},""targetSpeed"":36,""seq"":10}","{""phase"":""I"",""startLLA"":{""lat"":37.533784,""lon"":127.050993,""alt"":100},""endLLA"":{""lat"":37.538917,""lon"":127.041635,""alt"":15},""targetSpeed"":30,""seq"":11}","{""phase"":""J"",""startLLA"":{""lat"":37.538917,""lon"":127.041635,""alt"":15},""endLLA"":{""lat"":37.538917,""lon"":127.041635,""alt"":0},""targetSpeed"":10,""seq"":12}","{""phase"":""K"",""startLLA"":{""lat"":37.538917,""lon"":127.041635,""alt"":0},""endLLA"":{""lat"":37.538917,""lon"":127.041635,""alt"":0},""targetSpeed"":3,""seq"":13}",,,,,,,,
98f166edc22f,2026-07-11,FPL0706004,UAM0085,a6,6,6,1,봉천,봉천,미아,미아,8,G4,F1,G4,F3,08:25:01,08:33:41,08:44:38,08:51:28,09:01:28,520.91,656.41,410,1587.32,15.2,0,ready,봉천 > 채석장 > 경부고속도로 양재천 다리 > 대치교 > 청담대교 중간지점 > 건대입구 > 중랑천 제방길 > 상봉 > 월릉교 > 미아,30.9711,17,"{""phase"":""A"",""startLLA"":{""lat"":37.482832,""lon"":126.942245,""alt"":0},""endLLA"":{""lat"":37.482832,""lon"":126.942245,""alt"":0},""targetSpeed"":3,""seq"":1}","{""phase"":""B"",""startLLA"":{""lat"":37.482832,""lon"":126.942245,""alt"":0},""endLLA"":{""lat"":37.482832,""lon"":126.942245,""alt"":15},""targetSpeed"":10,""seq"":2}","{""phase"":""C"",""startLLA"":{""lat"":37.482832,""lon"":126.942245,""alt"":15},""endLLA"":{""lat"":37.479399,""lon"":126.95518,""alt"":100},""targetSpeed"":36,""seq"":3}","{""phase"":""E"",""startLLA"":{""lat"":37.479399,""lon"":126.95518,""alt"":100},""endLLA"":{""lat"":37.471285,""lon"":126.985745,""alt"":265.47},""targetSpeed"":51.4,""seq"":4}","{""phase"":""E"",""startLLA"":{""lat"":37.471285,""lon"":126.985745,""alt"":265.47},""endLLA"":{""lat"":37.471336,""lon"":126.993444,""alt"":305},""targetSpeed"":51.4,""seq"":5}","{""phase"":""F"",""startLLA"":{""lat"":37.471336,""lon"":126.993444,""alt"":305},""endLLA"":{""lat"":37.471593,""lon"":127.032031,""alt"":305},""targetSpeed"":51.4,""seq"":6}","{""phase"":""F"",""startLLA"":{""lat"":37.471593,""lon"":127.032031,""alt"":305},""endLLA"":{""lat"":37.497702,""lon"":127.073855,""alt"":305},""targetSpeed"":51.4,""seq"":7}","{""phase"":""F"",""startLLA"":{""lat"":37.497702,""lon"":127.073855,""alt"":305},""endLLA"":{""lat"":37.526451,""lon"":127.064361,""alt"":305},""targetSpeed"":51.4,""seq"":8}","{""phase"":""F"",""startLLA"":{""lat"":37.526451,""lon"":127.064361,""alt"":305},""endLLA"":{""lat"":37.540426,""lon"":127.069298,""alt"":305},""targetSpeed"":51.4,""seq"":9}","{""phase"":""F"",""startLLA"":{""lat"":37.540426,""lon"":127.069298,""alt"":305},""endLLA"":{""lat"":37.580774,""lon"":127.077387,""alt"":305},""targetSpeed"":51.4,""seq"":10}","{""phase"":""F"",""startLLA"":{""lat"":37.580774,""lon"":127.077387,""alt"":305},""endLLA"":{""lat"":37.596919,""lon"":127.084854,""alt"":305},""targetSpeed"":51.4,""seq"":11}","{""phase"":""F"",""startLLA"":{""lat"":37.596919,""lon"":127.084854,""alt"":305},""endLLA"":{""lat"":37.614352,""lon"":127.072725,""alt"":305},""targetSpeed"":51.4,""seq"":12}","{""phase"":""G"",""startLLA"":{""lat"":37.614352,""lon"":127.072725,""alt"":305},""endLLA"":{""lat"":37.616266,""lon"":127.071394,""alt"":290.86},""targetSpeed"":36,""seq"":13}","{""phase"":""G"",""startLLA"":{""lat"":37.616266,""lon"":127.071394,""alt"":290.86},""endLLA"":{""lat"":37.626943,""lon"":127.036669,""alt"":100},""targetSpeed"":36,""seq"":14}","{""phase"":""I"",""startLLA"":{""lat"":37.626943,""lon"":127.036669,""alt"":100},""endLLA"":{""lat"":37.630207,""lon"":127.026053,""alt"":15},""targetSpeed"":30,""seq"":15}","{""phase"":""J"",""startLLA"":{""lat"":37.630207,""lon"":127.026053,""alt"":15},""endLLA"":{""lat"":37.630207,""lon"":127.026053,""alt"":0},""targetSpeed"":10,""seq"":16}","{""phase"":""K"",""startLLA"":{""lat"":37.630207,""lon"":127.026053,""alt"":0},""endLLA"":{""lat"":37.630207,""lon"":127.026053,""alt"":0},""targetSpeed"":3,""seq"":17}",,,,
98f166edc22f,2026-07-11,FPL0715004,UAM0108,a4,4,4,1,봉천,봉천,마곡,마곡,8,G8,F2,G2,F4,08:25:41,08:34:21,08:51:52,08:59:42,09:09:42,520.91,1050.4,470,2041.31,15.2,20.6,ready,봉천 > 영등포 > 목동교 > 염창교 > 가양대교 남단 > 마곡,18.2733,13,"{""phase"":""A"",""startLLA"":{""lat"":37.482832,""lon"":126.942245,""alt"":0},""endLLA"":{""lat"":37.482832,""lon"":126.942245,""alt"":0},""targetSpeed"":3,""seq"":1}","{""phase"":""B"",""startLLA"":{""lat"":37.482832,""lon"":126.942245,""alt"":0},""endLLA"":{""lat"":37.482832,""lon"":126.942245,""alt"":15},""targetSpeed"":10,""seq"":2}","{""phase"":""C"",""startLLA"":{""lat"":37.482832,""lon"":126.942245,""alt"":15},""endLLA"":{""lat"":37.491176,""lon"":126.933559,""alt"":100},""targetSpeed"":36,""seq"":3}","{""phase"":""E"",""startLLA"":{""lat"":37.491176,""lon"":126.933559,""alt"":100},""endLLA"":{""lat"":37.515605,""lon"":126.908131,""alt"":305},""targetSpeed"":51.4,""seq"":4}","{""phase"":""F"",""startLLA"":{""lat"":37.515605,""lon"":126.908131,""alt"":305},""endLLA"":{""lat"":37.515965,""lon"":126.907756,""alt"":305},""targetSpeed"":51.4,""seq"":5}","{""phase"":""F"",""startLLA"":{""lat"":37.515965,""lon"":126.907756,""alt"":305},""endLLA"":{""lat"":37.530667,""lon"":126.888262,""alt"":305},""targetSpeed"":51.4,""seq"":6}","{""phase"":""F"",""startLLA"":{""lat"":37.530667,""lon"":126.888262,""alt"":305},""endLLA"":{""lat"":37.553824,""lon"":126.875819,""alt"":305},""targetSpeed"":51.4,""seq"":7}","{""phase"":""F"",""startLLA"":{""lat"":37.553824,""lon"":126.875819,""alt"":305},""endLLA"":{""lat"":37.569391,""lon"":126.861026,""alt"":305},""targetSpeed"":51.4,""seq"":8}","{""phase"":""F"",""startLLA"":{""lat"":37.569391,""lon"":126.861026,""alt"":305},""endLLA"":{""lat"":37.567854,""lon"":126.842862,""alt"":305},""targetSpeed"":51.4,""seq"":9}","{""phase"":""G"",""startLLA"":{""lat"":37.567854,""lon"":126.842862,""alt"":305},""endLLA"":{""lat"":37.564492,""lon"":126.803118,""alt"":100},""targetSpeed"":36,""seq"":10}","{""phase"":""I"",""startLLA"":{""lat"":37.564492,""lon"":126.803118,""alt"":100},""endLLA"":{""lat"":37.563535,""lon"":126.791805,""alt"":15},""targetSpeed"":30,""seq"":11}","{""phase"":""J"",""startLLA"":{""lat"":37.563535,""lon"":126.791805,""alt"":15},""endLLA"":{""lat"":37.563535,""lon"":126.791805,""alt"":0},""targetSpeed"":10,""seq"":12}","{""phase"":""K"",""startLLA"":{""lat"":37.563535,""lon"":126.791805,""alt"":0},""endLLA"":{""lat"":37.563535,""lon"":126.791805,""alt"":0},""targetSpeed"":3,""seq"":13}",,,,,,,,
98f166edc22f,2026-07-11,FPL0711002,UAM0088,a8,8,8,1,봉천,봉천,천호,천호,8,G3,F1,G2,F3,08:31:41,08:39:36,08:47:42,08:55:32,09:05:32,475.71,486,470,1431.71,0,0,ready,봉천 > 채석장 > 경부고속도로 양재천 다리 > 대치교 > 청담대교 중간지점 > 잠실대교 중간지점 > 천호,21.9712,14,"{""phase"":""A"",""startLLA"":{""lat"":37.482832,""lon"":126.942245,""alt"":0},""endLLA"":{""lat"":37.482832,""lon"":126.942245,""alt"":0},""targetSpeed"":3,""seq"":1}","{""phase"":""B"",""startLLA"":{""lat"":37.482832,""lon"":126.942245,""alt"":0},""endLLA"":{""lat"":37.482832,""lon"":126.942245,""alt"":15},""targetSpeed"":10,""seq"":2}","{""phase"":""C"",""startLLA"":{""lat"":37.482832,""lon"":126.942245,""alt"":15},""endLLA"":{""lat"":37.479397,""lon"":126.955184,""alt"":100},""targetSpeed"":36,""seq"":3}","{""phase"":""E"",""startLLA"":{""lat"":37.479397,""lon"":126.955184,""alt"":100},""endLLA"":{""lat"":37.471285,""lon"":126.985745,""alt"":265.4},""targetSpeed"":51.4,""seq"":4}","{""phase"":""E"",""startLLA"":{""lat"":37.471285,""lon"":126.985745,""alt"":265.4},""endLLA"":{""lat"":37.471336,""lon"":126.993461,""alt"":305},""targetSpeed"":51.4,""seq"":5}","{""phase"":""F"",""startLLA"":{""lat"":37.471336,""lon"":126.993461,""alt"":305},""endLLA"":{""lat"":37.471593,""lon"":127.032031,""alt"":305},""targetSpeed"":51.4,""seq"":6}","{""phase"":""F"",""startLLA"":{""lat"":37.471593,""lon"":127.032031,""alt"":305},""endLLA"":{""lat"":37.497702,""lon"":127.073855,""alt"":305},""targetSpeed"":51.4,""seq"":7}","{""phase"":""F"",""startLLA"":{""lat"":37.497702,""lon"":127.073855,""alt"":305},""endLLA"":{""lat"":37.526451,""lon"":127.064361,""alt"":305},""targetSpeed"":51.4,""seq"":8}","{""phase"":""F"",""startLLA"":{""lat"":37.526451,""lon"":127.064361,""alt"":305},""endLLA"":{""lat"":37.525291,""lon"":127.078987,""alt"":305},""targetSpeed"":51.4,""seq"":9}","{""phase"":""G"",""startLLA"":{""lat"":37.525291,""lon"":127.078987,""alt"":305},""endLLA"":{""lat"":37.524288,""lon"":127.091639,""alt"":239.78},""targetSpeed"":36,""seq"":10}","{""phase"":""G"",""startLLA"":{""lat"":37.524288,""lon"":127.091639,""alt"":239.78},""endLLA"":{""lat"":37.539417,""lon"":127.111104,""alt"":100},""targetSpeed"":36,""seq"":11}","{""phase"":""I"",""startLLA"":{""lat"":37.539417,""lon"":127.111104,""alt"":100},""endLLA"":{""lat"":37.545733,""lon"":127.11923,""alt"":15},""targetSpeed"":30,""seq"":12}","{""phase"":""J"",""startLLA"":{""lat"":37.545733,""lon"":127.11923,""alt"":15},""endLLA"":{""lat"":37.545733,""lon"":127.11923,""alt"":0},""targetSpeed"":10,""seq"":13}","{""phase"":""K"",""startLLA"":{""lat"":37.545733,""lon"":127.11923,""alt"":0},""endLLA"":{""lat"":37.545733,""lon"":127.11923,""alt"":0},""targetSpeed"":3,""seq"":14}",,,,,,,
98f166edc22f,2026-07-11,FPL0716003,UAM0136,a8,8,8,1,봉천,봉천,망우,망우,8,G7,F2,G7,F4,08:36:17,08:44:12,08:53:25,09:00:45,09:10:45,475.71,552.38,440,1468.09,0,27.83,ready,봉천 > 채석장 > 경부고속도로 양재천 다리 > 대치교 > 청담대교 중간지점 > 건대입구 > 망우,24.1938,14,"{""phase"":""A"",""startLLA"":{""lat"":37.482832,""lon"":126.942245,""alt"":0},""endLLA"":{""lat"":37.482832,""lon"":126.942245,""alt"":0},""targetSpeed"":3,""seq"":1}","{""phase"":""B"",""startLLA"":{""lat"":37.482832,""lon"":126.942245,""alt"":0},""endLLA"":{""lat"":37.482832,""lon"":126.942245,""alt"":15},""targetSpeed"":10,""seq"":2}","{""phase"":""C"",""startLLA"":{""lat"":37.482832,""lon"":126.942245,""alt"":15},""endLLA"":{""lat"":37.479398,""lon"":126.955183,""alt"":100},""targetSpeed"":36,""seq"":3}","{""phase"":""E"",""startLLA"":{""lat"":37.479398,""lon"":126.955183,""alt"":100},""endLLA"":{""lat"":37.471285,""lon"":126.985745,""alt"":265.41},""targetSpeed"":51.4,""seq"":4}","{""phase"":""E"",""startLLA"":{""lat"":37.471285,""lon"":126.985745,""alt"":265.41},""endLLA"":{""lat"":37.471336,""lon"":126.993456,""alt"":305},""targetSpeed"":51.4,""seq"":5}","{""phase"":""F"",""startLLA"":{""lat"":37.471336,""lon"":126.993456,""alt"":305},""endLLA"":{""lat"":37.471593,""lon"":127.032031,""alt"":305},""targetSpeed"":51.4,""seq"":6}","{""phase"":""F"",""startLLA"":{""lat"":37.471593,""lon"":127.032031,""alt"":305},""endLLA"":{""lat"":37.497702,""lon"":127.073855,""alt"":305},""targetSpeed"":51.4,""seq"":7}","{""phase"":""F"",""startLLA"":{""lat"":37.497702,""lon"":127.073855,""alt"":305},""endLLA"":{""lat"":37.526451,""lon"":127.064361,""alt"":305},""targetSpeed"":51.4,""seq"":8}","{""phase"":""F"",""startLLA"":{""lat"":37.526451,""lon"":127.064361,""alt"":305},""endLLA"":{""lat"":37.540426,""lon"":127.069298,""alt"":305},""targetSpeed"":51.4,""seq"":9}","{""phase"":""F"",""startLLA"":{""lat"":37.540426,""lon"":127.069298,""alt"":305},""endLLA"":{""lat"":37.557138,""lon"":127.0739,""alt"":305},""targetSpeed"":51.4,""seq"":10}","{""phase"":""G"",""startLLA"":{""lat"":37.557138,""lon"":127.0739,""alt"":305},""endLLA"":{""lat"":37.588105,""lon"":127.082427,""alt"":100},""targetSpeed"":36,""seq"":11}","{""phase"":""I"",""startLLA"":{""lat"":37.588105,""lon"":127.082427,""alt"":100},""endLLA"":{""lat"":37.596919,""lon"":127.084854,""alt"":15},""targetSpeed"":30,""seq"":12}","{""phase"":""J"",""startLLA"":{""lat"":37.596919,""lon"":127.084854,""alt"":15},""endLLA"":{""lat"":37.596919,""lon"":127.084854,""alt"":0},""targetSpeed"":10,""seq"":13}","{""phase"":""K"",""startLLA"":{""lat"":37.596919,""lon"":127.084854,""alt"":0},""endLLA"":{""lat"":37.596919,""lon"":127.084854,""alt"":0},""targetSpeed"":3,""seq"":14}",,,,,,,
98f166edc22f,2026-07-11,FPL0702002,UAM0135,a8,8,8,1,봉천,봉천,잠실,잠실,8,G2,F1,G7,F3,08:37:27,08:45:02,08:50:44,08:58:04,09:08:04,455.43,342.08,440,1237.5,9.71,0,ready,봉천 > 채석장 > 경부고속도로 양재천 다리 > 대치교 > 잠실,14.8146,12,"{""phase"":""A"",""startLLA"":{""lat"":37.482832,""lon"":126.942245,""alt"":0},""endLLA"":{""lat"":37.482832,""lon"":126.942245,""alt"":0},""targetSpeed"":3,""seq"":1}","{""phase"":""B"",""startLLA"":{""lat"":37.482832,""lon"":126.942245,""alt"":0},""endLLA"":{""lat"":37.482832,""lon"":126.942245,""alt"":15},""targetSpeed"":10,""seq"":2}","{""phase"":""C"",""startLLA"":{""lat"":37.482832,""lon"":126.942245,""alt"":15},""endLLA"":{""lat"":37.479397,""lon"":126.955186,""alt"":100},""targetSpeed"":36,""seq"":3}","{""phase"":""E"",""startLLA"":{""lat"":37.479397,""lon"":126.955186,""alt"":100},""endLLA"":{""lat"":37.471285,""lon"":126.985745,""alt"":265.36},""targetSpeed"":51.4,""seq"":4}","{""phase"":""E"",""startLLA"":{""lat"":37.471285,""lon"":126.985745,""alt"":265.36},""endLLA"":{""lat"":37.471336,""lon"":126.99347,""alt"":305},""targetSpeed"":51.4,""seq"":5}","{""phase"":""F"",""startLLA"":{""lat"":37.471336,""lon"":126.99347,""alt"":305},""endLLA"":{""lat"":37.471593,""lon"":127.032031,""alt"":305},""targetSpeed"":51.4,""seq"":6}","{""phase"":""F"",""startLLA"":{""lat"":37.471593,""lon"":127.032031,""alt"":305},""endLLA"":{""lat"":37.483526,""lon"":127.051147,""alt"":305},""targetSpeed"":51.4,""seq"":7}","{""phase"":""G"",""startLLA"":{""lat"":37.483526,""lon"":127.051147,""alt"":305},""endLLA"":{""lat"":37.497702,""lon"":127.073855,""alt"":156.75},""targetSpeed"":36,""seq"":8}","{""phase"":""G"",""startLLA"":{""lat"":37.497702,""lon"":127.073855,""alt"":156.75},""endLLA"":{""lat"":37.506266,""lon"":127.071433,""alt"":100},""targetSpeed"":36,""seq"":9}","{""phase"":""I"",""startLLA"":{""lat"":37.506266,""lon"":127.071433,""alt"":100},""endLLA"":{""lat"":37.515071,""lon"":127.068942,""alt"":15},""targetSpeed"":30,""seq"":10}","{""phase"":""J"",""startLLA"":{""lat"":37.515071,""lon"":127.068942,""alt"":15},""endLLA"":{""lat"":37.515071,""lon"":127.068942,""alt"":0},""targetSpeed"":10,""seq"":11}","{""phase"":""K"",""startLLA"":{""lat"":37.515071,""lon"":127.068942,""alt"":0},""endLLA"":{""lat"":37.515071,""lon"":127.068942,""alt"":0},""targetSpeed"":3,""seq"":12}",,,,,,,,,
98f166edc22f,2026-07-11,FPL0710002,UAM0130,a2,2,2,1,봉천,봉천,연신내,연신내,9,G4,F1,G7,F4,09:02:52,09:11:17,09:20:28,09:27:48,09:37:48,505.71,551.24,440,1496.96,0,161.25,ready,봉천 > 영등포 > 선유도 17고지 > 성산대교 중간지점 > 수색교 > 연신내,17.2775,13,"{""phase"":""A"",""startLLA"":{""lat"":37.482832,""lon"":126.942245,""alt"":0},""endLLA"":{""lat"":37.482832,""lon"":126.942245,""alt"":0},""targetSpeed"":3,""seq"":1}","{""phase"":""B"",""startLLA"":{""lat"":37.482832,""lon"":126.942245,""alt"":0},""endLLA"":{""lat"":37.482832,""lon"":126.942245,""alt"":15},""targetSpeed"":10,""seq"":2}","{""phase"":""C"",""startLLA"":{""lat"":37.482832,""lon"":126.942245,""alt"":15},""endLLA"":{""lat"":37.491176,""lon"":126.933559,""alt"":100},""targetSpeed"":36,""seq"":3}","{""phase"":""E"",""startLLA"":{""lat"":37.491176,""lon"":126.933559,""alt"":100},""endLLA"":{""lat"":37.515605,""lon"":126.908131,""alt"":305},""targetSpeed"":51.4,""seq"":4}","{""phase"":""F"",""startLLA"":{""lat"":37.515605,""lon"":126.908131,""alt"":305},""endLLA"":{""lat"":37.515965,""lon"":126.907756,""alt"":305},""targetSpeed"":51.4,""seq"":5}","{""phase"":""F"",""startLLA"":{""lat"":37.515965,""lon"":126.907756,""alt"":305},""endLLA"":{""lat"":37.542307,""lon"":126.90249,""alt"":305},""targetSpeed"":51.4,""seq"":6}","{""phase"":""F"",""startLLA"":{""lat"":37.542307,""lon"":126.90249,""alt"":305},""endLLA"":{""lat"":37.552574,""lon"":126.891431,""alt"":305},""targetSpeed"":51.4,""seq"":7}","{""phase"":""F"",""startLLA"":{""lat"":37.552574,""lon"":126.891431,""alt"":305},""endLLA"":{""lat"":37.583705,""lon"":126.886696,""alt"":305},""targetSpeed"":51.4,""seq"":8}","{""phase"":""G"",""startLLA"":{""lat"":37.583705,""lon"":126.886696,""alt"":305},""endLLA"":{""lat"":37.586283,""lon"":126.886304,""alt"":288.2},""targetSpeed"":36,""seq"":9}","{""phase"":""G"",""startLLA"":{""lat"":37.586283,""lon"":126.886304,""alt"":288.2},""endLLA"":{""lat"":37.605261,""lon"":126.914122,""alt"":100},""targetSpeed"":36,""seq"":10}","{""phase"":""I"",""startLLA"":{""lat"":37.605261,""lon"":126.914122,""alt"":100},""endLLA"":{""lat"":37.611145,""lon"":126.922747,""alt"":15},""targetSpeed"":30,""seq"":11}","{""phase"":""J"",""startLLA"":{""lat"":37.611145,""lon"":126.922747,""alt"":15},""endLLA"":{""lat"":37.611145,""lon"":126.922747,""alt"":0},""targetSpeed"":10,""seq"":12}","{""phase"":""K"",""startLLA"":{""lat"":37.611145,""lon"":126.922747,""alt"":0},""endLLA"":{""lat"":37.611145,""lon"":126.922747,""alt"":0},""targetSpeed"":3,""seq"":13}",,,,,,,,
98f166edc22f,2026-07-11,FPL0711003,UAM0128,a8,8,8,1,봉천,봉천,천호,천호,9,G8,F1,G3,F4,09:08:03,09:16:54,09:25:44,09:33:28,09:43:28,531.66,530.13,463.48,1525.27,25.94,72.3,ready,봉천 > 채석장 > 경부고속도로 양재천 다리 > 대치교 > 청담대교 중간지점 > 잠실대교 중간지점 > 천호,21.9712,14,"{""phase"":""A"",""startLLA"":{""lat"":37.482832,""lon"":126.942245,""alt"":0},""endLLA"":{""lat"":37.482832,""lon"":126.942245,""alt"":0},""targetSpeed"":3,""seq"":1}","{""phase"":""B"",""startLLA"":{""lat"":37.482832,""lon"":126.942245,""alt"":0},""endLLA"":{""lat"":37.482832,""lon"":126.942245,""alt"":15},""targetSpeed"":10,""seq"":2}","{""phase"":""C"",""startLLA"":{""lat"":37.482832,""lon"":126.942245,""alt"":15},""endLLA"":{""lat"":37.479397,""lon"":126.955184,""alt"":100},""targetSpeed"":36,""seq"":3}","{""phase"":""E"",""startLLA"":{""lat"":37.479397,""lon"":126.955184,""alt"":100},""endLLA"":{""lat"":37.471285,""lon"":126.985745,""alt"":265.4},""targetSpeed"":51.4,""seq"":4}","{""phase"":""E"",""startLLA"":{""lat"":37.471285,""lon"":126.985745,""alt"":265.4},""endLLA"":{""lat"":37.471336,""lon"":126.993461,""alt"":305},""targetSpeed"":51.4,""seq"":5}","{""phase"":""F"",""startLLA"":{""lat"":37.471336,""lon"":126.993461,""alt"":305},""endLLA"":{""lat"":37.471593,""lon"":127.032031,""alt"":305},""targetSpeed"":51.4,""seq"":6}","{""phase"":""F"",""startLLA"":{""lat"":37.471593,""lon"":127.032031,""alt"":305},""endLLA"":{""lat"":37.497702,""lon"":127.073855,""alt"":305},""targetSpeed"":51.4,""seq"":7}","{""phase"":""F"",""startLLA"":{""lat"":37.497702,""lon"":127.073855,""alt"":305},""endLLA"":{""lat"":37.526451,""lon"":127.064361,""alt"":305},""targetSpeed"":51.4,""seq"":8}","{""phase"":""F"",""startLLA"":{""lat"":37.526451,""lon"":127.064361,""alt"":305},""endLLA"":{""lat"":37.525291,""lon"":127.078987,""alt"":305},""targetSpeed"":51.4,""seq"":9}","{""phase"":""G"",""startLLA"":{""lat"":37.525291,""lon"":127.078987,""alt"":305},""endLLA"":{""lat"":37.524288,""lon"":127.091639,""alt"":239.78},""targetSpeed"":36,""seq"":10}","{""phase"":""G"",""startLLA"":{""lat"":37.524288,""lon"":127.091639,""alt"":239.78},""endLLA"":{""lat"":37.539417,""lon"":127.111104,""alt"":100},""targetSpeed"":36,""seq"":11}","{""phase"":""I"",""startLLA"":{""lat"":37.539417,""lon"":127.111104,""alt"":100},""endLLA"":{""lat"":37.545733,""lon"":127.11923,""alt"":15},""targetSpeed"":30,""seq"":12}","{""phase"":""J"",""startLLA"":{""lat"":37.545733,""lon"":127.11923,""alt"":15},""endLLA"":{""lat"":37.545733,""lon"":127.11923,""alt"":0},""targetSpeed"":10,""seq"":13}","{""phase"":""K"",""startLLA"":{""lat"":37.545733,""lon"":127.11923,""alt"":0},""endLLA"":{""lat"":37.545733,""lon"":127.11923,""alt"":0},""targetSpeed"":3,""seq"":14}",,,,,,,
98f166edc22f,2026-07-11,FPL0715005,UAM0080,a8,8,8,1,봉천,봉천,마곡,마곡,9,G3,F2,G7,F3,09:09:55,09:17:50,09:27:25,09:34:45,09:44:45,475.71,574.43,440,1490.14,0,54.43,ready,봉천 > 영등포 > 목동교 > 염창교 > 가양대교 남단 > 마곡,18.2733,13,"{""phase"":""A"",""startLLA"":{""lat"":37.482832,""lon"":126.942245,""alt"":0},""endLLA"":{""lat"":37.482832,""lon"":126.942245,""alt"":0},""targetSpeed"":3,""seq"":1}","{""phase"":""B"",""startLLA"":{""lat"":37.482832,""lon"":126.942245,""alt"":0},""endLLA"":{""lat"":37.482832,""lon"":126.942245,""alt"":15},""targetSpeed"":10,""seq"":2}","{""phase"":""C"",""startLLA"":{""lat"":37.482832,""lon"":126.942245,""alt"":15},""endLLA"":{""lat"":37.491176,""lon"":126.933559,""alt"":100},""targetSpeed"":36,""seq"":3}","{""phase"":""E"",""startLLA"":{""lat"":37.491176,""lon"":126.933559,""alt"":100},""endLLA"":{""lat"":37.515605,""lon"":126.908131,""alt"":305},""targetSpeed"":51.4,""seq"":4}","{""phase"":""F"",""startLLA"":{""lat"":37.515605,""lon"":126.908131,""alt"":305},""endLLA"":{""lat"":37.515965,""lon"":126.907756,""alt"":305},""targetSpeed"":51.4,""seq"":5}","{""phase"":""F"",""startLLA"":{""lat"":37.515965,""lon"":126.907756,""alt"":305},""endLLA"":{""lat"":37.530667,""lon"":126.888262,""alt"":305},""targetSpeed"":51.4,""seq"":6}","{""phase"":""F"",""startLLA"":{""lat"":37.530667,""lon"":126.888262,""alt"":305},""endLLA"":{""lat"":37.553824,""lon"":126.875819,""alt"":305},""targetSpeed"":51.4,""seq"":7}","{""phase"":""F"",""startLLA"":{""lat"":37.553824,""lon"":126.875819,""alt"":305},""endLLA"":{""lat"":37.569391,""lon"":126.861026,""alt"":305},""targetSpeed"":51.4,""seq"":8}","{""phase"":""F"",""startLLA"":{""lat"":37.569391,""lon"":126.861026,""alt"":305},""endLLA"":{""lat"":37.567854,""lon"":126.842862,""alt"":305},""targetSpeed"":51.4,""seq"":9}","{""phase"":""G"",""startLLA"":{""lat"":37.567854,""lon"":126.842862,""alt"":305},""endLLA"":{""lat"":37.564492,""lon"":126.803118,""alt"":100},""targetSpeed"":36,""seq"":10}","{""phase"":""I"",""startLLA"":{""lat"":37.564492,""lon"":126.803118,""alt"":100},""endLLA"":{""lat"":37.563535,""lon"":126.791805,""alt"":15},""targetSpeed"":30,""seq"":11}","{""phase"":""J"",""startLLA"":{""lat"":37.563535,""lon"":126.791805,""alt"":15},""endLLA"":{""lat"":37.563535,""lon"":126.791805,""alt"":0},""targetSpeed"":10,""seq"":12}","{""phase"":""K"",""startLLA"":{""lat"":37.563535,""lon"":126.791805,""alt"":0},""endLLA"":{""lat"":37.563535,""lon"":126.791805,""alt"":0},""targetSpeed"":3,""seq"":13}",,,,,,,,
98f166edc22f,2026-07-11,FPL0709005,UAM0034,a2,2,2,1,봉천,봉천,성수,성수,9,G7,F1,G7,F3,09:12:58,09:22:20,09:30:46,09:38:06,09:48:06,562.37,505.99,440,1508.36,86.66,90.65,ready,봉천 > 채석장 > 경부고속도로 양재천 다리 > 대치교 > 청담대교 중간지점 > 성수,18.5804,13,"{""phase"":""A"",""startLLA"":{""lat"":37.482832,""lon"":126.942245,""alt"":0},""endLLA"":{""lat"":37.482832,""lon"":126.942245,""alt"":0},""targetSpeed"":3,""seq"":1}","{""phase"":""B"",""startLLA"":{""lat"":37.482832,""lon"":126.942245,""alt"":0},""endLLA"":{""lat"":37.482832,""lon"":126.942245,""alt"":15},""targetSpeed"":10,""seq"":2}","{""phase"":""C"",""startLLA"":{""lat"":37.482832,""lon"":126.942245,""alt"":15},""endLLA"":{""lat"":37.479397,""lon"":126.955184,""alt"":100},""targetSpeed"":36,""seq"":3}","{""phase"":""E"",""startLLA"":{""lat"":37.479397,""lon"":126.955184,""alt"":100},""endLLA"":{""lat"":37.471285,""lon"":126.985745,""alt"":265.38},""targetSpeed"":51.4,""seq"":4}","{""phase"":""E"",""startLLA"":{""lat"":37.471285,""lon"":126.985745,""alt"":265.38},""endLLA"":{""lat"":37.471336,""lon"":126.993464,""alt"":305},""targetSpeed"":51.4,""seq"":5}","{""phase"":""F"",""startLLA"":{""lat"":37.471336,""lon"":126.993464,""alt"":305},""endLLA"":{""lat"":37.471593,""lon"":127.032031,""alt"":305},""targetSpeed"":51.4,""seq"":6}","{""phase"":""F"",""startLLA"":{""lat"":37.471593,""lon"":127.032031,""alt"":305},""endLLA"":{""lat"":37.497702,""lon"":127.073855,""alt"":305},""targetSpeed"":51.4,""seq"":7}","{""phase"":""F"",""startLLA"":{""lat"":37.497702,""lon"":127.073855,""alt"":305},""endLLA"":{""lat"":37.508255,""lon"":127.07037,""alt"":305},""targetSpeed"":51.4,""seq"":8}","{""phase"":""G"",""startLLA"":{""lat"":37.508255,""lon"":127.07037,""alt"":305},""endLLA"":{""lat"":37.526451,""lon"":127.064361,""alt"":183.36},""targetSpeed"":36,""seq"":9}","{""phase"":""G"",""startLLA"":{""lat"":37.526451,""lon"":127.064361,""alt"":183.36},""endLLA"":{""lat"":37.533784,""lon"":127.050993,""alt"":100},""targetSpeed"":36,""seq"":10}","{""phase"":""I"",""startLLA"":{""lat"":37.533784,""lon"":127.050993,""alt"":100},""endLLA"":{""lat"":37.538917,""lon"":127.041635,""alt"":15},""targetSpeed"":30,""seq"":11}","{""phase"":""J"",""startLLA"":{""lat"":37.538917,""lon"":127.041635,""alt"":15},""endLLA"":{""lat"":37.538917,""lon"":127.041635,""alt"":0},""targetSpeed"":10,""seq"":12}","{""phase"":""K"",""startLLA"":{""lat"":37.538917,""lon"":127.041635,""alt"":0},""endLLA"":{""lat"":37.538917,""lon"":127.041635,""alt"":0},""targetSpeed"":3,""seq"":13}",,,,,,,,
98f166edc22f,2026-07-11,FPL0717003,UAM0013,a6,6,6,1,봉천,봉천,수서,수서,9,G2,F1,G8,F3,09:20:39,09:28:04,09:35:49,09:42:39,09:52:39,445.71,464.45,410,1320.17,0,129.69,ready,봉천 > 채석장 > 경부고속도로 양재천 다리 > 수서,14.439,11,"{""phase"":""A"",""startLLA"":{""lat"":37.482832,""lon"":126.942245,""alt"":0},""endLLA"":{""lat"":37.482832,""lon"":126.942245,""alt"":0},""targetSpeed"":3,""seq"":1}","{""phase"":""B"",""startLLA"":{""lat"":37.482832,""lon"":126.942245,""alt"":0},""endLLA"":{""lat"":37.482832,""lon"":126.942245,""alt"":15},""targetSpeed"":10,""seq"":2}","{""phase"":""C"",""startLLA"":{""lat"":37.482832,""lon"":126.942245,""alt"":15},""endLLA"":{""lat"":37.479396,""lon"":126.955188,""alt"":100},""targetSpeed"":36,""seq"":3}","{""phase"":""E"",""startLLA"":{""lat"":37.479396,""lon"":126.955188,""alt"":100},""endLLA"":{""lat"":37.471285,""lon"":126.985745,""alt"":265.31},""targetSpeed"":51.4,""seq"":4}","{""phase"":""E"",""startLLA"":{""lat"":37.471285,""lon"":126.985745,""alt"":265.31},""endLLA"":{""lat"":37.471336,""lon"":126.99348,""alt"":305},""targetSpeed"":51.4,""seq"":5}","{""phase"":""F"",""startLLA"":{""lat"":37.471336,""lon"":126.99348,""alt"":305},""endLLA"":{""lat"":37.471593,""lon"":127.032031,""alt"":305},""targetSpeed"":51.4,""seq"":6}","{""phase"":""F"",""startLLA"":{""lat"":37.471593,""lon"":127.032031,""alt"":305},""endLLA"":{""lat"":37.476051,""lon"":127.051318,""alt"":305},""targetSpeed"":51.4,""seq"":7}","{""phase"":""G"",""startLLA"":{""lat"":37.476051,""lon"":127.051318,""alt"":305},""endLLA"":{""lat"":37.484917,""lon"":127.089683,""alt"":100},""targetSpeed"":36,""seq"":8}","{""phase"":""I"",""startLLA"":{""lat"":37.484917,""lon"":127.089683,""alt"":100},""endLLA"":{""lat"":37.487441,""lon"":127.100603,""alt"":15},""targetSpeed"":30,""seq"":9}","{""phase"":""J"",""startLLA"":{""lat"":37.487441,""lon"":127.100603,""alt"":15},""endLLA"":{""lat"":37.487441,""lon"":127.100603,""alt"":0},""targetSpeed"":10,""seq"":10}","{""phase"":""K"",""startLLA"":{""lat"":37.487441,""lon"":127.100603,""alt"":0},""endLLA"":{""lat"":37.487441,""lon"":127.100603,""alt"":0},""targetSpeed"":3,""seq"":11}",,,,,,,,,,
98f166edc22f,2026-07-11,FPL0702003,UAM0122,a2,2,2,1,봉천,봉천,잠실,잠실,9,G4,F1,G8,F3,09:30:01,09:38:26,09:44:08,09:50:58,10:00:58,505.71,342.08,410,1257.79,0,0,ready,봉천 > 채석장 > 경부고속도로 양재천 다리 > 대치교 > 잠실,14.8146,12,"{""phase"":""A"",""startLLA"":{""lat"":37.482832,""lon"":126.942245,""alt"":0},""endLLA"":{""lat"":37.482832,""lon"":126.942245,""alt"":0},""targetSpeed"":3,""seq"":1}","{""phase"":""B"",""startLLA"":{""lat"":37.482832,""lon"":126.942245,""alt"":0},""endLLA"":{""lat"":37.482832,""lon"":126.942245,""alt"":15},""targetSpeed"":10,""seq"":2}","{""phase"":""C"",""startLLA"":{""lat"":37.482832,""lon"":126.942245,""alt"":15},""endLLA"":{""lat"":37.479397,""lon"":126.955186,""alt"":100},""targetSpeed"":36,""seq"":3}","{""phase"":""E"",""startLLA"":{""lat"":37.479397,""lon"":126.955186,""alt"":100},""endLLA"":{""lat"":37.471285,""lon"":126.985745,""alt"":265.36},""targetSpeed"":51.4,""seq"":4}","{""phase"":""E"",""startLLA"":{""lat"":37.471285,""lon"":126.985745,""alt"":265.36},""endLLA"":{""lat"":37.471336,""lon"":126.99347,""alt"":305},""targetSpeed"":51.4,""seq"":5}","{""phase"":""F"",""startLLA"":{""lat"":37.471336,""lon"":126.99347,""alt"":305},""endLLA"":{""lat"":37.471593,""lon"":127.032031,""alt"":305},""targetSpeed"":51.4,""seq"":6}","{""phase"":""F"",""startLLA"":{""lat"":37.471593,""lon"":127.032031,""alt"":305},""endLLA"":{""lat"":37.483526,""lon"":127.051147,""alt"":305},""targetSpeed"":51.4,""seq"":7}","{""phase"":""G"",""startLLA"":{""lat"":37.483526,""lon"":127.051147,""alt"":305},""endLLA"":{""lat"":37.497702,""lon"":127.073855,""alt"":156.75},""targetSpeed"":36,""seq"":8}","{""phase"":""G"",""startLLA"":{""lat"":37.497702,""lon"":127.073855,""alt"":156.75},""endLLA"":{""lat"":37.506266,""lon"":127.071433,""alt"":100},""targetSpeed"":36,""seq"":9}","{""phase"":""I"",""startLLA"":{""lat"":37.506266,""lon"":127.071433,""alt"":100},""endLLA"":{""lat"":37.515071,""lon"":127.068942,""alt"":15},""targetSpeed"":30,""seq"":10}","{""phase"":""J"",""startLLA"":{""lat"":37.515071,""lon"":127.068942,""alt"":15},""endLLA"":{""lat"":37.515071,""lon"":127.068942,""alt"":0},""targetSpeed"":10,""seq"":11}","{""phase"":""K"",""startLLA"":{""lat"":37.515071,""lon"":127.068942,""alt"":0},""endLLA"":{""lat"":37.515071,""lon"":127.068942,""alt"":0},""targetSpeed"":3,""seq"":12}",,,,,,,,,
98f166edc22f,2026-07-11,FPL0709006,UAM0129,a2,2,2,1,봉천,봉천,성수,성수,9,G8,F1,G8,F4,09:38:00,09:46:25,09:53:21,10:00:38,10:10:38,505.71,415.34,437.61,1358.66,0,27.61,ready,봉천 > 채석장 > 경부고속도로 양재천 다리 > 대치교 > 청담대교 중간지점 > 성수,18.5804,13,"{""phase"":""A"",""startLLA"":{""lat"":37.482832,""lon"":126.942245,""alt"":0},""endLLA"":{""lat"":37.482832,""lon"":126.942245,""alt"":0},""targetSpeed"":3,""seq"":1}","{""phase"":""B"",""startLLA"":{""lat"":37.482832,""lon"":126.942245,""alt"":0},""endLLA"":{""lat"":37.482832,""lon"":126.942245,""alt"":15},""targetSpeed"":10,""seq"":2}","{""phase"":""C"",""startLLA"":{""lat"":37.482832,""lon"":126.942245,""alt"":15},""endLLA"":{""lat"":37.479397,""lon"":126.955184,""alt"":100},""targetSpeed"":36,""seq"":3}","{""phase"":""E"",""startLLA"":{""lat"":37.479397,""lon"":126.955184,""alt"":100},""endLLA"":{""lat"":37.471285,""lon"":126.985745,""alt"":265.38},""targetSpeed"":51.4,""seq"":4}","{""phase"":""E"",""startLLA"":{""lat"":37.471285,""lon"":126.985745,""alt"":265.38},""endLLA"":{""lat"":37.471336,""lon"":126.993464,""alt"":305},""targetSpeed"":51.4,""seq"":5}","{""phase"":""F"",""startLLA"":{""lat"":37.471336,""lon"":126.993464,""alt"":305},""endLLA"":{""lat"":37.471593,""lon"":127.032031,""alt"":305},""targetSpeed"":51.4,""seq"":6}","{""phase"":""F"",""startLLA"":{""lat"":37.471593,""lon"":127.032031,""alt"":305},""endLLA"":{""lat"":37.497702,""lon"":127.073855,""alt"":305},""targetSpeed"":51.4,""seq"":7}","{""phase"":""F"",""startLLA"":{""lat"":37.497702,""lon"":127.073855,""alt"":305},""endLLA"":{""lat"":37.508255,""lon"":127.07037,""alt"":305},""targetSpeed"":51.4,""seq"":8}","{""phase"":""G"",""startLLA"":{""lat"":37.508255,""lon"":127.07037,""alt"":305},""endLLA"":{""lat"":37.526451,""lon"":127.064361,""alt"":183.36},""targetSpeed"":36,""seq"":9}","{""phase"":""G"",""startLLA"":{""lat"":37.526451,""lon"":127.064361,""alt"":183.36},""endLLA"":{""lat"":37.533784,""lon"":127.050993,""alt"":100},""targetSpeed"":36,""seq"":10}","{""phase"":""I"",""startLLA"":{""lat"":37.533784,""lon"":127.050993,""alt"":100},""endLLA"":{""lat"":37.538917,""lon"":127.041635,""alt"":15},""targetSpeed"":30,""seq"":11}","{""phase"":""J"",""startLLA"":{""lat"":37.538917,""lon"":127.041635,""alt"":15},""endLLA"":{""lat"":37.538917,""lon"":127.041635,""alt"":0},""targetSpeed"":10,""seq"":12}","{""phase"":""K"",""startLLA"":{""lat"":37.538917,""lon"":127.041635,""alt"":0},""endLLA"":{""lat"":37.538917,""lon"":127.041635,""alt"":0},""targetSpeed"":3,""seq"":13}",,,,,,,,
98f166edc22f,2026-07-11,FPL0710003,UAM0004,a4,4,4,1,봉천,봉천,연신내,연신내,9,G3,F2,G2,F3,09:40:45,09:48:40,09:57:47,10:05:37,10:15:37,475.71,547.04,470,1492.76,0,157.05,ready,봉천 > 영등포 > 선유도 17고지 > 성산대교 중간지점 > 수색교 > 연신내,17.2775,13,"{""phase"":""A"",""startLLA"":{""lat"":37.482832,""lon"":126.942245,""alt"":0},""endLLA"":{""lat"":37.482832,""lon"":126.942245,""alt"":0},""targetSpeed"":3,""seq"":1}","{""phase"":""B"",""startLLA"":{""lat"":37.482832,""lon"":126.942245,""alt"":0},""endLLA"":{""lat"":37.482832,""lon"":126.942245,""alt"":15},""targetSpeed"":10,""seq"":2}","{""phase"":""C"",""startLLA"":{""lat"":37.482832,""lon"":126.942245,""alt"":15},""endLLA"":{""lat"":37.491176,""lon"":126.933559,""alt"":100},""targetSpeed"":36,""seq"":3}","{""phase"":""E"",""startLLA"":{""lat"":37.491176,""lon"":126.933559,""alt"":100},""endLLA"":{""lat"":37.515605,""lon"":126.908131,""alt"":305},""targetSpeed"":51.4,""seq"":4}","{""phase"":""F"",""startLLA"":{""lat"":37.515605,""lon"":126.908131,""alt"":305},""endLLA"":{""lat"":37.515965,""lon"":126.907756,""alt"":305},""targetSpeed"":51.4,""seq"":5}","{""phase"":""F"",""startLLA"":{""lat"":37.515965,""lon"":126.907756,""alt"":305},""endLLA"":{""lat"":37.542307,""lon"":126.90249,""alt"":305},""targetSpeed"":51.4,""seq"":6}","{""phase"":""F"",""startLLA"":{""lat"":37.542307,""lon"":126.90249,""alt"":305},""endLLA"":{""lat"":37.552574,""lon"":126.891431,""alt"":305},""targetSpeed"":51.4,""seq"":7}","{""phase"":""F"",""startLLA"":{""lat"":37.552574,""lon"":126.891431,""alt"":305},""endLLA"":{""lat"":37.583705,""lon"":126.886696,""alt"":305},""targetSpeed"":51.4,""seq"":8}","{""phase"":""G"",""startLLA"":{""lat"":37.583705,""lon"":126.886696,""alt"":305},""endLLA"":{""lat"":37.586283,""lon"":126.886304,""alt"":288.2},""targetSpeed"":36,""seq"":9}","{""phase"":""G"",""startLLA"":{""lat"":37.586283,""lon"":126.886304,""alt"":288.2},""endLLA"":{""lat"":37.605261,""lon"":126.914122,""alt"":100},""targetSpeed"":36,""seq"":10}","{""phase"":""I"",""startLLA"":{""lat"":37.605261,""lon"":126.914122,""alt"":100},""endLLA"":{""lat"":37.611145,""lon"":126.922747,""alt"":15},""targetSpeed"":30,""seq"":11}","{""phase"":""J"",""startLLA"":{""lat"":37.611145,""lon"":126.922747,""alt"":15},""endLLA"":{""lat"":37.611145,""lon"":126.922747,""alt"":0},""targetSpeed"":10,""seq"":12}","{""phase"":""K"",""startLLA"":{""lat"":37.611145,""lon"":126.922747,""alt"":0},""endLLA"":{""lat"":37.611145,""lon"":126.922747,""alt"":0},""targetSpeed"":3,""seq"":13}",,,,,,,,
98f166edc22f,2026-07-11,FPL0716004,UAM0134,a6,6,5,0.8333,봉천,봉천,망우,망우,9,G4,F1,G7,F3,09:57:09,10:05:34,10:14:58,10:22:18,10:32:18,505.71,563.38,440,1509.09,0,38.83,ready,봉천 > 채석장 > 경부고속도로 양재천 다리 > 대치교 > 청담대교 중간지점 > 건대입구 > 망우,24.1938,14,"{""phase"":""A"",""startLLA"":{""lat"":37.482832,""lon"":126.942245,""alt"":0},""endLLA"":{""lat"":37.482832,""lon"":126.942245,""alt"":0},""targetSpeed"":3,""seq"":1}","{""phase"":""B"",""startLLA"":{""lat"":37.482832,""lon"":126.942245,""alt"":0},""endLLA"":{""lat"":37.482832,""lon"":126.942245,""alt"":15},""targetSpeed"":10,""seq"":2}","{""phase"":""C"",""startLLA"":{""lat"":37.482832,""lon"":126.942245,""alt"":15},""endLLA"":{""lat"":37.479398,""lon"":126.955183,""alt"":100},""targetSpeed"":36,""seq"":3}","{""phase"":""E"",""startLLA"":{""lat"":37.479398,""lon"":126.955183,""alt"":100},""endLLA"":{""lat"":37.471285,""lon"":126.985745,""alt"":265.41},""targetSpeed"":51.4,""seq"":4}","{""phase"":""E"",""startLLA"":{""lat"":37.471285,""lon"":126.985745,""alt"":265.41},""endLLA"":{""lat"":37.471336,""lon"":126.993456,""alt"":305},""targetSpeed"":51.4,""seq"":5}","{""phase"":""F"",""startLLA"":{""lat"":37.471336,""lon"":126.993456,""alt"":305},""endLLA"":{""lat"":37.471593,""lon"":127.032031,""alt"":305},""targetSpeed"":51.4,""seq"":6}","{""phase"":""F"",""startLLA"":{""lat"":37.471593,""lon"":127.032031,""alt"":305},""endLLA"":{""lat"":37.497702,""lon"":127.073855,""alt"":305},""targetSpeed"":51.4,""seq"":7}","{""phase"":""F"",""startLLA"":{""lat"":37.497702,""lon"":127.073855,""alt"":305},""endLLA"":{""lat"":37.526451,""lon"":127.064361,""alt"":305},""targetSpeed"":51.4,""seq"":8}","{""phase"":""F"",""startLLA"":{""lat"":37.526451,""lon"":127.064361,""alt"":305},""endLLA"":{""lat"":37.540426,""lon"":127.069298,""alt"":305},""targetSpeed"":51.4,""seq"":9}","{""phase"":""F"",""startLLA"":{""lat"":37.540426,""lon"":127.069298,""alt"":305},""endLLA"":{""lat"":37.557138,""lon"":127.0739,""alt"":305},""targetSpeed"":51.4,""seq"":10}","{""phase"":""G"",""startLLA"":{""lat"":37.557138,""lon"":127.0739,""alt"":305},""endLLA"":{""lat"":37.588105,""lon"":127.082427,""alt"":100},""targetSpeed"":36,""seq"":11}","{""phase"":""I"",""startLLA"":{""lat"":37.588105,""lon"":127.082427,""alt"":100},""endLLA"":{""lat"":37.596919,""lon"":127.084854,""alt"":15},""targetSpeed"":30,""seq"":12}","{""phase"":""J"",""startLLA"":{""lat"":37.596919,""lon"":127.084854,""alt"":15},""endLLA"":{""lat"":37.596919,""lon"":127.084854,""alt"":0},""targetSpeed"":10,""seq"":13}","{""phase"":""K"",""startLLA"":{""lat"":37.596919,""lon"":127.084854,""alt"":0},""endLLA"":{""lat"":37.596919,""lon"":127.084854,""alt"":0},""targetSpeed"":3,""seq"":14}",,,,,,,
98f166edc22f,2026-07-11,FPL0702004,UAM0052,a4,4,4,1,봉천,봉천,잠실,잠실,10,G8,F1,G3,F3,10:05:16,10:13:41,10:19:23,10:26:43,10:36:43,505.71,342.08,440,1287.79,0,0,ready,봉천 > 채석장 > 경부고속도로 양재천 다리 > 대치교 > 잠실,14.8146,12,"{""phase"":""A"",""startLLA"":{""lat"":37.482832,""lon"":126.942245,""alt"":0},""endLLA"":{""lat"":37.482832,""lon"":126.942245,""alt"":0},""targetSpeed"":3,""seq"":1}","{""phase"":""B"",""startLLA"":{""lat"":37.482832,""lon"":126.942245,""alt"":0},""endLLA"":{""lat"":37.482832,""lon"":126.942245,""alt"":15},""targetSpeed"":10,""seq"":2}","{""phase"":""C"",""startLLA"":{""lat"":37.482832,""lon"":126.942245,""alt"":15},""endLLA"":{""lat"":37.479397,""lon"":126.955186,""alt"":100},""targetSpeed"":36,""seq"":3}","{""phase"":""E"",""startLLA"":{""lat"":37.479397,""lon"":126.955186,""alt"":100},""endLLA"":{""lat"":37.471285,""lon"":126.985745,""alt"":265.36},""targetSpeed"":51.4,""seq"":4}","{""phase"":""E"",""startLLA"":{""lat"":37.471285,""lon"":126.985745,""alt"":265.36},""endLLA"":{""lat"":37.471336,""lon"":126.99347,""alt"":305},""targetSpeed"":51.4,""seq"":5}","{""phase"":""F"",""startLLA"":{""lat"":37.471336,""lon"":126.99347,""alt"":305},""endLLA"":{""lat"":37.471593,""lon"":127.032031,""alt"":305},""targetSpeed"":51.4,""seq"":6}","{""phase"":""F"",""startLLA"":{""lat"":37.471593,""lon"":127.032031,""alt"":305},""endLLA"":{""lat"":37.483526,""lon"":127.051147,""alt"":305},""targetSpeed"":51.4,""seq"":7}","{""phase"":""G"",""startLLA"":{""lat"":37.483526,""lon"":127.051147,""alt"":305},""endLLA"":{""lat"":37.497702,""lon"":127.073855,""alt"":156.75},""targetSpeed"":36,""seq"":8}","{""phase"":""G"",""startLLA"":{""lat"":37.497702,""lon"":127.073855,""alt"":156.75},""endLLA"":{""lat"":37.506266,""lon"":127.071433,""alt"":100},""targetSpeed"":36,""seq"":9}","{""phase"":""I"",""startLLA"":{""lat"":37.506266,""lon"":127.071433,""alt"":100},""endLLA"":{""lat"":37.515071,""lon"":127.068942,""alt"":15},""targetSpeed"":30,""seq"":10}","{""phase"":""J"",""startLLA"":{""lat"":37.515071,""lon"":127.068942,""alt"":15},""endLLA"":{""lat"":37.515071,""lon"":127.068942,""alt"":0},""targetSpeed"":10,""seq"":11}","{""phase"":""K"",""startLLA"":{""lat"":37.515071,""lon"":127.068942,""alt"":0},""endLLA"":{""lat"":37.515071,""lon"":127.068942,""alt"":0},""targetSpeed"":3,""seq"":12}",,,,,,,,,
98f166edc22f,2026-07-11,FPL0706005,UAM0130,a2,2,2,1,봉천,봉천,미아,미아,10,G3,F2,G3,F3,10:10:36,10:18:31,10:31:26,10:38:46,10:48:46,475.71,774.57,440,1690.29,0,118.17,ready,봉천 > 채석장 > 경부고속도로 양재천 다리 > 대치교 > 청담대교 중간지점 > 건대입구 > 중랑천 제방길 > 상봉 > 월릉교 > 미아,30.9711,17,"{""phase"":""A"",""startLLA"":{""lat"":37.482832,""lon"":126.942245,""alt"":0},""endLLA"":{""lat"":37.482832,""lon"":126.942245,""alt"":0},""targetSpeed"":3,""seq"":1}","{""phase"":""B"",""startLLA"":{""lat"":37.482832,""lon"":126.942245,""alt"":0},""endLLA"":{""lat"":37.482832,""lon"":126.942245,""alt"":15},""targetSpeed"":10,""seq"":2}","{""phase"":""C"",""startLLA"":{""lat"":37.482832,""lon"":126.942245,""alt"":15},""endLLA"":{""lat"":37.479399,""lon"":126.95518,""alt"":100},""targetSpeed"":36,""seq"":3}","{""phase"":""E"",""startLLA"":{""lat"":37.479399,""lon"":126.95518,""alt"":100},""endLLA"":{""lat"":37.471285,""lon"":126.985745,""alt"":265.47},""targetSpeed"":51.4,""seq"":4}","{""phase"":""E"",""startLLA"":{""lat"":37.471285,""lon"":126.985745,""alt"":265.47},""endLLA"":{""lat"":37.471336,""lon"":126.993444,""alt"":305},""targetSpeed"":51.4,""seq"":5}","{""phase"":""F"",""startLLA"":{""lat"":37.471336,""lon"":126.993444,""alt"":305},""endLLA"":{""lat"":37.471593,""lon"":127.032031,""alt"":305},""targetSpeed"":51.4,""seq"":6}","{""phase"":""F"",""startLLA"":{""lat"":37.471593,""lon"":127.032031,""alt"":305},""endLLA"":{""lat"":37.497702,""lon"":127.073855,""alt"":305},""targetSpeed"":51.4,""seq"":7}","{""phase"":""F"",""startLLA"":{""lat"":37.497702,""lon"":127.073855,""alt"":305},""endLLA"":{""lat"":37.526451,""lon"":127.064361,""alt"":305},""targetSpeed"":51.4,""seq"":8}","{""phase"":""F"",""startLLA"":{""lat"":37.526451,""lon"":127.064361,""alt"":305},""endLLA"":{""lat"":37.540426,""lon"":127.069298,""alt"":305},""targetSpeed"":51.4,""seq"":9}","{""phase"":""F"",""startLLA"":{""lat"":37.540426,""lon"":127.069298,""alt"":305},""endLLA"":{""lat"":37.580774,""lon"":127.077387,""alt"":305},""targetSpeed"":51.4,""seq"":10}","{""phase"":""F"",""startLLA"":{""lat"":37.580774,""lon"":127.077387,""alt"":305},""endLLA"":{""lat"":37.596919,""lon"":127.084854,""alt"":305},""targetSpeed"":51.4,""seq"":11}","{""phase"":""F"",""startLLA"":{""lat"":37.596919,""lon"":127.084854,""alt"":305},""endLLA"":{""lat"":37.614352,""lon"":127.072725,""alt"":305},""targetSpeed"":51.4,""seq"":12}","{""phase"":""G"",""startLLA"":{""lat"":37.614352,""lon"":127.072725,""alt"":305},""endLLA"":{""lat"":37.616266,""lon"":127.071394,""alt"":290.86},""targetSpeed"":36,""seq"":13}","{""phase"":""G"",""startLLA"":{""lat"":37.616266,""lon"":127.071394,""alt"":290.86},""endLLA"":{""lat"":37.626943,""lon"":127.036669,""alt"":100},""targetSpeed"":36,""seq"":14}","{""phase"":""I"",""startLLA"":{""lat"":37.626943,""lon"":127.036669,""alt"":100},""endLLA"":{""lat"":37.630207,""lon"":127.026053,""alt"":15},""targetSpeed"":30,""seq"":15}","{""phase"":""J"",""startLLA"":{""lat"":37.630207,""lon"":127.026053,""alt"":15},""endLLA"":{""lat"":37.630207,""lon"":127.026053,""alt"":0},""targetSpeed"":10,""seq"":16}","{""phase"":""K"",""startLLA"":{""lat"":37.630207,""lon"":127.026053,""alt"":0},""endLLA"":{""lat"":37.630207,""lon"":127.026053,""alt"":0},""targetSpeed"":3,""seq"":17}",,,,
98f166edc22f,2026-07-11,FPL0711004,UAM0110,a6,6,6,1,봉천,봉천,천호,천호,10,G7,F1,G3,F3,10:11:16,10:19:11,10:28:02,10:35:22,10:45:22,475.71,530.5,440,1446.21,0,49.19,ready,봉천 > 채석장 > 경부고속도로 양재천 다리 > 대치교 > 청담대교 중간지점 > 잠실대교 중간지점 > 천호,21.9712,14,"{""phase"":""A"",""startLLA"":{""lat"":37.482832,""lon"":126.942245,""alt"":0},""endLLA"":{""lat"":37.482832,""lon"":126.942245,""alt"":0},""targetSpeed"":3,""seq"":1}","{""phase"":""B"",""startLLA"":{""lat"":37.482832,""lon"":126.942245,""alt"":0},""endLLA"":{""lat"":37.482832,""lon"":126.942245,""alt"":15},""targetSpeed"":10,""seq"":2}","{""phase"":""C"",""startLLA"":{""lat"":37.482832,""lon"":126.942245,""alt"":15},""endLLA"":{""lat"":37.479397,""lon"":126.955184,""alt"":100},""targetSpeed"":36,""seq"":3}","{""phase"":""E"",""startLLA"":{""lat"":37.479397,""lon"":126.955184,""alt"":100},""endLLA"":{""lat"":37.471285,""lon"":126.985745,""alt"":265.4},""targetSpeed"":51.4,""seq"":4}","{""phase"":""E"",""startLLA"":{""lat"":37.471285,""lon"":126.985745,""alt"":265.4},""endLLA"":{""lat"":37.471336,""lon"":126.993461,""alt"":305},""targetSpeed"":51.4,""seq"":5}","{""phase"":""F"",""startLLA"":{""lat"":37.471336,""lon"":126.993461,""alt"":305},""endLLA"":{""lat"":37.471593,""lon"":127.032031,""alt"":305},""targetSpeed"":51.4,""seq"":6}","{""phase"":""F"",""startLLA"":{""lat"":37.471593,""lon"":127.032031,""alt"":305},""endLLA"":{""lat"":37.497702,""lon"":127.073855,""alt"":305},""targetSpeed"":51.4,""seq"":7}","{""phase"":""F"",""startLLA"":{""lat"":37.497702,""lon"":127.073855,""alt"":305},""endLLA"":{""lat"":37.526451,""lon"":127.064361,""alt"":305},""targetSpeed"":51.4,""seq"":8}","{""phase"":""F"",""startLLA"":{""lat"":37.526451,""lon"":127.064361,""alt"":305},""endLLA"":{""lat"":37.525291,""lon"":127.078987,""alt"":305},""targetSpeed"":51.4,""seq"":9}","{""phase"":""G"",""startLLA"":{""lat"":37.525291,""lon"":127.078987,""alt"":305},""endLLA"":{""lat"":37.524288,""lon"":127.091639,""alt"":239.78},""targetSpeed"":36,""seq"":10}","{""phase"":""G"",""startLLA"":{""lat"":37.524288,""lon"":127.091639,""alt"":239.78},""endLLA"":{""lat"":37.539417,""lon"":127.111104,""alt"":100},""targetSpeed"":36,""seq"":11}","{""phase"":""I"",""startLLA"":{""lat"":37.539417,""lon"":127.111104,""alt"":100},""endLLA"":{""lat"":37.545733,""lon"":127.11923,""alt"":15},""targetSpeed"":30,""seq"":12}","{""phase"":""J"",""startLLA"":{""lat"":37.545733,""lon"":127.11923,""alt"":15},""endLLA"":{""lat"":37.545733,""lon"":127.11923,""alt"":0},""targetSpeed"":10,""seq"":13}","{""phase"":""K"",""startLLA"":{""lat"":37.545733,""lon"":127.11923,""alt"":0},""endLLA"":{""lat"":37.545733,""lon"":127.11923,""alt"":0},""targetSpeed"":3,""seq"":14}",,,,,,,
98f166edc22f,2026-07-11,FPL0710004,UAM0116,a4,4,4,1,봉천,봉천,연신내,연신내,10,G4,F1,G4,F3,10:19:22,10:28:28,10:34:58,10:41:48,10:51:48,546.98,389.99,410,1346.97,41.26,0,ready,봉천 > 영등포 > 선유도 17고지 > 성산대교 중간지점 > 수색교 > 연신내,17.2775,13,"{""phase"":""A"",""startLLA"":{""lat"":37.482832,""lon"":126.942245,""alt"":0},""endLLA"":{""lat"":37.482832,""lon"":126.942245,""alt"":0},""targetSpeed"":3,""seq"":1}","{""phase"":""B"",""startLLA"":{""lat"":37.482832,""lon"":126.942245,""alt"":0},""endLLA"":{""lat"":37.482832,""lon"":126.942245,""alt"":15},""targetSpeed"":10,""seq"":2}","{""phase"":""C"",""startLLA"":{""lat"":37.482832,""lon"":126.942245,""alt"":15},""endLLA"":{""lat"":37.491176,""lon"":126.933559,""alt"":100},""targetSpeed"":36,""seq"":3}","{""phase"":""E"",""startLLA"":{""lat"":37.491176,""lon"":126.933559,""alt"":100},""endLLA"":{""lat"":37.515605,""lon"":126.908131,""alt"":305},""targetSpeed"":51.4,""seq"":4}","{""phase"":""F"",""startLLA"":{""lat"":37.515605,""lon"":126.908131,""alt"":305},""endLLA"":{""lat"":37.515965,""lon"":126.907756,""alt"":305},""targetSpeed"":51.4,""seq"":5}","{""phase"":""F"",""startLLA"":{""lat"":37.515965,""lon"":126.907756,""alt"":305},""endLLA"":{""lat"":37.542307,""lon"":126.90249,""alt"":305},""targetSpeed"":51.4,""seq"":6}","{""phase"":""F"",""startLLA"":{""lat"":37.542307,""lon"":126.90249,""alt"":305},""endLLA"":{""lat"":37.552574,""lon"":126.891431,""alt"":305},""targetSpeed"":51.4,""seq"":7}","{""phase"":""F"",""startLLA"":{""lat"":37.552574,""lon"":126.891431,""alt"":305},""endLLA"":{""lat"":37.583705,""lon"":126.886696,""alt"":305},""targetSpeed"":51.4,""seq"":8}","{""phase"":""G"",""startLLA"":{""lat"":37.583705,""lon"":126.886696,""alt"":305},""endLLA"":{""lat"":37.586283,""lon"":126.886304,""alt"":288.2},""targetSpeed"":36,""seq"":9}","{""phase"":""G"",""startLLA"":{""lat"":37.586283,""lon"":126.886304,""alt"":288.2},""endLLA"":{""lat"":37.605261,""lon"":126.914122,""alt"":100},""targetSpeed"":36,""seq"":10}","{""phase"":""I"",""startLLA"":{""lat"":37.605261,""lon"":126.914122,""alt"":100},""endLLA"":{""lat"":37.611145,""lon"":126.922747,""alt"":15},""targetSpeed"":30,""seq"":11}","{""phase"":""J"",""startLLA"":{""lat"":37.611145,""lon"":126.922747,""alt"":15},""endLLA"":{""lat"":37.611145,""lon"":126.922747,""alt"":0},""targetSpeed"":10,""seq"":12}","{""phase"":""K"",""startLLA"":{""lat"":37.611145,""lon"":126.922747,""alt"":0},""endLLA"":{""lat"":37.611145,""lon"":126.922747,""alt"":0},""targetSpeed"":3,""seq"":13}",,,,,,,,
98f166edc22f,2026-07-11,FPL0706006,UAM0098,a2,2,2,1,봉천,봉천,미아,미아,10,G8,F1,G4,F3,10:29:17,10:37:42,10:48:39,10:55:29,11:05:29,505.71,656.41,410,1572.12,0,0,ready,봉천 > 채석장 > 경부고속도로 양재천 다리 > 대치교 > 청담대교 중간지점 > 건대입구 > 중랑천 제방길 > 상봉 > 월릉교 > 미아,30.9711,17,"{""phase"":""A"",""startLLA"":{""lat"":37.482832,""lon"":126.942245,""alt"":0},""endLLA"":{""lat"":37.482832,""lon"":126.942245,""alt"":0},""targetSpeed"":3,""seq"":1}","{""phase"":""B"",""startLLA"":{""lat"":37.482832,""lon"":126.942245,""alt"":0},""endLLA"":{""lat"":37.482832,""lon"":126.942245,""alt"":15},""targetSpeed"":10,""seq"":2}","{""phase"":""C"",""startLLA"":{""lat"":37.482832,""lon"":126.942245,""alt"":15},""endLLA"":{""lat"":37.479399,""lon"":126.95518,""alt"":100},""targetSpeed"":36,""seq"":3}","{""phase"":""E"",""startLLA"":{""lat"":37.479399,""lon"":126.95518,""alt"":100},""endLLA"":{""lat"":37.471285,""lon"":126.985745,""alt"":265.47},""targetSpeed"":51.4,""seq"":4}","{""phase"":""E"",""startLLA"":{""lat"":37.471285,""lon"":126.985745,""alt"":265.47},""endLLA"":{""lat"":37.471336,""lon"":126.993444,""alt"":305},""targetSpeed"":51.4,""seq"":5}","{""phase"":""F"",""startLLA"":{""lat"":37.471336,""lon"":126.993444,""alt"":305},""endLLA"":{""lat"":37.471593,""lon"":127.032031,""alt"":305},""targetSpeed"":51.4,""seq"":6}","{""phase"":""F"",""startLLA"":{""lat"":37.471593,""lon"":127.032031,""alt"":305},""endLLA"":{""lat"":37.497702,""lon"":127.073855,""alt"":305},""targetSpeed"":51.4,""seq"":7}","{""phase"":""F"",""startLLA"":{""lat"":37.497702,""lon"":127.073855,""alt"":305},""endLLA"":{""lat"":37.526451,""lon"":127.064361,""alt"":305},""targetSpeed"":51.4,""seq"":8}","{""phase"":""F"",""startLLA"":{""lat"":37.526451,""lon"":127.064361,""alt"":305},""endLLA"":{""lat"":37.540426,""lon"":127.069298,""alt"":305},""targetSpeed"":51.4,""seq"":9}","{""phase"":""F"",""startLLA"":{""lat"":37.540426,""lon"":127.069298,""alt"":305},""endLLA"":{""lat"":37.580774,""lon"":127.077387,""alt"":305},""targetSpeed"":51.4,""seq"":10}","{""phase"":""F"",""startLLA"":{""lat"":37.580774,""lon"":127.077387,""alt"":305},""endLLA"":{""lat"":37.596919,""lon"":127.084854,""alt"":305},""targetSpeed"":51.4,""seq"":11}","{""phase"":""F"",""startLLA"":{""lat"":37.596919,""lon"":127.084854,""alt"":305},""endLLA"":{""lat"":37.614352,""lon"":127.072725,""alt"":305},""targetSpeed"":51.4,""seq"":12}","{""phase"":""G"",""startLLA"":{""lat"":37.614352,""lon"":127.072725,""alt"":305},""endLLA"":{""lat"":37.616266,""lon"":127.071394,""alt"":290.86},""targetSpeed"":36,""seq"":13}","{""phase"":""G"",""startLLA"":{""lat"":37.616266,""lon"":127.071394,""alt"":290.86},""endLLA"":{""lat"":37.626943,""lon"":127.036669,""alt"":100},""targetSpeed"":36,""seq"":14}","{""phase"":""I"",""startLLA"":{""lat"":37.626943,""lon"":127.036669,""alt"":100},""endLLA"":{""lat"":37.630207,""lon"":127.026053,""alt"":15},""targetSpeed"":30,""seq"":15}","{""phase"":""J"",""startLLA"":{""lat"":37.630207,""lon"":127.026053,""alt"":15},""endLLA"":{""lat"":37.630207,""lon"":127.026053,""alt"":0},""targetSpeed"":10,""seq"":16}","{""phase"":""K"",""startLLA"":{""lat"":37.630207,""lon"":127.026053,""alt"":0},""endLLA"":{""lat"":37.630207,""lon"":127.026053,""alt"":0},""targetSpeed"":3,""seq"":17}",,,,
98f166edc22f,2026-07-11,FPL0709007,UAM0065,a2,2,2,1,봉천,봉천,성수,성수,10,G3,F2,G6,F3,10:31:44,10:39:39,10:47:49,10:55:39,11:05:39,475.71,489.78,470,1435.49,0,74.44,ready,봉천 > 채석장 > 경부고속도로 양재천 다리 > 대치교 > 청담대교 중간지점 > 성수,18.5804,13,"{""phase"":""A"",""startLLA"":{""lat"":37.482832,""lon"":126.942245,""alt"":0},""endLLA"":{""lat"":37.482832,""lon"":126.942245,""alt"":0},""targetSpeed"":3,""seq"":1}","{""phase"":""B"",""startLLA"":{""lat"":37.482832,""lon"":126.942245,""alt"":0},""endLLA"":{""lat"":37.482832,""lon"":126.942245,""alt"":15},""targetSpeed"":10,""seq"":2}","{""phase"":""C"",""startLLA"":{""lat"":37.482832,""lon"":126.942245,""alt"":15},""endLLA"":{""lat"":37.479397,""lon"":126.955184,""alt"":100},""targetSpeed"":36,""seq"":3}","{""phase"":""E"",""startLLA"":{""lat"":37.479397,""lon"":126.955184,""alt"":100},""endLLA"":{""lat"":37.471285,""lon"":126.985745,""alt"":265.38},""targetSpeed"":51.4,""seq"":4}","{""phase"":""E"",""startLLA"":{""lat"":37.471285,""lon"":126.985745,""alt"":265.38},""endLLA"":{""lat"":37.471336,""lon"":126.993464,""alt"":305},""targetSpeed"":51.4,""seq"":5}","{""phase"":""F"",""startLLA"":{""lat"":37.471336,""lon"":126.993464,""alt"":305},""endLLA"":{""lat"":37.471593,""lon"":127.032031,""alt"":305},""targetSpeed"":51.4,""seq"":6}","{""phase"":""F"",""startLLA"":{""lat"":37.471593,""lon"":127.032031,""alt"":305},""endLLA"":{""lat"":37.497702,""lon"":127.073855,""alt"":305},""targetSpeed"":51.4,""seq"":7}","{""phase"":""F"",""startLLA"":{""lat"":37.497702,""lon"":127.073855,""alt"":305},""endLLA"":{""lat"":37.508255,""lon"":127.07037,""alt"":305},""targetSpeed"":51.4,""seq"":8}","{""phase"":""G"",""startLLA"":{""lat"":37.508255,""lon"":127.07037,""alt"":305},""endLLA"":{""lat"":37.526451,""lon"":127.064361,""alt"":183.36},""targetSpeed"":36,""seq"":9}","{""phase"":""G"",""startLLA"":{""lat"":37.526451,""lon"":127.064361,""alt"":183.36},""endLLA"":{""lat"":37.533784,""lon"":127.050993,""alt"":100},""targetSpeed"":36,""seq"":10}","{""phase"":""I"",""startLLA"":{""lat"":37.533784,""lon"":127.050993,""alt"":100},""endLLA"":{""lat"":37.538917,""lon"":127.041635,""alt"":15},""targetSpeed"":30,""seq"":11}","{""phase"":""J"",""startLLA"":{""lat"":37.538917,""lon"":127.041635,""alt"":15},""endLLA"":{""lat"":37.538917,""lon"":127.041635,""alt"":0},""targetSpeed"":10,""seq"":12}","{""phase"":""K"",""startLLA"":{""lat"":37.538917,""lon"":127.041635,""alt"":0},""endLLA"":{""lat"":37.538917,""lon"":127.041635,""alt"":0},""targetSpeed"":3,""seq"":13}",,,,,,,,
98f166edc22f,2026-07-11,FPL0717004,UAM0103,a8,8,4,0.5,봉천,봉천,수서,수서,10,G7,F1,G6,F3,10:35:39,10:43:34,10:49:09,10:56:59,11:06:59,475.71,334.77,470,1280.48,0,0,ready,봉천 > 채석장 > 경부고속도로 양재천 다리 > 수서,14.439,11,"{""phase"":""A"",""startLLA"":{""lat"":37.482832,""lon"":126.942245,""alt"":0},""endLLA"":{""lat"":37.482832,""lon"":126.942245,""alt"":0},""targetSpeed"":3,""seq"":1}","{""phase"":""B"",""startLLA"":{""lat"":37.482832,""lon"":126.942245,""alt"":0},""endLLA"":{""lat"":37.482832,""lon"":126.942245,""alt"":15},""targetSpeed"":10,""seq"":2}","{""phase"":""C"",""startLLA"":{""lat"":37.482832,""lon"":126.942245,""alt"":15},""endLLA"":{""lat"":37.479396,""lon"":126.955188,""alt"":100},""targetSpeed"":36,""seq"":3}","{""phase"":""E"",""startLLA"":{""lat"":37.479396,""lon"":126.955188,""alt"":100},""endLLA"":{""lat"":37.471285,""lon"":126.985745,""alt"":265.31},""targetSpeed"":51.4,""seq"":4}","{""phase"":""E"",""startLLA"":{""lat"":37.471285,""lon"":126.985745,""alt"":265.31},""endLLA"":{""lat"":37.471336,""lon"":126.99348,""alt"":305},""targetSpeed"":51.4,""seq"":5}","{""phase"":""F"",""startLLA"":{""lat"":37.471336,""lon"":126.99348,""alt"":305},""endLLA"":{""lat"":37.471593,""lon"":127.032031,""alt"":305},""targetSpeed"":51.4,""seq"":6}","{""phase"":""F"",""startLLA"":{""lat"":37.471593,""lon"":127.032031,""alt"":305},""endLLA"":{""lat"":37.476051,""lon"":127.051318,""alt"":305},""targetSpeed"":51.4,""seq"":7}","{""phase"":""G"",""startLLA"":{""lat"":37.476051,""lon"":127.051318,""alt"":305},""endLLA"":{""lat"":37.484917,""lon"":127.089683,""alt"":100},""targetSpeed"":36,""seq"":8}","{""phase"":""I"",""startLLA"":{""lat"":37.484917,""lon"":127.089683,""alt"":100},""endLLA"":{""lat"":37.487441,""lon"":127.100603,""alt"":15},""targetSpeed"":30,""seq"":9}","{""phase"":""J"",""startLLA"":{""lat"":37.487441,""lon"":127.100603,""alt"":15},""endLLA"":{""lat"":37.487441,""lon"":127.100603,""alt"":0},""targetSpeed"":10,""seq"":10}","{""phase"":""K"",""startLLA"":{""lat"":37.487441,""lon"":127.100603,""alt"":0},""endLLA"":{""lat"":37.487441,""lon"":127.100603,""alt"":0},""targetSpeed"":3,""seq"":11}",,,,,,,,,,
98f166edc22f,2026-07-11,FPL0715006,UAM0126,a6,6,3,0.5,봉천,봉천,마곡,마곡,10,G4,F2,G4,F3,10:37:16,10:45:41,10:54:45,11:01:35,11:11:35,505.71,543.71,410,1459.43,0,86.71,ready,봉천 > 영등포 > 목동교 > 염창교 > 가양대교 남단 > 마곡,18.2733,13,"{""phase"":""A"",""startLLA"":{""lat"":37.482832,""lon"":126.942245,""alt"":0},""endLLA"":{""lat"":37.482832,""lon"":126.942245,""alt"":0},""targetSpeed"":3,""seq"":1}","{""phase"":""B"",""startLLA"":{""lat"":37.482832,""lon"":126.942245,""alt"":0},""endLLA"":{""lat"":37.482832,""lon"":126.942245,""alt"":15},""targetSpeed"":10,""seq"":2}","{""phase"":""C"",""startLLA"":{""lat"":37.482832,""lon"":126.942245,""alt"":15},""endLLA"":{""lat"":37.491176,""lon"":126.933559,""alt"":100},""targetSpeed"":36,""seq"":3}","{""phase"":""E"",""startLLA"":{""lat"":37.491176,""lon"":126.933559,""alt"":100},""endLLA"":{""lat"":37.515605,""lon"":126.908131,""alt"":305},""targetSpeed"":51.4,""seq"":4}","{""phase"":""F"",""startLLA"":{""lat"":37.515605,""lon"":126.908131,""alt"":305},""endLLA"":{""lat"":37.515965,""lon"":126.907756,""alt"":305},""targetSpeed"":51.4,""seq"":5}","{""phase"":""F"",""startLLA"":{""lat"":37.515965,""lon"":126.907756,""alt"":305},""endLLA"":{""lat"":37.530667,""lon"":126.888262,""alt"":305},""targetSpeed"":51.4,""seq"":6}","{""phase"":""F"",""startLLA"":{""lat"":37.530667,""lon"":126.888262,""alt"":305},""endLLA"":{""lat"":37.553824,""lon"":126.875819,""alt"":305},""targetSpeed"":51.4,""seq"":7}","{""phase"":""F"",""startLLA"":{""lat"":37.553824,""lon"":126.875819,""alt"":305},""endLLA"":{""lat"":37.569391,""lon"":126.861026,""alt"":305},""targetSpeed"":51.4,""seq"":8}","{""phase"":""F"",""startLLA"":{""lat"":37.569391,""lon"":126.861026,""alt"":305},""endLLA"":{""lat"":37.567854,""lon"":126.842862,""alt"":305},""targetSpeed"":51.4,""seq"":9}","{""phase"":""G"",""startLLA"":{""lat"":37.567854,""lon"":126.842862,""alt"":305},""endLLA"":{""lat"":37.564492,""lon"":126.803118,""alt"":100},""targetSpeed"":36,""seq"":10}","{""phase"":""I"",""startLLA"":{""lat"":37.564492,""lon"":126.803118,""alt"":100},""endLLA"":{""lat"":37.563535,""lon"":126.791805,""alt"":15},""targetSpeed"":30,""seq"":11}","{""phase"":""J"",""startLLA"":{""lat"":37.563535,""lon"":126.791805,""alt"":15},""endLLA"":{""lat"":37.563535,""lon"":126.791805,""alt"":0},""targetSpeed"":10,""seq"":12}","{""phase"":""K"",""startLLA"":{""lat"":37.563535,""lon"":126.791805,""alt"":0},""endLLA"":{""lat"":37.563535,""lon"":126.791805,""alt"":0},""targetSpeed"":3,""seq"":13}",,,,,,,,
98f166edc22f,2026-07-11,FPL0716005,UAM0119,a8,8,3,0.375,봉천,봉천,망우,망우,10,G2,F1,G4,F3,10:40:35,10:49:00,10:57:44,11:04:34,11:14:34,505.43,524.55,410,1439.98,59.71,0,ready,봉천 > 채석장 > 경부고속도로 양재천 다리 > 대치교 > 청담대교 중간지점 > 건대입구 > 망우,24.1938,14,"{""phase"":""A"",""startLLA"":{""lat"":37.482832,""lon"":126.942245,""alt"":0},""endLLA"":{""lat"":37.482832,""lon"":126.942245,""alt"":0},""targetSpeed"":3,""seq"":1}","{""phase"":""B"",""startLLA"":{""lat"":37.482832,""lon"":126.942245,""alt"":0},""endLLA"":{""lat"":37.482832,""lon"":126.942245,""alt"":15},""targetSpeed"":10,""seq"":2}","{""phase"":""C"",""startLLA"":{""lat"":37.482832,""lon"":126.942245,""alt"":15},""endLLA"":{""lat"":37.479398,""lon"":126.955183,""alt"":100},""targetSpeed"":36,""seq"":3}","{""phase"":""E"",""startLLA"":{""lat"":37.479398,""lon"":126.955183,""alt"":100},""endLLA"":{""lat"":37.471285,""lon"":126.985745,""alt"":265.41},""targetSpeed"":51.4,""seq"":4}","{""phase"":""E"",""startLLA"":{""lat"":37.471285,""lon"":126.985745,""alt"":265.41},""endLLA"":{""lat"":37.471336,""lon"":126.993456,""alt"":305},""targetSpeed"":51.4,""seq"":5}","{""phase"":""F"",""startLLA"":{""lat"":37.471336,""lon"":126.993456,""alt"":305},""endLLA"":{""lat"":37.471593,""lon"":127.032031,""alt"":305},""targetSpeed"":51.4,""seq"":6}","{""phase"":""F"",""startLLA"":{""lat"":37.471593,""lon"":127.032031,""alt"":305},""endLLA"":{""lat"":37.497702,""lon"":127.073855,""alt"":305},""targetSpeed"":51.4,""seq"":7}","{""phase"":""F"",""startLLA"":{""lat"":37.497702,""lon"":127.073855,""alt"":305},""endLLA"":{""lat"":37.526451,""lon"":127.064361,""alt"":305},""targetSpeed"":51.4,""seq"":8}","{""phase"":""F"",""startLLA"":{""lat"":37.526451,""lon"":127.064361,""alt"":305},""endLLA"":{""lat"":37.540426,""lon"":127.069298,""alt"":305},""targetSpeed"":51.4,""seq"":9}","{""phase"":""F"",""startLLA"":{""lat"":37.540426,""lon"":127.069298,""alt"":305},""endLLA"":{""lat"":37.557138,""lon"":127.0739,""alt"":305},""targetSpeed"":51.4,""seq"":10}","{""phase"":""G"",""startLLA"":{""lat"":37.557138,""lon"":127.0739,""alt"":305},""endLLA"":{""lat"":37.588105,""lon"":127.082427,""alt"":100},""targetSpeed"":36,""seq"":11}","{""phase"":""I"",""startLLA"":{""lat"":37.588105,""lon"":127.082427,""alt"":100},""endLLA"":{""lat"":37.596919,""lon"":127.084854,""alt"":15},""targetSpeed"":30,""seq"":12}","{""phase"":""J"",""startLLA"":{""lat"":37.596919,""lon"":127.084854,""alt"":15},""endLLA"":{""lat"":37.596919,""lon"":127.084854,""alt"":0},""targetSpeed"":10,""seq"":13}","{""phase"":""K"",""startLLA"":{""lat"":37.596919,""lon"":127.084854,""alt"":0},""endLLA"":{""lat"":37.596919,""lon"":127.084854,""alt"":0},""targetSpeed"":3,""seq"":14}",,,,,,,
98f166edc22f,2026-07-11,FPL0709008,UAM0004,a4,4,3,0.75,봉천,봉천,성수,성수,10,G8,F1,G1,F3,10:47:25,10:55:50,11:04:57,11:13:17,11:23:17,505.71,547.27,500,1552.99,0,131.93,ready,봉천 > 채석장 > 경부고속도로 양재천 다리 > 대치교 > 청담대교 중간지점 > 성수,18.5804,13,"{""phase"":""A"",""startLLA"":{""lat"":37.482832,""lon"":126.942245,""alt"":0},""endLLA"":{""lat"":37.482832,""lon"":126.942245,""alt"":0},""targetSpeed"":3,""seq"":1}","{""phase"":""B"",""startLLA"":{""lat"":37.482832,""lon"":126.942245,""alt"":0},""endLLA"":{""lat"":37.482832,""lon"":126.942245,""alt"":15},""targetSpeed"":10,""seq"":2}","{""phase"":""C"",""startLLA"":{""lat"":37.482832,""lon"":126.942245,""alt"":15},""endLLA"":{""lat"":37.479397,""lon"":126.955184,""alt"":100},""targetSpeed"":36,""seq"":3}","{""phase"":""E"",""startLLA"":{""lat"":37.479397,""lon"":126.955184,""alt"":100},""endLLA"":{""lat"":37.471285,""lon"":126.985745,""alt"":265.38},""targetSpeed"":51.4,""seq"":4}","{""phase"":""E"",""startLLA"":{""lat"":37.471285,""lon"":126.985745,""alt"":265.38},""endLLA"":{""lat"":37.471336,""lon"":126.993464,""alt"":305},""targetSpeed"":51.4,""seq"":5}","{""phase"":""F"",""startLLA"":{""lat"":37.471336,""lon"":126.993464,""alt"":305},""endLLA"":{""lat"":37.471593,""lon"":127.032031,""alt"":305},""targetSpeed"":51.4,""seq"":6}","{""phase"":""F"",""startLLA"":{""lat"":37.471593,""lon"":127.032031,""alt"":305},""endLLA"":{""lat"":37.497702,""lon"":127.073855,""alt"":305},""targetSpeed"":51.4,""seq"":7}","{""phase"":""F"",""startLLA"":{""lat"":37.497702,""lon"":127.073855,""alt"":305},""endLLA"":{""lat"":37.508255,""lon"":127.07037,""alt"":305},""targetSpeed"":51.4,""seq"":8}","{""phase"":""G"",""startLLA"":{""lat"":37.508255,""lon"":127.07037,""alt"":305},""endLLA"":{""lat"":37.526451,""lon"":127.064361,""alt"":183.36},""targetSpeed"":36,""seq"":9}","{""phase"":""G"",""startLLA"":{""lat"":37.526451,""lon"":127.064361,""alt"":183.36},""endLLA"":{""lat"":37.533784,""lon"":127.050993,""alt"":100},""targetSpeed"":36,""seq"":10}","{""phase"":""I"",""startLLA"":{""lat"":37.533784,""lon"":127.050993,""alt"":100},""endLLA"":{""lat"":37.538917,""lon"":127.041635,""alt"":15},""targetSpeed"":30,""seq"":11}","{""phase"":""J"",""startLLA"":{""lat"":37.538917,""lon"":127.041635,""alt"":15},""endLLA"":{""lat"":37.538917,""lon"":127.041635,""alt"":0},""targetSpeed"":10,""seq"":12}","{""phase"":""K"",""startLLA"":{""lat"":37.538917,""lon"":127.041635,""alt"":0},""endLLA"":{""lat"":37.538917,""lon"":127.041635,""alt"":0},""targetSpeed"":3,""seq"":13}",,,,,,,,
98f166edc22f,2026-07-11,FPL0710005,UAM0120,a8,8,2,0.25,봉천,봉천,연신내,연신내,10,G6,F2,G6,F4,10:49:05,10:56:30,11:05:12,11:13:02,11:23:02,445.71,521.77,470,1437.49,0,131.78,ready,봉천 > 영등포 > 선유도 17고지 > 성산대교 중간지점 > 수색교 > 연신내,17.2775,13,"{""phase"":""A"",""startLLA"":{""lat"":37.482832,""lon"":126.942245,""alt"":0},""endLLA"":{""lat"":37.482832,""lon"":126.942245,""alt"":0},""targetSpeed"":3,""seq"":1}","{""phase"":""B"",""startLLA"":{""lat"":37.482832,""lon"":126.942245,""alt"":0},""endLLA"":{""lat"":37.482832,""lon"":126.942245,""alt"":15},""targetSpeed"":10,""seq"":2}","{""phase"":""C"",""startLLA"":{""lat"":37.482832,""lon"":126.942245,""alt"":15},""endLLA"":{""lat"":37.491176,""lon"":126.933559,""alt"":100},""targetSpeed"":36,""seq"":3}","{""phase"":""E"",""startLLA"":{""lat"":37.491176,""lon"":126.933559,""alt"":100},""endLLA"":{""lat"":37.515605,""lon"":126.908131,""alt"":305},""targetSpeed"":51.4,""seq"":4}","{""phase"":""F"",""startLLA"":{""lat"":37.515605,""lon"":126.908131,""alt"":305},""endLLA"":{""lat"":37.515965,""lon"":126.907756,""alt"":305},""targetSpeed"":51.4,""seq"":5}","{""phase"":""F"",""startLLA"":{""lat"":37.515965,""lon"":126.907756,""alt"":305},""endLLA"":{""lat"":37.542307,""lon"":126.90249,""alt"":305},""targetSpeed"":51.4,""seq"":6}","{""phase"":""F"",""startLLA"":{""lat"":37.542307,""lon"":126.90249,""alt"":305},""endLLA"":{""lat"":37.552574,""lon"":126.891431,""alt"":305},""targetSpeed"":51.4,""seq"":7}","{""phase"":""F"",""startLLA"":{""lat"":37.552574,""lon"":126.891431,""alt"":305},""endLLA"":{""lat"":37.583705,""lon"":126.886696,""alt"":305},""targetSpeed"":51.4,""seq"":8}","{""phase"":""G"",""startLLA"":{""lat"":37.583705,""lon"":126.886696,""alt"":305},""endLLA"":{""lat"":37.586283,""lon"":126.886304,""alt"":288.2},""targetSpeed"":36,""seq"":9}","{""phase"":""G"",""startLLA"":{""lat"":37.586283,""lon"":126.886304,""alt"":288.2},""endLLA"":{""lat"":37.605261,""lon"":126.914122,""alt"":100},""targetSpeed"":36,""seq"":10}","{""phase"":""I"",""startLLA"":{""lat"":37.605261,""lon"":126.914122,""alt"":100},""endLLA"":{""lat"":37.611145,""lon"":126.922747,""alt"":15},""targetSpeed"":30,""seq"":11}","{""phase"":""J"",""startLLA"":{""lat"":37.611145,""lon"":126.922747,""alt"":15},""endLLA"":{""lat"":37.611145,""lon"":126.922747,""alt"":0},""targetSpeed"":10,""seq"":12}","{""phase"":""K"",""startLLA"":{""lat"":37.611145,""lon"":126.922747,""alt"":0},""endLLA"":{""lat"":37.611145,""lon"":126.922747,""alt"":0},""targetSpeed"":3,""seq"":13}",,,,,,,,
98f166edc22f,2026-07-11,FPL0706007,UAM0020,a4,4,1,0.25,봉천,봉천,미아,미아,10,G3,F1,G4,F3,10:52:21,11:01:16,11:12:12,11:19:02,11:29:02,535.43,656.41,410,1601.83,59.71,0,ready,봉천 > 채석장 > 경부고속도로 양재천 다리 > 대치교 > 청담대교 중간지점 > 건대입구 > 중랑천 제방길 > 상봉 > 월릉교 > 미아,30.9711,17,"{""phase"":""A"",""startLLA"":{""lat"":37.482832,""lon"":126.942245,""alt"":0},""endLLA"":{""lat"":37.482832,""lon"":126.942245,""alt"":0},""targetSpeed"":3,""seq"":1}","{""phase"":""B"",""startLLA"":{""lat"":37.482832,""lon"":126.942245,""alt"":0},""endLLA"":{""lat"":37.482832,""lon"":126.942245,""alt"":15},""targetSpeed"":10,""seq"":2}","{""phase"":""C"",""startLLA"":{""lat"":37.482832,""lon"":126.942245,""alt"":15},""endLLA"":{""lat"":37.479399,""lon"":126.95518,""alt"":100},""targetSpeed"":36,""seq"":3}","{""phase"":""E"",""startLLA"":{""lat"":37.479399,""lon"":126.95518,""alt"":100},""endLLA"":{""lat"":37.471285,""lon"":126.985745,""alt"":265.47},""targetSpeed"":51.4,""seq"":4}","{""phase"":""E"",""startLLA"":{""lat"":37.471285,""lon"":126.985745,""alt"":265.47},""endLLA"":{""lat"":37.471336,""lon"":126.993444,""alt"":305},""targetSpeed"":51.4,""seq"":5}","{""phase"":""F"",""startLLA"":{""lat"":37.471336,""lon"":126.993444,""alt"":305},""endLLA"":{""lat"":37.471593,""lon"":127.032031,""alt"":305},""targetSpeed"":51.4,""seq"":6}","{""phase"":""F"",""startLLA"":{""lat"":37.471593,""lon"":127.032031,""alt"":305},""endLLA"":{""lat"":37.497702,""lon"":127.073855,""alt"":305},""targetSpeed"":51.4,""seq"":7}","{""phase"":""F"",""startLLA"":{""lat"":37.497702,""lon"":127.073855,""alt"":305},""endLLA"":{""lat"":37.526451,""lon"":127.064361,""alt"":305},""targetSpeed"":51.4,""seq"":8}","{""phase"":""F"",""startLLA"":{""lat"":37.526451,""lon"":127.064361,""alt"":305},""endLLA"":{""lat"":37.540426,""lon"":127.069298,""alt"":305},""targetSpeed"":51.4,""seq"":9}","{""phase"":""F"",""startLLA"":{""lat"":37.540426,""lon"":127.069298,""alt"":305},""endLLA"":{""lat"":37.580774,""lon"":127.077387,""alt"":305},""targetSpeed"":51.4,""seq"":10}","{""phase"":""F"",""startLLA"":{""lat"":37.580774,""lon"":127.077387,""alt"":305},""endLLA"":{""lat"":37.596919,""lon"":127.084854,""alt"":305},""targetSpeed"":51.4,""seq"":11}","{""phase"":""F"",""startLLA"":{""lat"":37.596919,""lon"":127.084854,""alt"":305},""endLLA"":{""lat"":37.614352,""lon"":127.072725,""alt"":305},""targetSpeed"":51.4,""seq"":12}","{""phase"":""G"",""startLLA"":{""lat"":37.614352,""lon"":127.072725,""alt"":305},""endLLA"":{""lat"":37.616266,""lon"":127.071394,""alt"":290.86},""targetSpeed"":36,""seq"":13}","{""phase"":""G"",""startLLA"":{""lat"":37.616266,""lon"":127.071394,""alt"":290.86},""endLLA"":{""lat"":37.626943,""lon"":127.036669,""alt"":100},""targetSpeed"":36,""seq"":14}","{""phase"":""I"",""startLLA"":{""lat"":37.626943,""lon"":127.036669,""alt"":100},""endLLA"":{""lat"":37.630207,""lon"":127.026053,""alt"":15},""targetSpeed"":30,""seq"":15}","{""phase"":""J"",""startLLA"":{""lat"":37.630207,""lon"":127.026053,""alt"":15},""endLLA"":{""lat"":37.630207,""lon"":127.026053,""alt"":0},""targetSpeed"":10,""seq"":16}","{""phase"":""K"",""startLLA"":{""lat"":37.630207,""lon"":127.026053,""alt"":0},""endLLA"":{""lat"":37.630207,""lon"":127.026053,""alt"":0},""targetSpeed"":3,""seq"":17}",,,,
98f166edc22f,2026-07-11,FPL0717005,UAM0061,a6,6,6,1,봉천,봉천,수서,수서,11,G4,F1,G4,F3,11:02:35,11:11:23,11:21:38,11:28:28,11:38:28,528.42,614.76,410,1553.19,22.71,280,ready,봉천 > 채석장 > 경부고속도로 양재천 다리 > 수서,14.439,11,"{""phase"":""A"",""startLLA"":{""lat"":37.482832,""lon"":126.942245,""alt"":0},""endLLA"":{""lat"":37.482832,""lon"":126.942245,""alt"":0},""targetSpeed"":3,""seq"":1}","{""phase"":""B"",""startLLA"":{""lat"":37.482832,""lon"":126.942245,""alt"":0},""endLLA"":{""lat"":37.482832,""lon"":126.942245,""alt"":15},""targetSpeed"":10,""seq"":2}","{""phase"":""C"",""startLLA"":{""lat"":37.482832,""lon"":126.942245,""alt"":15},""endLLA"":{""lat"":37.479396,""lon"":126.955188,""alt"":100},""targetSpeed"":36,""seq"":3}","{""phase"":""E"",""startLLA"":{""lat"":37.479396,""lon"":126.955188,""alt"":100},""endLLA"":{""lat"":37.471285,""lon"":126.985745,""alt"":265.31},""targetSpeed"":51.4,""seq"":4}","{""phase"":""E"",""startLLA"":{""lat"":37.471285,""lon"":126.985745,""alt"":265.31},""endLLA"":{""lat"":37.471336,""lon"":126.99348,""alt"":305},""targetSpeed"":51.4,""seq"":5}","{""phase"":""F"",""startLLA"":{""lat"":37.471336,""lon"":126.99348,""alt"":305},""endLLA"":{""lat"":37.471593,""lon"":127.032031,""alt"":305},""targetSpeed"":51.4,""seq"":6}","{""phase"":""F"",""startLLA"":{""lat"":37.471593,""lon"":127.032031,""alt"":305},""endLLA"":{""lat"":37.476051,""lon"":127.051318,""alt"":305},""targetSpeed"":51.4,""seq"":7}","{""phase"":""G"",""startLLA"":{""lat"":37.476051,""lon"":127.051318,""alt"":305},""endLLA"":{""lat"":37.484917,""lon"":127.089683,""alt"":100},""targetSpeed"":36,""seq"":8}","{""phase"":""I"",""startLLA"":{""lat"":37.484917,""lon"":127.089683,""alt"":100},""endLLA"":{""lat"":37.487441,""lon"":127.100603,""alt"":15},""targetSpeed"":30,""seq"":9}","{""phase"":""J"",""startLLA"":{""lat"":37.487441,""lon"":127.100603,""alt"":15},""endLLA"":{""lat"":37.487441,""lon"":127.100603,""alt"":0},""targetSpeed"":10,""seq"":10}","{""phase"":""K"",""startLLA"":{""lat"":37.487441,""lon"":127.100603,""alt"":0},""endLLA"":{""lat"":37.487441,""lon"":127.100603,""alt"":0},""targetSpeed"":3,""seq"":11}",,,,,,,,,,
98f166edc22f,2026-07-11,FPL0711005,UAM0084,a4,4,4,1,봉천,봉천,천호,천호,11,G8,F1,G7,F4,11:14:08,11:22:33,11:30:35,11:38:25,11:48:25,505.71,481.31,470.81,1457.84,0,30.81,ready,봉천 > 채석장 > 경부고속도로 양재천 다리 > 대치교 > 청담대교 중간지점 > 잠실대교 중간지점 > 천호,21.9712,14,"{""phase"":""A"",""startLLA"":{""lat"":37.482832,""lon"":126.942245,""alt"":0},""endLLA"":{""lat"":37.482832,""lon"":126.942245,""alt"":0},""targetSpeed"":3,""seq"":1}","{""phase"":""B"",""startLLA"":{""lat"":37.482832,""lon"":126.942245,""alt"":0},""endLLA"":{""lat"":37.482832,""lon"":126.942245,""alt"":15},""targetSpeed"":10,""seq"":2}","{""phase"":""C"",""startLLA"":{""lat"":37.482832,""lon"":126.942245,""alt"":15},""endLLA"":{""lat"":37.479397,""lon"":126.955184,""alt"":100},""targetSpeed"":36,""seq"":3}","{""phase"":""E"",""startLLA"":{""lat"":37.479397,""lon"":126.955184,""alt"":100},""endLLA"":{""lat"":37.471285,""lon"":126.985745,""alt"":265.4},""targetSpeed"":51.4,""seq"":4}","{""phase"":""E"",""startLLA"":{""lat"":37.471285,""lon"":126.985745,""alt"":265.4},""endLLA"":{""lat"":37.471336,""lon"":126.993461,""alt"":305},""targetSpeed"":51.4,""seq"":5}","{""phase"":""F"",""startLLA"":{""lat"":37.471336,""lon"":126.993461,""alt"":305},""endLLA"":{""lat"":37.471593,""lon"":127.032031,""alt"":305},""targetSpeed"":51.4,""seq"":6}","{""phase"":""F"",""startLLA"":{""lat"":37.471593,""lon"":127.032031,""alt"":305},""endLLA"":{""lat"":37.497702,""lon"":127.073855,""alt"":305},""targetSpeed"":51.4,""seq"":7}","{""phase"":""F"",""startLLA"":{""lat"":37.497702,""lon"":127.073855,""alt"":305},""endLLA"":{""lat"":37.526451,""lon"":127.064361,""alt"":305},""targetSpeed"":51.4,""seq"":8}","{""phase"":""F"",""startLLA"":{""lat"":37.526451,""lon"":127.064361,""alt"":305},""endLLA"":{""lat"":37.525291,""lon"":127.078987,""alt"":305},""targetSpeed"":51.4,""seq"":9}","{""phase"":""G"",""startLLA"":{""lat"":37.525291,""lon"":127.078987,""alt"":305},""endLLA"":{""lat"":37.524288,""lon"":127.091639,""alt"":239.78},""targetSpeed"":36,""seq"":10}","{""phase"":""G"",""startLLA"":{""lat"":37.524288,""lon"":127.091639,""alt"":239.78},""endLLA"":{""lat"":37.539417,""lon"":127.111104,""alt"":100},""targetSpeed"":36,""seq"":11}","{""phase"":""I"",""startLLA"":{""lat"":37.539417,""lon"":127.111104,""alt"":100},""endLLA"":{""lat"":37.545733,""lon"":127.11923,""alt"":15},""targetSpeed"":30,""seq"":12}","{""phase"":""J"",""startLLA"":{""lat"":37.545733,""lon"":127.11923,""alt"":15},""endLLA"":{""lat"":37.545733,""lon"":127.11923,""alt"":0},""targetSpeed"":10,""seq"":13}","{""phase"":""K"",""startLLA"":{""lat"":37.545733,""lon"":127.11923,""alt"":0},""endLLA"":{""lat"":37.545733,""lon"":127.11923,""alt"":0},""targetSpeed"":3,""seq"":14}",,,,,,,
98f166edc22f,2026-07-11,FPL0715007,UAM0031,a8,8,7,0.875,봉천,봉천,마곡,마곡,11,G3,F2,G7,F3,11:19:35,11:27:30,11:37:24,11:44:44,11:54:44,475.71,593.91,440,1509.63,0,11.91,ready,봉천 > 영등포 > 목동교 > 염창교 > 가양대교 남단 > 마곡,18.2733,13,"{""phase"":""A"",""startLLA"":{""lat"":37.482832,""lon"":126.942245,""alt"":0},""endLLA"":{""lat"":37.482832,""lon"":126.942245,""alt"":0},""targetSpeed"":3,""seq"":1}","{""phase"":""B"",""startLLA"":{""lat"":37.482832,""lon"":126.942245,""alt"":0},""endLLA"":{""lat"":37.482832,""lon"":126.942245,""alt"":15},""targetSpeed"":10,""seq"":2}","{""phase"":""C"",""startLLA"":{""lat"":37.482832,""lon"":126.942245,""alt"":15},""endLLA"":{""lat"":37.491176,""lon"":126.933559,""alt"":100},""targetSpeed"":36,""seq"":3}","{""phase"":""E"",""startLLA"":{""lat"":37.491176,""lon"":126.933559,""alt"":100},""endLLA"":{""lat"":37.515605,""lon"":126.908131,""alt"":305},""targetSpeed"":51.4,""seq"":4}","{""phase"":""F"",""startLLA"":{""lat"":37.515605,""lon"":126.908131,""alt"":305},""endLLA"":{""lat"":37.515965,""lon"":126.907756,""alt"":305},""targetSpeed"":51.4,""seq"":5}","{""phase"":""F"",""startLLA"":{""lat"":37.515965,""lon"":126.907756,""alt"":305},""endLLA"":{""lat"":37.530667,""lon"":126.888262,""alt"":305},""targetSpeed"":51.4,""seq"":6}","{""phase"":""F"",""startLLA"":{""lat"":37.530667,""lon"":126.888262,""alt"":305},""endLLA"":{""lat"":37.553824,""lon"":126.875819,""alt"":305},""targetSpeed"":51.4,""seq"":7}","{""phase"":""F"",""startLLA"":{""lat"":37.553824,""lon"":126.875819,""alt"":305},""endLLA"":{""lat"":37.569391,""lon"":126.861026,""alt"":305},""targetSpeed"":51.4,""seq"":8}","{""phase"":""F"",""startLLA"":{""lat"":37.569391,""lon"":126.861026,""alt"":305},""endLLA"":{""lat"":37.567854,""lon"":126.842862,""alt"":305},""targetSpeed"":51.4,""seq"":9}","{""phase"":""G"",""startLLA"":{""lat"":37.567854,""lon"":126.842862,""alt"":305},""endLLA"":{""lat"":37.564492,""lon"":126.803118,""alt"":100},""targetSpeed"":36,""seq"":10}","{""phase"":""I"",""startLLA"":{""lat"":37.564492,""lon"":126.803118,""alt"":100},""endLLA"":{""lat"":37.563535,""lon"":126.791805,""alt"":15},""targetSpeed"":30,""seq"":11}","{""phase"":""J"",""startLLA"":{""lat"":37.563535,""lon"":126.791805,""alt"":15},""endLLA"":{""lat"":37.563535,""lon"":126.791805,""alt"":0},""targetSpeed"":10,""seq"":12}","{""phase"":""K"",""startLLA"":{""lat"":37.563535,""lon"":126.791805,""alt"":0},""endLLA"":{""lat"":37.563535,""lon"":126.791805,""alt"":0},""targetSpeed"":3,""seq"":13}",,,,,,,,
98f166edc22f,2026-07-11,FPL0709009,UAM0102,a6,6,5,0.8333,봉천,봉천,성수,성수,11,G4,F1,G4,F3,11:27:47,11:36:12,11:43:08,11:49:58,11:59:58,505.71,415.34,410,1331.06,0,0,ready,봉천 > 채석장 > 경부고속도로 양재천 다리 > 대치교 > 청담대교 중간지점 > 성수,18.5804,13,"{""phase"":""A"",""startLLA"":{""lat"":37.482832,""lon"":126.942245,""alt"":0},""endLLA"":{""lat"":37.482832,""lon"":126.942245,""alt"":0},""targetSpeed"":3,""seq"":1}","{""phase"":""B"",""startLLA"":{""lat"":37.482832,""lon"":126.942245,""alt"":0},""endLLA"":{""lat"":37.482832,""lon"":126.942245,""alt"":15},""targetSpeed"":10,""seq"":2}","{""phase"":""C"",""startLLA"":{""lat"":37.482832,""lon"":126.942245,""alt"":15},""endLLA"":{""lat"":37.479397,""lon"":126.955184,""alt"":100},""targetSpeed"":36,""seq"":3}","{""phase"":""E"",""startLLA"":{""lat"":37.479397,""lon"":126.955184,""alt"":100},""endLLA"":{""lat"":37.471285,""lon"":126.985745,""alt"":265.38},""targetSpeed"":51.4,""seq"":4}","{""phase"":""E"",""startLLA"":{""lat"":37.471285,""lon"":126.985745,""alt"":265.38},""endLLA"":{""lat"":37.471336,""lon"":126.993464,""alt"":305},""targetSpeed"":51.4,""seq"":5}","{""phase"":""F"",""startLLA"":{""lat"":37.471336,""lon"":126.993464,""alt"":305},""endLLA"":{""lat"":37.471593,""lon"":127.032031,""alt"":305},""targetSpeed"":51.4,""seq"":6}","{""phase"":""F"",""startLLA"":{""lat"":37.471593,""lon"":127.032031,""alt"":305},""endLLA"":{""lat"":37.497702,""lon"":127.073855,""alt"":305},""targetSpeed"":51.4,""seq"":7}","{""phase"":""F"",""startLLA"":{""lat"":37.497702,""lon"":127.073855,""alt"":305},""endLLA"":{""lat"":37.508255,""lon"":127.07037,""alt"":305},""targetSpeed"":51.4,""seq"":8}","{""phase"":""G"",""startLLA"":{""lat"":37.508255,""lon"":127.07037,""alt"":305},""endLLA"":{""lat"":37.526451,""lon"":127.064361,""alt"":183.36},""targetSpeed"":36,""seq"":9}","{""phase"":""G"",""startLLA"":{""lat"":37.526451,""lon"":127.064361,""alt"":183.36},""endLLA"":{""lat"":37.533784,""lon"":127.050993,""alt"":100},""targetSpeed"":36,""seq"":10}","{""phase"":""I"",""startLLA"":{""lat"":37.533784,""lon"":127.050993,""alt"":100},""endLLA"":{""lat"":37.538917,""lon"":127.041635,""alt"":15},""targetSpeed"":30,""seq"":11}","{""phase"":""J"",""startLLA"":{""lat"":37.538917,""lon"":127.041635,""alt"":15},""endLLA"":{""lat"":37.538917,""lon"":127.041635,""alt"":0},""targetSpeed"":10,""seq"":12}","{""phase"":""K"",""startLLA"":{""lat"":37.538917,""lon"":127.041635,""alt"":0},""endLLA"":{""lat"":37.538917,""lon"":127.041635,""alt"":0},""targetSpeed"":3,""seq"":13}",,,,,,,,
98f166edc22f,2026-07-11,FPL0716006,UAM0065,a2,2,2,1,봉천,봉천,망우,망우,11,G8,F1,G4,F3,11:38:38,11:47:03,11:55:48,12:02:38,12:12:38,505.71,524.55,410,1440.26,0,0,ready,봉천 > 채석장 > 경부고속도로 양재천 다리 > 대치교 > 청담대교 중간지점 > 건대입구 > 망우,24.1938,14,"{""phase"":""A"",""startLLA"":{""lat"":37.482832,""lon"":126.942245,""alt"":0},""endLLA"":{""lat"":37.482832,""lon"":126.942245,""alt"":0},""targetSpeed"":3,""seq"":1}","{""phase"":""B"",""startLLA"":{""lat"":37.482832,""lon"":126.942245,""alt"":0},""endLLA"":{""lat"":37.482832,""lon"":126.942245,""alt"":15},""targetSpeed"":10,""seq"":2}","{""phase"":""C"",""startLLA"":{""lat"":37.482832,""lon"":126.942245,""alt"":15},""endLLA"":{""lat"":37.479398,""lon"":126.955183,""alt"":100},""targetSpeed"":36,""seq"":3}","{""phase"":""E"",""startLLA"":{""lat"":37.479398,""lon"":126.955183,""alt"":100},""endLLA"":{""lat"":37.471285,""lon"":126.985745,""alt"":265.41},""targetSpeed"":51.4,""seq"":4}","{""phase"":""E"",""startLLA"":{""lat"":37.471285,""lon"":126.985745,""alt"":265.41},""endLLA"":{""lat"":37.471336,""lon"":126.993456,""alt"":305},""targetSpeed"":51.4,""seq"":5}","{""phase"":""F"",""startLLA"":{""lat"":37.471336,""lon"":126.993456,""alt"":305},""endLLA"":{""lat"":37.471593,""lon"":127.032031,""alt"":305},""targetSpeed"":51.4,""seq"":6}","{""phase"":""F"",""startLLA"":{""lat"":37.471593,""lon"":127.032031,""alt"":305},""endLLA"":{""lat"":37.497702,""lon"":127.073855,""alt"":305},""targetSpeed"":51.4,""seq"":7}","{""phase"":""F"",""startLLA"":{""lat"":37.497702,""lon"":127.073855,""alt"":305},""endLLA"":{""lat"":37.526451,""lon"":127.064361,""alt"":305},""targetSpeed"":51.4,""seq"":8}","{""phase"":""F"",""startLLA"":{""lat"":37.526451,""lon"":127.064361,""alt"":305},""endLLA"":{""lat"":37.540426,""lon"":127.069298,""alt"":305},""targetSpeed"":51.4,""seq"":9}","{""phase"":""F"",""startLLA"":{""lat"":37.540426,""lon"":127.069298,""alt"":305},""endLLA"":{""lat"":37.557138,""lon"":127.0739,""alt"":305},""targetSpeed"":51.4,""seq"":10}","{""phase"":""G"",""startLLA"":{""lat"":37.557138,""lon"":127.0739,""alt"":305},""endLLA"":{""lat"":37.588105,""lon"":127.082427,""alt"":100},""targetSpeed"":36,""seq"":11}","{""phase"":""I"",""startLLA"":{""lat"":37.588105,""lon"":127.082427,""alt"":100},""endLLA"":{""lat"":37.596919,""lon"":127.084854,""alt"":15},""targetSpeed"":30,""seq"":12}","{""phase"":""J"",""startLLA"":{""lat"":37.596919,""lon"":127.084854,""alt"":15},""endLLA"":{""lat"":37.596919,""lon"":127.084854,""alt"":0},""targetSpeed"":10,""seq"":13}","{""phase"":""K"",""startLLA"":{""lat"":37.596919,""lon"":127.084854,""alt"":0},""endLLA"":{""lat"":37.596919,""lon"":127.084854,""alt"":0},""targetSpeed"":3,""seq"":14}",,,,,,,
98f166edc22f,2026-07-11,FPL0702005,UAM0077,a6,6,4,0.6667,봉천,봉천,잠실,잠실,11,G4,F1,G2,F4,11:53:51,12:02:16,12:07:58,12:15:48,12:25:48,505.71,342.08,470,1317.79,0,0,ready,봉천 > 채석장 > 경부고속도로 양재천 다리 > 대치교 > 잠실,14.8146,12,"{""phase"":""A"",""startLLA"":{""lat"":37.482832,""lon"":126.942245,""alt"":0},""endLLA"":{""lat"":37.482832,""lon"":126.942245,""alt"":0},""targetSpeed"":3,""seq"":1}","{""phase"":""B"",""startLLA"":{""lat"":37.482832,""lon"":126.942245,""alt"":0},""endLLA"":{""lat"":37.482832,""lon"":126.942245,""alt"":15},""targetSpeed"":10,""seq"":2}","{""phase"":""C"",""startLLA"":{""lat"":37.482832,""lon"":126.942245,""alt"":15},""endLLA"":{""lat"":37.479397,""lon"":126.955186,""alt"":100},""targetSpeed"":36,""seq"":3}","{""phase"":""E"",""startLLA"":{""lat"":37.479397,""lon"":126.955186,""alt"":100},""endLLA"":{""lat"":37.471285,""lon"":126.985745,""alt"":265.36},""targetSpeed"":51.4,""seq"":4}","{""phase"":""E"",""startLLA"":{""lat"":37.471285,""lon"":126.985745,""alt"":265.36},""endLLA"":{""lat"":37.471336,""lon"":126.99347,""alt"":305},""targetSpeed"":51.4,""seq"":5}","{""phase"":""F"",""startLLA"":{""lat"":37.471336,""lon"":126.99347,""alt"":305},""endLLA"":{""lat"":37.471593,""lon"":127.032031,""alt"":305},""targetSpeed"":51.4,""seq"":6}","{""phase"":""F"",""startLLA"":{""lat"":37.471593,""lon"":127.032031,""alt"":305},""endLLA"":{""lat"":37.483526,""lon"":127.051147,""alt"":305},""targetSpeed"":51.4,""seq"":7}","{""phase"":""G"",""startLLA"":{""lat"":37.483526,""lon"":127.051147,""alt"":305},""endLLA"":{""lat"":37.497702,""lon"":127.073855,""alt"":156.75},""targetSpeed"":36,""seq"":8}","{""phase"":""G"",""startLLA"":{""lat"":37.497702,""lon"":127.073855,""alt"":156.75},""endLLA"":{""lat"":37.506266,""lon"":127.071433,""alt"":100},""targetSpeed"":36,""seq"":9}","{""phase"":""I"",""startLLA"":{""lat"":37.506266,""lon"":127.071433,""alt"":100},""endLLA"":{""lat"":37.515071,""lon"":127.068942,""alt"":15},""targetSpeed"":30,""seq"":10}","{""phase"":""J"",""startLLA"":{""lat"":37.515071,""lon"":127.068942,""alt"":15},""endLLA"":{""lat"":37.515071,""lon"":127.068942,""alt"":0},""targetSpeed"":10,""seq"":11}","{""phase"":""K"",""startLLA"":{""lat"":37.515071,""lon"":127.068942,""alt"":0},""endLLA"":{""lat"":37.515071,""lon"":127.068942,""alt"":0},""targetSpeed"":3,""seq"":12}",,,,,,,,,
98f166edc22f,2026-07-11,FPL0710006,UAM0097,a2,2,2,1,봉천,봉천,연신내,연신내,11,G3,F2,G8,F3,11:55:33,12:04:09,12:10:39,12:17:29,12:27:29,515.71,389.99,410,1315.71,72.91,0,ready,봉천 > 영등포 > 선유도 17고지 > 성산대교 중간지점 > 수색교 > 연신내,17.2775,13,"{""phase"":""A"",""startLLA"":{""lat"":37.482832,""lon"":126.942245,""alt"":0},""endLLA"":{""lat"":37.482832,""lon"":126.942245,""alt"":0},""targetSpeed"":3,""seq"":1}","{""phase"":""B"",""startLLA"":{""lat"":37.482832,""lon"":126.942245,""alt"":0},""endLLA"":{""lat"":37.482832,""lon"":126.942245,""alt"":15},""targetSpeed"":10,""seq"":2}","{""phase"":""C"",""startLLA"":{""lat"":37.482832,""lon"":126.942245,""alt"":15},""endLLA"":{""lat"":37.491176,""lon"":126.933559,""alt"":100},""targetSpeed"":36,""seq"":3}","{""phase"":""E"",""startLLA"":{""lat"":37.491176,""lon"":126.933559,""alt"":100},""endLLA"":{""lat"":37.515605,""lon"":126.908131,""alt"":305},""targetSpeed"":51.4,""seq"":4}","{""phase"":""F"",""startLLA"":{""lat"":37.515605,""lon"":126.908131,""alt"":305},""endLLA"":{""lat"":37.515965,""lon"":126.907756,""alt"":305},""targetSpeed"":51.4,""seq"":5}","{""phase"":""F"",""startLLA"":{""lat"":37.515965,""lon"":126.907756,""alt"":305},""endLLA"":{""lat"":37.542307,""lon"":126.90249,""alt"":305},""targetSpeed"":51.4,""seq"":6}","{""phase"":""F"",""startLLA"":{""lat"":37.542307,""lon"":126.90249,""alt"":305},""endLLA"":{""lat"":37.552574,""lon"":126.891431,""alt"":305},""targetSpeed"":51.4,""seq"":7}","{""phase"":""F"",""startLLA"":{""lat"":37.552574,""lon"":126.891431,""alt"":305},""endLLA"":{""lat"":37.583705,""lon"":126.886696,""alt"":305},""targetSpeed"":51.4,""seq"":8}","{""phase"":""G"",""startLLA"":{""lat"":37.583705,""lon"":126.886696,""alt"":305},""endLLA"":{""lat"":37.586283,""lon"":126.886304,""alt"":288.2},""targetSpeed"":36,""seq"":9}","{""phase"":""G"",""startLLA"":{""lat"":37.586283,""lon"":126.886304,""alt"":288.2},""endLLA"":{""lat"":37.605261,""lon"":126.914122,""alt"":100},""targetSpeed"":36,""seq"":10}","{""phase"":""I"",""startLLA"":{""lat"":37.605261,""lon"":126.914122,""alt"":100},""endLLA"":{""lat"":37.611145,""lon"":126.922747,""alt"":15},""targetSpeed"":30,""seq"":11}","{""phase"":""J"",""startLLA"":{""lat"":37.611145,""lon"":126.922747,""alt"":15},""endLLA"":{""lat"":37.611145,""lon"":126.922747,""alt"":0},""targetSpeed"":10,""seq"":12}","{""phase"":""K"",""startLLA"":{""lat"":37.611145,""lon"":126.922747,""alt"":0},""endLLA"":{""lat"":37.611145,""lon"":126.922747,""alt"":0},""targetSpeed"":3,""seq"":13}",,,,,,,,
98f166edc22f,2026-07-11,FPL0716007,UAM0039,a8,8,1,0.125,봉천,봉천,망우,망우,11,G8,F1,G4,F3,11:58:17,12:07:42,12:16:26,12:23:16,12:33:16,565.43,524.55,410,1499.98,59.71,0,ready,봉천 > 채석장 > 경부고속도로 양재천 다리 > 대치교 > 청담대교 중간지점 > 건대입구 > 망우,24.1938,14,"{""phase"":""A"",""startLLA"":{""lat"":37.482832,""lon"":126.942245,""alt"":0},""endLLA"":{""lat"":37.482832,""lon"":126.942245,""alt"":0},""targetSpeed"":3,""seq"":1}","{""phase"":""B"",""startLLA"":{""lat"":37.482832,""lon"":126.942245,""alt"":0},""endLLA"":{""lat"":37.482832,""lon"":126.942245,""alt"":15},""targetSpeed"":10,""seq"":2}","{""phase"":""C"",""startLLA"":{""lat"":37.482832,""lon"":126.942245,""alt"":15},""endLLA"":{""lat"":37.479398,""lon"":126.955183,""alt"":100},""targetSpeed"":36,""seq"":3}","{""phase"":""E"",""startLLA"":{""lat"":37.479398,""lon"":126.955183,""alt"":100},""endLLA"":{""lat"":37.471285,""lon"":126.985745,""alt"":265.41},""targetSpeed"":51.4,""seq"":4}","{""phase"":""E"",""startLLA"":{""lat"":37.471285,""lon"":126.985745,""alt"":265.41},""endLLA"":{""lat"":37.471336,""lon"":126.993456,""alt"":305},""targetSpeed"":51.4,""seq"":5}","{""phase"":""F"",""startLLA"":{""lat"":37.471336,""lon"":126.993456,""alt"":305},""endLLA"":{""lat"":37.471593,""lon"":127.032031,""alt"":305},""targetSpeed"":51.4,""seq"":6}","{""phase"":""F"",""startLLA"":{""lat"":37.471593,""lon"":127.032031,""alt"":305},""endLLA"":{""lat"":37.497702,""lon"":127.073855,""alt"":305},""targetSpeed"":51.4,""seq"":7}","{""phase"":""F"",""startLLA"":{""lat"":37.497702,""lon"":127.073855,""alt"":305},""endLLA"":{""lat"":37.526451,""lon"":127.064361,""alt"":305},""targetSpeed"":51.4,""seq"":8}","{""phase"":""F"",""startLLA"":{""lat"":37.526451,""lon"":127.064361,""alt"":305},""endLLA"":{""lat"":37.540426,""lon"":127.069298,""alt"":305},""targetSpeed"":51.4,""seq"":9}","{""phase"":""F"",""startLLA"":{""lat"":37.540426,""lon"":127.069298,""alt"":305},""endLLA"":{""lat"":37.557138,""lon"":127.0739,""alt"":305},""targetSpeed"":51.4,""seq"":10}","{""phase"":""G"",""startLLA"":{""lat"":37.557138,""lon"":127.0739,""alt"":305},""endLLA"":{""lat"":37.588105,""lon"":127.082427,""alt"":100},""targetSpeed"":36,""seq"":11}","{""phase"":""I"",""startLLA"":{""lat"":37.588105,""lon"":127.082427,""alt"":100},""endLLA"":{""lat"":37.596919,""lon"":127.084854,""alt"":15},""targetSpeed"":30,""seq"":12}","{""phase"":""J"",""startLLA"":{""lat"":37.596919,""lon"":127.084854,""alt"":15},""endLLA"":{""lat"":37.596919,""lon"":127.084854,""alt"":0},""targetSpeed"":10,""seq"":13}","{""phase"":""K"",""startLLA"":{""lat"":37.596919,""lon"":127.084854,""alt"":0},""endLLA"":{""lat"":37.596919,""lon"":127.084854,""alt"":0},""targetSpeed"":3,""seq"":14}",,,,,,,
98f166edc22f,2026-07-11,FPL0706008,UAM0110,a6,6,1,0.1667,봉천,봉천,미아,미아,11,G7,F2,G8,F4,11:59:27,12:09:35,12:20:31,12:27:21,12:37:21,608.34,656.41,410,1674.74,132.63,0,ready,봉천 > 채석장 > 경부고속도로 양재천 다리 > 대치교 > 청담대교 중간지점 > 건대입구 > 중랑천 제방길 > 상봉 > 월릉교 > 미아,30.9711,17,"{""phase"":""A"",""startLLA"":{""lat"":37.482832,""lon"":126.942245,""alt"":0},""endLLA"":{""lat"":37.482832,""lon"":126.942245,""alt"":0},""targetSpeed"":3,""seq"":1}","{""phase"":""B"",""startLLA"":{""lat"":37.482832,""lon"":126.942245,""alt"":0},""endLLA"":{""lat"":37.482832,""lon"":126.942245,""alt"":15},""targetSpeed"":10,""seq"":2}","{""phase"":""C"",""startLLA"":{""lat"":37.482832,""lon"":126.942245,""alt"":15},""endLLA"":{""lat"":37.479399,""lon"":126.95518,""alt"":100},""targetSpeed"":36,""seq"":3}","{""phase"":""E"",""startLLA"":{""lat"":37.479399,""lon"":126.95518,""alt"":100},""endLLA"":{""lat"":37.471285,""lon"":126.985745,""alt"":265.47},""targetSpeed"":51.4,""seq"":4}","{""phase"":""E"",""startLLA"":{""lat"":37.471285,""lon"":126.985745,""alt"":265.47},""endLLA"":{""lat"":37.471336,""lon"":126.993444,""alt"":305},""targetSpeed"":51.4,""seq"":5}","{""phase"":""F"",""startLLA"":{""lat"":37.471336,""lon"":126.993444,""alt"":305},""endLLA"":{""lat"":37.471593,""lon"":127.032031,""alt"":305},""targetSpeed"":51.4,""seq"":6}","{""phase"":""F"",""startLLA"":{""lat"":37.471593,""lon"":127.032031,""alt"":305},""endLLA"":{""lat"":37.497702,""lon"":127.073855,""alt"":305},""targetSpeed"":51.4,""seq"":7}","{""phase"":""F"",""startLLA"":{""lat"":37.497702,""lon"":127.073855,""alt"":305},""endLLA"":{""lat"":37.526451,""lon"":127.064361,""alt"":305},""targetSpeed"":51.4,""seq"":8}","{""phase"":""F"",""startLLA"":{""lat"":37.526451,""lon"":127.064361,""alt"":305},""endLLA"":{""lat"":37.540426,""lon"":127.069298,""alt"":305},""targetSpeed"":51.4,""seq"":9}","{""phase"":""F"",""startLLA"":{""lat"":37.540426,""lon"":127.069298,""alt"":305},""endLLA"":{""lat"":37.580774,""lon"":127.077387,""alt"":305},""targetSpeed"":51.4,""seq"":10}","{""phase"":""F"",""startLLA"":{""lat"":37.580774,""lon"":127.077387,""alt"":305},""endLLA"":{""lat"":37.596919,""lon"":127.084854,""alt"":305},""targetSpeed"":51.4,""seq"":11}","{""phase"":""F"",""startLLA"":{""lat"":37.596919,""lon"":127.084854,""alt"":305},""endLLA"":{""lat"":37.614352,""lon"":127.072725,""alt"":305},""targetSpeed"":51.4,""seq"":12}","{""phase"":""G"",""startLLA"":{""lat"":37.614352,""lon"":127.072725,""alt"":305},""endLLA"":{""lat"":37.616266,""lon"":127.071394,""alt"":290.86},""targetSpeed"":36,""seq"":13}","{""phase"":""G"",""startLLA"":{""lat"":37.616266,""lon"":127.071394,""alt"":290.86},""endLLA"":{""lat"":37.626943,""lon"":127.036669,""alt"":100},""targetSpeed"":36,""seq"":14}","{""phase"":""I"",""startLLA"":{""lat"":37.626943,""lon"":127.036669,""alt"":100},""endLLA"":{""lat"":37.630207,""lon"":127.026053,""alt"":15},""targetSpeed"":30,""seq"":15}","{""phase"":""J"",""startLLA"":{""lat"":37.630207,""lon"":127.026053,""alt"":15},""endLLA"":{""lat"":37.630207,""lon"":127.026053,""alt"":0},""targetSpeed"":10,""seq"":16}","{""phase"":""K"",""startLLA"":{""lat"":37.630207,""lon"":127.026053,""alt"":0},""endLLA"":{""lat"":37.630207,""lon"":127.026053,""alt"":0},""targetSpeed"":3,""seq"":17}",,,,
98f166edc22f,2026-07-11,FPL0715008,UAM0023,a8,8,6,0.75,봉천,봉천,마곡,마곡,12,G2,F1,G1,F3,12:07:54,12:15:19,12:23:14,12:32:58,12:42:58,445.71,474.61,584.54,1504.86,0,149.78,ready,봉천 > 영등포 > 목동교 > 염창교 > 가양대교 남단 > 마곡,18.2733,13,"{""phase"":""A"",""startLLA"":{""lat"":37.482832,""lon"":126.942245,""alt"":0},""endLLA"":{""lat"":37.482832,""lon"":126.942245,""alt"":0},""targetSpeed"":3,""seq"":1}","{""phase"":""B"",""startLLA"":{""lat"":37.482832,""lon"":126.942245,""alt"":0},""endLLA"":{""lat"":37.482832,""lon"":126.942245,""alt"":15},""targetSpeed"":10,""seq"":2}","{""phase"":""C"",""startLLA"":{""lat"":37.482832,""lon"":126.942245,""alt"":15},""endLLA"":{""lat"":37.491176,""lon"":126.933559,""alt"":100},""targetSpeed"":36,""seq"":3}","{""phase"":""E"",""startLLA"":{""lat"":37.491176,""lon"":126.933559,""alt"":100},""endLLA"":{""lat"":37.515605,""lon"":126.908131,""alt"":305},""targetSpeed"":51.4,""seq"":4}","{""phase"":""F"",""startLLA"":{""lat"":37.515605,""lon"":126.908131,""alt"":305},""endLLA"":{""lat"":37.515965,""lon"":126.907756,""alt"":305},""targetSpeed"":51.4,""seq"":5}","{""phase"":""F"",""startLLA"":{""lat"":37.515965,""lon"":126.907756,""alt"":305},""endLLA"":{""lat"":37.530667,""lon"":126.888262,""alt"":305},""targetSpeed"":51.4,""seq"":6}","{""phase"":""F"",""startLLA"":{""lat"":37.530667,""lon"":126.888262,""alt"":305},""endLLA"":{""lat"":37.553824,""lon"":126.875819,""alt"":305},""targetSpeed"":51.4,""seq"":7}","{""phase"":""F"",""startLLA"":{""lat"":37.553824,""lon"":126.875819,""alt"":305},""endLLA"":{""lat"":37.569391,""lon"":126.861026,""alt"":305},""targetSpeed"":51.4,""seq"":8}","{""phase"":""F"",""startLLA"":{""lat"":37.569391,""lon"":126.861026,""alt"":305},""endLLA"":{""lat"":37.567854,""lon"":126.842862,""alt"":305},""targetSpeed"":51.4,""seq"":9}","{""phase"":""G"",""startLLA"":{""lat"":37.567854,""lon"":126.842862,""alt"":305},""endLLA"":{""lat"":37.564492,""lon"":126.803118,""alt"":100},""targetSpeed"":36,""seq"":10}","{""phase"":""I"",""startLLA"":{""lat"":37.564492,""lon"":126.803118,""alt"":100},""endLLA"":{""lat"":37.563535,""lon"":126.791805,""alt"":15},""targetSpeed"":30,""seq"":11}","{""phase"":""J"",""startLLA"":{""lat"":37.563535,""lon"":126.791805,""alt"":15},""endLLA"":{""lat"":37.563535,""lon"":126.791805,""alt"":0},""targetSpeed"":10,""seq"":12}","{""phase"":""K"",""startLLA"":{""lat"":37.563535,""lon"":126.791805,""alt"":0},""endLLA"":{""lat"":37.563535,""lon"":126.791805,""alt"":0},""targetSpeed"":3,""seq"":13}",,,,,,,,
98f166edc22f,2026-07-11,FPL0702006,UAM0035,a4,4,4,1,봉천,봉천,잠실,잠실,12,G4,F1,G3,F3,12:15:28,12:23:53,12:29:35,12:36:55,12:46:55,505.71,342.08,440,1287.79,0,0,ready,봉천 > 채석장 > 경부고속도로 양재천 다리 > 대치교 > 잠실,14.8146,12,"{""phase"":""A"",""startLLA"":{""lat"":37.482832,""lon"":126.942245,""alt"":0},""endLLA"":{""lat"":37.482832,""lon"":126.942245,""alt"":0},""targetSpeed"":3,""seq"":1}","{""phase"":""B"",""startLLA"":{""lat"":37.482832,""lon"":126.942245,""alt"":0},""endLLA"":{""lat"":37.482832,""lon"":126.942245,""alt"":15},""targetSpeed"":10,""seq"":2}","{""phase"":""C"",""startLLA"":{""lat"":37.482832,""lon"":126.942245,""alt"":15},""endLLA"":{""lat"":37.479397,""lon"":126.955186,""alt"":100},""targetSpeed"":36,""seq"":3}","{""phase"":""E"",""startLLA"":{""lat"":37.479397,""lon"":126.955186,""alt"":100},""endLLA"":{""lat"":37.471285,""lon"":126.985745,""alt"":265.36},""targetSpeed"":51.4,""seq"":4}","{""phase"":""E"",""startLLA"":{""lat"":37.471285,""lon"":126.985745,""alt"":265.36},""endLLA"":{""lat"":37.471336,""lon"":126.99347,""alt"":305},""targetSpeed"":51.4,""seq"":5}","{""phase"":""F"",""startLLA"":{""lat"":37.471336,""lon"":126.99347,""alt"":305},""endLLA"":{""lat"":37.471593,""lon"":127.032031,""alt"":305},""targetSpeed"":51.4,""seq"":6}","{""phase"":""F"",""startLLA"":{""lat"":37.471593,""lon"":127.032031,""alt"":305},""endLLA"":{""lat"":37.483526,""lon"":127.051147,""alt"":305},""targetSpeed"":51.4,""seq"":7}","{""phase"":""G"",""startLLA"":{""lat"":37.483526,""lon"":127.051147,""alt"":305},""endLLA"":{""lat"":37.497702,""lon"":127.073855,""alt"":156.75},""targetSpeed"":36,""seq"":8}","{""phase"":""G"",""startLLA"":{""lat"":37.497702,""lon"":127.073855,""alt"":156.75},""endLLA"":{""lat"":37.506266,""lon"":127.071433,""alt"":100},""targetSpeed"":36,""seq"":9}","{""phase"":""I"",""startLLA"":{""lat"":37.506266,""lon"":127.071433,""alt"":100},""endLLA"":{""lat"":37.515071,""lon"":127.068942,""alt"":15},""targetSpeed"":30,""seq"":10}","{""phase"":""J"",""startLLA"":{""lat"":37.515071,""lon"":127.068942,""alt"":15},""endLLA"":{""lat"":37.515071,""lon"":127.068942,""alt"":0},""targetSpeed"":10,""seq"":11}","{""phase"":""K"",""startLLA"":{""lat"":37.515071,""lon"":127.068942,""alt"":0},""endLLA"":{""lat"":37.515071,""lon"":127.068942,""alt"":0},""targetSpeed"":3,""seq"":12}",,,,,,,,,
98f166edc22f,2026-07-11,FPL0710007,UAM0113,a2,2,2,1,봉천,봉천,연신내,연신내,12,G8,F2,G8,F3,12:17:37,12:26:02,12:32:32,12:39:22,12:49:22,505.71,389.99,410,1305.71,0,0,ready,봉천 > 영등포 > 선유도 17고지 > 성산대교 중간지점 > 수색교 > 연신내,17.2775,13,"{""phase"":""A"",""startLLA"":{""lat"":37.482832,""lon"":126.942245,""alt"":0},""endLLA"":{""lat"":37.482832,""lon"":126.942245,""alt"":0},""targetSpeed"":3,""seq"":1}","{""phase"":""B"",""startLLA"":{""lat"":37.482832,""lon"":126.942245,""alt"":0},""endLLA"":{""lat"":37.482832,""lon"":126.942245,""alt"":15},""targetSpeed"":10,""seq"":2}","{""phase"":""C"",""startLLA"":{""lat"":37.482832,""lon"":126.942245,""alt"":15},""endLLA"":{""lat"":37.491176,""lon"":126.933559,""alt"":100},""targetSpeed"":36,""seq"":3}","{""phase"":""E"",""startLLA"":{""lat"":37.491176,""lon"":126.933559,""alt"":100},""endLLA"":{""lat"":37.515605,""lon"":126.908131,""alt"":305},""targetSpeed"":51.4,""seq"":4}","{""phase"":""F"",""startLLA"":{""lat"":37.515605,""lon"":126.908131,""alt"":305},""endLLA"":{""lat"":37.515965,""lon"":126.907756,""alt"":305},""targetSpeed"":51.4,""seq"":5}","{""phase"":""F"",""startLLA"":{""lat"":37.515965,""lon"":126.907756,""alt"":305},""endLLA"":{""lat"":37.542307,""lon"":126.90249,""alt"":305},""targetSpeed"":51.4,""seq"":6}","{""phase"":""F"",""startLLA"":{""lat"":37.542307,""lon"":126.90249,""alt"":305},""endLLA"":{""lat"":37.552574,""lon"":126.891431,""alt"":305},""targetSpeed"":51.4,""seq"":7}","{""phase"":""F"",""startLLA"":{""lat"":37.552574,""lon"":126.891431,""alt"":305},""endLLA"":{""lat"":37.583705,""lon"":126.886696,""alt"":305},""targetSpeed"":51.4,""seq"":8}","{""phase"":""G"",""startLLA"":{""lat"":37.583705,""lon"":126.886696,""alt"":305},""endLLA"":{""lat"":37.586283,""lon"":126.886304,""alt"":288.2},""targetSpeed"":36,""seq"":9}","{""phase"":""G"",""startLLA"":{""lat"":37.586283,""lon"":126.886304,""alt"":288.2},""endLLA"":{""lat"":37.605261,""lon"":126.914122,""alt"":100},""targetSpeed"":36,""seq"":10}","{""phase"":""I"",""startLLA"":{""lat"":37.605261,""lon"":126.914122,""alt"":100},""endLLA"":{""lat"":37.611145,""lon"":126.922747,""alt"":15},""targetSpeed"":30,""seq"":11}","{""phase"":""J"",""startLLA"":{""lat"":37.611145,""lon"":126.922747,""alt"":15},""endLLA"":{""lat"":37.611145,""lon"":126.922747,""alt"":0},""targetSpeed"":10,""seq"":12}","{""phase"":""K"",""startLLA"":{""lat"":37.611145,""lon"":126.922747,""alt"":0},""endLLA"":{""lat"":37.611145,""lon"":126.922747,""alt"":0},""targetSpeed"":3,""seq"":13}",,,,,,,,
98f166edc22f,2026-07-11,FPL0716008,UAM0092,a4,4,4,1,봉천,봉천,망우,망우,12,G3,F1,G8,F4,12:23:58,12:31:53,12:40:38,12:47:28,12:57:28,475.71,524.55,410,1410.26,0,0,ready,봉천 > 채석장 > 경부고속도로 양재천 다리 > 대치교 > 청담대교 중간지점 > 건대입구 > 망우,24.1938,14,"{""phase"":""A"",""startLLA"":{""lat"":37.482832,""lon"":126.942245,""alt"":0},""endLLA"":{""lat"":37.482832,""lon"":126.942245,""alt"":0},""targetSpeed"":3,""seq"":1}","{""phase"":""B"",""startLLA"":{""lat"":37.482832,""lon"":126.942245,""alt"":0},""endLLA"":{""lat"":37.482832,""lon"":126.942245,""alt"":15},""targetSpeed"":10,""seq"":2}","{""phase"":""C"",""startLLA"":{""lat"":37.482832,""lon"":126.942245,""alt"":15},""endLLA"":{""lat"":37.479398,""lon"":126.955183,""alt"":100},""targetSpeed"":36,""seq"":3}","{""phase"":""E"",""startLLA"":{""lat"":37.479398,""lon"":126.955183,""alt"":100},""endLLA"":{""lat"":37.471285,""lon"":126.985745,""alt"":265.41},""targetSpeed"":51.4,""seq"":4}","{""phase"":""E"",""startLLA"":{""lat"":37.471285,""lon"":126.985745,""alt"":265.41},""endLLA"":{""lat"":37.471336,""lon"":126.993456,""alt"":305},""targetSpeed"":51.4,""seq"":5}","{""phase"":""F"",""startLLA"":{""lat"":37.471336,""lon"":126.993456,""alt"":305},""endLLA"":{""lat"":37.471593,""lon"":127.032031,""alt"":305},""targetSpeed"":51.4,""seq"":6}","{""phase"":""F"",""startLLA"":{""lat"":37.471593,""lon"":127.032031,""alt"":305},""endLLA"":{""lat"":37.497702,""lon"":127.073855,""alt"":305},""targetSpeed"":51.4,""seq"":7}","{""phase"":""F"",""startLLA"":{""lat"":37.497702,""lon"":127.073855,""alt"":305},""endLLA"":{""lat"":37.526451,""lon"":127.064361,""alt"":305},""targetSpeed"":51.4,""seq"":8}","{""phase"":""F"",""startLLA"":{""lat"":37.526451,""lon"":127.064361,""alt"":305},""endLLA"":{""lat"":37.540426,""lon"":127.069298,""alt"":305},""targetSpeed"":51.4,""seq"":9}","{""phase"":""F"",""startLLA"":{""lat"":37.540426,""lon"":127.069298,""alt"":305},""endLLA"":{""lat"":37.557138,""lon"":127.0739,""alt"":305},""targetSpeed"":51.4,""seq"":10}","{""phase"":""G"",""startLLA"":{""lat"":37.557138,""lon"":127.0739,""alt"":305},""endLLA"":{""lat"":37.588105,""lon"":127.082427,""alt"":100},""targetSpeed"":36,""seq"":11}","{""phase"":""I"",""startLLA"":{""lat"":37.588105,""lon"":127.082427,""alt"":100},""endLLA"":{""lat"":37.596919,""lon"":127.084854,""alt"":15},""targetSpeed"":30,""seq"":12}","{""phase"":""J"",""startLLA"":{""lat"":37.596919,""lon"":127.084854,""alt"":15},""endLLA"":{""lat"":37.596919,""lon"":127.084854,""alt"":0},""targetSpeed"":10,""seq"":13}","{""phase"":""K"",""startLLA"":{""lat"":37.596919,""lon"":127.084854,""alt"":0},""endLLA"":{""lat"":37.596919,""lon"":127.084854,""alt"":0},""targetSpeed"":3,""seq"":14}",,,,,,,
98f166edc22f,2026-07-11,FPL0717006,UAM0102,a6,6,5,0.8333,봉천,봉천,수서,수서,12,G7,F1,G4,F4,12:32:42,12:40:37,12:46:12,12:53:02,13:03:02,475.71,334.77,410,1220.48,0,0,ready,봉천 > 채석장 > 경부고속도로 양재천 다리 > 수서,14.439,11,"{""phase"":""A"",""startLLA"":{""lat"":37.482832,""lon"":126.942245,""alt"":0},""endLLA"":{""lat"":37.482832,""lon"":126.942245,""alt"":0},""targetSpeed"":3,""seq"":1}","{""phase"":""B"",""startLLA"":{""lat"":37.482832,""lon"":126.942245,""alt"":0},""endLLA"":{""lat"":37.482832,""lon"":126.942245,""alt"":15},""targetSpeed"":10,""seq"":2}","{""phase"":""C"",""startLLA"":{""lat"":37.482832,""lon"":126.942245,""alt"":15},""endLLA"":{""lat"":37.479396,""lon"":126.955188,""alt"":100},""targetSpeed"":36,""seq"":3}","{""phase"":""E"",""startLLA"":{""lat"":37.479396,""lon"":126.955188,""alt"":100},""endLLA"":{""lat"":37.471285,""lon"":126.985745,""alt"":265.31},""targetSpeed"":51.4,""seq"":4}","{""phase"":""E"",""startLLA"":{""lat"":37.471285,""lon"":126.985745,""alt"":265.31},""endLLA"":{""lat"":37.471336,""lon"":126.99348,""alt"":305},""targetSpeed"":51.4,""seq"":5}","{""phase"":""F"",""startLLA"":{""lat"":37.471336,""lon"":126.99348,""alt"":305},""endLLA"":{""lat"":37.471593,""lon"":127.032031,""alt"":305},""targetSpeed"":51.4,""seq"":6}","{""phase"":""F"",""startLLA"":{""lat"":37.471593,""lon"":127.032031,""alt"":305},""endLLA"":{""lat"":37.476051,""lon"":127.051318,""alt"":305},""targetSpeed"":51.4,""seq"":7}","{""phase"":""G"",""startLLA"":{""lat"":37.476051,""lon"":127.051318,""alt"":305},""endLLA"":{""lat"":37.484917,""lon"":127.089683,""alt"":100},""targetSpeed"":36,""seq"":8}","{""phase"":""I"",""startLLA"":{""lat"":37.484917,""lon"":127.089683,""alt"":100},""endLLA"":{""lat"":37.487441,""lon"":127.100603,""alt"":15},""targetSpeed"":30,""seq"":9}","{""phase"":""J"",""startLLA"":{""lat"":37.487441,""lon"":127.100603,""alt"":15},""endLLA"":{""lat"":37.487441,""lon"":127.100603,""alt"":0},""targetSpeed"":10,""seq"":10}","{""phase"":""K"",""startLLA"":{""lat"":37.487441,""lon"":127.100603,""alt"":0},""endLLA"":{""lat"":37.487441,""lon"":127.100603,""alt"":0},""targetSpeed"":3,""seq"":11}",,,,,,,,,,
98f166edc22f,2026-07-11,FPL0709010,UAM0108,a4,4,3,0.75,봉천,봉천,성수,성수,12,G4,F2,G2,F4,12:36:12,12:44:37,12:51:33,12:59:23,13:09:23,505.71,415.34,470,1391.06,0,0,ready,봉천 > 채석장 > 경부고속도로 양재천 다리 > 대치교 > 청담대교 중간지점 > 성수,18.5804,13,"{""phase"":""A"",""startLLA"":{""lat"":37.482832,""lon"":126.942245,""alt"":0},""endLLA"":{""lat"":37.482832,""lon"":126.942245,""alt"":0},""targetSpeed"":3,""seq"":1}","{""phase"":""B"",""startLLA"":{""lat"":37.482832,""lon"":126.942245,""alt"":0},""endLLA"":{""lat"":37.482832,""lon"":126.942245,""alt"":15},""targetSpeed"":10,""seq"":2}","{""phase"":""C"",""startLLA"":{""lat"":37.482832,""lon"":126.942245,""alt"":15},""endLLA"":{""lat"":37.479397,""lon"":126.955184,""alt"":100},""targetSpeed"":36,""seq"":3}","{""phase"":""E"",""startLLA"":{""lat"":37.479397,""lon"":126.955184,""alt"":100},""endLLA"":{""lat"":37.471285,""lon"":126.985745,""alt"":265.38},""targetSpeed"":51.4,""seq"":4}","{""phase"":""E"",""startLLA"":{""lat"":37.471285,""lon"":126.985745,""alt"":265.38},""endLLA"":{""lat"":37.471336,""lon"":126.993464,""alt"":305},""targetSpeed"":51.4,""seq"":5}","{""phase"":""F"",""startLLA"":{""lat"":37.471336,""lon"":126.993464,""alt"":305},""endLLA"":{""lat"":37.471593,""lon"":127.032031,""alt"":305},""targetSpeed"":51.4,""seq"":6}","{""phase"":""F"",""startLLA"":{""lat"":37.471593,""lon"":127.032031,""alt"":305},""endLLA"":{""lat"":37.497702,""lon"":127.073855,""alt"":305},""targetSpeed"":51.4,""seq"":7}","{""phase"":""F"",""startLLA"":{""lat"":37.497702,""lon"":127.073855,""alt"":305},""endLLA"":{""lat"":37.508255,""lon"":127.07037,""alt"":305},""targetSpeed"":51.4,""seq"":8}","{""phase"":""G"",""startLLA"":{""lat"":37.508255,""lon"":127.07037,""alt"":305},""endLLA"":{""lat"":37.526451,""lon"":127.064361,""alt"":183.36},""targetSpeed"":36,""seq"":9}","{""phase"":""G"",""startLLA"":{""lat"":37.526451,""lon"":127.064361,""alt"":183.36},""endLLA"":{""lat"":37.533784,""lon"":127.050993,""alt"":100},""targetSpeed"":36,""seq"":10}","{""phase"":""I"",""startLLA"":{""lat"":37.533784,""lon"":127.050993,""alt"":100},""endLLA"":{""lat"":37.538917,""lon"":127.041635,""alt"":15},""targetSpeed"":30,""seq"":11}","{""phase"":""J"",""startLLA"":{""lat"":37.538917,""lon"":127.041635,""alt"":15},""endLLA"":{""lat"":37.538917,""lon"":127.041635,""alt"":0},""targetSpeed"":10,""seq"":12}","{""phase"":""K"",""startLLA"":{""lat"":37.538917,""lon"":127.041635,""alt"":0},""endLLA"":{""lat"":37.538917,""lon"":127.041635,""alt"":0},""targetSpeed"":3,""seq"":13}",,,,,,,,
98f166edc22f,2026-07-11,FPL0710008,UAM0016,a8,8,3,0.375,봉천,봉천,연신내,연신내,12,G8,F1,G8,F3,12:37:22,12:46:03,12:52:33,12:59:23,13:09:23,521.43,389.99,410,1321.42,15.71,0,ready,봉천 > 영등포 > 선유도 17고지 > 성산대교 중간지점 > 수색교 > 연신내,17.2775,13,"{""phase"":""A"",""startLLA"":{""lat"":37.482832,""lon"":126.942245,""alt"":0},""endLLA"":{""lat"":37.482832,""lon"":126.942245,""alt"":0},""targetSpeed"":3,""seq"":1}","{""phase"":""B"",""startLLA"":{""lat"":37.482832,""lon"":126.942245,""alt"":0},""endLLA"":{""lat"":37.482832,""lon"":126.942245,""alt"":15},""targetSpeed"":10,""seq"":2}","{""phase"":""C"",""startLLA"":{""lat"":37.482832,""lon"":126.942245,""alt"":15},""endLLA"":{""lat"":37.491176,""lon"":126.933559,""alt"":100},""targetSpeed"":36,""seq"":3}","{""phase"":""E"",""startLLA"":{""lat"":37.491176,""lon"":126.933559,""alt"":100},""endLLA"":{""lat"":37.515605,""lon"":126.908131,""alt"":305},""targetSpeed"":51.4,""seq"":4}","{""phase"":""F"",""startLLA"":{""lat"":37.515605,""lon"":126.908131,""alt"":305},""endLLA"":{""lat"":37.515965,""lon"":126.907756,""alt"":305},""targetSpeed"":51.4,""seq"":5}","{""phase"":""F"",""startLLA"":{""lat"":37.515965,""lon"":126.907756,""alt"":305},""endLLA"":{""lat"":37.542307,""lon"":126.90249,""alt"":305},""targetSpeed"":51.4,""seq"":6}","{""phase"":""F"",""startLLA"":{""lat"":37.542307,""lon"":126.90249,""alt"":305},""endLLA"":{""lat"":37.552574,""lon"":126.891431,""alt"":305},""targetSpeed"":51.4,""seq"":7}","{""phase"":""F"",""startLLA"":{""lat"":37.552574,""lon"":126.891431,""alt"":305},""endLLA"":{""lat"":37.583705,""lon"":126.886696,""alt"":305},""targetSpeed"":51.4,""seq"":8}","{""phase"":""G"",""startLLA"":{""lat"":37.583705,""lon"":126.886696,""alt"":305},""endLLA"":{""lat"":37.586283,""lon"":126.886304,""alt"":288.2},""targetSpeed"":36,""seq"":9}","{""phase"":""G"",""startLLA"":{""lat"":37.586283,""lon"":126.886304,""alt"":288.2},""endLLA"":{""lat"":37.605261,""lon"":126.914122,""alt"":100},""targetSpeed"":36,""seq"":10}","{""phase"":""I"",""startLLA"":{""lat"":37.605261,""lon"":126.914122,""alt"":100},""endLLA"":{""lat"":37.611145,""lon"":126.922747,""alt"":15},""targetSpeed"":30,""seq"":11}","{""phase"":""J"",""startLLA"":{""lat"":37.611145,""lon"":126.922747,""alt"":15},""endLLA"":{""lat"":37.611145,""lon"":126.922747,""alt"":0},""targetSpeed"":10,""seq"":12}","{""phase"":""K"",""startLLA"":{""lat"":37.611145,""lon"":126.922747,""alt"":0},""endLLA"":{""lat"":37.611145,""lon"":126.922747,""alt"":0},""targetSpeed"":3,""seq"":13}",,,,,,,,
98f166edc22f,2026-07-11,FPL0706009,UAM0033,a2,2,2,1,봉천,봉천,미아,미아,12,G3,F1,G7,F4,12:47:41,12:55:36,13:10:52,13:18:20,13:28:20,475.71,915.7,448.21,1839.63,0,236.91,ready,봉천 > 채석장 > 경부고속도로 양재천 다리 > 대치교 > 청담대교 중간지점 > 건대입구 > 중랑천 제방길 > 상봉 > 월릉교 > 미아,30.9711,17,"{""phase"":""A"",""startLLA"":{""lat"":37.482832,""lon"":126.942245,""alt"":0},""endLLA"":{""lat"":37.482832,""lon"":126.942245,""alt"":0},""targetSpeed"":3,""seq"":1}","{""phase"":""B"",""startLLA"":{""lat"":37.482832,""lon"":126.942245,""alt"":0},""endLLA"":{""lat"":37.482832,""lon"":126.942245,""alt"":15},""targetSpeed"":10,""seq"":2}","{""phase"":""C"",""startLLA"":{""lat"":37.482832,""lon"":126.942245,""alt"":15},""endLLA"":{""lat"":37.479399,""lon"":126.95518,""alt"":100},""targetSpeed"":36,""seq"":3}","{""phase"":""E"",""startLLA"":{""lat"":37.479399,""lon"":126.95518,""alt"":100},""endLLA"":{""lat"":37.471285,""lon"":126.985745,""alt"":265.47},""targetSpeed"":51.4,""seq"":4}","{""phase"":""E"",""startLLA"":{""lat"":37.471285,""lon"":126.985745,""alt"":265.47},""endLLA"":{""lat"":37.471336,""lon"":126.993444,""alt"":305},""targetSpeed"":51.4,""seq"":5}","{""phase"":""F"",""startLLA"":{""lat"":37.471336,""lon"":126.993444,""alt"":305},""endLLA"":{""lat"":37.471593,""lon"":127.032031,""alt"":305},""targetSpeed"":51.4,""seq"":6}","{""phase"":""F"",""startLLA"":{""lat"":37.471593,""lon"":127.032031,""alt"":305},""endLLA"":{""lat"":37.497702,""lon"":127.073855,""alt"":305},""targetSpeed"":51.4,""seq"":7}","{""phase"":""F"",""startLLA"":{""lat"":37.497702,""lon"":127.073855,""alt"":305},""endLLA"":{""lat"":37.526451,""lon"":127.064361,""alt"":305},""targetSpeed"":51.4,""seq"":8}","{""phase"":""F"",""startLLA"":{""lat"":37.526451,""lon"":127.064361,""alt"":305},""endLLA"":{""lat"":37.540426,""lon"":127.069298,""alt"":305},""targetSpeed"":51.4,""seq"":9}","{""phase"":""F"",""startLLA"":{""lat"":37.540426,""lon"":127.069298,""alt"":305},""endLLA"":{""lat"":37.580774,""lon"":127.077387,""alt"":305},""targetSpeed"":51.4,""seq"":10}","{""phase"":""F"",""startLLA"":{""lat"":37.580774,""lon"":127.077387,""alt"":305},""endLLA"":{""lat"":37.596919,""lon"":127.084854,""alt"":305},""targetSpeed"":51.4,""seq"":11}","{""phase"":""F"",""startLLA"":{""lat"":37.596919,""lon"":127.084854,""alt"":305},""endLLA"":{""lat"":37.614352,""lon"":127.072725,""alt"":305},""targetSpeed"":51.4,""seq"":12}","{""phase"":""G"",""startLLA"":{""lat"":37.614352,""lon"":127.072725,""alt"":305},""endLLA"":{""lat"":37.616266,""lon"":127.071394,""alt"":290.86},""targetSpeed"":36,""seq"":13}","{""phase"":""G"",""startLLA"":{""lat"":37.616266,""lon"":127.071394,""alt"":290.86},""endLLA"":{""lat"":37.626943,""lon"":127.036669,""alt"":100},""targetSpeed"":36,""seq"":14}","{""phase"":""I"",""startLLA"":{""lat"":37.626943,""lon"":127.036669,""alt"":100},""endLLA"":{""lat"":37.630207,""lon"":127.026053,""alt"":15},""targetSpeed"":30,""seq"":15}","{""phase"":""J"",""startLLA"":{""lat"":37.630207,""lon"":127.026053,""alt"":15},""endLLA"":{""lat"":37.630207,""lon"":127.026053,""alt"":0},""targetSpeed"":10,""seq"":16}","{""phase"":""K"",""startLLA"":{""lat"":37.630207,""lon"":127.026053,""alt"":0},""endLLA"":{""lat"":37.630207,""lon"":127.026053,""alt"":0},""targetSpeed"":3,""seq"":17}",,,,
98f166edc22f,2026-07-11,FPL0711006,UAM0094,a6,6,3,0.5,봉천,봉천,천호,천호,12,G4,F1,G3,F4,12:57:33,13:05:58,13:14:00,13:21:20,13:31:20,505.71,481.31,440,1427.02,0,0,ready,봉천 > 채석장 > 경부고속도로 양재천 다리 > 대치교 > 청담대교 중간지점 > 잠실대교 중간지점 > 천호,21.9712,14,"{""phase"":""A"",""startLLA"":{""lat"":37.482832,""lon"":126.942245,""alt"":0},""endLLA"":{""lat"":37.482832,""lon"":126.942245,""alt"":0},""targetSpeed"":3,""seq"":1}","{""phase"":""B"",""startLLA"":{""lat"":37.482832,""lon"":126.942245,""alt"":0},""endLLA"":{""lat"":37.482832,""lon"":126.942245,""alt"":15},""targetSpeed"":10,""seq"":2}","{""phase"":""C"",""startLLA"":{""lat"":37.482832,""lon"":126.942245,""alt"":15},""endLLA"":{""lat"":37.479397,""lon"":126.955184,""alt"":100},""targetSpeed"":36,""seq"":3}","{""phase"":""E"",""startLLA"":{""lat"":37.479397,""lon"":126.955184,""alt"":100},""endLLA"":{""lat"":37.471285,""lon"":126.985745,""alt"":265.4},""targetSpeed"":51.4,""seq"":4}","{""phase"":""E"",""startLLA"":{""lat"":37.471285,""lon"":126.985745,""alt"":265.4},""endLLA"":{""lat"":37.471336,""lon"":126.993461,""alt"":305},""targetSpeed"":51.4,""seq"":5}","{""phase"":""F"",""startLLA"":{""lat"":37.471336,""lon"":126.993461,""alt"":305},""endLLA"":{""lat"":37.471593,""lon"":127.032031,""alt"":305},""targetSpeed"":51.4,""seq"":6}","{""phase"":""F"",""startLLA"":{""lat"":37.471593,""lon"":127.032031,""alt"":305},""endLLA"":{""lat"":37.497702,""lon"":127.073855,""alt"":305},""targetSpeed"":51.4,""seq"":7}","{""phase"":""F"",""startLLA"":{""lat"":37.497702,""lon"":127.073855,""alt"":305},""endLLA"":{""lat"":37.526451,""lon"":127.064361,""alt"":305},""targetSpeed"":51.4,""seq"":8}","{""phase"":""F"",""startLLA"":{""lat"":37.526451,""lon"":127.064361,""alt"":305},""endLLA"":{""lat"":37.525291,""lon"":127.078987,""alt"":305},""targetSpeed"":51.4,""seq"":9}","{""phase"":""G"",""startLLA"":{""lat"":37.525291,""lon"":127.078987,""alt"":305},""endLLA"":{""lat"":37.524288,""lon"":127.091639,""alt"":239.78},""targetSpeed"":36,""seq"":10}","{""phase"":""G"",""startLLA"":{""lat"":37.524288,""lon"":127.091639,""alt"":239.78},""endLLA"":{""lat"":37.539417,""lon"":127.111104,""alt"":100},""targetSpeed"":36,""seq"":11}","{""phase"":""I"",""startLLA"":{""lat"":37.539417,""lon"":127.111104,""alt"":100},""endLLA"":{""lat"":37.545733,""lon"":127.11923,""alt"":15},""targetSpeed"":30,""seq"":12}","{""phase"":""J"",""startLLA"":{""lat"":37.545733,""lon"":127.11923,""alt"":15},""endLLA"":{""lat"":37.545733,""lon"":127.11923,""alt"":0},""targetSpeed"":10,""seq"":13}","{""phase"":""K"",""startLLA"":{""lat"":37.545733,""lon"":127.11923,""alt"":0},""endLLA"":{""lat"":37.545733,""lon"":127.11923,""alt"":0},""targetSpeed"":3,""seq"":14}",,,,,,,
98f166edc22f,2026-07-11,FPL0717007,UAM0121,a2,2,2,1,봉천,봉천,수서,수서,13,G8,F1,G2,F4,13:04:39,13:13:04,13:18:39,13:26:29,13:36:29,505.71,334.77,470,1310.48,0,0,ready,봉천 > 채석장 > 경부고속도로 양재천 다리 > 수서,14.439,11,"{""phase"":""A"",""startLLA"":{""lat"":37.482832,""lon"":126.942245,""alt"":0},""endLLA"":{""lat"":37.482832,""lon"":126.942245,""alt"":0},""targetSpeed"":3,""seq"":1}","{""phase"":""B"",""startLLA"":{""lat"":37.482832,""lon"":126.942245,""alt"":0},""endLLA"":{""lat"":37.482832,""lon"":126.942245,""alt"":15},""targetSpeed"":10,""seq"":2}","{""phase"":""C"",""startLLA"":{""lat"":37.482832,""lon"":126.942245,""alt"":15},""endLLA"":{""lat"":37.479396,""lon"":126.955188,""alt"":100},""targetSpeed"":36,""seq"":3}","{""phase"":""E"",""startLLA"":{""lat"":37.479396,""lon"":126.955188,""alt"":100},""endLLA"":{""lat"":37.471285,""lon"":126.985745,""alt"":265.31},""targetSpeed"":51.4,""seq"":4}","{""phase"":""E"",""startLLA"":{""lat"":37.471285,""lon"":126.985745,""alt"":265.31},""endLLA"":{""lat"":37.471336,""lon"":126.99348,""alt"":305},""targetSpeed"":51.4,""seq"":5}","{""phase"":""F"",""startLLA"":{""lat"":37.471336,""lon"":126.99348,""alt"":305},""endLLA"":{""lat"":37.471593,""lon"":127.032031,""alt"":305},""targetSpeed"":51.4,""seq"":6}","{""phase"":""F"",""startLLA"":{""lat"":37.471593,""lon"":127.032031,""alt"":305},""endLLA"":{""lat"":37.476051,""lon"":127.051318,""alt"":305},""targetSpeed"":51.4,""seq"":7}","{""phase"":""G"",""startLLA"":{""lat"":37.476051,""lon"":127.051318,""alt"":305},""endLLA"":{""lat"":37.484917,""lon"":127.089683,""alt"":100},""targetSpeed"":36,""seq"":8}","{""phase"":""I"",""startLLA"":{""lat"":37.484917,""lon"":127.089683,""alt"":100},""endLLA"":{""lat"":37.487441,""lon"":127.100603,""alt"":15},""targetSpeed"":30,""seq"":9}","{""phase"":""J"",""startLLA"":{""lat"":37.487441,""lon"":127.100603,""alt"":15},""endLLA"":{""lat"":37.487441,""lon"":127.100603,""alt"":0},""targetSpeed"":10,""seq"":10}","{""phase"":""K"",""startLLA"":{""lat"":37.487441,""lon"":127.100603,""alt"":0},""endLLA"":{""lat"":37.487441,""lon"":127.100603,""alt"":0},""targetSpeed"":3,""seq"":11}",,,,,,,,,,
98f166edc22f,2026-07-11,FPL0709011,UAM0134,a6,6,6,1,봉천,봉천,성수,성수,13,G4,F1,G8,F3,13:26:20,13:34:45,13:41:41,13:48:31,13:58:31,505.71,415.34,410,1331.06,0,0,ready,봉천 > 채석장 > 경부고속도로 양재천 다리 > 대치교 > 청담대교 중간지점 > 성수,18.5804,13,"{""phase"":""A"",""startLLA"":{""lat"":37.482832,""lon"":126.942245,""alt"":0},""endLLA"":{""lat"":37.482832,""lon"":126.942245,""alt"":0},""targetSpeed"":3,""seq"":1}","{""phase"":""B"",""startLLA"":{""lat"":37.482832,""lon"":126.942245,""alt"":0},""endLLA"":{""lat"":37.482832,""lon"":126.942245,""alt"":15},""targetSpeed"":10,""seq"":2}","{""phase"":""C"",""startLLA"":{""lat"":37.482832,""lon"":126.942245,""alt"":15},""endLLA"":{""lat"":37.479397,""lon"":126.955184,""alt"":100},""targetSpeed"":36,""seq"":3}","{""phase"":""E"",""startLLA"":{""lat"":37.479397,""lon"":126.955184,""alt"":100},""endLLA"":{""lat"":37.471285,""lon"":126.985745,""alt"":265.38},""targetSpeed"":51.4,""seq"":4}","{""phase"":""E"",""startLLA"":{""lat"":37.471285,""lon"":126.985745,""alt"":265.38},""endLLA"":{""lat"":37.471336,""lon"":126.993464,""alt"":305},""targetSpeed"":51.4,""seq"":5}","{""phase"":""F"",""startLLA"":{""lat"":37.471336,""lon"":126.993464,""alt"":305},""endLLA"":{""lat"":37.471593,""lon"":127.032031,""alt"":305},""targetSpeed"":51.4,""seq"":6}","{""phase"":""F"",""startLLA"":{""lat"":37.471593,""lon"":127.032031,""alt"":305},""endLLA"":{""lat"":37.497702,""lon"":127.073855,""alt"":305},""targetSpeed"":51.4,""seq"":7}","{""phase"":""F"",""startLLA"":{""lat"":37.497702,""lon"":127.073855,""alt"":305},""endLLA"":{""lat"":37.508255,""lon"":127.07037,""alt"":305},""targetSpeed"":51.4,""seq"":8}","{""phase"":""G"",""startLLA"":{""lat"":37.508255,""lon"":127.07037,""alt"":305},""endLLA"":{""lat"":37.526451,""lon"":127.064361,""alt"":183.36},""targetSpeed"":36,""seq"":9}","{""phase"":""G"",""startLLA"":{""lat"":37.526451,""lon"":127.064361,""alt"":183.36},""endLLA"":{""lat"":37.533784,""lon"":127.050993,""alt"":100},""targetSpeed"":36,""seq"":10}","{""phase"":""I"",""startLLA"":{""lat"":37.533784,""lon"":127.050993,""alt"":100},""endLLA"":{""lat"":37.538917,""lon"":127.041635,""alt"":15},""targetSpeed"":30,""seq"":11}","{""phase"":""J"",""startLLA"":{""lat"":37.538917,""lon"":127.041635,""alt"":15},""endLLA"":{""lat"":37.538917,""lon"":127.041635,""alt"":0},""targetSpeed"":10,""seq"":12}","{""phase"":""K"",""startLLA"":{""lat"":37.538917,""lon"":127.041635,""alt"":0},""endLLA"":{""lat"":37.538917,""lon"":127.041635,""alt"":0},""targetSpeed"":3,""seq"":13}",,,,,,,,
98f166edc22f,2026-07-11,FPL0716009,UAM0019,a4,4,4,1,봉천,봉천,망우,망우,13,G8,F2,G4,F3,13:31:39,13:40:04,13:48:49,13:55:39,14:05:39,505.71,524.55,410,1440.26,0,0,ready,봉천 > 채석장 > 경부고속도로 양재천 다리 > 대치교 > 청담대교 중간지점 > 건대입구 > 망우,24.1938,14,"{""phase"":""A"",""startLLA"":{""lat"":37.482832,""lon"":126.942245,""alt"":0},""endLLA"":{""lat"":37.482832,""lon"":126.942245,""alt"":0},""targetSpeed"":3,""seq"":1}","{""phase"":""B"",""startLLA"":{""lat"":37.482832,""lon"":126.942245,""alt"":0},""endLLA"":{""lat"":37.482832,""lon"":126.942245,""alt"":15},""targetSpeed"":10,""seq"":2}","{""phase"":""C"",""startLLA"":{""lat"":37.482832,""lon"":126.942245,""alt"":15},""endLLA"":{""lat"":37.479398,""lon"":126.955183,""alt"":100},""targetSpeed"":36,""seq"":3}","{""phase"":""E"",""startLLA"":{""lat"":37.479398,""lon"":126.955183,""alt"":100},""endLLA"":{""lat"":37.471285,""lon"":126.985745,""alt"":265.41},""targetSpeed"":51.4,""seq"":4}","{""phase"":""E"",""startLLA"":{""lat"":37.471285,""lon"":126.985745,""alt"":265.41},""endLLA"":{""lat"":37.471336,""lon"":126.993456,""alt"":305},""targetSpeed"":51.4,""seq"":5}","{""phase"":""F"",""startLLA"":{""lat"":37.471336,""lon"":126.993456,""alt"":305},""endLLA"":{""lat"":37.471593,""lon"":127.032031,""alt"":305},""targetSpeed"":51.4,""seq"":6}","{""phase"":""F"",""startLLA"":{""lat"":37.471593,""lon"":127.032031,""alt"":305},""endLLA"":{""lat"":37.497702,""lon"":127.073855,""alt"":305},""targetSpeed"":51.4,""seq"":7}","{""phase"":""F"",""startLLA"":{""lat"":37.497702,""lon"":127.073855,""alt"":305},""endLLA"":{""lat"":37.526451,""lon"":127.064361,""alt"":305},""targetSpeed"":51.4,""seq"":8}","{""phase"":""F"",""startLLA"":{""lat"":37.526451,""lon"":127.064361,""alt"":305},""endLLA"":{""lat"":37.540426,""lon"":127.069298,""alt"":305},""targetSpeed"":51.4,""seq"":9}","{""phase"":""F"",""startLLA"":{""lat"":37.540426,""lon"":127.069298,""alt"":305},""endLLA"":{""lat"":37.557138,""lon"":127.0739,""alt"":305},""targetSpeed"":51.4,""seq"":10}","{""phase"":""G"",""startLLA"":{""lat"":37.557138,""lon"":127.0739,""alt"":305},""endLLA"":{""lat"":37.588105,""lon"":127.082427,""alt"":100},""targetSpeed"":36,""seq"":11}","{""phase"":""I"",""startLLA"":{""lat"":37.588105,""lon"":127.082427,""alt"":100},""endLLA"":{""lat"":37.596919,""lon"":127.084854,""alt"":15},""targetSpeed"":30,""seq"":12}","{""phase"":""J"",""startLLA"":{""lat"":37.596919,""lon"":127.084854,""alt"":15},""endLLA"":{""lat"":37.596919,""lon"":127.084854,""alt"":0},""targetSpeed"":10,""seq"":13}","{""phase"":""K"",""startLLA"":{""lat"":37.596919,""lon"":127.084854,""alt"":0},""endLLA"":{""lat"":37.596919,""lon"":127.084854,""alt"":0},""targetSpeed"":3,""seq"":14}",,,,,,,
98f166edc22f,2026-07-11,FPL0715009,UAM0105,a2,2,2,1,봉천,봉천,마곡,마곡,13,G4,F1,G5,F4,13:48:43,13:57:48,14:13:07,14:24:42,14:34:42,545.71,918.98,694.72,2159.41,74.02,194.72,ready,봉천 > 영등포 > 목동교 > 염창교 > 가양대교 남단 > 마곡,18.2733,13,"{""phase"":""A"",""startLLA"":{""lat"":37.482832,""lon"":126.942245,""alt"":0},""endLLA"":{""lat"":37.482832,""lon"":126.942245,""alt"":0},""targetSpeed"":3,""seq"":1}","{""phase"":""B"",""startLLA"":{""lat"":37.482832,""lon"":126.942245,""alt"":0},""endLLA"":{""lat"":37.482832,""lon"":126.942245,""alt"":15},""targetSpeed"":10,""seq"":2}","{""phase"":""C"",""startLLA"":{""lat"":37.482832,""lon"":126.942245,""alt"":15},""endLLA"":{""lat"":37.491176,""lon"":126.933559,""alt"":100},""targetSpeed"":36,""seq"":3}","{""phase"":""E"",""startLLA"":{""lat"":37.491176,""lon"":126.933559,""alt"":100},""endLLA"":{""lat"":37.515605,""lon"":126.908131,""alt"":305},""targetSpeed"":51.4,""seq"":4}","{""phase"":""F"",""startLLA"":{""lat"":37.515605,""lon"":126.908131,""alt"":305},""endLLA"":{""lat"":37.515965,""lon"":126.907756,""alt"":305},""targetSpeed"":51.4,""seq"":5}","{""phase"":""F"",""startLLA"":{""lat"":37.515965,""lon"":126.907756,""alt"":305},""endLLA"":{""lat"":37.530667,""lon"":126.888262,""alt"":305},""targetSpeed"":51.4,""seq"":6}","{""phase"":""F"",""startLLA"":{""lat"":37.530667,""lon"":126.888262,""alt"":305},""endLLA"":{""lat"":37.553824,""lon"":126.875819,""alt"":305},""targetSpeed"":51.4,""seq"":7}","{""phase"":""F"",""startLLA"":{""lat"":37.553824,""lon"":126.875819,""alt"":305},""endLLA"":{""lat"":37.569391,""lon"":126.861026,""alt"":305},""targetSpeed"":51.4,""seq"":8}","{""phase"":""F"",""startLLA"":{""lat"":37.569391,""lon"":126.861026,""alt"":305},""endLLA"":{""lat"":37.567854,""lon"":126.842862,""alt"":305},""targetSpeed"":51.4,""seq"":9}","{""phase"":""G"",""startLLA"":{""lat"":37.567854,""lon"":126.842862,""alt"":305},""endLLA"":{""lat"":37.564492,""lon"":126.803118,""alt"":100},""targetSpeed"":36,""seq"":10}","{""phase"":""I"",""startLLA"":{""lat"":37.564492,""lon"":126.803118,""alt"":100},""endLLA"":{""lat"":37.563535,""lon"":126.791805,""alt"":15},""targetSpeed"":30,""seq"":11}","{""phase"":""J"",""startLLA"":{""lat"":37.563535,""lon"":126.791805,""alt"":15},""endLLA"":{""lat"":37.563535,""lon"":126.791805,""alt"":0},""targetSpeed"":10,""seq"":12}","{""phase"":""K"",""startLLA"":{""lat"":37.563535,""lon"":126.791805,""alt"":0},""endLLA"":{""lat"":37.563535,""lon"":126.791805,""alt"":0},""targetSpeed"":3,""seq"":13}",,,,,,,,
98f166edc22f,2026-07-11,FPL0706010,UAM0017,a2,2,2,1,봉천,봉천,미아,미아,13,G8,F1,G7,F4,13:56:31,14:04:56,14:15:53,14:23:13,14:33:13,505.71,656.41,440,1602.12,0,0,ready,봉천 > 채석장 > 경부고속도로 양재천 다리 > 대치교 > 청담대교 중간지점 > 건대입구 > 중랑천 제방길 > 상봉 > 월릉교 > 미아,30.9711,17,"{""phase"":""A"",""startLLA"":{""lat"":37.482832,""lon"":126.942245,""alt"":0},""endLLA"":{""lat"":37.482832,""lon"":126.942245,""alt"":0},""targetSpeed"":3,""seq"":1}","{""phase"":""B"",""startLLA"":{""lat"":37.482832,""lon"":126.942245,""alt"":0},""endLLA"":{""lat"":37.482832,""lon"":126.942245,""alt"":15},""targetSpeed"":10,""seq"":2}","{""phase"":""C"",""startLLA"":{""lat"":37.482832,""lon"":126.942245,""alt"":15},""endLLA"":{""lat"":37.479399,""lon"":126.95518,""alt"":100},""targetSpeed"":36,""seq"":3}","{""phase"":""E"",""startLLA"":{""lat"":37.479399,""lon"":126.95518,""alt"":100},""endLLA"":{""lat"":37.471285,""lon"":126.985745,""alt"":265.47},""targetSpeed"":51.4,""seq"":4}","{""phase"":""E"",""startLLA"":{""lat"":37.471285,""lon"":126.985745,""alt"":265.47},""endLLA"":{""lat"":37.471336,""lon"":126.993444,""alt"":305},""targetSpeed"":51.4,""seq"":5}","{""phase"":""F"",""startLLA"":{""lat"":37.471336,""lon"":126.993444,""alt"":305},""endLLA"":{""lat"":37.471593,""lon"":127.032031,""alt"":305},""targetSpeed"":51.4,""seq"":6}","{""phase"":""F"",""startLLA"":{""lat"":37.471593,""lon"":127.032031,""alt"":305},""endLLA"":{""lat"":37.497702,""lon"":127.073855,""alt"":305},""targetSpeed"":51.4,""seq"":7}","{""phase"":""F"",""startLLA"":{""lat"":37.497702,""lon"":127.073855,""alt"":305},""endLLA"":{""lat"":37.526451,""lon"":127.064361,""alt"":305},""targetSpeed"":51.4,""seq"":8}","{""phase"":""F"",""startLLA"":{""lat"":37.526451,""lon"":127.064361,""alt"":305},""endLLA"":{""lat"":37.540426,""lon"":127.069298,""alt"":305},""targetSpeed"":51.4,""seq"":9}","{""phase"":""F"",""startLLA"":{""lat"":37.540426,""lon"":127.069298,""alt"":305},""endLLA"":{""lat"":37.580774,""lon"":127.077387,""alt"":305},""targetSpeed"":51.4,""seq"":10}","{""phase"":""F"",""startLLA"":{""lat"":37.580774,""lon"":127.077387,""alt"":305},""endLLA"":{""lat"":37.596919,""lon"":127.084854,""alt"":305},""targetSpeed"":51.4,""seq"":11}","{""phase"":""F"",""startLLA"":{""lat"":37.596919,""lon"":127.084854,""alt"":305},""endLLA"":{""lat"":37.614352,""lon"":127.072725,""alt"":305},""targetSpeed"":51.4,""seq"":12}","{""phase"":""G"",""startLLA"":{""lat"":37.614352,""lon"":127.072725,""alt"":305},""endLLA"":{""lat"":37.616266,""lon"":127.071394,""alt"":290.86},""targetSpeed"":36,""seq"":13}","{""phase"":""G"",""startLLA"":{""lat"":37.616266,""lon"":127.071394,""alt"":290.86},""endLLA"":{""lat"":37.626943,""lon"":127.036669,""alt"":100},""targetSpeed"":36,""seq"":14}","{""phase"":""I"",""startLLA"":{""lat"":37.626943,""lon"":127.036669,""alt"":100},""endLLA"":{""lat"":37.630207,""lon"":127.026053,""alt"":15},""targetSpeed"":30,""seq"":15}","{""phase"":""J"",""startLLA"":{""lat"":37.630207,""lon"":127.026053,""alt"":15},""endLLA"":{""lat"":37.630207,""lon"":127.026053,""alt"":0},""targetSpeed"":10,""seq"":16}","{""phase"":""K"",""startLLA"":{""lat"":37.630207,""lon"":127.026053,""alt"":0},""endLLA"":{""lat"":37.630207,""lon"":127.026053,""alt"":0},""targetSpeed"":3,""seq"":17}",,,,
98f166edc22f,2026-07-11,FPL0711007,UAM0109,a6,6,6,1,봉천,봉천,천호,천호,14,G3,F2,G6,F3,14:01:04,14:08:59,14:17:01,14:24:51,14:34:51,475.71,481.31,470,1427.02,0,0,ready,봉천 > 채석장 > 경부고속도로 양재천 다리 > 대치교 > 청담대교 중간지점 > 잠실대교 중간지점 > 천호,21.9712,14,"{""phase"":""A"",""startLLA"":{""lat"":37.482832,""lon"":126.942245,""alt"":0},""endLLA"":{""lat"":37.482832,""lon"":126.942245,""alt"":0},""targetSpeed"":3,""seq"":1}","{""phase"":""B"",""startLLA"":{""lat"":37.482832,""lon"":126.942245,""alt"":0},""endLLA"":{""lat"":37.482832,""lon"":126.942245,""alt"":15},""targetSpeed"":10,""seq"":2}","{""phase"":""C"",""startLLA"":{""lat"":37.482832,""lon"":126.942245,""alt"":15},""endLLA"":{""lat"":37.479397,""lon"":126.955184,""alt"":100},""targetSpeed"":36,""seq"":3}","{""phase"":""E"",""startLLA"":{""lat"":37.479397,""lon"":126.955184,""alt"":100},""endLLA"":{""lat"":37.471285,""lon"":126.985745,""alt"":265.4},""targetSpeed"":51.4,""seq"":4}","{""phase"":""E"",""startLLA"":{""lat"":37.471285,""lon"":126.985745,""alt"":265.4},""endLLA"":{""lat"":37.471336,""lon"":126.993461,""alt"":305},""targetSpeed"":51.4,""seq"":5}","{""phase"":""F"",""startLLA"":{""lat"":37.471336,""lon"":126.993461,""alt"":305},""endLLA"":{""lat"":37.471593,""lon"":127.032031,""alt"":305},""targetSpeed"":51.4,""seq"":6}","{""phase"":""F"",""startLLA"":{""lat"":37.471593,""lon"":127.032031,""alt"":305},""endLLA"":{""lat"":37.497702,""lon"":127.073855,""alt"":305},""targetSpeed"":51.4,""seq"":7}","{""phase"":""F"",""startLLA"":{""lat"":37.497702,""lon"":127.073855,""alt"":305},""endLLA"":{""lat"":37.526451,""lon"":127.064361,""alt"":305},""targetSpeed"":51.4,""seq"":8}","{""phase"":""F"",""startLLA"":{""lat"":37.526451,""lon"":127.064361,""alt"":305},""endLLA"":{""lat"":37.525291,""lon"":127.078987,""alt"":305},""targetSpeed"":51.4,""seq"":9}","{""phase"":""G"",""startLLA"":{""lat"":37.525291,""lon"":127.078987,""alt"":305},""endLLA"":{""lat"":37.524288,""lon"":127.091639,""alt"":239.78},""targetSpeed"":36,""seq"":10}","{""phase"":""G"",""startLLA"":{""lat"":37.524288,""lon"":127.091639,""alt"":239.78},""endLLA"":{""lat"":37.539417,""lon"":127.111104,""alt"":100},""targetSpeed"":36,""seq"":11}","{""phase"":""I"",""startLLA"":{""lat"":37.539417,""lon"":127.111104,""alt"":100},""endLLA"":{""lat"":37.545733,""lon"":127.11923,""alt"":15},""targetSpeed"":30,""seq"":12}","{""phase"":""J"",""startLLA"":{""lat"":37.545733,""lon"":127.11923,""alt"":15},""endLLA"":{""lat"":37.545733,""lon"":127.11923,""alt"":0},""targetSpeed"":10,""seq"":13}","{""phase"":""K"",""startLLA"":{""lat"":37.545733,""lon"":127.11923,""alt"":0},""endLLA"":{""lat"":37.545733,""lon"":127.11923,""alt"":0},""targetSpeed"":3,""seq"":14}",,,,,,,
98f166edc22f,2026-07-11,FPL0709012,UAM0033,a2,2,2,1,봉천,봉천,성수,성수,14,G4,F1,G8,F4,14:06:04,14:14:34,14:21:29,14:28:19,14:38:19,510.65,415.34,410,1335.99,4.93,0,ready,봉천 > 채석장 > 경부고속도로 양재천 다리 > 대치교 > 청담대교 중간지점 > 성수,18.5804,13,"{""phase"":""A"",""startLLA"":{""lat"":37.482832,""lon"":126.942245,""alt"":0},""endLLA"":{""lat"":37.482832,""lon"":126.942245,""alt"":0},""targetSpeed"":3,""seq"":1}","{""phase"":""B"",""startLLA"":{""lat"":37.482832,""lon"":126.942245,""alt"":0},""endLLA"":{""lat"":37.482832,""lon"":126.942245,""alt"":15},""targetSpeed"":10,""seq"":2}","{""phase"":""C"",""startLLA"":{""lat"":37.482832,""lon"":126.942245,""alt"":15},""endLLA"":{""lat"":37.479397,""lon"":126.955184,""alt"":100},""targetSpeed"":36,""seq"":3}","{""phase"":""E"",""startLLA"":{""lat"":37.479397,""lon"":126.955184,""alt"":100},""endLLA"":{""lat"":37.471285,""lon"":126.985745,""alt"":265.38},""targetSpeed"":51.4,""seq"":4}","{""phase"":""E"",""startLLA"":{""lat"":37.471285,""lon"":126.985745,""alt"":265.38},""endLLA"":{""lat"":37.471336,""lon"":126.993464,""alt"":305},""targetSpeed"":51.4,""seq"":5}","{""phase"":""F"",""startLLA"":{""lat"":37.471336,""lon"":126.993464,""alt"":305},""endLLA"":{""lat"":37.471593,""lon"":127.032031,""alt"":305},""targetSpeed"":51.4,""seq"":6}","{""phase"":""F"",""startLLA"":{""lat"":37.471593,""lon"":127.032031,""alt"":305},""endLLA"":{""lat"":37.497702,""lon"":127.073855,""alt"":305},""targetSpeed"":51.4,""seq"":7}","{""phase"":""F"",""startLLA"":{""lat"":37.497702,""lon"":127.073855,""alt"":305},""endLLA"":{""lat"":37.508255,""lon"":127.07037,""alt"":305},""targetSpeed"":51.4,""seq"":8}","{""phase"":""G"",""startLLA"":{""lat"":37.508255,""lon"":127.07037,""alt"":305},""endLLA"":{""lat"":37.526451,""lon"":127.064361,""alt"":183.36},""targetSpeed"":36,""seq"":9}","{""phase"":""G"",""startLLA"":{""lat"":37.526451,""lon"":127.064361,""alt"":183.36},""endLLA"":{""lat"":37.533784,""lon"":127.050993,""alt"":100},""targetSpeed"":36,""seq"":10}","{""phase"":""I"",""startLLA"":{""lat"":37.533784,""lon"":127.050993,""alt"":100},""endLLA"":{""lat"":37.538917,""lon"":127.041635,""alt"":15},""targetSpeed"":30,""seq"":11}","{""phase"":""J"",""startLLA"":{""lat"":37.538917,""lon"":127.041635,""alt"":15},""endLLA"":{""lat"":37.538917,""lon"":127.041635,""alt"":0},""targetSpeed"":10,""seq"":12}","{""phase"":""K"",""startLLA"":{""lat"":37.538917,""lon"":127.041635,""alt"":0},""endLLA"":{""lat"":37.538917,""lon"":127.041635,""alt"":0},""targetSpeed"":3,""seq"":13}",,,,,,,,
98f166edc22f,2026-07-11,FPL0702007,UAM0005,a6,6,6,1,봉천,봉천,잠실,잠실,14,G7,F2,G7,F3,14:11:54,14:19:49,14:26:48,14:34:08,14:44:08,475.71,419.14,440,1334.86,0,77.07,ready,봉천 > 채석장 > 경부고속도로 양재천 다리 > 대치교 > 잠실,14.8146,12,"{""phase"":""A"",""startLLA"":{""lat"":37.482832,""lon"":126.942245,""alt"":0},""endLLA"":{""lat"":37.482832,""lon"":126.942245,""alt"":0},""targetSpeed"":3,""seq"":1}","{""phase"":""B"",""startLLA"":{""lat"":37.482832,""lon"":126.942245,""alt"":0},""endLLA"":{""lat"":37.482832,""lon"":126.942245,""alt"":15},""targetSpeed"":10,""seq"":2}","{""phase"":""C"",""startLLA"":{""lat"":37.482832,""lon"":126.942245,""alt"":15},""endLLA"":{""lat"":37.479397,""lon"":126.955186,""alt"":100},""targetSpeed"":36,""seq"":3}","{""phase"":""E"",""startLLA"":{""lat"":37.479397,""lon"":126.955186,""alt"":100},""endLLA"":{""lat"":37.471285,""lon"":126.985745,""alt"":265.36},""targetSpeed"":51.4,""seq"":4}","{""phase"":""E"",""startLLA"":{""lat"":37.471285,""lon"":126.985745,""alt"":265.36},""endLLA"":{""lat"":37.471336,""lon"":126.99347,""alt"":305},""targetSpeed"":51.4,""seq"":5}","{""phase"":""F"",""startLLA"":{""lat"":37.471336,""lon"":126.99347,""alt"":305},""endLLA"":{""lat"":37.471593,""lon"":127.032031,""alt"":305},""targetSpeed"":51.4,""seq"":6}","{""phase"":""F"",""startLLA"":{""lat"":37.471593,""lon"":127.032031,""alt"":305},""endLLA"":{""lat"":37.483526,""lon"":127.051147,""alt"":305},""targetSpeed"":51.4,""seq"":7}","{""phase"":""G"",""startLLA"":{""lat"":37.483526,""lon"":127.051147,""alt"":305},""endLLA"":{""lat"":37.497702,""lon"":127.073855,""alt"":156.75},""targetSpeed"":36,""seq"":8}","{""phase"":""G"",""startLLA"":{""lat"":37.497702,""lon"":127.073855,""alt"":156.75},""endLLA"":{""lat"":37.506266,""lon"":127.071433,""alt"":100},""targetSpeed"":36,""seq"":9}","{""phase"":""I"",""startLLA"":{""lat"":37.506266,""lon"":127.071433,""alt"":100},""endLLA"":{""lat"":37.515071,""lon"":127.068942,""alt"":15},""targetSpeed"":30,""seq"":10}","{""phase"":""J"",""startLLA"":{""lat"":37.515071,""lon"":127.068942,""alt"":15},""endLLA"":{""lat"":37.515071,""lon"":127.068942,""alt"":0},""targetSpeed"":10,""seq"":11}","{""phase"":""K"",""startLLA"":{""lat"":37.515071,""lon"":127.068942,""alt"":0},""endLLA"":{""lat"":37.515071,""lon"":127.068942,""alt"":0},""targetSpeed"":3,""seq"":12}",,,,,,,,,
98f166edc22f,2026-07-11,FPL0709013,UAM0091,a4,4,4,1,봉천,봉천,성수,성수,14,G8,F1,G6,F4,14:17:19,14:25:44,14:32:56,14:40:46,14:50:46,505.71,431.65,470,1407.36,0,16.31,ready,봉천 > 채석장 > 경부고속도로 양재천 다리 > 대치교 > 청담대교 중간지점 > 성수,18.5804,13,"{""phase"":""A"",""startLLA"":{""lat"":37.482832,""lon"":126.942245,""alt"":0},""endLLA"":{""lat"":37.482832,""lon"":126.942245,""alt"":0},""targetSpeed"":3,""seq"":1}","{""phase"":""B"",""startLLA"":{""lat"":37.482832,""lon"":126.942245,""alt"":0},""endLLA"":{""lat"":37.482832,""lon"":126.942245,""alt"":15},""targetSpeed"":10,""seq"":2}","{""phase"":""C"",""startLLA"":{""lat"":37.482832,""lon"":126.942245,""alt"":15},""endLLA"":{""lat"":37.479397,""lon"":126.955184,""alt"":100},""targetSpeed"":36,""seq"":3}","{""phase"":""E"",""startLLA"":{""lat"":37.479397,""lon"":126.955184,""alt"":100},""endLLA"":{""lat"":37.471285,""lon"":126.985745,""alt"":265.38},""targetSpeed"":51.4,""seq"":4}","{""phase"":""E"",""startLLA"":{""lat"":37.471285,""lon"":126.985745,""alt"":265.38},""endLLA"":{""lat"":37.471336,""lon"":126.993464,""alt"":305},""targetSpeed"":51.4,""seq"":5}","{""phase"":""F"",""startLLA"":{""lat"":37.471336,""lon"":126.993464,""alt"":305},""endLLA"":{""lat"":37.471593,""lon"":127.032031,""alt"":305},""targetSpeed"":51.4,""seq"":6}","{""phase"":""F"",""startLLA"":{""lat"":37.471593,""lon"":127.032031,""alt"":305},""endLLA"":{""lat"":37.497702,""lon"":127.073855,""alt"":305},""targetSpeed"":51.4,""seq"":7}","{""phase"":""F"",""startLLA"":{""lat"":37.497702,""lon"":127.073855,""alt"":305},""endLLA"":{""lat"":37.508255,""lon"":127.07037,""alt"":305},""targetSpeed"":51.4,""seq"":8}","{""phase"":""G"",""startLLA"":{""lat"":37.508255,""lon"":127.07037,""alt"":305},""endLLA"":{""lat"":37.526451,""lon"":127.064361,""alt"":183.36},""targetSpeed"":36,""seq"":9}","{""phase"":""G"",""startLLA"":{""lat"":37.526451,""lon"":127.064361,""alt"":183.36},""endLLA"":{""lat"":37.533784,""lon"":127.050993,""alt"":100},""targetSpeed"":36,""seq"":10}","{""phase"":""I"",""startLLA"":{""lat"":37.533784,""lon"":127.050993,""alt"":100},""endLLA"":{""lat"":37.538917,""lon"":127.041635,""alt"":15},""targetSpeed"":30,""seq"":11}","{""phase"":""J"",""startLLA"":{""lat"":37.538917,""lon"":127.041635,""alt"":15},""endLLA"":{""lat"":37.538917,""lon"":127.041635,""alt"":0},""targetSpeed"":10,""seq"":12}","{""phase"":""K"",""startLLA"":{""lat"":37.538917,""lon"":127.041635,""alt"":0},""endLLA"":{""lat"":37.538917,""lon"":127.041635,""alt"":0},""targetSpeed"":3,""seq"":13}",,,,,,,,
98f166edc22f,2026-07-11,FPL0715010,UAM0041,a2,2,2,1,봉천,봉천,마곡,마곡,14,G4,F1,G7,F3,14:23:45,14:32:10,14:44:57,14:54:27,15:04:27,505.71,767.14,569.57,1842.43,0,155.71,ready,봉천 > 영등포 > 목동교 > 염창교 > 가양대교 남단 > 마곡,18.2733,13,"{""phase"":""A"",""startLLA"":{""lat"":37.482832,""lon"":126.942245,""alt"":0},""endLLA"":{""lat"":37.482832,""lon"":126.942245,""alt"":0},""targetSpeed"":3,""seq"":1}","{""phase"":""B"",""startLLA"":{""lat"":37.482832,""lon"":126.942245,""alt"":0},""endLLA"":{""lat"":37.482832,""lon"":126.942245,""alt"":15},""targetSpeed"":10,""seq"":2}","{""phase"":""C"",""startLLA"":{""lat"":37.482832,""lon"":126.942245,""alt"":15},""endLLA"":{""lat"":37.491176,""lon"":126.933559,""alt"":100},""targetSpeed"":36,""seq"":3}","{""phase"":""E"",""startLLA"":{""lat"":37.491176,""lon"":126.933559,""alt"":100},""endLLA"":{""lat"":37.515605,""lon"":126.908131,""alt"":305},""targetSpeed"":51.4,""seq"":4}","{""phase"":""F"",""startLLA"":{""lat"":37.515605,""lon"":126.908131,""alt"":305},""endLLA"":{""lat"":37.515965,""lon"":126.907756,""alt"":305},""targetSpeed"":51.4,""seq"":5}","{""phase"":""F"",""startLLA"":{""lat"":37.515965,""lon"":126.907756,""alt"":305},""endLLA"":{""lat"":37.530667,""lon"":126.888262,""alt"":305},""targetSpeed"":51.4,""seq"":6}","{""phase"":""F"",""startLLA"":{""lat"":37.530667,""lon"":126.888262,""alt"":305},""endLLA"":{""lat"":37.553824,""lon"":126.875819,""alt"":305},""targetSpeed"":51.4,""seq"":7}","{""phase"":""F"",""startLLA"":{""lat"":37.553824,""lon"":126.875819,""alt"":305},""endLLA"":{""lat"":37.569391,""lon"":126.861026,""alt"":305},""targetSpeed"":51.4,""seq"":8}","{""phase"":""F"",""startLLA"":{""lat"":37.569391,""lon"":126.861026,""alt"":305},""endLLA"":{""lat"":37.567854,""lon"":126.842862,""alt"":305},""targetSpeed"":51.4,""seq"":9}","{""phase"":""G"",""startLLA"":{""lat"":37.567854,""lon"":126.842862,""alt"":305},""endLLA"":{""lat"":37.564492,""lon"":126.803118,""alt"":100},""targetSpeed"":36,""seq"":10}","{""phase"":""I"",""startLLA"":{""lat"":37.564492,""lon"":126.803118,""alt"":100},""endLLA"":{""lat"":37.563535,""lon"":126.791805,""alt"":15},""targetSpeed"":30,""seq"":11}","{""phase"":""J"",""startLLA"":{""lat"":37.563535,""lon"":126.791805,""alt"":15},""endLLA"":{""lat"":37.563535,""lon"":126.791805,""alt"":0},""targetSpeed"":10,""seq"":12}","{""phase"":""K"",""startLLA"":{""lat"":37.563535,""lon"":126.791805,""alt"":0},""endLLA"":{""lat"":37.563535,""lon"":126.791805,""alt"":0},""targetSpeed"":3,""seq"":13}",,,,,,,,
98f166edc22f,2026-07-11,FPL0717008,UAM0062,a6,6,6,1,봉천,봉천,수서,수서,14,G3,F1,G4,F4,14:34:28,14:42:23,14:47:58,14:54:48,15:04:48,475.71,334.77,410,1220.48,0,0,ready,봉천 > 채석장 > 경부고속도로 양재천 다리 > 수서,14.439,11,"{""phase"":""A"",""startLLA"":{""lat"":37.482832,""lon"":126.942245,""alt"":0},""endLLA"":{""lat"":37.482832,""lon"":126.942245,""alt"":0},""targetSpeed"":3,""seq"":1}","{""phase"":""B"",""startLLA"":{""lat"":37.482832,""lon"":126.942245,""alt"":0},""endLLA"":{""lat"":37.482832,""lon"":126.942245,""alt"":15},""targetSpeed"":10,""seq"":2}","{""phase"":""C"",""startLLA"":{""lat"":37.482832,""lon"":126.942245,""alt"":15},""endLLA"":{""lat"":37.479396,""lon"":126.955188,""alt"":100},""targetSpeed"":36,""seq"":3}","{""phase"":""E"",""startLLA"":{""lat"":37.479396,""lon"":126.955188,""alt"":100},""endLLA"":{""lat"":37.471285,""lon"":126.985745,""alt"":265.31},""targetSpeed"":51.4,""seq"":4}","{""phase"":""E"",""startLLA"":{""lat"":37.471285,""lon"":126.985745,""alt"":265.31},""endLLA"":{""lat"":37.471336,""lon"":126.99348,""alt"":305},""targetSpeed"":51.4,""seq"":5}","{""phase"":""F"",""startLLA"":{""lat"":37.471336,""lon"":126.99348,""alt"":305},""endLLA"":{""lat"":37.471593,""lon"":127.032031,""alt"":305},""targetSpeed"":51.4,""seq"":6}","{""phase"":""F"",""startLLA"":{""lat"":37.471593,""lon"":127.032031,""alt"":305},""endLLA"":{""lat"":37.476051,""lon"":127.051318,""alt"":305},""targetSpeed"":51.4,""seq"":7}","{""phase"":""G"",""startLLA"":{""lat"":37.476051,""lon"":127.051318,""alt"":305},""endLLA"":{""lat"":37.484917,""lon"":127.089683,""alt"":100},""targetSpeed"":36,""seq"":8}","{""phase"":""I"",""startLLA"":{""lat"":37.484917,""lon"":127.089683,""alt"":100},""endLLA"":{""lat"":37.487441,""lon"":127.100603,""alt"":15},""targetSpeed"":30,""seq"":9}","{""phase"":""J"",""startLLA"":{""lat"":37.487441,""lon"":127.100603,""alt"":15},""endLLA"":{""lat"":37.487441,""lon"":127.100603,""alt"":0},""targetSpeed"":10,""seq"":10}","{""phase"":""K"",""startLLA"":{""lat"":37.487441,""lon"":127.100603,""alt"":0},""endLLA"":{""lat"":37.487441,""lon"":127.100603,""alt"":0},""targetSpeed"":3,""seq"":11}",,,,,,,,,,
98f166edc22f,2026-07-11,FPL0715011,UAM0074,a2,2,2,1,봉천,봉천,마곡,마곡,14,G8,F2,G8,F4,14:38:21,14:46:46,15:00:17,15:07:47,15:17:47,505.71,811,450,1766.71,0,40,ready,봉천 > 영등포 > 목동교 > 염창교 > 가양대교 남단 > 마곡,18.2733,13,"{""phase"":""A"",""startLLA"":{""lat"":37.482832,""lon"":126.942245,""alt"":0},""endLLA"":{""lat"":37.482832,""lon"":126.942245,""alt"":0},""targetSpeed"":3,""seq"":1}","{""phase"":""B"",""startLLA"":{""lat"":37.482832,""lon"":126.942245,""alt"":0},""endLLA"":{""lat"":37.482832,""lon"":126.942245,""alt"":15},""targetSpeed"":10,""seq"":2}","{""phase"":""C"",""startLLA"":{""lat"":37.482832,""lon"":126.942245,""alt"":15},""endLLA"":{""lat"":37.491176,""lon"":126.933559,""alt"":100},""targetSpeed"":36,""seq"":3}","{""phase"":""E"",""startLLA"":{""lat"":37.491176,""lon"":126.933559,""alt"":100},""endLLA"":{""lat"":37.515605,""lon"":126.908131,""alt"":305},""targetSpeed"":51.4,""seq"":4}","{""phase"":""F"",""startLLA"":{""lat"":37.515605,""lon"":126.908131,""alt"":305},""endLLA"":{""lat"":37.515965,""lon"":126.907756,""alt"":305},""targetSpeed"":51.4,""seq"":5}","{""phase"":""F"",""startLLA"":{""lat"":37.515965,""lon"":126.907756,""alt"":305},""endLLA"":{""lat"":37.530667,""lon"":126.888262,""alt"":305},""targetSpeed"":51.4,""seq"":6}","{""phase"":""F"",""startLLA"":{""lat"":37.530667,""lon"":126.888262,""alt"":305},""endLLA"":{""lat"":37.553824,""lon"":126.875819,""alt"":305},""targetSpeed"":51.4,""seq"":7}","{""phase"":""F"",""startLLA"":{""lat"":37.553824,""lon"":126.875819,""alt"":305},""endLLA"":{""lat"":37.569391,""lon"":126.861026,""alt"":305},""targetSpeed"":51.4,""seq"":8}","{""phase"":""F"",""startLLA"":{""lat"":37.569391,""lon"":126.861026,""alt"":305},""endLLA"":{""lat"":37.567854,""lon"":126.842862,""alt"":305},""targetSpeed"":51.4,""seq"":9}","{""phase"":""G"",""startLLA"":{""lat"":37.567854,""lon"":126.842862,""alt"":305},""endLLA"":{""lat"":37.564492,""lon"":126.803118,""alt"":100},""targetSpeed"":36,""seq"":10}","{""phase"":""I"",""startLLA"":{""lat"":37.564492,""lon"":126.803118,""alt"":100},""endLLA"":{""lat"":37.563535,""lon"":126.791805,""alt"":15},""targetSpeed"":30,""seq"":11}","{""phase"":""J"",""startLLA"":{""lat"":37.563535,""lon"":126.791805,""alt"":15},""endLLA"":{""lat"":37.563535,""lon"":126.791805,""alt"":0},""targetSpeed"":10,""seq"":12}","{""phase"":""K"",""startLLA"":{""lat"":37.563535,""lon"":126.791805,""alt"":0},""endLLA"":{""lat"":37.563535,""lon"":126.791805,""alt"":0},""targetSpeed"":3,""seq"":13}",,,,,,,,
98f166edc22f,2026-07-11,FPL0711008,UAM0113,a2,2,2,1,봉천,봉천,천호,천호,14,G7,F1,G7,F3,14:40:27,14:48:22,14:56:58,15:04:18,15:14:18,475.71,515.53,440,1431.25,0,34.22,ready,봉천 > 채석장 > 경부고속도로 양재천 다리 > 대치교 > 청담대교 중간지점 > 잠실대교 중간지점 > 천호,21.9712,14,"{""phase"":""A"",""startLLA"":{""lat"":37.482832,""lon"":126.942245,""alt"":0},""endLLA"":{""lat"":37.482832,""lon"":126.942245,""alt"":0},""targetSpeed"":3,""seq"":1}","{""phase"":""B"",""startLLA"":{""lat"":37.482832,""lon"":126.942245,""alt"":0},""endLLA"":{""lat"":37.482832,""lon"":126.942245,""alt"":15},""targetSpeed"":10,""seq"":2}","{""phase"":""C"",""startLLA"":{""lat"":37.482832,""lon"":126.942245,""alt"":15},""endLLA"":{""lat"":37.479397,""lon"":126.955184,""alt"":100},""targetSpeed"":36,""seq"":3}","{""phase"":""E"",""startLLA"":{""lat"":37.479397,""lon"":126.955184,""alt"":100},""endLLA"":{""lat"":37.471285,""lon"":126.985745,""alt"":265.4},""targetSpeed"":51.4,""seq"":4}","{""phase"":""E"",""startLLA"":{""lat"":37.471285,""lon"":126.985745,""alt"":265.4},""endLLA"":{""lat"":37.471336,""lon"":126.993461,""alt"":305},""targetSpeed"":51.4,""seq"":5}","{""phase"":""F"",""startLLA"":{""lat"":37.471336,""lon"":126.993461,""alt"":305},""endLLA"":{""lat"":37.471593,""lon"":127.032031,""alt"":305},""targetSpeed"":51.4,""seq"":6}","{""phase"":""F"",""startLLA"":{""lat"":37.471593,""lon"":127.032031,""alt"":305},""endLLA"":{""lat"":37.497702,""lon"":127.073855,""alt"":305},""targetSpeed"":51.4,""seq"":7}","{""phase"":""F"",""startLLA"":{""lat"":37.497702,""lon"":127.073855,""alt"":305},""endLLA"":{""lat"":37.526451,""lon"":127.064361,""alt"":305},""targetSpeed"":51.4,""seq"":8}","{""phase"":""F"",""startLLA"":{""lat"":37.526451,""lon"":127.064361,""alt"":305},""endLLA"":{""lat"":37.525291,""lon"":127.078987,""alt"":305},""targetSpeed"":51.4,""seq"":9}","{""phase"":""G"",""startLLA"":{""lat"":37.525291,""lon"":127.078987,""alt"":305},""endLLA"":{""lat"":37.524288,""lon"":127.091639,""alt"":239.78},""targetSpeed"":36,""seq"":10}","{""phase"":""G"",""startLLA"":{""lat"":37.524288,""lon"":127.091639,""alt"":239.78},""endLLA"":{""lat"":37.539417,""lon"":127.111104,""alt"":100},""targetSpeed"":36,""seq"":11}","{""phase"":""I"",""startLLA"":{""lat"":37.539417,""lon"":127.111104,""alt"":100},""endLLA"":{""lat"":37.545733,""lon"":127.11923,""alt"":15},""targetSpeed"":30,""seq"":12}","{""phase"":""J"",""startLLA"":{""lat"":37.545733,""lon"":127.11923,""alt"":15},""endLLA"":{""lat"":37.545733,""lon"":127.11923,""alt"":0},""targetSpeed"":10,""seq"":13}","{""phase"":""K"",""startLLA"":{""lat"":37.545733,""lon"":127.11923,""alt"":0},""endLLA"":{""lat"":37.545733,""lon"":127.11923,""alt"":0},""targetSpeed"":3,""seq"":14}",,,,,,,
98f166edc22f,2026-07-11,FPL0716010,UAM0098,a2,2,2,1,봉천,봉천,망우,망우,14,G4,F1,G7,F3,14:53:58,15:02:23,15:11:17,15:18:37,15:28:37,505.71,533.66,440,1479.37,0,9.11,ready,봉천 > 채석장 > 경부고속도로 양재천 다리 > 대치교 > 청담대교 중간지점 > 건대입구 > 망우,24.1938,14,"{""phase"":""A"",""startLLA"":{""lat"":37.482832,""lon"":126.942245,""alt"":0},""endLLA"":{""lat"":37.482832,""lon"":126.942245,""alt"":0},""targetSpeed"":3,""seq"":1}","{""phase"":""B"",""startLLA"":{""lat"":37.482832,""lon"":126.942245,""alt"":0},""endLLA"":{""lat"":37.482832,""lon"":126.942245,""alt"":15},""targetSpeed"":10,""seq"":2}","{""phase"":""C"",""startLLA"":{""lat"":37.482832,""lon"":126.942245,""alt"":15},""endLLA"":{""lat"":37.479398,""lon"":126.955183,""alt"":100},""targetSpeed"":36,""seq"":3}","{""phase"":""E"",""startLLA"":{""lat"":37.479398,""lon"":126.955183,""alt"":100},""endLLA"":{""lat"":37.471285,""lon"":126.985745,""alt"":265.41},""targetSpeed"":51.4,""seq"":4}","{""phase"":""E"",""startLLA"":{""lat"":37.471285,""lon"":126.985745,""alt"":265.41},""endLLA"":{""lat"":37.471336,""lon"":126.993456,""alt"":305},""targetSpeed"":51.4,""seq"":5}","{""phase"":""F"",""startLLA"":{""lat"":37.471336,""lon"":126.993456,""alt"":305},""endLLA"":{""lat"":37.471593,""lon"":127.032031,""alt"":305},""targetSpeed"":51.4,""seq"":6}","{""phase"":""F"",""startLLA"":{""lat"":37.471593,""lon"":127.032031,""alt"":305},""endLLA"":{""lat"":37.497702,""lon"":127.073855,""alt"":305},""targetSpeed"":51.4,""seq"":7}","{""phase"":""F"",""startLLA"":{""lat"":37.497702,""lon"":127.073855,""alt"":305},""endLLA"":{""lat"":37.526451,""lon"":127.064361,""alt"":305},""targetSpeed"":51.4,""seq"":8}","{""phase"":""F"",""startLLA"":{""lat"":37.526451,""lon"":127.064361,""alt"":305},""endLLA"":{""lat"":37.540426,""lon"":127.069298,""alt"":305},""targetSpeed"":51.4,""seq"":9}","{""phase"":""F"",""startLLA"":{""lat"":37.540426,""lon"":127.069298,""alt"":305},""endLLA"":{""lat"":37.557138,""lon"":127.0739,""alt"":305},""targetSpeed"":51.4,""seq"":10}","{""phase"":""G"",""startLLA"":{""lat"":37.557138,""lon"":127.0739,""alt"":305},""endLLA"":{""lat"":37.588105,""lon"":127.082427,""alt"":100},""targetSpeed"":36,""seq"":11}","{""phase"":""I"",""startLLA"":{""lat"":37.588105,""lon"":127.082427,""alt"":100},""endLLA"":{""lat"":37.596919,""lon"":127.084854,""alt"":15},""targetSpeed"":30,""seq"":12}","{""phase"":""J"",""startLLA"":{""lat"":37.596919,""lon"":127.084854,""alt"":15},""endLLA"":{""lat"":37.596919,""lon"":127.084854,""alt"":0},""targetSpeed"":10,""seq"":13}","{""phase"":""K"",""startLLA"":{""lat"":37.596919,""lon"":127.084854,""alt"":0},""endLLA"":{""lat"":37.596919,""lon"":127.084854,""alt"":0},""targetSpeed"":3,""seq"":14}",,,,,,,
98f166edc22f,2026-07-11,FPL0715012,UAM0094,a6,6,6,1,봉천,봉천,마곡,마곡,15,G8,F1,G8,F4,15:07:05,15:15:30,15:22:45,15:30:15,15:40:15,505.71,434.4,450,1390.12,0,65.04,ready,봉천 > 영등포 > 목동교 > 염창교 > 가양대교 남단 > 마곡,18.2733,13,"{""phase"":""A"",""startLLA"":{""lat"":37.482832,""lon"":126.942245,""alt"":0},""endLLA"":{""lat"":37.482832,""lon"":126.942245,""alt"":0},""targetSpeed"":3,""seq"":1}","{""phase"":""B"",""startLLA"":{""lat"":37.482832,""lon"":126.942245,""alt"":0},""endLLA"":{""lat"":37.482832,""lon"":126.942245,""alt"":15},""targetSpeed"":10,""seq"":2}","{""phase"":""C"",""startLLA"":{""lat"":37.482832,""lon"":126.942245,""alt"":15},""endLLA"":{""lat"":37.491176,""lon"":126.933559,""alt"":100},""targetSpeed"":36,""seq"":3}","{""phase"":""E"",""startLLA"":{""lat"":37.491176,""lon"":126.933559,""alt"":100},""endLLA"":{""lat"":37.515605,""lon"":126.908131,""alt"":305},""targetSpeed"":51.4,""seq"":4}","{""phase"":""F"",""startLLA"":{""lat"":37.515605,""lon"":126.908131,""alt"":305},""endLLA"":{""lat"":37.515965,""lon"":126.907756,""alt"":305},""targetSpeed"":51.4,""seq"":5}","{""phase"":""F"",""startLLA"":{""lat"":37.515965,""lon"":126.907756,""alt"":305},""endLLA"":{""lat"":37.530667,""lon"":126.888262,""alt"":305},""targetSpeed"":51.4,""seq"":6}","{""phase"":""F"",""startLLA"":{""lat"":37.530667,""lon"":126.888262,""alt"":305},""endLLA"":{""lat"":37.553824,""lon"":126.875819,""alt"":305},""targetSpeed"":51.4,""seq"":7}","{""phase"":""F"",""startLLA"":{""lat"":37.553824,""lon"":126.875819,""alt"":305},""endLLA"":{""lat"":37.569391,""lon"":126.861026,""alt"":305},""targetSpeed"":51.4,""seq"":8}","{""phase"":""F"",""startLLA"":{""lat"":37.569391,""lon"":126.861026,""alt"":305},""endLLA"":{""lat"":37.567854,""lon"":126.842862,""alt"":305},""targetSpeed"":51.4,""seq"":9}","{""phase"":""G"",""startLLA"":{""lat"":37.567854,""lon"":126.842862,""alt"":305},""endLLA"":{""lat"":37.564492,""lon"":126.803118,""alt"":100},""targetSpeed"":36,""seq"":10}","{""phase"":""I"",""startLLA"":{""lat"":37.564492,""lon"":126.803118,""alt"":100},""endLLA"":{""lat"":37.563535,""lon"":126.791805,""alt"":15},""targetSpeed"":30,""seq"":11}","{""phase"":""J"",""startLLA"":{""lat"":37.563535,""lon"":126.791805,""alt"":15},""endLLA"":{""lat"":37.563535,""lon"":126.791805,""alt"":0},""targetSpeed"":10,""seq"":12}","{""phase"":""K"",""startLLA"":{""lat"":37.563535,""lon"":126.791805,""alt"":0},""endLLA"":{""lat"":37.563535,""lon"":126.791805,""alt"":0},""targetSpeed"":3,""seq"":13}",,,,,,,,
98f166edc22f,2026-07-11,FPL0717009,UAM0118,a6,6,6,1,봉천,봉천,수서,수서,15,G4,F1,G4,F4,15:13:00,15:21:25,15:27:00,15:34:04,15:44:04,505.71,334.77,423.95,1264.44,0,13.95,ready,봉천 > 채석장 > 경부고속도로 양재천 다리 > 수서,14.439,11,"{""phase"":""A"",""startLLA"":{""lat"":37.482832,""lon"":126.942245,""alt"":0},""endLLA"":{""lat"":37.482832,""lon"":126.942245,""alt"":0},""targetSpeed"":3,""seq"":1}","{""phase"":""B"",""startLLA"":{""lat"":37.482832,""lon"":126.942245,""alt"":0},""endLLA"":{""lat"":37.482832,""lon"":126.942245,""alt"":15},""targetSpeed"":10,""seq"":2}","{""phase"":""C"",""startLLA"":{""lat"":37.482832,""lon"":126.942245,""alt"":15},""endLLA"":{""lat"":37.479396,""lon"":126.955188,""alt"":100},""targetSpeed"":36,""seq"":3}","{""phase"":""E"",""startLLA"":{""lat"":37.479396,""lon"":126.955188,""alt"":100},""endLLA"":{""lat"":37.471285,""lon"":126.985745,""alt"":265.31},""targetSpeed"":51.4,""seq"":4}","{""phase"":""E"",""startLLA"":{""lat"":37.471285,""lon"":126.985745,""alt"":265.31},""endLLA"":{""lat"":37.471336,""lon"":126.99348,""alt"":305},""targetSpeed"":51.4,""seq"":5}","{""phase"":""F"",""startLLA"":{""lat"":37.471336,""lon"":126.99348,""alt"":305},""endLLA"":{""lat"":37.471593,""lon"":127.032031,""alt"":305},""targetSpeed"":51.4,""seq"":6}","{""phase"":""F"",""startLLA"":{""lat"":37.471593,""lon"":127.032031,""alt"":305},""endLLA"":{""lat"":37.476051,""lon"":127.051318,""alt"":305},""targetSpeed"":51.4,""seq"":7}","{""phase"":""G"",""startLLA"":{""lat"":37.476051,""lon"":127.051318,""alt"":305},""endLLA"":{""lat"":37.484917,""lon"":127.089683,""alt"":100},""targetSpeed"":36,""seq"":8}","{""phase"":""I"",""startLLA"":{""lat"":37.484917,""lon"":127.089683,""alt"":100},""endLLA"":{""lat"":37.487441,""lon"":127.100603,""alt"":15},""targetSpeed"":30,""seq"":9}","{""phase"":""J"",""startLLA"":{""lat"":37.487441,""lon"":127.100603,""alt"":15},""endLLA"":{""lat"":37.487441,""lon"":127.100603,""alt"":0},""targetSpeed"":10,""seq"":10}","{""phase"":""K"",""startLLA"":{""lat"":37.487441,""lon"":127.100603,""alt"":0},""endLLA"":{""lat"":37.487441,""lon"":127.100603,""alt"":0},""targetSpeed"":3,""seq"":11}",,,,,,,,,,
98f166edc22f,2026-07-11,FPL0711009,UAM0023,a8,8,6,0.75,봉천,봉천,천호,천호,15,G3,F2,G3,F4,15:14:11,15:22:06,15:30:34,15:37:54,15:47:54,475.71,507.61,440,1423.32,0,13.61,ready,봉천 > 채석장 > 경부고속도로 양재천 다리 > 대치교 > 청담대교 중간지점 > 잠실대교 중간지점 > 천호,21.9712,14,"{""phase"":""A"",""startLLA"":{""lat"":37.482832,""lon"":126.942245,""alt"":0},""endLLA"":{""lat"":37.482832,""lon"":126.942245,""alt"":0},""targetSpeed"":3,""seq"":1}","{""phase"":""B"",""startLLA"":{""lat"":37.482832,""lon"":126.942245,""alt"":0},""endLLA"":{""lat"":37.482832,""lon"":126.942245,""alt"":15},""targetSpeed"":10,""seq"":2}","{""phase"":""C"",""startLLA"":{""lat"":37.482832,""lon"":126.942245,""alt"":15},""endLLA"":{""lat"":37.479397,""lon"":126.955184,""alt"":100},""targetSpeed"":36,""seq"":3}","{""phase"":""E"",""startLLA"":{""lat"":37.479397,""lon"":126.955184,""alt"":100},""endLLA"":{""lat"":37.471285,""lon"":126.985745,""alt"":265.4},""targetSpeed"":51.4,""seq"":4}","{""phase"":""E"",""startLLA"":{""lat"":37.471285,""lon"":126.985745,""alt"":265.4},""endLLA"":{""lat"":37.471336,""lon"":126.993461,""alt"":305},""targetSpeed"":51.4,""seq"":5}","{""phase"":""F"",""startLLA"":{""lat"":37.471336,""lon"":126.993461,""alt"":305},""endLLA"":{""lat"":37.471593,""lon"":127.032031,""alt"":305},""targetSpeed"":51.4,""seq"":6}","{""phase"":""F"",""startLLA"":{""lat"":37.471593,""lon"":127.032031,""alt"":305},""endLLA"":{""lat"":37.497702,""lon"":127.073855,""alt"":305},""targetSpeed"":51.4,""seq"":7}","{""phase"":""F"",""startLLA"":{""lat"":37.497702,""lon"":127.073855,""alt"":305},""endLLA"":{""lat"":37.526451,""lon"":127.064361,""alt"":305},""targetSpeed"":51.4,""seq"":8}","{""phase"":""F"",""startLLA"":{""lat"":37.526451,""lon"":127.064361,""alt"":305},""endLLA"":{""lat"":37.525291,""lon"":127.078987,""alt"":305},""targetSpeed"":51.4,""seq"":9}","{""phase"":""G"",""startLLA"":{""lat"":37.525291,""lon"":127.078987,""alt"":305},""endLLA"":{""lat"":37.524288,""lon"":127.091639,""alt"":239.78},""targetSpeed"":36,""seq"":10}","{""phase"":""G"",""startLLA"":{""lat"":37.524288,""lon"":127.091639,""alt"":239.78},""endLLA"":{""lat"":37.539417,""lon"":127.111104,""alt"":100},""targetSpeed"":36,""seq"":11}","{""phase"":""I"",""startLLA"":{""lat"":37.539417,""lon"":127.111104,""alt"":100},""endLLA"":{""lat"":37.545733,""lon"":127.11923,""alt"":15},""targetSpeed"":30,""seq"":12}","{""phase"":""J"",""startLLA"":{""lat"":37.545733,""lon"":127.11923,""alt"":15},""endLLA"":{""lat"":37.545733,""lon"":127.11923,""alt"":0},""targetSpeed"":10,""seq"":13}","{""phase"":""K"",""startLLA"":{""lat"":37.545733,""lon"":127.11923,""alt"":0},""endLLA"":{""lat"":37.545733,""lon"":127.11923,""alt"":0},""targetSpeed"":3,""seq"":14}",,,,,,,
98f166edc22f,2026-07-11,FPL0716011,UAM0048,a8,8,4,0.5,봉천,봉천,망우,망우,15,G7,F1,G8,F4,15:17:56,15:26:51,15:35:35,15:42:40,15:52:40,535.43,524.55,424.62,1484.6,59.71,14.62,ready,봉천 > 채석장 > 경부고속도로 양재천 다리 > 대치교 > 청담대교 중간지점 > 건대입구 > 망우,24.1938,14,"{""phase"":""A"",""startLLA"":{""lat"":37.482832,""lon"":126.942245,""alt"":0},""endLLA"":{""lat"":37.482832,""lon"":126.942245,""alt"":0},""targetSpeed"":3,""seq"":1}","{""phase"":""B"",""startLLA"":{""lat"":37.482832,""lon"":126.942245,""alt"":0},""endLLA"":{""lat"":37.482832,""lon"":126.942245,""alt"":15},""targetSpeed"":10,""seq"":2}","{""phase"":""C"",""startLLA"":{""lat"":37.482832,""lon"":126.942245,""alt"":15},""endLLA"":{""lat"":37.479398,""lon"":126.955183,""alt"":100},""targetSpeed"":36,""seq"":3}","{""phase"":""E"",""startLLA"":{""lat"":37.479398,""lon"":126.955183,""alt"":100},""endLLA"":{""lat"":37.471285,""lon"":126.985745,""alt"":265.41},""targetSpeed"":51.4,""seq"":4}","{""phase"":""E"",""startLLA"":{""lat"":37.471285,""lon"":126.985745,""alt"":265.41},""endLLA"":{""lat"":37.471336,""lon"":126.993456,""alt"":305},""targetSpeed"":51.4,""seq"":5}","{""phase"":""F"",""startLLA"":{""lat"":37.471336,""lon"":126.993456,""alt"":305},""endLLA"":{""lat"":37.471593,""lon"":127.032031,""alt"":305},""targetSpeed"":51.4,""seq"":6}","{""phase"":""F"",""startLLA"":{""lat"":37.471593,""lon"":127.032031,""alt"":305},""endLLA"":{""lat"":37.497702,""lon"":127.073855,""alt"":305},""targetSpeed"":51.4,""seq"":7}","{""phase"":""F"",""startLLA"":{""lat"":37.497702,""lon"":127.073855,""alt"":305},""endLLA"":{""lat"":37.526451,""lon"":127.064361,""alt"":305},""targetSpeed"":51.4,""seq"":8}","{""phase"":""F"",""startLLA"":{""lat"":37.526451,""lon"":127.064361,""alt"":305},""endLLA"":{""lat"":37.540426,""lon"":127.069298,""alt"":305},""targetSpeed"":51.4,""seq"":9}","{""phase"":""F"",""startLLA"":{""lat"":37.540426,""lon"":127.069298,""alt"":305},""endLLA"":{""lat"":37.557138,""lon"":127.0739,""alt"":305},""targetSpeed"":51.4,""seq"":10}","{""phase"":""G"",""startLLA"":{""lat"":37.557138,""lon"":127.0739,""alt"":305},""endLLA"":{""lat"":37.588105,""lon"":127.082427,""alt"":100},""targetSpeed"":36,""seq"":11}","{""phase"":""I"",""startLLA"":{""lat"":37.588105,""lon"":127.082427,""alt"":100},""endLLA"":{""lat"":37.596919,""lon"":127.084854,""alt"":15},""targetSpeed"":30,""seq"":12}","{""phase"":""J"",""startLLA"":{""lat"":37.596919,""lon"":127.084854,""alt"":15},""endLLA"":{""lat"":37.596919,""lon"":127.084854,""alt"":0},""targetSpeed"":10,""seq"":13}","{""phase"":""K"",""startLLA"":{""lat"":37.596919,""lon"":127.084854,""alt"":0},""endLLA"":{""lat"":37.596919,""lon"":127.084854,""alt"":0},""targetSpeed"":3,""seq"":14}",,,,,,,
98f166edc22f,2026-07-11,FPL0710009,UAM0002,a2,2,2,1,봉천,봉천,연신내,연신내,15,G2,F2,G8,F3,15:19:07,15:27:32,15:34:02,15:40:52,15:50:52,505.43,389.99,410,1305.42,59.71,0,ready,봉천 > 영등포 > 선유도 17고지 > 성산대교 중간지점 > 수색교 > 연신내,17.2775,13,"{""phase"":""A"",""startLLA"":{""lat"":37.482832,""lon"":126.942245,""alt"":0},""endLLA"":{""lat"":37.482832,""lon"":126.942245,""alt"":0},""targetSpeed"":3,""seq"":1}","{""phase"":""B"",""startLLA"":{""lat"":37.482832,""lon"":126.942245,""alt"":0},""endLLA"":{""lat"":37.482832,""lon"":126.942245,""alt"":15},""targetSpeed"":10,""seq"":2}","{""phase"":""C"",""startLLA"":{""lat"":37.482832,""lon"":126.942245,""alt"":15},""endLLA"":{""lat"":37.491176,""lon"":126.933559,""alt"":100},""targetSpeed"":36,""seq"":3}","{""phase"":""E"",""startLLA"":{""lat"":37.491176,""lon"":126.933559,""alt"":100},""endLLA"":{""lat"":37.515605,""lon"":126.908131,""alt"":305},""targetSpeed"":51.4,""seq"":4}","{""phase"":""F"",""startLLA"":{""lat"":37.515605,""lon"":126.908131,""alt"":305},""endLLA"":{""lat"":37.515965,""lon"":126.907756,""alt"":305},""targetSpeed"":51.4,""seq"":5}","{""phase"":""F"",""startLLA"":{""lat"":37.515965,""lon"":126.907756,""alt"":305},""endLLA"":{""lat"":37.542307,""lon"":126.90249,""alt"":305},""targetSpeed"":51.4,""seq"":6}","{""phase"":""F"",""startLLA"":{""lat"":37.542307,""lon"":126.90249,""alt"":305},""endLLA"":{""lat"":37.552574,""lon"":126.891431,""alt"":305},""targetSpeed"":51.4,""seq"":7}","{""phase"":""F"",""startLLA"":{""lat"":37.552574,""lon"":126.891431,""alt"":305},""endLLA"":{""lat"":37.583705,""lon"":126.886696,""alt"":305},""targetSpeed"":51.4,""seq"":8}","{""phase"":""G"",""startLLA"":{""lat"":37.583705,""lon"":126.886696,""alt"":305},""endLLA"":{""lat"":37.586283,""lon"":126.886304,""alt"":288.2},""targetSpeed"":36,""seq"":9}","{""phase"":""G"",""startLLA"":{""lat"":37.586283,""lon"":126.886304,""alt"":288.2},""endLLA"":{""lat"":37.605261,""lon"":126.914122,""alt"":100},""targetSpeed"":36,""seq"":10}","{""phase"":""I"",""startLLA"":{""lat"":37.605261,""lon"":126.914122,""alt"":100},""endLLA"":{""lat"":37.611145,""lon"":126.922747,""alt"":15},""targetSpeed"":30,""seq"":11}","{""phase"":""J"",""startLLA"":{""lat"":37.611145,""lon"":126.922747,""alt"":15},""endLLA"":{""lat"":37.611145,""lon"":126.922747,""alt"":0},""targetSpeed"":10,""seq"":12}","{""phase"":""K"",""startLLA"":{""lat"":37.611145,""lon"":126.922747,""alt"":0},""endLLA"":{""lat"":37.611145,""lon"":126.922747,""alt"":0},""targetSpeed"":3,""seq"":13}",,,,,,,,
98f166edc22f,2026-07-11,FPL0702008,UAM0011,a4,4,4,1,봉천,봉천,잠실,잠실,15,G8,F1,G1,F3,15:28:33,15:36:58,15:46:17,15:54:37,16:04:37,505.71,559.08,500,1564.79,0,217,ready,봉천 > 채석장 > 경부고속도로 양재천 다리 > 대치교 > 잠실,14.8146,12,"{""phase"":""A"",""startLLA"":{""lat"":37.482832,""lon"":126.942245,""alt"":0},""endLLA"":{""lat"":37.482832,""lon"":126.942245,""alt"":0},""targetSpeed"":3,""seq"":1}","{""phase"":""B"",""startLLA"":{""lat"":37.482832,""lon"":126.942245,""alt"":0},""endLLA"":{""lat"":37.482832,""lon"":126.942245,""alt"":15},""targetSpeed"":10,""seq"":2}","{""phase"":""C"",""startLLA"":{""lat"":37.482832,""lon"":126.942245,""alt"":15},""endLLA"":{""lat"":37.479397,""lon"":126.955186,""alt"":100},""targetSpeed"":36,""seq"":3}","{""phase"":""E"",""startLLA"":{""lat"":37.479397,""lon"":126.955186,""alt"":100},""endLLA"":{""lat"":37.471285,""lon"":126.985745,""alt"":265.36},""targetSpeed"":51.4,""seq"":4}","{""phase"":""E"",""startLLA"":{""lat"":37.471285,""lon"":126.985745,""alt"":265.36},""endLLA"":{""lat"":37.471336,""lon"":126.99347,""alt"":305},""targetSpeed"":51.4,""seq"":5}","{""phase"":""F"",""startLLA"":{""lat"":37.471336,""lon"":126.99347,""alt"":305},""endLLA"":{""lat"":37.471593,""lon"":127.032031,""alt"":305},""targetSpeed"":51.4,""seq"":6}","{""phase"":""F"",""startLLA"":{""lat"":37.471593,""lon"":127.032031,""alt"":305},""endLLA"":{""lat"":37.483526,""lon"":127.051147,""alt"":305},""targetSpeed"":51.4,""seq"":7}","{""phase"":""G"",""startLLA"":{""lat"":37.483526,""lon"":127.051147,""alt"":305},""endLLA"":{""lat"":37.497702,""lon"":127.073855,""alt"":156.75},""targetSpeed"":36,""seq"":8}","{""phase"":""G"",""startLLA"":{""lat"":37.497702,""lon"":127.073855,""alt"":156.75},""endLLA"":{""lat"":37.506266,""lon"":127.071433,""alt"":100},""targetSpeed"":36,""seq"":9}","{""phase"":""I"",""startLLA"":{""lat"":37.506266,""lon"":127.071433,""alt"":100},""endLLA"":{""lat"":37.515071,""lon"":127.068942,""alt"":15},""targetSpeed"":30,""seq"":10}","{""phase"":""J"",""startLLA"":{""lat"":37.515071,""lon"":127.068942,""alt"":15},""endLLA"":{""lat"":37.515071,""lon"":127.068942,""alt"":0},""targetSpeed"":10,""seq"":11}","{""phase"":""K"",""startLLA"":{""lat"":37.515071,""lon"":127.068942,""alt"":0},""endLLA"":{""lat"":37.515071,""lon"":127.068942,""alt"":0},""targetSpeed"":3,""seq"":12}",,,,,,,,,
98f166edc22f,2026-07-11,FPL0717010,UAM0099,a4,4,3,0.75,봉천,봉천,수서,수서,15,G4,F2,G4,F4,15:31:17,15:39:42,15:45:17,15:52:07,16:02:07,505.71,334.77,410,1250.48,0,0,ready,봉천 > 채석장 > 경부고속도로 양재천 다리 > 수서,14.439,11,"{""phase"":""A"",""startLLA"":{""lat"":37.482832,""lon"":126.942245,""alt"":0},""endLLA"":{""lat"":37.482832,""lon"":126.942245,""alt"":0},""targetSpeed"":3,""seq"":1}","{""phase"":""B"",""startLLA"":{""lat"":37.482832,""lon"":126.942245,""alt"":0},""endLLA"":{""lat"":37.482832,""lon"":126.942245,""alt"":15},""targetSpeed"":10,""seq"":2}","{""phase"":""C"",""startLLA"":{""lat"":37.482832,""lon"":126.942245,""alt"":15},""endLLA"":{""lat"":37.479396,""lon"":126.955188,""alt"":100},""targetSpeed"":36,""seq"":3}","{""phase"":""E"",""startLLA"":{""lat"":37.479396,""lon"":126.955188,""alt"":100},""endLLA"":{""lat"":37.471285,""lon"":126.985745,""alt"":265.31},""targetSpeed"":51.4,""seq"":4}","{""phase"":""E"",""startLLA"":{""lat"":37.471285,""lon"":126.985745,""alt"":265.31},""endLLA"":{""lat"":37.471336,""lon"":126.99348,""alt"":305},""targetSpeed"":51.4,""seq"":5}","{""phase"":""F"",""startLLA"":{""lat"":37.471336,""lon"":126.99348,""alt"":305},""endLLA"":{""lat"":37.471593,""lon"":127.032031,""alt"":305},""targetSpeed"":51.4,""seq"":6}","{""phase"":""F"",""startLLA"":{""lat"":37.471593,""lon"":127.032031,""alt"":305},""endLLA"":{""lat"":37.476051,""lon"":127.051318,""alt"":305},""targetSpeed"":51.4,""seq"":7}","{""phase"":""G"",""startLLA"":{""lat"":37.476051,""lon"":127.051318,""alt"":305},""endLLA"":{""lat"":37.484917,""lon"":127.089683,""alt"":100},""targetSpeed"":36,""seq"":8}","{""phase"":""I"",""startLLA"":{""lat"":37.484917,""lon"":127.089683,""alt"":100},""endLLA"":{""lat"":37.487441,""lon"":127.100603,""alt"":15},""targetSpeed"":30,""seq"":9}","{""phase"":""J"",""startLLA"":{""lat"":37.487441,""lon"":127.100603,""alt"":15},""endLLA"":{""lat"":37.487441,""lon"":127.100603,""alt"":0},""targetSpeed"":10,""seq"":10}","{""phase"":""K"",""startLLA"":{""lat"":37.487441,""lon"":127.100603,""alt"":0},""endLLA"":{""lat"":37.487441,""lon"":127.100603,""alt"":0},""targetSpeed"":3,""seq"":11}",,,,,,,,,,
98f166edc22f,2026-07-11,FPL0709014,UAM0130,a2,2,2,1,봉천,봉천,성수,성수,15,G4,F1,G3,F3,15:55:57,16:04:22,16:11:18,16:18:38,16:28:38,505.71,415.34,440,1361.06,0,0,ready,봉천 > 채석장 > 경부고속도로 양재천 다리 > 대치교 > 청담대교 중간지점 > 성수,18.5804,13,"{""phase"":""A"",""startLLA"":{""lat"":37.482832,""lon"":126.942245,""alt"":0},""endLLA"":{""lat"":37.482832,""lon"":126.942245,""alt"":0},""targetSpeed"":3,""seq"":1}","{""phase"":""B"",""startLLA"":{""lat"":37.482832,""lon"":126.942245,""alt"":0},""endLLA"":{""lat"":37.482832,""lon"":126.942245,""alt"":15},""targetSpeed"":10,""seq"":2}","{""phase"":""C"",""startLLA"":{""lat"":37.482832,""lon"":126.942245,""alt"":15},""endLLA"":{""lat"":37.479397,""lon"":126.955184,""alt"":100},""targetSpeed"":36,""seq"":3}","{""phase"":""E"",""startLLA"":{""lat"":37.479397,""lon"":126.955184,""alt"":100},""endLLA"":{""lat"":37.471285,""lon"":126.985745,""alt"":265.38},""targetSpeed"":51.4,""seq"":4}","{""phase"":""E"",""startLLA"":{""lat"":37.471285,""lon"":126.985745,""alt"":265.38},""endLLA"":{""lat"":37.471336,""lon"":126.993464,""alt"":305},""targetSpeed"":51.4,""seq"":5}","{""phase"":""F"",""startLLA"":{""lat"":37.471336,""lon"":126.993464,""alt"":305},""endLLA"":{""lat"":37.471593,""lon"":127.032031,""alt"":305},""targetSpeed"":51.4,""seq"":6}","{""phase"":""F"",""startLLA"":{""lat"":37.471593,""lon"":127.032031,""alt"":305},""endLLA"":{""lat"":37.497702,""lon"":127.073855,""alt"":305},""targetSpeed"":51.4,""seq"":7}","{""phase"":""F"",""startLLA"":{""lat"":37.497702,""lon"":127.073855,""alt"":305},""endLLA"":{""lat"":37.508255,""lon"":127.07037,""alt"":305},""targetSpeed"":51.4,""seq"":8}","{""phase"":""G"",""startLLA"":{""lat"":37.508255,""lon"":127.07037,""alt"":305},""endLLA"":{""lat"":37.526451,""lon"":127.064361,""alt"":183.36},""targetSpeed"":36,""seq"":9}","{""phase"":""G"",""startLLA"":{""lat"":37.526451,""lon"":127.064361,""alt"":183.36},""endLLA"":{""lat"":37.533784,""lon"":127.050993,""alt"":100},""targetSpeed"":36,""seq"":10}","{""phase"":""I"",""startLLA"":{""lat"":37.533784,""lon"":127.050993,""alt"":100},""endLLA"":{""lat"":37.538917,""lon"":127.041635,""alt"":15},""targetSpeed"":30,""seq"":11}","{""phase"":""J"",""startLLA"":{""lat"":37.538917,""lon"":127.041635,""alt"":15},""endLLA"":{""lat"":37.538917,""lon"":127.041635,""alt"":0},""targetSpeed"":10,""seq"":12}","{""phase"":""K"",""startLLA"":{""lat"":37.538917,""lon"":127.041635,""alt"":0},""endLLA"":{""lat"":37.538917,""lon"":127.041635,""alt"":0},""targetSpeed"":3,""seq"":13}",,,,,,,,
98f166edc22f,2026-07-11,FPL0715013,UAM0009,a2,2,1,0.5,봉천,봉천,마곡,마곡,15,G8,F2,G7,F4,15:58:07,16:06:32,16:13:28,16:20:48,16:30:48,505.71,415.49,440,1361.2,0,6.12,ready,봉천 > 영등포 > 목동교 > 염창교 > 가양대교 남단 > 마곡,18.2733,13,"{""phase"":""A"",""startLLA"":{""lat"":37.482832,""lon"":126.942245,""alt"":0},""endLLA"":{""lat"":37.482832,""lon"":126.942245,""alt"":0},""targetSpeed"":3,""seq"":1}","{""phase"":""B"",""startLLA"":{""lat"":37.482832,""lon"":126.942245,""alt"":0},""endLLA"":{""lat"":37.482832,""lon"":126.942245,""alt"":15},""targetSpeed"":10,""seq"":2}","{""phase"":""C"",""startLLA"":{""lat"":37.482832,""lon"":126.942245,""alt"":15},""endLLA"":{""lat"":37.491176,""lon"":126.933559,""alt"":100},""targetSpeed"":36,""seq"":3}","{""phase"":""E"",""startLLA"":{""lat"":37.491176,""lon"":126.933559,""alt"":100},""endLLA"":{""lat"":37.515605,""lon"":126.908131,""alt"":305},""targetSpeed"":51.4,""seq"":4}","{""phase"":""F"",""startLLA"":{""lat"":37.515605,""lon"":126.908131,""alt"":305},""endLLA"":{""lat"":37.515965,""lon"":126.907756,""alt"":305},""targetSpeed"":51.4,""seq"":5}","{""phase"":""F"",""startLLA"":{""lat"":37.515965,""lon"":126.907756,""alt"":305},""endLLA"":{""lat"":37.530667,""lon"":126.888262,""alt"":305},""targetSpeed"":51.4,""seq"":6}","{""phase"":""F"",""startLLA"":{""lat"":37.530667,""lon"":126.888262,""alt"":305},""endLLA"":{""lat"":37.553824,""lon"":126.875819,""alt"":305},""targetSpeed"":51.4,""seq"":7}","{""phase"":""F"",""startLLA"":{""lat"":37.553824,""lon"":126.875819,""alt"":305},""endLLA"":{""lat"":37.569391,""lon"":126.861026,""alt"":305},""targetSpeed"":51.4,""seq"":8}","{""phase"":""F"",""startLLA"":{""lat"":37.569391,""lon"":126.861026,""alt"":305},""endLLA"":{""lat"":37.567854,""lon"":126.842862,""alt"":305},""targetSpeed"":51.4,""seq"":9}","{""phase"":""G"",""startLLA"":{""lat"":37.567854,""lon"":126.842862,""alt"":305},""endLLA"":{""lat"":37.564492,""lon"":126.803118,""alt"":100},""targetSpeed"":36,""seq"":10}","{""phase"":""I"",""startLLA"":{""lat"":37.564492,""lon"":126.803118,""alt"":100},""endLLA"":{""lat"":37.563535,""lon"":126.791805,""alt"":15},""targetSpeed"":30,""seq"":11}","{""phase"":""J"",""startLLA"":{""lat"":37.563535,""lon"":126.791805,""alt"":15},""endLLA"":{""lat"":37.563535,""lon"":126.791805,""alt"":0},""targetSpeed"":10,""seq"":12}","{""phase"":""K"",""startLLA"":{""lat"":37.563535,""lon"":126.791805,""alt"":0},""endLLA"":{""lat"":37.563535,""lon"":126.791805,""alt"":0},""targetSpeed"":3,""seq"":13}",,,,,,,,
98f166edc22f,2026-07-11,FPL0711010,UAM0082,a2,2,2,1,봉천,봉천,천호,천호,16,G3,F1,G1,F3,16:01:34,16:09:48,16:18:53,16:27:13,16:37:13,494.43,545.29,500,1539.71,18.71,0,ready,봉천 > 채석장 > 경부고속도로 양재천 다리 > 대치교 > 청담대교 중간지점 > 잠실대교 중간지점 > 천호,21.9712,14,"{""phase"":""A"",""startLLA"":{""lat"":37.482832,""lon"":126.942245,""alt"":0},""endLLA"":{""lat"":37.482832,""lon"":126.942245,""alt"":0},""targetSpeed"":3,""seq"":1}","{""phase"":""B"",""startLLA"":{""lat"":37.482832,""lon"":126.942245,""alt"":0},""endLLA"":{""lat"":37.482832,""lon"":126.942245,""alt"":15},""targetSpeed"":10,""seq"":2}","{""phase"":""C"",""startLLA"":{""lat"":37.482832,""lon"":126.942245,""alt"":15},""endLLA"":{""lat"":37.479397,""lon"":126.955184,""alt"":100},""targetSpeed"":36,""seq"":3}","{""phase"":""E"",""startLLA"":{""lat"":37.479397,""lon"":126.955184,""alt"":100},""endLLA"":{""lat"":37.471285,""lon"":126.985745,""alt"":265.4},""targetSpeed"":51.4,""seq"":4}","{""phase"":""E"",""startLLA"":{""lat"":37.471285,""lon"":126.985745,""alt"":265.4},""endLLA"":{""lat"":37.471336,""lon"":126.993461,""alt"":305},""targetSpeed"":51.4,""seq"":5}","{""phase"":""F"",""startLLA"":{""lat"":37.471336,""lon"":126.993461,""alt"":305},""endLLA"":{""lat"":37.471593,""lon"":127.032031,""alt"":305},""targetSpeed"":51.4,""seq"":6}","{""phase"":""F"",""startLLA"":{""lat"":37.471593,""lon"":127.032031,""alt"":305},""endLLA"":{""lat"":37.497702,""lon"":127.073855,""alt"":305},""targetSpeed"":51.4,""seq"":7}","{""phase"":""F"",""startLLA"":{""lat"":37.497702,""lon"":127.073855,""alt"":305},""endLLA"":{""lat"":37.526451,""lon"":127.064361,""alt"":305},""targetSpeed"":51.4,""seq"":8}","{""phase"":""F"",""startLLA"":{""lat"":37.526451,""lon"":127.064361,""alt"":305},""endLLA"":{""lat"":37.525291,""lon"":127.078987,""alt"":305},""targetSpeed"":51.4,""seq"":9}","{""phase"":""G"",""startLLA"":{""lat"":37.525291,""lon"":127.078987,""alt"":305},""endLLA"":{""lat"":37.524288,""lon"":127.091639,""alt"":239.78},""targetSpeed"":36,""seq"":10}","{""phase"":""G"",""startLLA"":{""lat"":37.524288,""lon"":127.091639,""alt"":239.78},""endLLA"":{""lat"":37.539417,""lon"":127.111104,""alt"":100},""targetSpeed"":36,""seq"":11}","{""phase"":""I"",""startLLA"":{""lat"":37.539417,""lon"":127.111104,""alt"":100},""endLLA"":{""lat"":37.545733,""lon"":127.11923,""alt"":15},""targetSpeed"":30,""seq"":12}","{""phase"":""J"",""startLLA"":{""lat"":37.545733,""lon"":127.11923,""alt"":15},""endLLA"":{""lat"":37.545733,""lon"":127.11923,""alt"":0},""targetSpeed"":10,""seq"":13}","{""phase"":""K"",""startLLA"":{""lat"":37.545733,""lon"":127.11923,""alt"":0},""endLLA"":{""lat"":37.545733,""lon"":127.11923,""alt"":0},""targetSpeed"":3,""seq"":14}",,,,,,,
98f166edc22f,2026-07-11,FPL0717011,UAM0108,a4,4,4,1,봉천,봉천,수서,수서,16,G7,F1,G3,F4,16:09:04,16:16:59,16:22:34,16:30:22,16:40:22,475.71,334.77,467.53,1278.01,0,27.53,ready,봉천 > 채석장 > 경부고속도로 양재천 다리 > 수서,14.439,11,"{""phase"":""A"",""startLLA"":{""lat"":37.482832,""lon"":126.942245,""alt"":0},""endLLA"":{""lat"":37.482832,""lon"":126.942245,""alt"":0},""targetSpeed"":3,""seq"":1}","{""phase"":""B"",""startLLA"":{""lat"":37.482832,""lon"":126.942245,""alt"":0},""endLLA"":{""lat"":37.482832,""lon"":126.942245,""alt"":15},""targetSpeed"":10,""seq"":2}","{""phase"":""C"",""startLLA"":{""lat"":37.482832,""lon"":126.942245,""alt"":15},""endLLA"":{""lat"":37.479396,""lon"":126.955188,""alt"":100},""targetSpeed"":36,""seq"":3}","{""phase"":""E"",""startLLA"":{""lat"":37.479396,""lon"":126.955188,""alt"":100},""endLLA"":{""lat"":37.471285,""lon"":126.985745,""alt"":265.31},""targetSpeed"":51.4,""seq"":4}","{""phase"":""E"",""startLLA"":{""lat"":37.471285,""lon"":126.985745,""alt"":265.31},""endLLA"":{""lat"":37.471336,""lon"":126.99348,""alt"":305},""targetSpeed"":51.4,""seq"":5}","{""phase"":""F"",""startLLA"":{""lat"":37.471336,""lon"":126.99348,""alt"":305},""endLLA"":{""lat"":37.471593,""lon"":127.032031,""alt"":305},""targetSpeed"":51.4,""seq"":6}","{""phase"":""F"",""startLLA"":{""lat"":37.471593,""lon"":127.032031,""alt"":305},""endLLA"":{""lat"":37.476051,""lon"":127.051318,""alt"":305},""targetSpeed"":51.4,""seq"":7}","{""phase"":""G"",""startLLA"":{""lat"":37.476051,""lon"":127.051318,""alt"":305},""endLLA"":{""lat"":37.484917,""lon"":127.089683,""alt"":100},""targetSpeed"":36,""seq"":8}","{""phase"":""I"",""startLLA"":{""lat"":37.484917,""lon"":127.089683,""alt"":100},""endLLA"":{""lat"":37.487441,""lon"":127.100603,""alt"":15},""targetSpeed"":30,""seq"":9}","{""phase"":""J"",""startLLA"":{""lat"":37.487441,""lon"":127.100603,""alt"":15},""endLLA"":{""lat"":37.487441,""lon"":127.100603,""alt"":0},""targetSpeed"":10,""seq"":10}","{""phase"":""K"",""startLLA"":{""lat"":37.487441,""lon"":127.100603,""alt"":0},""endLLA"":{""lat"":37.487441,""lon"":127.100603,""alt"":0},""targetSpeed"":3,""seq"":11}",,,,,,,,,,
98f166edc22f,2026-07-11,FPL0711011,UAM0021,a6,6,5,0.8333,봉천,봉천,천호,천호,16,G2,F2,G3,F3,16:12:36,16:20:01,16:28:03,16:35:23,16:45:23,445.71,481.31,440,1367.02,0,0,ready,봉천 > 채석장 > 경부고속도로 양재천 다리 > 대치교 > 청담대교 중간지점 > 잠실대교 중간지점 > 천호,21.9712,14,"{""phase"":""A"",""startLLA"":{""lat"":37.482832,""lon"":126.942245,""alt"":0},""endLLA"":{""lat"":37.482832,""lon"":126.942245,""alt"":0},""targetSpeed"":3,""seq"":1}","{""phase"":""B"",""startLLA"":{""lat"":37.482832,""lon"":126.942245,""alt"":0},""endLLA"":{""lat"":37.482832,""lon"":126.942245,""alt"":15},""targetSpeed"":10,""seq"":2}","{""phase"":""C"",""startLLA"":{""lat"":37.482832,""lon"":126.942245,""alt"":15},""endLLA"":{""lat"":37.479397,""lon"":126.955184,""alt"":100},""targetSpeed"":36,""seq"":3}","{""phase"":""E"",""startLLA"":{""lat"":37.479397,""lon"":126.955184,""alt"":100},""endLLA"":{""lat"":37.471285,""lon"":126.985745,""alt"":265.4},""targetSpeed"":51.4,""seq"":4}","{""phase"":""E"",""startLLA"":{""lat"":37.471285,""lon"":126.985745,""alt"":265.4},""endLLA"":{""lat"":37.471336,""lon"":126.993461,""alt"":305},""targetSpeed"":51.4,""seq"":5}","{""phase"":""F"",""startLLA"":{""lat"":37.471336,""lon"":126.993461,""alt"":305},""endLLA"":{""lat"":37.471593,""lon"":127.032031,""alt"":305},""targetSpeed"":51.4,""seq"":6}","{""phase"":""F"",""startLLA"":{""lat"":37.471593,""lon"":127.032031,""alt"":305},""endLLA"":{""lat"":37.497702,""lon"":127.073855,""alt"":305},""targetSpeed"":51.4,""seq"":7}","{""phase"":""F"",""startLLA"":{""lat"":37.497702,""lon"":127.073855,""alt"":305},""endLLA"":{""lat"":37.526451,""lon"":127.064361,""alt"":305},""targetSpeed"":51.4,""seq"":8}","{""phase"":""F"",""startLLA"":{""lat"":37.526451,""lon"":127.064361,""alt"":305},""endLLA"":{""lat"":37.525291,""lon"":127.078987,""alt"":305},""targetSpeed"":51.4,""seq"":9}","{""phase"":""G"",""startLLA"":{""lat"":37.525291,""lon"":127.078987,""alt"":305},""endLLA"":{""lat"":37.524288,""lon"":127.091639,""alt"":239.78},""targetSpeed"":36,""seq"":10}","{""phase"":""G"",""startLLA"":{""lat"":37.524288,""lon"":127.091639,""alt"":239.78},""endLLA"":{""lat"":37.539417,""lon"":127.111104,""alt"":100},""targetSpeed"":36,""seq"":11}","{""phase"":""I"",""startLLA"":{""lat"":37.539417,""lon"":127.111104,""alt"":100},""endLLA"":{""lat"":37.545733,""lon"":127.11923,""alt"":15},""targetSpeed"":30,""seq"":12}","{""phase"":""J"",""startLLA"":{""lat"":37.545733,""lon"":127.11923,""alt"":15},""endLLA"":{""lat"":37.545733,""lon"":127.11923,""alt"":0},""targetSpeed"":10,""seq"":13}","{""phase"":""K"",""startLLA"":{""lat"":37.545733,""lon"":127.11923,""alt"":0},""endLLA"":{""lat"":37.545733,""lon"":127.11923,""alt"":0},""targetSpeed"":3,""seq"":14}",,,,,,,
98f166edc22f,2026-07-11,FPL0716012,UAM0118,a6,6,4,0.6667,봉천,봉천,망우,망우,16,G4,F1,G4,F3,16:14:56,16:23:48,16:32:32,16:39:22,16:49:22,532.39,524.55,410,1466.94,26.68,0,ready,봉천 > 채석장 > 경부고속도로 양재천 다리 > 대치교 > 청담대교 중간지점 > 건대입구 > 망우,24.1938,14,"{""phase"":""A"",""startLLA"":{""lat"":37.482832,""lon"":126.942245,""alt"":0},""endLLA"":{""lat"":37.482832,""lon"":126.942245,""alt"":0},""targetSpeed"":3,""seq"":1}","{""phase"":""B"",""startLLA"":{""lat"":37.482832,""lon"":126.942245,""alt"":0},""endLLA"":{""lat"":37.482832,""lon"":126.942245,""alt"":15},""targetSpeed"":10,""seq"":2}","{""phase"":""C"",""startLLA"":{""lat"":37.482832,""lon"":126.942245,""alt"":15},""endLLA"":{""lat"":37.479398,""lon"":126.955183,""alt"":100},""targetSpeed"":36,""seq"":3}","{""phase"":""E"",""startLLA"":{""lat"":37.479398,""lon"":126.955183,""alt"":100},""endLLA"":{""lat"":37.471285,""lon"":126.985745,""alt"":265.41},""targetSpeed"":51.4,""seq"":4}","{""phase"":""E"",""startLLA"":{""lat"":37.471285,""lon"":126.985745,""alt"":265.41},""endLLA"":{""lat"":37.471336,""lon"":126.993456,""alt"":305},""targetSpeed"":51.4,""seq"":5}","{""phase"":""F"",""startLLA"":{""lat"":37.471336,""lon"":126.993456,""alt"":305},""endLLA"":{""lat"":37.471593,""lon"":127.032031,""alt"":305},""targetSpeed"":51.4,""seq"":6}","{""phase"":""F"",""startLLA"":{""lat"":37.471593,""lon"":127.032031,""alt"":305},""endLLA"":{""lat"":37.497702,""lon"":127.073855,""alt"":305},""targetSpeed"":51.4,""seq"":7}","{""phase"":""F"",""startLLA"":{""lat"":37.497702,""lon"":127.073855,""alt"":305},""endLLA"":{""lat"":37.526451,""lon"":127.064361,""alt"":305},""targetSpeed"":51.4,""seq"":8}","{""phase"":""F"",""startLLA"":{""lat"":37.526451,""lon"":127.064361,""alt"":305},""endLLA"":{""lat"":37.540426,""lon"":127.069298,""alt"":305},""targetSpeed"":51.4,""seq"":9}","{""phase"":""F"",""startLLA"":{""lat"":37.540426,""lon"":127.069298,""alt"":305},""endLLA"":{""lat"":37.557138,""lon"":127.0739,""alt"":305},""targetSpeed"":51.4,""seq"":10}","{""phase"":""G"",""startLLA"":{""lat"":37.557138,""lon"":127.0739,""alt"":305},""endLLA"":{""lat"":37.588105,""lon"":127.082427,""alt"":100},""targetSpeed"":36,""seq"":11}","{""phase"":""I"",""startLLA"":{""lat"":37.588105,""lon"":127.082427,""alt"":100},""endLLA"":{""lat"":37.596919,""lon"":127.084854,""alt"":15},""targetSpeed"":30,""seq"":12}","{""phase"":""J"",""startLLA"":{""lat"":37.596919,""lon"":127.084854,""alt"":15},""endLLA"":{""lat"":37.596919,""lon"":127.084854,""alt"":0},""targetSpeed"":10,""seq"":13}","{""phase"":""K"",""startLLA"":{""lat"":37.596919,""lon"":127.084854,""alt"":0},""endLLA"":{""lat"":37.596919,""lon"":127.084854,""alt"":0},""targetSpeed"":3,""seq"":14}",,,,,,,
98f166edc22f,2026-07-11,FPL0715014,UAM0057,a2,2,2,1,봉천,봉천,마곡,마곡,16,G8,F2,G7,F3,16:16:29,16:25:27,16:33:22,16:40:42,16:50:42,538.43,475.05,440,1453.48,32.71,65.68,ready,봉천 > 영등포 > 목동교 > 염창교 > 가양대교 남단 > 마곡,18.2733,13,"{""phase"":""A"",""startLLA"":{""lat"":37.482832,""lon"":126.942245,""alt"":0},""endLLA"":{""lat"":37.482832,""lon"":126.942245,""alt"":0},""targetSpeed"":3,""seq"":1}","{""phase"":""B"",""startLLA"":{""lat"":37.482832,""lon"":126.942245,""alt"":0},""endLLA"":{""lat"":37.482832,""lon"":126.942245,""alt"":15},""targetSpeed"":10,""seq"":2}","{""phase"":""C"",""startLLA"":{""lat"":37.482832,""lon"":126.942245,""alt"":15},""endLLA"":{""lat"":37.491176,""lon"":126.933559,""alt"":100},""targetSpeed"":36,""seq"":3}","{""phase"":""E"",""startLLA"":{""lat"":37.491176,""lon"":126.933559,""alt"":100},""endLLA"":{""lat"":37.515605,""lon"":126.908131,""alt"":305},""targetSpeed"":51.4,""seq"":4}","{""phase"":""F"",""startLLA"":{""lat"":37.515605,""lon"":126.908131,""alt"":305},""endLLA"":{""lat"":37.515965,""lon"":126.907756,""alt"":305},""targetSpeed"":51.4,""seq"":5}","{""phase"":""F"",""startLLA"":{""lat"":37.515965,""lon"":126.907756,""alt"":305},""endLLA"":{""lat"":37.530667,""lon"":126.888262,""alt"":305},""targetSpeed"":51.4,""seq"":6}","{""phase"":""F"",""startLLA"":{""lat"":37.530667,""lon"":126.888262,""alt"":305},""endLLA"":{""lat"":37.553824,""lon"":126.875819,""alt"":305},""targetSpeed"":51.4,""seq"":7}","{""phase"":""F"",""startLLA"":{""lat"":37.553824,""lon"":126.875819,""alt"":305},""endLLA"":{""lat"":37.569391,""lon"":126.861026,""alt"":305},""targetSpeed"":51.4,""seq"":8}","{""phase"":""F"",""startLLA"":{""lat"":37.569391,""lon"":126.861026,""alt"":305},""endLLA"":{""lat"":37.567854,""lon"":126.842862,""alt"":305},""targetSpeed"":51.4,""seq"":9}","{""phase"":""G"",""startLLA"":{""lat"":37.567854,""lon"":126.842862,""alt"":305},""endLLA"":{""lat"":37.564492,""lon"":126.803118,""alt"":100},""targetSpeed"":36,""seq"":10}","{""phase"":""I"",""startLLA"":{""lat"":37.564492,""lon"":126.803118,""alt"":100},""endLLA"":{""lat"":37.563535,""lon"":126.791805,""alt"":15},""targetSpeed"":30,""seq"":11}","{""phase"":""J"",""startLLA"":{""lat"":37.563535,""lon"":126.791805,""alt"":15},""endLLA"":{""lat"":37.563535,""lon"":126.791805,""alt"":0},""targetSpeed"":10,""seq"":12}","{""phase"":""K"",""startLLA"":{""lat"":37.563535,""lon"":126.791805,""alt"":0},""endLLA"":{""lat"":37.563535,""lon"":126.791805,""alt"":0},""targetSpeed"":3,""seq"":13}",,,,,,,,
98f166edc22f,2026-07-11,FPL0706011,UAM0109,a6,6,4,0.6667,봉천,봉천,미아,미아,16,G3,F1,G4,F3,16:27:03,16:34:58,16:45:55,16:52:45,17:02:45,475.71,656.41,410,1542.12,0,0,ready,봉천 > 채석장 > 경부고속도로 양재천 다리 > 대치교 > 청담대교 중간지점 > 건대입구 > 중랑천 제방길 > 상봉 > 월릉교 > 미아,30.9711,17,"{""phase"":""A"",""startLLA"":{""lat"":37.482832,""lon"":126.942245,""alt"":0},""endLLA"":{""lat"":37.482832,""lon"":126.942245,""alt"":0},""targetSpeed"":3,""seq"":1}","{""phase"":""B"",""startLLA"":{""lat"":37.482832,""lon"":126.942245,""alt"":0},""endLLA"":{""lat"":37.482832,""lon"":126.942245,""alt"":15},""targetSpeed"":10,""seq"":2}","{""phase"":""C"",""startLLA"":{""lat"":37.482832,""lon"":126.942245,""alt"":15},""endLLA"":{""lat"":37.479399,""lon"":126.95518,""alt"":100},""targetSpeed"":36,""seq"":3}","{""phase"":""E"",""startLLA"":{""lat"":37.479399,""lon"":126.95518,""alt"":100},""endLLA"":{""lat"":37.471285,""lon"":126.985745,""alt"":265.47},""targetSpeed"":51.4,""seq"":4}","{""phase"":""E"",""startLLA"":{""lat"":37.471285,""lon"":126.985745,""alt"":265.47},""endLLA"":{""lat"":37.471336,""lon"":126.993444,""alt"":305},""targetSpeed"":51.4,""seq"":5}","{""phase"":""F"",""startLLA"":{""lat"":37.471336,""lon"":126.993444,""alt"":305},""endLLA"":{""lat"":37.471593,""lon"":127.032031,""alt"":305},""targetSpeed"":51.4,""seq"":6}","{""phase"":""F"",""startLLA"":{""lat"":37.471593,""lon"":127.032031,""alt"":305},""endLLA"":{""lat"":37.497702,""lon"":127.073855,""alt"":305},""targetSpeed"":51.4,""seq"":7}","{""phase"":""F"",""startLLA"":{""lat"":37.497702,""lon"":127.073855,""alt"":305},""endLLA"":{""lat"":37.526451,""lon"":127.064361,""alt"":305},""targetSpeed"":51.4,""seq"":8}","{""phase"":""F"",""startLLA"":{""lat"":37.526451,""lon"":127.064361,""alt"":305},""endLLA"":{""lat"":37.540426,""lon"":127.069298,""alt"":305},""targetSpeed"":51.4,""seq"":9}","{""phase"":""F"",""startLLA"":{""lat"":37.540426,""lon"":127.069298,""alt"":305},""endLLA"":{""lat"":37.580774,""lon"":127.077387,""alt"":305},""targetSpeed"":51.4,""seq"":10}","{""phase"":""F"",""startLLA"":{""lat"":37.580774,""lon"":127.077387,""alt"":305},""endLLA"":{""lat"":37.596919,""lon"":127.084854,""alt"":305},""targetSpeed"":51.4,""seq"":11}","{""phase"":""F"",""startLLA"":{""lat"":37.596919,""lon"":127.084854,""alt"":305},""endLLA"":{""lat"":37.614352,""lon"":127.072725,""alt"":305},""targetSpeed"":51.4,""seq"":12}","{""phase"":""G"",""startLLA"":{""lat"":37.614352,""lon"":127.072725,""alt"":305},""endLLA"":{""lat"":37.616266,""lon"":127.071394,""alt"":290.86},""targetSpeed"":36,""seq"":13}","{""phase"":""G"",""startLLA"":{""lat"":37.616266,""lon"":127.071394,""alt"":290.86},""endLLA"":{""lat"":37.626943,""lon"":127.036669,""alt"":100},""targetSpeed"":36,""seq"":14}","{""phase"":""I"",""startLLA"":{""lat"":37.626943,""lon"":127.036669,""alt"":100},""endLLA"":{""lat"":37.630207,""lon"":127.026053,""alt"":15},""targetSpeed"":30,""seq"":15}","{""phase"":""J"",""startLLA"":{""lat"":37.630207,""lon"":127.026053,""alt"":15},""endLLA"":{""lat"":37.630207,""lon"":127.026053,""alt"":0},""targetSpeed"":10,""seq"":16}","{""phase"":""K"",""startLLA"":{""lat"":37.630207,""lon"":127.026053,""alt"":0},""endLLA"":{""lat"":37.630207,""lon"":127.026053,""alt"":0},""targetSpeed"":3,""seq"":17}",,,,
98f166edc22f,2026-07-11,FPL0709015,UAM0075,a4,4,4,1,봉천,봉천,성수,성수,16,G7,F2,G6,F4,16:30:11,16:38:06,16:45:06,16:52:56,17:02:56,475.71,419.92,470,1365.63,0,4.58,ready,봉천 > 채석장 > 경부고속도로 양재천 다리 > 대치교 > 청담대교 중간지점 > 성수,18.5804,13,"{""phase"":""A"",""startLLA"":{""lat"":37.482832,""lon"":126.942245,""alt"":0},""endLLA"":{""lat"":37.482832,""lon"":126.942245,""alt"":0},""targetSpeed"":3,""seq"":1}","{""phase"":""B"",""startLLA"":{""lat"":37.482832,""lon"":126.942245,""alt"":0},""endLLA"":{""lat"":37.482832,""lon"":126.942245,""alt"":15},""targetSpeed"":10,""seq"":2}","{""phase"":""C"",""startLLA"":{""lat"":37.482832,""lon"":126.942245,""alt"":15},""endLLA"":{""lat"":37.479397,""lon"":126.955184,""alt"":100},""targetSpeed"":36,""seq"":3}","{""phase"":""E"",""startLLA"":{""lat"":37.479397,""lon"":126.955184,""alt"":100},""endLLA"":{""lat"":37.471285,""lon"":126.985745,""alt"":265.38},""targetSpeed"":51.4,""seq"":4}","{""phase"":""E"",""startLLA"":{""lat"":37.471285,""lon"":126.985745,""alt"":265.38},""endLLA"":{""lat"":37.471336,""lon"":126.993464,""alt"":305},""targetSpeed"":51.4,""seq"":5}","{""phase"":""F"",""startLLA"":{""lat"":37.471336,""lon"":126.993464,""alt"":305},""endLLA"":{""lat"":37.471593,""lon"":127.032031,""alt"":305},""targetSpeed"":51.4,""seq"":6}","{""phase"":""F"",""startLLA"":{""lat"":37.471593,""lon"":127.032031,""alt"":305},""endLLA"":{""lat"":37.497702,""lon"":127.073855,""alt"":305},""targetSpeed"":51.4,""seq"":7}","{""phase"":""F"",""startLLA"":{""lat"":37.497702,""lon"":127.073855,""alt"":305},""endLLA"":{""lat"":37.508255,""lon"":127.07037,""alt"":305},""targetSpeed"":51.4,""seq"":8}","{""phase"":""G"",""startLLA"":{""lat"":37.508255,""lon"":127.07037,""alt"":305},""endLLA"":{""lat"":37.526451,""lon"":127.064361,""alt"":183.36},""targetSpeed"":36,""seq"":9}","{""phase"":""G"",""startLLA"":{""lat"":37.526451,""lon"":127.064361,""alt"":183.36},""endLLA"":{""lat"":37.533784,""lon"":127.050993,""alt"":100},""targetSpeed"":36,""seq"":10}","{""phase"":""I"",""startLLA"":{""lat"":37.533784,""lon"":127.050993,""alt"":100},""endLLA"":{""lat"":37.538917,""lon"":127.041635,""alt"":15},""targetSpeed"":30,""seq"":11}","{""phase"":""J"",""startLLA"":{""lat"":37.538917,""lon"":127.041635,""alt"":15},""endLLA"":{""lat"":37.538917,""lon"":127.041635,""alt"":0},""targetSpeed"":10,""seq"":12}","{""phase"":""K"",""startLLA"":{""lat"":37.538917,""lon"":127.041635,""alt"":0},""endLLA"":{""lat"":37.538917,""lon"":127.041635,""alt"":0},""targetSpeed"":3,""seq"":13}",,,,,,,,
98f166edc22f,2026-07-11,FPL0702009,UAM0011,a4,4,2,0.5,봉천,봉천,잠실,잠실,16,G4,F1,G8,F3,16:35:50,16:44:15,16:49:57,16:56:47,17:06:47,505.71,342.08,410,1257.79,0,0,ready,봉천 > 채석장 > 경부고속도로 양재천 다리 > 대치교 > 잠실,14.8146,12,"{""phase"":""A"",""startLLA"":{""lat"":37.482832,""lon"":126.942245,""alt"":0},""endLLA"":{""lat"":37.482832,""lon"":126.942245,""alt"":0},""targetSpeed"":3,""seq"":1}","{""phase"":""B"",""startLLA"":{""lat"":37.482832,""lon"":126.942245,""alt"":0},""endLLA"":{""lat"":37.482832,""lon"":126.942245,""alt"":15},""targetSpeed"":10,""seq"":2}","{""phase"":""C"",""startLLA"":{""lat"":37.482832,""lon"":126.942245,""alt"":15},""endLLA"":{""lat"":37.479397,""lon"":126.955186,""alt"":100},""targetSpeed"":36,""seq"":3}","{""phase"":""E"",""startLLA"":{""lat"":37.479397,""lon"":126.955186,""alt"":100},""endLLA"":{""lat"":37.471285,""lon"":126.985745,""alt"":265.36},""targetSpeed"":51.4,""seq"":4}","{""phase"":""E"",""startLLA"":{""lat"":37.471285,""lon"":126.985745,""alt"":265.36},""endLLA"":{""lat"":37.471336,""lon"":126.99347,""alt"":305},""targetSpeed"":51.4,""seq"":5}","{""phase"":""F"",""startLLA"":{""lat"":37.471336,""lon"":126.99347,""alt"":305},""endLLA"":{""lat"":37.471593,""lon"":127.032031,""alt"":305},""targetSpeed"":51.4,""seq"":6}","{""phase"":""F"",""startLLA"":{""lat"":37.471593,""lon"":127.032031,""alt"":305},""endLLA"":{""lat"":37.483526,""lon"":127.051147,""alt"":305},""targetSpeed"":51.4,""seq"":7}","{""phase"":""G"",""startLLA"":{""lat"":37.483526,""lon"":127.051147,""alt"":305},""endLLA"":{""lat"":37.497702,""lon"":127.073855,""alt"":156.75},""targetSpeed"":36,""seq"":8}","{""phase"":""G"",""startLLA"":{""lat"":37.497702,""lon"":127.073855,""alt"":156.75},""endLLA"":{""lat"":37.506266,""lon"":127.071433,""alt"":100},""targetSpeed"":36,""seq"":9}","{""phase"":""I"",""startLLA"":{""lat"":37.506266,""lon"":127.071433,""alt"":100},""endLLA"":{""lat"":37.515071,""lon"":127.068942,""alt"":15},""targetSpeed"":30,""seq"":10}","{""phase"":""J"",""startLLA"":{""lat"":37.515071,""lon"":127.068942,""alt"":15},""endLLA"":{""lat"":37.515071,""lon"":127.068942,""alt"":0},""targetSpeed"":10,""seq"":11}","{""phase"":""K"",""startLLA"":{""lat"":37.515071,""lon"":127.068942,""alt"":0},""endLLA"":{""lat"":37.515071,""lon"":127.068942,""alt"":0},""targetSpeed"":3,""seq"":12}",,,,,,,,,
98f166edc22f,2026-07-11,FPL0715015,UAM0018,a2,2,2,1,봉천,봉천,마곡,마곡,17,G8,F1,G3,F4,17:00:00,17:08:53,17:15:43,17:23:13,17:33:13,533.84,409.37,450.55,1393.76,28.13,10.55,ready,봉천 > 영등포 > 목동교 > 염창교 > 가양대교 남단 > 마곡,18.2733,13,"{""phase"":""A"",""startLLA"":{""lat"":37.482832,""lon"":126.942245,""alt"":0},""endLLA"":{""lat"":37.482832,""lon"":126.942245,""alt"":0},""targetSpeed"":3,""seq"":1}","{""phase"":""B"",""startLLA"":{""lat"":37.482832,""lon"":126.942245,""alt"":0},""endLLA"":{""lat"":37.482832,""lon"":126.942245,""alt"":15},""targetSpeed"":10,""seq"":2}","{""phase"":""C"",""startLLA"":{""lat"":37.482832,""lon"":126.942245,""alt"":15},""endLLA"":{""lat"":37.491176,""lon"":126.933559,""alt"":100},""targetSpeed"":36,""seq"":3}","{""phase"":""E"",""startLLA"":{""lat"":37.491176,""lon"":126.933559,""alt"":100},""endLLA"":{""lat"":37.515605,""lon"":126.908131,""alt"":305},""targetSpeed"":51.4,""seq"":4}","{""phase"":""F"",""startLLA"":{""lat"":37.515605,""lon"":126.908131,""alt"":305},""endLLA"":{""lat"":37.515965,""lon"":126.907756,""alt"":305},""targetSpeed"":51.4,""seq"":5}","{""phase"":""F"",""startLLA"":{""lat"":37.515965,""lon"":126.907756,""alt"":305},""endLLA"":{""lat"":37.530667,""lon"":126.888262,""alt"":305},""targetSpeed"":51.4,""seq"":6}","{""phase"":""F"",""startLLA"":{""lat"":37.530667,""lon"":126.888262,""alt"":305},""endLLA"":{""lat"":37.553824,""lon"":126.875819,""alt"":305},""targetSpeed"":51.4,""seq"":7}","{""phase"":""F"",""startLLA"":{""lat"":37.553824,""lon"":126.875819,""alt"":305},""endLLA"":{""lat"":37.569391,""lon"":126.861026,""alt"":305},""targetSpeed"":51.4,""seq"":8}","{""phase"":""F"",""startLLA"":{""lat"":37.569391,""lon"":126.861026,""alt"":305},""endLLA"":{""lat"":37.567854,""lon"":126.842862,""alt"":305},""targetSpeed"":51.4,""seq"":9}","{""phase"":""G"",""startLLA"":{""lat"":37.567854,""lon"":126.842862,""alt"":305},""endLLA"":{""lat"":37.564492,""lon"":126.803118,""alt"":100},""targetSpeed"":36,""seq"":10}","{""phase"":""I"",""startLLA"":{""lat"":37.564492,""lon"":126.803118,""alt"":100},""endLLA"":{""lat"":37.563535,""lon"":126.791805,""alt"":15},""targetSpeed"":30,""seq"":11}","{""phase"":""J"",""startLLA"":{""lat"":37.563535,""lon"":126.791805,""alt"":15},""endLLA"":{""lat"":37.563535,""lon"":126.791805,""alt"":0},""targetSpeed"":10,""seq"":12}","{""phase"":""K"",""startLLA"":{""lat"":37.563535,""lon"":126.791805,""alt"":0},""endLLA"":{""lat"":37.563535,""lon"":126.791805,""alt"":0},""targetSpeed"":3,""seq"":13}",,,,,,,,
98f166edc22f,2026-07-11,FPL0711012,UAM0031,a8,8,8,1,봉천,봉천,천호,천호,17,G3,F2,G8,F4,17:00:00,17:09:33,17:18:37,17:25:27,17:35:27,573.84,543.71,410,1527.55,98.13,62.4,ready,봉천 > 채석장 > 경부고속도로 양재천 다리 > 대치교 > 청담대교 중간지점 > 잠실대교 중간지점 > 천호,21.9712,14,"{""phase"":""A"",""startLLA"":{""lat"":37.482832,""lon"":126.942245,""alt"":0},""endLLA"":{""lat"":37.482832,""lon"":126.942245,""alt"":0},""targetSpeed"":3,""seq"":1}","{""phase"":""B"",""startLLA"":{""lat"":37.482832,""lon"":126.942245,""alt"":0},""endLLA"":{""lat"":37.482832,""lon"":126.942245,""alt"":15},""targetSpeed"":10,""seq"":2}","{""phase"":""C"",""startLLA"":{""lat"":37.482832,""lon"":126.942245,""alt"":15},""endLLA"":{""lat"":37.479397,""lon"":126.955184,""alt"":100},""targetSpeed"":36,""seq"":3}","{""phase"":""E"",""startLLA"":{""lat"":37.479397,""lon"":126.955184,""alt"":100},""endLLA"":{""lat"":37.471285,""lon"":126.985745,""alt"":265.4},""targetSpeed"":51.4,""seq"":4}","{""phase"":""E"",""startLLA"":{""lat"":37.471285,""lon"":126.985745,""alt"":265.4},""endLLA"":{""lat"":37.471336,""lon"":126.993461,""alt"":305},""targetSpeed"":51.4,""seq"":5}","{""phase"":""F"",""startLLA"":{""lat"":37.471336,""lon"":126.993461,""alt"":305},""endLLA"":{""lat"":37.471593,""lon"":127.032031,""alt"":305},""targetSpeed"":51.4,""seq"":6}","{""phase"":""F"",""startLLA"":{""lat"":37.471593,""lon"":127.032031,""alt"":305},""endLLA"":{""lat"":37.497702,""lon"":127.073855,""alt"":305},""targetSpeed"":51.4,""seq"":7}","{""phase"":""F"",""startLLA"":{""lat"":37.497702,""lon"":127.073855,""alt"":305},""endLLA"":{""lat"":37.526451,""lon"":127.064361,""alt"":305},""targetSpeed"":51.4,""seq"":8}","{""phase"":""F"",""startLLA"":{""lat"":37.526451,""lon"":127.064361,""alt"":305},""endLLA"":{""lat"":37.525291,""lon"":127.078987,""alt"":305},""targetSpeed"":51.4,""seq"":9}","{""phase"":""G"",""startLLA"":{""lat"":37.525291,""lon"":127.078987,""alt"":305},""endLLA"":{""lat"":37.524288,""lon"":127.091639,""alt"":239.78},""targetSpeed"":36,""seq"":10}","{""phase"":""G"",""startLLA"":{""lat"":37.524288,""lon"":127.091639,""alt"":239.78},""endLLA"":{""lat"":37.539417,""lon"":127.111104,""alt"":100},""targetSpeed"":36,""seq"":11}","{""phase"":""I"",""startLLA"":{""lat"":37.539417,""lon"":127.111104,""alt"":100},""endLLA"":{""lat"":37.545733,""lon"":127.11923,""alt"":15},""targetSpeed"":30,""seq"":12}","{""phase"":""J"",""startLLA"":{""lat"":37.545733,""lon"":127.11923,""alt"":15},""endLLA"":{""lat"":37.545733,""lon"":127.11923,""alt"":0},""targetSpeed"":10,""seq"":13}","{""phase"":""K"",""startLLA"":{""lat"":37.545733,""lon"":127.11923,""alt"":0},""endLLA"":{""lat"":37.545733,""lon"":127.11923,""alt"":0},""targetSpeed"":3,""seq"":14}",,,,,,,
98f166edc22f,2026-07-11,FPL0702010,UAM0072,a8,8,8,1,봉천,봉천,잠실,잠실,17,G4,F1,G4,F3,17:00:00,17:14:19,17:20:01,17:26:51,17:36:51,859.56,342.08,410,1611.63,353.84,0,ready,봉천 > 채석장 > 경부고속도로 양재천 다리 > 대치교 > 잠실,14.8146,12,"{""phase"":""A"",""startLLA"":{""lat"":37.482832,""lon"":126.942245,""alt"":0},""endLLA"":{""lat"":37.482832,""lon"":126.942245,""alt"":0},""targetSpeed"":3,""seq"":1}","{""phase"":""B"",""startLLA"":{""lat"":37.482832,""lon"":126.942245,""alt"":0},""endLLA"":{""lat"":37.482832,""lon"":126.942245,""alt"":15},""targetSpeed"":10,""seq"":2}","{""phase"":""C"",""startLLA"":{""lat"":37.482832,""lon"":126.942245,""alt"":15},""endLLA"":{""lat"":37.479397,""lon"":126.955186,""alt"":100},""targetSpeed"":36,""seq"":3}","{""phase"":""E"",""startLLA"":{""lat"":37.479397,""lon"":126.955186,""alt"":100},""endLLA"":{""lat"":37.471285,""lon"":126.985745,""alt"":265.36},""targetSpeed"":51.4,""seq"":4}","{""phase"":""E"",""startLLA"":{""lat"":37.471285,""lon"":126.985745,""alt"":265.36},""endLLA"":{""lat"":37.471336,""lon"":126.99347,""alt"":305},""targetSpeed"":51.4,""seq"":5}","{""phase"":""F"",""startLLA"":{""lat"":37.471336,""lon"":126.99347,""alt"":305},""endLLA"":{""lat"":37.471593,""lon"":127.032031,""alt"":305},""targetSpeed"":51.4,""seq"":6}","{""phase"":""F"",""startLLA"":{""lat"":37.471593,""lon"":127.032031,""alt"":305},""endLLA"":{""lat"":37.483526,""lon"":127.051147,""alt"":305},""targetSpeed"":51.4,""seq"":7}","{""phase"":""G"",""startLLA"":{""lat"":37.483526,""lon"":127.051147,""alt"":305},""endLLA"":{""lat"":37.497702,""lon"":127.073855,""alt"":156.75},""targetSpeed"":36,""seq"":8}","{""phase"":""G"",""startLLA"":{""lat"":37.497702,""lon"":127.073855,""alt"":156.75},""endLLA"":{""lat"":37.506266,""lon"":127.071433,""alt"":100},""targetSpeed"":36,""seq"":9}","{""phase"":""I"",""startLLA"":{""lat"":37.506266,""lon"":127.071433,""alt"":100},""endLLA"":{""lat"":37.515071,""lon"":127.068942,""alt"":15},""targetSpeed"":30,""seq"":10}","{""phase"":""J"",""startLLA"":{""lat"":37.515071,""lon"":127.068942,""alt"":15},""endLLA"":{""lat"":37.515071,""lon"":127.068942,""alt"":0},""targetSpeed"":10,""seq"":11}","{""phase"":""K"",""startLLA"":{""lat"":37.515071,""lon"":127.068942,""alt"":0},""endLLA"":{""lat"":37.515071,""lon"":127.068942,""alt"":0},""targetSpeed"":3,""seq"":12}",,,,,,,,,
98f166edc22f,2026-07-11,FPL0709016,UAM0001,a2,2,2,1,봉천,봉천,성수,성수,17,G7,F2,G4,F3,17:00:19,17:14:59,17:21:54,17:28:44,17:38:44,880.56,415.34,410,1705.9,404.84,0,ready,봉천 > 채석장 > 경부고속도로 양재천 다리 > 대치교 > 청담대교 중간지점 > 성수,18.5804,13,"{""phase"":""A"",""startLLA"":{""lat"":37.482832,""lon"":126.942245,""alt"":0},""endLLA"":{""lat"":37.482832,""lon"":126.942245,""alt"":0},""targetSpeed"":3,""seq"":1}","{""phase"":""B"",""startLLA"":{""lat"":37.482832,""lon"":126.942245,""alt"":0},""endLLA"":{""lat"":37.482832,""lon"":126.942245,""alt"":15},""targetSpeed"":10,""seq"":2}","{""phase"":""C"",""startLLA"":{""lat"":37.482832,""lon"":126.942245,""alt"":15},""endLLA"":{""lat"":37.479397,""lon"":126.955184,""alt"":100},""targetSpeed"":36,""seq"":3}","{""phase"":""E"",""startLLA"":{""lat"":37.479397,""lon"":126.955184,""alt"":100},""endLLA"":{""lat"":37.471285,""lon"":126.985745,""alt"":265.38},""targetSpeed"":51.4,""seq"":4}","{""phase"":""E"",""startLLA"":{""lat"":37.471285,""lon"":126.985745,""alt"":265.38},""endLLA"":{""lat"":37.471336,""lon"":126.993464,""alt"":305},""targetSpeed"":51.4,""seq"":5}","{""phase"":""F"",""startLLA"":{""lat"":37.471336,""lon"":126.993464,""alt"":305},""endLLA"":{""lat"":37.471593,""lon"":127.032031,""alt"":305},""targetSpeed"":51.4,""seq"":6}","{""phase"":""F"",""startLLA"":{""lat"":37.471593,""lon"":127.032031,""alt"":305},""endLLA"":{""lat"":37.497702,""lon"":127.073855,""alt"":305},""targetSpeed"":51.4,""seq"":7}","{""phase"":""F"",""startLLA"":{""lat"":37.497702,""lon"":127.073855,""alt"":305},""endLLA"":{""lat"":37.508255,""lon"":127.07037,""alt"":305},""targetSpeed"":51.4,""seq"":8}","{""phase"":""G"",""startLLA"":{""lat"":37.508255,""lon"":127.07037,""alt"":305},""endLLA"":{""lat"":37.526451,""lon"":127.064361,""alt"":183.36},""targetSpeed"":36,""seq"":9}","{""phase"":""G"",""startLLA"":{""lat"":37.526451,""lon"":127.064361,""alt"":183.36},""endLLA"":{""lat"":37.533784,""lon"":127.050993,""alt"":100},""targetSpeed"":36,""seq"":10}","{""phase"":""I"",""startLLA"":{""lat"":37.533784,""lon"":127.050993,""alt"":100},""endLLA"":{""lat"":37.538917,""lon"":127.041635,""alt"":15},""targetSpeed"":30,""seq"":11}","{""phase"":""J"",""startLLA"":{""lat"":37.538917,""lon"":127.041635,""alt"":15},""endLLA"":{""lat"":37.538917,""lon"":127.041635,""alt"":0},""targetSpeed"":10,""seq"":12}","{""phase"":""K"",""startLLA"":{""lat"":37.538917,""lon"":127.041635,""alt"":0},""endLLA"":{""lat"":37.538917,""lon"":127.041635,""alt"":0},""targetSpeed"":3,""seq"":13}",,,,,,,,
98f166edc22f,2026-07-11,FPL0715016,UAM0124,a4,4,4,1,봉천,봉천,마곡,마곡,17,G2,F1,G6,F4,17:03:22,17:19:45,17:26:59,17:34:49,17:44:49,983.27,433.88,470,1887.15,537.56,24.51,ready,봉천 > 영등포 > 목동교 > 염창교 > 가양대교 남단 > 마곡,18.2733,13,"{""phase"":""A"",""startLLA"":{""lat"":37.482832,""lon"":126.942245,""alt"":0},""endLLA"":{""lat"":37.482832,""lon"":126.942245,""alt"":0},""targetSpeed"":3,""seq"":1}","{""phase"":""B"",""startLLA"":{""lat"":37.482832,""lon"":126.942245,""alt"":0},""endLLA"":{""lat"":37.482832,""lon"":126.942245,""alt"":15},""targetSpeed"":10,""seq"":2}","{""phase"":""C"",""startLLA"":{""lat"":37.482832,""lon"":126.942245,""alt"":15},""endLLA"":{""lat"":37.491176,""lon"":126.933559,""alt"":100},""targetSpeed"":36,""seq"":3}","{""phase"":""E"",""startLLA"":{""lat"":37.491176,""lon"":126.933559,""alt"":100},""endLLA"":{""lat"":37.515605,""lon"":126.908131,""alt"":305},""targetSpeed"":51.4,""seq"":4}","{""phase"":""F"",""startLLA"":{""lat"":37.515605,""lon"":126.908131,""alt"":305},""endLLA"":{""lat"":37.515965,""lon"":126.907756,""alt"":305},""targetSpeed"":51.4,""seq"":5}","{""phase"":""F"",""startLLA"":{""lat"":37.515965,""lon"":126.907756,""alt"":305},""endLLA"":{""lat"":37.530667,""lon"":126.888262,""alt"":305},""targetSpeed"":51.4,""seq"":6}","{""phase"":""F"",""startLLA"":{""lat"":37.530667,""lon"":126.888262,""alt"":305},""endLLA"":{""lat"":37.553824,""lon"":126.875819,""alt"":305},""targetSpeed"":51.4,""seq"":7}","{""phase"":""F"",""startLLA"":{""lat"":37.553824,""lon"":126.875819,""alt"":305},""endLLA"":{""lat"":37.569391,""lon"":126.861026,""alt"":305},""targetSpeed"":51.4,""seq"":8}","{""phase"":""F"",""startLLA"":{""lat"":37.569391,""lon"":126.861026,""alt"":305},""endLLA"":{""lat"":37.567854,""lon"":126.842862,""alt"":305},""targetSpeed"":51.4,""seq"":9}","{""phase"":""G"",""startLLA"":{""lat"":37.567854,""lon"":126.842862,""alt"":305},""endLLA"":{""lat"":37.564492,""lon"":126.803118,""alt"":100},""targetSpeed"":36,""seq"":10}","{""phase"":""I"",""startLLA"":{""lat"":37.564492,""lon"":126.803118,""alt"":100},""endLLA"":{""lat"":37.563535,""lon"":126.791805,""alt"":15},""targetSpeed"":30,""seq"":11}","{""phase"":""J"",""startLLA"":{""lat"":37.563535,""lon"":126.791805,""alt"":15},""endLLA"":{""lat"":37.563535,""lon"":126.791805,""alt"":0},""targetSpeed"":10,""seq"":12}","{""phase"":""K"",""startLLA"":{""lat"":37.563535,""lon"":126.791805,""alt"":0},""endLLA"":{""lat"":37.563535,""lon"":126.791805,""alt"":0},""targetSpeed"":3,""seq"":13}",,,,,,,,
98f166edc22f,2026-07-11,FPL0711013,UAM0130,a2,2,2,1,봉천,봉천,천호,천호,17,G6,F2,G1,F4,17:05:15,17:20:25,17:28:26,17:36:58,17:46:58,910.27,481.31,512.22,1903.81,464.56,12.22,ready,봉천 > 채석장 > 경부고속도로 양재천 다리 > 대치교 > 청담대교 중간지점 > 잠실대교 중간지점 > 천호,21.9712,14,"{""phase"":""A"",""startLLA"":{""lat"":37.482832,""lon"":126.942245,""alt"":0},""endLLA"":{""lat"":37.482832,""lon"":126.942245,""alt"":0},""targetSpeed"":3,""seq"":1}","{""phase"":""B"",""startLLA"":{""lat"":37.482832,""lon"":126.942245,""alt"":0},""endLLA"":{""lat"":37.482832,""lon"":126.942245,""alt"":15},""targetSpeed"":10,""seq"":2}","{""phase"":""C"",""startLLA"":{""lat"":37.482832,""lon"":126.942245,""alt"":15},""endLLA"":{""lat"":37.479397,""lon"":126.955184,""alt"":100},""targetSpeed"":36,""seq"":3}","{""phase"":""E"",""startLLA"":{""lat"":37.479397,""lon"":126.955184,""alt"":100},""endLLA"":{""lat"":37.471285,""lon"":126.985745,""alt"":265.4},""targetSpeed"":51.4,""seq"":4}","{""phase"":""E"",""startLLA"":{""lat"":37.471285,""lon"":126.985745,""alt"":265.4},""endLLA"":{""lat"":37.471336,""lon"":126.993461,""alt"":305},""targetSpeed"":51.4,""seq"":5}","{""phase"":""F"",""startLLA"":{""lat"":37.471336,""lon"":126.993461,""alt"":305},""endLLA"":{""lat"":37.471593,""lon"":127.032031,""alt"":305},""targetSpeed"":51.4,""seq"":6}","{""phase"":""F"",""startLLA"":{""lat"":37.471593,""lon"":127.032031,""alt"":305},""endLLA"":{""lat"":37.497702,""lon"":127.073855,""alt"":305},""targetSpeed"":51.4,""seq"":7}","{""phase"":""F"",""startLLA"":{""lat"":37.497702,""lon"":127.073855,""alt"":305},""endLLA"":{""lat"":37.526451,""lon"":127.064361,""alt"":305},""targetSpeed"":51.4,""seq"":8}","{""phase"":""F"",""startLLA"":{""lat"":37.526451,""lon"":127.064361,""alt"":305},""endLLA"":{""lat"":37.525291,""lon"":127.078987,""alt"":305},""targetSpeed"":51.4,""seq"":9}","{""phase"":""G"",""startLLA"":{""lat"":37.525291,""lon"":127.078987,""alt"":305},""endLLA"":{""lat"":37.524288,""lon"":127.091639,""alt"":239.78},""targetSpeed"":36,""seq"":10}","{""phase"":""G"",""startLLA"":{""lat"":37.524288,""lon"":127.091639,""alt"":239.78},""endLLA"":{""lat"":37.539417,""lon"":127.111104,""alt"":100},""targetSpeed"":36,""seq"":11}","{""phase"":""I"",""startLLA"":{""lat"":37.539417,""lon"":127.111104,""alt"":100},""endLLA"":{""lat"":37.545733,""lon"":127.11923,""alt"":15},""targetSpeed"":30,""seq"":12}","{""phase"":""J"",""startLLA"":{""lat"":37.545733,""lon"":127.11923,""alt"":15},""endLLA"":{""lat"":37.545733,""lon"":127.11923,""alt"":0},""targetSpeed"":10,""seq"":13}","{""phase"":""K"",""startLLA"":{""lat"":37.545733,""lon"":127.11923,""alt"":0},""endLLA"":{""lat"":37.545733,""lon"":127.11923,""alt"":0},""targetSpeed"":3,""seq"":14}",,,,,,,
98f166edc22f,2026-07-11,FPL0716013,UAM0089,a2,2,2,1,봉천,봉천,망우,망우,17,G1,F1,G8,F4,17:13:09,17:25:10,17:33:55,17:40:56,17:50:56,721.99,524.55,420.57,1667.11,306.27,10.57,ready,봉천 > 채석장 > 경부고속도로 양재천 다리 > 대치교 > 청담대교 중간지점 > 건대입구 > 망우,24.1938,14,"{""phase"":""A"",""startLLA"":{""lat"":37.482832,""lon"":126.942245,""alt"":0},""endLLA"":{""lat"":37.482832,""lon"":126.942245,""alt"":0},""targetSpeed"":3,""seq"":1}","{""phase"":""B"",""startLLA"":{""lat"":37.482832,""lon"":126.942245,""alt"":0},""endLLA"":{""lat"":37.482832,""lon"":126.942245,""alt"":15},""targetSpeed"":10,""seq"":2}","{""phase"":""C"",""startLLA"":{""lat"":37.482832,""lon"":126.942245,""alt"":15},""endLLA"":{""lat"":37.479398,""lon"":126.955183,""alt"":100},""targetSpeed"":36,""seq"":3}","{""phase"":""E"",""startLLA"":{""lat"":37.479398,""lon"":126.955183,""alt"":100},""endLLA"":{""lat"":37.471285,""lon"":126.985745,""alt"":265.41},""targetSpeed"":51.4,""seq"":4}","{""phase"":""E"",""startLLA"":{""lat"":37.471285,""lon"":126.985745,""alt"":265.41},""endLLA"":{""lat"":37.471336,""lon"":126.993456,""alt"":305},""targetSpeed"":51.4,""seq"":5}","{""phase"":""F"",""startLLA"":{""lat"":37.471336,""lon"":126.993456,""alt"":305},""endLLA"":{""lat"":37.471593,""lon"":127.032031,""alt"":305},""targetSpeed"":51.4,""seq"":6}","{""phase"":""F"",""startLLA"":{""lat"":37.471593,""lon"":127.032031,""alt"":305},""endLLA"":{""lat"":37.497702,""lon"":127.073855,""alt"":305},""targetSpeed"":51.4,""seq"":7}","{""phase"":""F"",""startLLA"":{""lat"":37.497702,""lon"":127.073855,""alt"":305},""endLLA"":{""lat"":37.526451,""lon"":127.064361,""alt"":305},""targetSpeed"":51.4,""seq"":8}","{""phase"":""F"",""startLLA"":{""lat"":37.526451,""lon"":127.064361,""alt"":305},""endLLA"":{""lat"":37.540426,""lon"":127.069298,""alt"":305},""targetSpeed"":51.4,""seq"":9}","{""phase"":""F"",""startLLA"":{""lat"":37.540426,""lon"":127.069298,""alt"":305},""endLLA"":{""lat"":37.557138,""lon"":127.0739,""alt"":305},""targetSpeed"":51.4,""seq"":10}","{""phase"":""G"",""startLLA"":{""lat"":37.557138,""lon"":127.0739,""alt"":305},""endLLA"":{""lat"":37.588105,""lon"":127.082427,""alt"":100},""targetSpeed"":36,""seq"":11}","{""phase"":""I"",""startLLA"":{""lat"":37.588105,""lon"":127.082427,""alt"":100},""endLLA"":{""lat"":37.596919,""lon"":127.084854,""alt"":15},""targetSpeed"":30,""seq"":12}","{""phase"":""J"",""startLLA"":{""lat"":37.596919,""lon"":127.084854,""alt"":15},""endLLA"":{""lat"":37.596919,""lon"":127.084854,""alt"":0},""targetSpeed"":10,""seq"":13}","{""phase"":""K"",""startLLA"":{""lat"":37.596919,""lon"":127.084854,""alt"":0},""endLLA"":{""lat"":37.596919,""lon"":127.084854,""alt"":0},""targetSpeed"":3,""seq"":14}",,,,,,,
98f166edc22f,2026-07-11,FPL0709017,UAM0024,a8,8,8,1,봉천,봉천,성수,성수,17,G5,F2,G5,F3,17:17:26,17:25:50,17:35:12,17:43:32,17:53:32,504.99,561.06,500,1566.04,89.27,145.71,ready,봉천 > 채석장 > 경부고속도로 양재천 다리 > 대치교 > 청담대교 중간지점 > 성수,18.5804,13,"{""phase"":""A"",""startLLA"":{""lat"":37.482832,""lon"":126.942245,""alt"":0},""endLLA"":{""lat"":37.482832,""lon"":126.942245,""alt"":0},""targetSpeed"":3,""seq"":1}","{""phase"":""B"",""startLLA"":{""lat"":37.482832,""lon"":126.942245,""alt"":0},""endLLA"":{""lat"":37.482832,""lon"":126.942245,""alt"":15},""targetSpeed"":10,""seq"":2}","{""phase"":""C"",""startLLA"":{""lat"":37.482832,""lon"":126.942245,""alt"":15},""endLLA"":{""lat"":37.479397,""lon"":126.955184,""alt"":100},""targetSpeed"":36,""seq"":3}","{""phase"":""E"",""startLLA"":{""lat"":37.479397,""lon"":126.955184,""alt"":100},""endLLA"":{""lat"":37.471285,""lon"":126.985745,""alt"":265.38},""targetSpeed"":51.4,""seq"":4}","{""phase"":""E"",""startLLA"":{""lat"":37.471285,""lon"":126.985745,""alt"":265.38},""endLLA"":{""lat"":37.471336,""lon"":126.993464,""alt"":305},""targetSpeed"":51.4,""seq"":5}","{""phase"":""F"",""startLLA"":{""lat"":37.471336,""lon"":126.993464,""alt"":305},""endLLA"":{""lat"":37.471593,""lon"":127.032031,""alt"":305},""targetSpeed"":51.4,""seq"":6}","{""phase"":""F"",""startLLA"":{""lat"":37.471593,""lon"":127.032031,""alt"":305},""endLLA"":{""lat"":37.497702,""lon"":127.073855,""alt"":305},""targetSpeed"":51.4,""seq"":7}","{""phase"":""F"",""startLLA"":{""lat"":37.497702,""lon"":127.073855,""alt"":305},""endLLA"":{""lat"":37.508255,""lon"":127.07037,""alt"":305},""targetSpeed"":51.4,""seq"":8}","{""phase"":""G"",""startLLA"":{""lat"":37.508255,""lon"":127.07037,""alt"":305},""endLLA"":{""lat"":37.526451,""lon"":127.064361,""alt"":183.36},""targetSpeed"":36,""seq"":9}","{""phase"":""G"",""startLLA"":{""lat"":37.526451,""lon"":127.064361,""alt"":183.36},""endLLA"":{""lat"":37.533784,""lon"":127.050993,""alt"":100},""targetSpeed"":36,""seq"":10}","{""phase"":""I"",""startLLA"":{""lat"":37.533784,""lon"":127.050993,""alt"":100},""endLLA"":{""lat"":37.538917,""lon"":127.041635,""alt"":15},""targetSpeed"":30,""seq"":11}","{""phase"":""J"",""startLLA"":{""lat"":37.538917,""lon"":127.041635,""alt"":15},""endLLA"":{""lat"":37.538917,""lon"":127.041635,""alt"":0},""targetSpeed"":10,""seq"":12}","{""phase"":""K"",""startLLA"":{""lat"":37.538917,""lon"":127.041635,""alt"":0},""endLLA"":{""lat"":37.538917,""lon"":127.041635,""alt"":0},""targetSpeed"":3,""seq"":13}",,,,,,,,
98f166edc22f,2026-07-11,FPL0702011,UAM0019,a4,4,4,1,봉천,봉천,잠실,잠실,17,G4,F1,G7,F3,17:19:37,17:30:36,17:36:18,17:43:38,17:53:38,659.7,342.08,440,1441.78,153.99,0,ready,봉천 > 채석장 > 경부고속도로 양재천 다리 > 대치교 > 잠실,14.8146,12,"{""phase"":""A"",""startLLA"":{""lat"":37.482832,""lon"":126.942245,""alt"":0},""endLLA"":{""lat"":37.482832,""lon"":126.942245,""alt"":0},""targetSpeed"":3,""seq"":1}","{""phase"":""B"",""startLLA"":{""lat"":37.482832,""lon"":126.942245,""alt"":0},""endLLA"":{""lat"":37.482832,""lon"":126.942245,""alt"":15},""targetSpeed"":10,""seq"":2}","{""phase"":""C"",""startLLA"":{""lat"":37.482832,""lon"":126.942245,""alt"":15},""endLLA"":{""lat"":37.479397,""lon"":126.955186,""alt"":100},""targetSpeed"":36,""seq"":3}","{""phase"":""E"",""startLLA"":{""lat"":37.479397,""lon"":126.955186,""alt"":100},""endLLA"":{""lat"":37.471285,""lon"":126.985745,""alt"":265.36},""targetSpeed"":51.4,""seq"":4}","{""phase"":""E"",""startLLA"":{""lat"":37.471285,""lon"":126.985745,""alt"":265.36},""endLLA"":{""lat"":37.471336,""lon"":126.99347,""alt"":305},""targetSpeed"":51.4,""seq"":5}","{""phase"":""F"",""startLLA"":{""lat"":37.471336,""lon"":126.99347,""alt"":305},""endLLA"":{""lat"":37.471593,""lon"":127.032031,""alt"":305},""targetSpeed"":51.4,""seq"":6}","{""phase"":""F"",""startLLA"":{""lat"":37.471593,""lon"":127.032031,""alt"":305},""endLLA"":{""lat"":37.483526,""lon"":127.051147,""alt"":305},""targetSpeed"":51.4,""seq"":7}","{""phase"":""G"",""startLLA"":{""lat"":37.483526,""lon"":127.051147,""alt"":305},""endLLA"":{""lat"":37.497702,""lon"":127.073855,""alt"":156.75},""targetSpeed"":36,""seq"":8}","{""phase"":""G"",""startLLA"":{""lat"":37.497702,""lon"":127.073855,""alt"":156.75},""endLLA"":{""lat"":37.506266,""lon"":127.071433,""alt"":100},""targetSpeed"":36,""seq"":9}","{""phase"":""I"",""startLLA"":{""lat"":37.506266,""lon"":127.071433,""alt"":100},""endLLA"":{""lat"":37.515071,""lon"":127.068942,""alt"":15},""targetSpeed"":30,""seq"":10}","{""phase"":""J"",""startLLA"":{""lat"":37.515071,""lon"":127.068942,""alt"":15},""endLLA"":{""lat"":37.515071,""lon"":127.068942,""alt"":0},""targetSpeed"":10,""seq"":11}","{""phase"":""K"",""startLLA"":{""lat"":37.515071,""lon"":127.068942,""alt"":0},""endLLA"":{""lat"":37.515071,""lon"":127.068942,""alt"":0},""targetSpeed"":3,""seq"":12}",,,,,,,,,
98f166edc22f,2026-07-11,FPL0710010,UAM0054,a6,6,5,0.8333,봉천,봉천,연신내,연신내,17,G8,F2,G3,F3,17:20:21,17:31:16,17:37:46,17:45:06,17:55:06,655.7,389.99,440,1485.69,149.99,0,ready,봉천 > 영등포 > 선유도 17고지 > 성산대교 중간지점 > 수색교 > 연신내,17.2775,13,"{""phase"":""A"",""startLLA"":{""lat"":37.482832,""lon"":126.942245,""alt"":0},""endLLA"":{""lat"":37.482832,""lon"":126.942245,""alt"":0},""targetSpeed"":3,""seq"":1}","{""phase"":""B"",""startLLA"":{""lat"":37.482832,""lon"":126.942245,""alt"":0},""endLLA"":{""lat"":37.482832,""lon"":126.942245,""alt"":15},""targetSpeed"":10,""seq"":2}","{""phase"":""C"",""startLLA"":{""lat"":37.482832,""lon"":126.942245,""alt"":15},""endLLA"":{""lat"":37.491176,""lon"":126.933559,""alt"":100},""targetSpeed"":36,""seq"":3}","{""phase"":""E"",""startLLA"":{""lat"":37.491176,""lon"":126.933559,""alt"":100},""endLLA"":{""lat"":37.515605,""lon"":126.908131,""alt"":305},""targetSpeed"":51.4,""seq"":4}","{""phase"":""F"",""startLLA"":{""lat"":37.515605,""lon"":126.908131,""alt"":305},""endLLA"":{""lat"":37.515965,""lon"":126.907756,""alt"":305},""targetSpeed"":51.4,""seq"":5}","{""phase"":""F"",""startLLA"":{""lat"":37.515965,""lon"":126.907756,""alt"":305},""endLLA"":{""lat"":37.542307,""lon"":126.90249,""alt"":305},""targetSpeed"":51.4,""seq"":6}","{""phase"":""F"",""startLLA"":{""lat"":37.542307,""lon"":126.90249,""alt"":305},""endLLA"":{""lat"":37.552574,""lon"":126.891431,""alt"":305},""targetSpeed"":51.4,""seq"":7}","{""phase"":""F"",""startLLA"":{""lat"":37.552574,""lon"":126.891431,""alt"":305},""endLLA"":{""lat"":37.583705,""lon"":126.886696,""alt"":305},""targetSpeed"":51.4,""seq"":8}","{""phase"":""G"",""startLLA"":{""lat"":37.583705,""lon"":126.886696,""alt"":305},""endLLA"":{""lat"":37.586283,""lon"":126.886304,""alt"":288.2},""targetSpeed"":36,""seq"":9}","{""phase"":""G"",""startLLA"":{""lat"":37.586283,""lon"":126.886304,""alt"":288.2},""endLLA"":{""lat"":37.605261,""lon"":126.914122,""alt"":100},""targetSpeed"":36,""seq"":10}","{""phase"":""I"",""startLLA"":{""lat"":37.605261,""lon"":126.914122,""alt"":100},""endLLA"":{""lat"":37.611145,""lon"":126.922747,""alt"":15},""targetSpeed"":30,""seq"":11}","{""phase"":""J"",""startLLA"":{""lat"":37.611145,""lon"":126.922747,""alt"":15},""endLLA"":{""lat"":37.611145,""lon"":126.922747,""alt"":0},""targetSpeed"":10,""seq"":12}","{""phase"":""K"",""startLLA"":{""lat"":37.611145,""lon"":126.922747,""alt"":0},""endLLA"":{""lat"":37.611145,""lon"":126.922747,""alt"":0},""targetSpeed"":3,""seq"":13}",,,,,,,,
98f166edc22f,2026-07-11,FPL0715017,UAM0069,a6,6,3,0.5,봉천,봉천,마곡,마곡,17,G3,F1,G6,F4,17:31:13,17:39:08,17:50:22,17:58:12,18:08:12,475.71,673.66,470,1619.38,0,264.3,ready,봉천 > 영등포 > 목동교 > 염창교 > 가양대교 남단 > 마곡,18.2733,13,"{""phase"":""A"",""startLLA"":{""lat"":37.482832,""lon"":126.942245,""alt"":0},""endLLA"":{""lat"":37.482832,""lon"":126.942245,""alt"":0},""targetSpeed"":3,""seq"":1}","{""phase"":""B"",""startLLA"":{""lat"":37.482832,""lon"":126.942245,""alt"":0},""endLLA"":{""lat"":37.482832,""lon"":126.942245,""alt"":15},""targetSpeed"":10,""seq"":2}","{""phase"":""C"",""startLLA"":{""lat"":37.482832,""lon"":126.942245,""alt"":15},""endLLA"":{""lat"":37.491176,""lon"":126.933559,""alt"":100},""targetSpeed"":36,""seq"":3}","{""phase"":""E"",""startLLA"":{""lat"":37.491176,""lon"":126.933559,""alt"":100},""endLLA"":{""lat"":37.515605,""lon"":126.908131,""alt"":305},""targetSpeed"":51.4,""seq"":4}","{""phase"":""F"",""startLLA"":{""lat"":37.515605,""lon"":126.908131,""alt"":305},""endLLA"":{""lat"":37.515965,""lon"":126.907756,""alt"":305},""targetSpeed"":51.4,""seq"":5}","{""phase"":""F"",""startLLA"":{""lat"":37.515965,""lon"":126.907756,""alt"":305},""endLLA"":{""lat"":37.530667,""lon"":126.888262,""alt"":305},""targetSpeed"":51.4,""seq"":6}","{""phase"":""F"",""startLLA"":{""lat"":37.530667,""lon"":126.888262,""alt"":305},""endLLA"":{""lat"":37.553824,""lon"":126.875819,""alt"":305},""targetSpeed"":51.4,""seq"":7}","{""phase"":""F"",""startLLA"":{""lat"":37.553824,""lon"":126.875819,""alt"":305},""endLLA"":{""lat"":37.569391,""lon"":126.861026,""alt"":305},""targetSpeed"":51.4,""seq"":8}","{""phase"":""F"",""startLLA"":{""lat"":37.569391,""lon"":126.861026,""alt"":305},""endLLA"":{""lat"":37.567854,""lon"":126.842862,""alt"":305},""targetSpeed"":51.4,""seq"":9}","{""phase"":""G"",""startLLA"":{""lat"":37.567854,""lon"":126.842862,""alt"":305},""endLLA"":{""lat"":37.564492,""lon"":126.803118,""alt"":100},""targetSpeed"":36,""seq"":10}","{""phase"":""I"",""startLLA"":{""lat"":37.564492,""lon"":126.803118,""alt"":100},""endLLA"":{""lat"":37.563535,""lon"":126.791805,""alt"":15},""targetSpeed"":30,""seq"":11}","{""phase"":""J"",""startLLA"":{""lat"":37.563535,""lon"":126.791805,""alt"":15},""endLLA"":{""lat"":37.563535,""lon"":126.791805,""alt"":0},""targetSpeed"":10,""seq"":12}","{""phase"":""K"",""startLLA"":{""lat"":37.563535,""lon"":126.791805,""alt"":0},""endLLA"":{""lat"":37.563535,""lon"":126.791805,""alt"":0},""targetSpeed"":3,""seq"":13}",,,,,,,,
98f166edc22f,2026-07-11,FPL0716014,UAM0093,a6,6,3,0.5,봉천,봉천,망우,망우,17,G7,F2,G1,F4,17:34:08,17:42:03,17:52:08,18:00:38,18:10:38,475.71,604.88,509.64,1590.23,0,89.96,ready,봉천 > 채석장 > 경부고속도로 양재천 다리 > 대치교 > 청담대교 중간지점 > 건대입구 > 망우,24.1938,14,"{""phase"":""A"",""startLLA"":{""lat"":37.482832,""lon"":126.942245,""alt"":0},""endLLA"":{""lat"":37.482832,""lon"":126.942245,""alt"":0},""targetSpeed"":3,""seq"":1}","{""phase"":""B"",""startLLA"":{""lat"":37.482832,""lon"":126.942245,""alt"":0},""endLLA"":{""lat"":37.482832,""lon"":126.942245,""alt"":15},""targetSpeed"":10,""seq"":2}","{""phase"":""C"",""startLLA"":{""lat"":37.482832,""lon"":126.942245,""alt"":15},""endLLA"":{""lat"":37.479398,""lon"":126.955183,""alt"":100},""targetSpeed"":36,""seq"":3}","{""phase"":""E"",""startLLA"":{""lat"":37.479398,""lon"":126.955183,""alt"":100},""endLLA"":{""lat"":37.471285,""lon"":126.985745,""alt"":265.41},""targetSpeed"":51.4,""seq"":4}","{""phase"":""E"",""startLLA"":{""lat"":37.471285,""lon"":126.985745,""alt"":265.41},""endLLA"":{""lat"":37.471336,""lon"":126.993456,""alt"":305},""targetSpeed"":51.4,""seq"":5}","{""phase"":""F"",""startLLA"":{""lat"":37.471336,""lon"":126.993456,""alt"":305},""endLLA"":{""lat"":37.471593,""lon"":127.032031,""alt"":305},""targetSpeed"":51.4,""seq"":6}","{""phase"":""F"",""startLLA"":{""lat"":37.471593,""lon"":127.032031,""alt"":305},""endLLA"":{""lat"":37.497702,""lon"":127.073855,""alt"":305},""targetSpeed"":51.4,""seq"":7}","{""phase"":""F"",""startLLA"":{""lat"":37.497702,""lon"":127.073855,""alt"":305},""endLLA"":{""lat"":37.526451,""lon"":127.064361,""alt"":305},""targetSpeed"":51.4,""seq"":8}","{""phase"":""F"",""startLLA"":{""lat"":37.526451,""lon"":127.064361,""alt"":305},""endLLA"":{""lat"":37.540426,""lon"":127.069298,""alt"":305},""targetSpeed"":51.4,""seq"":9}","{""phase"":""F"",""startLLA"":{""lat"":37.540426,""lon"":127.069298,""alt"":305},""endLLA"":{""lat"":37.557138,""lon"":127.0739,""alt"":305},""targetSpeed"":51.4,""seq"":10}","{""phase"":""G"",""startLLA"":{""lat"":37.557138,""lon"":127.0739,""alt"":305},""endLLA"":{""lat"":37.588105,""lon"":127.082427,""alt"":100},""targetSpeed"":36,""seq"":11}","{""phase"":""I"",""startLLA"":{""lat"":37.588105,""lon"":127.082427,""alt"":100},""endLLA"":{""lat"":37.596919,""lon"":127.084854,""alt"":15},""targetSpeed"":30,""seq"":12}","{""phase"":""J"",""startLLA"":{""lat"":37.596919,""lon"":127.084854,""alt"":15},""endLLA"":{""lat"":37.596919,""lon"":127.084854,""alt"":0},""targetSpeed"":10,""seq"":13}","{""phase"":""K"",""startLLA"":{""lat"":37.596919,""lon"":127.084854,""alt"":0},""endLLA"":{""lat"":37.596919,""lon"":127.084854,""alt"":0},""targetSpeed"":3,""seq"":14}",,,,,,,
98f166edc22f,2026-07-11,FPL0709018,UAM0129,a2,2,2,1,봉천,봉천,성수,성수,17,G2,F1,G7,F3,17:36:09,17:44:34,17:54:34,18:01:54,18:11:54,505.43,600.07,440,1545.49,59.71,184.73,ready,봉천 > 채석장 > 경부고속도로 양재천 다리 > 대치교 > 청담대교 중간지점 > 성수,18.5804,13,"{""phase"":""A"",""startLLA"":{""lat"":37.482832,""lon"":126.942245,""alt"":0},""endLLA"":{""lat"":37.482832,""lon"":126.942245,""alt"":0},""targetSpeed"":3,""seq"":1}","{""phase"":""B"",""startLLA"":{""lat"":37.482832,""lon"":126.942245,""alt"":0},""endLLA"":{""lat"":37.482832,""lon"":126.942245,""alt"":15},""targetSpeed"":10,""seq"":2}","{""phase"":""C"",""startLLA"":{""lat"":37.482832,""lon"":126.942245,""alt"":15},""endLLA"":{""lat"":37.479397,""lon"":126.955184,""alt"":100},""targetSpeed"":36,""seq"":3}","{""phase"":""E"",""startLLA"":{""lat"":37.479397,""lon"":126.955184,""alt"":100},""endLLA"":{""lat"":37.471285,""lon"":126.985745,""alt"":265.38},""targetSpeed"":51.4,""seq"":4}","{""phase"":""E"",""startLLA"":{""lat"":37.471285,""lon"":126.985745,""alt"":265.38},""endLLA"":{""lat"":37.471336,""lon"":126.993464,""alt"":305},""targetSpeed"":51.4,""seq"":5}","{""phase"":""F"",""startLLA"":{""lat"":37.471336,""lon"":126.993464,""alt"":305},""endLLA"":{""lat"":37.471593,""lon"":127.032031,""alt"":305},""targetSpeed"":51.4,""seq"":6}","{""phase"":""F"",""startLLA"":{""lat"":37.471593,""lon"":127.032031,""alt"":305},""endLLA"":{""lat"":37.497702,""lon"":127.073855,""alt"":305},""targetSpeed"":51.4,""seq"":7}","{""phase"":""F"",""startLLA"":{""lat"":37.497702,""lon"":127.073855,""alt"":305},""endLLA"":{""lat"":37.508255,""lon"":127.07037,""alt"":305},""targetSpeed"":51.4,""seq"":8}","{""phase"":""G"",""startLLA"":{""lat"":37.508255,""lon"":127.07037,""alt"":305},""endLLA"":{""lat"":37.526451,""lon"":127.064361,""alt"":183.36},""targetSpeed"":36,""seq"":9}","{""phase"":""G"",""startLLA"":{""lat"":37.526451,""lon"":127.064361,""alt"":183.36},""endLLA"":{""lat"":37.533784,""lon"":127.050993,""alt"":100},""targetSpeed"":36,""seq"":10}","{""phase"":""I"",""startLLA"":{""lat"":37.533784,""lon"":127.050993,""alt"":100},""endLLA"":{""lat"":37.538917,""lon"":127.041635,""alt"":15},""targetSpeed"":30,""seq"":11}","{""phase"":""J"",""startLLA"":{""lat"":37.538917,""lon"":127.041635,""alt"":15},""endLLA"":{""lat"":37.538917,""lon"":127.041635,""alt"":0},""targetSpeed"":10,""seq"":12}","{""phase"":""K"",""startLLA"":{""lat"":37.538917,""lon"":127.041635,""alt"":0},""endLLA"":{""lat"":37.538917,""lon"":127.041635,""alt"":0},""targetSpeed"":3,""seq"":13}",,,,,,,,
98f166edc22f,2026-07-11,FPL0717012,UAM0098,a2,2,2,1,봉천,봉천,수서,수서,17,G4,F2,G8,F4,17:39:12,17:47:37,17:53:12,18:00:02,18:10:02,505.71,334.77,410,1250.48,0,0,ready,봉천 > 채석장 > 경부고속도로 양재천 다리 > 수서,14.439,11,"{""phase"":""A"",""startLLA"":{""lat"":37.482832,""lon"":126.942245,""alt"":0},""endLLA"":{""lat"":37.482832,""lon"":126.942245,""alt"":0},""targetSpeed"":3,""seq"":1}","{""phase"":""B"",""startLLA"":{""lat"":37.482832,""lon"":126.942245,""alt"":0},""endLLA"":{""lat"":37.482832,""lon"":126.942245,""alt"":15},""targetSpeed"":10,""seq"":2}","{""phase"":""C"",""startLLA"":{""lat"":37.482832,""lon"":126.942245,""alt"":15},""endLLA"":{""lat"":37.479396,""lon"":126.955188,""alt"":100},""targetSpeed"":36,""seq"":3}","{""phase"":""E"",""startLLA"":{""lat"":37.479396,""lon"":126.955188,""alt"":100},""endLLA"":{""lat"":37.471285,""lon"":126.985745,""alt"":265.31},""targetSpeed"":51.4,""seq"":4}","{""phase"":""E"",""startLLA"":{""lat"":37.471285,""lon"":126.985745,""alt"":265.31},""endLLA"":{""lat"":37.471336,""lon"":126.99348,""alt"":305},""targetSpeed"":51.4,""seq"":5}","{""phase"":""F"",""startLLA"":{""lat"":37.471336,""lon"":126.99348,""alt"":305},""endLLA"":{""lat"":37.471593,""lon"":127.032031,""alt"":305},""targetSpeed"":51.4,""seq"":6}","{""phase"":""F"",""startLLA"":{""lat"":37.471593,""lon"":127.032031,""alt"":305},""endLLA"":{""lat"":37.476051,""lon"":127.051318,""alt"":305},""targetSpeed"":51.4,""seq"":7}","{""phase"":""G"",""startLLA"":{""lat"":37.476051,""lon"":127.051318,""alt"":305},""endLLA"":{""lat"":37.484917,""lon"":127.089683,""alt"":100},""targetSpeed"":36,""seq"":8}","{""phase"":""I"",""startLLA"":{""lat"":37.484917,""lon"":127.089683,""alt"":100},""endLLA"":{""lat"":37.487441,""lon"":127.100603,""alt"":15},""targetSpeed"":30,""seq"":9}","{""phase"":""J"",""startLLA"":{""lat"":37.487441,""lon"":127.100603,""alt"":15},""endLLA"":{""lat"":37.487441,""lon"":127.100603,""alt"":0},""targetSpeed"":10,""seq"":10}","{""phase"":""K"",""startLLA"":{""lat"":37.487441,""lon"":127.100603,""alt"":0},""endLLA"":{""lat"":37.487441,""lon"":127.100603,""alt"":0},""targetSpeed"":3,""seq"":11}",,,,,,,,,,
98f166edc22f,2026-07-11,FPL0706012,UAM0050,a2,2,2,1,봉천,봉천,미아,미아,17,G8,F1,G7,F4,17:44:36,17:53:01,18:03:58,18:11:55,18:21:55,505.71,656.41,477.81,1639.93,0,37.81,ready,봉천 > 채석장 > 경부고속도로 양재천 다리 > 대치교 > 청담대교 중간지점 > 건대입구 > 중랑천 제방길 > 상봉 > 월릉교 > 미아,30.9711,17,"{""phase"":""A"",""startLLA"":{""lat"":37.482832,""lon"":126.942245,""alt"":0},""endLLA"":{""lat"":37.482832,""lon"":126.942245,""alt"":0},""targetSpeed"":3,""seq"":1}","{""phase"":""B"",""startLLA"":{""lat"":37.482832,""lon"":126.942245,""alt"":0},""endLLA"":{""lat"":37.482832,""lon"":126.942245,""alt"":15},""targetSpeed"":10,""seq"":2}","{""phase"":""C"",""startLLA"":{""lat"":37.482832,""lon"":126.942245,""alt"":15},""endLLA"":{""lat"":37.479399,""lon"":126.95518,""alt"":100},""targetSpeed"":36,""seq"":3}","{""phase"":""E"",""startLLA"":{""lat"":37.479399,""lon"":126.95518,""alt"":100},""endLLA"":{""lat"":37.471285,""lon"":126.985745,""alt"":265.47},""targetSpeed"":51.4,""seq"":4}","{""phase"":""E"",""startLLA"":{""lat"":37.471285,""lon"":126.985745,""alt"":265.47},""endLLA"":{""lat"":37.471336,""lon"":126.993444,""alt"":305},""targetSpeed"":51.4,""seq"":5}","{""phase"":""F"",""startLLA"":{""lat"":37.471336,""lon"":126.993444,""alt"":305},""endLLA"":{""lat"":37.471593,""lon"":127.032031,""alt"":305},""targetSpeed"":51.4,""seq"":6}","{""phase"":""F"",""startLLA"":{""lat"":37.471593,""lon"":127.032031,""alt"":305},""endLLA"":{""lat"":37.497702,""lon"":127.073855,""alt"":305},""targetSpeed"":51.4,""seq"":7}","{""phase"":""F"",""startLLA"":{""lat"":37.497702,""lon"":127.073855,""alt"":305},""endLLA"":{""lat"":37.526451,""lon"":127.064361,""alt"":305},""targetSpeed"":51.4,""seq"":8}","{""phase"":""F"",""startLLA"":{""lat"":37.526451,""lon"":127.064361,""alt"":305},""endLLA"":{""lat"":37.540426,""lon"":127.069298,""alt"":305},""targetSpeed"":51.4,""seq"":9}","{""phase"":""F"",""startLLA"":{""lat"":37.540426,""lon"":127.069298,""alt"":305},""endLLA"":{""lat"":37.580774,""lon"":127.077387,""alt"":305},""targetSpeed"":51.4,""seq"":10}","{""phase"":""F"",""startLLA"":{""lat"":37.580774,""lon"":127.077387,""alt"":305},""endLLA"":{""lat"":37.596919,""lon"":127.084854,""alt"":305},""targetSpeed"":51.4,""seq"":11}","{""phase"":""F"",""startLLA"":{""lat"":37.596919,""lon"":127.084854,""alt"":305},""endLLA"":{""lat"":37.614352,""lon"":127.072725,""alt"":305},""targetSpeed"":51.4,""seq"":12}","{""phase"":""G"",""startLLA"":{""lat"":37.614352,""lon"":127.072725,""alt"":305},""endLLA"":{""lat"":37.616266,""lon"":127.071394,""alt"":290.86},""targetSpeed"":36,""seq"":13}","{""phase"":""G"",""startLLA"":{""lat"":37.616266,""lon"":127.071394,""alt"":290.86},""endLLA"":{""lat"":37.626943,""lon"":127.036669,""alt"":100},""targetSpeed"":36,""seq"":14}","{""phase"":""I"",""startLLA"":{""lat"":37.626943,""lon"":127.036669,""alt"":100},""endLLA"":{""lat"":37.630207,""lon"":127.026053,""alt"":15},""targetSpeed"":30,""seq"":15}","{""phase"":""J"",""startLLA"":{""lat"":37.630207,""lon"":127.026053,""alt"":15},""endLLA"":{""lat"":37.630207,""lon"":127.026053,""alt"":0},""targetSpeed"":10,""seq"":16}","{""phase"":""K"",""startLLA"":{""lat"":37.630207,""lon"":127.026053,""alt"":0},""endLLA"":{""lat"":37.630207,""lon"":127.026053,""alt"":0},""targetSpeed"":3,""seq"":17}",,,,
98f166edc22f,2026-07-11,FPL0706013,UAM0073,a2,2,1,0.5,봉천,봉천,미아,미아,17,G3,F1,G1,F3,17:55:57,18:03:52,18:17:13,18:25:33,18:35:33,475.71,800.36,500,1776.07,0,143.95,ready,봉천 > 채석장 > 경부고속도로 양재천 다리 > 대치교 > 청담대교 중간지점 > 건대입구 > 중랑천 제방길 > 상봉 > 월릉교 > 미아,30.9711,17,"{""phase"":""A"",""startLLA"":{""lat"":37.482832,""lon"":126.942245,""alt"":0},""endLLA"":{""lat"":37.482832,""lon"":126.942245,""alt"":0},""targetSpeed"":3,""seq"":1}","{""phase"":""B"",""startLLA"":{""lat"":37.482832,""lon"":126.942245,""alt"":0},""endLLA"":{""lat"":37.482832,""lon"":126.942245,""alt"":15},""targetSpeed"":10,""seq"":2}","{""phase"":""C"",""startLLA"":{""lat"":37.482832,""lon"":126.942245,""alt"":15},""endLLA"":{""lat"":37.479399,""lon"":126.95518,""alt"":100},""targetSpeed"":36,""seq"":3}","{""phase"":""E"",""startLLA"":{""lat"":37.479399,""lon"":126.95518,""alt"":100},""endLLA"":{""lat"":37.471285,""lon"":126.985745,""alt"":265.47},""targetSpeed"":51.4,""seq"":4}","{""phase"":""E"",""startLLA"":{""lat"":37.471285,""lon"":126.985745,""alt"":265.47},""endLLA"":{""lat"":37.471336,""lon"":126.993444,""alt"":305},""targetSpeed"":51.4,""seq"":5}","{""phase"":""F"",""startLLA"":{""lat"":37.471336,""lon"":126.993444,""alt"":305},""endLLA"":{""lat"":37.471593,""lon"":127.032031,""alt"":305},""targetSpeed"":51.4,""seq"":6}","{""phase"":""F"",""startLLA"":{""lat"":37.471593,""lon"":127.032031,""alt"":305},""endLLA"":{""lat"":37.497702,""lon"":127.073855,""alt"":305},""targetSpeed"":51.4,""seq"":7}","{""phase"":""F"",""startLLA"":{""lat"":37.497702,""lon"":127.073855,""alt"":305},""endLLA"":{""lat"":37.526451,""lon"":127.064361,""alt"":305},""targetSpeed"":51.4,""seq"":8}","{""phase"":""F"",""startLLA"":{""lat"":37.526451,""lon"":127.064361,""alt"":305},""endLLA"":{""lat"":37.540426,""lon"":127.069298,""alt"":305},""targetSpeed"":51.4,""seq"":9}","{""phase"":""F"",""startLLA"":{""lat"":37.540426,""lon"":127.069298,""alt"":305},""endLLA"":{""lat"":37.580774,""lon"":127.077387,""alt"":305},""targetSpeed"":51.4,""seq"":10}","{""phase"":""F"",""startLLA"":{""lat"":37.580774,""lon"":127.077387,""alt"":305},""endLLA"":{""lat"":37.596919,""lon"":127.084854,""alt"":305},""targetSpeed"":51.4,""seq"":11}","{""phase"":""F"",""startLLA"":{""lat"":37.596919,""lon"":127.084854,""alt"":305},""endLLA"":{""lat"":37.614352,""lon"":127.072725,""alt"":305},""targetSpeed"":51.4,""seq"":12}","{""phase"":""G"",""startLLA"":{""lat"":37.614352,""lon"":127.072725,""alt"":305},""endLLA"":{""lat"":37.616266,""lon"":127.071394,""alt"":290.86},""targetSpeed"":36,""seq"":13}","{""phase"":""G"",""startLLA"":{""lat"":37.616266,""lon"":127.071394,""alt"":290.86},""endLLA"":{""lat"":37.626943,""lon"":127.036669,""alt"":100},""targetSpeed"":36,""seq"":14}","{""phase"":""I"",""startLLA"":{""lat"":37.626943,""lon"":127.036669,""alt"":100},""endLLA"":{""lat"":37.630207,""lon"":127.026053,""alt"":15},""targetSpeed"":30,""seq"":15}","{""phase"":""J"",""startLLA"":{""lat"":37.630207,""lon"":127.026053,""alt"":15},""endLLA"":{""lat"":37.630207,""lon"":127.026053,""alt"":0},""targetSpeed"":10,""seq"":16}","{""phase"":""K"",""startLLA"":{""lat"":37.630207,""lon"":127.026053,""alt"":0},""endLLA"":{""lat"":37.630207,""lon"":127.026053,""alt"":0},""targetSpeed"":3,""seq"":17}",,,,
98f166edc22f,2026-07-11,FPL0709019,UAM0034,a2,2,1,0.5,봉천,봉천,성수,성수,17,G4,F2,G8,F3,17:58:16,18:06:41,18:13:37,18:20:27,18:30:27,505.71,415.34,410,1331.06,0,0,ready,봉천 > 채석장 > 경부고속도로 양재천 다리 > 대치교 > 청담대교 중간지점 > 성수,18.5804,13,"{""phase"":""A"",""startLLA"":{""lat"":37.482832,""lon"":126.942245,""alt"":0},""endLLA"":{""lat"":37.482832,""lon"":126.942245,""alt"":0},""targetSpeed"":3,""seq"":1}","{""phase"":""B"",""startLLA"":{""lat"":37.482832,""lon"":126.942245,""alt"":0},""endLLA"":{""lat"":37.482832,""lon"":126.942245,""alt"":15},""targetSpeed"":10,""seq"":2}","{""phase"":""C"",""startLLA"":{""lat"":37.482832,""lon"":126.942245,""alt"":15},""endLLA"":{""lat"":37.479397,""lon"":126.955184,""alt"":100},""targetSpeed"":36,""seq"":3}","{""phase"":""E"",""startLLA"":{""lat"":37.479397,""lon"":126.955184,""alt"":100},""endLLA"":{""lat"":37.471285,""lon"":126.985745,""alt"":265.38},""targetSpeed"":51.4,""seq"":4}","{""phase"":""E"",""startLLA"":{""lat"":37.471285,""lon"":126.985745,""alt"":265.38},""endLLA"":{""lat"":37.471336,""lon"":126.993464,""alt"":305},""targetSpeed"":51.4,""seq"":5}","{""phase"":""F"",""startLLA"":{""lat"":37.471336,""lon"":126.993464,""alt"":305},""endLLA"":{""lat"":37.471593,""lon"":127.032031,""alt"":305},""targetSpeed"":51.4,""seq"":6}","{""phase"":""F"",""startLLA"":{""lat"":37.471593,""lon"":127.032031,""alt"":305},""endLLA"":{""lat"":37.497702,""lon"":127.073855,""alt"":305},""targetSpeed"":51.4,""seq"":7}","{""phase"":""F"",""startLLA"":{""lat"":37.497702,""lon"":127.073855,""alt"":305},""endLLA"":{""lat"":37.508255,""lon"":127.07037,""alt"":305},""targetSpeed"":51.4,""seq"":8}","{""phase"":""G"",""startLLA"":{""lat"":37.508255,""lon"":127.07037,""alt"":305},""endLLA"":{""lat"":37.526451,""lon"":127.064361,""alt"":183.36},""targetSpeed"":36,""seq"":9}","{""phase"":""G"",""startLLA"":{""lat"":37.526451,""lon"":127.064361,""alt"":183.36},""endLLA"":{""lat"":37.533784,""lon"":127.050993,""alt"":100},""targetSpeed"":36,""seq"":10}","{""phase"":""I"",""startLLA"":{""lat"":37.533784,""lon"":127.050993,""alt"":100},""endLLA"":{""lat"":37.538917,""lon"":127.041635,""alt"":15},""targetSpeed"":30,""seq"":11}","{""phase"":""J"",""startLLA"":{""lat"":37.538917,""lon"":127.041635,""alt"":15},""endLLA"":{""lat"":37.538917,""lon"":127.041635,""alt"":0},""targetSpeed"":10,""seq"":12}","{""phase"":""K"",""startLLA"":{""lat"":37.538917,""lon"":127.041635,""alt"":0},""endLLA"":{""lat"":37.538917,""lon"":127.041635,""alt"":0},""targetSpeed"":3,""seq"":13}",,,,,,,,
98f166edc22f,2026-07-11,FPL0709020,UAM0015,a8,8,8,1,봉천,봉천,성수,성수,18,G7,F1,G3,F4,18:01:17,18:09:18,18:16:13,18:23:33,18:33:33,481.43,415.34,440,1336.77,5.71,0,ready,봉천 > 채석장 > 경부고속도로 양재천 다리 > 대치교 > 청담대교 중간지점 > 성수,18.5804,13,"{""phase"":""A"",""startLLA"":{""lat"":37.482832,""lon"":126.942245,""alt"":0},""endLLA"":{""lat"":37.482832,""lon"":126.942245,""alt"":0},""targetSpeed"":3,""seq"":1}","{""phase"":""B"",""startLLA"":{""lat"":37.482832,""lon"":126.942245,""alt"":0},""endLLA"":{""lat"":37.482832,""lon"":126.942245,""alt"":15},""targetSpeed"":10,""seq"":2}","{""phase"":""C"",""startLLA"":{""lat"":37.482832,""lon"":126.942245,""alt"":15},""endLLA"":{""lat"":37.479397,""lon"":126.955184,""alt"":100},""targetSpeed"":36,""seq"":3}","{""phase"":""E"",""startLLA"":{""lat"":37.479397,""lon"":126.955184,""alt"":100},""endLLA"":{""lat"":37.471285,""lon"":126.985745,""alt"":265.38},""targetSpeed"":51.4,""seq"":4}","{""phase"":""E"",""startLLA"":{""lat"":37.471285,""lon"":126.985745,""alt"":265.38},""endLLA"":{""lat"":37.471336,""lon"":126.993464,""alt"":305},""targetSpeed"":51.4,""seq"":5}","{""phase"":""F"",""startLLA"":{""lat"":37.471336,""lon"":126.993464,""alt"":305},""endLLA"":{""lat"":37.471593,""lon"":127.032031,""alt"":305},""targetSpeed"":51.4,""seq"":6}","{""phase"":""F"",""startLLA"":{""lat"":37.471593,""lon"":127.032031,""alt"":305},""endLLA"":{""lat"":37.497702,""lon"":127.073855,""alt"":305},""targetSpeed"":51.4,""seq"":7}","{""phase"":""F"",""startLLA"":{""lat"":37.497702,""lon"":127.073855,""alt"":305},""endLLA"":{""lat"":37.508255,""lon"":127.07037,""alt"":305},""targetSpeed"":51.4,""seq"":8}","{""phase"":""G"",""startLLA"":{""lat"":37.508255,""lon"":127.07037,""alt"":305},""endLLA"":{""lat"":37.526451,""lon"":127.064361,""alt"":183.36},""targetSpeed"":36,""seq"":9}","{""phase"":""G"",""startLLA"":{""lat"":37.526451,""lon"":127.064361,""alt"":183.36},""endLLA"":{""lat"":37.533784,""lon"":127.050993,""alt"":100},""targetSpeed"":36,""seq"":10}","{""phase"":""I"",""startLLA"":{""lat"":37.533784,""lon"":127.050993,""alt"":100},""endLLA"":{""lat"":37.538917,""lon"":127.041635,""alt"":15},""targetSpeed"":30,""seq"":11}","{""phase"":""J"",""startLLA"":{""lat"":37.538917,""lon"":127.041635,""alt"":15},""endLLA"":{""lat"":37.538917,""lon"":127.041635,""alt"":0},""targetSpeed"":10,""seq"":12}","{""phase"":""K"",""startLLA"":{""lat"":37.538917,""lon"":127.041635,""alt"":0},""endLLA"":{""lat"":37.538917,""lon"":127.041635,""alt"":0},""targetSpeed"":3,""seq"":13}",,,,,,,,
98f166edc22f,2026-07-11,FPL0702012,UAM0083,a4,4,4,1,봉천,봉천,잠실,잠실,18,G8,F1,G7,F3,18:06:35,18:15:00,18:20:42,18:28:02,18:38:02,505.71,342.08,440,1287.79,0,0,ready,봉천 > 채석장 > 경부고속도로 양재천 다리 > 대치교 > 잠실,14.8146,12,"{""phase"":""A"",""startLLA"":{""lat"":37.482832,""lon"":126.942245,""alt"":0},""endLLA"":{""lat"":37.482832,""lon"":126.942245,""alt"":0},""targetSpeed"":3,""seq"":1}","{""phase"":""B"",""startLLA"":{""lat"":37.482832,""lon"":126.942245,""alt"":0},""endLLA"":{""lat"":37.482832,""lon"":126.942245,""alt"":15},""targetSpeed"":10,""seq"":2}","{""phase"":""C"",""startLLA"":{""lat"":37.482832,""lon"":126.942245,""alt"":15},""endLLA"":{""lat"":37.479397,""lon"":126.955186,""alt"":100},""targetSpeed"":36,""seq"":3}","{""phase"":""E"",""startLLA"":{""lat"":37.479397,""lon"":126.955186,""alt"":100},""endLLA"":{""lat"":37.471285,""lon"":126.985745,""alt"":265.36},""targetSpeed"":51.4,""seq"":4}","{""phase"":""E"",""startLLA"":{""lat"":37.471285,""lon"":126.985745,""alt"":265.36},""endLLA"":{""lat"":37.471336,""lon"":126.99347,""alt"":305},""targetSpeed"":51.4,""seq"":5}","{""phase"":""F"",""startLLA"":{""lat"":37.471336,""lon"":126.99347,""alt"":305},""endLLA"":{""lat"":37.471593,""lon"":127.032031,""alt"":305},""targetSpeed"":51.4,""seq"":6}","{""phase"":""F"",""startLLA"":{""lat"":37.471593,""lon"":127.032031,""alt"":305},""endLLA"":{""lat"":37.483526,""lon"":127.051147,""alt"":305},""targetSpeed"":51.4,""seq"":7}","{""phase"":""G"",""startLLA"":{""lat"":37.483526,""lon"":127.051147,""alt"":305},""endLLA"":{""lat"":37.497702,""lon"":127.073855,""alt"":156.75},""targetSpeed"":36,""seq"":8}","{""phase"":""G"",""startLLA"":{""lat"":37.497702,""lon"":127.073855,""alt"":156.75},""endLLA"":{""lat"":37.506266,""lon"":127.071433,""alt"":100},""targetSpeed"":36,""seq"":9}","{""phase"":""I"",""startLLA"":{""lat"":37.506266,""lon"":127.071433,""alt"":100},""endLLA"":{""lat"":37.515071,""lon"":127.068942,""alt"":15},""targetSpeed"":30,""seq"":10}","{""phase"":""J"",""startLLA"":{""lat"":37.515071,""lon"":127.068942,""alt"":15},""endLLA"":{""lat"":37.515071,""lon"":127.068942,""alt"":0},""targetSpeed"":10,""seq"":11}","{""phase"":""K"",""startLLA"":{""lat"":37.515071,""lon"":127.068942,""alt"":0},""endLLA"":{""lat"":37.515071,""lon"":127.068942,""alt"":0},""targetSpeed"":3,""seq"":12}",,,,,,,,,
98f166edc22f,2026-07-11,FPL0715018,UAM0044,a4,4,4,1,봉천,봉천,마곡,마곡,18,G2,F2,G8,F4,18:12:39,18:20:04,18:27:22,18:34:12,18:44:12,445.71,437.43,410,1293.14,0,28.06,ready,봉천 > 영등포 > 목동교 > 염창교 > 가양대교 남단 > 마곡,18.2733,13,"{""phase"":""A"",""startLLA"":{""lat"":37.482832,""lon"":126.942245,""alt"":0},""endLLA"":{""lat"":37.482832,""lon"":126.942245,""alt"":0},""targetSpeed"":3,""seq"":1}","{""phase"":""B"",""startLLA"":{""lat"":37.482832,""lon"":126.942245,""alt"":0},""endLLA"":{""lat"":37.482832,""lon"":126.942245,""alt"":15},""targetSpeed"":10,""seq"":2}","{""phase"":""C"",""startLLA"":{""lat"":37.482832,""lon"":126.942245,""alt"":15},""endLLA"":{""lat"":37.491176,""lon"":126.933559,""alt"":100},""targetSpeed"":36,""seq"":3}","{""phase"":""E"",""startLLA"":{""lat"":37.491176,""lon"":126.933559,""alt"":100},""endLLA"":{""lat"":37.515605,""lon"":126.908131,""alt"":305},""targetSpeed"":51.4,""seq"":4}","{""phase"":""F"",""startLLA"":{""lat"":37.515605,""lon"":126.908131,""alt"":305},""endLLA"":{""lat"":37.515965,""lon"":126.907756,""alt"":305},""targetSpeed"":51.4,""seq"":5}","{""phase"":""F"",""startLLA"":{""lat"":37.515965,""lon"":126.907756,""alt"":305},""endLLA"":{""lat"":37.530667,""lon"":126.888262,""alt"":305},""targetSpeed"":51.4,""seq"":6}","{""phase"":""F"",""startLLA"":{""lat"":37.530667,""lon"":126.888262,""alt"":305},""endLLA"":{""lat"":37.553824,""lon"":126.875819,""alt"":305},""targetSpeed"":51.4,""seq"":7}","{""phase"":""F"",""startLLA"":{""lat"":37.553824,""lon"":126.875819,""alt"":305},""endLLA"":{""lat"":37.569391,""lon"":126.861026,""alt"":305},""targetSpeed"":51.4,""seq"":8}","{""phase"":""F"",""startLLA"":{""lat"":37.569391,""lon"":126.861026,""alt"":305},""endLLA"":{""lat"":37.567854,""lon"":126.842862,""alt"":305},""targetSpeed"":51.4,""seq"":9}","{""phase"":""G"",""startLLA"":{""lat"":37.567854,""lon"":126.842862,""alt"":305},""endLLA"":{""lat"":37.564492,""lon"":126.803118,""alt"":100},""targetSpeed"":36,""seq"":10}","{""phase"":""I"",""startLLA"":{""lat"":37.564492,""lon"":126.803118,""alt"":100},""endLLA"":{""lat"":37.563535,""lon"":126.791805,""alt"":15},""targetSpeed"":30,""seq"":11}","{""phase"":""J"",""startLLA"":{""lat"":37.563535,""lon"":126.791805,""alt"":15},""endLLA"":{""lat"":37.563535,""lon"":126.791805,""alt"":0},""targetSpeed"":10,""seq"":12}","{""phase"":""K"",""startLLA"":{""lat"":37.563535,""lon"":126.791805,""alt"":0},""endLLA"":{""lat"":37.563535,""lon"":126.791805,""alt"":0},""targetSpeed"":3,""seq"":13}",,,,,,,,
98f166edc22f,2026-07-11,FPL0711014,UAM0041,a2,2,2,1,봉천,봉천,천호,천호,18,G4,F1,G1,F3,18:23:15,18:31:40,18:42:58,18:51:18,19:01:18,505.71,677.53,500,1683.25,0,196.22,ready,봉천 > 채석장 > 경부고속도로 양재천 다리 > 대치교 > 청담대교 중간지점 > 잠실대교 중간지점 > 천호,21.9712,14,"{""phase"":""A"",""startLLA"":{""lat"":37.482832,""lon"":126.942245,""alt"":0},""endLLA"":{""lat"":37.482832,""lon"":126.942245,""alt"":0},""targetSpeed"":3,""seq"":1}","{""phase"":""B"",""startLLA"":{""lat"":37.482832,""lon"":126.942245,""alt"":0},""endLLA"":{""lat"":37.482832,""lon"":126.942245,""alt"":15},""targetSpeed"":10,""seq"":2}","{""phase"":""C"",""startLLA"":{""lat"":37.482832,""lon"":126.942245,""alt"":15},""endLLA"":{""lat"":37.479397,""lon"":126.955184,""alt"":100},""targetSpeed"":36,""seq"":3}","{""phase"":""E"",""startLLA"":{""lat"":37.479397,""lon"":126.955184,""alt"":100},""endLLA"":{""lat"":37.471285,""lon"":126.985745,""alt"":265.4},""targetSpeed"":51.4,""seq"":4}","{""phase"":""E"",""startLLA"":{""lat"":37.471285,""lon"":126.985745,""alt"":265.4},""endLLA"":{""lat"":37.471336,""lon"":126.993461,""alt"":305},""targetSpeed"":51.4,""seq"":5}","{""phase"":""F"",""startLLA"":{""lat"":37.471336,""lon"":126.993461,""alt"":305},""endLLA"":{""lat"":37.471593,""lon"":127.032031,""alt"":305},""targetSpeed"":51.4,""seq"":6}","{""phase"":""F"",""startLLA"":{""lat"":37.471593,""lon"":127.032031,""alt"":305},""endLLA"":{""lat"":37.497702,""lon"":127.073855,""alt"":305},""targetSpeed"":51.4,""seq"":7}","{""phase"":""F"",""startLLA"":{""lat"":37.497702,""lon"":127.073855,""alt"":305},""endLLA"":{""lat"":37.526451,""lon"":127.064361,""alt"":305},""targetSpeed"":51.4,""seq"":8}","{""phase"":""F"",""startLLA"":{""lat"":37.526451,""lon"":127.064361,""alt"":305},""endLLA"":{""lat"":37.525291,""lon"":127.078987,""alt"":305},""targetSpeed"":51.4,""seq"":9}","{""phase"":""G"",""startLLA"":{""lat"":37.525291,""lon"":127.078987,""alt"":305},""endLLA"":{""lat"":37.524288,""lon"":127.091639,""alt"":239.78},""targetSpeed"":36,""seq"":10}","{""phase"":""G"",""startLLA"":{""lat"":37.524288,""lon"":127.091639,""alt"":239.78},""endLLA"":{""lat"":37.539417,""lon"":127.111104,""alt"":100},""targetSpeed"":36,""seq"":11}","{""phase"":""I"",""startLLA"":{""lat"":37.539417,""lon"":127.111104,""alt"":100},""endLLA"":{""lat"":37.545733,""lon"":127.11923,""alt"":15},""targetSpeed"":30,""seq"":12}","{""phase"":""J"",""startLLA"":{""lat"":37.545733,""lon"":127.11923,""alt"":15},""endLLA"":{""lat"":37.545733,""lon"":127.11923,""alt"":0},""targetSpeed"":10,""seq"":13}","{""phase"":""K"",""startLLA"":{""lat"":37.545733,""lon"":127.11923,""alt"":0},""endLLA"":{""lat"":37.545733,""lon"":127.11923,""alt"":0},""targetSpeed"":3,""seq"":14}",,,,,,,
98f166edc22f,2026-07-11,FPL0709021,UAM0105,a2,2,2,1,봉천,봉천,성수,성수,18,G8,F2,G3,F4,18:24:33,18:32:58,18:39:54,18:47:40,18:57:40,505.71,415.34,466.36,1387.42,0,26.36,ready,봉천 > 채석장 > 경부고속도로 양재천 다리 > 대치교 > 청담대교 중간지점 > 성수,18.5804,13,"{""phase"":""A"",""startLLA"":{""lat"":37.482832,""lon"":126.942245,""alt"":0},""endLLA"":{""lat"":37.482832,""lon"":126.942245,""alt"":0},""targetSpeed"":3,""seq"":1}","{""phase"":""B"",""startLLA"":{""lat"":37.482832,""lon"":126.942245,""alt"":0},""endLLA"":{""lat"":37.482832,""lon"":126.942245,""alt"":15},""targetSpeed"":10,""seq"":2}","{""phase"":""C"",""startLLA"":{""lat"":37.482832,""lon"":126.942245,""alt"":15},""endLLA"":{""lat"":37.479397,""lon"":126.955184,""alt"":100},""targetSpeed"":36,""seq"":3}","{""phase"":""E"",""startLLA"":{""lat"":37.479397,""lon"":126.955184,""alt"":100},""endLLA"":{""lat"":37.471285,""lon"":126.985745,""alt"":265.38},""targetSpeed"":51.4,""seq"":4}","{""phase"":""E"",""startLLA"":{""lat"":37.471285,""lon"":126.985745,""alt"":265.38},""endLLA"":{""lat"":37.471336,""lon"":126.993464,""alt"":305},""targetSpeed"":51.4,""seq"":5}","{""phase"":""F"",""startLLA"":{""lat"":37.471336,""lon"":126.993464,""alt"":305},""endLLA"":{""lat"":37.471593,""lon"":127.032031,""alt"":305},""targetSpeed"":51.4,""seq"":6}","{""phase"":""F"",""startLLA"":{""lat"":37.471593,""lon"":127.032031,""alt"":305},""endLLA"":{""lat"":37.497702,""lon"":127.073855,""alt"":305},""targetSpeed"":51.4,""seq"":7}","{""phase"":""F"",""startLLA"":{""lat"":37.497702,""lon"":127.073855,""alt"":305},""endLLA"":{""lat"":37.508255,""lon"":127.07037,""alt"":305},""targetSpeed"":51.4,""seq"":8}","{""phase"":""G"",""startLLA"":{""lat"":37.508255,""lon"":127.07037,""alt"":305},""endLLA"":{""lat"":37.526451,""lon"":127.064361,""alt"":183.36},""targetSpeed"":36,""seq"":9}","{""phase"":""G"",""startLLA"":{""lat"":37.526451,""lon"":127.064361,""alt"":183.36},""endLLA"":{""lat"":37.533784,""lon"":127.050993,""alt"":100},""targetSpeed"":36,""seq"":10}","{""phase"":""I"",""startLLA"":{""lat"":37.533784,""lon"":127.050993,""alt"":100},""endLLA"":{""lat"":37.538917,""lon"":127.041635,""alt"":15},""targetSpeed"":30,""seq"":11}","{""phase"":""J"",""startLLA"":{""lat"":37.538917,""lon"":127.041635,""alt"":15},""endLLA"":{""lat"":37.538917,""lon"":127.041635,""alt"":0},""targetSpeed"":10,""seq"":12}","{""phase"":""K"",""startLLA"":{""lat"":37.538917,""lon"":127.041635,""alt"":0},""endLLA"":{""lat"":37.538917,""lon"":127.041635,""alt"":0},""targetSpeed"":3,""seq"":13}",,,,,,,,
98f166edc22f,2026-07-11,FPL0717013,UAM0019,a4,4,4,1,봉천,봉천,수서,수서,18,G3,F1,G8,F3,18:28:11,18:37:06,18:42:41,18:49:31,18:59:31,535.43,334.77,410,1280.2,59.71,0,ready,봉천 > 채석장 > 경부고속도로 양재천 다리 > 수서,14.439,11,"{""phase"":""A"",""startLLA"":{""lat"":37.482832,""lon"":126.942245,""alt"":0},""endLLA"":{""lat"":37.482832,""lon"":126.942245,""alt"":0},""targetSpeed"":3,""seq"":1}","{""phase"":""B"",""startLLA"":{""lat"":37.482832,""lon"":126.942245,""alt"":0},""endLLA"":{""lat"":37.482832,""lon"":126.942245,""alt"":15},""targetSpeed"":10,""seq"":2}","{""phase"":""C"",""startLLA"":{""lat"":37.482832,""lon"":126.942245,""alt"":15},""endLLA"":{""lat"":37.479396,""lon"":126.955188,""alt"":100},""targetSpeed"":36,""seq"":3}","{""phase"":""E"",""startLLA"":{""lat"":37.479396,""lon"":126.955188,""alt"":100},""endLLA"":{""lat"":37.471285,""lon"":126.985745,""alt"":265.31},""targetSpeed"":51.4,""seq"":4}","{""phase"":""E"",""startLLA"":{""lat"":37.471285,""lon"":126.985745,""alt"":265.31},""endLLA"":{""lat"":37.471336,""lon"":126.99348,""alt"":305},""targetSpeed"":51.4,""seq"":5}","{""phase"":""F"",""startLLA"":{""lat"":37.471336,""lon"":126.99348,""alt"":305},""endLLA"":{""lat"":37.471593,""lon"":127.032031,""alt"":305},""targetSpeed"":51.4,""seq"":6}","{""phase"":""F"",""startLLA"":{""lat"":37.471593,""lon"":127.032031,""alt"":305},""endLLA"":{""lat"":37.476051,""lon"":127.051318,""alt"":305},""targetSpeed"":51.4,""seq"":7}","{""phase"":""G"",""startLLA"":{""lat"":37.476051,""lon"":127.051318,""alt"":305},""endLLA"":{""lat"":37.484917,""lon"":127.089683,""alt"":100},""targetSpeed"":36,""seq"":8}","{""phase"":""I"",""startLLA"":{""lat"":37.484917,""lon"":127.089683,""alt"":100},""endLLA"":{""lat"":37.487441,""lon"":127.100603,""alt"":15},""targetSpeed"":30,""seq"":9}","{""phase"":""J"",""startLLA"":{""lat"":37.487441,""lon"":127.100603,""alt"":15},""endLLA"":{""lat"":37.487441,""lon"":127.100603,""alt"":0},""targetSpeed"":10,""seq"":10}","{""phase"":""K"",""startLLA"":{""lat"":37.487441,""lon"":127.100603,""alt"":0},""endLLA"":{""lat"":37.487441,""lon"":127.100603,""alt"":0},""targetSpeed"":3,""seq"":11}",,,,,,,,,,
98f166edc22f,2026-07-11,FPL0706014,UAM0054,a6,6,6,1,봉천,봉천,미아,미아,18,G7,F2,G2,F4,18:29:28,18:38:24,18:49:20,18:57:10,19:07:10,536.43,656.41,470,1662.83,60.71,0,ready,봉천 > 채석장 > 경부고속도로 양재천 다리 > 대치교 > 청담대교 중간지점 > 건대입구 > 중랑천 제방길 > 상봉 > 월릉교 > 미아,30.9711,17,"{""phase"":""A"",""startLLA"":{""lat"":37.482832,""lon"":126.942245,""alt"":0},""endLLA"":{""lat"":37.482832,""lon"":126.942245,""alt"":0},""targetSpeed"":3,""seq"":1}","{""phase"":""B"",""startLLA"":{""lat"":37.482832,""lon"":126.942245,""alt"":0},""endLLA"":{""lat"":37.482832,""lon"":126.942245,""alt"":15},""targetSpeed"":10,""seq"":2}","{""phase"":""C"",""startLLA"":{""lat"":37.482832,""lon"":126.942245,""alt"":15},""endLLA"":{""lat"":37.479399,""lon"":126.95518,""alt"":100},""targetSpeed"":36,""seq"":3}","{""phase"":""E"",""startLLA"":{""lat"":37.479399,""lon"":126.95518,""alt"":100},""endLLA"":{""lat"":37.471285,""lon"":126.985745,""alt"":265.47},""targetSpeed"":51.4,""seq"":4}","{""phase"":""E"",""startLLA"":{""lat"":37.471285,""lon"":126.985745,""alt"":265.47},""endLLA"":{""lat"":37.471336,""lon"":126.993444,""alt"":305},""targetSpeed"":51.4,""seq"":5}","{""phase"":""F"",""startLLA"":{""lat"":37.471336,""lon"":126.993444,""alt"":305},""endLLA"":{""lat"":37.471593,""lon"":127.032031,""alt"":305},""targetSpeed"":51.4,""seq"":6}","{""phase"":""F"",""startLLA"":{""lat"":37.471593,""lon"":127.032031,""alt"":305},""endLLA"":{""lat"":37.497702,""lon"":127.073855,""alt"":305},""targetSpeed"":51.4,""seq"":7}","{""phase"":""F"",""startLLA"":{""lat"":37.497702,""lon"":127.073855,""alt"":305},""endLLA"":{""lat"":37.526451,""lon"":127.064361,""alt"":305},""targetSpeed"":51.4,""seq"":8}","{""phase"":""F"",""startLLA"":{""lat"":37.526451,""lon"":127.064361,""alt"":305},""endLLA"":{""lat"":37.540426,""lon"":127.069298,""alt"":305},""targetSpeed"":51.4,""seq"":9}","{""phase"":""F"",""startLLA"":{""lat"":37.540426,""lon"":127.069298,""alt"":305},""endLLA"":{""lat"":37.580774,""lon"":127.077387,""alt"":305},""targetSpeed"":51.4,""seq"":10}","{""phase"":""F"",""startLLA"":{""lat"":37.580774,""lon"":127.077387,""alt"":305},""endLLA"":{""lat"":37.596919,""lon"":127.084854,""alt"":305},""targetSpeed"":51.4,""seq"":11}","{""phase"":""F"",""startLLA"":{""lat"":37.596919,""lon"":127.084854,""alt"":305},""endLLA"":{""lat"":37.614352,""lon"":127.072725,""alt"":305},""targetSpeed"":51.4,""seq"":12}","{""phase"":""G"",""startLLA"":{""lat"":37.614352,""lon"":127.072725,""alt"":305},""endLLA"":{""lat"":37.616266,""lon"":127.071394,""alt"":290.86},""targetSpeed"":36,""seq"":13}","{""phase"":""G"",""startLLA"":{""lat"":37.616266,""lon"":127.071394,""alt"":290.86},""endLLA"":{""lat"":37.626943,""lon"":127.036669,""alt"":100},""targetSpeed"":36,""seq"":14}","{""phase"":""I"",""startLLA"":{""lat"":37.626943,""lon"":127.036669,""alt"":100},""endLLA"":{""lat"":37.630207,""lon"":127.026053,""alt"":15},""targetSpeed"":30,""seq"":15}","{""phase"":""J"",""startLLA"":{""lat"":37.630207,""lon"":127.026053,""alt"":15},""endLLA"":{""lat"":37.630207,""lon"":127.026053,""alt"":0},""targetSpeed"":10,""seq"":16}","{""phase"":""K"",""startLLA"":{""lat"":37.630207,""lon"":127.026053,""alt"":0},""endLLA"":{""lat"":37.630207,""lon"":127.026053,""alt"":0},""targetSpeed"":3,""seq"":17}",,,,
98f166edc22f,2026-07-11,FPL0710011,UAM0066,a2,2,2,1,봉천,봉천,연신내,연신내,18,G4,F1,G7,F4,18:43:19,18:51:44,18:58:14,19:05:34,19:15:34,505.71,389.99,440,1335.71,0,0,ready,봉천 > 영등포 > 선유도 17고지 > 성산대교 중간지점 > 수색교 > 연신내,17.2775,13,"{""phase"":""A"",""startLLA"":{""lat"":37.482832,""lon"":126.942245,""alt"":0},""endLLA"":{""lat"":37.482832,""lon"":126.942245,""alt"":0},""targetSpeed"":3,""seq"":1}","{""phase"":""B"",""startLLA"":{""lat"":37.482832,""lon"":126.942245,""alt"":0},""endLLA"":{""lat"":37.482832,""lon"":126.942245,""alt"":15},""targetSpeed"":10,""seq"":2}","{""phase"":""C"",""startLLA"":{""lat"":37.482832,""lon"":126.942245,""alt"":15},""endLLA"":{""lat"":37.491176,""lon"":126.933559,""alt"":100},""targetSpeed"":36,""seq"":3}","{""phase"":""E"",""startLLA"":{""lat"":37.491176,""lon"":126.933559,""alt"":100},""endLLA"":{""lat"":37.515605,""lon"":126.908131,""alt"":305},""targetSpeed"":51.4,""seq"":4}","{""phase"":""F"",""startLLA"":{""lat"":37.515605,""lon"":126.908131,""alt"":305},""endLLA"":{""lat"":37.515965,""lon"":126.907756,""alt"":305},""targetSpeed"":51.4,""seq"":5}","{""phase"":""F"",""startLLA"":{""lat"":37.515965,""lon"":126.907756,""alt"":305},""endLLA"":{""lat"":37.542307,""lon"":126.90249,""alt"":305},""targetSpeed"":51.4,""seq"":6}","{""phase"":""F"",""startLLA"":{""lat"":37.542307,""lon"":126.90249,""alt"":305},""endLLA"":{""lat"":37.552574,""lon"":126.891431,""alt"":305},""targetSpeed"":51.4,""seq"":7}","{""phase"":""F"",""startLLA"":{""lat"":37.552574,""lon"":126.891431,""alt"":305},""endLLA"":{""lat"":37.583705,""lon"":126.886696,""alt"":305},""targetSpeed"":51.4,""seq"":8}","{""phase"":""G"",""startLLA"":{""lat"":37.583705,""lon"":126.886696,""alt"":305},""endLLA"":{""lat"":37.586283,""lon"":126.886304,""alt"":288.2},""targetSpeed"":36,""seq"":9}","{""phase"":""G"",""startLLA"":{""lat"":37.586283,""lon"":126.886304,""alt"":288.2},""endLLA"":{""lat"":37.605261,""lon"":126.914122,""alt"":100},""targetSpeed"":36,""seq"":10}","{""phase"":""I"",""startLLA"":{""lat"":37.605261,""lon"":126.914122,""alt"":100},""endLLA"":{""lat"":37.611145,""lon"":126.922747,""alt"":15},""targetSpeed"":30,""seq"":11}","{""phase"":""J"",""startLLA"":{""lat"":37.611145,""lon"":126.922747,""alt"":15},""endLLA"":{""lat"":37.611145,""lon"":126.922747,""alt"":0},""targetSpeed"":10,""seq"":12}","{""phase"":""K"",""startLLA"":{""lat"":37.611145,""lon"":126.922747,""alt"":0},""endLLA"":{""lat"":37.611145,""lon"":126.922747,""alt"":0},""targetSpeed"":3,""seq"":13}",,,,,,,,
98f166edc22f,2026-07-11,FPL0711015,UAM0093,a6,6,3,0.5,봉천,봉천,천호,천호,18,G8,F2,G7,F3,18:44:09,18:52:34,19:00:36,19:07:56,19:17:56,505.71,481.31,440,1427.02,0,0,ready,봉천 > 채석장 > 경부고속도로 양재천 다리 > 대치교 > 청담대교 중간지점 > 잠실대교 중간지점 > 천호,21.9712,14,"{""phase"":""A"",""startLLA"":{""lat"":37.482832,""lon"":126.942245,""alt"":0},""endLLA"":{""lat"":37.482832,""lon"":126.942245,""alt"":0},""targetSpeed"":3,""seq"":1}","{""phase"":""B"",""startLLA"":{""lat"":37.482832,""lon"":126.942245,""alt"":0},""endLLA"":{""lat"":37.482832,""lon"":126.942245,""alt"":15},""targetSpeed"":10,""seq"":2}","{""phase"":""C"",""startLLA"":{""lat"":37.482832,""lon"":126.942245,""alt"":15},""endLLA"":{""lat"":37.479397,""lon"":126.955184,""alt"":100},""targetSpeed"":36,""seq"":3}","{""phase"":""E"",""startLLA"":{""lat"":37.479397,""lon"":126.955184,""alt"":100},""endLLA"":{""lat"":37.471285,""lon"":126.985745,""alt"":265.4},""targetSpeed"":51.4,""seq"":4}","{""phase"":""E"",""startLLA"":{""lat"":37.471285,""lon"":126.985745,""alt"":265.4},""endLLA"":{""lat"":37.471336,""lon"":126.993461,""alt"":305},""targetSpeed"":51.4,""seq"":5}","{""phase"":""F"",""startLLA"":{""lat"":37.471336,""lon"":126.993461,""alt"":305},""endLLA"":{""lat"":37.471593,""lon"":127.032031,""alt"":305},""targetSpeed"":51.4,""seq"":6}","{""phase"":""F"",""startLLA"":{""lat"":37.471593,""lon"":127.032031,""alt"":305},""endLLA"":{""lat"":37.497702,""lon"":127.073855,""alt"":305},""targetSpeed"":51.4,""seq"":7}","{""phase"":""F"",""startLLA"":{""lat"":37.497702,""lon"":127.073855,""alt"":305},""endLLA"":{""lat"":37.526451,""lon"":127.064361,""alt"":305},""targetSpeed"":51.4,""seq"":8}","{""phase"":""F"",""startLLA"":{""lat"":37.526451,""lon"":127.064361,""alt"":305},""endLLA"":{""lat"":37.525291,""lon"":127.078987,""alt"":305},""targetSpeed"":51.4,""seq"":9}","{""phase"":""G"",""startLLA"":{""lat"":37.525291,""lon"":127.078987,""alt"":305},""endLLA"":{""lat"":37.524288,""lon"":127.091639,""alt"":239.78},""targetSpeed"":36,""seq"":10}","{""phase"":""G"",""startLLA"":{""lat"":37.524288,""lon"":127.091639,""alt"":239.78},""endLLA"":{""lat"":37.539417,""lon"":127.111104,""alt"":100},""targetSpeed"":36,""seq"":11}","{""phase"":""I"",""startLLA"":{""lat"":37.539417,""lon"":127.111104,""alt"":100},""endLLA"":{""lat"":37.545733,""lon"":127.11923,""alt"":15},""targetSpeed"":30,""seq"":12}","{""phase"":""J"",""startLLA"":{""lat"":37.545733,""lon"":127.11923,""alt"":15},""endLLA"":{""lat"":37.545733,""lon"":127.11923,""alt"":0},""targetSpeed"":10,""seq"":13}","{""phase"":""K"",""startLLA"":{""lat"":37.545733,""lon"":127.11923,""alt"":0},""endLLA"":{""lat"":37.545733,""lon"":127.11923,""alt"":0},""targetSpeed"":3,""seq"":14}",,,,,,,
98f166edc22f,2026-07-11,FPL0702013,UAM0017,a2,2,2,1,봉천,봉천,잠실,잠실,18,G3,F1,G7,F4,18:52:26,19:00:21,19:06:03,19:13:23,19:23:23,475.71,342.08,440,1257.79,0,0,ready,봉천 > 채석장 > 경부고속도로 양재천 다리 > 대치교 > 잠실,14.8146,12,"{""phase"":""A"",""startLLA"":{""lat"":37.482832,""lon"":126.942245,""alt"":0},""endLLA"":{""lat"":37.482832,""lon"":126.942245,""alt"":0},""targetSpeed"":3,""seq"":1}","{""phase"":""B"",""startLLA"":{""lat"":37.482832,""lon"":126.942245,""alt"":0},""endLLA"":{""lat"":37.482832,""lon"":126.942245,""alt"":15},""targetSpeed"":10,""seq"":2}","{""phase"":""C"",""startLLA"":{""lat"":37.482832,""lon"":126.942245,""alt"":15},""endLLA"":{""lat"":37.479397,""lon"":126.955186,""alt"":100},""targetSpeed"":36,""seq"":3}","{""phase"":""E"",""startLLA"":{""lat"":37.479397,""lon"":126.955186,""alt"":100},""endLLA"":{""lat"":37.471285,""lon"":126.985745,""alt"":265.36},""targetSpeed"":51.4,""seq"":4}","{""phase"":""E"",""startLLA"":{""lat"":37.471285,""lon"":126.985745,""alt"":265.36},""endLLA"":{""lat"":37.471336,""lon"":126.99347,""alt"":305},""targetSpeed"":51.4,""seq"":5}","{""phase"":""F"",""startLLA"":{""lat"":37.471336,""lon"":126.99347,""alt"":305},""endLLA"":{""lat"":37.471593,""lon"":127.032031,""alt"":305},""targetSpeed"":51.4,""seq"":6}","{""phase"":""F"",""startLLA"":{""lat"":37.471593,""lon"":127.032031,""alt"":305},""endLLA"":{""lat"":37.483526,""lon"":127.051147,""alt"":305},""targetSpeed"":51.4,""seq"":7}","{""phase"":""G"",""startLLA"":{""lat"":37.483526,""lon"":127.051147,""alt"":305},""endLLA"":{""lat"":37.497702,""lon"":127.073855,""alt"":156.75},""targetSpeed"":36,""seq"":8}","{""phase"":""G"",""startLLA"":{""lat"":37.497702,""lon"":127.073855,""alt"":156.75},""endLLA"":{""lat"":37.506266,""lon"":127.071433,""alt"":100},""targetSpeed"":36,""seq"":9}","{""phase"":""I"",""startLLA"":{""lat"":37.506266,""lon"":127.071433,""alt"":100},""endLLA"":{""lat"":37.515071,""lon"":127.068942,""alt"":15},""targetSpeed"":30,""seq"":10}","{""phase"":""J"",""startLLA"":{""lat"":37.515071,""lon"":127.068942,""alt"":15},""endLLA"":{""lat"":37.515071,""lon"":127.068942,""alt"":0},""targetSpeed"":10,""seq"":11}","{""phase"":""K"",""startLLA"":{""lat"":37.515071,""lon"":127.068942,""alt"":0},""endLLA"":{""lat"":37.515071,""lon"":127.068942,""alt"":0},""targetSpeed"":3,""seq"":12}",,,,,,,,,
98f166edc22f,2026-07-11,FPL0716015,UAM0121,a2,2,2,1,봉천,봉천,망우,망우,18,G7,F2,G2,F3,18:53:10,19:01:05,19:13:31,19:21:21,19:31:21,475.71,746.19,470,1691.9,0,221.64,ready,봉천 > 채석장 > 경부고속도로 양재천 다리 > 대치교 > 청담대교 중간지점 > 건대입구 > 망우,24.1938,14,"{""phase"":""A"",""startLLA"":{""lat"":37.482832,""lon"":126.942245,""alt"":0},""endLLA"":{""lat"":37.482832,""lon"":126.942245,""alt"":0},""targetSpeed"":3,""seq"":1}","{""phase"":""B"",""startLLA"":{""lat"":37.482832,""lon"":126.942245,""alt"":0},""endLLA"":{""lat"":37.482832,""lon"":126.942245,""alt"":15},""targetSpeed"":10,""seq"":2}","{""phase"":""C"",""startLLA"":{""lat"":37.482832,""lon"":126.942245,""alt"":15},""endLLA"":{""lat"":37.479398,""lon"":126.955183,""alt"":100},""targetSpeed"":36,""seq"":3}","{""phase"":""E"",""startLLA"":{""lat"":37.479398,""lon"":126.955183,""alt"":100},""endLLA"":{""lat"":37.471285,""lon"":126.985745,""alt"":265.41},""targetSpeed"":51.4,""seq"":4}","{""phase"":""E"",""startLLA"":{""lat"":37.471285,""lon"":126.985745,""alt"":265.41},""endLLA"":{""lat"":37.471336,""lon"":126.993456,""alt"":305},""targetSpeed"":51.4,""seq"":5}","{""phase"":""F"",""startLLA"":{""lat"":37.471336,""lon"":126.993456,""alt"":305},""endLLA"":{""lat"":37.471593,""lon"":127.032031,""alt"":305},""targetSpeed"":51.4,""seq"":6}","{""phase"":""F"",""startLLA"":{""lat"":37.471593,""lon"":127.032031,""alt"":305},""endLLA"":{""lat"":37.497702,""lon"":127.073855,""alt"":305},""targetSpeed"":51.4,""seq"":7}","{""phase"":""F"",""startLLA"":{""lat"":37.497702,""lon"":127.073855,""alt"":305},""endLLA"":{""lat"":37.526451,""lon"":127.064361,""alt"":305},""targetSpeed"":51.4,""seq"":8}","{""phase"":""F"",""startLLA"":{""lat"":37.526451,""lon"":127.064361,""alt"":305},""endLLA"":{""lat"":37.540426,""lon"":127.069298,""alt"":305},""targetSpeed"":51.4,""seq"":9}","{""phase"":""F"",""startLLA"":{""lat"":37.540426,""lon"":127.069298,""alt"":305},""endLLA"":{""lat"":37.557138,""lon"":127.0739,""alt"":305},""targetSpeed"":51.4,""seq"":10}","{""phase"":""G"",""startLLA"":{""lat"":37.557138,""lon"":127.0739,""alt"":305},""endLLA"":{""lat"":37.588105,""lon"":127.082427,""alt"":100},""targetSpeed"":36,""seq"":11}","{""phase"":""I"",""startLLA"":{""lat"":37.588105,""lon"":127.082427,""alt"":100},""endLLA"":{""lat"":37.596919,""lon"":127.084854,""alt"":15},""targetSpeed"":30,""seq"":12}","{""phase"":""J"",""startLLA"":{""lat"":37.596919,""lon"":127.084854,""alt"":15},""endLLA"":{""lat"":37.596919,""lon"":127.084854,""alt"":0},""targetSpeed"":10,""seq"":13}","{""phase"":""K"",""startLLA"":{""lat"":37.596919,""lon"":127.084854,""alt"":0},""endLLA"":{""lat"":37.596919,""lon"":127.084854,""alt"":0},""targetSpeed"":3,""seq"":14}",,,,,,,
98f166edc22f,2026-07-11,FPL0711016,UAM0033,a2,2,2,1,봉천,봉천,천호,천호,19,G4,F1,G7,F4,19:01:54,19:10:53,19:21:03,19:28:23,19:38:23,539.94,609.74,440,1589.68,34.22,128.43,ready,봉천 > 채석장 > 경부고속도로 양재천 다리 > 대치교 > 청담대교 중간지점 > 잠실대교 중간지점 > 천호,21.9712,14,"{""phase"":""A"",""startLLA"":{""lat"":37.482832,""lon"":126.942245,""alt"":0},""endLLA"":{""lat"":37.482832,""lon"":126.942245,""alt"":0},""targetSpeed"":3,""seq"":1}","{""phase"":""B"",""startLLA"":{""lat"":37.482832,""lon"":126.942245,""alt"":0},""endLLA"":{""lat"":37.482832,""lon"":126.942245,""alt"":15},""targetSpeed"":10,""seq"":2}","{""phase"":""C"",""startLLA"":{""lat"":37.482832,""lon"":126.942245,""alt"":15},""endLLA"":{""lat"":37.479397,""lon"":126.955184,""alt"":100},""targetSpeed"":36,""seq"":3}","{""phase"":""E"",""startLLA"":{""lat"":37.479397,""lon"":126.955184,""alt"":100},""endLLA"":{""lat"":37.471285,""lon"":126.985745,""alt"":265.4},""targetSpeed"":51.4,""seq"":4}","{""phase"":""E"",""startLLA"":{""lat"":37.471285,""lon"":126.985745,""alt"":265.4},""endLLA"":{""lat"":37.471336,""lon"":126.993461,""alt"":305},""targetSpeed"":51.4,""seq"":5}","{""phase"":""F"",""startLLA"":{""lat"":37.471336,""lon"":126.993461,""alt"":305},""endLLA"":{""lat"":37.471593,""lon"":127.032031,""alt"":305},""targetSpeed"":51.4,""seq"":6}","{""phase"":""F"",""startLLA"":{""lat"":37.471593,""lon"":127.032031,""alt"":305},""endLLA"":{""lat"":37.497702,""lon"":127.073855,""alt"":305},""targetSpeed"":51.4,""seq"":7}","{""phase"":""F"",""startLLA"":{""lat"":37.497702,""lon"":127.073855,""alt"":305},""endLLA"":{""lat"":37.526451,""lon"":127.064361,""alt"":305},""targetSpeed"":51.4,""seq"":8}","{""phase"":""F"",""startLLA"":{""lat"":37.526451,""lon"":127.064361,""alt"":305},""endLLA"":{""lat"":37.525291,""lon"":127.078987,""alt"":305},""targetSpeed"":51.4,""seq"":9}","{""phase"":""G"",""startLLA"":{""lat"":37.525291,""lon"":127.078987,""alt"":305},""endLLA"":{""lat"":37.524288,""lon"":127.091639,""alt"":239.78},""targetSpeed"":36,""seq"":10}","{""phase"":""G"",""startLLA"":{""lat"":37.524288,""lon"":127.091639,""alt"":239.78},""endLLA"":{""lat"":37.539417,""lon"":127.111104,""alt"":100},""targetSpeed"":36,""seq"":11}","{""phase"":""I"",""startLLA"":{""lat"":37.539417,""lon"":127.111104,""alt"":100},""endLLA"":{""lat"":37.545733,""lon"":127.11923,""alt"":15},""targetSpeed"":30,""seq"":12}","{""phase"":""J"",""startLLA"":{""lat"":37.545733,""lon"":127.11923,""alt"":15},""endLLA"":{""lat"":37.545733,""lon"":127.11923,""alt"":0},""targetSpeed"":10,""seq"":13}","{""phase"":""K"",""startLLA"":{""lat"":37.545733,""lon"":127.11923,""alt"":0},""endLLA"":{""lat"":37.545733,""lon"":127.11923,""alt"":0},""targetSpeed"":3,""seq"":14}",,,,,,,
98f166edc22f,2026-07-11,FPL0711017,UAM0119,a8,8,8,1,봉천,봉천,천호,천호,19,G8,F2,G6,F3,19:03:54,19:12:19,19:23:05,19:30:55,19:40:55,505.71,646,470,1621.71,0,0,ready,봉천 > 채석장 > 경부고속도로 양재천 다리 > 대치교 > 청담대교 중간지점 > 잠실대교 중간지점 > 천호,21.9712,14,"{""phase"":""A"",""startLLA"":{""lat"":37.482832,""lon"":126.942245,""alt"":0},""endLLA"":{""lat"":37.482832,""lon"":126.942245,""alt"":0},""targetSpeed"":3,""seq"":1}","{""phase"":""B"",""startLLA"":{""lat"":37.482832,""lon"":126.942245,""alt"":0},""endLLA"":{""lat"":37.482832,""lon"":126.942245,""alt"":15},""targetSpeed"":10,""seq"":2}","{""phase"":""C"",""startLLA"":{""lat"":37.482832,""lon"":126.942245,""alt"":15},""endLLA"":{""lat"":37.479397,""lon"":126.955184,""alt"":100},""targetSpeed"":36,""seq"":3}","{""phase"":""E"",""startLLA"":{""lat"":37.479397,""lon"":126.955184,""alt"":100},""endLLA"":{""lat"":37.471285,""lon"":126.985745,""alt"":265.4},""targetSpeed"":51.4,""seq"":4}","{""phase"":""E"",""startLLA"":{""lat"":37.471285,""lon"":126.985745,""alt"":265.4},""endLLA"":{""lat"":37.471336,""lon"":126.993461,""alt"":305},""targetSpeed"":51.4,""seq"":5}","{""phase"":""F"",""startLLA"":{""lat"":37.471336,""lon"":126.993461,""alt"":305},""endLLA"":{""lat"":37.471593,""lon"":127.032031,""alt"":305},""targetSpeed"":51.4,""seq"":6}","{""phase"":""F"",""startLLA"":{""lat"":37.471593,""lon"":127.032031,""alt"":305},""endLLA"":{""lat"":37.497702,""lon"":127.073855,""alt"":305},""targetSpeed"":51.4,""seq"":7}","{""phase"":""F"",""startLLA"":{""lat"":37.497702,""lon"":127.073855,""alt"":305},""endLLA"":{""lat"":37.526451,""lon"":127.064361,""alt"":305},""targetSpeed"":51.4,""seq"":8}","{""phase"":""F"",""startLLA"":{""lat"":37.526451,""lon"":127.064361,""alt"":305},""endLLA"":{""lat"":37.525291,""lon"":127.078987,""alt"":305},""targetSpeed"":51.4,""seq"":9}","{""phase"":""G"",""startLLA"":{""lat"":37.525291,""lon"":127.078987,""alt"":305},""endLLA"":{""lat"":37.524288,""lon"":127.091639,""alt"":239.78},""targetSpeed"":36,""seq"":10}","{""phase"":""G"",""startLLA"":{""lat"":37.524288,""lon"":127.091639,""alt"":239.78},""endLLA"":{""lat"":37.539417,""lon"":127.111104,""alt"":100},""targetSpeed"":36,""seq"":11}","{""phase"":""I"",""startLLA"":{""lat"":37.539417,""lon"":127.111104,""alt"":100},""endLLA"":{""lat"":37.545733,""lon"":127.11923,""alt"":15},""targetSpeed"":30,""seq"":12}","{""phase"":""J"",""startLLA"":{""lat"":37.545733,""lon"":127.11923,""alt"":15},""endLLA"":{""lat"":37.545733,""lon"":127.11923,""alt"":0},""targetSpeed"":10,""seq"":13}","{""phase"":""K"",""startLLA"":{""lat"":37.545733,""lon"":127.11923,""alt"":0},""endLLA"":{""lat"":37.545733,""lon"":127.11923,""alt"":0},""targetSpeed"":3,""seq"":14}",,,,,,,
98f166edc22f,2026-07-11,FPL0715019,UAM0015,a8,8,7,0.875,봉천,봉천,마곡,마곡,19,G2,F1,G8,F3,19:07:19,19:16:19,19:26:28,19:33:18,19:43:18,540.65,608.83,410,1559.49,94.94,199.47,ready,봉천 > 영등포 > 목동교 > 염창교 > 가양대교 남단 > 마곡,18.2733,13,"{""phase"":""A"",""startLLA"":{""lat"":37.482832,""lon"":126.942245,""alt"":0},""endLLA"":{""lat"":37.482832,""lon"":126.942245,""alt"":0},""targetSpeed"":3,""seq"":1}","{""phase"":""B"",""startLLA"":{""lat"":37.482832,""lon"":126.942245,""alt"":0},""endLLA"":{""lat"":37.482832,""lon"":126.942245,""alt"":15},""targetSpeed"":10,""seq"":2}","{""phase"":""C"",""startLLA"":{""lat"":37.482832,""lon"":126.942245,""alt"":15},""endLLA"":{""lat"":37.491176,""lon"":126.933559,""alt"":100},""targetSpeed"":36,""seq"":3}","{""phase"":""E"",""startLLA"":{""lat"":37.491176,""lon"":126.933559,""alt"":100},""endLLA"":{""lat"":37.515605,""lon"":126.908131,""alt"":305},""targetSpeed"":51.4,""seq"":4}","{""phase"":""F"",""startLLA"":{""lat"":37.515605,""lon"":126.908131,""alt"":305},""endLLA"":{""lat"":37.515965,""lon"":126.907756,""alt"":305},""targetSpeed"":51.4,""seq"":5}","{""phase"":""F"",""startLLA"":{""lat"":37.515965,""lon"":126.907756,""alt"":305},""endLLA"":{""lat"":37.530667,""lon"":126.888262,""alt"":305},""targetSpeed"":51.4,""seq"":6}","{""phase"":""F"",""startLLA"":{""lat"":37.530667,""lon"":126.888262,""alt"":305},""endLLA"":{""lat"":37.553824,""lon"":126.875819,""alt"":305},""targetSpeed"":51.4,""seq"":7}","{""phase"":""F"",""startLLA"":{""lat"":37.553824,""lon"":126.875819,""alt"":305},""endLLA"":{""lat"":37.569391,""lon"":126.861026,""alt"":305},""targetSpeed"":51.4,""seq"":8}","{""phase"":""F"",""startLLA"":{""lat"":37.569391,""lon"":126.861026,""alt"":305},""endLLA"":{""lat"":37.567854,""lon"":126.842862,""alt"":305},""targetSpeed"":51.4,""seq"":9}","{""phase"":""G"",""startLLA"":{""lat"":37.567854,""lon"":126.842862,""alt"":305},""endLLA"":{""lat"":37.564492,""lon"":126.803118,""alt"":100},""targetSpeed"":36,""seq"":10}","{""phase"":""I"",""startLLA"":{""lat"":37.564492,""lon"":126.803118,""alt"":100},""endLLA"":{""lat"":37.563535,""lon"":126.791805,""alt"":15},""targetSpeed"":30,""seq"":11}","{""phase"":""J"",""startLLA"":{""lat"":37.563535,""lon"":126.791805,""alt"":15},""endLLA"":{""lat"":37.563535,""lon"":126.791805,""alt"":0},""targetSpeed"":10,""seq"":12}","{""phase"":""K"",""startLLA"":{""lat"":37.563535,""lon"":126.791805,""alt"":0},""endLLA"":{""lat"":37.563535,""lon"":126.791805,""alt"":0},""targetSpeed"":3,""seq"":13}",,,,,,,,
98f166edc22f,2026-07-11,FPL0709022,UAM0091,a4,4,4,1,봉천,봉천,성수,성수,19,G3,F1,G6,F3,19:14:09,19:22:42,19:29:37,19:37:27,19:47:27,513.41,415.34,470,1398.75,37.69,0,ready,봉천 > 채석장 > 경부고속도로 양재천 다리 > 대치교 > 청담대교 중간지점 > 성수,18.5804,13,"{""phase"":""A"",""startLLA"":{""lat"":37.482832,""lon"":126.942245,""alt"":0},""endLLA"":{""lat"":37.482832,""lon"":126.942245,""alt"":0},""targetSpeed"":3,""seq"":1}","{""phase"":""B"",""startLLA"":{""lat"":37.482832,""lon"":126.942245,""alt"":0},""endLLA"":{""lat"":37.482832,""lon"":126.942245,""alt"":15},""targetSpeed"":10,""seq"":2}","{""phase"":""C"",""startLLA"":{""lat"":37.482832,""lon"":126.942245,""alt"":15},""endLLA"":{""lat"":37.479397,""lon"":126.955184,""alt"":100},""targetSpeed"":36,""seq"":3}","{""phase"":""E"",""startLLA"":{""lat"":37.479397,""lon"":126.955184,""alt"":100},""endLLA"":{""lat"":37.471285,""lon"":126.985745,""alt"":265.38},""targetSpeed"":51.4,""seq"":4}","{""phase"":""E"",""startLLA"":{""lat"":37.471285,""lon"":126.985745,""alt"":265.38},""endLLA"":{""lat"":37.471336,""lon"":126.993464,""alt"":305},""targetSpeed"":51.4,""seq"":5}","{""phase"":""F"",""startLLA"":{""lat"":37.471336,""lon"":126.993464,""alt"":305},""endLLA"":{""lat"":37.471593,""lon"":127.032031,""alt"":305},""targetSpeed"":51.4,""seq"":6}","{""phase"":""F"",""startLLA"":{""lat"":37.471593,""lon"":127.032031,""alt"":305},""endLLA"":{""lat"":37.497702,""lon"":127.073855,""alt"":305},""targetSpeed"":51.4,""seq"":7}","{""phase"":""F"",""startLLA"":{""lat"":37.497702,""lon"":127.073855,""alt"":305},""endLLA"":{""lat"":37.508255,""lon"":127.07037,""alt"":305},""targetSpeed"":51.4,""seq"":8}","{""phase"":""G"",""startLLA"":{""lat"":37.508255,""lon"":127.07037,""alt"":305},""endLLA"":{""lat"":37.526451,""lon"":127.064361,""alt"":183.36},""targetSpeed"":36,""seq"":9}","{""phase"":""G"",""startLLA"":{""lat"":37.526451,""lon"":127.064361,""alt"":183.36},""endLLA"":{""lat"":37.533784,""lon"":127.050993,""alt"":100},""targetSpeed"":36,""seq"":10}","{""phase"":""I"",""startLLA"":{""lat"":37.533784,""lon"":127.050993,""alt"":100},""endLLA"":{""lat"":37.538917,""lon"":127.041635,""alt"":15},""targetSpeed"":30,""seq"":11}","{""phase"":""J"",""startLLA"":{""lat"":37.538917,""lon"":127.041635,""alt"":15},""endLLA"":{""lat"":37.538917,""lon"":127.041635,""alt"":0},""targetSpeed"":10,""seq"":12}","{""phase"":""K"",""startLLA"":{""lat"":37.538917,""lon"":127.041635,""alt"":0},""endLLA"":{""lat"":37.538917,""lon"":127.041635,""alt"":0},""targetSpeed"":3,""seq"":13}",,,,,,,,
98f166edc22f,2026-07-11,FPL0702014,UAM0109,a6,6,4,0.6667,봉천,봉천,잠실,잠실,19,G4,F2,G4,F3,19:19:07,19:27:32,19:33:14,19:40:04,19:50:04,505.71,342.08,410,1257.79,0,0,ready,봉천 > 채석장 > 경부고속도로 양재천 다리 > 대치교 > 잠실,14.8146,12,"{""phase"":""A"",""startLLA"":{""lat"":37.482832,""lon"":126.942245,""alt"":0},""endLLA"":{""lat"":37.482832,""lon"":126.942245,""alt"":0},""targetSpeed"":3,""seq"":1}","{""phase"":""B"",""startLLA"":{""lat"":37.482832,""lon"":126.942245,""alt"":0},""endLLA"":{""lat"":37.482832,""lon"":126.942245,""alt"":15},""targetSpeed"":10,""seq"":2}","{""phase"":""C"",""startLLA"":{""lat"":37.482832,""lon"":126.942245,""alt"":15},""endLLA"":{""lat"":37.479397,""lon"":126.955186,""alt"":100},""targetSpeed"":36,""seq"":3}","{""phase"":""E"",""startLLA"":{""lat"":37.479397,""lon"":126.955186,""alt"":100},""endLLA"":{""lat"":37.471285,""lon"":126.985745,""alt"":265.36},""targetSpeed"":51.4,""seq"":4}","{""phase"":""E"",""startLLA"":{""lat"":37.471285,""lon"":126.985745,""alt"":265.36},""endLLA"":{""lat"":37.471336,""lon"":126.99347,""alt"":305},""targetSpeed"":51.4,""seq"":5}","{""phase"":""F"",""startLLA"":{""lat"":37.471336,""lon"":126.99347,""alt"":305},""endLLA"":{""lat"":37.471593,""lon"":127.032031,""alt"":305},""targetSpeed"":51.4,""seq"":6}","{""phase"":""F"",""startLLA"":{""lat"":37.471593,""lon"":127.032031,""alt"":305},""endLLA"":{""lat"":37.483526,""lon"":127.051147,""alt"":305},""targetSpeed"":51.4,""seq"":7}","{""phase"":""G"",""startLLA"":{""lat"":37.483526,""lon"":127.051147,""alt"":305},""endLLA"":{""lat"":37.497702,""lon"":127.073855,""alt"":156.75},""targetSpeed"":36,""seq"":8}","{""phase"":""G"",""startLLA"":{""lat"":37.497702,""lon"":127.073855,""alt"":156.75},""endLLA"":{""lat"":37.506266,""lon"":127.071433,""alt"":100},""targetSpeed"":36,""seq"":9}","{""phase"":""I"",""startLLA"":{""lat"":37.506266,""lon"":127.071433,""alt"":100},""endLLA"":{""lat"":37.515071,""lon"":127.068942,""alt"":15},""targetSpeed"":30,""seq"":10}","{""phase"":""J"",""startLLA"":{""lat"":37.515071,""lon"":127.068942,""alt"":15},""endLLA"":{""lat"":37.515071,""lon"":127.068942,""alt"":0},""targetSpeed"":10,""seq"":11}","{""phase"":""K"",""startLLA"":{""lat"":37.515071,""lon"":127.068942,""alt"":0},""endLLA"":{""lat"":37.515071,""lon"":127.068942,""alt"":0},""targetSpeed"":3,""seq"":12}",,,,,,,,,
98f166edc22f,2026-07-11,FPL0706015,UAM0116,a4,4,3,0.75,봉천,봉천,미아,미아,19,G7,F1,G8,F3,19:20:22,19:28:17,19:39:14,19:46:04,19:56:04,475.71,656.41,410,1542.12,0,0,ready,봉천 > 채석장 > 경부고속도로 양재천 다리 > 대치교 > 청담대교 중간지점 > 건대입구 > 중랑천 제방길 > 상봉 > 월릉교 > 미아,30.9711,17,"{""phase"":""A"",""startLLA"":{""lat"":37.482832,""lon"":126.942245,""alt"":0},""endLLA"":{""lat"":37.482832,""lon"":126.942245,""alt"":0},""targetSpeed"":3,""seq"":1}","{""phase"":""B"",""startLLA"":{""lat"":37.482832,""lon"":126.942245,""alt"":0},""endLLA"":{""lat"":37.482832,""lon"":126.942245,""alt"":15},""targetSpeed"":10,""seq"":2}","{""phase"":""C"",""startLLA"":{""lat"":37.482832,""lon"":126.942245,""alt"":15},""endLLA"":{""lat"":37.479399,""lon"":126.95518,""alt"":100},""targetSpeed"":36,""seq"":3}","{""phase"":""E"",""startLLA"":{""lat"":37.479399,""lon"":126.95518,""alt"":100},""endLLA"":{""lat"":37.471285,""lon"":126.985745,""alt"":265.47},""targetSpeed"":51.4,""seq"":4}","{""phase"":""E"",""startLLA"":{""lat"":37.471285,""lon"":126.985745,""alt"":265.47},""endLLA"":{""lat"":37.471336,""lon"":126.993444,""alt"":305},""targetSpeed"":51.4,""seq"":5}","{""phase"":""F"",""startLLA"":{""lat"":37.471336,""lon"":126.993444,""alt"":305},""endLLA"":{""lat"":37.471593,""lon"":127.032031,""alt"":305},""targetSpeed"":51.4,""seq"":6}","{""phase"":""F"",""startLLA"":{""lat"":37.471593,""lon"":127.032031,""alt"":305},""endLLA"":{""lat"":37.497702,""lon"":127.073855,""alt"":305},""targetSpeed"":51.4,""seq"":7}","{""phase"":""F"",""startLLA"":{""lat"":37.497702,""lon"":127.073855,""alt"":305},""endLLA"":{""lat"":37.526451,""lon"":127.064361,""alt"":305},""targetSpeed"":51.4,""seq"":8}","{""phase"":""F"",""startLLA"":{""lat"":37.526451,""lon"":127.064361,""alt"":305},""endLLA"":{""lat"":37.540426,""lon"":127.069298,""alt"":305},""targetSpeed"":51.4,""seq"":9}","{""phase"":""F"",""startLLA"":{""lat"":37.540426,""lon"":127.069298,""alt"":305},""endLLA"":{""lat"":37.580774,""lon"":127.077387,""alt"":305},""targetSpeed"":51.4,""seq"":10}","{""phase"":""F"",""startLLA"":{""lat"":37.580774,""lon"":127.077387,""alt"":305},""endLLA"":{""lat"":37.596919,""lon"":127.084854,""alt"":305},""targetSpeed"":51.4,""seq"":11}","{""phase"":""F"",""startLLA"":{""lat"":37.596919,""lon"":127.084854,""alt"":305},""endLLA"":{""lat"":37.614352,""lon"":127.072725,""alt"":305},""targetSpeed"":51.4,""seq"":12}","{""phase"":""G"",""startLLA"":{""lat"":37.614352,""lon"":127.072725,""alt"":305},""endLLA"":{""lat"":37.616266,""lon"":127.071394,""alt"":290.86},""targetSpeed"":36,""seq"":13}","{""phase"":""G"",""startLLA"":{""lat"":37.616266,""lon"":127.071394,""alt"":290.86},""endLLA"":{""lat"":37.626943,""lon"":127.036669,""alt"":100},""targetSpeed"":36,""seq"":14}","{""phase"":""I"",""startLLA"":{""lat"":37.626943,""lon"":127.036669,""alt"":100},""endLLA"":{""lat"":37.630207,""lon"":127.026053,""alt"":15},""targetSpeed"":30,""seq"":15}","{""phase"":""J"",""startLLA"":{""lat"":37.630207,""lon"":127.026053,""alt"":15},""endLLA"":{""lat"":37.630207,""lon"":127.026053,""alt"":0},""targetSpeed"":10,""seq"":16}","{""phase"":""K"",""startLLA"":{""lat"":37.630207,""lon"":127.026053,""alt"":0},""endLLA"":{""lat"":37.630207,""lon"":127.026053,""alt"":0},""targetSpeed"":3,""seq"":17}",,,,
98f166edc22f,2026-07-11,FPL0710012,UAM0134,a6,6,3,0.5,봉천,봉천,연신내,연신내,19,G8,F2,G3,F3,19:24:47,19:33:12,19:39:42,19:47:02,19:57:02,505.71,389.99,440,1335.71,0,0,ready,봉천 > 영등포 > 선유도 17고지 > 성산대교 중간지점 > 수색교 > 연신내,17.2775,13,"{""phase"":""A"",""startLLA"":{""lat"":37.482832,""lon"":126.942245,""alt"":0},""endLLA"":{""lat"":37.482832,""lon"":126.942245,""alt"":0},""targetSpeed"":3,""seq"":1}","{""phase"":""B"",""startLLA"":{""lat"":37.482832,""lon"":126.942245,""alt"":0},""endLLA"":{""lat"":37.482832,""lon"":126.942245,""alt"":15},""targetSpeed"":10,""seq"":2}","{""phase"":""C"",""startLLA"":{""lat"":37.482832,""lon"":126.942245,""alt"":15},""endLLA"":{""lat"":37.491176,""lon"":126.933559,""alt"":100},""targetSpeed"":36,""seq"":3}","{""phase"":""E"",""startLLA"":{""lat"":37.491176,""lon"":126.933559,""alt"":100},""endLLA"":{""lat"":37.515605,""lon"":126.908131,""alt"":305},""targetSpeed"":51.4,""seq"":4}","{""phase"":""F"",""startLLA"":{""lat"":37.515605,""lon"":126.908131,""alt"":305},""endLLA"":{""lat"":37.515965,""lon"":126.907756,""alt"":305},""targetSpeed"":51.4,""seq"":5}","{""phase"":""F"",""startLLA"":{""lat"":37.515965,""lon"":126.907756,""alt"":305},""endLLA"":{""lat"":37.542307,""lon"":126.90249,""alt"":305},""targetSpeed"":51.4,""seq"":6}","{""phase"":""F"",""startLLA"":{""lat"":37.542307,""lon"":126.90249,""alt"":305},""endLLA"":{""lat"":37.552574,""lon"":126.891431,""alt"":305},""targetSpeed"":51.4,""seq"":7}","{""phase"":""F"",""startLLA"":{""lat"":37.552574,""lon"":126.891431,""alt"":305},""endLLA"":{""lat"":37.583705,""lon"":126.886696,""alt"":305},""targetSpeed"":51.4,""seq"":8}","{""phase"":""G"",""startLLA"":{""lat"":37.583705,""lon"":126.886696,""alt"":305},""endLLA"":{""lat"":37.586283,""lon"":126.886304,""alt"":288.2},""targetSpeed"":36,""seq"":9}","{""phase"":""G"",""startLLA"":{""lat"":37.586283,""lon"":126.886304,""alt"":288.2},""endLLA"":{""lat"":37.605261,""lon"":126.914122,""alt"":100},""targetSpeed"":36,""seq"":10}","{""phase"":""I"",""startLLA"":{""lat"":37.605261,""lon"":126.914122,""alt"":100},""endLLA"":{""lat"":37.611145,""lon"":126.922747,""alt"":15},""targetSpeed"":30,""seq"":11}","{""phase"":""J"",""startLLA"":{""lat"":37.611145,""lon"":126.922747,""alt"":15},""endLLA"":{""lat"":37.611145,""lon"":126.922747,""alt"":0},""targetSpeed"":10,""seq"":12}","{""phase"":""K"",""startLLA"":{""lat"":37.611145,""lon"":126.922747,""alt"":0},""endLLA"":{""lat"":37.611145,""lon"":126.922747,""alt"":0},""targetSpeed"":3,""seq"":13}",,,,,,,,
98f166edc22f,2026-07-11,FPL0711018,UAM0059,a4,4,3,0.75,봉천,봉천,천호,천호,19,G2,F1,G4,F4,19:26:27,19:33:52,19:43:50,19:50:40,20:00:40,445.71,598.14,410,1453.86,0,81.14,ready,봉천 > 채석장 > 경부고속도로 양재천 다리 > 대치교 > 청담대교 중간지점 > 잠실대교 중간지점 > 천호,21.9712,14,"{""phase"":""A"",""startLLA"":{""lat"":37.482832,""lon"":126.942245,""alt"":0},""endLLA"":{""lat"":37.482832,""lon"":126.942245,""alt"":0},""targetSpeed"":3,""seq"":1}","{""phase"":""B"",""startLLA"":{""lat"":37.482832,""lon"":126.942245,""alt"":0},""endLLA"":{""lat"":37.482832,""lon"":126.942245,""alt"":15},""targetSpeed"":10,""seq"":2}","{""phase"":""C"",""startLLA"":{""lat"":37.482832,""lon"":126.942245,""alt"":15},""endLLA"":{""lat"":37.479397,""lon"":126.955184,""alt"":100},""targetSpeed"":36,""seq"":3}","{""phase"":""E"",""startLLA"":{""lat"":37.479397,""lon"":126.955184,""alt"":100},""endLLA"":{""lat"":37.471285,""lon"":126.985745,""alt"":265.4},""targetSpeed"":51.4,""seq"":4}","{""phase"":""E"",""startLLA"":{""lat"":37.471285,""lon"":126.985745,""alt"":265.4},""endLLA"":{""lat"":37.471336,""lon"":126.993461,""alt"":305},""targetSpeed"":51.4,""seq"":5}","{""phase"":""F"",""startLLA"":{""lat"":37.471336,""lon"":126.993461,""alt"":305},""endLLA"":{""lat"":37.471593,""lon"":127.032031,""alt"":305},""targetSpeed"":51.4,""seq"":6}","{""phase"":""F"",""startLLA"":{""lat"":37.471593,""lon"":127.032031,""alt"":305},""endLLA"":{""lat"":37.497702,""lon"":127.073855,""alt"":305},""targetSpeed"":51.4,""seq"":7}","{""phase"":""F"",""startLLA"":{""lat"":37.497702,""lon"":127.073855,""alt"":305},""endLLA"":{""lat"":37.526451,""lon"":127.064361,""alt"":305},""targetSpeed"":51.4,""seq"":8}","{""phase"":""F"",""startLLA"":{""lat"":37.526451,""lon"":127.064361,""alt"":305},""endLLA"":{""lat"":37.525291,""lon"":127.078987,""alt"":305},""targetSpeed"":51.4,""seq"":9}","{""phase"":""G"",""startLLA"":{""lat"":37.525291,""lon"":127.078987,""alt"":305},""endLLA"":{""lat"":37.524288,""lon"":127.091639,""alt"":239.78},""targetSpeed"":36,""seq"":10}","{""phase"":""G"",""startLLA"":{""lat"":37.524288,""lon"":127.091639,""alt"":239.78},""endLLA"":{""lat"":37.539417,""lon"":127.111104,""alt"":100},""targetSpeed"":36,""seq"":11}","{""phase"":""I"",""startLLA"":{""lat"":37.539417,""lon"":127.111104,""alt"":100},""endLLA"":{""lat"":37.545733,""lon"":127.11923,""alt"":15},""targetSpeed"":30,""seq"":12}","{""phase"":""J"",""startLLA"":{""lat"":37.545733,""lon"":127.11923,""alt"":15},""endLLA"":{""lat"":37.545733,""lon"":127.11923,""alt"":0},""targetSpeed"":10,""seq"":13}","{""phase"":""K"",""startLLA"":{""lat"":37.545733,""lon"":127.11923,""alt"":0},""endLLA"":{""lat"":37.545733,""lon"":127.11923,""alt"":0},""targetSpeed"":3,""seq"":14}",,,,,,,
98f166edc22f,2026-07-11,FPL0716016,UAM0132,a4,4,2,0.5,봉천,봉천,망우,망우,19,G4,F1,G3,F3,19:41:09,19:49:34,19:58:19,20:05:39,20:15:39,505.71,524.55,440,1470.26,0,0,ready,봉천 > 채석장 > 경부고속도로 양재천 다리 > 대치교 > 청담대교 중간지점 > 건대입구 > 망우,24.1938,14,"{""phase"":""A"",""startLLA"":{""lat"":37.482832,""lon"":126.942245,""alt"":0},""endLLA"":{""lat"":37.482832,""lon"":126.942245,""alt"":0},""targetSpeed"":3,""seq"":1}","{""phase"":""B"",""startLLA"":{""lat"":37.482832,""lon"":126.942245,""alt"":0},""endLLA"":{""lat"":37.482832,""lon"":126.942245,""alt"":15},""targetSpeed"":10,""seq"":2}","{""phase"":""C"",""startLLA"":{""lat"":37.482832,""lon"":126.942245,""alt"":15},""endLLA"":{""lat"":37.479398,""lon"":126.955183,""alt"":100},""targetSpeed"":36,""seq"":3}","{""phase"":""E"",""startLLA"":{""lat"":37.479398,""lon"":126.955183,""alt"":100},""endLLA"":{""lat"":37.471285,""lon"":126.985745,""alt"":265.41},""targetSpeed"":51.4,""seq"":4}","{""phase"":""E"",""startLLA"":{""lat"":37.471285,""lon"":126.985745,""alt"":265.41},""endLLA"":{""lat"":37.471336,""lon"":126.993456,""alt"":305},""targetSpeed"":51.4,""seq"":5}","{""phase"":""F"",""startLLA"":{""lat"":37.471336,""lon"":126.993456,""alt"":305},""endLLA"":{""lat"":37.471593,""lon"":127.032031,""alt"":305},""targetSpeed"":51.4,""seq"":6}","{""phase"":""F"",""startLLA"":{""lat"":37.471593,""lon"":127.032031,""alt"":305},""endLLA"":{""lat"":37.497702,""lon"":127.073855,""alt"":305},""targetSpeed"":51.4,""seq"":7}","{""phase"":""F"",""startLLA"":{""lat"":37.497702,""lon"":127.073855,""alt"":305},""endLLA"":{""lat"":37.526451,""lon"":127.064361,""alt"":305},""targetSpeed"":51.4,""seq"":8}","{""phase"":""F"",""startLLA"":{""lat"":37.526451,""lon"":127.064361,""alt"":305},""endLLA"":{""lat"":37.540426,""lon"":127.069298,""alt"":305},""targetSpeed"":51.4,""seq"":9}","{""phase"":""F"",""startLLA"":{""lat"":37.540426,""lon"":127.069298,""alt"":305},""endLLA"":{""lat"":37.557138,""lon"":127.0739,""alt"":305},""targetSpeed"":51.4,""seq"":10}","{""phase"":""G"",""startLLA"":{""lat"":37.557138,""lon"":127.0739,""alt"":305},""endLLA"":{""lat"":37.588105,""lon"":127.082427,""alt"":100},""targetSpeed"":36,""seq"":11}","{""phase"":""I"",""startLLA"":{""lat"":37.588105,""lon"":127.082427,""alt"":100},""endLLA"":{""lat"":37.596919,""lon"":127.084854,""alt"":15},""targetSpeed"":30,""seq"":12}","{""phase"":""J"",""startLLA"":{""lat"":37.596919,""lon"":127.084854,""alt"":15},""endLLA"":{""lat"":37.596919,""lon"":127.084854,""alt"":0},""targetSpeed"":10,""seq"":13}","{""phase"":""K"",""startLLA"":{""lat"":37.596919,""lon"":127.084854,""alt"":0},""endLLA"":{""lat"":37.596919,""lon"":127.084854,""alt"":0},""targetSpeed"":3,""seq"":14}",,,,,,,
98f166edc22f,2026-07-11,FPL0709023,UAM0090,a2,2,1,0.5,봉천,봉천,성수,성수,19,G8,F2,G8,F4,19:43:39,19:52:04,20:00:08,20:07:38,20:17:38,505.71,484,450,1439.71,0,40,ready,봉천 > 채석장 > 경부고속도로 양재천 다리 > 대치교 > 청담대교 중간지점 > 성수,18.5804,13,"{""phase"":""A"",""startLLA"":{""lat"":37.482832,""lon"":126.942245,""alt"":0},""endLLA"":{""lat"":37.482832,""lon"":126.942245,""alt"":0},""targetSpeed"":3,""seq"":1}","{""phase"":""B"",""startLLA"":{""lat"":37.482832,""lon"":126.942245,""alt"":0},""endLLA"":{""lat"":37.482832,""lon"":126.942245,""alt"":15},""targetSpeed"":10,""seq"":2}","{""phase"":""C"",""startLLA"":{""lat"":37.482832,""lon"":126.942245,""alt"":15},""endLLA"":{""lat"":37.479397,""lon"":126.955184,""alt"":100},""targetSpeed"":36,""seq"":3}","{""phase"":""E"",""startLLA"":{""lat"":37.479397,""lon"":126.955184,""alt"":100},""endLLA"":{""lat"":37.471285,""lon"":126.985745,""alt"":265.38},""targetSpeed"":51.4,""seq"":4}","{""phase"":""E"",""startLLA"":{""lat"":37.471285,""lon"":126.985745,""alt"":265.38},""endLLA"":{""lat"":37.471336,""lon"":126.993464,""alt"":305},""targetSpeed"":51.4,""seq"":5}","{""phase"":""F"",""startLLA"":{""lat"":37.471336,""lon"":126.993464,""alt"":305},""endLLA"":{""lat"":37.471593,""lon"":127.032031,""alt"":305},""targetSpeed"":51.4,""seq"":6}","{""phase"":""F"",""startLLA"":{""lat"":37.471593,""lon"":127.032031,""alt"":305},""endLLA"":{""lat"":37.497702,""lon"":127.073855,""alt"":305},""targetSpeed"":51.4,""seq"":7}","{""phase"":""F"",""startLLA"":{""lat"":37.497702,""lon"":127.073855,""alt"":305},""endLLA"":{""lat"":37.508255,""lon"":127.07037,""alt"":305},""targetSpeed"":51.4,""seq"":8}","{""phase"":""G"",""startLLA"":{""lat"":37.508255,""lon"":127.07037,""alt"":305},""endLLA"":{""lat"":37.526451,""lon"":127.064361,""alt"":183.36},""targetSpeed"":36,""seq"":9}","{""phase"":""G"",""startLLA"":{""lat"":37.526451,""lon"":127.064361,""alt"":183.36},""endLLA"":{""lat"":37.533784,""lon"":127.050993,""alt"":100},""targetSpeed"":36,""seq"":10}","{""phase"":""I"",""startLLA"":{""lat"":37.533784,""lon"":127.050993,""alt"":100},""endLLA"":{""lat"":37.538917,""lon"":127.041635,""alt"":15},""targetSpeed"":30,""seq"":11}","{""phase"":""J"",""startLLA"":{""lat"":37.538917,""lon"":127.041635,""alt"":15},""endLLA"":{""lat"":37.538917,""lon"":127.041635,""alt"":0},""targetSpeed"":10,""seq"":12}","{""phase"":""K"",""startLLA"":{""lat"":37.538917,""lon"":127.041635,""alt"":0},""endLLA"":{""lat"":37.538917,""lon"":127.041635,""alt"":0},""targetSpeed"":3,""seq"":13}",,,,,,,,
98f166edc22f,2026-07-11,FPL0717014,UAM0123,a4,4,1,0.25,봉천,봉천,수서,수서,19,G3,F1,G8,F3,19:50:54,19:58:49,20:04:24,20:11:14,20:21:14,475.71,334.77,410,1220.48,0,0,ready,봉천 > 채석장 > 경부고속도로 양재천 다리 > 수서,14.439,11,"{""phase"":""A"",""startLLA"":{""lat"":37.482832,""lon"":126.942245,""alt"":0},""endLLA"":{""lat"":37.482832,""lon"":126.942245,""alt"":0},""targetSpeed"":3,""seq"":1}","{""phase"":""B"",""startLLA"":{""lat"":37.482832,""lon"":126.942245,""alt"":0},""endLLA"":{""lat"":37.482832,""lon"":126.942245,""alt"":15},""targetSpeed"":10,""seq"":2}","{""phase"":""C"",""startLLA"":{""lat"":37.482832,""lon"":126.942245,""alt"":15},""endLLA"":{""lat"":37.479396,""lon"":126.955188,""alt"":100},""targetSpeed"":36,""seq"":3}","{""phase"":""E"",""startLLA"":{""lat"":37.479396,""lon"":126.955188,""alt"":100},""endLLA"":{""lat"":37.471285,""lon"":126.985745,""alt"":265.31},""targetSpeed"":51.4,""seq"":4}","{""phase"":""E"",""startLLA"":{""lat"":37.471285,""lon"":126.985745,""alt"":265.31},""endLLA"":{""lat"":37.471336,""lon"":126.99348,""alt"":305},""targetSpeed"":51.4,""seq"":5}","{""phase"":""F"",""startLLA"":{""lat"":37.471336,""lon"":126.99348,""alt"":305},""endLLA"":{""lat"":37.471593,""lon"":127.032031,""alt"":305},""targetSpeed"":51.4,""seq"":6}","{""phase"":""F"",""startLLA"":{""lat"":37.471593,""lon"":127.032031,""alt"":305},""endLLA"":{""lat"":37.476051,""lon"":127.051318,""alt"":305},""targetSpeed"":51.4,""seq"":7}","{""phase"":""G"",""startLLA"":{""lat"":37.476051,""lon"":127.051318,""alt"":305},""endLLA"":{""lat"":37.484917,""lon"":127.089683,""alt"":100},""targetSpeed"":36,""seq"":8}","{""phase"":""I"",""startLLA"":{""lat"":37.484917,""lon"":127.089683,""alt"":100},""endLLA"":{""lat"":37.487441,""lon"":127.100603,""alt"":15},""targetSpeed"":30,""seq"":9}","{""phase"":""J"",""startLLA"":{""lat"":37.487441,""lon"":127.100603,""alt"":15},""endLLA"":{""lat"":37.487441,""lon"":127.100603,""alt"":0},""targetSpeed"":10,""seq"":10}","{""phase"":""K"",""startLLA"":{""lat"":37.487441,""lon"":127.100603,""alt"":0},""endLLA"":{""lat"":37.487441,""lon"":127.100603,""alt"":0},""targetSpeed"":3,""seq"":11}",,,,,,,,,,
98f166edc22f,2026-07-11,FPL0715020,UAM0096,a8,8,8,1,봉천,봉천,마곡,마곡,20,G4,F1,G8,F4,20:00:14,20:08:39,20:19:14,20:26:04,20:36:04,505.71,635.14,410,1550.86,0,53.14,ready,봉천 > 영등포 > 목동교 > 염창교 > 가양대교 남단 > 마곡,18.2733,13,"{""phase"":""A"",""startLLA"":{""lat"":37.482832,""lon"":126.942245,""alt"":0},""endLLA"":{""lat"":37.482832,""lon"":126.942245,""alt"":0},""targetSpeed"":3,""seq"":1}","{""phase"":""B"",""startLLA"":{""lat"":37.482832,""lon"":126.942245,""alt"":0},""endLLA"":{""lat"":37.482832,""lon"":126.942245,""alt"":15},""targetSpeed"":10,""seq"":2}","{""phase"":""C"",""startLLA"":{""lat"":37.482832,""lon"":126.942245,""alt"":15},""endLLA"":{""lat"":37.491176,""lon"":126.933559,""alt"":100},""targetSpeed"":36,""seq"":3}","{""phase"":""E"",""startLLA"":{""lat"":37.491176,""lon"":126.933559,""alt"":100},""endLLA"":{""lat"":37.515605,""lon"":126.908131,""alt"":305},""targetSpeed"":51.4,""seq"":4}","{""phase"":""F"",""startLLA"":{""lat"":37.515605,""lon"":126.908131,""alt"":305},""endLLA"":{""lat"":37.515965,""lon"":126.907756,""alt"":305},""targetSpeed"":51.4,""seq"":5}","{""phase"":""F"",""startLLA"":{""lat"":37.515965,""lon"":126.907756,""alt"":305},""endLLA"":{""lat"":37.530667,""lon"":126.888262,""alt"":305},""targetSpeed"":51.4,""seq"":6}","{""phase"":""F"",""startLLA"":{""lat"":37.530667,""lon"":126.888262,""alt"":305},""endLLA"":{""lat"":37.553824,""lon"":126.875819,""alt"":305},""targetSpeed"":51.4,""seq"":7}","{""phase"":""F"",""startLLA"":{""lat"":37.553824,""lon"":126.875819,""alt"":305},""endLLA"":{""lat"":37.569391,""lon"":126.861026,""alt"":305},""targetSpeed"":51.4,""seq"":8}","{""phase"":""F"",""startLLA"":{""lat"":37.569391,""lon"":126.861026,""alt"":305},""endLLA"":{""lat"":37.567854,""lon"":126.842862,""alt"":305},""targetSpeed"":51.4,""seq"":9}","{""phase"":""G"",""startLLA"":{""lat"":37.567854,""lon"":126.842862,""alt"":305},""endLLA"":{""lat"":37.564492,""lon"":126.803118,""alt"":100},""targetSpeed"":36,""seq"":10}","{""phase"":""I"",""startLLA"":{""lat"":37.564492,""lon"":126.803118,""alt"":100},""endLLA"":{""lat"":37.563535,""lon"":126.791805,""alt"":15},""targetSpeed"":30,""seq"":11}","{""phase"":""J"",""startLLA"":{""lat"":37.563535,""lon"":126.791805,""alt"":15},""endLLA"":{""lat"":37.563535,""lon"":126.791805,""alt"":0},""targetSpeed"":10,""seq"":12}","{""phase"":""K"",""startLLA"":{""lat"":37.563535,""lon"":126.791805,""alt"":0},""endLLA"":{""lat"":37.563535,""lon"":126.791805,""alt"":0},""targetSpeed"":3,""seq"":13}",,,,,,,,
98f166edc22f,2026-07-11,FPL0709024,UAM0009,a2,2,2,1,봉천,봉천,성수,성수,20,G8,F2,G8,F4,20:03:59,20:12:24,20:19:20,20:26:47,20:36:47,505.71,415.34,447.29,1368.35,0,37.29,ready,봉천 > 채석장 > 경부고속도로 양재천 다리 > 대치교 > 청담대교 중간지점 > 성수,18.5804,13,"{""phase"":""A"",""startLLA"":{""lat"":37.482832,""lon"":126.942245,""alt"":0},""endLLA"":{""lat"":37.482832,""lon"":126.942245,""alt"":0},""targetSpeed"":3,""seq"":1}","{""phase"":""B"",""startLLA"":{""lat"":37.482832,""lon"":126.942245,""alt"":0},""endLLA"":{""lat"":37.482832,""lon"":126.942245,""alt"":15},""targetSpeed"":10,""seq"":2}","{""phase"":""C"",""startLLA"":{""lat"":37.482832,""lon"":126.942245,""alt"":15},""endLLA"":{""lat"":37.479397,""lon"":126.955184,""alt"":100},""targetSpeed"":36,""seq"":3}","{""phase"":""E"",""startLLA"":{""lat"":37.479397,""lon"":126.955184,""alt"":100},""endLLA"":{""lat"":37.471285,""lon"":126.985745,""alt"":265.38},""targetSpeed"":51.4,""seq"":4}","{""phase"":""E"",""startLLA"":{""lat"":37.471285,""lon"":126.985745,""alt"":265.38},""endLLA"":{""lat"":37.471336,""lon"":126.993464,""alt"":305},""targetSpeed"":51.4,""seq"":5}","{""phase"":""F"",""startLLA"":{""lat"":37.471336,""lon"":126.993464,""alt"":305},""endLLA"":{""lat"":37.471593,""lon"":127.032031,""alt"":305},""targetSpeed"":51.4,""seq"":6}","{""phase"":""F"",""startLLA"":{""lat"":37.471593,""lon"":127.032031,""alt"":305},""endLLA"":{""lat"":37.497702,""lon"":127.073855,""alt"":305},""targetSpeed"":51.4,""seq"":7}","{""phase"":""F"",""startLLA"":{""lat"":37.497702,""lon"":127.073855,""alt"":305},""endLLA"":{""lat"":37.508255,""lon"":127.07037,""alt"":305},""targetSpeed"":51.4,""seq"":8}","{""phase"":""G"",""startLLA"":{""lat"":37.508255,""lon"":127.07037,""alt"":305},""endLLA"":{""lat"":37.526451,""lon"":127.064361,""alt"":183.36},""targetSpeed"":36,""seq"":9}","{""phase"":""G"",""startLLA"":{""lat"":37.526451,""lon"":127.064361,""alt"":183.36},""endLLA"":{""lat"":37.533784,""lon"":127.050993,""alt"":100},""targetSpeed"":36,""seq"":10}","{""phase"":""I"",""startLLA"":{""lat"":37.533784,""lon"":127.050993,""alt"":100},""endLLA"":{""lat"":37.538917,""lon"":127.041635,""alt"":15},""targetSpeed"":30,""seq"":11}","{""phase"":""J"",""startLLA"":{""lat"":37.538917,""lon"":127.041635,""alt"":15},""endLLA"":{""lat"":37.538917,""lon"":127.041635,""alt"":0},""targetSpeed"":10,""seq"":12}","{""phase"":""K"",""startLLA"":{""lat"":37.538917,""lon"":127.041635,""alt"":0},""endLLA"":{""lat"":37.538917,""lon"":127.041635,""alt"":0},""targetSpeed"":3,""seq"":13}",,,,,,,,
98f166edc22f,2026-07-11,FPL0717015,UAM0031,a8,8,5,0.625,봉천,봉천,수서,수서,20,G3,F1,G7,F4,20:13:20,20:21:15,20:26:50,20:34:10,20:44:10,475.71,334.77,440,1250.48,0,0,ready,봉천 > 채석장 > 경부고속도로 양재천 다리 > 수서,14.439,11,"{""phase"":""A"",""startLLA"":{""lat"":37.482832,""lon"":126.942245,""alt"":0},""endLLA"":{""lat"":37.482832,""lon"":126.942245,""alt"":0},""targetSpeed"":3,""seq"":1}","{""phase"":""B"",""startLLA"":{""lat"":37.482832,""lon"":126.942245,""alt"":0},""endLLA"":{""lat"":37.482832,""lon"":126.942245,""alt"":15},""targetSpeed"":10,""seq"":2}","{""phase"":""C"",""startLLA"":{""lat"":37.482832,""lon"":126.942245,""alt"":15},""endLLA"":{""lat"":37.479396,""lon"":126.955188,""alt"":100},""targetSpeed"":36,""seq"":3}","{""phase"":""E"",""startLLA"":{""lat"":37.479396,""lon"":126.955188,""alt"":100},""endLLA"":{""lat"":37.471285,""lon"":126.985745,""alt"":265.31},""targetSpeed"":51.4,""seq"":4}","{""phase"":""E"",""startLLA"":{""lat"":37.471285,""lon"":126.985745,""alt"":265.31},""endLLA"":{""lat"":37.471336,""lon"":126.99348,""alt"":305},""targetSpeed"":51.4,""seq"":5}","{""phase"":""F"",""startLLA"":{""lat"":37.471336,""lon"":126.99348,""alt"":305},""endLLA"":{""lat"":37.471593,""lon"":127.032031,""alt"":305},""targetSpeed"":51.4,""seq"":6}","{""phase"":""F"",""startLLA"":{""lat"":37.471593,""lon"":127.032031,""alt"":305},""endLLA"":{""lat"":37.476051,""lon"":127.051318,""alt"":305},""targetSpeed"":51.4,""seq"":7}","{""phase"":""G"",""startLLA"":{""lat"":37.476051,""lon"":127.051318,""alt"":305},""endLLA"":{""lat"":37.484917,""lon"":127.089683,""alt"":100},""targetSpeed"":36,""seq"":8}","{""phase"":""I"",""startLLA"":{""lat"":37.484917,""lon"":127.089683,""alt"":100},""endLLA"":{""lat"":37.487441,""lon"":127.100603,""alt"":15},""targetSpeed"":30,""seq"":9}","{""phase"":""J"",""startLLA"":{""lat"":37.487441,""lon"":127.100603,""alt"":15},""endLLA"":{""lat"":37.487441,""lon"":127.100603,""alt"":0},""targetSpeed"":10,""seq"":10}","{""phase"":""K"",""startLLA"":{""lat"":37.487441,""lon"":127.100603,""alt"":0},""endLLA"":{""lat"":37.487441,""lon"":127.100603,""alt"":0},""targetSpeed"":3,""seq"":11}",,,,,,,,,,
98f166edc22f,2026-07-11,FPL0711019,UAM0039,a8,8,5,0.625,봉천,봉천,천호,천호,20,G4,F1,G3,F3,20:22:24,20:30:49,20:40:53,20:48:13,20:58:13,505.71,604.27,440,1549.98,0,122.96,ready,봉천 > 채석장 > 경부고속도로 양재천 다리 > 대치교 > 청담대교 중간지점 > 잠실대교 중간지점 > 천호,21.9712,14,"{""phase"":""A"",""startLLA"":{""lat"":37.482832,""lon"":126.942245,""alt"":0},""endLLA"":{""lat"":37.482832,""lon"":126.942245,""alt"":0},""targetSpeed"":3,""seq"":1}","{""phase"":""B"",""startLLA"":{""lat"":37.482832,""lon"":126.942245,""alt"":0},""endLLA"":{""lat"":37.482832,""lon"":126.942245,""alt"":15},""targetSpeed"":10,""seq"":2}","{""phase"":""C"",""startLLA"":{""lat"":37.482832,""lon"":126.942245,""alt"":15},""endLLA"":{""lat"":37.479397,""lon"":126.955184,""alt"":100},""targetSpeed"":36,""seq"":3}","{""phase"":""E"",""startLLA"":{""lat"":37.479397,""lon"":126.955184,""alt"":100},""endLLA"":{""lat"":37.471285,""lon"":126.985745,""alt"":265.4},""targetSpeed"":51.4,""seq"":4}","{""phase"":""E"",""startLLA"":{""lat"":37.471285,""lon"":126.985745,""alt"":265.4},""endLLA"":{""lat"":37.471336,""lon"":126.993461,""alt"":305},""targetSpeed"":51.4,""seq"":5}","{""phase"":""F"",""startLLA"":{""lat"":37.471336,""lon"":126.993461,""alt"":305},""endLLA"":{""lat"":37.471593,""lon"":127.032031,""alt"":305},""targetSpeed"":51.4,""seq"":6}","{""phase"":""F"",""startLLA"":{""lat"":37.471593,""lon"":127.032031,""alt"":305},""endLLA"":{""lat"":37.497702,""lon"":127.073855,""alt"":305},""targetSpeed"":51.4,""seq"":7}","{""phase"":""F"",""startLLA"":{""lat"":37.497702,""lon"":127.073855,""alt"":305},""endLLA"":{""lat"":37.526451,""lon"":127.064361,""alt"":305},""targetSpeed"":51.4,""seq"":8}","{""phase"":""F"",""startLLA"":{""lat"":37.526451,""lon"":127.064361,""alt"":305},""endLLA"":{""lat"":37.525291,""lon"":127.078987,""alt"":305},""targetSpeed"":51.4,""seq"":9}","{""phase"":""G"",""startLLA"":{""lat"":37.525291,""lon"":127.078987,""alt"":305},""endLLA"":{""lat"":37.524288,""lon"":127.091639,""alt"":239.78},""targetSpeed"":36,""seq"":10}","{""phase"":""G"",""startLLA"":{""lat"":37.524288,""lon"":127.091639,""alt"":239.78},""endLLA"":{""lat"":37.539417,""lon"":127.111104,""alt"":100},""targetSpeed"":36,""seq"":11}","{""phase"":""I"",""startLLA"":{""lat"":37.539417,""lon"":127.111104,""alt"":100},""endLLA"":{""lat"":37.545733,""lon"":127.11923,""alt"":15},""targetSpeed"":30,""seq"":12}","{""phase"":""J"",""startLLA"":{""lat"":37.545733,""lon"":127.11923,""alt"":15},""endLLA"":{""lat"":37.545733,""lon"":127.11923,""alt"":0},""targetSpeed"":10,""seq"":13}","{""phase"":""K"",""startLLA"":{""lat"":37.545733,""lon"":127.11923,""alt"":0},""endLLA"":{""lat"":37.545733,""lon"":127.11923,""alt"":0},""targetSpeed"":3,""seq"":14}",,,,,,,
98f166edc22f,2026-07-11,FPL0716017,UAM0024,a8,8,4,0.5,봉천,봉천,망우,망우,20,G8,F2,G7,F4,20:23:31,20:31:56,20:40:41,20:48:26,20:58:26,505.71,524.55,465.61,1495.87,0,25.61,ready,봉천 > 채석장 > 경부고속도로 양재천 다리 > 대치교 > 청담대교 중간지점 > 건대입구 > 망우,24.1938,14,"{""phase"":""A"",""startLLA"":{""lat"":37.482832,""lon"":126.942245,""alt"":0},""endLLA"":{""lat"":37.482832,""lon"":126.942245,""alt"":0},""targetSpeed"":3,""seq"":1}","{""phase"":""B"",""startLLA"":{""lat"":37.482832,""lon"":126.942245,""alt"":0},""endLLA"":{""lat"":37.482832,""lon"":126.942245,""alt"":15},""targetSpeed"":10,""seq"":2}","{""phase"":""C"",""startLLA"":{""lat"":37.482832,""lon"":126.942245,""alt"":15},""endLLA"":{""lat"":37.479398,""lon"":126.955183,""alt"":100},""targetSpeed"":36,""seq"":3}","{""phase"":""E"",""startLLA"":{""lat"":37.479398,""lon"":126.955183,""alt"":100},""endLLA"":{""lat"":37.471285,""lon"":126.985745,""alt"":265.41},""targetSpeed"":51.4,""seq"":4}","{""phase"":""E"",""startLLA"":{""lat"":37.471285,""lon"":126.985745,""alt"":265.41},""endLLA"":{""lat"":37.471336,""lon"":126.993456,""alt"":305},""targetSpeed"":51.4,""seq"":5}","{""phase"":""F"",""startLLA"":{""lat"":37.471336,""lon"":126.993456,""alt"":305},""endLLA"":{""lat"":37.471593,""lon"":127.032031,""alt"":305},""targetSpeed"":51.4,""seq"":6}","{""phase"":""F"",""startLLA"":{""lat"":37.471593,""lon"":127.032031,""alt"":305},""endLLA"":{""lat"":37.497702,""lon"":127.073855,""alt"":305},""targetSpeed"":51.4,""seq"":7}","{""phase"":""F"",""startLLA"":{""lat"":37.497702,""lon"":127.073855,""alt"":305},""endLLA"":{""lat"":37.526451,""lon"":127.064361,""alt"":305},""targetSpeed"":51.4,""seq"":8}","{""phase"":""F"",""startLLA"":{""lat"":37.526451,""lon"":127.064361,""alt"":305},""endLLA"":{""lat"":37.540426,""lon"":127.069298,""alt"":305},""targetSpeed"":51.4,""seq"":9}","{""phase"":""F"",""startLLA"":{""lat"":37.540426,""lon"":127.069298,""alt"":305},""endLLA"":{""lat"":37.557138,""lon"":127.0739,""alt"":305},""targetSpeed"":51.4,""seq"":10}","{""phase"":""G"",""startLLA"":{""lat"":37.557138,""lon"":127.0739,""alt"":305},""endLLA"":{""lat"":37.588105,""lon"":127.082427,""alt"":100},""targetSpeed"":36,""seq"":11}","{""phase"":""I"",""startLLA"":{""lat"":37.588105,""lon"":127.082427,""alt"":100},""endLLA"":{""lat"":37.596919,""lon"":127.084854,""alt"":15},""targetSpeed"":30,""seq"":12}","{""phase"":""J"",""startLLA"":{""lat"":37.596919,""lon"":127.084854,""alt"":15},""endLLA"":{""lat"":37.596919,""lon"":127.084854,""alt"":0},""targetSpeed"":10,""seq"":13}","{""phase"":""K"",""startLLA"":{""lat"":37.596919,""lon"":127.084854,""alt"":0},""endLLA"":{""lat"":37.596919,""lon"":127.084854,""alt"":0},""targetSpeed"":3,""seq"":14}",,,,,,,
98f166edc22f,2026-07-11,FPL0709025,UAM0112,a8,8,4,0.5,봉천,봉천,성수,성수,20,G7,F1,G2,F3,20:27:20,20:36:15,20:43:10,20:51:00,21:01:00,535.43,415.34,470,1420.77,59.71,0,ready,봉천 > 채석장 > 경부고속도로 양재천 다리 > 대치교 > 청담대교 중간지점 > 성수,18.5804,13,"{""phase"":""A"",""startLLA"":{""lat"":37.482832,""lon"":126.942245,""alt"":0},""endLLA"":{""lat"":37.482832,""lon"":126.942245,""alt"":0},""targetSpeed"":3,""seq"":1}","{""phase"":""B"",""startLLA"":{""lat"":37.482832,""lon"":126.942245,""alt"":0},""endLLA"":{""lat"":37.482832,""lon"":126.942245,""alt"":15},""targetSpeed"":10,""seq"":2}","{""phase"":""C"",""startLLA"":{""lat"":37.482832,""lon"":126.942245,""alt"":15},""endLLA"":{""lat"":37.479397,""lon"":126.955184,""alt"":100},""targetSpeed"":36,""seq"":3}","{""phase"":""E"",""startLLA"":{""lat"":37.479397,""lon"":126.955184,""alt"":100},""endLLA"":{""lat"":37.471285,""lon"":126.985745,""alt"":265.38},""targetSpeed"":51.4,""seq"":4}","{""phase"":""E"",""startLLA"":{""lat"":37.471285,""lon"":126.985745,""alt"":265.38},""endLLA"":{""lat"":37.471336,""lon"":126.993464,""alt"":305},""targetSpeed"":51.4,""seq"":5}","{""phase"":""F"",""startLLA"":{""lat"":37.471336,""lon"":126.993464,""alt"":305},""endLLA"":{""lat"":37.471593,""lon"":127.032031,""alt"":305},""targetSpeed"":51.4,""seq"":6}","{""phase"":""F"",""startLLA"":{""lat"":37.471593,""lon"":127.032031,""alt"":305},""endLLA"":{""lat"":37.497702,""lon"":127.073855,""alt"":305},""targetSpeed"":51.4,""seq"":7}","{""phase"":""F"",""startLLA"":{""lat"":37.497702,""lon"":127.073855,""alt"":305},""endLLA"":{""lat"":37.508255,""lon"":127.07037,""alt"":305},""targetSpeed"":51.4,""seq"":8}","{""phase"":""G"",""startLLA"":{""lat"":37.508255,""lon"":127.07037,""alt"":305},""endLLA"":{""lat"":37.526451,""lon"":127.064361,""alt"":183.36},""targetSpeed"":36,""seq"":9}","{""phase"":""G"",""startLLA"":{""lat"":37.526451,""lon"":127.064361,""alt"":183.36},""endLLA"":{""lat"":37.533784,""lon"":127.050993,""alt"":100},""targetSpeed"":36,""seq"":10}","{""phase"":""I"",""startLLA"":{""lat"":37.533784,""lon"":127.050993,""alt"":100},""endLLA"":{""lat"":37.538917,""lon"":127.041635,""alt"":15},""targetSpeed"":30,""seq"":11}","{""phase"":""J"",""startLLA"":{""lat"":37.538917,""lon"":127.041635,""alt"":15},""endLLA"":{""lat"":37.538917,""lon"":127.041635,""alt"":0},""targetSpeed"":10,""seq"":12}","{""phase"":""K"",""startLLA"":{""lat"":37.538917,""lon"":127.041635,""alt"":0},""endLLA"":{""lat"":37.538917,""lon"":127.041635,""alt"":0},""targetSpeed"":3,""seq"":13}",,,,,,,,
98f166edc22f,2026-07-11,FPL0710013,UAM0058,a2,2,2,1,봉천,봉천,연신내,연신내,20,G3,F1,G4,F4,20:37:07,20:45:02,20:51:32,20:58:22,21:08:22,475.71,389.99,410,1275.71,0,0,ready,봉천 > 영등포 > 선유도 17고지 > 성산대교 중간지점 > 수색교 > 연신내,17.2775,13,"{""phase"":""A"",""startLLA"":{""lat"":37.482832,""lon"":126.942245,""alt"":0},""endLLA"":{""lat"":37.482832,""lon"":126.942245,""alt"":0},""targetSpeed"":3,""seq"":1}","{""phase"":""B"",""startLLA"":{""lat"":37.482832,""lon"":126.942245,""alt"":0},""endLLA"":{""lat"":37.482832,""lon"":126.942245,""alt"":15},""targetSpeed"":10,""seq"":2}","{""phase"":""C"",""startLLA"":{""lat"":37.482832,""lon"":126.942245,""alt"":15},""endLLA"":{""lat"":37.491176,""lon"":126.933559,""alt"":100},""targetSpeed"":36,""seq"":3}","{""phase"":""E"",""startLLA"":{""lat"":37.491176,""lon"":126.933559,""alt"":100},""endLLA"":{""lat"":37.515605,""lon"":126.908131,""alt"":305},""targetSpeed"":51.4,""seq"":4}","{""phase"":""F"",""startLLA"":{""lat"":37.515605,""lon"":126.908131,""alt"":305},""endLLA"":{""lat"":37.515965,""lon"":126.907756,""alt"":305},""targetSpeed"":51.4,""seq"":5}","{""phase"":""F"",""startLLA"":{""lat"":37.515965,""lon"":126.907756,""alt"":305},""endLLA"":{""lat"":37.542307,""lon"":126.90249,""alt"":305},""targetSpeed"":51.4,""seq"":6}","{""phase"":""F"",""startLLA"":{""lat"":37.542307,""lon"":126.90249,""alt"":305},""endLLA"":{""lat"":37.552574,""lon"":126.891431,""alt"":305},""targetSpeed"":51.4,""seq"":7}","{""phase"":""F"",""startLLA"":{""lat"":37.552574,""lon"":126.891431,""alt"":305},""endLLA"":{""lat"":37.583705,""lon"":126.886696,""alt"":305},""targetSpeed"":51.4,""seq"":8}","{""phase"":""G"",""startLLA"":{""lat"":37.583705,""lon"":126.886696,""alt"":305},""endLLA"":{""lat"":37.586283,""lon"":126.886304,""alt"":288.2},""targetSpeed"":36,""seq"":9}","{""phase"":""G"",""startLLA"":{""lat"":37.586283,""lon"":126.886304,""alt"":288.2},""endLLA"":{""lat"":37.605261,""lon"":126.914122,""alt"":100},""targetSpeed"":36,""seq"":10}","{""phase"":""I"",""startLLA"":{""lat"":37.605261,""lon"":126.914122,""alt"":100},""endLLA"":{""lat"":37.611145,""lon"":126.922747,""alt"":15},""targetSpeed"":30,""seq"":11}","{""phase"":""J"",""startLLA"":{""lat"":37.611145,""lon"":126.922747,""alt"":15},""endLLA"":{""lat"":37.611145,""lon"":126.922747,""alt"":0},""targetSpeed"":10,""seq"":12}","{""phase"":""K"",""startLLA"":{""lat"":37.611145,""lon"":126.922747,""alt"":0},""endLLA"":{""lat"":37.611145,""lon"":126.922747,""alt"":0},""targetSpeed"":3,""seq"":13}",,,,,,,,
98f166edc22f,2026-07-11,FPL0706016,UAM0037,a6,6,2,0.3333,봉천,봉천,미아,미아,20,G4,F1,G7,F4,20:45:37,20:54:02,21:05:19,21:12:39,21:22:39,505.71,676.62,440,1622.33,0,20.21,ready,봉천 > 채석장 > 경부고속도로 양재천 다리 > 대치교 > 청담대교 중간지점 > 건대입구 > 중랑천 제방길 > 상봉 > 월릉교 > 미아,30.9711,17,"{""phase"":""A"",""startLLA"":{""lat"":37.482832,""lon"":126.942245,""alt"":0},""endLLA"":{""lat"":37.482832,""lon"":126.942245,""alt"":0},""targetSpeed"":3,""seq"":1}","{""phase"":""B"",""startLLA"":{""lat"":37.482832,""lon"":126.942245,""alt"":0},""endLLA"":{""lat"":37.482832,""lon"":126.942245,""alt"":15},""targetSpeed"":10,""seq"":2}","{""phase"":""C"",""startLLA"":{""lat"":37.482832,""lon"":126.942245,""alt"":15},""endLLA"":{""lat"":37.479399,""lon"":126.95518,""alt"":100},""targetSpeed"":36,""seq"":3}","{""phase"":""E"",""startLLA"":{""lat"":37.479399,""lon"":126.95518,""alt"":100},""endLLA"":{""lat"":37.471285,""lon"":126.985745,""alt"":265.47},""targetSpeed"":51.4,""seq"":4}","{""phase"":""E"",""startLLA"":{""lat"":37.471285,""lon"":126.985745,""alt"":265.47},""endLLA"":{""lat"":37.471336,""lon"":126.993444,""alt"":305},""targetSpeed"":51.4,""seq"":5}","{""phase"":""F"",""startLLA"":{""lat"":37.471336,""lon"":126.993444,""alt"":305},""endLLA"":{""lat"":37.471593,""lon"":127.032031,""alt"":305},""targetSpeed"":51.4,""seq"":6}","{""phase"":""F"",""startLLA"":{""lat"":37.471593,""lon"":127.032031,""alt"":305},""endLLA"":{""lat"":37.497702,""lon"":127.073855,""alt"":305},""targetSpeed"":51.4,""seq"":7}","{""phase"":""F"",""startLLA"":{""lat"":37.497702,""lon"":127.073855,""alt"":305},""endLLA"":{""lat"":37.526451,""lon"":127.064361,""alt"":305},""targetSpeed"":51.4,""seq"":8}","{""phase"":""F"",""startLLA"":{""lat"":37.526451,""lon"":127.064361,""alt"":305},""endLLA"":{""lat"":37.540426,""lon"":127.069298,""alt"":305},""targetSpeed"":51.4,""seq"":9}","{""phase"":""F"",""startLLA"":{""lat"":37.540426,""lon"":127.069298,""alt"":305},""endLLA"":{""lat"":37.580774,""lon"":127.077387,""alt"":305},""targetSpeed"":51.4,""seq"":10}","{""phase"":""F"",""startLLA"":{""lat"":37.580774,""lon"":127.077387,""alt"":305},""endLLA"":{""lat"":37.596919,""lon"":127.084854,""alt"":305},""targetSpeed"":51.4,""seq"":11}","{""phase"":""F"",""startLLA"":{""lat"":37.596919,""lon"":127.084854,""alt"":305},""endLLA"":{""lat"":37.614352,""lon"":127.072725,""alt"":305},""targetSpeed"":51.4,""seq"":12}","{""phase"":""G"",""startLLA"":{""lat"":37.614352,""lon"":127.072725,""alt"":305},""endLLA"":{""lat"":37.616266,""lon"":127.071394,""alt"":290.86},""targetSpeed"":36,""seq"":13}","{""phase"":""G"",""startLLA"":{""lat"":37.616266,""lon"":127.071394,""alt"":290.86},""endLLA"":{""lat"":37.626943,""lon"":127.036669,""alt"":100},""targetSpeed"":36,""seq"":14}","{""phase"":""I"",""startLLA"":{""lat"":37.626943,""lon"":127.036669,""alt"":100},""endLLA"":{""lat"":37.630207,""lon"":127.026053,""alt"":15},""targetSpeed"":30,""seq"":15}","{""phase"":""J"",""startLLA"":{""lat"":37.630207,""lon"":127.026053,""alt"":15},""endLLA"":{""lat"":37.630207,""lon"":127.026053,""alt"":0},""targetSpeed"":10,""seq"":16}","{""phase"":""K"",""startLLA"":{""lat"":37.630207,""lon"":127.026053,""alt"":0},""endLLA"":{""lat"":37.630207,""lon"":127.026053,""alt"":0},""targetSpeed"":3,""seq"":17}",,,,
98f166edc22f,2026-07-11,FPL0717016,UAM0108,a4,4,2,0.5,봉천,봉천,수서,수서,21,G8,F1,G3,F3,21:02:13,21:10:38,21:16:13,21:23:33,21:33:33,505.71,334.77,440,1280.48,0,0,ready,봉천 > 채석장 > 경부고속도로 양재천 다리 > 수서,14.439,11,"{""phase"":""A"",""startLLA"":{""lat"":37.482832,""lon"":126.942245,""alt"":0},""endLLA"":{""lat"":37.482832,""lon"":126.942245,""alt"":0},""targetSpeed"":3,""seq"":1}","{""phase"":""B"",""startLLA"":{""lat"":37.482832,""lon"":126.942245,""alt"":0},""endLLA"":{""lat"":37.482832,""lon"":126.942245,""alt"":15},""targetSpeed"":10,""seq"":2}","{""phase"":""C"",""startLLA"":{""lat"":37.482832,""lon"":126.942245,""alt"":15},""endLLA"":{""lat"":37.479396,""lon"":126.955188,""alt"":100},""targetSpeed"":36,""seq"":3}","{""phase"":""E"",""startLLA"":{""lat"":37.479396,""lon"":126.955188,""alt"":100},""endLLA"":{""lat"":37.471285,""lon"":126.985745,""alt"":265.31},""targetSpeed"":51.4,""seq"":4}","{""phase"":""E"",""startLLA"":{""lat"":37.471285,""lon"":126.985745,""alt"":265.31},""endLLA"":{""lat"":37.471336,""lon"":126.99348,""alt"":305},""targetSpeed"":51.4,""seq"":5}","{""phase"":""F"",""startLLA"":{""lat"":37.471336,""lon"":126.99348,""alt"":305},""endLLA"":{""lat"":37.471593,""lon"":127.032031,""alt"":305},""targetSpeed"":51.4,""seq"":6}","{""phase"":""F"",""startLLA"":{""lat"":37.471593,""lon"":127.032031,""alt"":305},""endLLA"":{""lat"":37.476051,""lon"":127.051318,""alt"":305},""targetSpeed"":51.4,""seq"":7}","{""phase"":""G"",""startLLA"":{""lat"":37.476051,""lon"":127.051318,""alt"":305},""endLLA"":{""lat"":37.484917,""lon"":127.089683,""alt"":100},""targetSpeed"":36,""seq"":8}","{""phase"":""I"",""startLLA"":{""lat"":37.484917,""lon"":127.089683,""alt"":100},""endLLA"":{""lat"":37.487441,""lon"":127.100603,""alt"":15},""targetSpeed"":30,""seq"":9}","{""phase"":""J"",""startLLA"":{""lat"":37.487441,""lon"":127.100603,""alt"":15},""endLLA"":{""lat"":37.487441,""lon"":127.100603,""alt"":0},""targetSpeed"":10,""seq"":10}","{""phase"":""K"",""startLLA"":{""lat"":37.487441,""lon"":127.100603,""alt"":0},""endLLA"":{""lat"":37.487441,""lon"":127.100603,""alt"":0},""targetSpeed"":3,""seq"":11}",,,,,,,,,,
98f166edc22f,2026-07-11,FPL0702015,UAM0002,a2,2,2,1,봉천,봉천,잠실,잠실,21,G4,F1,G4,F3,21:08:24,21:16:49,21:22:31,21:29:21,21:39:21,505.71,342.08,410,1257.79,0,0,ready,봉천 > 채석장 > 경부고속도로 양재천 다리 > 대치교 > 잠실,14.8146,12,"{""phase"":""A"",""startLLA"":{""lat"":37.482832,""lon"":126.942245,""alt"":0},""endLLA"":{""lat"":37.482832,""lon"":126.942245,""alt"":0},""targetSpeed"":3,""seq"":1}","{""phase"":""B"",""startLLA"":{""lat"":37.482832,""lon"":126.942245,""alt"":0},""endLLA"":{""lat"":37.482832,""lon"":126.942245,""alt"":15},""targetSpeed"":10,""seq"":2}","{""phase"":""C"",""startLLA"":{""lat"":37.482832,""lon"":126.942245,""alt"":15},""endLLA"":{""lat"":37.479397,""lon"":126.955186,""alt"":100},""targetSpeed"":36,""seq"":3}","{""phase"":""E"",""startLLA"":{""lat"":37.479397,""lon"":126.955186,""alt"":100},""endLLA"":{""lat"":37.471285,""lon"":126.985745,""alt"":265.36},""targetSpeed"":51.4,""seq"":4}","{""phase"":""E"",""startLLA"":{""lat"":37.471285,""lon"":126.985745,""alt"":265.36},""endLLA"":{""lat"":37.471336,""lon"":126.99347,""alt"":305},""targetSpeed"":51.4,""seq"":5}","{""phase"":""F"",""startLLA"":{""lat"":37.471336,""lon"":126.99347,""alt"":305},""endLLA"":{""lat"":37.471593,""lon"":127.032031,""alt"":305},""targetSpeed"":51.4,""seq"":6}","{""phase"":""F"",""startLLA"":{""lat"":37.471593,""lon"":127.032031,""alt"":305},""endLLA"":{""lat"":37.483526,""lon"":127.051147,""alt"":305},""targetSpeed"":51.4,""seq"":7}","{""phase"":""G"",""startLLA"":{""lat"":37.483526,""lon"":127.051147,""alt"":305},""endLLA"":{""lat"":37.497702,""lon"":127.073855,""alt"":156.75},""targetSpeed"":36,""seq"":8}","{""phase"":""G"",""startLLA"":{""lat"":37.497702,""lon"":127.073855,""alt"":156.75},""endLLA"":{""lat"":37.506266,""lon"":127.071433,""alt"":100},""targetSpeed"":36,""seq"":9}","{""phase"":""I"",""startLLA"":{""lat"":37.506266,""lon"":127.071433,""alt"":100},""endLLA"":{""lat"":37.515071,""lon"":127.068942,""alt"":15},""targetSpeed"":30,""seq"":10}","{""phase"":""J"",""startLLA"":{""lat"":37.515071,""lon"":127.068942,""alt"":15},""endLLA"":{""lat"":37.515071,""lon"":127.068942,""alt"":0},""targetSpeed"":10,""seq"":11}","{""phase"":""K"",""startLLA"":{""lat"":37.515071,""lon"":127.068942,""alt"":0},""endLLA"":{""lat"":37.515071,""lon"":127.068942,""alt"":0},""targetSpeed"":3,""seq"":12}",,,,,,,,,
98f166edc22f,2026-07-11,FPL0711020,UAM0131,a4,4,2,0.5,봉천,봉천,천호,천호,21,G3,F1,,,21:18:18,21:26:42,,,,504.41,0,0,0,28.7,0,analysis_timeout,봉천 > 채석장 > 경부고속도로 양재천 다리 > 대치교 > 청담대교 중간지점 > 잠실대교 중간지점 > 천호,21.9712,14,"{""phase"":""A"",""startLLA"":{""lat"":37.482832,""lon"":126.942245,""alt"":0},""endLLA"":{""lat"":37.482832,""lon"":126.942245,""alt"":0},""targetSpeed"":3,""seq"":1}","{""phase"":""B"",""startLLA"":{""lat"":37.482832,""lon"":126.942245,""alt"":0},""endLLA"":{""lat"":37.482832,""lon"":126.942245,""alt"":15},""targetSpeed"":10,""seq"":2}","{""phase"":""C"",""startLLA"":{""lat"":37.482832,""lon"":126.942245,""alt"":15},""endLLA"":{""lat"":37.479397,""lon"":126.955184,""alt"":100},""targetSpeed"":36,""seq"":3}","{""phase"":""E"",""startLLA"":{""lat"":37.479397,""lon"":126.955184,""alt"":100},""endLLA"":{""lat"":37.471285,""lon"":126.985745,""alt"":265.4},""targetSpeed"":51.4,""seq"":4}","{""phase"":""E"",""startLLA"":{""lat"":37.471285,""lon"":126.985745,""alt"":265.4},""endLLA"":{""lat"":37.471336,""lon"":126.993461,""alt"":305},""targetSpeed"":51.4,""seq"":5}","{""phase"":""F"",""startLLA"":{""lat"":37.471336,""lon"":126.993461,""alt"":305},""endLLA"":{""lat"":37.471593,""lon"":127.032031,""alt"":305},""targetSpeed"":51.4,""seq"":6}","{""phase"":""F"",""startLLA"":{""lat"":37.471593,""lon"":127.032031,""alt"":305},""endLLA"":{""lat"":37.497702,""lon"":127.073855,""alt"":305},""targetSpeed"":51.4,""seq"":7}","{""phase"":""F"",""startLLA"":{""lat"":37.497702,""lon"":127.073855,""alt"":305},""endLLA"":{""lat"":37.526451,""lon"":127.064361,""alt"":305},""targetSpeed"":51.4,""seq"":8}","{""phase"":""F"",""startLLA"":{""lat"":37.526451,""lon"":127.064361,""alt"":305},""endLLA"":{""lat"":37.525291,""lon"":127.078987,""alt"":305},""targetSpeed"":51.4,""seq"":9}","{""phase"":""G"",""startLLA"":{""lat"":37.525291,""lon"":127.078987,""alt"":305},""endLLA"":{""lat"":37.524288,""lon"":127.091639,""alt"":239.78},""targetSpeed"":36,""seq"":10}","{""phase"":""G"",""startLLA"":{""lat"":37.524288,""lon"":127.091639,""alt"":239.78},""endLLA"":{""lat"":37.539417,""lon"":127.111104,""alt"":100},""targetSpeed"":36,""seq"":11}","{""phase"":""I"",""startLLA"":{""lat"":37.539417,""lon"":127.111104,""alt"":100},""endLLA"":{""lat"":37.545733,""lon"":127.11923,""alt"":15},""targetSpeed"":30,""seq"":12}","{""phase"":""J"",""startLLA"":{""lat"":37.545733,""lon"":127.11923,""alt"":15},""endLLA"":{""lat"":37.545733,""lon"":127.11923,""alt"":0},""targetSpeed"":10,""seq"":13}","{""phase"":""K"",""startLLA"":{""lat"":37.545733,""lon"":127.11923,""alt"":0},""endLLA"":{""lat"":37.545733,""lon"":127.11923,""alt"":0},""targetSpeed"":3,""seq"":14}",,,,,,,
98f166edc22f,2026-07-11,FPL0715021,UAM0040,a8,8,1,0.125,봉천,봉천,마곡,마곡,21,G8,F2,,,21:22:24,21:30:49,,,,505.71,0,0,0,0,0,analysis_timeout,봉천 > 영등포 > 목동교 > 염창교 > 가양대교 남단 > 마곡,18.2733,13,"{""phase"":""A"",""startLLA"":{""lat"":37.482832,""lon"":126.942245,""alt"":0},""endLLA"":{""lat"":37.482832,""lon"":126.942245,""alt"":0},""targetSpeed"":3,""seq"":1}","{""phase"":""B"",""startLLA"":{""lat"":37.482832,""lon"":126.942245,""alt"":0},""endLLA"":{""lat"":37.482832,""lon"":126.942245,""alt"":15},""targetSpeed"":10,""seq"":2}","{""phase"":""C"",""startLLA"":{""lat"":37.482832,""lon"":126.942245,""alt"":15},""endLLA"":{""lat"":37.491176,""lon"":126.933559,""alt"":100},""targetSpeed"":36,""seq"":3}","{""phase"":""E"",""startLLA"":{""lat"":37.491176,""lon"":126.933559,""alt"":100},""endLLA"":{""lat"":37.515605,""lon"":126.908131,""alt"":305},""targetSpeed"":51.4,""seq"":4}","{""phase"":""F"",""startLLA"":{""lat"":37.515605,""lon"":126.908131,""alt"":305},""endLLA"":{""lat"":37.515965,""lon"":126.907756,""alt"":305},""targetSpeed"":51.4,""seq"":5}","{""phase"":""F"",""startLLA"":{""lat"":37.515965,""lon"":126.907756,""alt"":305},""endLLA"":{""lat"":37.530667,""lon"":126.888262,""alt"":305},""targetSpeed"":51.4,""seq"":6}","{""phase"":""F"",""startLLA"":{""lat"":37.530667,""lon"":126.888262,""alt"":305},""endLLA"":{""lat"":37.553824,""lon"":126.875819,""alt"":305},""targetSpeed"":51.4,""seq"":7}","{""phase"":""F"",""startLLA"":{""lat"":37.553824,""lon"":126.875819,""alt"":305},""endLLA"":{""lat"":37.569391,""lon"":126.861026,""alt"":305},""targetSpeed"":51.4,""seq"":8}","{""phase"":""F"",""startLLA"":{""lat"":37.569391,""lon"":126.861026,""alt"":305},""endLLA"":{""lat"":37.567854,""lon"":126.842862,""alt"":305},""targetSpeed"":51.4,""seq"":9}","{""phase"":""G"",""startLLA"":{""lat"":37.567854,""lon"":126.842862,""alt"":305},""endLLA"":{""lat"":37.564492,""lon"":126.803118,""alt"":100},""targetSpeed"":36,""seq"":10}","{""phase"":""I"",""startLLA"":{""lat"":37.564492,""lon"":126.803118,""alt"":100},""endLLA"":{""lat"":37.563535,""lon"":126.791805,""alt"":15},""targetSpeed"":30,""seq"":11}","{""phase"":""J"",""startLLA"":{""lat"":37.563535,""lon"":126.791805,""alt"":15},""endLLA"":{""lat"":37.563535,""lon"":126.791805,""alt"":0},""targetSpeed"":10,""seq"":12}","{""phase"":""K"",""startLLA"":{""lat"":37.563535,""lon"":126.791805,""alt"":0},""endLLA"":{""lat"":37.563535,""lon"":126.791805,""alt"":0},""targetSpeed"":3,""seq"":13}",,,,,,,,
98f166edc22f,2026-07-11,FPL0706017,UAM0076,a4,4,1,0.25,봉천,봉천,미아,미아,21,G7,F1,,,21:25:01,21:32:56,,,,475.71,0,0,0,0,0,analysis_timeout,봉천 > 채석장 > 경부고속도로 양재천 다리 > 대치교 > 청담대교 중간지점 > 건대입구 > 중랑천 제방길 > 상봉 > 월릉교 > 미아,30.9711,17,"{""phase"":""A"",""startLLA"":{""lat"":37.482832,""lon"":126.942245,""alt"":0},""endLLA"":{""lat"":37.482832,""lon"":126.942245,""alt"":0},""targetSpeed"":3,""seq"":1}","{""phase"":""B"",""startLLA"":{""lat"":37.482832,""lon"":126.942245,""alt"":0},""endLLA"":{""lat"":37.482832,""lon"":126.942245,""alt"":15},""targetSpeed"":10,""seq"":2}","{""phase"":""C"",""startLLA"":{""lat"":37.482832,""lon"":126.942245,""alt"":15},""endLLA"":{""lat"":37.479399,""lon"":126.95518,""alt"":100},""targetSpeed"":36,""seq"":3}","{""phase"":""E"",""startLLA"":{""lat"":37.479399,""lon"":126.95518,""alt"":100},""endLLA"":{""lat"":37.471285,""lon"":126.985745,""alt"":265.47},""targetSpeed"":51.4,""seq"":4}","{""phase"":""E"",""startLLA"":{""lat"":37.471285,""lon"":126.985745,""alt"":265.47},""endLLA"":{""lat"":37.471336,""lon"":126.993444,""alt"":305},""targetSpeed"":51.4,""seq"":5}","{""phase"":""F"",""startLLA"":{""lat"":37.471336,""lon"":126.993444,""alt"":305},""endLLA"":{""lat"":37.471593,""lon"":127.032031,""alt"":305},""targetSpeed"":51.4,""seq"":6}","{""phase"":""F"",""startLLA"":{""lat"":37.471593,""lon"":127.032031,""alt"":305},""endLLA"":{""lat"":37.497702,""lon"":127.073855,""alt"":305},""targetSpeed"":51.4,""seq"":7}","{""phase"":""F"",""startLLA"":{""lat"":37.497702,""lon"":127.073855,""alt"":305},""endLLA"":{""lat"":37.526451,""lon"":127.064361,""alt"":305},""targetSpeed"":51.4,""seq"":8}","{""phase"":""F"",""startLLA"":{""lat"":37.526451,""lon"":127.064361,""alt"":305},""endLLA"":{""lat"":37.540426,""lon"":127.069298,""alt"":305},""targetSpeed"":51.4,""seq"":9}","{""phase"":""F"",""startLLA"":{""lat"":37.540426,""lon"":127.069298,""alt"":305},""endLLA"":{""lat"":37.580774,""lon"":127.077387,""alt"":305},""targetSpeed"":51.4,""seq"":10}","{""phase"":""F"",""startLLA"":{""lat"":37.580774,""lon"":127.077387,""alt"":305},""endLLA"":{""lat"":37.596919,""lon"":127.084854,""alt"":305},""targetSpeed"":51.4,""seq"":11}","{""phase"":""F"",""startLLA"":{""lat"":37.596919,""lon"":127.084854,""alt"":305},""endLLA"":{""lat"":37.614352,""lon"":127.072725,""alt"":305},""targetSpeed"":51.4,""seq"":12}","{""phase"":""G"",""startLLA"":{""lat"":37.614352,""lon"":127.072725,""alt"":305},""endLLA"":{""lat"":37.616266,""lon"":127.071394,""alt"":290.86},""targetSpeed"":36,""seq"":13}","{""phase"":""G"",""startLLA"":{""lat"":37.616266,""lon"":127.071394,""alt"":290.86},""endLLA"":{""lat"":37.626943,""lon"":127.036669,""alt"":100},""targetSpeed"":36,""seq"":14}","{""phase"":""I"",""startLLA"":{""lat"":37.626943,""lon"":127.036669,""alt"":100},""endLLA"":{""lat"":37.630207,""lon"":127.026053,""alt"":15},""targetSpeed"":30,""seq"":15}","{""phase"":""J"",""startLLA"":{""lat"":37.630207,""lon"":127.026053,""alt"":15},""endLLA"":{""lat"":37.630207,""lon"":127.026053,""alt"":0},""targetSpeed"":10,""seq"":16}","{""phase"":""K"",""startLLA"":{""lat"":37.630207,""lon"":127.026053,""alt"":0},""endLLA"":{""lat"":37.630207,""lon"":127.026053,""alt"":0},""targetSpeed"":3,""seq"":17}",,,,
98f166edc22f,2026-07-11,FPL0709026,UAM0061,a6,6,1,0.1667,봉천,봉천,성수,성수,21,G4,F2,,,21:28:47,21:37:12,,,,505.71,0,0,0,0,0,analysis_timeout,봉천 > 채석장 > 경부고속도로 양재천 다리 > 대치교 > 청담대교 중간지점 > 성수,18.5804,13,"{""phase"":""A"",""startLLA"":{""lat"":37.482832,""lon"":126.942245,""alt"":0},""endLLA"":{""lat"":37.482832,""lon"":126.942245,""alt"":0},""targetSpeed"":3,""seq"":1}","{""phase"":""B"",""startLLA"":{""lat"":37.482832,""lon"":126.942245,""alt"":0},""endLLA"":{""lat"":37.482832,""lon"":126.942245,""alt"":15},""targetSpeed"":10,""seq"":2}","{""phase"":""C"",""startLLA"":{""lat"":37.482832,""lon"":126.942245,""alt"":15},""endLLA"":{""lat"":37.479397,""lon"":126.955184,""alt"":100},""targetSpeed"":36,""seq"":3}","{""phase"":""E"",""startLLA"":{""lat"":37.479397,""lon"":126.955184,""alt"":100},""endLLA"":{""lat"":37.471285,""lon"":126.985745,""alt"":265.38},""targetSpeed"":51.4,""seq"":4}","{""phase"":""E"",""startLLA"":{""lat"":37.471285,""lon"":126.985745,""alt"":265.38},""endLLA"":{""lat"":37.471336,""lon"":126.993464,""alt"":305},""targetSpeed"":51.4,""seq"":5}","{""phase"":""F"",""startLLA"":{""lat"":37.471336,""lon"":126.993464,""alt"":305},""endLLA"":{""lat"":37.471593,""lon"":127.032031,""alt"":305},""targetSpeed"":51.4,""seq"":6}","{""phase"":""F"",""startLLA"":{""lat"":37.471593,""lon"":127.032031,""alt"":305},""endLLA"":{""lat"":37.497702,""lon"":127.073855,""alt"":305},""targetSpeed"":51.4,""seq"":7}","{""phase"":""F"",""startLLA"":{""lat"":37.497702,""lon"":127.073855,""alt"":305},""endLLA"":{""lat"":37.508255,""lon"":127.07037,""alt"":305},""targetSpeed"":51.4,""seq"":8}","{""phase"":""G"",""startLLA"":{""lat"":37.508255,""lon"":127.07037,""alt"":305},""endLLA"":{""lat"":37.526451,""lon"":127.064361,""alt"":183.36},""targetSpeed"":36,""seq"":9}","{""phase"":""G"",""startLLA"":{""lat"":37.526451,""lon"":127.064361,""alt"":183.36},""endLLA"":{""lat"":37.533784,""lon"":127.050993,""alt"":100},""targetSpeed"":36,""seq"":10}","{""phase"":""I"",""startLLA"":{""lat"":37.533784,""lon"":127.050993,""alt"":100},""endLLA"":{""lat"":37.538917,""lon"":127.041635,""alt"":15},""targetSpeed"":30,""seq"":11}","{""phase"":""J"",""startLLA"":{""lat"":37.538917,""lon"":127.041635,""alt"":15},""endLLA"":{""lat"":37.538917,""lon"":127.041635,""alt"":0},""targetSpeed"":10,""seq"":12}","{""phase"":""K"",""startLLA"":{""lat"":37.538917,""lon"":127.041635,""alt"":0},""endLLA"":{""lat"":37.538917,""lon"":127.041635,""alt"":0},""targetSpeed"":3,""seq"":13}",,,,,,,,
