scenario_id,scenario_date,fpl_id,aircraft_id,aircraft_type,capacity,passenger_count,load_factor,origin_vertiport_id,origin_vertiport,destination_vertiport_id,destination_vertiport,demand_hour,departure_gate_id,departure_fato_id,arrival_gate_id,arrival_fato_id,gate_out_time,takeoff_time,landing_time,gate_in_time,ready_time,gate_to_takeoff_sec,air_time_sec,landing_to_gate_sec,gate_to_gate_sec,departure_wait_sec,arrival_wait_sec,status,route_path,route_distance_km,segment_count,segment_001,segment_002,segment_003,segment_004,segment_005,segment_006,segment_007,segment_008,segment_009,segment_010,segment_011,segment_012,segment_013,segment_014,segment_015,segment_016,segment_017,segment_018,segment_019,segment_020,segment_021
98f166edc22f,2026-07-11,FPL1305001,UAM0097,a2,2,2,1,강남,강남,목동,목동,6,G1,F1,G4,F3,06:30:00,06:36:55,06:42:50,06:49:40,06:59:40,415.71,355.28,410,1180.99,0,0,ready,강남 > 이수고가차로 > 상도터널 > 63빌딩 > 서강대교 중간지점 > 선유도 17고지 > 목동,15.4931,14,"{""phase"":""A"",""startLLA"":{""lat"":37.496291,""lon"":127.023303,""alt"":0},""endLLA"":{""lat"":37.496291,""lon"":127.023303,""alt"":0},""targetSpeed"":3,""seq"":1}","{""phase"":""B"",""startLLA"":{""lat"":37.496291,""lon"":127.023303,""alt"":0},""endLLA"":{""lat"":37.496291,""lon"":127.023303,""alt"":15},""targetSpeed"":10,""seq"":2}","{""phase"":""C"",""startLLA"":{""lat"":37.496291,""lon"":127.023303,""alt"":15},""endLLA"":{""lat"":37.496789,""lon"":127.009673,""alt"":100},""targetSpeed"":36,""seq"":3}","{""phase"":""E"",""startLLA"":{""lat"":37.496789,""lon"":127.009673,""alt"":100},""endLLA"":{""lat"":37.497738,""lon"":126.983721,""alt"":233.33},""targetSpeed"":51.4,""seq"":4}","{""phase"":""E"",""startLLA"":{""lat"":37.497738,""lon"":126.983721,""alt"":233.33},""endLLA"":{""lat"":37.50217,""lon"":126.970921,""alt"":305},""targetSpeed"":51.4,""seq"":5}","{""phase"":""F"",""startLLA"":{""lat"":37.50217,""lon"":126.970921,""alt"":305},""endLLA"":{""lat"":37.508684,""lon"":126.95211,""alt"":305},""targetSpeed"":51.4,""seq"":6}","{""phase"":""F"",""startLLA"":{""lat"":37.508684,""lon"":126.95211,""alt"":305},""endLLA"":{""lat"":37.519378,""lon"":126.94021,""alt"":305},""targetSpeed"":51.4,""seq"":7}","{""phase"":""F"",""startLLA"":{""lat"":37.519378,""lon"":126.94021,""alt"":305},""endLLA"":{""lat"":37.536949,""lon"":126.924908,""alt"":305},""targetSpeed"":51.4,""seq"":8}","{""phase"":""F"",""startLLA"":{""lat"":37.536949,""lon"":126.924908,""alt"":305},""endLLA"":{""lat"":37.538128,""lon"":126.919977,""alt"":305},""targetSpeed"":51.4,""seq"":9}","{""phase"":""G"",""startLLA"":{""lat"":37.538128,""lon"":126.919977,""alt"":305},""endLLA"":{""lat"":37.542307,""lon"":126.90249,""alt"":211.32},""targetSpeed"":36,""seq"":10}","{""phase"":""G"",""startLLA"":{""lat"":37.542307,""lon"":126.90249,""alt"":211.32},""endLLA"":{""lat"":37.531833,""lon"":126.88527,""alt"":100},""targetSpeed"":36,""seq"":11}","{""phase"":""I"",""startLLA"":{""lat"":37.531833,""lon"":126.88527,""alt"":100},""endLLA"":{""lat"":37.526343,""lon"":126.876243,""alt"":15},""targetSpeed"":30,""seq"":12}","{""phase"":""J"",""startLLA"":{""lat"":37.526343,""lon"":126.876243,""alt"":15},""endLLA"":{""lat"":37.526343,""lon"":126.876243,""alt"":0},""targetSpeed"":10,""seq"":13}","{""phase"":""K"",""startLLA"":{""lat"":37.526343,""lon"":126.876243,""alt"":0},""endLLA"":{""lat"":37.526343,""lon"":126.876243,""alt"":0},""targetSpeed"":3,""seq"":14}",,,,,,,
98f166edc22f,2026-07-11,FPL1315001,UAM0098,a2,2,2,1,강남,강남,마곡,마곡,6,G2,F2,G3,F3,06:30:00,06:37:35,06:48:50,06:56:10,07:06:10,455.71,675.08,440,1570.8,10,164.17,ready,강남 > 이수고가차로 > 상도터널 > 63빌딩 > 서강대교 중간지점 > 선유도 17고지 > 성산대교 중간지점 > 가양대교 남단 > 마곡,23.493,16,"{""phase"":""A"",""startLLA"":{""lat"":37.496291,""lon"":127.023303,""alt"":0},""endLLA"":{""lat"":37.496291,""lon"":127.023303,""alt"":0},""targetSpeed"":3,""seq"":1}","{""phase"":""B"",""startLLA"":{""lat"":37.496291,""lon"":127.023303,""alt"":0},""endLLA"":{""lat"":37.496291,""lon"":127.023303,""alt"":15},""targetSpeed"":10,""seq"":2}","{""phase"":""C"",""startLLA"":{""lat"":37.496291,""lon"":127.023303,""alt"":15},""endLLA"":{""lat"":37.496789,""lon"":127.009676,""alt"":100},""targetSpeed"":36,""seq"":3}","{""phase"":""E"",""startLLA"":{""lat"":37.496789,""lon"":127.009676,""alt"":100},""endLLA"":{""lat"":37.497738,""lon"":126.983721,""alt"":233.37},""targetSpeed"":51.4,""seq"":4}","{""phase"":""E"",""startLLA"":{""lat"":37.497738,""lon"":126.983721,""alt"":233.37},""endLLA"":{""lat"":37.502167,""lon"":126.970931,""alt"":305},""targetSpeed"":51.4,""seq"":5}","{""phase"":""F"",""startLLA"":{""lat"":37.502167,""lon"":126.970931,""alt"":305},""endLLA"":{""lat"":37.508684,""lon"":126.95211,""alt"":305},""targetSpeed"":51.4,""seq"":6}","{""phase"":""F"",""startLLA"":{""lat"":37.508684,""lon"":126.95211,""alt"":305},""endLLA"":{""lat"":37.519378,""lon"":126.94021,""alt"":305},""targetSpeed"":51.4,""seq"":7}","{""phase"":""F"",""startLLA"":{""lat"":37.519378,""lon"":126.94021,""alt"":305},""endLLA"":{""lat"":37.536949,""lon"":126.924908,""alt"":305},""targetSpeed"":51.4,""seq"":8}","{""phase"":""F"",""startLLA"":{""lat"":37.536949,""lon"":126.924908,""alt"":305},""endLLA"":{""lat"":37.542307,""lon"":126.90249,""alt"":305},""targetSpeed"":51.4,""seq"":9}","{""phase"":""F"",""startLLA"":{""lat"":37.542307,""lon"":126.90249,""alt"":305},""endLLA"":{""lat"":37.552574,""lon"":126.891431,""alt"":305},""targetSpeed"":51.4,""seq"":10}","{""phase"":""F"",""startLLA"":{""lat"":37.552574,""lon"":126.891431,""alt"":305},""endLLA"":{""lat"":37.569391,""lon"":126.861026,""alt"":305},""targetSpeed"":51.4,""seq"":11}","{""phase"":""F"",""startLLA"":{""lat"":37.569391,""lon"":126.861026,""alt"":305},""endLLA"":{""lat"":37.567855,""lon"":126.842867,""alt"":305},""targetSpeed"":51.4,""seq"":12}","{""phase"":""G"",""startLLA"":{""lat"":37.567855,""lon"":126.842867,""alt"":305},""endLLA"":{""lat"":37.564492,""lon"":126.803119,""alt"":100},""targetSpeed"":36,""seq"":13}","{""phase"":""I"",""startLLA"":{""lat"":37.564492,""lon"":126.803119,""alt"":100},""endLLA"":{""lat"":37.563535,""lon"":126.791805,""alt"":15},""targetSpeed"":30,""seq"":14}","{""phase"":""J"",""startLLA"":{""lat"":37.563535,""lon"":126.791805,""alt"":15},""endLLA"":{""lat"":37.563535,""lon"":126.791805,""alt"":0},""targetSpeed"":10,""seq"":15}","{""phase"":""K"",""startLLA"":{""lat"":37.563535,""lon"":126.791805,""alt"":0},""endLLA"":{""lat"":37.563535,""lon"":126.791805,""alt"":0},""targetSpeed"":3,""seq"":16}",,,,,
98f166edc22f,2026-07-11,FPL1303001,UAM0099,a4,4,4,1,강남,강남,상암,상암,6,G3,F1,G3,F3,06:30:00,06:42:21,06:48:08,06:55:28,07:05:28,741.43,346.64,440,1528.07,265.71,0,ready,강남 > 이수고가차로 > 상도터널 > 63빌딩 > 서강대교 중간지점 > 선유도 17고지 > 상암,15.0491,14,"{""phase"":""A"",""startLLA"":{""lat"":37.496291,""lon"":127.023303,""alt"":0},""endLLA"":{""lat"":37.496291,""lon"":127.023303,""alt"":0},""targetSpeed"":3,""seq"":1}","{""phase"":""B"",""startLLA"":{""lat"":37.496291,""lon"":127.023303,""alt"":0},""endLLA"":{""lat"":37.496291,""lon"":127.023303,""alt"":15},""targetSpeed"":10,""seq"":2}","{""phase"":""C"",""startLLA"":{""lat"":37.496291,""lon"":127.023303,""alt"":15},""endLLA"":{""lat"":37.496789,""lon"":127.009673,""alt"":100},""targetSpeed"":36,""seq"":3}","{""phase"":""E"",""startLLA"":{""lat"":37.496789,""lon"":127.009673,""alt"":100},""endLLA"":{""lat"":37.497738,""lon"":126.983721,""alt"":233.33},""targetSpeed"":51.4,""seq"":4}","{""phase"":""E"",""startLLA"":{""lat"":37.497738,""lon"":126.983721,""alt"":233.33},""endLLA"":{""lat"":37.50217,""lon"":126.970921,""alt"":305},""targetSpeed"":51.4,""seq"":5}","{""phase"":""F"",""startLLA"":{""lat"":37.50217,""lon"":126.970921,""alt"":305},""endLLA"":{""lat"":37.508684,""lon"":126.95211,""alt"":305},""targetSpeed"":51.4,""seq"":6}","{""phase"":""F"",""startLLA"":{""lat"":37.508684,""lon"":126.95211,""alt"":305},""endLLA"":{""lat"":37.519378,""lon"":126.94021,""alt"":305},""targetSpeed"":51.4,""seq"":7}","{""phase"":""F"",""startLLA"":{""lat"":37.519378,""lon"":126.94021,""alt"":305},""endLLA"":{""lat"":37.536949,""lon"":126.924908,""alt"":305},""targetSpeed"":51.4,""seq"":8}","{""phase"":""F"",""startLLA"":{""lat"":37.536949,""lon"":126.924908,""alt"":305},""endLLA"":{""lat"":37.536976,""lon"":126.924795,""alt"":305},""targetSpeed"":51.4,""seq"":9}","{""phase"":""G"",""startLLA"":{""lat"":37.536976,""lon"":126.924795,""alt"":305},""endLLA"":{""lat"":37.542307,""lon"":126.90249,""alt"":185.51},""targetSpeed"":36,""seq"":10}","{""phase"":""G"",""startLLA"":{""lat"":37.542307,""lon"":126.90249,""alt"":185.51},""endLLA"":{""lat"":37.55418,""lon"":126.895159,""alt"":100},""targetSpeed"":36,""seq"":11}","{""phase"":""I"",""startLLA"":{""lat"":37.55418,""lon"":126.895159,""alt"":100},""endLLA"":{""lat"":37.562282,""lon"":126.890156,""alt"":15},""targetSpeed"":30,""seq"":12}","{""phase"":""J"",""startLLA"":{""lat"":37.562282,""lon"":126.890156,""alt"":15},""endLLA"":{""lat"":37.562282,""lon"":126.890156,""alt"":0},""targetSpeed"":10,""seq"":13}","{""phase"":""K"",""startLLA"":{""lat"":37.562282,""lon"":126.890156,""alt"":0},""endLLA"":{""lat"":37.562282,""lon"":126.890156,""alt"":0},""targetSpeed"":3,""seq"":14}",,,,,,,
98f166edc22f,2026-07-11,FPL1305002,UAM0100,a4,4,4,1,강남,강남,목동,목동,6,G4,F2,G2,F3,06:30:00,06:43:01,06:51:42,06:59:32,07:09:32,781.43,520.99,470,1772.42,275.71,165.71,ready,강남 > 이수고가차로 > 상도터널 > 63빌딩 > 서강대교 중간지점 > 선유도 17고지 > 목동,15.4931,14,"{""phase"":""A"",""startLLA"":{""lat"":37.496291,""lon"":127.023303,""alt"":0},""endLLA"":{""lat"":37.496291,""lon"":127.023303,""alt"":0},""targetSpeed"":3,""seq"":1}","{""phase"":""B"",""startLLA"":{""lat"":37.496291,""lon"":127.023303,""alt"":0},""endLLA"":{""lat"":37.496291,""lon"":127.023303,""alt"":15},""targetSpeed"":10,""seq"":2}","{""phase"":""C"",""startLLA"":{""lat"":37.496291,""lon"":127.023303,""alt"":15},""endLLA"":{""lat"":37.496789,""lon"":127.009673,""alt"":100},""targetSpeed"":36,""seq"":3}","{""phase"":""E"",""startLLA"":{""lat"":37.496789,""lon"":127.009673,""alt"":100},""endLLA"":{""lat"":37.497738,""lon"":126.983721,""alt"":233.33},""targetSpeed"":51.4,""seq"":4}","{""phase"":""E"",""startLLA"":{""lat"":37.497738,""lon"":126.983721,""alt"":233.33},""endLLA"":{""lat"":37.50217,""lon"":126.970921,""alt"":305},""targetSpeed"":51.4,""seq"":5}","{""phase"":""F"",""startLLA"":{""lat"":37.50217,""lon"":126.970921,""alt"":305},""endLLA"":{""lat"":37.508684,""lon"":126.95211,""alt"":305},""targetSpeed"":51.4,""seq"":6}","{""phase"":""F"",""startLLA"":{""lat"":37.508684,""lon"":126.95211,""alt"":305},""endLLA"":{""lat"":37.519378,""lon"":126.94021,""alt"":305},""targetSpeed"":51.4,""seq"":7}","{""phase"":""F"",""startLLA"":{""lat"":37.519378,""lon"":126.94021,""alt"":305},""endLLA"":{""lat"":37.536949,""lon"":126.924908,""alt"":305},""targetSpeed"":51.4,""seq"":8}","{""phase"":""F"",""startLLA"":{""lat"":37.536949,""lon"":126.924908,""alt"":305},""endLLA"":{""lat"":37.538128,""lon"":126.919977,""alt"":305},""targetSpeed"":51.4,""seq"":9}","{""phase"":""G"",""startLLA"":{""lat"":37.538128,""lon"":126.919977,""alt"":305},""endLLA"":{""lat"":37.542307,""lon"":126.90249,""alt"":211.32},""targetSpeed"":36,""seq"":10}","{""phase"":""G"",""startLLA"":{""lat"":37.542307,""lon"":126.90249,""alt"":211.32},""endLLA"":{""lat"":37.531833,""lon"":126.88527,""alt"":100},""targetSpeed"":36,""seq"":11}","{""phase"":""I"",""startLLA"":{""lat"":37.531833,""lon"":126.88527,""alt"":100},""endLLA"":{""lat"":37.526343,""lon"":126.876243,""alt"":15},""targetSpeed"":30,""seq"":12}","{""phase"":""J"",""startLLA"":{""lat"":37.526343,""lon"":126.876243,""alt"":15},""endLLA"":{""lat"":37.526343,""lon"":126.876243,""alt"":0},""targetSpeed"":10,""seq"":13}","{""phase"":""K"",""startLLA"":{""lat"":37.526343,""lon"":126.876243,""alt"":0},""endLLA"":{""lat"":37.526343,""lon"":126.876243,""alt"":0},""targetSpeed"":3,""seq"":14}",,,,,,,
98f166edc22f,2026-07-11,FPL1311001,UAM0101,a6,6,6,1,강남,강남,천호,천호,6,G5,F1,G6,F3,06:30:00,06:47:47,06:56:19,07:04:09,07:14:09,1067.14,512.26,470,2049.4,651.43,248.87,ready,강남 > 청담대교 중간지점 > 잠실대교 중간지점 > 천호,10.7701,11,"{""phase"":""A"",""startLLA"":{""lat"":37.496291,""lon"":127.023303,""alt"":0},""endLLA"":{""lat"":37.496291,""lon"":127.023303,""alt"":0},""targetSpeed"":3,""seq"":1}","{""phase"":""B"",""startLLA"":{""lat"":37.496291,""lon"":127.023303,""alt"":0},""endLLA"":{""lat"":37.496291,""lon"":127.023303,""alt"":15},""targetSpeed"":10,""seq"":2}","{""phase"":""C"",""startLLA"":{""lat"":37.496291,""lon"":127.023303,""alt"":15},""endLLA"":{""lat"":37.503645,""lon"":127.033315,""alt"":100},""targetSpeed"":36,""seq"":3}","{""phase"":""E"",""startLLA"":{""lat"":37.503645,""lon"":127.033315,""alt"":100},""endLLA"":{""lat"":37.525177,""lon"":127.062626,""alt"":305},""targetSpeed"":51.4,""seq"":4}","{""phase"":""F"",""startLLA"":{""lat"":37.525177,""lon"":127.062626,""alt"":305},""endLLA"":{""lat"":37.526451,""lon"":127.064361,""alt"":305},""targetSpeed"":51.4,""seq"":5}","{""phase"":""F"",""startLLA"":{""lat"":37.526451,""lon"":127.064361,""alt"":305},""endLLA"":{""lat"":37.52529,""lon"":127.079002,""alt"":305},""targetSpeed"":51.4,""seq"":6}","{""phase"":""G"",""startLLA"":{""lat"":37.52529,""lon"":127.079002,""alt"":305},""endLLA"":{""lat"":37.524288,""lon"":127.091639,""alt"":239.84},""targetSpeed"":36,""seq"":7}","{""phase"":""G"",""startLLA"":{""lat"":37.524288,""lon"":127.091639,""alt"":239.84},""endLLA"":{""lat"":37.539419,""lon"":127.111107,""alt"":100},""targetSpeed"":36,""seq"":8}","{""phase"":""I"",""startLLA"":{""lat"":37.539419,""lon"":127.111107,""alt"":100},""endLLA"":{""lat"":37.545733,""lon"":127.11923,""alt"":15},""targetSpeed"":30,""seq"":9}","{""phase"":""J"",""startLLA"":{""lat"":37.545733,""lon"":127.11923,""alt"":15},""endLLA"":{""lat"":37.545733,""lon"":127.11923,""alt"":0},""targetSpeed"":10,""seq"":10}","{""phase"":""K"",""startLLA"":{""lat"":37.545733,""lon"":127.11923,""alt"":0},""endLLA"":{""lat"":37.545733,""lon"":127.11923,""alt"":0},""targetSpeed"":3,""seq"":11}",,,,,,,,,,
98f166edc22f,2026-07-11,FPL1315002,UAM0102,a6,6,6,1,강남,강남,마곡,마곡,6,G6,F2,G5,F4,06:30:00,06:48:27,06:58:45,07:07:05,07:17:05,1107.14,618.15,500,2225.29,661.43,107.23,ready,강남 > 이수고가차로 > 상도터널 > 63빌딩 > 서강대교 중간지점 > 선유도 17고지 > 성산대교 중간지점 > 가양대교 남단 > 마곡,23.493,16,"{""phase"":""A"",""startLLA"":{""lat"":37.496291,""lon"":127.023303,""alt"":0},""endLLA"":{""lat"":37.496291,""lon"":127.023303,""alt"":0},""targetSpeed"":3,""seq"":1}","{""phase"":""B"",""startLLA"":{""lat"":37.496291,""lon"":127.023303,""alt"":0},""endLLA"":{""lat"":37.496291,""lon"":127.023303,""alt"":15},""targetSpeed"":10,""seq"":2}","{""phase"":""C"",""startLLA"":{""lat"":37.496291,""lon"":127.023303,""alt"":15},""endLLA"":{""lat"":37.496789,""lon"":127.009676,""alt"":100},""targetSpeed"":36,""seq"":3}","{""phase"":""E"",""startLLA"":{""lat"":37.496789,""lon"":127.009676,""alt"":100},""endLLA"":{""lat"":37.497738,""lon"":126.983721,""alt"":233.37},""targetSpeed"":51.4,""seq"":4}","{""phase"":""E"",""startLLA"":{""lat"":37.497738,""lon"":126.983721,""alt"":233.37},""endLLA"":{""lat"":37.502167,""lon"":126.970931,""alt"":305},""targetSpeed"":51.4,""seq"":5}","{""phase"":""F"",""startLLA"":{""lat"":37.502167,""lon"":126.970931,""alt"":305},""endLLA"":{""lat"":37.508684,""lon"":126.95211,""alt"":305},""targetSpeed"":51.4,""seq"":6}","{""phase"":""F"",""startLLA"":{""lat"":37.508684,""lon"":126.95211,""alt"":305},""endLLA"":{""lat"":37.519378,""lon"":126.94021,""alt"":305},""targetSpeed"":51.4,""seq"":7}","{""phase"":""F"",""startLLA"":{""lat"":37.519378,""lon"":126.94021,""alt"":305},""endLLA"":{""lat"":37.536949,""lon"":126.924908,""alt"":305},""targetSpeed"":51.4,""seq"":8}","{""phase"":""F"",""startLLA"":{""lat"":37.536949,""lon"":126.924908,""alt"":305},""endLLA"":{""lat"":37.542307,""lon"":126.90249,""alt"":305},""targetSpeed"":51.4,""seq"":9}","{""phase"":""F"",""startLLA"":{""lat"":37.542307,""lon"":126.90249,""alt"":305},""endLLA"":{""lat"":37.552574,""lon"":126.891431,""alt"":305},""targetSpeed"":51.4,""seq"":10}","{""phase"":""F"",""startLLA"":{""lat"":37.552574,""lon"":126.891431,""alt"":305},""endLLA"":{""lat"":37.569391,""lon"":126.861026,""alt"":305},""targetSpeed"":51.4,""seq"":11}","{""phase"":""F"",""startLLA"":{""lat"":37.569391,""lon"":126.861026,""alt"":305},""endLLA"":{""lat"":37.567855,""lon"":126.842867,""alt"":305},""targetSpeed"":51.4,""seq"":12}","{""phase"":""G"",""startLLA"":{""lat"":37.567855,""lon"":126.842867,""alt"":305},""endLLA"":{""lat"":37.564492,""lon"":126.803119,""alt"":100},""targetSpeed"":36,""seq"":13}","{""phase"":""I"",""startLLA"":{""lat"":37.564492,""lon"":126.803119,""alt"":100},""endLLA"":{""lat"":37.563535,""lon"":126.791805,""alt"":15},""targetSpeed"":30,""seq"":14}","{""phase"":""J"",""startLLA"":{""lat"":37.563535,""lon"":126.791805,""alt"":15},""endLLA"":{""lat"":37.563535,""lon"":126.791805,""alt"":0},""targetSpeed"":10,""seq"":15}","{""phase"":""K"",""startLLA"":{""lat"":37.563535,""lon"":126.791805,""alt"":0},""endLLA"":{""lat"":37.563535,""lon"":126.791805,""alt"":0},""targetSpeed"":3,""seq"":16}",,,,,
98f166edc22f,2026-07-11,FPL1314001,UAM0103,a8,8,6,0.75,강남,강남,가산,가산,6,G7,F1,G2,F3,06:30:00,06:53:12,06:58:47,07:06:37,07:16:37,1392.86,334.77,470,2197.63,917.14,0,ready,강남 > 채석장 > 180고지 > 가산,14.4391,11,"{""phase"":""A"",""startLLA"":{""lat"":37.496291,""lon"":127.023303,""alt"":0},""endLLA"":{""lat"":37.496291,""lon"":127.023303,""alt"":0},""targetSpeed"":3,""seq"":1}","{""phase"":""B"",""startLLA"":{""lat"":37.496291,""lon"":127.023303,""alt"":0},""endLLA"":{""lat"":37.496291,""lon"":127.023303,""alt"":15},""targetSpeed"":10,""seq"":2}","{""phase"":""C"",""startLLA"":{""lat"":37.496291,""lon"":127.023303,""alt"":15},""endLLA"":{""lat"":37.489331,""lon"":127.012849,""alt"":100},""targetSpeed"":36,""seq"":3}","{""phase"":""E"",""startLLA"":{""lat"":37.489331,""lon"":127.012849,""alt"":100},""endLLA"":{""lat"":37.471285,""lon"":126.985745,""alt"":281.55},""targetSpeed"":51.4,""seq"":4}","{""phase"":""E"",""startLLA"":{""lat"":37.471285,""lon"":126.985745,""alt"":281.55},""endLLA"":{""lat"":37.473124,""lon"":126.981806,""alt"":305},""targetSpeed"":51.4,""seq"":5}","{""phase"":""F"",""startLLA"":{""lat"":37.473124,""lon"":126.981806,""alt"":305},""endLLA"":{""lat"":37.492877,""lon"":126.93949,""alt"":305},""targetSpeed"":51.4,""seq"":6}","{""phase"":""F"",""startLLA"":{""lat"":37.492877,""lon"":126.93949,""alt"":305},""endLLA"":{""lat"":37.492284,""lon"":126.929979,""alt"":305},""targetSpeed"":51.4,""seq"":7}","{""phase"":""G"",""startLLA"":{""lat"":37.492284,""lon"":126.929979,""alt"":305},""endLLA"":{""lat"":37.489798,""lon"":126.890147,""alt"":100},""targetSpeed"":36,""seq"":8}","{""phase"":""I"",""startLLA"":{""lat"":37.489798,""lon"":126.890147,""alt"":100},""endLLA"":{""lat"":37.489091,""lon"":126.878809,""alt"":15},""targetSpeed"":30,""seq"":9}","{""phase"":""J"",""startLLA"":{""lat"":37.489091,""lon"":126.878809,""alt"":15},""endLLA"":{""lat"":37.489091,""lon"":126.878809,""alt"":0},""targetSpeed"":10,""seq"":10}","{""phase"":""K"",""startLLA"":{""lat"":37.489091,""lon"":126.878809,""alt"":0},""endLLA"":{""lat"":37.489091,""lon"":126.878809,""alt"":0},""targetSpeed"":3,""seq"":11}",,,,,,,,,,
98f166edc22f,2026-07-11,FPL1306001,UAM0104,a8,8,6,0.75,강남,강남,미아,미아,6,G8,F2,G2,F3,06:30:00,06:53:52,07:04:30,07:12:20,07:22:20,1432.86,637.91,470,2540.77,927.14,199.42,ready,강남 > 청담대교 중간지점 > 건대입구 > 중랑천 제방길 > 상봉 > 월릉교 > 미아,19.77,14,"{""phase"":""A"",""startLLA"":{""lat"":37.496291,""lon"":127.023303,""alt"":0},""endLLA"":{""lat"":37.496291,""lon"":127.023303,""alt"":0},""targetSpeed"":3,""seq"":1}","{""phase"":""B"",""startLLA"":{""lat"":37.496291,""lon"":127.023303,""alt"":0},""endLLA"":{""lat"":37.496291,""lon"":127.023303,""alt"":15},""targetSpeed"":10,""seq"":2}","{""phase"":""C"",""startLLA"":{""lat"":37.496291,""lon"":127.023303,""alt"":15},""endLLA"":{""lat"":37.503643,""lon"":127.033311,""alt"":100},""targetSpeed"":36,""seq"":3}","{""phase"":""E"",""startLLA"":{""lat"":37.503643,""lon"":127.033311,""alt"":100},""endLLA"":{""lat"":37.525166,""lon"":127.062612,""alt"":305},""targetSpeed"":51.4,""seq"":4}","{""phase"":""F"",""startLLA"":{""lat"":37.525166,""lon"":127.062612,""alt"":305},""endLLA"":{""lat"":37.526451,""lon"":127.064361,""alt"":305},""targetSpeed"":51.4,""seq"":5}","{""phase"":""F"",""startLLA"":{""lat"":37.526451,""lon"":127.064361,""alt"":305},""endLLA"":{""lat"":37.540426,""lon"":127.069298,""alt"":305},""targetSpeed"":51.4,""seq"":6}","{""phase"":""F"",""startLLA"":{""lat"":37.540426,""lon"":127.069298,""alt"":305},""endLLA"":{""lat"":37.580774,""lon"":127.077387,""alt"":305},""targetSpeed"":51.4,""seq"":7}","{""phase"":""F"",""startLLA"":{""lat"":37.580774,""lon"":127.077387,""alt"":305},""endLLA"":{""lat"":37.596919,""lon"":127.084854,""alt"":305},""targetSpeed"":51.4,""seq"":8}","{""phase"":""F"",""startLLA"":{""lat"":37.596919,""lon"":127.084854,""alt"":305},""endLLA"":{""lat"":37.614364,""lon"":127.072717,""alt"":305},""targetSpeed"":51.4,""seq"":9}","{""phase"":""G"",""startLLA"":{""lat"":37.614364,""lon"":127.072717,""alt"":305},""endLLA"":{""lat"":37.616266,""lon"":127.071394,""alt"":290.95},""targetSpeed"":36,""seq"":10}","{""phase"":""G"",""startLLA"":{""lat"":37.616266,""lon"":127.071394,""alt"":290.95},""endLLA"":{""lat"":37.626944,""lon"":127.036666,""alt"":100},""targetSpeed"":36,""seq"":11}","{""phase"":""I"",""startLLA"":{""lat"":37.626944,""lon"":127.036666,""alt"":100},""endLLA"":{""lat"":37.630207,""lon"":127.026053,""alt"":15},""targetSpeed"":30,""seq"":12}","{""phase"":""J"",""startLLA"":{""lat"":37.630207,""lon"":127.026053,""alt"":15},""endLLA"":{""lat"":37.630207,""lon"":127.026053,""alt"":0},""targetSpeed"":10,""seq"":13}","{""phase"":""K"",""startLLA"":{""lat"":37.630207,""lon"":127.026053,""alt"":0},""endLLA"":{""lat"":37.630207,""lon"":127.026053,""alt"":0},""targetSpeed"":3,""seq"":14}",,,,,,,
98f166edc22f,2026-07-11,FPL1305003,UAM0074,a2,2,2,1,강남,강남,목동,목동,7,G4,F1,G7,F4,07:02:30,07:10:55,07:16:50,07:24:38,07:34:38,505.71,355.28,467.18,1328.17,0,27.18,ready,강남 > 이수고가차로 > 상도터널 > 63빌딩 > 서강대교 중간지점 > 선유도 17고지 > 목동,15.4931,14,"{""phase"":""A"",""startLLA"":{""lat"":37.496291,""lon"":127.023303,""alt"":0},""endLLA"":{""lat"":37.496291,""lon"":127.023303,""alt"":0},""targetSpeed"":3,""seq"":1}","{""phase"":""B"",""startLLA"":{""lat"":37.496291,""lon"":127.023303,""alt"":0},""endLLA"":{""lat"":37.496291,""lon"":127.023303,""alt"":15},""targetSpeed"":10,""seq"":2}","{""phase"":""C"",""startLLA"":{""lat"":37.496291,""lon"":127.023303,""alt"":15},""endLLA"":{""lat"":37.496789,""lon"":127.009673,""alt"":100},""targetSpeed"":36,""seq"":3}","{""phase"":""E"",""startLLA"":{""lat"":37.496789,""lon"":127.009673,""alt"":100},""endLLA"":{""lat"":37.497738,""lon"":126.983721,""alt"":233.33},""targetSpeed"":51.4,""seq"":4}","{""phase"":""E"",""startLLA"":{""lat"":37.497738,""lon"":126.983721,""alt"":233.33},""endLLA"":{""lat"":37.50217,""lon"":126.970921,""alt"":305},""targetSpeed"":51.4,""seq"":5}","{""phase"":""F"",""startLLA"":{""lat"":37.50217,""lon"":126.970921,""alt"":305},""endLLA"":{""lat"":37.508684,""lon"":126.95211,""alt"":305},""targetSpeed"":51.4,""seq"":6}","{""phase"":""F"",""startLLA"":{""lat"":37.508684,""lon"":126.95211,""alt"":305},""endLLA"":{""lat"":37.519378,""lon"":126.94021,""alt"":305},""targetSpeed"":51.4,""seq"":7}","{""phase"":""F"",""startLLA"":{""lat"":37.519378,""lon"":126.94021,""alt"":305},""endLLA"":{""lat"":37.536949,""lon"":126.924908,""alt"":305},""targetSpeed"":51.4,""seq"":8}","{""phase"":""F"",""startLLA"":{""lat"":37.536949,""lon"":126.924908,""alt"":305},""endLLA"":{""lat"":37.538128,""lon"":126.919977,""alt"":305},""targetSpeed"":51.4,""seq"":9}","{""phase"":""G"",""startLLA"":{""lat"":37.538128,""lon"":126.919977,""alt"":305},""endLLA"":{""lat"":37.542307,""lon"":126.90249,""alt"":211.32},""targetSpeed"":36,""seq"":10}","{""phase"":""G"",""startLLA"":{""lat"":37.542307,""lon"":126.90249,""alt"":211.32},""endLLA"":{""lat"":37.531833,""lon"":126.88527,""alt"":100},""targetSpeed"":36,""seq"":11}","{""phase"":""I"",""startLLA"":{""lat"":37.531833,""lon"":126.88527,""alt"":100},""endLLA"":{""lat"":37.526343,""lon"":126.876243,""alt"":15},""targetSpeed"":30,""seq"":12}","{""phase"":""J"",""startLLA"":{""lat"":37.526343,""lon"":126.876243,""alt"":15},""endLLA"":{""lat"":37.526343,""lon"":126.876243,""alt"":0},""targetSpeed"":10,""seq"":13}","{""phase"":""K"",""startLLA"":{""lat"":37.526343,""lon"":126.876243,""alt"":0},""endLLA"":{""lat"":37.526343,""lon"":126.876243,""alt"":0},""targetSpeed"":3,""seq"":14}",,,,,,,
98f166edc22f,2026-07-11,FPL1311002,UAM0123,a4,4,4,1,강남,강남,천호,천호,7,G8,F2,G1,F4,07:04:19,07:13:02,07:17:25,07:25:45,07:35:45,523.38,263.39,500,1286.77,17.66,0,ready,강남 > 청담대교 중간지점 > 잠실대교 중간지점 > 천호,10.7701,11,"{""phase"":""A"",""startLLA"":{""lat"":37.496291,""lon"":127.023303,""alt"":0},""endLLA"":{""lat"":37.496291,""lon"":127.023303,""alt"":0},""targetSpeed"":3,""seq"":1}","{""phase"":""B"",""startLLA"":{""lat"":37.496291,""lon"":127.023303,""alt"":0},""endLLA"":{""lat"":37.496291,""lon"":127.023303,""alt"":15},""targetSpeed"":10,""seq"":2}","{""phase"":""C"",""startLLA"":{""lat"":37.496291,""lon"":127.023303,""alt"":15},""endLLA"":{""lat"":37.503645,""lon"":127.033315,""alt"":100},""targetSpeed"":36,""seq"":3}","{""phase"":""E"",""startLLA"":{""lat"":37.503645,""lon"":127.033315,""alt"":100},""endLLA"":{""lat"":37.525177,""lon"":127.062626,""alt"":305},""targetSpeed"":51.4,""seq"":4}","{""phase"":""F"",""startLLA"":{""lat"":37.525177,""lon"":127.062626,""alt"":305},""endLLA"":{""lat"":37.526451,""lon"":127.064361,""alt"":305},""targetSpeed"":51.4,""seq"":5}","{""phase"":""F"",""startLLA"":{""lat"":37.526451,""lon"":127.064361,""alt"":305},""endLLA"":{""lat"":37.52529,""lon"":127.079002,""alt"":305},""targetSpeed"":51.4,""seq"":6}","{""phase"":""G"",""startLLA"":{""lat"":37.52529,""lon"":127.079002,""alt"":305},""endLLA"":{""lat"":37.524288,""lon"":127.091639,""alt"":239.84},""targetSpeed"":36,""seq"":7}","{""phase"":""G"",""startLLA"":{""lat"":37.524288,""lon"":127.091639,""alt"":239.84},""endLLA"":{""lat"":37.539419,""lon"":127.111107,""alt"":100},""targetSpeed"":36,""seq"":8}","{""phase"":""I"",""startLLA"":{""lat"":37.539419,""lon"":127.111107,""alt"":100},""endLLA"":{""lat"":37.545733,""lon"":127.11923,""alt"":15},""targetSpeed"":30,""seq"":9}","{""phase"":""J"",""startLLA"":{""lat"":37.545733,""lon"":127.11923,""alt"":15},""endLLA"":{""lat"":37.545733,""lon"":127.11923,""alt"":0},""targetSpeed"":10,""seq"":10}","{""phase"":""K"",""startLLA"":{""lat"":37.545733,""lon"":127.11923,""alt"":0},""endLLA"":{""lat"":37.545733,""lon"":127.11923,""alt"":0},""targetSpeed"":3,""seq"":11}",,,,,,,,,,
98f166edc22f,2026-07-11,FPL1305004,UAM0107,a4,4,4,1,강남,강남,목동,목동,7,G3,F1,G8,F3,07:07:26,07:16:21,07:25:29,07:32:19,07:42:19,535.43,548.17,410,1493.6,59.71,192.89,ready,강남 > 이수고가차로 > 상도터널 > 63빌딩 > 서강대교 중간지점 > 선유도 17고지 > 목동,15.4931,14,"{""phase"":""A"",""startLLA"":{""lat"":37.496291,""lon"":127.023303,""alt"":0},""endLLA"":{""lat"":37.496291,""lon"":127.023303,""alt"":0},""targetSpeed"":3,""seq"":1}","{""phase"":""B"",""startLLA"":{""lat"":37.496291,""lon"":127.023303,""alt"":0},""endLLA"":{""lat"":37.496291,""lon"":127.023303,""alt"":15},""targetSpeed"":10,""seq"":2}","{""phase"":""C"",""startLLA"":{""lat"":37.496291,""lon"":127.023303,""alt"":15},""endLLA"":{""lat"":37.496789,""lon"":127.009673,""alt"":100},""targetSpeed"":36,""seq"":3}","{""phase"":""E"",""startLLA"":{""lat"":37.496789,""lon"":127.009673,""alt"":100},""endLLA"":{""lat"":37.497738,""lon"":126.983721,""alt"":233.33},""targetSpeed"":51.4,""seq"":4}","{""phase"":""E"",""startLLA"":{""lat"":37.497738,""lon"":126.983721,""alt"":233.33},""endLLA"":{""lat"":37.50217,""lon"":126.970921,""alt"":305},""targetSpeed"":51.4,""seq"":5}","{""phase"":""F"",""startLLA"":{""lat"":37.50217,""lon"":126.970921,""alt"":305},""endLLA"":{""lat"":37.508684,""lon"":126.95211,""alt"":305},""targetSpeed"":51.4,""seq"":6}","{""phase"":""F"",""startLLA"":{""lat"":37.508684,""lon"":126.95211,""alt"":305},""endLLA"":{""lat"":37.519378,""lon"":126.94021,""alt"":305},""targetSpeed"":51.4,""seq"":7}","{""phase"":""F"",""startLLA"":{""lat"":37.519378,""lon"":126.94021,""alt"":305},""endLLA"":{""lat"":37.536949,""lon"":126.924908,""alt"":305},""targetSpeed"":51.4,""seq"":8}","{""phase"":""F"",""startLLA"":{""lat"":37.536949,""lon"":126.924908,""alt"":305},""endLLA"":{""lat"":37.538128,""lon"":126.919977,""alt"":305},""targetSpeed"":51.4,""seq"":9}","{""phase"":""G"",""startLLA"":{""lat"":37.538128,""lon"":126.919977,""alt"":305},""endLLA"":{""lat"":37.542307,""lon"":126.90249,""alt"":211.32},""targetSpeed"":36,""seq"":10}","{""phase"":""G"",""startLLA"":{""lat"":37.542307,""lon"":126.90249,""alt"":211.32},""endLLA"":{""lat"":37.531833,""lon"":126.88527,""alt"":100},""targetSpeed"":36,""seq"":11}","{""phase"":""I"",""startLLA"":{""lat"":37.531833,""lon"":126.88527,""alt"":100},""endLLA"":{""lat"":37.526343,""lon"":126.876243,""alt"":15},""targetSpeed"":30,""seq"":12}","{""phase"":""J"",""startLLA"":{""lat"":37.526343,""lon"":126.876243,""alt"":15},""endLLA"":{""lat"":37.526343,""lon"":126.876243,""alt"":0},""targetSpeed"":10,""seq"":13}","{""phase"":""K"",""startLLA"":{""lat"":37.526343,""lon"":126.876243,""alt"":0},""endLLA"":{""lat"":37.526343,""lon"":126.876243,""alt"":0},""targetSpeed"":3,""seq"":14}",,,,,,,
98f166edc22f,2026-07-11,FPL1316001,UAM0043,a4,4,4,1,강남,강남,망우,망우,7,G7,F2,G3,F3,07:09:14,07:18:28,07:27:44,07:35:04,07:45:04,554.09,556.42,440,1550.51,78.38,249.78,ready,강남 > 청담대교 중간지점 > 건대입구 > 망우,12.9927,11,"{""phase"":""A"",""startLLA"":{""lat"":37.496291,""lon"":127.023303,""alt"":0},""endLLA"":{""lat"":37.496291,""lon"":127.023303,""alt"":0},""targetSpeed"":3,""seq"":1}","{""phase"":""B"",""startLLA"":{""lat"":37.496291,""lon"":127.023303,""alt"":0},""endLLA"":{""lat"":37.496291,""lon"":127.023303,""alt"":15},""targetSpeed"":10,""seq"":2}","{""phase"":""C"",""startLLA"":{""lat"":37.496291,""lon"":127.023303,""alt"":15},""endLLA"":{""lat"":37.503645,""lon"":127.033314,""alt"":100},""targetSpeed"":36,""seq"":3}","{""phase"":""E"",""startLLA"":{""lat"":37.503645,""lon"":127.033314,""alt"":100},""endLLA"":{""lat"":37.525174,""lon"":127.062622,""alt"":305},""targetSpeed"":51.4,""seq"":4}","{""phase"":""F"",""startLLA"":{""lat"":37.525174,""lon"":127.062622,""alt"":305},""endLLA"":{""lat"":37.526451,""lon"":127.064361,""alt"":305},""targetSpeed"":51.4,""seq"":5}","{""phase"":""F"",""startLLA"":{""lat"":37.526451,""lon"":127.064361,""alt"":305},""endLLA"":{""lat"":37.540426,""lon"":127.069298,""alt"":305},""targetSpeed"":51.4,""seq"":6}","{""phase"":""F"",""startLLA"":{""lat"":37.540426,""lon"":127.069298,""alt"":305},""endLLA"":{""lat"":37.55715,""lon"":127.073903,""alt"":305},""targetSpeed"":51.4,""seq"":7}","{""phase"":""G"",""startLLA"":{""lat"":37.55715,""lon"":127.073903,""alt"":305},""endLLA"":{""lat"":37.588107,""lon"":127.082428,""alt"":100},""targetSpeed"":36,""seq"":8}","{""phase"":""I"",""startLLA"":{""lat"":37.588107,""lon"":127.082428,""alt"":100},""endLLA"":{""lat"":37.596919,""lon"":127.084854,""alt"":15},""targetSpeed"":30,""seq"":9}","{""phase"":""J"",""startLLA"":{""lat"":37.596919,""lon"":127.084854,""alt"":15},""endLLA"":{""lat"":37.596919,""lon"":127.084854,""alt"":0},""targetSpeed"":10,""seq"":10}","{""phase"":""K"",""startLLA"":{""lat"":37.596919,""lon"":127.084854,""alt"":0},""endLLA"":{""lat"":37.596919,""lon"":127.084854,""alt"":0},""targetSpeed"":3,""seq"":11}",,,,,,,,,,
98f166edc22f,2026-07-11,FPL1305005,UAM0125,a6,6,6,1,강남,강남,목동,목동,7,G2,F1,G1,F3,07:12:21,07:21:47,07:29:55,07:38:15,07:48:15,566.14,488.17,500,1554.31,120.43,132.89,ready,강남 > 이수고가차로 > 상도터널 > 63빌딩 > 서강대교 중간지점 > 선유도 17고지 > 목동,15.4931,14,"{""phase"":""A"",""startLLA"":{""lat"":37.496291,""lon"":127.023303,""alt"":0},""endLLA"":{""lat"":37.496291,""lon"":127.023303,""alt"":0},""targetSpeed"":3,""seq"":1}","{""phase"":""B"",""startLLA"":{""lat"":37.496291,""lon"":127.023303,""alt"":0},""endLLA"":{""lat"":37.496291,""lon"":127.023303,""alt"":15},""targetSpeed"":10,""seq"":2}","{""phase"":""C"",""startLLA"":{""lat"":37.496291,""lon"":127.023303,""alt"":15},""endLLA"":{""lat"":37.496789,""lon"":127.009673,""alt"":100},""targetSpeed"":36,""seq"":3}","{""phase"":""E"",""startLLA"":{""lat"":37.496789,""lon"":127.009673,""alt"":100},""endLLA"":{""lat"":37.497738,""lon"":126.983721,""alt"":233.33},""targetSpeed"":51.4,""seq"":4}","{""phase"":""E"",""startLLA"":{""lat"":37.497738,""lon"":126.983721,""alt"":233.33},""endLLA"":{""lat"":37.50217,""lon"":126.970921,""alt"":305},""targetSpeed"":51.4,""seq"":5}","{""phase"":""F"",""startLLA"":{""lat"":37.50217,""lon"":126.970921,""alt"":305},""endLLA"":{""lat"":37.508684,""lon"":126.95211,""alt"":305},""targetSpeed"":51.4,""seq"":6}","{""phase"":""F"",""startLLA"":{""lat"":37.508684,""lon"":126.95211,""alt"":305},""endLLA"":{""lat"":37.519378,""lon"":126.94021,""alt"":305},""targetSpeed"":51.4,""seq"":7}","{""phase"":""F"",""startLLA"":{""lat"":37.519378,""lon"":126.94021,""alt"":305},""endLLA"":{""lat"":37.536949,""lon"":126.924908,""alt"":305},""targetSpeed"":51.4,""seq"":8}","{""phase"":""F"",""startLLA"":{""lat"":37.536949,""lon"":126.924908,""alt"":305},""endLLA"":{""lat"":37.538128,""lon"":126.919977,""alt"":305},""targetSpeed"":51.4,""seq"":9}","{""phase"":""G"",""startLLA"":{""lat"":37.538128,""lon"":126.919977,""alt"":305},""endLLA"":{""lat"":37.542307,""lon"":126.90249,""alt"":211.32},""targetSpeed"":36,""seq"":10}","{""phase"":""G"",""startLLA"":{""lat"":37.542307,""lon"":126.90249,""alt"":211.32},""endLLA"":{""lat"":37.531833,""lon"":126.88527,""alt"":100},""targetSpeed"":36,""seq"":11}","{""phase"":""I"",""startLLA"":{""lat"":37.531833,""lon"":126.88527,""alt"":100},""endLLA"":{""lat"":37.526343,""lon"":126.876243,""alt"":15},""targetSpeed"":30,""seq"":12}","{""phase"":""J"",""startLLA"":{""lat"":37.526343,""lon"":126.876243,""alt"":15},""endLLA"":{""lat"":37.526343,""lon"":126.876243,""alt"":0},""targetSpeed"":10,""seq"":13}","{""phase"":""K"",""startLLA"":{""lat"":37.526343,""lon"":126.876243,""alt"":0},""endLLA"":{""lat"":37.526343,""lon"":126.876243,""alt"":0},""targetSpeed"":3,""seq"":14}",,,,,,,
98f166edc22f,2026-07-11,FPL1311003,UAM0037,a6,6,6,1,강남,강남,천호,천호,7,G6,F2,G2,F4,07:14:10,07:23:53,07:30:42,07:38:32,07:48:32,583.8,409.1,470,1462.91,138.09,125.2,ready,강남 > 청담대교 중간지점 > 잠실대교 중간지점 > 천호,10.7701,11,"{""phase"":""A"",""startLLA"":{""lat"":37.496291,""lon"":127.023303,""alt"":0},""endLLA"":{""lat"":37.496291,""lon"":127.023303,""alt"":0},""targetSpeed"":3,""seq"":1}","{""phase"":""B"",""startLLA"":{""lat"":37.496291,""lon"":127.023303,""alt"":0},""endLLA"":{""lat"":37.496291,""lon"":127.023303,""alt"":15},""targetSpeed"":10,""seq"":2}","{""phase"":""C"",""startLLA"":{""lat"":37.496291,""lon"":127.023303,""alt"":15},""endLLA"":{""lat"":37.503645,""lon"":127.033315,""alt"":100},""targetSpeed"":36,""seq"":3}","{""phase"":""E"",""startLLA"":{""lat"":37.503645,""lon"":127.033315,""alt"":100},""endLLA"":{""lat"":37.525177,""lon"":127.062626,""alt"":305},""targetSpeed"":51.4,""seq"":4}","{""phase"":""F"",""startLLA"":{""lat"":37.525177,""lon"":127.062626,""alt"":305},""endLLA"":{""lat"":37.526451,""lon"":127.064361,""alt"":305},""targetSpeed"":51.4,""seq"":5}","{""phase"":""F"",""startLLA"":{""lat"":37.526451,""lon"":127.064361,""alt"":305},""endLLA"":{""lat"":37.52529,""lon"":127.079002,""alt"":305},""targetSpeed"":51.4,""seq"":6}","{""phase"":""G"",""startLLA"":{""lat"":37.52529,""lon"":127.079002,""alt"":305},""endLLA"":{""lat"":37.524288,""lon"":127.091639,""alt"":239.84},""targetSpeed"":36,""seq"":7}","{""phase"":""G"",""startLLA"":{""lat"":37.524288,""lon"":127.091639,""alt"":239.84},""endLLA"":{""lat"":37.539419,""lon"":127.111107,""alt"":100},""targetSpeed"":36,""seq"":8}","{""phase"":""I"",""startLLA"":{""lat"":37.539419,""lon"":127.111107,""alt"":100},""endLLA"":{""lat"":37.545733,""lon"":127.11923,""alt"":15},""targetSpeed"":30,""seq"":9}","{""phase"":""J"",""startLLA"":{""lat"":37.545733,""lon"":127.11923,""alt"":15},""endLLA"":{""lat"":37.545733,""lon"":127.11923,""alt"":0},""targetSpeed"":10,""seq"":10}","{""phase"":""K"",""startLLA"":{""lat"":37.545733,""lon"":127.11923,""alt"":0},""endLLA"":{""lat"":37.545733,""lon"":127.11923,""alt"":0},""targetSpeed"":3,""seq"":11}",,,,,,,,,,
98f166edc22f,2026-07-11,FPL1310001,UAM0077,a6,6,6,1,강남,강남,연신내,연신내,7,G1,F1,G8,F4,07:17:17,07:27:12,07:35:16,07:42:38,07:52:38,595.86,483.8,442.27,1521.94,180.14,32.27,ready,강남 > 이수고가차로 > 상도터널 > 63빌딩 > 서강대교 중간지점 > 선유도 17고지 > 성산대교 중간지점 > 수색교 > 연신내,22.0994,16,"{""phase"":""A"",""startLLA"":{""lat"":37.496291,""lon"":127.023303,""alt"":0},""endLLA"":{""lat"":37.496291,""lon"":127.023303,""alt"":0},""targetSpeed"":3,""seq"":1}","{""phase"":""B"",""startLLA"":{""lat"":37.496291,""lon"":127.023303,""alt"":0},""endLLA"":{""lat"":37.496291,""lon"":127.023303,""alt"":15},""targetSpeed"":10,""seq"":2}","{""phase"":""C"",""startLLA"":{""lat"":37.496291,""lon"":127.023303,""alt"":15},""endLLA"":{""lat"":37.496789,""lon"":127.009676,""alt"":100},""targetSpeed"":36,""seq"":3}","{""phase"":""E"",""startLLA"":{""lat"":37.496789,""lon"":127.009676,""alt"":100},""endLLA"":{""lat"":37.497738,""lon"":126.983721,""alt"":233.37},""targetSpeed"":51.4,""seq"":4}","{""phase"":""E"",""startLLA"":{""lat"":37.497738,""lon"":126.983721,""alt"":233.37},""endLLA"":{""lat"":37.502167,""lon"":126.970929,""alt"":305},""targetSpeed"":51.4,""seq"":5}","{""phase"":""F"",""startLLA"":{""lat"":37.502167,""lon"":126.970929,""alt"":305},""endLLA"":{""lat"":37.508684,""lon"":126.95211,""alt"":305},""targetSpeed"":51.4,""seq"":6}","{""phase"":""F"",""startLLA"":{""lat"":37.508684,""lon"":126.95211,""alt"":305},""endLLA"":{""lat"":37.519378,""lon"":126.94021,""alt"":305},""targetSpeed"":51.4,""seq"":7}","{""phase"":""F"",""startLLA"":{""lat"":37.519378,""lon"":126.94021,""alt"":305},""endLLA"":{""lat"":37.536949,""lon"":126.924908,""alt"":305},""targetSpeed"":51.4,""seq"":8}","{""phase"":""F"",""startLLA"":{""lat"":37.536949,""lon"":126.924908,""alt"":305},""endLLA"":{""lat"":37.542307,""lon"":126.90249,""alt"":305},""targetSpeed"":51.4,""seq"":9}","{""phase"":""F"",""startLLA"":{""lat"":37.542307,""lon"":126.90249,""alt"":305},""endLLA"":{""lat"":37.552574,""lon"":126.891431,""alt"":305},""targetSpeed"":51.4,""seq"":10}","{""phase"":""F"",""startLLA"":{""lat"":37.552574,""lon"":126.891431,""alt"":305},""endLLA"":{""lat"":37.583699,""lon"":126.886697,""alt"":305},""targetSpeed"":51.4,""seq"":11}","{""phase"":""G"",""startLLA"":{""lat"":37.583699,""lon"":126.886697,""alt"":305},""endLLA"":{""lat"":37.586283,""lon"":126.886304,""alt"":288.16},""targetSpeed"":36,""seq"":12}","{""phase"":""G"",""startLLA"":{""lat"":37.586283,""lon"":126.886304,""alt"":288.16},""endLLA"":{""lat"":37.60526,""lon"":126.914121,""alt"":100},""targetSpeed"":36,""seq"":13}","{""phase"":""I"",""startLLA"":{""lat"":37.60526,""lon"":126.914121,""alt"":100},""endLLA"":{""lat"":37.611145,""lon"":126.922747,""alt"":15},""targetSpeed"":30,""seq"":14}","{""phase"":""J"",""startLLA"":{""lat"":37.611145,""lon"":126.922747,""alt"":15},""endLLA"":{""lat"":37.611145,""lon"":126.922747,""alt"":0},""targetSpeed"":10,""seq"":15}","{""phase"":""K"",""startLLA"":{""lat"":37.611145,""lon"":126.922747,""alt"":0},""endLLA"":{""lat"":37.611145,""lon"":126.922747,""alt"":0},""targetSpeed"":3,""seq"":16}",,,,,
98f166edc22f,2026-07-11,FPL1315003,UAM0087,a8,8,8,1,강남,강남,마곡,마곡,7,G5,F2,G4,F3,07:19:06,07:29:19,07:40:50,07:47:40,07:57:40,613.52,690.91,410,1714.43,197.8,89.71,ready,강남 > 이수고가차로 > 상도터널 > 63빌딩 > 서강대교 중간지점 > 선유도 17고지 > 성산대교 중간지점 > 가양대교 남단 > 마곡,23.493,16,"{""phase"":""A"",""startLLA"":{""lat"":37.496291,""lon"":127.023303,""alt"":0},""endLLA"":{""lat"":37.496291,""lon"":127.023303,""alt"":0},""targetSpeed"":3,""seq"":1}","{""phase"":""B"",""startLLA"":{""lat"":37.496291,""lon"":127.023303,""alt"":0},""endLLA"":{""lat"":37.496291,""lon"":127.023303,""alt"":15},""targetSpeed"":10,""seq"":2}","{""phase"":""C"",""startLLA"":{""lat"":37.496291,""lon"":127.023303,""alt"":15},""endLLA"":{""lat"":37.496789,""lon"":127.009676,""alt"":100},""targetSpeed"":36,""seq"":3}","{""phase"":""E"",""startLLA"":{""lat"":37.496789,""lon"":127.009676,""alt"":100},""endLLA"":{""lat"":37.497738,""lon"":126.983721,""alt"":233.37},""targetSpeed"":51.4,""seq"":4}","{""phase"":""E"",""startLLA"":{""lat"":37.497738,""lon"":126.983721,""alt"":233.37},""endLLA"":{""lat"":37.502167,""lon"":126.970931,""alt"":305},""targetSpeed"":51.4,""seq"":5}","{""phase"":""F"",""startLLA"":{""lat"":37.502167,""lon"":126.970931,""alt"":305},""endLLA"":{""lat"":37.508684,""lon"":126.95211,""alt"":305},""targetSpeed"":51.4,""seq"":6}","{""phase"":""F"",""startLLA"":{""lat"":37.508684,""lon"":126.95211,""alt"":305},""endLLA"":{""lat"":37.519378,""lon"":126.94021,""alt"":305},""targetSpeed"":51.4,""seq"":7}","{""phase"":""F"",""startLLA"":{""lat"":37.519378,""lon"":126.94021,""alt"":305},""endLLA"":{""lat"":37.536949,""lon"":126.924908,""alt"":305},""targetSpeed"":51.4,""seq"":8}","{""phase"":""F"",""startLLA"":{""lat"":37.536949,""lon"":126.924908,""alt"":305},""endLLA"":{""lat"":37.542307,""lon"":126.90249,""alt"":305},""targetSpeed"":51.4,""seq"":9}","{""phase"":""F"",""startLLA"":{""lat"":37.542307,""lon"":126.90249,""alt"":305},""endLLA"":{""lat"":37.552574,""lon"":126.891431,""alt"":305},""targetSpeed"":51.4,""seq"":10}","{""phase"":""F"",""startLLA"":{""lat"":37.552574,""lon"":126.891431,""alt"":305},""endLLA"":{""lat"":37.569391,""lon"":126.861026,""alt"":305},""targetSpeed"":51.4,""seq"":11}","{""phase"":""F"",""startLLA"":{""lat"":37.569391,""lon"":126.861026,""alt"":305},""endLLA"":{""lat"":37.567855,""lon"":126.842867,""alt"":305},""targetSpeed"":51.4,""seq"":12}","{""phase"":""G"",""startLLA"":{""lat"":37.567855,""lon"":126.842867,""alt"":305},""endLLA"":{""lat"":37.564492,""lon"":126.803119,""alt"":100},""targetSpeed"":36,""seq"":13}","{""phase"":""I"",""startLLA"":{""lat"":37.564492,""lon"":126.803119,""alt"":100},""endLLA"":{""lat"":37.563535,""lon"":126.791805,""alt"":15},""targetSpeed"":30,""seq"":14}","{""phase"":""J"",""startLLA"":{""lat"":37.563535,""lon"":126.791805,""alt"":15},""endLLA"":{""lat"":37.563535,""lon"":126.791805,""alt"":0},""targetSpeed"":10,""seq"":15}","{""phase"":""K"",""startLLA"":{""lat"":37.563535,""lon"":126.791805,""alt"":0},""endLLA"":{""lat"":37.563535,""lon"":126.791805,""alt"":0},""targetSpeed"":3,""seq"":16}",,,,,
98f166edc22f,2026-07-11,FPL1315004,UAM0119,a8,8,8,1,강남,강남,마곡,마곡,7,G4,F1,G6,F4,07:20:13,07:32:38,07:50:58,07:58:48,08:08:48,745.57,1100.29,470,2315.86,239.86,8.14,ready,강남 > 이수고가차로 > 상도터널 > 63빌딩 > 서강대교 중간지점 > 선유도 17고지 > 성산대교 중간지점 > 가양대교 남단 > 마곡,23.493,16,"{""phase"":""A"",""startLLA"":{""lat"":37.496291,""lon"":127.023303,""alt"":0},""endLLA"":{""lat"":37.496291,""lon"":127.023303,""alt"":0},""targetSpeed"":3,""seq"":1}","{""phase"":""B"",""startLLA"":{""lat"":37.496291,""lon"":127.023303,""alt"":0},""endLLA"":{""lat"":37.496291,""lon"":127.023303,""alt"":15},""targetSpeed"":10,""seq"":2}","{""phase"":""C"",""startLLA"":{""lat"":37.496291,""lon"":127.023303,""alt"":15},""endLLA"":{""lat"":37.496789,""lon"":127.009676,""alt"":100},""targetSpeed"":36,""seq"":3}","{""phase"":""E"",""startLLA"":{""lat"":37.496789,""lon"":127.009676,""alt"":100},""endLLA"":{""lat"":37.497738,""lon"":126.983721,""alt"":233.37},""targetSpeed"":51.4,""seq"":4}","{""phase"":""E"",""startLLA"":{""lat"":37.497738,""lon"":126.983721,""alt"":233.37},""endLLA"":{""lat"":37.502167,""lon"":126.970931,""alt"":305},""targetSpeed"":51.4,""seq"":5}","{""phase"":""F"",""startLLA"":{""lat"":37.502167,""lon"":126.970931,""alt"":305},""endLLA"":{""lat"":37.508684,""lon"":126.95211,""alt"":305},""targetSpeed"":51.4,""seq"":6}","{""phase"":""F"",""startLLA"":{""lat"":37.508684,""lon"":126.95211,""alt"":305},""endLLA"":{""lat"":37.519378,""lon"":126.94021,""alt"":305},""targetSpeed"":51.4,""seq"":7}","{""phase"":""F"",""startLLA"":{""lat"":37.519378,""lon"":126.94021,""alt"":305},""endLLA"":{""lat"":37.536949,""lon"":126.924908,""alt"":305},""targetSpeed"":51.4,""seq"":8}","{""phase"":""F"",""startLLA"":{""lat"":37.536949,""lon"":126.924908,""alt"":305},""endLLA"":{""lat"":37.542307,""lon"":126.90249,""alt"":305},""targetSpeed"":51.4,""seq"":9}","{""phase"":""F"",""startLLA"":{""lat"":37.542307,""lon"":126.90249,""alt"":305},""endLLA"":{""lat"":37.552574,""lon"":126.891431,""alt"":305},""targetSpeed"":51.4,""seq"":10}","{""phase"":""F"",""startLLA"":{""lat"":37.552574,""lon"":126.891431,""alt"":305},""endLLA"":{""lat"":37.569391,""lon"":126.861026,""alt"":305},""targetSpeed"":51.4,""seq"":11}","{""phase"":""F"",""startLLA"":{""lat"":37.569391,""lon"":126.861026,""alt"":305},""endLLA"":{""lat"":37.567855,""lon"":126.842867,""alt"":305},""targetSpeed"":51.4,""seq"":12}","{""phase"":""G"",""startLLA"":{""lat"":37.567855,""lon"":126.842867,""alt"":305},""endLLA"":{""lat"":37.564492,""lon"":126.803119,""alt"":100},""targetSpeed"":36,""seq"":13}","{""phase"":""I"",""startLLA"":{""lat"":37.564492,""lon"":126.803119,""alt"":100},""endLLA"":{""lat"":37.563535,""lon"":126.791805,""alt"":15},""targetSpeed"":30,""seq"":14}","{""phase"":""J"",""startLLA"":{""lat"":37.563535,""lon"":126.791805,""alt"":15},""endLLA"":{""lat"":37.563535,""lon"":126.791805,""alt"":0},""targetSpeed"":10,""seq"":15}","{""phase"":""K"",""startLLA"":{""lat"":37.563535,""lon"":126.791805,""alt"":0},""endLLA"":{""lat"":37.563535,""lon"":126.791805,""alt"":0},""targetSpeed"":3,""seq"":16}",,,,,
98f166edc22f,2026-07-11,FPL1305006,UAM0024,a8,8,8,1,강남,강남,목동,목동,7,G8,F1,G6,F4,07:31:03,07:39:28,07:45:23,07:53:13,08:03:13,505.71,355.28,470,1330.99,0,0,ready,강남 > 이수고가차로 > 상도터널 > 63빌딩 > 서강대교 중간지점 > 선유도 17고지 > 목동,15.4931,14,"{""phase"":""A"",""startLLA"":{""lat"":37.496291,""lon"":127.023303,""alt"":0},""endLLA"":{""lat"":37.496291,""lon"":127.023303,""alt"":0},""targetSpeed"":3,""seq"":1}","{""phase"":""B"",""startLLA"":{""lat"":37.496291,""lon"":127.023303,""alt"":0},""endLLA"":{""lat"":37.496291,""lon"":127.023303,""alt"":15},""targetSpeed"":10,""seq"":2}","{""phase"":""C"",""startLLA"":{""lat"":37.496291,""lon"":127.023303,""alt"":15},""endLLA"":{""lat"":37.496789,""lon"":127.009673,""alt"":100},""targetSpeed"":36,""seq"":3}","{""phase"":""E"",""startLLA"":{""lat"":37.496789,""lon"":127.009673,""alt"":100},""endLLA"":{""lat"":37.497738,""lon"":126.983721,""alt"":233.33},""targetSpeed"":51.4,""seq"":4}","{""phase"":""E"",""startLLA"":{""lat"":37.497738,""lon"":126.983721,""alt"":233.33},""endLLA"":{""lat"":37.50217,""lon"":126.970921,""alt"":305},""targetSpeed"":51.4,""seq"":5}","{""phase"":""F"",""startLLA"":{""lat"":37.50217,""lon"":126.970921,""alt"":305},""endLLA"":{""lat"":37.508684,""lon"":126.95211,""alt"":305},""targetSpeed"":51.4,""seq"":6}","{""phase"":""F"",""startLLA"":{""lat"":37.508684,""lon"":126.95211,""alt"":305},""endLLA"":{""lat"":37.519378,""lon"":126.94021,""alt"":305},""targetSpeed"":51.4,""seq"":7}","{""phase"":""F"",""startLLA"":{""lat"":37.519378,""lon"":126.94021,""alt"":305},""endLLA"":{""lat"":37.536949,""lon"":126.924908,""alt"":305},""targetSpeed"":51.4,""seq"":8}","{""phase"":""F"",""startLLA"":{""lat"":37.536949,""lon"":126.924908,""alt"":305},""endLLA"":{""lat"":37.538128,""lon"":126.919977,""alt"":305},""targetSpeed"":51.4,""seq"":9}","{""phase"":""G"",""startLLA"":{""lat"":37.538128,""lon"":126.919977,""alt"":305},""endLLA"":{""lat"":37.542307,""lon"":126.90249,""alt"":211.32},""targetSpeed"":36,""seq"":10}","{""phase"":""G"",""startLLA"":{""lat"":37.542307,""lon"":126.90249,""alt"":211.32},""endLLA"":{""lat"":37.531833,""lon"":126.88527,""alt"":100},""targetSpeed"":36,""seq"":11}","{""phase"":""I"",""startLLA"":{""lat"":37.531833,""lon"":126.88527,""alt"":100},""endLLA"":{""lat"":37.526343,""lon"":126.876243,""alt"":15},""targetSpeed"":30,""seq"":12}","{""phase"":""J"",""startLLA"":{""lat"":37.526343,""lon"":126.876243,""alt"":15},""endLLA"":{""lat"":37.526343,""lon"":126.876243,""alt"":0},""targetSpeed"":10,""seq"":13}","{""phase"":""K"",""startLLA"":{""lat"":37.526343,""lon"":126.876243,""alt"":0},""endLLA"":{""lat"":37.526343,""lon"":126.876243,""alt"":0},""targetSpeed"":3,""seq"":14}",,,,,,,
98f166edc22f,2026-07-11,FPL1303002,UAM0026,a2,2,2,1,강남,강남,상암,상암,7,G3,F2,G3,F4,07:32:57,07:40:52,07:46:39,07:53:59,08:03:59,475.71,346.64,440,1262.35,0,0,ready,강남 > 이수고가차로 > 상도터널 > 63빌딩 > 서강대교 중간지점 > 선유도 17고지 > 상암,15.0491,14,"{""phase"":""A"",""startLLA"":{""lat"":37.496291,""lon"":127.023303,""alt"":0},""endLLA"":{""lat"":37.496291,""lon"":127.023303,""alt"":0},""targetSpeed"":3,""seq"":1}","{""phase"":""B"",""startLLA"":{""lat"":37.496291,""lon"":127.023303,""alt"":0},""endLLA"":{""lat"":37.496291,""lon"":127.023303,""alt"":15},""targetSpeed"":10,""seq"":2}","{""phase"":""C"",""startLLA"":{""lat"":37.496291,""lon"":127.023303,""alt"":15},""endLLA"":{""lat"":37.496789,""lon"":127.009673,""alt"":100},""targetSpeed"":36,""seq"":3}","{""phase"":""E"",""startLLA"":{""lat"":37.496789,""lon"":127.009673,""alt"":100},""endLLA"":{""lat"":37.497738,""lon"":126.983721,""alt"":233.33},""targetSpeed"":51.4,""seq"":4}","{""phase"":""E"",""startLLA"":{""lat"":37.497738,""lon"":126.983721,""alt"":233.33},""endLLA"":{""lat"":37.50217,""lon"":126.970921,""alt"":305},""targetSpeed"":51.4,""seq"":5}","{""phase"":""F"",""startLLA"":{""lat"":37.50217,""lon"":126.970921,""alt"":305},""endLLA"":{""lat"":37.508684,""lon"":126.95211,""alt"":305},""targetSpeed"":51.4,""seq"":6}","{""phase"":""F"",""startLLA"":{""lat"":37.508684,""lon"":126.95211,""alt"":305},""endLLA"":{""lat"":37.519378,""lon"":126.94021,""alt"":305},""targetSpeed"":51.4,""seq"":7}","{""phase"":""F"",""startLLA"":{""lat"":37.519378,""lon"":126.94021,""alt"":305},""endLLA"":{""lat"":37.536949,""lon"":126.924908,""alt"":305},""targetSpeed"":51.4,""seq"":8}","{""phase"":""F"",""startLLA"":{""lat"":37.536949,""lon"":126.924908,""alt"":305},""endLLA"":{""lat"":37.536976,""lon"":126.924795,""alt"":305},""targetSpeed"":51.4,""seq"":9}","{""phase"":""G"",""startLLA"":{""lat"":37.536976,""lon"":126.924795,""alt"":305},""endLLA"":{""lat"":37.542307,""lon"":126.90249,""alt"":185.51},""targetSpeed"":36,""seq"":10}","{""phase"":""G"",""startLLA"":{""lat"":37.542307,""lon"":126.90249,""alt"":185.51},""endLLA"":{""lat"":37.55418,""lon"":126.895159,""alt"":100},""targetSpeed"":36,""seq"":11}","{""phase"":""I"",""startLLA"":{""lat"":37.55418,""lon"":126.895159,""alt"":100},""endLLA"":{""lat"":37.562282,""lon"":126.890156,""alt"":15},""targetSpeed"":30,""seq"":12}","{""phase"":""J"",""startLLA"":{""lat"":37.562282,""lon"":126.890156,""alt"":15},""endLLA"":{""lat"":37.562282,""lon"":126.890156,""alt"":0},""targetSpeed"":10,""seq"":13}","{""phase"":""K"",""startLLA"":{""lat"":37.562282,""lon"":126.890156,""alt"":0},""endLLA"":{""lat"":37.562282,""lon"":126.890156,""alt"":0},""targetSpeed"":3,""seq"":14}",,,,,,,
98f166edc22f,2026-07-11,FPL1306002,UAM0019,a4,4,4,1,강남,강남,미아,미아,7,G4,F1,G2,F3,07:38:24,07:46:49,07:54:08,08:01:58,08:11:58,505.71,438.49,470,1414.2,0,0,ready,강남 > 청담대교 중간지점 > 건대입구 > 중랑천 제방길 > 상봉 > 월릉교 > 미아,19.77,14,"{""phase"":""A"",""startLLA"":{""lat"":37.496291,""lon"":127.023303,""alt"":0},""endLLA"":{""lat"":37.496291,""lon"":127.023303,""alt"":0},""targetSpeed"":3,""seq"":1}","{""phase"":""B"",""startLLA"":{""lat"":37.496291,""lon"":127.023303,""alt"":0},""endLLA"":{""lat"":37.496291,""lon"":127.023303,""alt"":15},""targetSpeed"":10,""seq"":2}","{""phase"":""C"",""startLLA"":{""lat"":37.496291,""lon"":127.023303,""alt"":15},""endLLA"":{""lat"":37.503643,""lon"":127.033311,""alt"":100},""targetSpeed"":36,""seq"":3}","{""phase"":""E"",""startLLA"":{""lat"":37.503643,""lon"":127.033311,""alt"":100},""endLLA"":{""lat"":37.525166,""lon"":127.062612,""alt"":305},""targetSpeed"":51.4,""seq"":4}","{""phase"":""F"",""startLLA"":{""lat"":37.525166,""lon"":127.062612,""alt"":305},""endLLA"":{""lat"":37.526451,""lon"":127.064361,""alt"":305},""targetSpeed"":51.4,""seq"":5}","{""phase"":""F"",""startLLA"":{""lat"":37.526451,""lon"":127.064361,""alt"":305},""endLLA"":{""lat"":37.540426,""lon"":127.069298,""alt"":305},""targetSpeed"":51.4,""seq"":6}","{""phase"":""F"",""startLLA"":{""lat"":37.540426,""lon"":127.069298,""alt"":305},""endLLA"":{""lat"":37.580774,""lon"":127.077387,""alt"":305},""targetSpeed"":51.4,""seq"":7}","{""phase"":""F"",""startLLA"":{""lat"":37.580774,""lon"":127.077387,""alt"":305},""endLLA"":{""lat"":37.596919,""lon"":127.084854,""alt"":305},""targetSpeed"":51.4,""seq"":8}","{""phase"":""F"",""startLLA"":{""lat"":37.596919,""lon"":127.084854,""alt"":305},""endLLA"":{""lat"":37.614364,""lon"":127.072717,""alt"":305},""targetSpeed"":51.4,""seq"":9}","{""phase"":""G"",""startLLA"":{""lat"":37.614364,""lon"":127.072717,""alt"":305},""endLLA"":{""lat"":37.616266,""lon"":127.071394,""alt"":290.95},""targetSpeed"":36,""seq"":10}","{""phase"":""G"",""startLLA"":{""lat"":37.616266,""lon"":127.071394,""alt"":290.95},""endLLA"":{""lat"":37.626944,""lon"":127.036666,""alt"":100},""targetSpeed"":36,""seq"":11}","{""phase"":""I"",""startLLA"":{""lat"":37.626944,""lon"":127.036666,""alt"":100},""endLLA"":{""lat"":37.630207,""lon"":127.026053,""alt"":15},""targetSpeed"":30,""seq"":12}","{""phase"":""J"",""startLLA"":{""lat"":37.630207,""lon"":127.026053,""alt"":15},""endLLA"":{""lat"":37.630207,""lon"":127.026053,""alt"":0},""targetSpeed"":10,""seq"":13}","{""phase"":""K"",""startLLA"":{""lat"":37.630207,""lon"":127.026053,""alt"":0},""endLLA"":{""lat"":37.630207,""lon"":127.026053,""alt"":0},""targetSpeed"":3,""seq"":14}",,,,,,,
98f166edc22f,2026-07-11,FPL1311004,UAM0063,a8,8,8,1,강남,강남,천호,천호,7,G8,F1,G3,F3,07:50:56,08:00:16,08:06:18,08:13:38,08:23:38,560.35,362.32,440,1362.66,54.63,98.93,ready,강남 > 청담대교 중간지점 > 잠실대교 중간지점 > 천호,10.7701,11,"{""phase"":""A"",""startLLA"":{""lat"":37.496291,""lon"":127.023303,""alt"":0},""endLLA"":{""lat"":37.496291,""lon"":127.023303,""alt"":0},""targetSpeed"":3,""seq"":1}","{""phase"":""B"",""startLLA"":{""lat"":37.496291,""lon"":127.023303,""alt"":0},""endLLA"":{""lat"":37.496291,""lon"":127.023303,""alt"":15},""targetSpeed"":10,""seq"":2}","{""phase"":""C"",""startLLA"":{""lat"":37.496291,""lon"":127.023303,""alt"":15},""endLLA"":{""lat"":37.503645,""lon"":127.033315,""alt"":100},""targetSpeed"":36,""seq"":3}","{""phase"":""E"",""startLLA"":{""lat"":37.503645,""lon"":127.033315,""alt"":100},""endLLA"":{""lat"":37.525177,""lon"":127.062626,""alt"":305},""targetSpeed"":51.4,""seq"":4}","{""phase"":""F"",""startLLA"":{""lat"":37.525177,""lon"":127.062626,""alt"":305},""endLLA"":{""lat"":37.526451,""lon"":127.064361,""alt"":305},""targetSpeed"":51.4,""seq"":5}","{""phase"":""F"",""startLLA"":{""lat"":37.526451,""lon"":127.064361,""alt"":305},""endLLA"":{""lat"":37.52529,""lon"":127.079002,""alt"":305},""targetSpeed"":51.4,""seq"":6}","{""phase"":""G"",""startLLA"":{""lat"":37.52529,""lon"":127.079002,""alt"":305},""endLLA"":{""lat"":37.524288,""lon"":127.091639,""alt"":239.84},""targetSpeed"":36,""seq"":7}","{""phase"":""G"",""startLLA"":{""lat"":37.524288,""lon"":127.091639,""alt"":239.84},""endLLA"":{""lat"":37.539419,""lon"":127.111107,""alt"":100},""targetSpeed"":36,""seq"":8}","{""phase"":""I"",""startLLA"":{""lat"":37.539419,""lon"":127.111107,""alt"":100},""endLLA"":{""lat"":37.545733,""lon"":127.11923,""alt"":15},""targetSpeed"":30,""seq"":9}","{""phase"":""J"",""startLLA"":{""lat"":37.545733,""lon"":127.11923,""alt"":15},""endLLA"":{""lat"":37.545733,""lon"":127.11923,""alt"":0},""targetSpeed"":10,""seq"":10}","{""phase"":""K"",""startLLA"":{""lat"":37.545733,""lon"":127.11923,""alt"":0},""endLLA"":{""lat"":37.545733,""lon"":127.11923,""alt"":0},""targetSpeed"":3,""seq"":11}",,,,,,,,,,
98f166edc22f,2026-07-11,FPL1311005,UAM0038,a6,6,6,1,강남,강남,천호,천호,7,G3,F2,G6,F4,07:54:40,08:02:35,08:12:05,08:19:55,08:29:55,475.71,570.08,470,1515.79,0,306.69,ready,강남 > 청담대교 중간지점 > 잠실대교 중간지점 > 천호,10.7701,11,"{""phase"":""A"",""startLLA"":{""lat"":37.496291,""lon"":127.023303,""alt"":0},""endLLA"":{""lat"":37.496291,""lon"":127.023303,""alt"":0},""targetSpeed"":3,""seq"":1}","{""phase"":""B"",""startLLA"":{""lat"":37.496291,""lon"":127.023303,""alt"":0},""endLLA"":{""lat"":37.496291,""lon"":127.023303,""alt"":15},""targetSpeed"":10,""seq"":2}","{""phase"":""C"",""startLLA"":{""lat"":37.496291,""lon"":127.023303,""alt"":15},""endLLA"":{""lat"":37.503645,""lon"":127.033315,""alt"":100},""targetSpeed"":36,""seq"":3}","{""phase"":""E"",""startLLA"":{""lat"":37.503645,""lon"":127.033315,""alt"":100},""endLLA"":{""lat"":37.525177,""lon"":127.062626,""alt"":305},""targetSpeed"":51.4,""seq"":4}","{""phase"":""F"",""startLLA"":{""lat"":37.525177,""lon"":127.062626,""alt"":305},""endLLA"":{""lat"":37.526451,""lon"":127.064361,""alt"":305},""targetSpeed"":51.4,""seq"":5}","{""phase"":""F"",""startLLA"":{""lat"":37.526451,""lon"":127.064361,""alt"":305},""endLLA"":{""lat"":37.52529,""lon"":127.079002,""alt"":305},""targetSpeed"":51.4,""seq"":6}","{""phase"":""G"",""startLLA"":{""lat"":37.52529,""lon"":127.079002,""alt"":305},""endLLA"":{""lat"":37.524288,""lon"":127.091639,""alt"":239.84},""targetSpeed"":36,""seq"":7}","{""phase"":""G"",""startLLA"":{""lat"":37.524288,""lon"":127.091639,""alt"":239.84},""endLLA"":{""lat"":37.539419,""lon"":127.111107,""alt"":100},""targetSpeed"":36,""seq"":8}","{""phase"":""I"",""startLLA"":{""lat"":37.539419,""lon"":127.111107,""alt"":100},""endLLA"":{""lat"":37.545733,""lon"":127.11923,""alt"":15},""targetSpeed"":30,""seq"":9}","{""phase"":""J"",""startLLA"":{""lat"":37.545733,""lon"":127.11923,""alt"":15},""endLLA"":{""lat"":37.545733,""lon"":127.11923,""alt"":0},""targetSpeed"":10,""seq"":10}","{""phase"":""K"",""startLLA"":{""lat"":37.545733,""lon"":127.11923,""alt"":0},""endLLA"":{""lat"":37.545733,""lon"":127.11923,""alt"":0},""targetSpeed"":3,""seq"":11}",,,,,,,,,,
98f166edc22f,2026-07-11,FPL1314002,UAM0029,a6,6,6,1,강남,강남,가산,가산,7,G7,F1,G7,F3,07:55:52,08:05:42,08:13:00,08:20:20,08:30:20,590.06,438.92,440,1468.98,114.35,104.15,ready,강남 > 채석장 > 180고지 > 가산,14.4391,11,"{""phase"":""A"",""startLLA"":{""lat"":37.496291,""lon"":127.023303,""alt"":0},""endLLA"":{""lat"":37.496291,""lon"":127.023303,""alt"":0},""targetSpeed"":3,""seq"":1}","{""phase"":""B"",""startLLA"":{""lat"":37.496291,""lon"":127.023303,""alt"":0},""endLLA"":{""lat"":37.496291,""lon"":127.023303,""alt"":15},""targetSpeed"":10,""seq"":2}","{""phase"":""C"",""startLLA"":{""lat"":37.496291,""lon"":127.023303,""alt"":15},""endLLA"":{""lat"":37.489331,""lon"":127.012849,""alt"":100},""targetSpeed"":36,""seq"":3}","{""phase"":""E"",""startLLA"":{""lat"":37.489331,""lon"":127.012849,""alt"":100},""endLLA"":{""lat"":37.471285,""lon"":126.985745,""alt"":281.55},""targetSpeed"":51.4,""seq"":4}","{""phase"":""E"",""startLLA"":{""lat"":37.471285,""lon"":126.985745,""alt"":281.55},""endLLA"":{""lat"":37.473124,""lon"":126.981806,""alt"":305},""targetSpeed"":51.4,""seq"":5}","{""phase"":""F"",""startLLA"":{""lat"":37.473124,""lon"":126.981806,""alt"":305},""endLLA"":{""lat"":37.492877,""lon"":126.93949,""alt"":305},""targetSpeed"":51.4,""seq"":6}","{""phase"":""F"",""startLLA"":{""lat"":37.492877,""lon"":126.93949,""alt"":305},""endLLA"":{""lat"":37.492284,""lon"":126.929979,""alt"":305},""targetSpeed"":51.4,""seq"":7}","{""phase"":""G"",""startLLA"":{""lat"":37.492284,""lon"":126.929979,""alt"":305},""endLLA"":{""lat"":37.489798,""lon"":126.890147,""alt"":100},""targetSpeed"":36,""seq"":8}","{""phase"":""I"",""startLLA"":{""lat"":37.489798,""lon"":126.890147,""alt"":100},""endLLA"":{""lat"":37.489091,""lon"":126.878809,""alt"":15},""targetSpeed"":30,""seq"":9}","{""phase"":""J"",""startLLA"":{""lat"":37.489091,""lon"":126.878809,""alt"":15},""endLLA"":{""lat"":37.489091,""lon"":126.878809,""alt"":0},""targetSpeed"":10,""seq"":10}","{""phase"":""K"",""startLLA"":{""lat"":37.489091,""lon"":126.878809,""alt"":0},""endLLA"":{""lat"":37.489091,""lon"":126.878809,""alt"":0},""targetSpeed"":3,""seq"":11}",,,,,,,,,,
98f166edc22f,2026-07-11,FPL1314003,UAM0039,a8,8,8,1,강남,강남,가산,가산,7,G4,F2,G6,F3,07:58:35,08:08:01,08:17:26,08:25:16,08:35:16,566.43,565.26,470,1601.69,60.71,230.49,ready,강남 > 채석장 > 180고지 > 가산,14.4391,11,"{""phase"":""A"",""startLLA"":{""lat"":37.496291,""lon"":127.023303,""alt"":0},""endLLA"":{""lat"":37.496291,""lon"":127.023303,""alt"":0},""targetSpeed"":3,""seq"":1}","{""phase"":""B"",""startLLA"":{""lat"":37.496291,""lon"":127.023303,""alt"":0},""endLLA"":{""lat"":37.496291,""lon"":127.023303,""alt"":15},""targetSpeed"":10,""seq"":2}","{""phase"":""C"",""startLLA"":{""lat"":37.496291,""lon"":127.023303,""alt"":15},""endLLA"":{""lat"":37.489331,""lon"":127.012849,""alt"":100},""targetSpeed"":36,""seq"":3}","{""phase"":""E"",""startLLA"":{""lat"":37.489331,""lon"":127.012849,""alt"":100},""endLLA"":{""lat"":37.471285,""lon"":126.985745,""alt"":281.55},""targetSpeed"":51.4,""seq"":4}","{""phase"":""E"",""startLLA"":{""lat"":37.471285,""lon"":126.985745,""alt"":281.55},""endLLA"":{""lat"":37.473124,""lon"":126.981806,""alt"":305},""targetSpeed"":51.4,""seq"":5}","{""phase"":""F"",""startLLA"":{""lat"":37.473124,""lon"":126.981806,""alt"":305},""endLLA"":{""lat"":37.492877,""lon"":126.93949,""alt"":305},""targetSpeed"":51.4,""seq"":6}","{""phase"":""F"",""startLLA"":{""lat"":37.492877,""lon"":126.93949,""alt"":305},""endLLA"":{""lat"":37.492284,""lon"":126.929979,""alt"":305},""targetSpeed"":51.4,""seq"":7}","{""phase"":""G"",""startLLA"":{""lat"":37.492284,""lon"":126.929979,""alt"":305},""endLLA"":{""lat"":37.489798,""lon"":126.890147,""alt"":100},""targetSpeed"":36,""seq"":8}","{""phase"":""I"",""startLLA"":{""lat"":37.489798,""lon"":126.890147,""alt"":100},""endLLA"":{""lat"":37.489091,""lon"":126.878809,""alt"":15},""targetSpeed"":30,""seq"":9}","{""phase"":""J"",""startLLA"":{""lat"":37.489091,""lon"":126.878809,""alt"":15},""endLLA"":{""lat"":37.489091,""lon"":126.878809,""alt"":0},""targetSpeed"":10,""seq"":10}","{""phase"":""K"",""startLLA"":{""lat"":37.489091,""lon"":126.878809,""alt"":0},""endLLA"":{""lat"":37.489091,""lon"":126.878809,""alt"":0},""targetSpeed"":3,""seq"":11}",,,,,,,,,,
98f166edc22f,2026-07-11,FPL1315005,UAM0007,a8,8,8,1,강남,강남,마곡,마곡,8,G2,F1,G4,F3,08:00:47,08:11:07,08:19:38,08:26:28,08:36:28,620.77,510.92,410,1541.69,175.06,0,ready,강남 > 이수고가차로 > 상도터널 > 63빌딩 > 서강대교 중간지점 > 선유도 17고지 > 성산대교 중간지점 > 가양대교 남단 > 마곡,23.493,16,"{""phase"":""A"",""startLLA"":{""lat"":37.496291,""lon"":127.023303,""alt"":0},""endLLA"":{""lat"":37.496291,""lon"":127.023303,""alt"":0},""targetSpeed"":3,""seq"":1}","{""phase"":""B"",""startLLA"":{""lat"":37.496291,""lon"":127.023303,""alt"":0},""endLLA"":{""lat"":37.496291,""lon"":127.023303,""alt"":15},""targetSpeed"":10,""seq"":2}","{""phase"":""C"",""startLLA"":{""lat"":37.496291,""lon"":127.023303,""alt"":15},""endLLA"":{""lat"":37.496789,""lon"":127.009676,""alt"":100},""targetSpeed"":36,""seq"":3}","{""phase"":""E"",""startLLA"":{""lat"":37.496789,""lon"":127.009676,""alt"":100},""endLLA"":{""lat"":37.497738,""lon"":126.983721,""alt"":233.37},""targetSpeed"":51.4,""seq"":4}","{""phase"":""E"",""startLLA"":{""lat"":37.497738,""lon"":126.983721,""alt"":233.37},""endLLA"":{""lat"":37.502167,""lon"":126.970931,""alt"":305},""targetSpeed"":51.4,""seq"":5}","{""phase"":""F"",""startLLA"":{""lat"":37.502167,""lon"":126.970931,""alt"":305},""endLLA"":{""lat"":37.508684,""lon"":126.95211,""alt"":305},""targetSpeed"":51.4,""seq"":6}","{""phase"":""F"",""startLLA"":{""lat"":37.508684,""lon"":126.95211,""alt"":305},""endLLA"":{""lat"":37.519378,""lon"":126.94021,""alt"":305},""targetSpeed"":51.4,""seq"":7}","{""phase"":""F"",""startLLA"":{""lat"":37.519378,""lon"":126.94021,""alt"":305},""endLLA"":{""lat"":37.536949,""lon"":126.924908,""alt"":305},""targetSpeed"":51.4,""seq"":8}","{""phase"":""F"",""startLLA"":{""lat"":37.536949,""lon"":126.924908,""alt"":305},""endLLA"":{""lat"":37.542307,""lon"":126.90249,""alt"":305},""targetSpeed"":51.4,""seq"":9}","{""phase"":""F"",""startLLA"":{""lat"":37.542307,""lon"":126.90249,""alt"":305},""endLLA"":{""lat"":37.552574,""lon"":126.891431,""alt"":305},""targetSpeed"":51.4,""seq"":10}","{""phase"":""F"",""startLLA"":{""lat"":37.552574,""lon"":126.891431,""alt"":305},""endLLA"":{""lat"":37.569391,""lon"":126.861026,""alt"":305},""targetSpeed"":51.4,""seq"":11}","{""phase"":""F"",""startLLA"":{""lat"":37.569391,""lon"":126.861026,""alt"":305},""endLLA"":{""lat"":37.567855,""lon"":126.842867,""alt"":305},""targetSpeed"":51.4,""seq"":12}","{""phase"":""G"",""startLLA"":{""lat"":37.567855,""lon"":126.842867,""alt"":305},""endLLA"":{""lat"":37.564492,""lon"":126.803119,""alt"":100},""targetSpeed"":36,""seq"":13}","{""phase"":""I"",""startLLA"":{""lat"":37.564492,""lon"":126.803119,""alt"":100},""endLLA"":{""lat"":37.563535,""lon"":126.791805,""alt"":15},""targetSpeed"":30,""seq"":14}","{""phase"":""J"",""startLLA"":{""lat"":37.563535,""lon"":126.791805,""alt"":15},""endLLA"":{""lat"":37.563535,""lon"":126.791805,""alt"":0},""targetSpeed"":10,""seq"":15}","{""phase"":""K"",""startLLA"":{""lat"":37.563535,""lon"":126.791805,""alt"":0},""endLLA"":{""lat"":37.563535,""lon"":126.791805,""alt"":0},""targetSpeed"":3,""seq"":16}",,,,,
98f166edc22f,2026-07-11,FPL1316002,UAM0080,a8,8,8,1,강남,강남,망우,망우,8,G6,F2,G4,F3,08:04:01,08:13:27,08:18:33,08:25:23,08:35:23,566.14,306.63,410,1282.77,120.43,0,ready,강남 > 청담대교 중간지점 > 건대입구 > 망우,12.9927,11,"{""phase"":""A"",""startLLA"":{""lat"":37.496291,""lon"":127.023303,""alt"":0},""endLLA"":{""lat"":37.496291,""lon"":127.023303,""alt"":0},""targetSpeed"":3,""seq"":1}","{""phase"":""B"",""startLLA"":{""lat"":37.496291,""lon"":127.023303,""alt"":0},""endLLA"":{""lat"":37.496291,""lon"":127.023303,""alt"":15},""targetSpeed"":10,""seq"":2}","{""phase"":""C"",""startLLA"":{""lat"":37.496291,""lon"":127.023303,""alt"":15},""endLLA"":{""lat"":37.503645,""lon"":127.033314,""alt"":100},""targetSpeed"":36,""seq"":3}","{""phase"":""E"",""startLLA"":{""lat"":37.503645,""lon"":127.033314,""alt"":100},""endLLA"":{""lat"":37.525174,""lon"":127.062622,""alt"":305},""targetSpeed"":51.4,""seq"":4}","{""phase"":""F"",""startLLA"":{""lat"":37.525174,""lon"":127.062622,""alt"":305},""endLLA"":{""lat"":37.526451,""lon"":127.064361,""alt"":305},""targetSpeed"":51.4,""seq"":5}","{""phase"":""F"",""startLLA"":{""lat"":37.526451,""lon"":127.064361,""alt"":305},""endLLA"":{""lat"":37.540426,""lon"":127.069298,""alt"":305},""targetSpeed"":51.4,""seq"":6}","{""phase"":""F"",""startLLA"":{""lat"":37.540426,""lon"":127.069298,""alt"":305},""endLLA"":{""lat"":37.55715,""lon"":127.073903,""alt"":305},""targetSpeed"":51.4,""seq"":7}","{""phase"":""G"",""startLLA"":{""lat"":37.55715,""lon"":127.073903,""alt"":305},""endLLA"":{""lat"":37.588107,""lon"":127.082428,""alt"":100},""targetSpeed"":36,""seq"":8}","{""phase"":""I"",""startLLA"":{""lat"":37.588107,""lon"":127.082428,""alt"":100},""endLLA"":{""lat"":37.596919,""lon"":127.084854,""alt"":15},""targetSpeed"":30,""seq"":9}","{""phase"":""J"",""startLLA"":{""lat"":37.596919,""lon"":127.084854,""alt"":15},""endLLA"":{""lat"":37.596919,""lon"":127.084854,""alt"":0},""targetSpeed"":10,""seq"":10}","{""phase"":""K"",""startLLA"":{""lat"":37.596919,""lon"":127.084854,""alt"":0},""endLLA"":{""lat"":37.596919,""lon"":127.084854,""alt"":0},""targetSpeed"":3,""seq"":11}",,,,,,,,,,
98f166edc22f,2026-07-11,FPL1311006,UAM0074,a2,2,2,1,강남,강남,천호,천호,8,G1,F1,G8,F4,08:06:50,08:16:33,08:20:57,08:27:47,08:37:47,583.49,263.73,410,1257.22,167.77,0.34,ready,강남 > 청담대교 중간지점 > 잠실대교 중간지점 > 천호,10.7701,11,"{""phase"":""A"",""startLLA"":{""lat"":37.496291,""lon"":127.023303,""alt"":0},""endLLA"":{""lat"":37.496291,""lon"":127.023303,""alt"":0},""targetSpeed"":3,""seq"":1}","{""phase"":""B"",""startLLA"":{""lat"":37.496291,""lon"":127.023303,""alt"":0},""endLLA"":{""lat"":37.496291,""lon"":127.023303,""alt"":15},""targetSpeed"":10,""seq"":2}","{""phase"":""C"",""startLLA"":{""lat"":37.496291,""lon"":127.023303,""alt"":15},""endLLA"":{""lat"":37.503645,""lon"":127.033315,""alt"":100},""targetSpeed"":36,""seq"":3}","{""phase"":""E"",""startLLA"":{""lat"":37.503645,""lon"":127.033315,""alt"":100},""endLLA"":{""lat"":37.525177,""lon"":127.062626,""alt"":305},""targetSpeed"":51.4,""seq"":4}","{""phase"":""F"",""startLLA"":{""lat"":37.525177,""lon"":127.062626,""alt"":305},""endLLA"":{""lat"":37.526451,""lon"":127.064361,""alt"":305},""targetSpeed"":51.4,""seq"":5}","{""phase"":""F"",""startLLA"":{""lat"":37.526451,""lon"":127.064361,""alt"":305},""endLLA"":{""lat"":37.52529,""lon"":127.079002,""alt"":305},""targetSpeed"":51.4,""seq"":6}","{""phase"":""G"",""startLLA"":{""lat"":37.52529,""lon"":127.079002,""alt"":305},""endLLA"":{""lat"":37.524288,""lon"":127.091639,""alt"":239.84},""targetSpeed"":36,""seq"":7}","{""phase"":""G"",""startLLA"":{""lat"":37.524288,""lon"":127.091639,""alt"":239.84},""endLLA"":{""lat"":37.539419,""lon"":127.111107,""alt"":100},""targetSpeed"":36,""seq"":8}","{""phase"":""I"",""startLLA"":{""lat"":37.539419,""lon"":127.111107,""alt"":100},""endLLA"":{""lat"":37.545733,""lon"":127.11923,""alt"":15},""targetSpeed"":30,""seq"":9}","{""phase"":""J"",""startLLA"":{""lat"":37.545733,""lon"":127.11923,""alt"":15},""endLLA"":{""lat"":37.545733,""lon"":127.11923,""alt"":0},""targetSpeed"":10,""seq"":10}","{""phase"":""K"",""startLLA"":{""lat"":37.545733,""lon"":127.11923,""alt"":0},""endLLA"":{""lat"":37.545733,""lon"":127.11923,""alt"":0},""targetSpeed"":3,""seq"":11}",,,,,,,,,,
98f166edc22f,2026-07-11,FPL1303003,UAM0107,a4,4,4,1,강남,강남,상암,상암,8,G4,F1,G8,F3,08:15:32,08:24:18,08:30:05,08:36:55,08:46:55,526.56,346.64,410,1283.2,20.85,0,ready,강남 > 이수고가차로 > 상도터널 > 63빌딩 > 서강대교 중간지점 > 선유도 17고지 > 상암,15.0491,14,"{""phase"":""A"",""startLLA"":{""lat"":37.496291,""lon"":127.023303,""alt"":0},""endLLA"":{""lat"":37.496291,""lon"":127.023303,""alt"":0},""targetSpeed"":3,""seq"":1}","{""phase"":""B"",""startLLA"":{""lat"":37.496291,""lon"":127.023303,""alt"":0},""endLLA"":{""lat"":37.496291,""lon"":127.023303,""alt"":15},""targetSpeed"":10,""seq"":2}","{""phase"":""C"",""startLLA"":{""lat"":37.496291,""lon"":127.023303,""alt"":15},""endLLA"":{""lat"":37.496789,""lon"":127.009673,""alt"":100},""targetSpeed"":36,""seq"":3}","{""phase"":""E"",""startLLA"":{""lat"":37.496789,""lon"":127.009673,""alt"":100},""endLLA"":{""lat"":37.497738,""lon"":126.983721,""alt"":233.33},""targetSpeed"":51.4,""seq"":4}","{""phase"":""E"",""startLLA"":{""lat"":37.497738,""lon"":126.983721,""alt"":233.33},""endLLA"":{""lat"":37.50217,""lon"":126.970921,""alt"":305},""targetSpeed"":51.4,""seq"":5}","{""phase"":""F"",""startLLA"":{""lat"":37.50217,""lon"":126.970921,""alt"":305},""endLLA"":{""lat"":37.508684,""lon"":126.95211,""alt"":305},""targetSpeed"":51.4,""seq"":6}","{""phase"":""F"",""startLLA"":{""lat"":37.508684,""lon"":126.95211,""alt"":305},""endLLA"":{""lat"":37.519378,""lon"":126.94021,""alt"":305},""targetSpeed"":51.4,""seq"":7}","{""phase"":""F"",""startLLA"":{""lat"":37.519378,""lon"":126.94021,""alt"":305},""endLLA"":{""lat"":37.536949,""lon"":126.924908,""alt"":305},""targetSpeed"":51.4,""seq"":8}","{""phase"":""F"",""startLLA"":{""lat"":37.536949,""lon"":126.924908,""alt"":305},""endLLA"":{""lat"":37.536976,""lon"":126.924795,""alt"":305},""targetSpeed"":51.4,""seq"":9}","{""phase"":""G"",""startLLA"":{""lat"":37.536976,""lon"":126.924795,""alt"":305},""endLLA"":{""lat"":37.542307,""lon"":126.90249,""alt"":185.51},""targetSpeed"":36,""seq"":10}","{""phase"":""G"",""startLLA"":{""lat"":37.542307,""lon"":126.90249,""alt"":185.51},""endLLA"":{""lat"":37.55418,""lon"":126.895159,""alt"":100},""targetSpeed"":36,""seq"":11}","{""phase"":""I"",""startLLA"":{""lat"":37.55418,""lon"":126.895159,""alt"":100},""endLLA"":{""lat"":37.562282,""lon"":126.890156,""alt"":15},""targetSpeed"":30,""seq"":12}","{""phase"":""J"",""startLLA"":{""lat"":37.562282,""lon"":126.890156,""alt"":15},""endLLA"":{""lat"":37.562282,""lon"":126.890156,""alt"":0},""targetSpeed"":10,""seq"":13}","{""phase"":""K"",""startLLA"":{""lat"":37.562282,""lon"":126.890156,""alt"":0},""endLLA"":{""lat"":37.562282,""lon"":126.890156,""alt"":0},""targetSpeed"":3,""seq"":14}",,,,,,,
98f166edc22f,2026-07-11,FPL1315006,UAM0101,a6,6,6,1,강남,강남,마곡,마곡,8,G8,F2,G4,F3,08:20:16,08:28:41,08:37:12,08:44:02,08:54:02,505.71,510.92,410,1426.63,0,0,ready,강남 > 이수고가차로 > 상도터널 > 63빌딩 > 서강대교 중간지점 > 선유도 17고지 > 성산대교 중간지점 > 가양대교 남단 > 마곡,23.493,16,"{""phase"":""A"",""startLLA"":{""lat"":37.496291,""lon"":127.023303,""alt"":0},""endLLA"":{""lat"":37.496291,""lon"":127.023303,""alt"":0},""targetSpeed"":3,""seq"":1}","{""phase"":""B"",""startLLA"":{""lat"":37.496291,""lon"":127.023303,""alt"":0},""endLLA"":{""lat"":37.496291,""lon"":127.023303,""alt"":15},""targetSpeed"":10,""seq"":2}","{""phase"":""C"",""startLLA"":{""lat"":37.496291,""lon"":127.023303,""alt"":15},""endLLA"":{""lat"":37.496789,""lon"":127.009676,""alt"":100},""targetSpeed"":36,""seq"":3}","{""phase"":""E"",""startLLA"":{""lat"":37.496789,""lon"":127.009676,""alt"":100},""endLLA"":{""lat"":37.497738,""lon"":126.983721,""alt"":233.37},""targetSpeed"":51.4,""seq"":4}","{""phase"":""E"",""startLLA"":{""lat"":37.497738,""lon"":126.983721,""alt"":233.37},""endLLA"":{""lat"":37.502167,""lon"":126.970931,""alt"":305},""targetSpeed"":51.4,""seq"":5}","{""phase"":""F"",""startLLA"":{""lat"":37.502167,""lon"":126.970931,""alt"":305},""endLLA"":{""lat"":37.508684,""lon"":126.95211,""alt"":305},""targetSpeed"":51.4,""seq"":6}","{""phase"":""F"",""startLLA"":{""lat"":37.508684,""lon"":126.95211,""alt"":305},""endLLA"":{""lat"":37.519378,""lon"":126.94021,""alt"":305},""targetSpeed"":51.4,""seq"":7}","{""phase"":""F"",""startLLA"":{""lat"":37.519378,""lon"":126.94021,""alt"":305},""endLLA"":{""lat"":37.536949,""lon"":126.924908,""alt"":305},""targetSpeed"":51.4,""seq"":8}","{""phase"":""F"",""startLLA"":{""lat"":37.536949,""lon"":126.924908,""alt"":305},""endLLA"":{""lat"":37.542307,""lon"":126.90249,""alt"":305},""targetSpeed"":51.4,""seq"":9}","{""phase"":""F"",""startLLA"":{""lat"":37.542307,""lon"":126.90249,""alt"":305},""endLLA"":{""lat"":37.552574,""lon"":126.891431,""alt"":305},""targetSpeed"":51.4,""seq"":10}","{""phase"":""F"",""startLLA"":{""lat"":37.552574,""lon"":126.891431,""alt"":305},""endLLA"":{""lat"":37.569391,""lon"":126.861026,""alt"":305},""targetSpeed"":51.4,""seq"":11}","{""phase"":""F"",""startLLA"":{""lat"":37.569391,""lon"":126.861026,""alt"":305},""endLLA"":{""lat"":37.567855,""lon"":126.842867,""alt"":305},""targetSpeed"":51.4,""seq"":12}","{""phase"":""G"",""startLLA"":{""lat"":37.567855,""lon"":126.842867,""alt"":305},""endLLA"":{""lat"":37.564492,""lon"":126.803119,""alt"":100},""targetSpeed"":36,""seq"":13}","{""phase"":""I"",""startLLA"":{""lat"":37.564492,""lon"":126.803119,""alt"":100},""endLLA"":{""lat"":37.563535,""lon"":126.791805,""alt"":15},""targetSpeed"":30,""seq"":14}","{""phase"":""J"",""startLLA"":{""lat"":37.563535,""lon"":126.791805,""alt"":15},""endLLA"":{""lat"":37.563535,""lon"":126.791805,""alt"":0},""targetSpeed"":10,""seq"":15}","{""phase"":""K"",""startLLA"":{""lat"":37.563535,""lon"":126.791805,""alt"":0},""endLLA"":{""lat"":37.563535,""lon"":126.791805,""alt"":0},""targetSpeed"":3,""seq"":16}",,,,,
98f166edc22f,2026-07-11,FPL1311007,UAM0076,a4,4,4,1,강남,강남,천호,천호,8,G3,F1,G5,F4,08:22:08,08:30:03,08:35:01,08:43:21,08:53:21,475.71,298,500,1273.71,0,0,ready,강남 > 청담대교 중간지점 > 잠실대교 중간지점 > 천호,10.7701,11,"{""phase"":""A"",""startLLA"":{""lat"":37.496291,""lon"":127.023303,""alt"":0},""endLLA"":{""lat"":37.496291,""lon"":127.023303,""alt"":0},""targetSpeed"":3,""seq"":1}","{""phase"":""B"",""startLLA"":{""lat"":37.496291,""lon"":127.023303,""alt"":0},""endLLA"":{""lat"":37.496291,""lon"":127.023303,""alt"":15},""targetSpeed"":10,""seq"":2}","{""phase"":""C"",""startLLA"":{""lat"":37.496291,""lon"":127.023303,""alt"":15},""endLLA"":{""lat"":37.503645,""lon"":127.033315,""alt"":100},""targetSpeed"":36,""seq"":3}","{""phase"":""E"",""startLLA"":{""lat"":37.503645,""lon"":127.033315,""alt"":100},""endLLA"":{""lat"":37.525177,""lon"":127.062626,""alt"":305},""targetSpeed"":51.4,""seq"":4}","{""phase"":""F"",""startLLA"":{""lat"":37.525177,""lon"":127.062626,""alt"":305},""endLLA"":{""lat"":37.526451,""lon"":127.064361,""alt"":305},""targetSpeed"":51.4,""seq"":5}","{""phase"":""F"",""startLLA"":{""lat"":37.526451,""lon"":127.064361,""alt"":305},""endLLA"":{""lat"":37.52529,""lon"":127.079002,""alt"":305},""targetSpeed"":51.4,""seq"":6}","{""phase"":""G"",""startLLA"":{""lat"":37.52529,""lon"":127.079002,""alt"":305},""endLLA"":{""lat"":37.524288,""lon"":127.091639,""alt"":239.84},""targetSpeed"":36,""seq"":7}","{""phase"":""G"",""startLLA"":{""lat"":37.524288,""lon"":127.091639,""alt"":239.84},""endLLA"":{""lat"":37.539419,""lon"":127.111107,""alt"":100},""targetSpeed"":36,""seq"":8}","{""phase"":""I"",""startLLA"":{""lat"":37.539419,""lon"":127.111107,""alt"":100},""endLLA"":{""lat"":37.545733,""lon"":127.11923,""alt"":15},""targetSpeed"":30,""seq"":9}","{""phase"":""J"",""startLLA"":{""lat"":37.545733,""lon"":127.11923,""alt"":15},""endLLA"":{""lat"":37.545733,""lon"":127.11923,""alt"":0},""targetSpeed"":10,""seq"":10}","{""phase"":""K"",""startLLA"":{""lat"":37.545733,""lon"":127.11923,""alt"":0},""endLLA"":{""lat"":37.545733,""lon"":127.11923,""alt"":0},""targetSpeed"":3,""seq"":11}",,,,,,,,,,
98f166edc22f,2026-07-11,FPL1305007,UAM0006,a6,6,6,1,강남,강남,목동,목동,8,G7,F2,G4,F3,08:26:53,08:34:48,08:40:43,08:47:33,08:57:33,475.71,355.28,410,1240.99,0,0,ready,강남 > 이수고가차로 > 상도터널 > 63빌딩 > 서강대교 중간지점 > 선유도 17고지 > 목동,15.4931,14,"{""phase"":""A"",""startLLA"":{""lat"":37.496291,""lon"":127.023303,""alt"":0},""endLLA"":{""lat"":37.496291,""lon"":127.023303,""alt"":0},""targetSpeed"":3,""seq"":1}","{""phase"":""B"",""startLLA"":{""lat"":37.496291,""lon"":127.023303,""alt"":0},""endLLA"":{""lat"":37.496291,""lon"":127.023303,""alt"":15},""targetSpeed"":10,""seq"":2}","{""phase"":""C"",""startLLA"":{""lat"":37.496291,""lon"":127.023303,""alt"":15},""endLLA"":{""lat"":37.496789,""lon"":127.009673,""alt"":100},""targetSpeed"":36,""seq"":3}","{""phase"":""E"",""startLLA"":{""lat"":37.496789,""lon"":127.009673,""alt"":100},""endLLA"":{""lat"":37.497738,""lon"":126.983721,""alt"":233.33},""targetSpeed"":51.4,""seq"":4}","{""phase"":""E"",""startLLA"":{""lat"":37.497738,""lon"":126.983721,""alt"":233.33},""endLLA"":{""lat"":37.50217,""lon"":126.970921,""alt"":305},""targetSpeed"":51.4,""seq"":5}","{""phase"":""F"",""startLLA"":{""lat"":37.50217,""lon"":126.970921,""alt"":305},""endLLA"":{""lat"":37.508684,""lon"":126.95211,""alt"":305},""targetSpeed"":51.4,""seq"":6}","{""phase"":""F"",""startLLA"":{""lat"":37.508684,""lon"":126.95211,""alt"":305},""endLLA"":{""lat"":37.519378,""lon"":126.94021,""alt"":305},""targetSpeed"":51.4,""seq"":7}","{""phase"":""F"",""startLLA"":{""lat"":37.519378,""lon"":126.94021,""alt"":305},""endLLA"":{""lat"":37.536949,""lon"":126.924908,""alt"":305},""targetSpeed"":51.4,""seq"":8}","{""phase"":""F"",""startLLA"":{""lat"":37.536949,""lon"":126.924908,""alt"":305},""endLLA"":{""lat"":37.538128,""lon"":126.919977,""alt"":305},""targetSpeed"":51.4,""seq"":9}","{""phase"":""G"",""startLLA"":{""lat"":37.538128,""lon"":126.919977,""alt"":305},""endLLA"":{""lat"":37.542307,""lon"":126.90249,""alt"":211.32},""targetSpeed"":36,""seq"":10}","{""phase"":""G"",""startLLA"":{""lat"":37.542307,""lon"":126.90249,""alt"":211.32},""endLLA"":{""lat"":37.531833,""lon"":126.88527,""alt"":100},""targetSpeed"":36,""seq"":11}","{""phase"":""I"",""startLLA"":{""lat"":37.531833,""lon"":126.88527,""alt"":100},""endLLA"":{""lat"":37.526343,""lon"":126.876243,""alt"":15},""targetSpeed"":30,""seq"":12}","{""phase"":""J"",""startLLA"":{""lat"":37.526343,""lon"":126.876243,""alt"":15},""endLLA"":{""lat"":37.526343,""lon"":126.876243,""alt"":0},""targetSpeed"":10,""seq"":13}","{""phase"":""K"",""startLLA"":{""lat"":37.526343,""lon"":126.876243,""alt"":0},""endLLA"":{""lat"":37.526343,""lon"":126.876243,""alt"":0},""targetSpeed"":3,""seq"":14}",,,,,,,
98f166edc22f,2026-07-11,FPL1303004,UAM0093,a6,6,6,1,강남,강남,상암,상암,8,G2,F1,G4,F3,08:28:03,08:35:29,08:41:16,08:48:06,08:58:06,446.43,346.64,410,1203.07,0.71,0,ready,강남 > 이수고가차로 > 상도터널 > 63빌딩 > 서강대교 중간지점 > 선유도 17고지 > 상암,15.0491,14,"{""phase"":""A"",""startLLA"":{""lat"":37.496291,""lon"":127.023303,""alt"":0},""endLLA"":{""lat"":37.496291,""lon"":127.023303,""alt"":0},""targetSpeed"":3,""seq"":1}","{""phase"":""B"",""startLLA"":{""lat"":37.496291,""lon"":127.023303,""alt"":0},""endLLA"":{""lat"":37.496291,""lon"":127.023303,""alt"":15},""targetSpeed"":10,""seq"":2}","{""phase"":""C"",""startLLA"":{""lat"":37.496291,""lon"":127.023303,""alt"":15},""endLLA"":{""lat"":37.496789,""lon"":127.009673,""alt"":100},""targetSpeed"":36,""seq"":3}","{""phase"":""E"",""startLLA"":{""lat"":37.496789,""lon"":127.009673,""alt"":100},""endLLA"":{""lat"":37.497738,""lon"":126.983721,""alt"":233.33},""targetSpeed"":51.4,""seq"":4}","{""phase"":""E"",""startLLA"":{""lat"":37.497738,""lon"":126.983721,""alt"":233.33},""endLLA"":{""lat"":37.50217,""lon"":126.970921,""alt"":305},""targetSpeed"":51.4,""seq"":5}","{""phase"":""F"",""startLLA"":{""lat"":37.50217,""lon"":126.970921,""alt"":305},""endLLA"":{""lat"":37.508684,""lon"":126.95211,""alt"":305},""targetSpeed"":51.4,""seq"":6}","{""phase"":""F"",""startLLA"":{""lat"":37.508684,""lon"":126.95211,""alt"":305},""endLLA"":{""lat"":37.519378,""lon"":126.94021,""alt"":305},""targetSpeed"":51.4,""seq"":7}","{""phase"":""F"",""startLLA"":{""lat"":37.519378,""lon"":126.94021,""alt"":305},""endLLA"":{""lat"":37.536949,""lon"":126.924908,""alt"":305},""targetSpeed"":51.4,""seq"":8}","{""phase"":""F"",""startLLA"":{""lat"":37.536949,""lon"":126.924908,""alt"":305},""endLLA"":{""lat"":37.536976,""lon"":126.924795,""alt"":305},""targetSpeed"":51.4,""seq"":9}","{""phase"":""G"",""startLLA"":{""lat"":37.536976,""lon"":126.924795,""alt"":305},""endLLA"":{""lat"":37.542307,""lon"":126.90249,""alt"":185.51},""targetSpeed"":36,""seq"":10}","{""phase"":""G"",""startLLA"":{""lat"":37.542307,""lon"":126.90249,""alt"":185.51},""endLLA"":{""lat"":37.55418,""lon"":126.895159,""alt"":100},""targetSpeed"":36,""seq"":11}","{""phase"":""I"",""startLLA"":{""lat"":37.55418,""lon"":126.895159,""alt"":100},""endLLA"":{""lat"":37.562282,""lon"":126.890156,""alt"":15},""targetSpeed"":30,""seq"":12}","{""phase"":""J"",""startLLA"":{""lat"":37.562282,""lon"":126.890156,""alt"":15},""endLLA"":{""lat"":37.562282,""lon"":126.890156,""alt"":0},""targetSpeed"":10,""seq"":13}","{""phase"":""K"",""startLLA"":{""lat"":37.562282,""lon"":126.890156,""alt"":0},""endLLA"":{""lat"":37.562282,""lon"":126.890156,""alt"":0},""targetSpeed"":3,""seq"":14}",,,,,,,
98f166edc22f,2026-07-11,FPL1311008,UAM0024,a8,8,8,1,강남,강남,천호,천호,8,G4,F1,G1,F3,08:37:55,08:46:20,08:52:38,09:00:58,09:10:58,505.71,378,500,1383.71,0,0,ready,강남 > 청담대교 중간지점 > 잠실대교 중간지점 > 천호,10.7701,11,"{""phase"":""A"",""startLLA"":{""lat"":37.496291,""lon"":127.023303,""alt"":0},""endLLA"":{""lat"":37.496291,""lon"":127.023303,""alt"":0},""targetSpeed"":3,""seq"":1}","{""phase"":""B"",""startLLA"":{""lat"":37.496291,""lon"":127.023303,""alt"":0},""endLLA"":{""lat"":37.496291,""lon"":127.023303,""alt"":15},""targetSpeed"":10,""seq"":2}","{""phase"":""C"",""startLLA"":{""lat"":37.496291,""lon"":127.023303,""alt"":15},""endLLA"":{""lat"":37.503645,""lon"":127.033315,""alt"":100},""targetSpeed"":36,""seq"":3}","{""phase"":""E"",""startLLA"":{""lat"":37.503645,""lon"":127.033315,""alt"":100},""endLLA"":{""lat"":37.525177,""lon"":127.062626,""alt"":305},""targetSpeed"":51.4,""seq"":4}","{""phase"":""F"",""startLLA"":{""lat"":37.525177,""lon"":127.062626,""alt"":305},""endLLA"":{""lat"":37.526451,""lon"":127.064361,""alt"":305},""targetSpeed"":51.4,""seq"":5}","{""phase"":""F"",""startLLA"":{""lat"":37.526451,""lon"":127.064361,""alt"":305},""endLLA"":{""lat"":37.52529,""lon"":127.079002,""alt"":305},""targetSpeed"":51.4,""seq"":6}","{""phase"":""G"",""startLLA"":{""lat"":37.52529,""lon"":127.079002,""alt"":305},""endLLA"":{""lat"":37.524288,""lon"":127.091639,""alt"":239.84},""targetSpeed"":36,""seq"":7}","{""phase"":""G"",""startLLA"":{""lat"":37.524288,""lon"":127.091639,""alt"":239.84},""endLLA"":{""lat"":37.539419,""lon"":127.111107,""alt"":100},""targetSpeed"":36,""seq"":8}","{""phase"":""I"",""startLLA"":{""lat"":37.539419,""lon"":127.111107,""alt"":100},""endLLA"":{""lat"":37.545733,""lon"":127.11923,""alt"":15},""targetSpeed"":30,""seq"":9}","{""phase"":""J"",""startLLA"":{""lat"":37.545733,""lon"":127.11923,""alt"":15},""endLLA"":{""lat"":37.545733,""lon"":127.11923,""alt"":0},""targetSpeed"":10,""seq"":10}","{""phase"":""K"",""startLLA"":{""lat"":37.545733,""lon"":127.11923,""alt"":0},""endLLA"":{""lat"":37.545733,""lon"":127.11923,""alt"":0},""targetSpeed"":3,""seq"":11}",,,,,,,,,,
98f166edc22f,2026-07-11,FPL1314004,UAM0132,a4,4,4,1,강남,강남,가산,가산,8,G8,F1,G2,F3,08:43:32,08:52:44,08:58:18,09:06:08,09:16:08,552.06,334.77,470,1356.83,46.34,0,ready,강남 > 채석장 > 180고지 > 가산,14.4391,11,"{""phase"":""A"",""startLLA"":{""lat"":37.496291,""lon"":127.023303,""alt"":0},""endLLA"":{""lat"":37.496291,""lon"":127.023303,""alt"":0},""targetSpeed"":3,""seq"":1}","{""phase"":""B"",""startLLA"":{""lat"":37.496291,""lon"":127.023303,""alt"":0},""endLLA"":{""lat"":37.496291,""lon"":127.023303,""alt"":15},""targetSpeed"":10,""seq"":2}","{""phase"":""C"",""startLLA"":{""lat"":37.496291,""lon"":127.023303,""alt"":15},""endLLA"":{""lat"":37.489331,""lon"":127.012849,""alt"":100},""targetSpeed"":36,""seq"":3}","{""phase"":""E"",""startLLA"":{""lat"":37.489331,""lon"":127.012849,""alt"":100},""endLLA"":{""lat"":37.471285,""lon"":126.985745,""alt"":281.55},""targetSpeed"":51.4,""seq"":4}","{""phase"":""E"",""startLLA"":{""lat"":37.471285,""lon"":126.985745,""alt"":281.55},""endLLA"":{""lat"":37.473124,""lon"":126.981806,""alt"":305},""targetSpeed"":51.4,""seq"":5}","{""phase"":""F"",""startLLA"":{""lat"":37.473124,""lon"":126.981806,""alt"":305},""endLLA"":{""lat"":37.492877,""lon"":126.93949,""alt"":305},""targetSpeed"":51.4,""seq"":6}","{""phase"":""F"",""startLLA"":{""lat"":37.492877,""lon"":126.93949,""alt"":305},""endLLA"":{""lat"":37.492284,""lon"":126.929979,""alt"":305},""targetSpeed"":51.4,""seq"":7}","{""phase"":""G"",""startLLA"":{""lat"":37.492284,""lon"":126.929979,""alt"":305},""endLLA"":{""lat"":37.489798,""lon"":126.890147,""alt"":100},""targetSpeed"":36,""seq"":8}","{""phase"":""I"",""startLLA"":{""lat"":37.489798,""lon"":126.890147,""alt"":100},""endLLA"":{""lat"":37.489091,""lon"":126.878809,""alt"":15},""targetSpeed"":30,""seq"":9}","{""phase"":""J"",""startLLA"":{""lat"":37.489091,""lon"":126.878809,""alt"":15},""endLLA"":{""lat"":37.489091,""lon"":126.878809,""alt"":0},""targetSpeed"":10,""seq"":10}","{""phase"":""K"",""startLLA"":{""lat"":37.489091,""lon"":126.878809,""alt"":0},""endLLA"":{""lat"":37.489091,""lon"":126.878809,""alt"":0},""targetSpeed"":3,""seq"":11}",,,,,,,,,,
98f166edc22f,2026-07-11,FPL1315007,UAM0092,a4,4,4,1,강남,강남,마곡,마곡,8,G3,F2,G8,F3,08:46:22,08:54:17,09:04:31,09:11:21,09:21:21,475.71,613.71,410,1499.43,0,89.71,ready,강남 > 이수고가차로 > 상도터널 > 63빌딩 > 서강대교 중간지점 > 선유도 17고지 > 성산대교 중간지점 > 가양대교 남단 > 마곡,23.493,16,"{""phase"":""A"",""startLLA"":{""lat"":37.496291,""lon"":127.023303,""alt"":0},""endLLA"":{""lat"":37.496291,""lon"":127.023303,""alt"":0},""targetSpeed"":3,""seq"":1}","{""phase"":""B"",""startLLA"":{""lat"":37.496291,""lon"":127.023303,""alt"":0},""endLLA"":{""lat"":37.496291,""lon"":127.023303,""alt"":15},""targetSpeed"":10,""seq"":2}","{""phase"":""C"",""startLLA"":{""lat"":37.496291,""lon"":127.023303,""alt"":15},""endLLA"":{""lat"":37.496789,""lon"":127.009676,""alt"":100},""targetSpeed"":36,""seq"":3}","{""phase"":""E"",""startLLA"":{""lat"":37.496789,""lon"":127.009676,""alt"":100},""endLLA"":{""lat"":37.497738,""lon"":126.983721,""alt"":233.37},""targetSpeed"":51.4,""seq"":4}","{""phase"":""E"",""startLLA"":{""lat"":37.497738,""lon"":126.983721,""alt"":233.37},""endLLA"":{""lat"":37.502167,""lon"":126.970931,""alt"":305},""targetSpeed"":51.4,""seq"":5}","{""phase"":""F"",""startLLA"":{""lat"":37.502167,""lon"":126.970931,""alt"":305},""endLLA"":{""lat"":37.508684,""lon"":126.95211,""alt"":305},""targetSpeed"":51.4,""seq"":6}","{""phase"":""F"",""startLLA"":{""lat"":37.508684,""lon"":126.95211,""alt"":305},""endLLA"":{""lat"":37.519378,""lon"":126.94021,""alt"":305},""targetSpeed"":51.4,""seq"":7}","{""phase"":""F"",""startLLA"":{""lat"":37.519378,""lon"":126.94021,""alt"":305},""endLLA"":{""lat"":37.536949,""lon"":126.924908,""alt"":305},""targetSpeed"":51.4,""seq"":8}","{""phase"":""F"",""startLLA"":{""lat"":37.536949,""lon"":126.924908,""alt"":305},""endLLA"":{""lat"":37.542307,""lon"":126.90249,""alt"":305},""targetSpeed"":51.4,""seq"":9}","{""phase"":""F"",""startLLA"":{""lat"":37.542307,""lon"":126.90249,""alt"":305},""endLLA"":{""lat"":37.552574,""lon"":126.891431,""alt"":305},""targetSpeed"":51.4,""seq"":10}","{""phase"":""F"",""startLLA"":{""lat"":37.552574,""lon"":126.891431,""alt"":305},""endLLA"":{""lat"":37.569391,""lon"":126.861026,""alt"":305},""targetSpeed"":51.4,""seq"":11}","{""phase"":""F"",""startLLA"":{""lat"":37.569391,""lon"":126.861026,""alt"":305},""endLLA"":{""lat"":37.567855,""lon"":126.842867,""alt"":305},""targetSpeed"":51.4,""seq"":12}","{""phase"":""G"",""startLLA"":{""lat"":37.567855,""lon"":126.842867,""alt"":305},""endLLA"":{""lat"":37.564492,""lon"":126.803119,""alt"":100},""targetSpeed"":36,""seq"":13}","{""phase"":""I"",""startLLA"":{""lat"":37.564492,""lon"":126.803119,""alt"":100},""endLLA"":{""lat"":37.563535,""lon"":126.791805,""alt"":15},""targetSpeed"":30,""seq"":14}","{""phase"":""J"",""startLLA"":{""lat"":37.563535,""lon"":126.791805,""alt"":15},""endLLA"":{""lat"":37.563535,""lon"":126.791805,""alt"":0},""targetSpeed"":10,""seq"":15}","{""phase"":""K"",""startLLA"":{""lat"":37.563535,""lon"":126.791805,""alt"":0},""endLLA"":{""lat"":37.563535,""lon"":126.791805,""alt"":0},""targetSpeed"":3,""seq"":16}",,,,,
98f166edc22f,2026-07-11,FPL1305008,UAM0075,a4,4,4,1,강남,강남,목동,목동,8,G7,F1,G8,F3,08:48:36,08:58:09,09:04:05,09:10:55,09:20:55,573.77,355.28,410,1339.05,98.06,0,ready,강남 > 이수고가차로 > 상도터널 > 63빌딩 > 서강대교 중간지점 > 선유도 17고지 > 목동,15.4931,14,"{""phase"":""A"",""startLLA"":{""lat"":37.496291,""lon"":127.023303,""alt"":0},""endLLA"":{""lat"":37.496291,""lon"":127.023303,""alt"":0},""targetSpeed"":3,""seq"":1}","{""phase"":""B"",""startLLA"":{""lat"":37.496291,""lon"":127.023303,""alt"":0},""endLLA"":{""lat"":37.496291,""lon"":127.023303,""alt"":15},""targetSpeed"":10,""seq"":2}","{""phase"":""C"",""startLLA"":{""lat"":37.496291,""lon"":127.023303,""alt"":15},""endLLA"":{""lat"":37.496789,""lon"":127.009673,""alt"":100},""targetSpeed"":36,""seq"":3}","{""phase"":""E"",""startLLA"":{""lat"":37.496789,""lon"":127.009673,""alt"":100},""endLLA"":{""lat"":37.497738,""lon"":126.983721,""alt"":233.33},""targetSpeed"":51.4,""seq"":4}","{""phase"":""E"",""startLLA"":{""lat"":37.497738,""lon"":126.983721,""alt"":233.33},""endLLA"":{""lat"":37.50217,""lon"":126.970921,""alt"":305},""targetSpeed"":51.4,""seq"":5}","{""phase"":""F"",""startLLA"":{""lat"":37.50217,""lon"":126.970921,""alt"":305},""endLLA"":{""lat"":37.508684,""lon"":126.95211,""alt"":305},""targetSpeed"":51.4,""seq"":6}","{""phase"":""F"",""startLLA"":{""lat"":37.508684,""lon"":126.95211,""alt"":305},""endLLA"":{""lat"":37.519378,""lon"":126.94021,""alt"":305},""targetSpeed"":51.4,""seq"":7}","{""phase"":""F"",""startLLA"":{""lat"":37.519378,""lon"":126.94021,""alt"":305},""endLLA"":{""lat"":37.536949,""lon"":126.924908,""alt"":305},""targetSpeed"":51.4,""seq"":8}","{""phase"":""F"",""startLLA"":{""lat"":37.536949,""lon"":126.924908,""alt"":305},""endLLA"":{""lat"":37.538128,""lon"":126.919977,""alt"":305},""targetSpeed"":51.4,""seq"":9}","{""phase"":""G"",""startLLA"":{""lat"":37.538128,""lon"":126.919977,""alt"":305},""endLLA"":{""lat"":37.542307,""lon"":126.90249,""alt"":211.32},""targetSpeed"":36,""seq"":10}","{""phase"":""G"",""startLLA"":{""lat"":37.542307,""lon"":126.90249,""alt"":211.32},""endLLA"":{""lat"":37.531833,""lon"":126.88527,""alt"":100},""targetSpeed"":36,""seq"":11}","{""phase"":""I"",""startLLA"":{""lat"":37.531833,""lon"":126.88527,""alt"":100},""endLLA"":{""lat"":37.526343,""lon"":126.876243,""alt"":15},""targetSpeed"":30,""seq"":12}","{""phase"":""J"",""startLLA"":{""lat"":37.526343,""lon"":126.876243,""alt"":15},""endLLA"":{""lat"":37.526343,""lon"":126.876243,""alt"":0},""targetSpeed"":10,""seq"":13}","{""phase"":""K"",""startLLA"":{""lat"":37.526343,""lon"":126.876243,""alt"":0},""endLLA"":{""lat"":37.526343,""lon"":126.876243,""alt"":0},""targetSpeed"":3,""seq"":14}",,,,,,,
98f166edc22f,2026-07-11,FPL1314005,UAM0062,a6,6,6,1,강남,강남,가산,가산,8,G2,F2,G8,F4,08:52:03,08:59:43,09:07:49,09:14:40,09:24:40,460.43,486.12,410.71,1357.26,14.71,152.06,ready,강남 > 채석장 > 180고지 > 가산,14.4391,11,"{""phase"":""A"",""startLLA"":{""lat"":37.496291,""lon"":127.023303,""alt"":0},""endLLA"":{""lat"":37.496291,""lon"":127.023303,""alt"":0},""targetSpeed"":3,""seq"":1}","{""phase"":""B"",""startLLA"":{""lat"":37.496291,""lon"":127.023303,""alt"":0},""endLLA"":{""lat"":37.496291,""lon"":127.023303,""alt"":15},""targetSpeed"":10,""seq"":2}","{""phase"":""C"",""startLLA"":{""lat"":37.496291,""lon"":127.023303,""alt"":15},""endLLA"":{""lat"":37.489331,""lon"":127.012849,""alt"":100},""targetSpeed"":36,""seq"":3}","{""phase"":""E"",""startLLA"":{""lat"":37.489331,""lon"":127.012849,""alt"":100},""endLLA"":{""lat"":37.471285,""lon"":126.985745,""alt"":281.55},""targetSpeed"":51.4,""seq"":4}","{""phase"":""E"",""startLLA"":{""lat"":37.471285,""lon"":126.985745,""alt"":281.55},""endLLA"":{""lat"":37.473124,""lon"":126.981806,""alt"":305},""targetSpeed"":51.4,""seq"":5}","{""phase"":""F"",""startLLA"":{""lat"":37.473124,""lon"":126.981806,""alt"":305},""endLLA"":{""lat"":37.492877,""lon"":126.93949,""alt"":305},""targetSpeed"":51.4,""seq"":6}","{""phase"":""F"",""startLLA"":{""lat"":37.492877,""lon"":126.93949,""alt"":305},""endLLA"":{""lat"":37.492284,""lon"":126.929979,""alt"":305},""targetSpeed"":51.4,""seq"":7}","{""phase"":""G"",""startLLA"":{""lat"":37.492284,""lon"":126.929979,""alt"":305},""endLLA"":{""lat"":37.489798,""lon"":126.890147,""alt"":100},""targetSpeed"":36,""seq"":8}","{""phase"":""I"",""startLLA"":{""lat"":37.489798,""lon"":126.890147,""alt"":100},""endLLA"":{""lat"":37.489091,""lon"":126.878809,""alt"":15},""targetSpeed"":30,""seq"":9}","{""phase"":""J"",""startLLA"":{""lat"":37.489091,""lon"":126.878809,""alt"":15},""endLLA"":{""lat"":37.489091,""lon"":126.878809,""alt"":0},""targetSpeed"":10,""seq"":10}","{""phase"":""K"",""startLLA"":{""lat"":37.489091,""lon"":126.878809,""alt"":0},""endLLA"":{""lat"":37.489091,""lon"":126.878809,""alt"":0},""targetSpeed"":3,""seq"":11}",,,,,,,,,,
98f166edc22f,2026-07-11,FPL1311009,UAM0042,a2,2,2,1,강남,강남,천호,천호,8,G6,F1,G7,F4,08:53:32,09:03:35,09:07:58,09:15:18,09:25:18,603.49,263.39,440,1306.88,157.77,0,ready,강남 > 청담대교 중간지점 > 잠실대교 중간지점 > 천호,10.7701,11,"{""phase"":""A"",""startLLA"":{""lat"":37.496291,""lon"":127.023303,""alt"":0},""endLLA"":{""lat"":37.496291,""lon"":127.023303,""alt"":0},""targetSpeed"":3,""seq"":1}","{""phase"":""B"",""startLLA"":{""lat"":37.496291,""lon"":127.023303,""alt"":0},""endLLA"":{""lat"":37.496291,""lon"":127.023303,""alt"":15},""targetSpeed"":10,""seq"":2}","{""phase"":""C"",""startLLA"":{""lat"":37.496291,""lon"":127.023303,""alt"":15},""endLLA"":{""lat"":37.503645,""lon"":127.033315,""alt"":100},""targetSpeed"":36,""seq"":3}","{""phase"":""E"",""startLLA"":{""lat"":37.503645,""lon"":127.033315,""alt"":100},""endLLA"":{""lat"":37.525177,""lon"":127.062626,""alt"":305},""targetSpeed"":51.4,""seq"":4}","{""phase"":""F"",""startLLA"":{""lat"":37.525177,""lon"":127.062626,""alt"":305},""endLLA"":{""lat"":37.526451,""lon"":127.064361,""alt"":305},""targetSpeed"":51.4,""seq"":5}","{""phase"":""F"",""startLLA"":{""lat"":37.526451,""lon"":127.064361,""alt"":305},""endLLA"":{""lat"":37.52529,""lon"":127.079002,""alt"":305},""targetSpeed"":51.4,""seq"":6}","{""phase"":""G"",""startLLA"":{""lat"":37.52529,""lon"":127.079002,""alt"":305},""endLLA"":{""lat"":37.524288,""lon"":127.091639,""alt"":239.84},""targetSpeed"":36,""seq"":7}","{""phase"":""G"",""startLLA"":{""lat"":37.524288,""lon"":127.091639,""alt"":239.84},""endLLA"":{""lat"":37.539419,""lon"":127.111107,""alt"":100},""targetSpeed"":36,""seq"":8}","{""phase"":""I"",""startLLA"":{""lat"":37.539419,""lon"":127.111107,""alt"":100},""endLLA"":{""lat"":37.545733,""lon"":127.11923,""alt"":15},""targetSpeed"":30,""seq"":9}","{""phase"":""J"",""startLLA"":{""lat"":37.545733,""lon"":127.11923,""alt"":15},""endLLA"":{""lat"":37.545733,""lon"":127.11923,""alt"":0},""targetSpeed"":10,""seq"":10}","{""phase"":""K"",""startLLA"":{""lat"":37.545733,""lon"":127.11923,""alt"":0},""endLLA"":{""lat"":37.545733,""lon"":127.11923,""alt"":0},""targetSpeed"":3,""seq"":11}",,,,,,,,,,
98f166edc22f,2026-07-11,FPL1310002,UAM0063,a8,8,5,0.625,강남,강남,연신내,연신내,8,G1,F2,G4,F3,08:56:59,09:05:09,09:13:12,09:20:02,09:30:02,490.14,483.8,410,1383.95,74.43,0,ready,강남 > 이수고가차로 > 상도터널 > 63빌딩 > 서강대교 중간지점 > 선유도 17고지 > 성산대교 중간지점 > 수색교 > 연신내,22.0994,16,"{""phase"":""A"",""startLLA"":{""lat"":37.496291,""lon"":127.023303,""alt"":0},""endLLA"":{""lat"":37.496291,""lon"":127.023303,""alt"":0},""targetSpeed"":3,""seq"":1}","{""phase"":""B"",""startLLA"":{""lat"":37.496291,""lon"":127.023303,""alt"":0},""endLLA"":{""lat"":37.496291,""lon"":127.023303,""alt"":15},""targetSpeed"":10,""seq"":2}","{""phase"":""C"",""startLLA"":{""lat"":37.496291,""lon"":127.023303,""alt"":15},""endLLA"":{""lat"":37.496789,""lon"":127.009676,""alt"":100},""targetSpeed"":36,""seq"":3}","{""phase"":""E"",""startLLA"":{""lat"":37.496789,""lon"":127.009676,""alt"":100},""endLLA"":{""lat"":37.497738,""lon"":126.983721,""alt"":233.37},""targetSpeed"":51.4,""seq"":4}","{""phase"":""E"",""startLLA"":{""lat"":37.497738,""lon"":126.983721,""alt"":233.37},""endLLA"":{""lat"":37.502167,""lon"":126.970929,""alt"":305},""targetSpeed"":51.4,""seq"":5}","{""phase"":""F"",""startLLA"":{""lat"":37.502167,""lon"":126.970929,""alt"":305},""endLLA"":{""lat"":37.508684,""lon"":126.95211,""alt"":305},""targetSpeed"":51.4,""seq"":6}","{""phase"":""F"",""startLLA"":{""lat"":37.508684,""lon"":126.95211,""alt"":305},""endLLA"":{""lat"":37.519378,""lon"":126.94021,""alt"":305},""targetSpeed"":51.4,""seq"":7}","{""phase"":""F"",""startLLA"":{""lat"":37.519378,""lon"":126.94021,""alt"":305},""endLLA"":{""lat"":37.536949,""lon"":126.924908,""alt"":305},""targetSpeed"":51.4,""seq"":8}","{""phase"":""F"",""startLLA"":{""lat"":37.536949,""lon"":126.924908,""alt"":305},""endLLA"":{""lat"":37.542307,""lon"":126.90249,""alt"":305},""targetSpeed"":51.4,""seq"":9}","{""phase"":""F"",""startLLA"":{""lat"":37.542307,""lon"":126.90249,""alt"":305},""endLLA"":{""lat"":37.552574,""lon"":126.891431,""alt"":305},""targetSpeed"":51.4,""seq"":10}","{""phase"":""F"",""startLLA"":{""lat"":37.552574,""lon"":126.891431,""alt"":305},""endLLA"":{""lat"":37.583699,""lon"":126.886697,""alt"":305},""targetSpeed"":51.4,""seq"":11}","{""phase"":""G"",""startLLA"":{""lat"":37.583699,""lon"":126.886697,""alt"":305},""endLLA"":{""lat"":37.586283,""lon"":126.886304,""alt"":288.16},""targetSpeed"":36,""seq"":12}","{""phase"":""G"",""startLLA"":{""lat"":37.586283,""lon"":126.886304,""alt"":288.16},""endLLA"":{""lat"":37.60526,""lon"":126.914121,""alt"":100},""targetSpeed"":36,""seq"":13}","{""phase"":""I"",""startLLA"":{""lat"":37.60526,""lon"":126.914121,""alt"":100},""endLLA"":{""lat"":37.611145,""lon"":126.922747,""alt"":15},""targetSpeed"":30,""seq"":14}","{""phase"":""J"",""startLLA"":{""lat"":37.611145,""lon"":126.922747,""alt"":15},""endLLA"":{""lat"":37.611145,""lon"":126.922747,""alt"":0},""targetSpeed"":10,""seq"":15}","{""phase"":""K"",""startLLA"":{""lat"":37.611145,""lon"":126.922747,""alt"":0},""endLLA"":{""lat"":37.611145,""lon"":126.922747,""alt"":0},""targetSpeed"":3,""seq"":16}",,,,,
98f166edc22f,2026-07-11,FPL1316003,UAM0084,a4,4,3,0.75,강남,강남,망우,망우,8,G5,F1,G4,F3,08:58:28,09:09:01,09:14:07,09:20:57,09:30:57,633.2,306.63,410,1349.83,217.49,0,ready,강남 > 청담대교 중간지점 > 건대입구 > 망우,12.9927,11,"{""phase"":""A"",""startLLA"":{""lat"":37.496291,""lon"":127.023303,""alt"":0},""endLLA"":{""lat"":37.496291,""lon"":127.023303,""alt"":0},""targetSpeed"":3,""seq"":1}","{""phase"":""B"",""startLLA"":{""lat"":37.496291,""lon"":127.023303,""alt"":0},""endLLA"":{""lat"":37.496291,""lon"":127.023303,""alt"":15},""targetSpeed"":10,""seq"":2}","{""phase"":""C"",""startLLA"":{""lat"":37.496291,""lon"":127.023303,""alt"":15},""endLLA"":{""lat"":37.503645,""lon"":127.033314,""alt"":100},""targetSpeed"":36,""seq"":3}","{""phase"":""E"",""startLLA"":{""lat"":37.503645,""lon"":127.033314,""alt"":100},""endLLA"":{""lat"":37.525174,""lon"":127.062622,""alt"":305},""targetSpeed"":51.4,""seq"":4}","{""phase"":""F"",""startLLA"":{""lat"":37.525174,""lon"":127.062622,""alt"":305},""endLLA"":{""lat"":37.526451,""lon"":127.064361,""alt"":305},""targetSpeed"":51.4,""seq"":5}","{""phase"":""F"",""startLLA"":{""lat"":37.526451,""lon"":127.064361,""alt"":305},""endLLA"":{""lat"":37.540426,""lon"":127.069298,""alt"":305},""targetSpeed"":51.4,""seq"":6}","{""phase"":""F"",""startLLA"":{""lat"":37.540426,""lon"":127.069298,""alt"":305},""endLLA"":{""lat"":37.55715,""lon"":127.073903,""alt"":305},""targetSpeed"":51.4,""seq"":7}","{""phase"":""G"",""startLLA"":{""lat"":37.55715,""lon"":127.073903,""alt"":305},""endLLA"":{""lat"":37.588107,""lon"":127.082428,""alt"":100},""targetSpeed"":36,""seq"":8}","{""phase"":""I"",""startLLA"":{""lat"":37.588107,""lon"":127.082428,""alt"":100},""endLLA"":{""lat"":37.596919,""lon"":127.084854,""alt"":15},""targetSpeed"":30,""seq"":9}","{""phase"":""J"",""startLLA"":{""lat"":37.596919,""lon"":127.084854,""alt"":15},""endLLA"":{""lat"":37.596919,""lon"":127.084854,""alt"":0},""targetSpeed"":10,""seq"":10}","{""phase"":""K"",""startLLA"":{""lat"":37.596919,""lon"":127.084854,""alt"":0},""endLLA"":{""lat"":37.596919,""lon"":127.084854,""alt"":0},""targetSpeed"":3,""seq"":11}",,,,,,,,,,
98f166edc22f,2026-07-11,FPL1306003,UAM0119,a8,8,3,0.375,강남,강남,미아,미아,8,G4,F2,G7,F3,08:59:55,09:10:34,09:17:53,09:25:13,09:35:13,639.86,438.49,440,1518.34,134.14,0,ready,강남 > 청담대교 중간지점 > 건대입구 > 중랑천 제방길 > 상봉 > 월릉교 > 미아,19.77,14,"{""phase"":""A"",""startLLA"":{""lat"":37.496291,""lon"":127.023303,""alt"":0},""endLLA"":{""lat"":37.496291,""lon"":127.023303,""alt"":0},""targetSpeed"":3,""seq"":1}","{""phase"":""B"",""startLLA"":{""lat"":37.496291,""lon"":127.023303,""alt"":0},""endLLA"":{""lat"":37.496291,""lon"":127.023303,""alt"":15},""targetSpeed"":10,""seq"":2}","{""phase"":""C"",""startLLA"":{""lat"":37.496291,""lon"":127.023303,""alt"":15},""endLLA"":{""lat"":37.503643,""lon"":127.033311,""alt"":100},""targetSpeed"":36,""seq"":3}","{""phase"":""E"",""startLLA"":{""lat"":37.503643,""lon"":127.033311,""alt"":100},""endLLA"":{""lat"":37.525166,""lon"":127.062612,""alt"":305},""targetSpeed"":51.4,""seq"":4}","{""phase"":""F"",""startLLA"":{""lat"":37.525166,""lon"":127.062612,""alt"":305},""endLLA"":{""lat"":37.526451,""lon"":127.064361,""alt"":305},""targetSpeed"":51.4,""seq"":5}","{""phase"":""F"",""startLLA"":{""lat"":37.526451,""lon"":127.064361,""alt"":305},""endLLA"":{""lat"":37.540426,""lon"":127.069298,""alt"":305},""targetSpeed"":51.4,""seq"":6}","{""phase"":""F"",""startLLA"":{""lat"":37.540426,""lon"":127.069298,""alt"":305},""endLLA"":{""lat"":37.580774,""lon"":127.077387,""alt"":305},""targetSpeed"":51.4,""seq"":7}","{""phase"":""F"",""startLLA"":{""lat"":37.580774,""lon"":127.077387,""alt"":305},""endLLA"":{""lat"":37.596919,""lon"":127.084854,""alt"":305},""targetSpeed"":51.4,""seq"":8}","{""phase"":""F"",""startLLA"":{""lat"":37.596919,""lon"":127.084854,""alt"":305},""endLLA"":{""lat"":37.614364,""lon"":127.072717,""alt"":305},""targetSpeed"":51.4,""seq"":9}","{""phase"":""G"",""startLLA"":{""lat"":37.614364,""lon"":127.072717,""alt"":305},""endLLA"":{""lat"":37.616266,""lon"":127.071394,""alt"":290.95},""targetSpeed"":36,""seq"":10}","{""phase"":""G"",""startLLA"":{""lat"":37.616266,""lon"":127.071394,""alt"":290.95},""endLLA"":{""lat"":37.626944,""lon"":127.036666,""alt"":100},""targetSpeed"":36,""seq"":11}","{""phase"":""I"",""startLLA"":{""lat"":37.626944,""lon"":127.036666,""alt"":100},""endLLA"":{""lat"":37.630207,""lon"":127.026053,""alt"":15},""targetSpeed"":30,""seq"":12}","{""phase"":""J"",""startLLA"":{""lat"":37.630207,""lon"":127.026053,""alt"":15},""endLLA"":{""lat"":37.630207,""lon"":127.026053,""alt"":0},""targetSpeed"":10,""seq"":13}","{""phase"":""K"",""startLLA"":{""lat"":37.630207,""lon"":127.026053,""alt"":0},""endLLA"":{""lat"":37.630207,""lon"":127.026053,""alt"":0},""targetSpeed"":3,""seq"":14}",,,,,,,
98f166edc22f,2026-07-11,FPL1314006,UAM0014,a6,6,6,1,강남,강남,가산,가산,9,G8,F1,G2,F4,09:01:23,09:14:26,09:20:01,09:27:51,09:37:51,783.92,334.77,470,1588.69,278.2,0,ready,강남 > 채석장 > 180고지 > 가산,14.4391,11,"{""phase"":""A"",""startLLA"":{""lat"":37.496291,""lon"":127.023303,""alt"":0},""endLLA"":{""lat"":37.496291,""lon"":127.023303,""alt"":0},""targetSpeed"":3,""seq"":1}","{""phase"":""B"",""startLLA"":{""lat"":37.496291,""lon"":127.023303,""alt"":0},""endLLA"":{""lat"":37.496291,""lon"":127.023303,""alt"":15},""targetSpeed"":10,""seq"":2}","{""phase"":""C"",""startLLA"":{""lat"":37.496291,""lon"":127.023303,""alt"":15},""endLLA"":{""lat"":37.489331,""lon"":127.012849,""alt"":100},""targetSpeed"":36,""seq"":3}","{""phase"":""E"",""startLLA"":{""lat"":37.489331,""lon"":127.012849,""alt"":100},""endLLA"":{""lat"":37.471285,""lon"":126.985745,""alt"":281.55},""targetSpeed"":51.4,""seq"":4}","{""phase"":""E"",""startLLA"":{""lat"":37.471285,""lon"":126.985745,""alt"":281.55},""endLLA"":{""lat"":37.473124,""lon"":126.981806,""alt"":305},""targetSpeed"":51.4,""seq"":5}","{""phase"":""F"",""startLLA"":{""lat"":37.473124,""lon"":126.981806,""alt"":305},""endLLA"":{""lat"":37.492877,""lon"":126.93949,""alt"":305},""targetSpeed"":51.4,""seq"":6}","{""phase"":""F"",""startLLA"":{""lat"":37.492877,""lon"":126.93949,""alt"":305},""endLLA"":{""lat"":37.492284,""lon"":126.929979,""alt"":305},""targetSpeed"":51.4,""seq"":7}","{""phase"":""G"",""startLLA"":{""lat"":37.492284,""lon"":126.929979,""alt"":305},""endLLA"":{""lat"":37.489798,""lon"":126.890147,""alt"":100},""targetSpeed"":36,""seq"":8}","{""phase"":""I"",""startLLA"":{""lat"":37.489798,""lon"":126.890147,""alt"":100},""endLLA"":{""lat"":37.489091,""lon"":126.878809,""alt"":15},""targetSpeed"":30,""seq"":9}","{""phase"":""J"",""startLLA"":{""lat"":37.489091,""lon"":126.878809,""alt"":15},""endLLA"":{""lat"":37.489091,""lon"":126.878809,""alt"":0},""targetSpeed"":10,""seq"":10}","{""phase"":""K"",""startLLA"":{""lat"":37.489091,""lon"":126.878809,""alt"":0},""endLLA"":{""lat"":37.489091,""lon"":126.878809,""alt"":0},""targetSpeed"":3,""seq"":11}",,,,,,,,,,
98f166edc22f,2026-07-11,FPL1314007,UAM0020,a4,4,4,1,강남,강남,가산,가산,9,G3,F2,G6,F3,09:05:29,09:16:00,09:21:35,09:29:25,09:39:25,631.37,334.77,470,1436.14,194.86,0,ready,강남 > 채석장 > 180고지 > 가산,14.4391,11,"{""phase"":""A"",""startLLA"":{""lat"":37.496291,""lon"":127.023303,""alt"":0},""endLLA"":{""lat"":37.496291,""lon"":127.023303,""alt"":0},""targetSpeed"":3,""seq"":1}","{""phase"":""B"",""startLLA"":{""lat"":37.496291,""lon"":127.023303,""alt"":0},""endLLA"":{""lat"":37.496291,""lon"":127.023303,""alt"":15},""targetSpeed"":10,""seq"":2}","{""phase"":""C"",""startLLA"":{""lat"":37.496291,""lon"":127.023303,""alt"":15},""endLLA"":{""lat"":37.489331,""lon"":127.012849,""alt"":100},""targetSpeed"":36,""seq"":3}","{""phase"":""E"",""startLLA"":{""lat"":37.489331,""lon"":127.012849,""alt"":100},""endLLA"":{""lat"":37.471285,""lon"":126.985745,""alt"":281.55},""targetSpeed"":51.4,""seq"":4}","{""phase"":""E"",""startLLA"":{""lat"":37.471285,""lon"":126.985745,""alt"":281.55},""endLLA"":{""lat"":37.473124,""lon"":126.981806,""alt"":305},""targetSpeed"":51.4,""seq"":5}","{""phase"":""F"",""startLLA"":{""lat"":37.473124,""lon"":126.981806,""alt"":305},""endLLA"":{""lat"":37.492877,""lon"":126.93949,""alt"":305},""targetSpeed"":51.4,""seq"":6}","{""phase"":""F"",""startLLA"":{""lat"":37.492877,""lon"":126.93949,""alt"":305},""endLLA"":{""lat"":37.492284,""lon"":126.929979,""alt"":305},""targetSpeed"":51.4,""seq"":7}","{""phase"":""G"",""startLLA"":{""lat"":37.492284,""lon"":126.929979,""alt"":305},""endLLA"":{""lat"":37.489798,""lon"":126.890147,""alt"":100},""targetSpeed"":36,""seq"":8}","{""phase"":""I"",""startLLA"":{""lat"":37.489798,""lon"":126.890147,""alt"":100},""endLLA"":{""lat"":37.489091,""lon"":126.878809,""alt"":15},""targetSpeed"":30,""seq"":9}","{""phase"":""J"",""startLLA"":{""lat"":37.489091,""lon"":126.878809,""alt"":15},""endLLA"":{""lat"":37.489091,""lon"":126.878809,""alt"":0},""targetSpeed"":10,""seq"":10}","{""phase"":""K"",""startLLA"":{""lat"":37.489091,""lon"":126.878809,""alt"":0},""endLLA"":{""lat"":37.489091,""lon"":126.878809,""alt"":0},""targetSpeed"":3,""seq"":11}",,,,,,,,,,
98f166edc22f,2026-07-11,FPL1311010,UAM0040,a8,8,8,1,강남,강남,천호,천호,9,G7,F1,G1,F3,09:06:19,09:19:52,09:25:28,09:33:48,09:43:48,813.63,335.64,500,1649.27,337.92,72.25,ready,강남 > 청담대교 중간지점 > 잠실대교 중간지점 > 천호,10.7701,11,"{""phase"":""A"",""startLLA"":{""lat"":37.496291,""lon"":127.023303,""alt"":0},""endLLA"":{""lat"":37.496291,""lon"":127.023303,""alt"":0},""targetSpeed"":3,""seq"":1}","{""phase"":""B"",""startLLA"":{""lat"":37.496291,""lon"":127.023303,""alt"":0},""endLLA"":{""lat"":37.496291,""lon"":127.023303,""alt"":15},""targetSpeed"":10,""seq"":2}","{""phase"":""C"",""startLLA"":{""lat"":37.496291,""lon"":127.023303,""alt"":15},""endLLA"":{""lat"":37.503645,""lon"":127.033315,""alt"":100},""targetSpeed"":36,""seq"":3}","{""phase"":""E"",""startLLA"":{""lat"":37.503645,""lon"":127.033315,""alt"":100},""endLLA"":{""lat"":37.525177,""lon"":127.062626,""alt"":305},""targetSpeed"":51.4,""seq"":4}","{""phase"":""F"",""startLLA"":{""lat"":37.525177,""lon"":127.062626,""alt"":305},""endLLA"":{""lat"":37.526451,""lon"":127.064361,""alt"":305},""targetSpeed"":51.4,""seq"":5}","{""phase"":""F"",""startLLA"":{""lat"":37.526451,""lon"":127.064361,""alt"":305},""endLLA"":{""lat"":37.52529,""lon"":127.079002,""alt"":305},""targetSpeed"":51.4,""seq"":6}","{""phase"":""G"",""startLLA"":{""lat"":37.52529,""lon"":127.079002,""alt"":305},""endLLA"":{""lat"":37.524288,""lon"":127.091639,""alt"":239.84},""targetSpeed"":36,""seq"":7}","{""phase"":""G"",""startLLA"":{""lat"":37.524288,""lon"":127.091639,""alt"":239.84},""endLLA"":{""lat"":37.539419,""lon"":127.111107,""alt"":100},""targetSpeed"":36,""seq"":8}","{""phase"":""I"",""startLLA"":{""lat"":37.539419,""lon"":127.111107,""alt"":100},""endLLA"":{""lat"":37.545733,""lon"":127.11923,""alt"":15},""targetSpeed"":30,""seq"":9}","{""phase"":""J"",""startLLA"":{""lat"":37.545733,""lon"":127.11923,""alt"":15},""endLLA"":{""lat"":37.545733,""lon"":127.11923,""alt"":0},""targetSpeed"":10,""seq"":10}","{""phase"":""K"",""startLLA"":{""lat"":37.545733,""lon"":127.11923,""alt"":0},""endLLA"":{""lat"":37.545733,""lon"":127.11923,""alt"":0},""targetSpeed"":3,""seq"":11}",,,,,,,,,,
98f166edc22f,2026-07-11,FPL1316004,UAM0100,a4,4,4,1,강남,강남,망우,망우,9,G2,F2,G3,F3,09:10:10,09:21:26,09:26:32,09:33:52,09:43:52,676.29,306.63,440,1422.92,230.57,0,ready,강남 > 청담대교 중간지점 > 건대입구 > 망우,12.9927,11,"{""phase"":""A"",""startLLA"":{""lat"":37.496291,""lon"":127.023303,""alt"":0},""endLLA"":{""lat"":37.496291,""lon"":127.023303,""alt"":0},""targetSpeed"":3,""seq"":1}","{""phase"":""B"",""startLLA"":{""lat"":37.496291,""lon"":127.023303,""alt"":0},""endLLA"":{""lat"":37.496291,""lon"":127.023303,""alt"":15},""targetSpeed"":10,""seq"":2}","{""phase"":""C"",""startLLA"":{""lat"":37.496291,""lon"":127.023303,""alt"":15},""endLLA"":{""lat"":37.503645,""lon"":127.033314,""alt"":100},""targetSpeed"":36,""seq"":3}","{""phase"":""E"",""startLLA"":{""lat"":37.503645,""lon"":127.033314,""alt"":100},""endLLA"":{""lat"":37.525174,""lon"":127.062622,""alt"":305},""targetSpeed"":51.4,""seq"":4}","{""phase"":""F"",""startLLA"":{""lat"":37.525174,""lon"":127.062622,""alt"":305},""endLLA"":{""lat"":37.526451,""lon"":127.064361,""alt"":305},""targetSpeed"":51.4,""seq"":5}","{""phase"":""F"",""startLLA"":{""lat"":37.526451,""lon"":127.064361,""alt"":305},""endLLA"":{""lat"":37.540426,""lon"":127.069298,""alt"":305},""targetSpeed"":51.4,""seq"":6}","{""phase"":""F"",""startLLA"":{""lat"":37.540426,""lon"":127.069298,""alt"":305},""endLLA"":{""lat"":37.55715,""lon"":127.073903,""alt"":305},""targetSpeed"":51.4,""seq"":7}","{""phase"":""G"",""startLLA"":{""lat"":37.55715,""lon"":127.073903,""alt"":305},""endLLA"":{""lat"":37.588107,""lon"":127.082428,""alt"":100},""targetSpeed"":36,""seq"":8}","{""phase"":""I"",""startLLA"":{""lat"":37.588107,""lon"":127.082428,""alt"":100},""endLLA"":{""lat"":37.596919,""lon"":127.084854,""alt"":15},""targetSpeed"":30,""seq"":9}","{""phase"":""J"",""startLLA"":{""lat"":37.596919,""lon"":127.084854,""alt"":15},""endLLA"":{""lat"":37.596919,""lon"":127.084854,""alt"":0},""targetSpeed"":10,""seq"":10}","{""phase"":""K"",""startLLA"":{""lat"":37.596919,""lon"":127.084854,""alt"":0},""endLLA"":{""lat"":37.596919,""lon"":127.084854,""alt"":0},""targetSpeed"":3,""seq"":11}",,,,,,,,,,
98f166edc22f,2026-07-11,FPL1305009,UAM0082,a2,2,2,1,강남,강남,목동,목동,9,G6,F1,G3,F4,09:17:50,09:25:18,09:31:13,09:39:06,09:49:06,448.34,355.28,473.13,1276.75,2.63,33.13,ready,강남 > 이수고가차로 > 상도터널 > 63빌딩 > 서강대교 중간지점 > 선유도 17고지 > 목동,15.4931,14,"{""phase"":""A"",""startLLA"":{""lat"":37.496291,""lon"":127.023303,""alt"":0},""endLLA"":{""lat"":37.496291,""lon"":127.023303,""alt"":0},""targetSpeed"":3,""seq"":1}","{""phase"":""B"",""startLLA"":{""lat"":37.496291,""lon"":127.023303,""alt"":0},""endLLA"":{""lat"":37.496291,""lon"":127.023303,""alt"":15},""targetSpeed"":10,""seq"":2}","{""phase"":""C"",""startLLA"":{""lat"":37.496291,""lon"":127.023303,""alt"":15},""endLLA"":{""lat"":37.496789,""lon"":127.009673,""alt"":100},""targetSpeed"":36,""seq"":3}","{""phase"":""E"",""startLLA"":{""lat"":37.496789,""lon"":127.009673,""alt"":100},""endLLA"":{""lat"":37.497738,""lon"":126.983721,""alt"":233.33},""targetSpeed"":51.4,""seq"":4}","{""phase"":""E"",""startLLA"":{""lat"":37.497738,""lon"":126.983721,""alt"":233.33},""endLLA"":{""lat"":37.50217,""lon"":126.970921,""alt"":305},""targetSpeed"":51.4,""seq"":5}","{""phase"":""F"",""startLLA"":{""lat"":37.50217,""lon"":126.970921,""alt"":305},""endLLA"":{""lat"":37.508684,""lon"":126.95211,""alt"":305},""targetSpeed"":51.4,""seq"":6}","{""phase"":""F"",""startLLA"":{""lat"":37.508684,""lon"":126.95211,""alt"":305},""endLLA"":{""lat"":37.519378,""lon"":126.94021,""alt"":305},""targetSpeed"":51.4,""seq"":7}","{""phase"":""F"",""startLLA"":{""lat"":37.519378,""lon"":126.94021,""alt"":305},""endLLA"":{""lat"":37.536949,""lon"":126.924908,""alt"":305},""targetSpeed"":51.4,""seq"":8}","{""phase"":""F"",""startLLA"":{""lat"":37.536949,""lon"":126.924908,""alt"":305},""endLLA"":{""lat"":37.538128,""lon"":126.919977,""alt"":305},""targetSpeed"":51.4,""seq"":9}","{""phase"":""G"",""startLLA"":{""lat"":37.538128,""lon"":126.919977,""alt"":305},""endLLA"":{""lat"":37.542307,""lon"":126.90249,""alt"":211.32},""targetSpeed"":36,""seq"":10}","{""phase"":""G"",""startLLA"":{""lat"":37.542307,""lon"":126.90249,""alt"":211.32},""endLLA"":{""lat"":37.531833,""lon"":126.88527,""alt"":100},""targetSpeed"":36,""seq"":11}","{""phase"":""I"",""startLLA"":{""lat"":37.531833,""lon"":126.88527,""alt"":100},""endLLA"":{""lat"":37.526343,""lon"":126.876243,""alt"":15},""targetSpeed"":30,""seq"":12}","{""phase"":""J"",""startLLA"":{""lat"":37.526343,""lon"":126.876243,""alt"":15},""endLLA"":{""lat"":37.526343,""lon"":126.876243,""alt"":0},""targetSpeed"":10,""seq"":13}","{""phase"":""K"",""startLLA"":{""lat"":37.526343,""lon"":126.876243,""alt"":0},""endLLA"":{""lat"":37.526343,""lon"":126.876243,""alt"":0},""targetSpeed"":3,""seq"":14}",,,,,,,
98f166edc22f,2026-07-11,FPL1316005,UAM0016,a8,8,8,1,강남,강남,망우,망우,9,G4,F1,G3,F4,09:30:55,09:40:10,09:45:22,09:52:48,10:02:48,555.34,311.67,446.6,1313.62,49.63,11.64,ready,강남 > 청담대교 중간지점 > 건대입구 > 망우,12.9927,11,"{""phase"":""A"",""startLLA"":{""lat"":37.496291,""lon"":127.023303,""alt"":0},""endLLA"":{""lat"":37.496291,""lon"":127.023303,""alt"":0},""targetSpeed"":3,""seq"":1}","{""phase"":""B"",""startLLA"":{""lat"":37.496291,""lon"":127.023303,""alt"":0},""endLLA"":{""lat"":37.496291,""lon"":127.023303,""alt"":15},""targetSpeed"":10,""seq"":2}","{""phase"":""C"",""startLLA"":{""lat"":37.496291,""lon"":127.023303,""alt"":15},""endLLA"":{""lat"":37.503645,""lon"":127.033314,""alt"":100},""targetSpeed"":36,""seq"":3}","{""phase"":""E"",""startLLA"":{""lat"":37.503645,""lon"":127.033314,""alt"":100},""endLLA"":{""lat"":37.525174,""lon"":127.062622,""alt"":305},""targetSpeed"":51.4,""seq"":4}","{""phase"":""F"",""startLLA"":{""lat"":37.525174,""lon"":127.062622,""alt"":305},""endLLA"":{""lat"":37.526451,""lon"":127.064361,""alt"":305},""targetSpeed"":51.4,""seq"":5}","{""phase"":""F"",""startLLA"":{""lat"":37.526451,""lon"":127.064361,""alt"":305},""endLLA"":{""lat"":37.540426,""lon"":127.069298,""alt"":305},""targetSpeed"":51.4,""seq"":6}","{""phase"":""F"",""startLLA"":{""lat"":37.540426,""lon"":127.069298,""alt"":305},""endLLA"":{""lat"":37.55715,""lon"":127.073903,""alt"":305},""targetSpeed"":51.4,""seq"":7}","{""phase"":""G"",""startLLA"":{""lat"":37.55715,""lon"":127.073903,""alt"":305},""endLLA"":{""lat"":37.588107,""lon"":127.082428,""alt"":100},""targetSpeed"":36,""seq"":8}","{""phase"":""I"",""startLLA"":{""lat"":37.588107,""lon"":127.082428,""alt"":100},""endLLA"":{""lat"":37.596919,""lon"":127.084854,""alt"":15},""targetSpeed"":30,""seq"":9}","{""phase"":""J"",""startLLA"":{""lat"":37.596919,""lon"":127.084854,""alt"":15},""endLLA"":{""lat"":37.596919,""lon"":127.084854,""alt"":0},""targetSpeed"":10,""seq"":10}","{""phase"":""K"",""startLLA"":{""lat"":37.596919,""lon"":127.084854,""alt"":0},""endLLA"":{""lat"":37.596919,""lon"":127.084854,""alt"":0},""targetSpeed"":3,""seq"":11}",,,,,,,,,,
98f166edc22f,2026-07-11,FPL1315008,UAM0085,a6,6,6,1,강남,강남,마곡,마곡,9,G8,F2,G2,F4,09:34:04,09:42:29,10:04:33,10:13:03,10:23:03,505.71,1323.71,510,2339.43,0,305.71,ready,강남 > 이수고가차로 > 상도터널 > 63빌딩 > 서강대교 중간지점 > 선유도 17고지 > 성산대교 중간지점 > 가양대교 남단 > 마곡,23.493,16,"{""phase"":""A"",""startLLA"":{""lat"":37.496291,""lon"":127.023303,""alt"":0},""endLLA"":{""lat"":37.496291,""lon"":127.023303,""alt"":0},""targetSpeed"":3,""seq"":1}","{""phase"":""B"",""startLLA"":{""lat"":37.496291,""lon"":127.023303,""alt"":0},""endLLA"":{""lat"":37.496291,""lon"":127.023303,""alt"":15},""targetSpeed"":10,""seq"":2}","{""phase"":""C"",""startLLA"":{""lat"":37.496291,""lon"":127.023303,""alt"":15},""endLLA"":{""lat"":37.496789,""lon"":127.009676,""alt"":100},""targetSpeed"":36,""seq"":3}","{""phase"":""E"",""startLLA"":{""lat"":37.496789,""lon"":127.009676,""alt"":100},""endLLA"":{""lat"":37.497738,""lon"":126.983721,""alt"":233.37},""targetSpeed"":51.4,""seq"":4}","{""phase"":""E"",""startLLA"":{""lat"":37.497738,""lon"":126.983721,""alt"":233.37},""endLLA"":{""lat"":37.502167,""lon"":126.970931,""alt"":305},""targetSpeed"":51.4,""seq"":5}","{""phase"":""F"",""startLLA"":{""lat"":37.502167,""lon"":126.970931,""alt"":305},""endLLA"":{""lat"":37.508684,""lon"":126.95211,""alt"":305},""targetSpeed"":51.4,""seq"":6}","{""phase"":""F"",""startLLA"":{""lat"":37.508684,""lon"":126.95211,""alt"":305},""endLLA"":{""lat"":37.519378,""lon"":126.94021,""alt"":305},""targetSpeed"":51.4,""seq"":7}","{""phase"":""F"",""startLLA"":{""lat"":37.519378,""lon"":126.94021,""alt"":305},""endLLA"":{""lat"":37.536949,""lon"":126.924908,""alt"":305},""targetSpeed"":51.4,""seq"":8}","{""phase"":""F"",""startLLA"":{""lat"":37.536949,""lon"":126.924908,""alt"":305},""endLLA"":{""lat"":37.542307,""lon"":126.90249,""alt"":305},""targetSpeed"":51.4,""seq"":9}","{""phase"":""F"",""startLLA"":{""lat"":37.542307,""lon"":126.90249,""alt"":305},""endLLA"":{""lat"":37.552574,""lon"":126.891431,""alt"":305},""targetSpeed"":51.4,""seq"":10}","{""phase"":""F"",""startLLA"":{""lat"":37.552574,""lon"":126.891431,""alt"":305},""endLLA"":{""lat"":37.569391,""lon"":126.861026,""alt"":305},""targetSpeed"":51.4,""seq"":11}","{""phase"":""F"",""startLLA"":{""lat"":37.569391,""lon"":126.861026,""alt"":305},""endLLA"":{""lat"":37.567855,""lon"":126.842867,""alt"":305},""targetSpeed"":51.4,""seq"":12}","{""phase"":""G"",""startLLA"":{""lat"":37.567855,""lon"":126.842867,""alt"":305},""endLLA"":{""lat"":37.564492,""lon"":126.803119,""alt"":100},""targetSpeed"":36,""seq"":13}","{""phase"":""I"",""startLLA"":{""lat"":37.564492,""lon"":126.803119,""alt"":100},""endLLA"":{""lat"":37.563535,""lon"":126.791805,""alt"":15},""targetSpeed"":30,""seq"":14}","{""phase"":""J"",""startLLA"":{""lat"":37.563535,""lon"":126.791805,""alt"":15},""endLLA"":{""lat"":37.563535,""lon"":126.791805,""alt"":0},""targetSpeed"":10,""seq"":15}","{""phase"":""K"",""startLLA"":{""lat"":37.563535,""lon"":126.791805,""alt"":0},""endLLA"":{""lat"":37.563535,""lon"":126.791805,""alt"":0},""targetSpeed"":3,""seq"":16}",,,,,
98f166edc22f,2026-07-11,FPL1310003,UAM0111,a8,8,8,1,강남,강남,연신내,연신내,9,G3,F1,G7,F4,09:35:54,09:45:36,09:53:39,10:01:22,10:11:22,582.06,483.8,462.18,1528.04,106.34,22.18,ready,강남 > 이수고가차로 > 상도터널 > 63빌딩 > 서강대교 중간지점 > 선유도 17고지 > 성산대교 중간지점 > 수색교 > 연신내,22.0994,16,"{""phase"":""A"",""startLLA"":{""lat"":37.496291,""lon"":127.023303,""alt"":0},""endLLA"":{""lat"":37.496291,""lon"":127.023303,""alt"":0},""targetSpeed"":3,""seq"":1}","{""phase"":""B"",""startLLA"":{""lat"":37.496291,""lon"":127.023303,""alt"":0},""endLLA"":{""lat"":37.496291,""lon"":127.023303,""alt"":15},""targetSpeed"":10,""seq"":2}","{""phase"":""C"",""startLLA"":{""lat"":37.496291,""lon"":127.023303,""alt"":15},""endLLA"":{""lat"":37.496789,""lon"":127.009676,""alt"":100},""targetSpeed"":36,""seq"":3}","{""phase"":""E"",""startLLA"":{""lat"":37.496789,""lon"":127.009676,""alt"":100},""endLLA"":{""lat"":37.497738,""lon"":126.983721,""alt"":233.37},""targetSpeed"":51.4,""seq"":4}","{""phase"":""E"",""startLLA"":{""lat"":37.497738,""lon"":126.983721,""alt"":233.37},""endLLA"":{""lat"":37.502167,""lon"":126.970929,""alt"":305},""targetSpeed"":51.4,""seq"":5}","{""phase"":""F"",""startLLA"":{""lat"":37.502167,""lon"":126.970929,""alt"":305},""endLLA"":{""lat"":37.508684,""lon"":126.95211,""alt"":305},""targetSpeed"":51.4,""seq"":6}","{""phase"":""F"",""startLLA"":{""lat"":37.508684,""lon"":126.95211,""alt"":305},""endLLA"":{""lat"":37.519378,""lon"":126.94021,""alt"":305},""targetSpeed"":51.4,""seq"":7}","{""phase"":""F"",""startLLA"":{""lat"":37.519378,""lon"":126.94021,""alt"":305},""endLLA"":{""lat"":37.536949,""lon"":126.924908,""alt"":305},""targetSpeed"":51.4,""seq"":8}","{""phase"":""F"",""startLLA"":{""lat"":37.536949,""lon"":126.924908,""alt"":305},""endLLA"":{""lat"":37.542307,""lon"":126.90249,""alt"":305},""targetSpeed"":51.4,""seq"":9}","{""phase"":""F"",""startLLA"":{""lat"":37.542307,""lon"":126.90249,""alt"":305},""endLLA"":{""lat"":37.552574,""lon"":126.891431,""alt"":305},""targetSpeed"":51.4,""seq"":10}","{""phase"":""F"",""startLLA"":{""lat"":37.552574,""lon"":126.891431,""alt"":305},""endLLA"":{""lat"":37.583699,""lon"":126.886697,""alt"":305},""targetSpeed"":51.4,""seq"":11}","{""phase"":""G"",""startLLA"":{""lat"":37.583699,""lon"":126.886697,""alt"":305},""endLLA"":{""lat"":37.586283,""lon"":126.886304,""alt"":288.16},""targetSpeed"":36,""seq"":12}","{""phase"":""G"",""startLLA"":{""lat"":37.586283,""lon"":126.886304,""alt"":288.16},""endLLA"":{""lat"":37.60526,""lon"":126.914121,""alt"":100},""targetSpeed"":36,""seq"":13}","{""phase"":""I"",""startLLA"":{""lat"":37.60526,""lon"":126.914121,""alt"":100},""endLLA"":{""lat"":37.611145,""lon"":126.922747,""alt"":15},""targetSpeed"":30,""seq"":14}","{""phase"":""J"",""startLLA"":{""lat"":37.611145,""lon"":126.922747,""alt"":15},""endLLA"":{""lat"":37.611145,""lon"":126.922747,""alt"":0},""targetSpeed"":10,""seq"":15}","{""phase"":""K"",""startLLA"":{""lat"":37.611145,""lon"":126.922747,""alt"":0},""endLLA"":{""lat"":37.611145,""lon"":126.922747,""alt"":0},""targetSpeed"":3,""seq"":16}",,,,,
98f166edc22f,2026-07-11,FPL1306004,UAM0051,a4,4,4,1,강남,강남,미아,미아,9,G7,F2,G7,F3,09:38:59,09:47:55,09:58:21,10:05:41,10:15:41,536.43,626.56,440,1602.99,60.71,14.28,ready,강남 > 청담대교 중간지점 > 건대입구 > 중랑천 제방길 > 상봉 > 월릉교 > 미아,19.77,14,"{""phase"":""A"",""startLLA"":{""lat"":37.496291,""lon"":127.023303,""alt"":0},""endLLA"":{""lat"":37.496291,""lon"":127.023303,""alt"":0},""targetSpeed"":3,""seq"":1}","{""phase"":""B"",""startLLA"":{""lat"":37.496291,""lon"":127.023303,""alt"":0},""endLLA"":{""lat"":37.496291,""lon"":127.023303,""alt"":15},""targetSpeed"":10,""seq"":2}","{""phase"":""C"",""startLLA"":{""lat"":37.496291,""lon"":127.023303,""alt"":15},""endLLA"":{""lat"":37.503643,""lon"":127.033311,""alt"":100},""targetSpeed"":36,""seq"":3}","{""phase"":""E"",""startLLA"":{""lat"":37.503643,""lon"":127.033311,""alt"":100},""endLLA"":{""lat"":37.525166,""lon"":127.062612,""alt"":305},""targetSpeed"":51.4,""seq"":4}","{""phase"":""F"",""startLLA"":{""lat"":37.525166,""lon"":127.062612,""alt"":305},""endLLA"":{""lat"":37.526451,""lon"":127.064361,""alt"":305},""targetSpeed"":51.4,""seq"":5}","{""phase"":""F"",""startLLA"":{""lat"":37.526451,""lon"":127.064361,""alt"":305},""endLLA"":{""lat"":37.540426,""lon"":127.069298,""alt"":305},""targetSpeed"":51.4,""seq"":6}","{""phase"":""F"",""startLLA"":{""lat"":37.540426,""lon"":127.069298,""alt"":305},""endLLA"":{""lat"":37.580774,""lon"":127.077387,""alt"":305},""targetSpeed"":51.4,""seq"":7}","{""phase"":""F"",""startLLA"":{""lat"":37.580774,""lon"":127.077387,""alt"":305},""endLLA"":{""lat"":37.596919,""lon"":127.084854,""alt"":305},""targetSpeed"":51.4,""seq"":8}","{""phase"":""F"",""startLLA"":{""lat"":37.596919,""lon"":127.084854,""alt"":305},""endLLA"":{""lat"":37.614364,""lon"":127.072717,""alt"":305},""targetSpeed"":51.4,""seq"":9}","{""phase"":""G"",""startLLA"":{""lat"":37.614364,""lon"":127.072717,""alt"":305},""endLLA"":{""lat"":37.616266,""lon"":127.071394,""alt"":290.95},""targetSpeed"":36,""seq"":10}","{""phase"":""G"",""startLLA"":{""lat"":37.616266,""lon"":127.071394,""alt"":290.95},""endLLA"":{""lat"":37.626944,""lon"":127.036666,""alt"":100},""targetSpeed"":36,""seq"":11}","{""phase"":""I"",""startLLA"":{""lat"":37.626944,""lon"":127.036666,""alt"":100},""endLLA"":{""lat"":37.630207,""lon"":127.026053,""alt"":15},""targetSpeed"":30,""seq"":12}","{""phase"":""J"",""startLLA"":{""lat"":37.630207,""lon"":127.026053,""alt"":15},""endLLA"":{""lat"":37.630207,""lon"":127.026053,""alt"":0},""targetSpeed"":10,""seq"":13}","{""phase"":""K"",""startLLA"":{""lat"":37.630207,""lon"":127.026053,""alt"":0},""endLLA"":{""lat"":37.630207,""lon"":127.026053,""alt"":0},""targetSpeed"":3,""seq"":14}",,,,,,,
98f166edc22f,2026-07-11,FPL1314008,UAM0068,a4,4,4,1,강남,강남,가산,가산,9,G2,F1,G8,F4,09:40:55,09:51:01,09:56:36,10:03:26,10:13:26,606.77,334.77,410,1351.54,161.06,0,ready,강남 > 채석장 > 180고지 > 가산,14.4391,11,"{""phase"":""A"",""startLLA"":{""lat"":37.496291,""lon"":127.023303,""alt"":0},""endLLA"":{""lat"":37.496291,""lon"":127.023303,""alt"":0},""targetSpeed"":3,""seq"":1}","{""phase"":""B"",""startLLA"":{""lat"":37.496291,""lon"":127.023303,""alt"":0},""endLLA"":{""lat"":37.496291,""lon"":127.023303,""alt"":15},""targetSpeed"":10,""seq"":2}","{""phase"":""C"",""startLLA"":{""lat"":37.496291,""lon"":127.023303,""alt"":15},""endLLA"":{""lat"":37.489331,""lon"":127.012849,""alt"":100},""targetSpeed"":36,""seq"":3}","{""phase"":""E"",""startLLA"":{""lat"":37.489331,""lon"":127.012849,""alt"":100},""endLLA"":{""lat"":37.471285,""lon"":126.985745,""alt"":281.55},""targetSpeed"":51.4,""seq"":4}","{""phase"":""E"",""startLLA"":{""lat"":37.471285,""lon"":126.985745,""alt"":281.55},""endLLA"":{""lat"":37.473124,""lon"":126.981806,""alt"":305},""targetSpeed"":51.4,""seq"":5}","{""phase"":""F"",""startLLA"":{""lat"":37.473124,""lon"":126.981806,""alt"":305},""endLLA"":{""lat"":37.492877,""lon"":126.93949,""alt"":305},""targetSpeed"":51.4,""seq"":6}","{""phase"":""F"",""startLLA"":{""lat"":37.492877,""lon"":126.93949,""alt"":305},""endLLA"":{""lat"":37.492284,""lon"":126.929979,""alt"":305},""targetSpeed"":51.4,""seq"":7}","{""phase"":""G"",""startLLA"":{""lat"":37.492284,""lon"":126.929979,""alt"":305},""endLLA"":{""lat"":37.489798,""lon"":126.890147,""alt"":100},""targetSpeed"":36,""seq"":8}","{""phase"":""I"",""startLLA"":{""lat"":37.489798,""lon"":126.890147,""alt"":100},""endLLA"":{""lat"":37.489091,""lon"":126.878809,""alt"":15},""targetSpeed"":30,""seq"":9}","{""phase"":""J"",""startLLA"":{""lat"":37.489091,""lon"":126.878809,""alt"":15},""endLLA"":{""lat"":37.489091,""lon"":126.878809,""alt"":0},""targetSpeed"":10,""seq"":10}","{""phase"":""K"",""startLLA"":{""lat"":37.489091,""lon"":126.878809,""alt"":0},""endLLA"":{""lat"":37.489091,""lon"":126.878809,""alt"":0},""targetSpeed"":3,""seq"":11}",,,,,,,,,,
98f166edc22f,2026-07-11,FPL1315009,UAM0026,a2,2,2,1,강남,강남,마곡,마곡,9,G6,F2,G1,F3,09:43:55,09:53:21,10:13:24,10:21:44,10:31:44,566.14,1203.71,500,2269.86,120.43,692.8,ready,강남 > 이수고가차로 > 상도터널 > 63빌딩 > 서강대교 중간지점 > 선유도 17고지 > 성산대교 중간지점 > 가양대교 남단 > 마곡,23.493,16,"{""phase"":""A"",""startLLA"":{""lat"":37.496291,""lon"":127.023303,""alt"":0},""endLLA"":{""lat"":37.496291,""lon"":127.023303,""alt"":0},""targetSpeed"":3,""seq"":1}","{""phase"":""B"",""startLLA"":{""lat"":37.496291,""lon"":127.023303,""alt"":0},""endLLA"":{""lat"":37.496291,""lon"":127.023303,""alt"":15},""targetSpeed"":10,""seq"":2}","{""phase"":""C"",""startLLA"":{""lat"":37.496291,""lon"":127.023303,""alt"":15},""endLLA"":{""lat"":37.496789,""lon"":127.009676,""alt"":100},""targetSpeed"":36,""seq"":3}","{""phase"":""E"",""startLLA"":{""lat"":37.496789,""lon"":127.009676,""alt"":100},""endLLA"":{""lat"":37.497738,""lon"":126.983721,""alt"":233.37},""targetSpeed"":51.4,""seq"":4}","{""phase"":""E"",""startLLA"":{""lat"":37.497738,""lon"":126.983721,""alt"":233.37},""endLLA"":{""lat"":37.502167,""lon"":126.970931,""alt"":305},""targetSpeed"":51.4,""seq"":5}","{""phase"":""F"",""startLLA"":{""lat"":37.502167,""lon"":126.970931,""alt"":305},""endLLA"":{""lat"":37.508684,""lon"":126.95211,""alt"":305},""targetSpeed"":51.4,""seq"":6}","{""phase"":""F"",""startLLA"":{""lat"":37.508684,""lon"":126.95211,""alt"":305},""endLLA"":{""lat"":37.519378,""lon"":126.94021,""alt"":305},""targetSpeed"":51.4,""seq"":7}","{""phase"":""F"",""startLLA"":{""lat"":37.519378,""lon"":126.94021,""alt"":305},""endLLA"":{""lat"":37.536949,""lon"":126.924908,""alt"":305},""targetSpeed"":51.4,""seq"":8}","{""phase"":""F"",""startLLA"":{""lat"":37.536949,""lon"":126.924908,""alt"":305},""endLLA"":{""lat"":37.542307,""lon"":126.90249,""alt"":305},""targetSpeed"":51.4,""seq"":9}","{""phase"":""F"",""startLLA"":{""lat"":37.542307,""lon"":126.90249,""alt"":305},""endLLA"":{""lat"":37.552574,""lon"":126.891431,""alt"":305},""targetSpeed"":51.4,""seq"":10}","{""phase"":""F"",""startLLA"":{""lat"":37.552574,""lon"":126.891431,""alt"":305},""endLLA"":{""lat"":37.569391,""lon"":126.861026,""alt"":305},""targetSpeed"":51.4,""seq"":11}","{""phase"":""F"",""startLLA"":{""lat"":37.569391,""lon"":126.861026,""alt"":305},""endLLA"":{""lat"":37.567855,""lon"":126.842867,""alt"":305},""targetSpeed"":51.4,""seq"":12}","{""phase"":""G"",""startLLA"":{""lat"":37.567855,""lon"":126.842867,""alt"":305},""endLLA"":{""lat"":37.564492,""lon"":126.803119,""alt"":100},""targetSpeed"":36,""seq"":13}","{""phase"":""I"",""startLLA"":{""lat"":37.564492,""lon"":126.803119,""alt"":100},""endLLA"":{""lat"":37.563535,""lon"":126.791805,""alt"":15},""targetSpeed"":30,""seq"":14}","{""phase"":""J"",""startLLA"":{""lat"":37.563535,""lon"":126.791805,""alt"":15},""endLLA"":{""lat"":37.563535,""lon"":126.791805,""alt"":0},""targetSpeed"":10,""seq"":15}","{""phase"":""K"",""startLLA"":{""lat"":37.563535,""lon"":126.791805,""alt"":0},""endLLA"":{""lat"":37.563535,""lon"":126.791805,""alt"":0},""targetSpeed"":3,""seq"":16}",,,,,
98f166edc22f,2026-07-11,FPL1306005,UAM0061,a6,6,6,1,강남,강남,미아,미아,9,G4,F1,G1,F4,09:48:30,09:56:55,10:04:14,10:12:34,10:22:34,505.71,438.49,500,1444.2,0,0,ready,강남 > 청담대교 중간지점 > 건대입구 > 중랑천 제방길 > 상봉 > 월릉교 > 미아,19.77,14,"{""phase"":""A"",""startLLA"":{""lat"":37.496291,""lon"":127.023303,""alt"":0},""endLLA"":{""lat"":37.496291,""lon"":127.023303,""alt"":0},""targetSpeed"":3,""seq"":1}","{""phase"":""B"",""startLLA"":{""lat"":37.496291,""lon"":127.023303,""alt"":0},""endLLA"":{""lat"":37.496291,""lon"":127.023303,""alt"":15},""targetSpeed"":10,""seq"":2}","{""phase"":""C"",""startLLA"":{""lat"":37.496291,""lon"":127.023303,""alt"":15},""endLLA"":{""lat"":37.503643,""lon"":127.033311,""alt"":100},""targetSpeed"":36,""seq"":3}","{""phase"":""E"",""startLLA"":{""lat"":37.503643,""lon"":127.033311,""alt"":100},""endLLA"":{""lat"":37.525166,""lon"":127.062612,""alt"":305},""targetSpeed"":51.4,""seq"":4}","{""phase"":""F"",""startLLA"":{""lat"":37.525166,""lon"":127.062612,""alt"":305},""endLLA"":{""lat"":37.526451,""lon"":127.064361,""alt"":305},""targetSpeed"":51.4,""seq"":5}","{""phase"":""F"",""startLLA"":{""lat"":37.526451,""lon"":127.064361,""alt"":305},""endLLA"":{""lat"":37.540426,""lon"":127.069298,""alt"":305},""targetSpeed"":51.4,""seq"":6}","{""phase"":""F"",""startLLA"":{""lat"":37.540426,""lon"":127.069298,""alt"":305},""endLLA"":{""lat"":37.580774,""lon"":127.077387,""alt"":305},""targetSpeed"":51.4,""seq"":7}","{""phase"":""F"",""startLLA"":{""lat"":37.580774,""lon"":127.077387,""alt"":305},""endLLA"":{""lat"":37.596919,""lon"":127.084854,""alt"":305},""targetSpeed"":51.4,""seq"":8}","{""phase"":""F"",""startLLA"":{""lat"":37.596919,""lon"":127.084854,""alt"":305},""endLLA"":{""lat"":37.614364,""lon"":127.072717,""alt"":305},""targetSpeed"":51.4,""seq"":9}","{""phase"":""G"",""startLLA"":{""lat"":37.614364,""lon"":127.072717,""alt"":305},""endLLA"":{""lat"":37.616266,""lon"":127.071394,""alt"":290.95},""targetSpeed"":36,""seq"":10}","{""phase"":""G"",""startLLA"":{""lat"":37.616266,""lon"":127.071394,""alt"":290.95},""endLLA"":{""lat"":37.626944,""lon"":127.036666,""alt"":100},""targetSpeed"":36,""seq"":11}","{""phase"":""I"",""startLLA"":{""lat"":37.626944,""lon"":127.036666,""alt"":100},""endLLA"":{""lat"":37.630207,""lon"":127.026053,""alt"":15},""targetSpeed"":30,""seq"":12}","{""phase"":""J"",""startLLA"":{""lat"":37.630207,""lon"":127.026053,""alt"":15},""endLLA"":{""lat"":37.630207,""lon"":127.026053,""alt"":0},""targetSpeed"":10,""seq"":13}","{""phase"":""K"",""startLLA"":{""lat"":37.630207,""lon"":127.026053,""alt"":0},""endLLA"":{""lat"":37.630207,""lon"":127.026053,""alt"":0},""targetSpeed"":3,""seq"":14}",,,,,,,
98f166edc22f,2026-07-11,FPL1305010,UAM0059,a4,4,4,1,강남,강남,목동,목동,9,G8,F1,G8,F3,09:59:24,10:07:49,10:13:44,10:20:34,10:30:34,505.71,355.28,410,1270.99,0,0,ready,강남 > 이수고가차로 > 상도터널 > 63빌딩 > 서강대교 중간지점 > 선유도 17고지 > 목동,15.4931,14,"{""phase"":""A"",""startLLA"":{""lat"":37.496291,""lon"":127.023303,""alt"":0},""endLLA"":{""lat"":37.496291,""lon"":127.023303,""alt"":0},""targetSpeed"":3,""seq"":1}","{""phase"":""B"",""startLLA"":{""lat"":37.496291,""lon"":127.023303,""alt"":0},""endLLA"":{""lat"":37.496291,""lon"":127.023303,""alt"":15},""targetSpeed"":10,""seq"":2}","{""phase"":""C"",""startLLA"":{""lat"":37.496291,""lon"":127.023303,""alt"":15},""endLLA"":{""lat"":37.496789,""lon"":127.009673,""alt"":100},""targetSpeed"":36,""seq"":3}","{""phase"":""E"",""startLLA"":{""lat"":37.496789,""lon"":127.009673,""alt"":100},""endLLA"":{""lat"":37.497738,""lon"":126.983721,""alt"":233.33},""targetSpeed"":51.4,""seq"":4}","{""phase"":""E"",""startLLA"":{""lat"":37.497738,""lon"":126.983721,""alt"":233.33},""endLLA"":{""lat"":37.50217,""lon"":126.970921,""alt"":305},""targetSpeed"":51.4,""seq"":5}","{""phase"":""F"",""startLLA"":{""lat"":37.50217,""lon"":126.970921,""alt"":305},""endLLA"":{""lat"":37.508684,""lon"":126.95211,""alt"":305},""targetSpeed"":51.4,""seq"":6}","{""phase"":""F"",""startLLA"":{""lat"":37.508684,""lon"":126.95211,""alt"":305},""endLLA"":{""lat"":37.519378,""lon"":126.94021,""alt"":305},""targetSpeed"":51.4,""seq"":7}","{""phase"":""F"",""startLLA"":{""lat"":37.519378,""lon"":126.94021,""alt"":305},""endLLA"":{""lat"":37.536949,""lon"":126.924908,""alt"":305},""targetSpeed"":51.4,""seq"":8}","{""phase"":""F"",""startLLA"":{""lat"":37.536949,""lon"":126.924908,""alt"":305},""endLLA"":{""lat"":37.538128,""lon"":126.919977,""alt"":305},""targetSpeed"":51.4,""seq"":9}","{""phase"":""G"",""startLLA"":{""lat"":37.538128,""lon"":126.919977,""alt"":305},""endLLA"":{""lat"":37.542307,""lon"":126.90249,""alt"":211.32},""targetSpeed"":36,""seq"":10}","{""phase"":""G"",""startLLA"":{""lat"":37.542307,""lon"":126.90249,""alt"":211.32},""endLLA"":{""lat"":37.531833,""lon"":126.88527,""alt"":100},""targetSpeed"":36,""seq"":11}","{""phase"":""I"",""startLLA"":{""lat"":37.531833,""lon"":126.88527,""alt"":100},""endLLA"":{""lat"":37.526343,""lon"":126.876243,""alt"":15},""targetSpeed"":30,""seq"":12}","{""phase"":""J"",""startLLA"":{""lat"":37.526343,""lon"":126.876243,""alt"":15},""endLLA"":{""lat"":37.526343,""lon"":126.876243,""alt"":0},""targetSpeed"":10,""seq"":13}","{""phase"":""K"",""startLLA"":{""lat"":37.526343,""lon"":126.876243,""alt"":0},""endLLA"":{""lat"":37.526343,""lon"":126.876243,""alt"":0},""targetSpeed"":3,""seq"":14}",,,,,,,
98f166edc22f,2026-07-11,FPL1303005,UAM0083,a4,4,4,1,강남,강남,상암,상암,10,G3,F2,G3,F4,10:04:53,10:12:48,10:18:35,10:25:55,10:35:55,475.71,346.64,440,1262.35,0,0,ready,강남 > 이수고가차로 > 상도터널 > 63빌딩 > 서강대교 중간지점 > 선유도 17고지 > 상암,15.0491,14,"{""phase"":""A"",""startLLA"":{""lat"":37.496291,""lon"":127.023303,""alt"":0},""endLLA"":{""lat"":37.496291,""lon"":127.023303,""alt"":0},""targetSpeed"":3,""seq"":1}","{""phase"":""B"",""startLLA"":{""lat"":37.496291,""lon"":127.023303,""alt"":0},""endLLA"":{""lat"":37.496291,""lon"":127.023303,""alt"":15},""targetSpeed"":10,""seq"":2}","{""phase"":""C"",""startLLA"":{""lat"":37.496291,""lon"":127.023303,""alt"":15},""endLLA"":{""lat"":37.496789,""lon"":127.009673,""alt"":100},""targetSpeed"":36,""seq"":3}","{""phase"":""E"",""startLLA"":{""lat"":37.496789,""lon"":127.009673,""alt"":100},""endLLA"":{""lat"":37.497738,""lon"":126.983721,""alt"":233.33},""targetSpeed"":51.4,""seq"":4}","{""phase"":""E"",""startLLA"":{""lat"":37.497738,""lon"":126.983721,""alt"":233.33},""endLLA"":{""lat"":37.50217,""lon"":126.970921,""alt"":305},""targetSpeed"":51.4,""seq"":5}","{""phase"":""F"",""startLLA"":{""lat"":37.50217,""lon"":126.970921,""alt"":305},""endLLA"":{""lat"":37.508684,""lon"":126.95211,""alt"":305},""targetSpeed"":51.4,""seq"":6}","{""phase"":""F"",""startLLA"":{""lat"":37.508684,""lon"":126.95211,""alt"":305},""endLLA"":{""lat"":37.519378,""lon"":126.94021,""alt"":305},""targetSpeed"":51.4,""seq"":7}","{""phase"":""F"",""startLLA"":{""lat"":37.519378,""lon"":126.94021,""alt"":305},""endLLA"":{""lat"":37.536949,""lon"":126.924908,""alt"":305},""targetSpeed"":51.4,""seq"":8}","{""phase"":""F"",""startLLA"":{""lat"":37.536949,""lon"":126.924908,""alt"":305},""endLLA"":{""lat"":37.536976,""lon"":126.924795,""alt"":305},""targetSpeed"":51.4,""seq"":9}","{""phase"":""G"",""startLLA"":{""lat"":37.536976,""lon"":126.924795,""alt"":305},""endLLA"":{""lat"":37.542307,""lon"":126.90249,""alt"":185.51},""targetSpeed"":36,""seq"":10}","{""phase"":""G"",""startLLA"":{""lat"":37.542307,""lon"":126.90249,""alt"":185.51},""endLLA"":{""lat"":37.55418,""lon"":126.895159,""alt"":100},""targetSpeed"":36,""seq"":11}","{""phase"":""I"",""startLLA"":{""lat"":37.55418,""lon"":126.895159,""alt"":100},""endLLA"":{""lat"":37.562282,""lon"":126.890156,""alt"":15},""targetSpeed"":30,""seq"":12}","{""phase"":""J"",""startLLA"":{""lat"":37.562282,""lon"":126.890156,""alt"":15},""endLLA"":{""lat"":37.562282,""lon"":126.890156,""alt"":0},""targetSpeed"":10,""seq"":13}","{""phase"":""K"",""startLLA"":{""lat"":37.562282,""lon"":126.890156,""alt"":0},""endLLA"":{""lat"":37.562282,""lon"":126.890156,""alt"":0},""targetSpeed"":3,""seq"":14}",,,,,,,
98f166edc22f,2026-07-11,FPL1305011,UAM0071,a8,8,8,1,강남,강남,목동,목동,10,G4,F1,G4,F3,10:06:14,10:14:39,10:22:37,10:29:27,10:39:27,505.71,478.17,410,1393.89,0,122.89,ready,강남 > 이수고가차로 > 상도터널 > 63빌딩 > 서강대교 중간지점 > 선유도 17고지 > 목동,15.4931,14,"{""phase"":""A"",""startLLA"":{""lat"":37.496291,""lon"":127.023303,""alt"":0},""endLLA"":{""lat"":37.496291,""lon"":127.023303,""alt"":0},""targetSpeed"":3,""seq"":1}","{""phase"":""B"",""startLLA"":{""lat"":37.496291,""lon"":127.023303,""alt"":0},""endLLA"":{""lat"":37.496291,""lon"":127.023303,""alt"":15},""targetSpeed"":10,""seq"":2}","{""phase"":""C"",""startLLA"":{""lat"":37.496291,""lon"":127.023303,""alt"":15},""endLLA"":{""lat"":37.496789,""lon"":127.009673,""alt"":100},""targetSpeed"":36,""seq"":3}","{""phase"":""E"",""startLLA"":{""lat"":37.496789,""lon"":127.009673,""alt"":100},""endLLA"":{""lat"":37.497738,""lon"":126.983721,""alt"":233.33},""targetSpeed"":51.4,""seq"":4}","{""phase"":""E"",""startLLA"":{""lat"":37.497738,""lon"":126.983721,""alt"":233.33},""endLLA"":{""lat"":37.50217,""lon"":126.970921,""alt"":305},""targetSpeed"":51.4,""seq"":5}","{""phase"":""F"",""startLLA"":{""lat"":37.50217,""lon"":126.970921,""alt"":305},""endLLA"":{""lat"":37.508684,""lon"":126.95211,""alt"":305},""targetSpeed"":51.4,""seq"":6}","{""phase"":""F"",""startLLA"":{""lat"":37.508684,""lon"":126.95211,""alt"":305},""endLLA"":{""lat"":37.519378,""lon"":126.94021,""alt"":305},""targetSpeed"":51.4,""seq"":7}","{""phase"":""F"",""startLLA"":{""lat"":37.519378,""lon"":126.94021,""alt"":305},""endLLA"":{""lat"":37.536949,""lon"":126.924908,""alt"":305},""targetSpeed"":51.4,""seq"":8}","{""phase"":""F"",""startLLA"":{""lat"":37.536949,""lon"":126.924908,""alt"":305},""endLLA"":{""lat"":37.538128,""lon"":126.919977,""alt"":305},""targetSpeed"":51.4,""seq"":9}","{""phase"":""G"",""startLLA"":{""lat"":37.538128,""lon"":126.919977,""alt"":305},""endLLA"":{""lat"":37.542307,""lon"":126.90249,""alt"":211.32},""targetSpeed"":36,""seq"":10}","{""phase"":""G"",""startLLA"":{""lat"":37.542307,""lon"":126.90249,""alt"":211.32},""endLLA"":{""lat"":37.531833,""lon"":126.88527,""alt"":100},""targetSpeed"":36,""seq"":11}","{""phase"":""I"",""startLLA"":{""lat"":37.531833,""lon"":126.88527,""alt"":100},""endLLA"":{""lat"":37.526343,""lon"":126.876243,""alt"":15},""targetSpeed"":30,""seq"":12}","{""phase"":""J"",""startLLA"":{""lat"":37.526343,""lon"":126.876243,""alt"":15},""endLLA"":{""lat"":37.526343,""lon"":126.876243,""alt"":0},""targetSpeed"":10,""seq"":13}","{""phase"":""K"",""startLLA"":{""lat"":37.526343,""lon"":126.876243,""alt"":0},""endLLA"":{""lat"":37.526343,""lon"":126.876243,""alt"":0},""targetSpeed"":3,""seq"":14}",,,,,,,
98f166edc22f,2026-07-11,FPL1311011,UAM0092,a4,4,4,1,강남,강남,천호,천호,10,G7,F2,G4,F3,10:10:42,10:19:13,10:23:36,10:30:26,10:40:26,511.11,263.39,410,1184.5,35.39,0,ready,강남 > 청담대교 중간지점 > 잠실대교 중간지점 > 천호,10.7701,11,"{""phase"":""A"",""startLLA"":{""lat"":37.496291,""lon"":127.023303,""alt"":0},""endLLA"":{""lat"":37.496291,""lon"":127.023303,""alt"":0},""targetSpeed"":3,""seq"":1}","{""phase"":""B"",""startLLA"":{""lat"":37.496291,""lon"":127.023303,""alt"":0},""endLLA"":{""lat"":37.496291,""lon"":127.023303,""alt"":15},""targetSpeed"":10,""seq"":2}","{""phase"":""C"",""startLLA"":{""lat"":37.496291,""lon"":127.023303,""alt"":15},""endLLA"":{""lat"":37.503645,""lon"":127.033315,""alt"":100},""targetSpeed"":36,""seq"":3}","{""phase"":""E"",""startLLA"":{""lat"":37.503645,""lon"":127.033315,""alt"":100},""endLLA"":{""lat"":37.525177,""lon"":127.062626,""alt"":305},""targetSpeed"":51.4,""seq"":4}","{""phase"":""F"",""startLLA"":{""lat"":37.525177,""lon"":127.062626,""alt"":305},""endLLA"":{""lat"":37.526451,""lon"":127.064361,""alt"":305},""targetSpeed"":51.4,""seq"":5}","{""phase"":""F"",""startLLA"":{""lat"":37.526451,""lon"":127.064361,""alt"":305},""endLLA"":{""lat"":37.52529,""lon"":127.079002,""alt"":305},""targetSpeed"":51.4,""seq"":6}","{""phase"":""G"",""startLLA"":{""lat"":37.52529,""lon"":127.079002,""alt"":305},""endLLA"":{""lat"":37.524288,""lon"":127.091639,""alt"":239.84},""targetSpeed"":36,""seq"":7}","{""phase"":""G"",""startLLA"":{""lat"":37.524288,""lon"":127.091639,""alt"":239.84},""endLLA"":{""lat"":37.539419,""lon"":127.111107,""alt"":100},""targetSpeed"":36,""seq"":8}","{""phase"":""I"",""startLLA"":{""lat"":37.539419,""lon"":127.111107,""alt"":100},""endLLA"":{""lat"":37.545733,""lon"":127.11923,""alt"":15},""targetSpeed"":30,""seq"":9}","{""phase"":""J"",""startLLA"":{""lat"":37.545733,""lon"":127.11923,""alt"":15},""endLLA"":{""lat"":37.545733,""lon"":127.11923,""alt"":0},""targetSpeed"":10,""seq"":10}","{""phase"":""K"",""startLLA"":{""lat"":37.545733,""lon"":127.11923,""alt"":0},""endLLA"":{""lat"":37.545733,""lon"":127.11923,""alt"":0},""targetSpeed"":3,""seq"":11}",,,,,,,,,,
98f166edc22f,2026-07-11,FPL1315010,UAM0100,a4,4,4,1,강남,강남,마곡,마곡,10,G2,F1,G8,F4,10:14:46,10:22:11,10:37:11,10:44:01,10:54:01,445.71,899.71,410,1755.43,0,102.71,ready,강남 > 이수고가차로 > 상도터널 > 63빌딩 > 서강대교 중간지점 > 선유도 17고지 > 성산대교 중간지점 > 가양대교 남단 > 마곡,23.493,16,"{""phase"":""A"",""startLLA"":{""lat"":37.496291,""lon"":127.023303,""alt"":0},""endLLA"":{""lat"":37.496291,""lon"":127.023303,""alt"":0},""targetSpeed"":3,""seq"":1}","{""phase"":""B"",""startLLA"":{""lat"":37.496291,""lon"":127.023303,""alt"":0},""endLLA"":{""lat"":37.496291,""lon"":127.023303,""alt"":15},""targetSpeed"":10,""seq"":2}","{""phase"":""C"",""startLLA"":{""lat"":37.496291,""lon"":127.023303,""alt"":15},""endLLA"":{""lat"":37.496789,""lon"":127.009676,""alt"":100},""targetSpeed"":36,""seq"":3}","{""phase"":""E"",""startLLA"":{""lat"":37.496789,""lon"":127.009676,""alt"":100},""endLLA"":{""lat"":37.497738,""lon"":126.983721,""alt"":233.37},""targetSpeed"":51.4,""seq"":4}","{""phase"":""E"",""startLLA"":{""lat"":37.497738,""lon"":126.983721,""alt"":233.37},""endLLA"":{""lat"":37.502167,""lon"":126.970931,""alt"":305},""targetSpeed"":51.4,""seq"":5}","{""phase"":""F"",""startLLA"":{""lat"":37.502167,""lon"":126.970931,""alt"":305},""endLLA"":{""lat"":37.508684,""lon"":126.95211,""alt"":305},""targetSpeed"":51.4,""seq"":6}","{""phase"":""F"",""startLLA"":{""lat"":37.508684,""lon"":126.95211,""alt"":305},""endLLA"":{""lat"":37.519378,""lon"":126.94021,""alt"":305},""targetSpeed"":51.4,""seq"":7}","{""phase"":""F"",""startLLA"":{""lat"":37.519378,""lon"":126.94021,""alt"":305},""endLLA"":{""lat"":37.536949,""lon"":126.924908,""alt"":305},""targetSpeed"":51.4,""seq"":8}","{""phase"":""F"",""startLLA"":{""lat"":37.536949,""lon"":126.924908,""alt"":305},""endLLA"":{""lat"":37.542307,""lon"":126.90249,""alt"":305},""targetSpeed"":51.4,""seq"":9}","{""phase"":""F"",""startLLA"":{""lat"":37.542307,""lon"":126.90249,""alt"":305},""endLLA"":{""lat"":37.552574,""lon"":126.891431,""alt"":305},""targetSpeed"":51.4,""seq"":10}","{""phase"":""F"",""startLLA"":{""lat"":37.552574,""lon"":126.891431,""alt"":305},""endLLA"":{""lat"":37.569391,""lon"":126.861026,""alt"":305},""targetSpeed"":51.4,""seq"":11}","{""phase"":""F"",""startLLA"":{""lat"":37.569391,""lon"":126.861026,""alt"":305},""endLLA"":{""lat"":37.567855,""lon"":126.842867,""alt"":305},""targetSpeed"":51.4,""seq"":12}","{""phase"":""G"",""startLLA"":{""lat"":37.567855,""lon"":126.842867,""alt"":305},""endLLA"":{""lat"":37.564492,""lon"":126.803119,""alt"":100},""targetSpeed"":36,""seq"":13}","{""phase"":""I"",""startLLA"":{""lat"":37.564492,""lon"":126.803119,""alt"":100},""endLLA"":{""lat"":37.563535,""lon"":126.791805,""alt"":15},""targetSpeed"":30,""seq"":14}","{""phase"":""J"",""startLLA"":{""lat"":37.563535,""lon"":126.791805,""alt"":15},""endLLA"":{""lat"":37.563535,""lon"":126.791805,""alt"":0},""targetSpeed"":10,""seq"":15}","{""phase"":""K"",""startLLA"":{""lat"":37.563535,""lon"":126.791805,""alt"":0},""endLLA"":{""lat"":37.563535,""lon"":126.791805,""alt"":0},""targetSpeed"":3,""seq"":16}",,,,,
98f166edc22f,2026-07-11,FPL1315011,UAM0128,a8,8,8,1,강남,강남,마곡,마곡,10,G6,F2,G1,F3,10:16:14,10:24:38,10:50:19,10:58:39,11:08:39,504.82,1540.89,500,2545.71,59.11,0,ready,강남 > 이수고가차로 > 상도터널 > 63빌딩 > 서강대교 중간지점 > 선유도 17고지 > 성산대교 중간지점 > 가양대교 남단 > 마곡,23.493,16,"{""phase"":""A"",""startLLA"":{""lat"":37.496291,""lon"":127.023303,""alt"":0},""endLLA"":{""lat"":37.496291,""lon"":127.023303,""alt"":0},""targetSpeed"":3,""seq"":1}","{""phase"":""B"",""startLLA"":{""lat"":37.496291,""lon"":127.023303,""alt"":0},""endLLA"":{""lat"":37.496291,""lon"":127.023303,""alt"":15},""targetSpeed"":10,""seq"":2}","{""phase"":""C"",""startLLA"":{""lat"":37.496291,""lon"":127.023303,""alt"":15},""endLLA"":{""lat"":37.496789,""lon"":127.009676,""alt"":100},""targetSpeed"":36,""seq"":3}","{""phase"":""E"",""startLLA"":{""lat"":37.496789,""lon"":127.009676,""alt"":100},""endLLA"":{""lat"":37.497738,""lon"":126.983721,""alt"":233.37},""targetSpeed"":51.4,""seq"":4}","{""phase"":""E"",""startLLA"":{""lat"":37.497738,""lon"":126.983721,""alt"":233.37},""endLLA"":{""lat"":37.502167,""lon"":126.970931,""alt"":305},""targetSpeed"":51.4,""seq"":5}","{""phase"":""F"",""startLLA"":{""lat"":37.502167,""lon"":126.970931,""alt"":305},""endLLA"":{""lat"":37.508684,""lon"":126.95211,""alt"":305},""targetSpeed"":51.4,""seq"":6}","{""phase"":""F"",""startLLA"":{""lat"":37.508684,""lon"":126.95211,""alt"":305},""endLLA"":{""lat"":37.519378,""lon"":126.94021,""alt"":305},""targetSpeed"":51.4,""seq"":7}","{""phase"":""F"",""startLLA"":{""lat"":37.519378,""lon"":126.94021,""alt"":305},""endLLA"":{""lat"":37.536949,""lon"":126.924908,""alt"":305},""targetSpeed"":51.4,""seq"":8}","{""phase"":""F"",""startLLA"":{""lat"":37.536949,""lon"":126.924908,""alt"":305},""endLLA"":{""lat"":37.542307,""lon"":126.90249,""alt"":305},""targetSpeed"":51.4,""seq"":9}","{""phase"":""F"",""startLLA"":{""lat"":37.542307,""lon"":126.90249,""alt"":305},""endLLA"":{""lat"":37.552574,""lon"":126.891431,""alt"":305},""targetSpeed"":51.4,""seq"":10}","{""phase"":""F"",""startLLA"":{""lat"":37.552574,""lon"":126.891431,""alt"":305},""endLLA"":{""lat"":37.569391,""lon"":126.861026,""alt"":305},""targetSpeed"":51.4,""seq"":11}","{""phase"":""F"",""startLLA"":{""lat"":37.569391,""lon"":126.861026,""alt"":305},""endLLA"":{""lat"":37.567855,""lon"":126.842867,""alt"":305},""targetSpeed"":51.4,""seq"":12}","{""phase"":""G"",""startLLA"":{""lat"":37.567855,""lon"":126.842867,""alt"":305},""endLLA"":{""lat"":37.564492,""lon"":126.803119,""alt"":100},""targetSpeed"":36,""seq"":13}","{""phase"":""I"",""startLLA"":{""lat"":37.564492,""lon"":126.803119,""alt"":100},""endLLA"":{""lat"":37.563535,""lon"":126.791805,""alt"":15},""targetSpeed"":30,""seq"":14}","{""phase"":""J"",""startLLA"":{""lat"":37.563535,""lon"":126.791805,""alt"":15},""endLLA"":{""lat"":37.563535,""lon"":126.791805,""alt"":0},""targetSpeed"":10,""seq"":15}","{""phase"":""K"",""startLLA"":{""lat"":37.563535,""lon"":126.791805,""alt"":0},""endLLA"":{""lat"":37.563535,""lon"":126.791805,""alt"":0},""targetSpeed"":3,""seq"":16}",,,,,
98f166edc22f,2026-07-11,FPL1316006,UAM0081,a2,2,2,1,강남,강남,망우,망우,10,G8,F1,G4,F3,10:19:39,10:28:04,10:33:11,10:40:01,10:50:01,505.71,306.63,410,1222.35,0,0,ready,강남 > 청담대교 중간지점 > 건대입구 > 망우,12.9927,11,"{""phase"":""A"",""startLLA"":{""lat"":37.496291,""lon"":127.023303,""alt"":0},""endLLA"":{""lat"":37.496291,""lon"":127.023303,""alt"":0},""targetSpeed"":3,""seq"":1}","{""phase"":""B"",""startLLA"":{""lat"":37.496291,""lon"":127.023303,""alt"":0},""endLLA"":{""lat"":37.496291,""lon"":127.023303,""alt"":15},""targetSpeed"":10,""seq"":2}","{""phase"":""C"",""startLLA"":{""lat"":37.496291,""lon"":127.023303,""alt"":15},""endLLA"":{""lat"":37.503645,""lon"":127.033314,""alt"":100},""targetSpeed"":36,""seq"":3}","{""phase"":""E"",""startLLA"":{""lat"":37.503645,""lon"":127.033314,""alt"":100},""endLLA"":{""lat"":37.525174,""lon"":127.062622,""alt"":305},""targetSpeed"":51.4,""seq"":4}","{""phase"":""F"",""startLLA"":{""lat"":37.525174,""lon"":127.062622,""alt"":305},""endLLA"":{""lat"":37.526451,""lon"":127.064361,""alt"":305},""targetSpeed"":51.4,""seq"":5}","{""phase"":""F"",""startLLA"":{""lat"":37.526451,""lon"":127.064361,""alt"":305},""endLLA"":{""lat"":37.540426,""lon"":127.069298,""alt"":305},""targetSpeed"":51.4,""seq"":6}","{""phase"":""F"",""startLLA"":{""lat"":37.540426,""lon"":127.069298,""alt"":305},""endLLA"":{""lat"":37.55715,""lon"":127.073903,""alt"":305},""targetSpeed"":51.4,""seq"":7}","{""phase"":""G"",""startLLA"":{""lat"":37.55715,""lon"":127.073903,""alt"":305},""endLLA"":{""lat"":37.588107,""lon"":127.082428,""alt"":100},""targetSpeed"":36,""seq"":8}","{""phase"":""I"",""startLLA"":{""lat"":37.588107,""lon"":127.082428,""alt"":100},""endLLA"":{""lat"":37.596919,""lon"":127.084854,""alt"":15},""targetSpeed"":30,""seq"":9}","{""phase"":""J"",""startLLA"":{""lat"":37.596919,""lon"":127.084854,""alt"":15},""endLLA"":{""lat"":37.596919,""lon"":127.084854,""alt"":0},""targetSpeed"":10,""seq"":10}","{""phase"":""K"",""startLLA"":{""lat"":37.596919,""lon"":127.084854,""alt"":0},""endLLA"":{""lat"":37.596919,""lon"":127.084854,""alt"":0},""targetSpeed"":3,""seq"":11}",,,,,,,,,,
98f166edc22f,2026-07-11,FPL1311012,UAM0117,a6,6,6,1,강남,강남,천호,천호,10,G3,F2,G4,F3,10:22:28,10:30:23,10:59:47,11:06:37,11:16:37,475.71,1763.71,410,2649.43,0,89.71,ready,강남 > 청담대교 중간지점 > 잠실대교 중간지점 > 천호,10.7701,11,"{""phase"":""A"",""startLLA"":{""lat"":37.496291,""lon"":127.023303,""alt"":0},""endLLA"":{""lat"":37.496291,""lon"":127.023303,""alt"":0},""targetSpeed"":3,""seq"":1}","{""phase"":""B"",""startLLA"":{""lat"":37.496291,""lon"":127.023303,""alt"":0},""endLLA"":{""lat"":37.496291,""lon"":127.023303,""alt"":15},""targetSpeed"":10,""seq"":2}","{""phase"":""C"",""startLLA"":{""lat"":37.496291,""lon"":127.023303,""alt"":15},""endLLA"":{""lat"":37.503645,""lon"":127.033315,""alt"":100},""targetSpeed"":36,""seq"":3}","{""phase"":""E"",""startLLA"":{""lat"":37.503645,""lon"":127.033315,""alt"":100},""endLLA"":{""lat"":37.525177,""lon"":127.062626,""alt"":305},""targetSpeed"":51.4,""seq"":4}","{""phase"":""F"",""startLLA"":{""lat"":37.525177,""lon"":127.062626,""alt"":305},""endLLA"":{""lat"":37.526451,""lon"":127.064361,""alt"":305},""targetSpeed"":51.4,""seq"":5}","{""phase"":""F"",""startLLA"":{""lat"":37.526451,""lon"":127.064361,""alt"":305},""endLLA"":{""lat"":37.52529,""lon"":127.079002,""alt"":305},""targetSpeed"":51.4,""seq"":6}","{""phase"":""G"",""startLLA"":{""lat"":37.52529,""lon"":127.079002,""alt"":305},""endLLA"":{""lat"":37.524288,""lon"":127.091639,""alt"":239.84},""targetSpeed"":36,""seq"":7}","{""phase"":""G"",""startLLA"":{""lat"":37.524288,""lon"":127.091639,""alt"":239.84},""endLLA"":{""lat"":37.539419,""lon"":127.111107,""alt"":100},""targetSpeed"":36,""seq"":8}","{""phase"":""I"",""startLLA"":{""lat"":37.539419,""lon"":127.111107,""alt"":100},""endLLA"":{""lat"":37.545733,""lon"":127.11923,""alt"":15},""targetSpeed"":30,""seq"":9}","{""phase"":""J"",""startLLA"":{""lat"":37.545733,""lon"":127.11923,""alt"":15},""endLLA"":{""lat"":37.545733,""lon"":127.11923,""alt"":0},""targetSpeed"":10,""seq"":10}","{""phase"":""K"",""startLLA"":{""lat"":37.545733,""lon"":127.11923,""alt"":0},""endLLA"":{""lat"":37.545733,""lon"":127.11923,""alt"":0},""targetSpeed"":3,""seq"":11}",,,,,,,,,,
98f166edc22f,2026-07-11,FPL1311013,UAM0090,a2,2,2,1,강남,강남,천호,천호,10,G4,F1,G6,F4,10:36:30,10:44:55,10:52:02,10:59:52,11:09:52,505.71,427,470,1402.71,0,0,ready,강남 > 청담대교 중간지점 > 잠실대교 중간지점 > 천호,10.7701,11,"{""phase"":""A"",""startLLA"":{""lat"":37.496291,""lon"":127.023303,""alt"":0},""endLLA"":{""lat"":37.496291,""lon"":127.023303,""alt"":0},""targetSpeed"":3,""seq"":1}","{""phase"":""B"",""startLLA"":{""lat"":37.496291,""lon"":127.023303,""alt"":0},""endLLA"":{""lat"":37.496291,""lon"":127.023303,""alt"":15},""targetSpeed"":10,""seq"":2}","{""phase"":""C"",""startLLA"":{""lat"":37.496291,""lon"":127.023303,""alt"":15},""endLLA"":{""lat"":37.503645,""lon"":127.033315,""alt"":100},""targetSpeed"":36,""seq"":3}","{""phase"":""E"",""startLLA"":{""lat"":37.503645,""lon"":127.033315,""alt"":100},""endLLA"":{""lat"":37.525177,""lon"":127.062626,""alt"":305},""targetSpeed"":51.4,""seq"":4}","{""phase"":""F"",""startLLA"":{""lat"":37.525177,""lon"":127.062626,""alt"":305},""endLLA"":{""lat"":37.526451,""lon"":127.064361,""alt"":305},""targetSpeed"":51.4,""seq"":5}","{""phase"":""F"",""startLLA"":{""lat"":37.526451,""lon"":127.064361,""alt"":305},""endLLA"":{""lat"":37.52529,""lon"":127.079002,""alt"":305},""targetSpeed"":51.4,""seq"":6}","{""phase"":""G"",""startLLA"":{""lat"":37.52529,""lon"":127.079002,""alt"":305},""endLLA"":{""lat"":37.524288,""lon"":127.091639,""alt"":239.84},""targetSpeed"":36,""seq"":7}","{""phase"":""G"",""startLLA"":{""lat"":37.524288,""lon"":127.091639,""alt"":239.84},""endLLA"":{""lat"":37.539419,""lon"":127.111107,""alt"":100},""targetSpeed"":36,""seq"":8}","{""phase"":""I"",""startLLA"":{""lat"":37.539419,""lon"":127.111107,""alt"":100},""endLLA"":{""lat"":37.545733,""lon"":127.11923,""alt"":15},""targetSpeed"":30,""seq"":9}","{""phase"":""J"",""startLLA"":{""lat"":37.545733,""lon"":127.11923,""alt"":15},""endLLA"":{""lat"":37.545733,""lon"":127.11923,""alt"":0},""targetSpeed"":10,""seq"":10}","{""phase"":""K"",""startLLA"":{""lat"":37.545733,""lon"":127.11923,""alt"":0},""endLLA"":{""lat"":37.545733,""lon"":127.11923,""alt"":0},""targetSpeed"":3,""seq"":11}",,,,,,,,,,
98f166edc22f,2026-07-11,FPL1305012,UAM0054,a6,6,6,1,강남,강남,목동,목동,10,G8,F2,G1,F3,10:37:10,10:45:35,10:53:59,11:02:19,11:12:19,505.71,504.12,500,1509.84,0,148.85,ready,강남 > 이수고가차로 > 상도터널 > 63빌딩 > 서강대교 중간지점 > 선유도 17고지 > 목동,15.4931,14,"{""phase"":""A"",""startLLA"":{""lat"":37.496291,""lon"":127.023303,""alt"":0},""endLLA"":{""lat"":37.496291,""lon"":127.023303,""alt"":0},""targetSpeed"":3,""seq"":1}","{""phase"":""B"",""startLLA"":{""lat"":37.496291,""lon"":127.023303,""alt"":0},""endLLA"":{""lat"":37.496291,""lon"":127.023303,""alt"":15},""targetSpeed"":10,""seq"":2}","{""phase"":""C"",""startLLA"":{""lat"":37.496291,""lon"":127.023303,""alt"":15},""endLLA"":{""lat"":37.496789,""lon"":127.009673,""alt"":100},""targetSpeed"":36,""seq"":3}","{""phase"":""E"",""startLLA"":{""lat"":37.496789,""lon"":127.009673,""alt"":100},""endLLA"":{""lat"":37.497738,""lon"":126.983721,""alt"":233.33},""targetSpeed"":51.4,""seq"":4}","{""phase"":""E"",""startLLA"":{""lat"":37.497738,""lon"":126.983721,""alt"":233.33},""endLLA"":{""lat"":37.50217,""lon"":126.970921,""alt"":305},""targetSpeed"":51.4,""seq"":5}","{""phase"":""F"",""startLLA"":{""lat"":37.50217,""lon"":126.970921,""alt"":305},""endLLA"":{""lat"":37.508684,""lon"":126.95211,""alt"":305},""targetSpeed"":51.4,""seq"":6}","{""phase"":""F"",""startLLA"":{""lat"":37.508684,""lon"":126.95211,""alt"":305},""endLLA"":{""lat"":37.519378,""lon"":126.94021,""alt"":305},""targetSpeed"":51.4,""seq"":7}","{""phase"":""F"",""startLLA"":{""lat"":37.519378,""lon"":126.94021,""alt"":305},""endLLA"":{""lat"":37.536949,""lon"":126.924908,""alt"":305},""targetSpeed"":51.4,""seq"":8}","{""phase"":""F"",""startLLA"":{""lat"":37.536949,""lon"":126.924908,""alt"":305},""endLLA"":{""lat"":37.538128,""lon"":126.919977,""alt"":305},""targetSpeed"":51.4,""seq"":9}","{""phase"":""G"",""startLLA"":{""lat"":37.538128,""lon"":126.919977,""alt"":305},""endLLA"":{""lat"":37.542307,""lon"":126.90249,""alt"":211.32},""targetSpeed"":36,""seq"":10}","{""phase"":""G"",""startLLA"":{""lat"":37.542307,""lon"":126.90249,""alt"":211.32},""endLLA"":{""lat"":37.531833,""lon"":126.88527,""alt"":100},""targetSpeed"":36,""seq"":11}","{""phase"":""I"",""startLLA"":{""lat"":37.531833,""lon"":126.88527,""alt"":100},""endLLA"":{""lat"":37.526343,""lon"":126.876243,""alt"":15},""targetSpeed"":30,""seq"":12}","{""phase"":""J"",""startLLA"":{""lat"":37.526343,""lon"":126.876243,""alt"":15},""endLLA"":{""lat"":37.526343,""lon"":126.876243,""alt"":0},""targetSpeed"":10,""seq"":13}","{""phase"":""K"",""startLLA"":{""lat"":37.526343,""lon"":126.876243,""alt"":0},""endLLA"":{""lat"":37.526343,""lon"":126.876243,""alt"":0},""targetSpeed"":3,""seq"":14}",,,,,,,
98f166edc22f,2026-07-11,FPL1310004,UAM0022,a6,6,6,1,강남,강남,연신내,연신내,10,G7,F1,G7,F3,10:41:26,10:50:21,10:58:25,11:05:45,11:15:45,535.43,483.8,440,1459.23,59.71,0,ready,강남 > 이수고가차로 > 상도터널 > 63빌딩 > 서강대교 중간지점 > 선유도 17고지 > 성산대교 중간지점 > 수색교 > 연신내,22.0994,16,"{""phase"":""A"",""startLLA"":{""lat"":37.496291,""lon"":127.023303,""alt"":0},""endLLA"":{""lat"":37.496291,""lon"":127.023303,""alt"":0},""targetSpeed"":3,""seq"":1}","{""phase"":""B"",""startLLA"":{""lat"":37.496291,""lon"":127.023303,""alt"":0},""endLLA"":{""lat"":37.496291,""lon"":127.023303,""alt"":15},""targetSpeed"":10,""seq"":2}","{""phase"":""C"",""startLLA"":{""lat"":37.496291,""lon"":127.023303,""alt"":15},""endLLA"":{""lat"":37.496789,""lon"":127.009676,""alt"":100},""targetSpeed"":36,""seq"":3}","{""phase"":""E"",""startLLA"":{""lat"":37.496789,""lon"":127.009676,""alt"":100},""endLLA"":{""lat"":37.497738,""lon"":126.983721,""alt"":233.37},""targetSpeed"":51.4,""seq"":4}","{""phase"":""E"",""startLLA"":{""lat"":37.497738,""lon"":126.983721,""alt"":233.37},""endLLA"":{""lat"":37.502167,""lon"":126.970929,""alt"":305},""targetSpeed"":51.4,""seq"":5}","{""phase"":""F"",""startLLA"":{""lat"":37.502167,""lon"":126.970929,""alt"":305},""endLLA"":{""lat"":37.508684,""lon"":126.95211,""alt"":305},""targetSpeed"":51.4,""seq"":6}","{""phase"":""F"",""startLLA"":{""lat"":37.508684,""lon"":126.95211,""alt"":305},""endLLA"":{""lat"":37.519378,""lon"":126.94021,""alt"":305},""targetSpeed"":51.4,""seq"":7}","{""phase"":""F"",""startLLA"":{""lat"":37.519378,""lon"":126.94021,""alt"":305},""endLLA"":{""lat"":37.536949,""lon"":126.924908,""alt"":305},""targetSpeed"":51.4,""seq"":8}","{""phase"":""F"",""startLLA"":{""lat"":37.536949,""lon"":126.924908,""alt"":305},""endLLA"":{""lat"":37.542307,""lon"":126.90249,""alt"":305},""targetSpeed"":51.4,""seq"":9}","{""phase"":""F"",""startLLA"":{""lat"":37.542307,""lon"":126.90249,""alt"":305},""endLLA"":{""lat"":37.552574,""lon"":126.891431,""alt"":305},""targetSpeed"":51.4,""seq"":10}","{""phase"":""F"",""startLLA"":{""lat"":37.552574,""lon"":126.891431,""alt"":305},""endLLA"":{""lat"":37.583699,""lon"":126.886697,""alt"":305},""targetSpeed"":51.4,""seq"":11}","{""phase"":""G"",""startLLA"":{""lat"":37.583699,""lon"":126.886697,""alt"":305},""endLLA"":{""lat"":37.586283,""lon"":126.886304,""alt"":288.16},""targetSpeed"":36,""seq"":12}","{""phase"":""G"",""startLLA"":{""lat"":37.586283,""lon"":126.886304,""alt"":288.16},""endLLA"":{""lat"":37.60526,""lon"":126.914121,""alt"":100},""targetSpeed"":36,""seq"":13}","{""phase"":""I"",""startLLA"":{""lat"":37.60526,""lon"":126.914121,""alt"":100},""endLLA"":{""lat"":37.611145,""lon"":126.922747,""alt"":15},""targetSpeed"":30,""seq"":14}","{""phase"":""J"",""startLLA"":{""lat"":37.611145,""lon"":126.922747,""alt"":15},""endLLA"":{""lat"":37.611145,""lon"":126.922747,""alt"":0},""targetSpeed"":10,""seq"":15}","{""phase"":""K"",""startLLA"":{""lat"":37.611145,""lon"":126.922747,""alt"":0},""endLLA"":{""lat"":37.611145,""lon"":126.922747,""alt"":0},""targetSpeed"":3,""seq"":16}",,,,,
98f166edc22f,2026-07-11,FPL1306006,UAM0042,a2,2,2,1,강남,강남,미아,미아,10,G3,F2,G3,F4,10:42:26,10:51:01,10:58:19,11:05:39,11:15:39,515.43,438.49,440,1393.91,39.71,0,ready,강남 > 청담대교 중간지점 > 건대입구 > 중랑천 제방길 > 상봉 > 월릉교 > 미아,19.77,14,"{""phase"":""A"",""startLLA"":{""lat"":37.496291,""lon"":127.023303,""alt"":0},""endLLA"":{""lat"":37.496291,""lon"":127.023303,""alt"":0},""targetSpeed"":3,""seq"":1}","{""phase"":""B"",""startLLA"":{""lat"":37.496291,""lon"":127.023303,""alt"":0},""endLLA"":{""lat"":37.496291,""lon"":127.023303,""alt"":15},""targetSpeed"":10,""seq"":2}","{""phase"":""C"",""startLLA"":{""lat"":37.496291,""lon"":127.023303,""alt"":15},""endLLA"":{""lat"":37.503643,""lon"":127.033311,""alt"":100},""targetSpeed"":36,""seq"":3}","{""phase"":""E"",""startLLA"":{""lat"":37.503643,""lon"":127.033311,""alt"":100},""endLLA"":{""lat"":37.525166,""lon"":127.062612,""alt"":305},""targetSpeed"":51.4,""seq"":4}","{""phase"":""F"",""startLLA"":{""lat"":37.525166,""lon"":127.062612,""alt"":305},""endLLA"":{""lat"":37.526451,""lon"":127.064361,""alt"":305},""targetSpeed"":51.4,""seq"":5}","{""phase"":""F"",""startLLA"":{""lat"":37.526451,""lon"":127.064361,""alt"":305},""endLLA"":{""lat"":37.540426,""lon"":127.069298,""alt"":305},""targetSpeed"":51.4,""seq"":6}","{""phase"":""F"",""startLLA"":{""lat"":37.540426,""lon"":127.069298,""alt"":305},""endLLA"":{""lat"":37.580774,""lon"":127.077387,""alt"":305},""targetSpeed"":51.4,""seq"":7}","{""phase"":""F"",""startLLA"":{""lat"":37.580774,""lon"":127.077387,""alt"":305},""endLLA"":{""lat"":37.596919,""lon"":127.084854,""alt"":305},""targetSpeed"":51.4,""seq"":8}","{""phase"":""F"",""startLLA"":{""lat"":37.596919,""lon"":127.084854,""alt"":305},""endLLA"":{""lat"":37.614364,""lon"":127.072717,""alt"":305},""targetSpeed"":51.4,""seq"":9}","{""phase"":""G"",""startLLA"":{""lat"":37.614364,""lon"":127.072717,""alt"":305},""endLLA"":{""lat"":37.616266,""lon"":127.071394,""alt"":290.95},""targetSpeed"":36,""seq"":10}","{""phase"":""G"",""startLLA"":{""lat"":37.616266,""lon"":127.071394,""alt"":290.95},""endLLA"":{""lat"":37.626944,""lon"":127.036666,""alt"":100},""targetSpeed"":36,""seq"":11}","{""phase"":""I"",""startLLA"":{""lat"":37.626944,""lon"":127.036666,""alt"":100},""endLLA"":{""lat"":37.630207,""lon"":127.026053,""alt"":15},""targetSpeed"":30,""seq"":12}","{""phase"":""J"",""startLLA"":{""lat"":37.630207,""lon"":127.026053,""alt"":15},""endLLA"":{""lat"":37.630207,""lon"":127.026053,""alt"":0},""targetSpeed"":10,""seq"":13}","{""phase"":""K"",""startLLA"":{""lat"":37.630207,""lon"":127.026053,""alt"":0},""endLLA"":{""lat"":37.630207,""lon"":127.026053,""alt"":0},""targetSpeed"":3,""seq"":14}",,,,,,,
98f166edc22f,2026-07-11,FPL1305013,UAM0093,a6,6,6,1,강남,강남,목동,목동,10,G2,F1,G8,F4,10:46:22,10:55:47,11:01:42,11:08:32,11:18:32,565.14,355.28,410,1330.42,119.43,0,ready,강남 > 이수고가차로 > 상도터널 > 63빌딩 > 서강대교 중간지점 > 선유도 17고지 > 목동,15.4931,14,"{""phase"":""A"",""startLLA"":{""lat"":37.496291,""lon"":127.023303,""alt"":0},""endLLA"":{""lat"":37.496291,""lon"":127.023303,""alt"":0},""targetSpeed"":3,""seq"":1}","{""phase"":""B"",""startLLA"":{""lat"":37.496291,""lon"":127.023303,""alt"":0},""endLLA"":{""lat"":37.496291,""lon"":127.023303,""alt"":15},""targetSpeed"":10,""seq"":2}","{""phase"":""C"",""startLLA"":{""lat"":37.496291,""lon"":127.023303,""alt"":15},""endLLA"":{""lat"":37.496789,""lon"":127.009673,""alt"":100},""targetSpeed"":36,""seq"":3}","{""phase"":""E"",""startLLA"":{""lat"":37.496789,""lon"":127.009673,""alt"":100},""endLLA"":{""lat"":37.497738,""lon"":126.983721,""alt"":233.33},""targetSpeed"":51.4,""seq"":4}","{""phase"":""E"",""startLLA"":{""lat"":37.497738,""lon"":126.983721,""alt"":233.33},""endLLA"":{""lat"":37.50217,""lon"":126.970921,""alt"":305},""targetSpeed"":51.4,""seq"":5}","{""phase"":""F"",""startLLA"":{""lat"":37.50217,""lon"":126.970921,""alt"":305},""endLLA"":{""lat"":37.508684,""lon"":126.95211,""alt"":305},""targetSpeed"":51.4,""seq"":6}","{""phase"":""F"",""startLLA"":{""lat"":37.508684,""lon"":126.95211,""alt"":305},""endLLA"":{""lat"":37.519378,""lon"":126.94021,""alt"":305},""targetSpeed"":51.4,""seq"":7}","{""phase"":""F"",""startLLA"":{""lat"":37.519378,""lon"":126.94021,""alt"":305},""endLLA"":{""lat"":37.536949,""lon"":126.924908,""alt"":305},""targetSpeed"":51.4,""seq"":8}","{""phase"":""F"",""startLLA"":{""lat"":37.536949,""lon"":126.924908,""alt"":305},""endLLA"":{""lat"":37.538128,""lon"":126.919977,""alt"":305},""targetSpeed"":51.4,""seq"":9}","{""phase"":""G"",""startLLA"":{""lat"":37.538128,""lon"":126.919977,""alt"":305},""endLLA"":{""lat"":37.542307,""lon"":126.90249,""alt"":211.32},""targetSpeed"":36,""seq"":10}","{""phase"":""G"",""startLLA"":{""lat"":37.542307,""lon"":126.90249,""alt"":211.32},""endLLA"":{""lat"":37.531833,""lon"":126.88527,""alt"":100},""targetSpeed"":36,""seq"":11}","{""phase"":""I"",""startLLA"":{""lat"":37.531833,""lon"":126.88527,""alt"":100},""endLLA"":{""lat"":37.526343,""lon"":126.876243,""alt"":15},""targetSpeed"":30,""seq"":12}","{""phase"":""J"",""startLLA"":{""lat"":37.526343,""lon"":126.876243,""alt"":15},""endLLA"":{""lat"":37.526343,""lon"":126.876243,""alt"":0},""targetSpeed"":10,""seq"":13}","{""phase"":""K"",""startLLA"":{""lat"":37.526343,""lon"":126.876243,""alt"":0},""endLLA"":{""lat"":37.526343,""lon"":126.876243,""alt"":0},""targetSpeed"":3,""seq"":14}",,,,,,,
98f166edc22f,2026-07-11,FPL1314009,UAM0006,a6,6,6,1,강남,강남,가산,가산,10,G6,F2,G4,F3,10:48:22,10:56:27,11:02:01,11:08:51,11:18:51,485.14,334.77,410,1229.91,39.43,0,ready,강남 > 채석장 > 180고지 > 가산,14.4391,11,"{""phase"":""A"",""startLLA"":{""lat"":37.496291,""lon"":127.023303,""alt"":0},""endLLA"":{""lat"":37.496291,""lon"":127.023303,""alt"":0},""targetSpeed"":3,""seq"":1}","{""phase"":""B"",""startLLA"":{""lat"":37.496291,""lon"":127.023303,""alt"":0},""endLLA"":{""lat"":37.496291,""lon"":127.023303,""alt"":15},""targetSpeed"":10,""seq"":2}","{""phase"":""C"",""startLLA"":{""lat"":37.496291,""lon"":127.023303,""alt"":15},""endLLA"":{""lat"":37.489331,""lon"":127.012849,""alt"":100},""targetSpeed"":36,""seq"":3}","{""phase"":""E"",""startLLA"":{""lat"":37.489331,""lon"":127.012849,""alt"":100},""endLLA"":{""lat"":37.471285,""lon"":126.985745,""alt"":281.55},""targetSpeed"":51.4,""seq"":4}","{""phase"":""E"",""startLLA"":{""lat"":37.471285,""lon"":126.985745,""alt"":281.55},""endLLA"":{""lat"":37.473124,""lon"":126.981806,""alt"":305},""targetSpeed"":51.4,""seq"":5}","{""phase"":""F"",""startLLA"":{""lat"":37.473124,""lon"":126.981806,""alt"":305},""endLLA"":{""lat"":37.492877,""lon"":126.93949,""alt"":305},""targetSpeed"":51.4,""seq"":6}","{""phase"":""F"",""startLLA"":{""lat"":37.492877,""lon"":126.93949,""alt"":305},""endLLA"":{""lat"":37.492284,""lon"":126.929979,""alt"":305},""targetSpeed"":51.4,""seq"":7}","{""phase"":""G"",""startLLA"":{""lat"":37.492284,""lon"":126.929979,""alt"":305},""endLLA"":{""lat"":37.489798,""lon"":126.890147,""alt"":100},""targetSpeed"":36,""seq"":8}","{""phase"":""I"",""startLLA"":{""lat"":37.489798,""lon"":126.890147,""alt"":100},""endLLA"":{""lat"":37.489091,""lon"":126.878809,""alt"":15},""targetSpeed"":30,""seq"":9}","{""phase"":""J"",""startLLA"":{""lat"":37.489091,""lon"":126.878809,""alt"":15},""endLLA"":{""lat"":37.489091,""lon"":126.878809,""alt"":0},""targetSpeed"":10,""seq"":10}","{""phase"":""K"",""startLLA"":{""lat"":37.489091,""lon"":126.878809,""alt"":0},""endLLA"":{""lat"":37.489091,""lon"":126.878809,""alt"":0},""targetSpeed"":3,""seq"":11}",,,,,,,,,,
98f166edc22f,2026-07-11,FPL1314010,UAM0125,a6,6,6,1,강남,강남,가산,가산,10,G1,F1,G8,F3,10:51:17,11:01:12,11:06:47,11:13:37,11:23:37,595.86,334.77,410,1340.63,180.14,0,ready,강남 > 채석장 > 180고지 > 가산,14.4391,11,"{""phase"":""A"",""startLLA"":{""lat"":37.496291,""lon"":127.023303,""alt"":0},""endLLA"":{""lat"":37.496291,""lon"":127.023303,""alt"":0},""targetSpeed"":3,""seq"":1}","{""phase"":""B"",""startLLA"":{""lat"":37.496291,""lon"":127.023303,""alt"":0},""endLLA"":{""lat"":37.496291,""lon"":127.023303,""alt"":15},""targetSpeed"":10,""seq"":2}","{""phase"":""C"",""startLLA"":{""lat"":37.496291,""lon"":127.023303,""alt"":15},""endLLA"":{""lat"":37.489331,""lon"":127.012849,""alt"":100},""targetSpeed"":36,""seq"":3}","{""phase"":""E"",""startLLA"":{""lat"":37.489331,""lon"":127.012849,""alt"":100},""endLLA"":{""lat"":37.471285,""lon"":126.985745,""alt"":281.55},""targetSpeed"":51.4,""seq"":4}","{""phase"":""E"",""startLLA"":{""lat"":37.471285,""lon"":126.985745,""alt"":281.55},""endLLA"":{""lat"":37.473124,""lon"":126.981806,""alt"":305},""targetSpeed"":51.4,""seq"":5}","{""phase"":""F"",""startLLA"":{""lat"":37.473124,""lon"":126.981806,""alt"":305},""endLLA"":{""lat"":37.492877,""lon"":126.93949,""alt"":305},""targetSpeed"":51.4,""seq"":6}","{""phase"":""F"",""startLLA"":{""lat"":37.492877,""lon"":126.93949,""alt"":305},""endLLA"":{""lat"":37.492284,""lon"":126.929979,""alt"":305},""targetSpeed"":51.4,""seq"":7}","{""phase"":""G"",""startLLA"":{""lat"":37.492284,""lon"":126.929979,""alt"":305},""endLLA"":{""lat"":37.489798,""lon"":126.890147,""alt"":100},""targetSpeed"":36,""seq"":8}","{""phase"":""I"",""startLLA"":{""lat"":37.489798,""lon"":126.890147,""alt"":100},""endLLA"":{""lat"":37.489091,""lon"":126.878809,""alt"":15},""targetSpeed"":30,""seq"":9}","{""phase"":""J"",""startLLA"":{""lat"":37.489091,""lon"":126.878809,""alt"":15},""endLLA"":{""lat"":37.489091,""lon"":126.878809,""alt"":0},""targetSpeed"":10,""seq"":10}","{""phase"":""K"",""startLLA"":{""lat"":37.489091,""lon"":126.878809,""alt"":0},""endLLA"":{""lat"":37.489091,""lon"":126.878809,""alt"":0},""targetSpeed"":3,""seq"":11}",,,,,,,,,,
98f166edc22f,2026-07-11,FPL1303006,UAM0114,a2,2,2,1,강남,강남,상암,상암,10,G5,F2,G3,F4,10:53:41,11:01:52,11:07:39,11:14:59,11:24:59,491.86,346.64,440,1278.5,76.14,0,ready,강남 > 이수고가차로 > 상도터널 > 63빌딩 > 서강대교 중간지점 > 선유도 17고지 > 상암,15.0491,14,"{""phase"":""A"",""startLLA"":{""lat"":37.496291,""lon"":127.023303,""alt"":0},""endLLA"":{""lat"":37.496291,""lon"":127.023303,""alt"":0},""targetSpeed"":3,""seq"":1}","{""phase"":""B"",""startLLA"":{""lat"":37.496291,""lon"":127.023303,""alt"":0},""endLLA"":{""lat"":37.496291,""lon"":127.023303,""alt"":15},""targetSpeed"":10,""seq"":2}","{""phase"":""C"",""startLLA"":{""lat"":37.496291,""lon"":127.023303,""alt"":15},""endLLA"":{""lat"":37.496789,""lon"":127.009673,""alt"":100},""targetSpeed"":36,""seq"":3}","{""phase"":""E"",""startLLA"":{""lat"":37.496789,""lon"":127.009673,""alt"":100},""endLLA"":{""lat"":37.497738,""lon"":126.983721,""alt"":233.33},""targetSpeed"":51.4,""seq"":4}","{""phase"":""E"",""startLLA"":{""lat"":37.497738,""lon"":126.983721,""alt"":233.33},""endLLA"":{""lat"":37.50217,""lon"":126.970921,""alt"":305},""targetSpeed"":51.4,""seq"":5}","{""phase"":""F"",""startLLA"":{""lat"":37.50217,""lon"":126.970921,""alt"":305},""endLLA"":{""lat"":37.508684,""lon"":126.95211,""alt"":305},""targetSpeed"":51.4,""seq"":6}","{""phase"":""F"",""startLLA"":{""lat"":37.508684,""lon"":126.95211,""alt"":305},""endLLA"":{""lat"":37.519378,""lon"":126.94021,""alt"":305},""targetSpeed"":51.4,""seq"":7}","{""phase"":""F"",""startLLA"":{""lat"":37.519378,""lon"":126.94021,""alt"":305},""endLLA"":{""lat"":37.536949,""lon"":126.924908,""alt"":305},""targetSpeed"":51.4,""seq"":8}","{""phase"":""F"",""startLLA"":{""lat"":37.536949,""lon"":126.924908,""alt"":305},""endLLA"":{""lat"":37.536976,""lon"":126.924795,""alt"":305},""targetSpeed"":51.4,""seq"":9}","{""phase"":""G"",""startLLA"":{""lat"":37.536976,""lon"":126.924795,""alt"":305},""endLLA"":{""lat"":37.542307,""lon"":126.90249,""alt"":185.51},""targetSpeed"":36,""seq"":10}","{""phase"":""G"",""startLLA"":{""lat"":37.542307,""lon"":126.90249,""alt"":185.51},""endLLA"":{""lat"":37.55418,""lon"":126.895159,""alt"":100},""targetSpeed"":36,""seq"":11}","{""phase"":""I"",""startLLA"":{""lat"":37.55418,""lon"":126.895159,""alt"":100},""endLLA"":{""lat"":37.562282,""lon"":126.890156,""alt"":15},""targetSpeed"":30,""seq"":12}","{""phase"":""J"",""startLLA"":{""lat"":37.562282,""lon"":126.890156,""alt"":15},""endLLA"":{""lat"":37.562282,""lon"":126.890156,""alt"":0},""targetSpeed"":10,""seq"":13}","{""phase"":""K"",""startLLA"":{""lat"":37.562282,""lon"":126.890156,""alt"":0},""endLLA"":{""lat"":37.562282,""lon"":126.890156,""alt"":0},""targetSpeed"":3,""seq"":14}",,,,,,,
98f166edc22f,2026-07-11,FPL1305014,UAM0127,a8,8,8,1,강남,강남,목동,목동,11,G4,F1,G4,F3,11:06:10,11:15:54,11:21:49,11:28:39,11:38:39,584.2,355.28,410,1349.48,78.48,0,ready,강남 > 이수고가차로 > 상도터널 > 63빌딩 > 서강대교 중간지점 > 선유도 17고지 > 목동,15.4931,14,"{""phase"":""A"",""startLLA"":{""lat"":37.496291,""lon"":127.023303,""alt"":0},""endLLA"":{""lat"":37.496291,""lon"":127.023303,""alt"":0},""targetSpeed"":3,""seq"":1}","{""phase"":""B"",""startLLA"":{""lat"":37.496291,""lon"":127.023303,""alt"":0},""endLLA"":{""lat"":37.496291,""lon"":127.023303,""alt"":15},""targetSpeed"":10,""seq"":2}","{""phase"":""C"",""startLLA"":{""lat"":37.496291,""lon"":127.023303,""alt"":15},""endLLA"":{""lat"":37.496789,""lon"":127.009673,""alt"":100},""targetSpeed"":36,""seq"":3}","{""phase"":""E"",""startLLA"":{""lat"":37.496789,""lon"":127.009673,""alt"":100},""endLLA"":{""lat"":37.497738,""lon"":126.983721,""alt"":233.33},""targetSpeed"":51.4,""seq"":4}","{""phase"":""E"",""startLLA"":{""lat"":37.497738,""lon"":126.983721,""alt"":233.33},""endLLA"":{""lat"":37.50217,""lon"":126.970921,""alt"":305},""targetSpeed"":51.4,""seq"":5}","{""phase"":""F"",""startLLA"":{""lat"":37.50217,""lon"":126.970921,""alt"":305},""endLLA"":{""lat"":37.508684,""lon"":126.95211,""alt"":305},""targetSpeed"":51.4,""seq"":6}","{""phase"":""F"",""startLLA"":{""lat"":37.508684,""lon"":126.95211,""alt"":305},""endLLA"":{""lat"":37.519378,""lon"":126.94021,""alt"":305},""targetSpeed"":51.4,""seq"":7}","{""phase"":""F"",""startLLA"":{""lat"":37.519378,""lon"":126.94021,""alt"":305},""endLLA"":{""lat"":37.536949,""lon"":126.924908,""alt"":305},""targetSpeed"":51.4,""seq"":8}","{""phase"":""F"",""startLLA"":{""lat"":37.536949,""lon"":126.924908,""alt"":305},""endLLA"":{""lat"":37.538128,""lon"":126.919977,""alt"":305},""targetSpeed"":51.4,""seq"":9}","{""phase"":""G"",""startLLA"":{""lat"":37.538128,""lon"":126.919977,""alt"":305},""endLLA"":{""lat"":37.542307,""lon"":126.90249,""alt"":211.32},""targetSpeed"":36,""seq"":10}","{""phase"":""G"",""startLLA"":{""lat"":37.542307,""lon"":126.90249,""alt"":211.32},""endLLA"":{""lat"":37.531833,""lon"":126.88527,""alt"":100},""targetSpeed"":36,""seq"":11}","{""phase"":""I"",""startLLA"":{""lat"":37.531833,""lon"":126.88527,""alt"":100},""endLLA"":{""lat"":37.526343,""lon"":126.876243,""alt"":15},""targetSpeed"":30,""seq"":12}","{""phase"":""J"",""startLLA"":{""lat"":37.526343,""lon"":126.876243,""alt"":15},""endLLA"":{""lat"":37.526343,""lon"":126.876243,""alt"":0},""targetSpeed"":10,""seq"":13}","{""phase"":""K"",""startLLA"":{""lat"":37.526343,""lon"":126.876243,""alt"":0},""endLLA"":{""lat"":37.526343,""lon"":126.876243,""alt"":0},""targetSpeed"":3,""seq"":14}",,,,,,,
98f166edc22f,2026-07-11,FPL1310005,UAM0083,a4,4,4,1,강남,강남,연신내,연신내,11,G8,F2,G7,F4,11:06:50,11:16:34,11:24:38,11:32:37,11:42:37,584.2,483.8,479.29,1547.29,78.48,39.29,ready,강남 > 이수고가차로 > 상도터널 > 63빌딩 > 서강대교 중간지점 > 선유도 17고지 > 성산대교 중간지점 > 수색교 > 연신내,22.0994,16,"{""phase"":""A"",""startLLA"":{""lat"":37.496291,""lon"":127.023303,""alt"":0},""endLLA"":{""lat"":37.496291,""lon"":127.023303,""alt"":0},""targetSpeed"":3,""seq"":1}","{""phase"":""B"",""startLLA"":{""lat"":37.496291,""lon"":127.023303,""alt"":0},""endLLA"":{""lat"":37.496291,""lon"":127.023303,""alt"":15},""targetSpeed"":10,""seq"":2}","{""phase"":""C"",""startLLA"":{""lat"":37.496291,""lon"":127.023303,""alt"":15},""endLLA"":{""lat"":37.496789,""lon"":127.009676,""alt"":100},""targetSpeed"":36,""seq"":3}","{""phase"":""E"",""startLLA"":{""lat"":37.496789,""lon"":127.009676,""alt"":100},""endLLA"":{""lat"":37.497738,""lon"":126.983721,""alt"":233.37},""targetSpeed"":51.4,""seq"":4}","{""phase"":""E"",""startLLA"":{""lat"":37.497738,""lon"":126.983721,""alt"":233.37},""endLLA"":{""lat"":37.502167,""lon"":126.970929,""alt"":305},""targetSpeed"":51.4,""seq"":5}","{""phase"":""F"",""startLLA"":{""lat"":37.502167,""lon"":126.970929,""alt"":305},""endLLA"":{""lat"":37.508684,""lon"":126.95211,""alt"":305},""targetSpeed"":51.4,""seq"":6}","{""phase"":""F"",""startLLA"":{""lat"":37.508684,""lon"":126.95211,""alt"":305},""endLLA"":{""lat"":37.519378,""lon"":126.94021,""alt"":305},""targetSpeed"":51.4,""seq"":7}","{""phase"":""F"",""startLLA"":{""lat"":37.519378,""lon"":126.94021,""alt"":305},""endLLA"":{""lat"":37.536949,""lon"":126.924908,""alt"":305},""targetSpeed"":51.4,""seq"":8}","{""phase"":""F"",""startLLA"":{""lat"":37.536949,""lon"":126.924908,""alt"":305},""endLLA"":{""lat"":37.542307,""lon"":126.90249,""alt"":305},""targetSpeed"":51.4,""seq"":9}","{""phase"":""F"",""startLLA"":{""lat"":37.542307,""lon"":126.90249,""alt"":305},""endLLA"":{""lat"":37.552574,""lon"":126.891431,""alt"":305},""targetSpeed"":51.4,""seq"":10}","{""phase"":""F"",""startLLA"":{""lat"":37.552574,""lon"":126.891431,""alt"":305},""endLLA"":{""lat"":37.583699,""lon"":126.886697,""alt"":305},""targetSpeed"":51.4,""seq"":11}","{""phase"":""G"",""startLLA"":{""lat"":37.583699,""lon"":126.886697,""alt"":305},""endLLA"":{""lat"":37.586283,""lon"":126.886304,""alt"":288.16},""targetSpeed"":36,""seq"":12}","{""phase"":""G"",""startLLA"":{""lat"":37.586283,""lon"":126.886304,""alt"":288.16},""endLLA"":{""lat"":37.60526,""lon"":126.914121,""alt"":100},""targetSpeed"":36,""seq"":13}","{""phase"":""I"",""startLLA"":{""lat"":37.60526,""lon"":126.914121,""alt"":100},""endLLA"":{""lat"":37.611145,""lon"":126.922747,""alt"":15},""targetSpeed"":30,""seq"":14}","{""phase"":""J"",""startLLA"":{""lat"":37.611145,""lon"":126.922747,""alt"":15},""endLLA"":{""lat"":37.611145,""lon"":126.922747,""alt"":0},""targetSpeed"":10,""seq"":15}","{""phase"":""K"",""startLLA"":{""lat"":37.611145,""lon"":126.922747,""alt"":0},""endLLA"":{""lat"":37.611145,""lon"":126.922747,""alt"":0},""targetSpeed"":3,""seq"":16}",,,,,
98f166edc22f,2026-07-11,FPL1316007,UAM0055,a8,8,8,1,강남,강남,망우,망우,11,G3,F1,G1,F3,11:12:42,11:21:19,11:27:30,11:35:50,11:45:50,517.91,370.67,500,1388.59,42.2,64.04,ready,강남 > 청담대교 중간지점 > 건대입구 > 망우,12.9927,11,"{""phase"":""A"",""startLLA"":{""lat"":37.496291,""lon"":127.023303,""alt"":0},""endLLA"":{""lat"":37.496291,""lon"":127.023303,""alt"":0},""targetSpeed"":3,""seq"":1}","{""phase"":""B"",""startLLA"":{""lat"":37.496291,""lon"":127.023303,""alt"":0},""endLLA"":{""lat"":37.496291,""lon"":127.023303,""alt"":15},""targetSpeed"":10,""seq"":2}","{""phase"":""C"",""startLLA"":{""lat"":37.496291,""lon"":127.023303,""alt"":15},""endLLA"":{""lat"":37.503645,""lon"":127.033314,""alt"":100},""targetSpeed"":36,""seq"":3}","{""phase"":""E"",""startLLA"":{""lat"":37.503645,""lon"":127.033314,""alt"":100},""endLLA"":{""lat"":37.525174,""lon"":127.062622,""alt"":305},""targetSpeed"":51.4,""seq"":4}","{""phase"":""F"",""startLLA"":{""lat"":37.525174,""lon"":127.062622,""alt"":305},""endLLA"":{""lat"":37.526451,""lon"":127.064361,""alt"":305},""targetSpeed"":51.4,""seq"":5}","{""phase"":""F"",""startLLA"":{""lat"":37.526451,""lon"":127.064361,""alt"":305},""endLLA"":{""lat"":37.540426,""lon"":127.069298,""alt"":305},""targetSpeed"":51.4,""seq"":6}","{""phase"":""F"",""startLLA"":{""lat"":37.540426,""lon"":127.069298,""alt"":305},""endLLA"":{""lat"":37.55715,""lon"":127.073903,""alt"":305},""targetSpeed"":51.4,""seq"":7}","{""phase"":""G"",""startLLA"":{""lat"":37.55715,""lon"":127.073903,""alt"":305},""endLLA"":{""lat"":37.588107,""lon"":127.082428,""alt"":100},""targetSpeed"":36,""seq"":8}","{""phase"":""I"",""startLLA"":{""lat"":37.588107,""lon"":127.082428,""alt"":100},""endLLA"":{""lat"":37.596919,""lon"":127.084854,""alt"":15},""targetSpeed"":30,""seq"":9}","{""phase"":""J"",""startLLA"":{""lat"":37.596919,""lon"":127.084854,""alt"":15},""endLLA"":{""lat"":37.596919,""lon"":127.084854,""alt"":0},""targetSpeed"":10,""seq"":10}","{""phase"":""K"",""startLLA"":{""lat"":37.596919,""lon"":127.084854,""alt"":0},""endLLA"":{""lat"":37.596919,""lon"":127.084854,""alt"":0},""targetSpeed"":3,""seq"":11}",,,,,,,,,,
98f166edc22f,2026-07-11,FPL1315012,UAM0016,a8,8,8,1,강남,강남,마곡,마곡,11,G7,F2,G4,F3,11:13:22,11:21:59,11:32:58,11:39:48,11:49:48,517.91,659,410,1586.91,42.2,44.2,ready,강남 > 이수고가차로 > 상도터널 > 63빌딩 > 서강대교 중간지점 > 선유도 17고지 > 성산대교 중간지점 > 가양대교 남단 > 마곡,23.493,16,"{""phase"":""A"",""startLLA"":{""lat"":37.496291,""lon"":127.023303,""alt"":0},""endLLA"":{""lat"":37.496291,""lon"":127.023303,""alt"":0},""targetSpeed"":3,""seq"":1}","{""phase"":""B"",""startLLA"":{""lat"":37.496291,""lon"":127.023303,""alt"":0},""endLLA"":{""lat"":37.496291,""lon"":127.023303,""alt"":15},""targetSpeed"":10,""seq"":2}","{""phase"":""C"",""startLLA"":{""lat"":37.496291,""lon"":127.023303,""alt"":15},""endLLA"":{""lat"":37.496789,""lon"":127.009676,""alt"":100},""targetSpeed"":36,""seq"":3}","{""phase"":""E"",""startLLA"":{""lat"":37.496789,""lon"":127.009676,""alt"":100},""endLLA"":{""lat"":37.497738,""lon"":126.983721,""alt"":233.37},""targetSpeed"":51.4,""seq"":4}","{""phase"":""E"",""startLLA"":{""lat"":37.497738,""lon"":126.983721,""alt"":233.37},""endLLA"":{""lat"":37.502167,""lon"":126.970931,""alt"":305},""targetSpeed"":51.4,""seq"":5}","{""phase"":""F"",""startLLA"":{""lat"":37.502167,""lon"":126.970931,""alt"":305},""endLLA"":{""lat"":37.508684,""lon"":126.95211,""alt"":305},""targetSpeed"":51.4,""seq"":6}","{""phase"":""F"",""startLLA"":{""lat"":37.508684,""lon"":126.95211,""alt"":305},""endLLA"":{""lat"":37.519378,""lon"":126.94021,""alt"":305},""targetSpeed"":51.4,""seq"":7}","{""phase"":""F"",""startLLA"":{""lat"":37.519378,""lon"":126.94021,""alt"":305},""endLLA"":{""lat"":37.536949,""lon"":126.924908,""alt"":305},""targetSpeed"":51.4,""seq"":8}","{""phase"":""F"",""startLLA"":{""lat"":37.536949,""lon"":126.924908,""alt"":305},""endLLA"":{""lat"":37.542307,""lon"":126.90249,""alt"":305},""targetSpeed"":51.4,""seq"":9}","{""phase"":""F"",""startLLA"":{""lat"":37.542307,""lon"":126.90249,""alt"":305},""endLLA"":{""lat"":37.552574,""lon"":126.891431,""alt"":305},""targetSpeed"":51.4,""seq"":10}","{""phase"":""F"",""startLLA"":{""lat"":37.552574,""lon"":126.891431,""alt"":305},""endLLA"":{""lat"":37.569391,""lon"":126.861026,""alt"":305},""targetSpeed"":51.4,""seq"":11}","{""phase"":""F"",""startLLA"":{""lat"":37.569391,""lon"":126.861026,""alt"":305},""endLLA"":{""lat"":37.567855,""lon"":126.842867,""alt"":305},""targetSpeed"":51.4,""seq"":12}","{""phase"":""G"",""startLLA"":{""lat"":37.567855,""lon"":126.842867,""alt"":305},""endLLA"":{""lat"":37.564492,""lon"":126.803119,""alt"":100},""targetSpeed"":36,""seq"":13}","{""phase"":""I"",""startLLA"":{""lat"":37.564492,""lon"":126.803119,""alt"":100},""endLLA"":{""lat"":37.563535,""lon"":126.791805,""alt"":15},""targetSpeed"":30,""seq"":14}","{""phase"":""J"",""startLLA"":{""lat"":37.563535,""lon"":126.791805,""alt"":15},""endLLA"":{""lat"":37.563535,""lon"":126.791805,""alt"":0},""targetSpeed"":10,""seq"":15}","{""phase"":""K"",""startLLA"":{""lat"":37.563535,""lon"":126.791805,""alt"":0},""endLLA"":{""lat"":37.563535,""lon"":126.791805,""alt"":0},""targetSpeed"":3,""seq"":16}",,,,,
98f166edc22f,2026-07-11,FPL1310006,UAM0002,a2,2,2,1,강남,강남,연신내,연신내,11,G2,F1,G2,F4,11:18:39,11:26:45,11:34:49,11:42:39,11:52:39,486.63,483.8,470,1440.43,40.91,0,ready,강남 > 이수고가차로 > 상도터널 > 63빌딩 > 서강대교 중간지점 > 선유도 17고지 > 성산대교 중간지점 > 수색교 > 연신내,22.0994,16,"{""phase"":""A"",""startLLA"":{""lat"":37.496291,""lon"":127.023303,""alt"":0},""endLLA"":{""lat"":37.496291,""lon"":127.023303,""alt"":0},""targetSpeed"":3,""seq"":1}","{""phase"":""B"",""startLLA"":{""lat"":37.496291,""lon"":127.023303,""alt"":0},""endLLA"":{""lat"":37.496291,""lon"":127.023303,""alt"":15},""targetSpeed"":10,""seq"":2}","{""phase"":""C"",""startLLA"":{""lat"":37.496291,""lon"":127.023303,""alt"":15},""endLLA"":{""lat"":37.496789,""lon"":127.009676,""alt"":100},""targetSpeed"":36,""seq"":3}","{""phase"":""E"",""startLLA"":{""lat"":37.496789,""lon"":127.009676,""alt"":100},""endLLA"":{""lat"":37.497738,""lon"":126.983721,""alt"":233.37},""targetSpeed"":51.4,""seq"":4}","{""phase"":""E"",""startLLA"":{""lat"":37.497738,""lon"":126.983721,""alt"":233.37},""endLLA"":{""lat"":37.502167,""lon"":126.970929,""alt"":305},""targetSpeed"":51.4,""seq"":5}","{""phase"":""F"",""startLLA"":{""lat"":37.502167,""lon"":126.970929,""alt"":305},""endLLA"":{""lat"":37.508684,""lon"":126.95211,""alt"":305},""targetSpeed"":51.4,""seq"":6}","{""phase"":""F"",""startLLA"":{""lat"":37.508684,""lon"":126.95211,""alt"":305},""endLLA"":{""lat"":37.519378,""lon"":126.94021,""alt"":305},""targetSpeed"":51.4,""seq"":7}","{""phase"":""F"",""startLLA"":{""lat"":37.519378,""lon"":126.94021,""alt"":305},""endLLA"":{""lat"":37.536949,""lon"":126.924908,""alt"":305},""targetSpeed"":51.4,""seq"":8}","{""phase"":""F"",""startLLA"":{""lat"":37.536949,""lon"":126.924908,""alt"":305},""endLLA"":{""lat"":37.542307,""lon"":126.90249,""alt"":305},""targetSpeed"":51.4,""seq"":9}","{""phase"":""F"",""startLLA"":{""lat"":37.542307,""lon"":126.90249,""alt"":305},""endLLA"":{""lat"":37.552574,""lon"":126.891431,""alt"":305},""targetSpeed"":51.4,""seq"":10}","{""phase"":""F"",""startLLA"":{""lat"":37.552574,""lon"":126.891431,""alt"":305},""endLLA"":{""lat"":37.583699,""lon"":126.886697,""alt"":305},""targetSpeed"":51.4,""seq"":11}","{""phase"":""G"",""startLLA"":{""lat"":37.583699,""lon"":126.886697,""alt"":305},""endLLA"":{""lat"":37.586283,""lon"":126.886304,""alt"":288.16},""targetSpeed"":36,""seq"":12}","{""phase"":""G"",""startLLA"":{""lat"":37.586283,""lon"":126.886304,""alt"":288.16},""endLLA"":{""lat"":37.60526,""lon"":126.914121,""alt"":100},""targetSpeed"":36,""seq"":13}","{""phase"":""I"",""startLLA"":{""lat"":37.60526,""lon"":126.914121,""alt"":100},""endLLA"":{""lat"":37.611145,""lon"":126.922747,""alt"":15},""targetSpeed"":30,""seq"":14}","{""phase"":""J"",""startLLA"":{""lat"":37.611145,""lon"":126.922747,""alt"":15},""endLLA"":{""lat"":37.611145,""lon"":126.922747,""alt"":0},""targetSpeed"":10,""seq"":15}","{""phase"":""K"",""startLLA"":{""lat"":37.611145,""lon"":126.922747,""alt"":0},""endLLA"":{""lat"":37.611145,""lon"":126.922747,""alt"":0},""targetSpeed"":3,""seq"":16}",,,,,
98f166edc22f,2026-07-11,FPL1305015,UAM0029,a6,6,6,1,강남,강남,목동,목동,11,G6,F2,G2,F4,11:19:39,11:27:25,11:33:20,11:41:17,11:51:17,466.63,355.28,476.61,1298.52,20.91,6.61,ready,강남 > 이수고가차로 > 상도터널 > 63빌딩 > 서강대교 중간지점 > 선유도 17고지 > 목동,15.4931,14,"{""phase"":""A"",""startLLA"":{""lat"":37.496291,""lon"":127.023303,""alt"":0},""endLLA"":{""lat"":37.496291,""lon"":127.023303,""alt"":0},""targetSpeed"":3,""seq"":1}","{""phase"":""B"",""startLLA"":{""lat"":37.496291,""lon"":127.023303,""alt"":0},""endLLA"":{""lat"":37.496291,""lon"":127.023303,""alt"":15},""targetSpeed"":10,""seq"":2}","{""phase"":""C"",""startLLA"":{""lat"":37.496291,""lon"":127.023303,""alt"":15},""endLLA"":{""lat"":37.496789,""lon"":127.009673,""alt"":100},""targetSpeed"":36,""seq"":3}","{""phase"":""E"",""startLLA"":{""lat"":37.496789,""lon"":127.009673,""alt"":100},""endLLA"":{""lat"":37.497738,""lon"":126.983721,""alt"":233.33},""targetSpeed"":51.4,""seq"":4}","{""phase"":""E"",""startLLA"":{""lat"":37.497738,""lon"":126.983721,""alt"":233.33},""endLLA"":{""lat"":37.50217,""lon"":126.970921,""alt"":305},""targetSpeed"":51.4,""seq"":5}","{""phase"":""F"",""startLLA"":{""lat"":37.50217,""lon"":126.970921,""alt"":305},""endLLA"":{""lat"":37.508684,""lon"":126.95211,""alt"":305},""targetSpeed"":51.4,""seq"":6}","{""phase"":""F"",""startLLA"":{""lat"":37.508684,""lon"":126.95211,""alt"":305},""endLLA"":{""lat"":37.519378,""lon"":126.94021,""alt"":305},""targetSpeed"":51.4,""seq"":7}","{""phase"":""F"",""startLLA"":{""lat"":37.519378,""lon"":126.94021,""alt"":305},""endLLA"":{""lat"":37.536949,""lon"":126.924908,""alt"":305},""targetSpeed"":51.4,""seq"":8}","{""phase"":""F"",""startLLA"":{""lat"":37.536949,""lon"":126.924908,""alt"":305},""endLLA"":{""lat"":37.538128,""lon"":126.919977,""alt"":305},""targetSpeed"":51.4,""seq"":9}","{""phase"":""G"",""startLLA"":{""lat"":37.538128,""lon"":126.919977,""alt"":305},""endLLA"":{""lat"":37.542307,""lon"":126.90249,""alt"":211.32},""targetSpeed"":36,""seq"":10}","{""phase"":""G"",""startLLA"":{""lat"":37.542307,""lon"":126.90249,""alt"":211.32},""endLLA"":{""lat"":37.531833,""lon"":126.88527,""alt"":100},""targetSpeed"":36,""seq"":11}","{""phase"":""I"",""startLLA"":{""lat"":37.531833,""lon"":126.88527,""alt"":100},""endLLA"":{""lat"":37.526343,""lon"":126.876243,""alt"":15},""targetSpeed"":30,""seq"":12}","{""phase"":""J"",""startLLA"":{""lat"":37.526343,""lon"":126.876243,""alt"":15},""endLLA"":{""lat"":37.526343,""lon"":126.876243,""alt"":0},""targetSpeed"":10,""seq"":13}","{""phase"":""K"",""startLLA"":{""lat"":37.526343,""lon"":126.876243,""alt"":0},""endLLA"":{""lat"":37.526343,""lon"":126.876243,""alt"":0},""targetSpeed"":3,""seq"":14}",,,,,,,
98f166edc22f,2026-07-11,FPL1305016,UAM0101,a6,6,6,1,강남,강남,목동,목동,11,G1,F1,G6,F3,11:24:02,11:32:11,11:38:06,11:45:56,11:55:56,489.34,355.28,470,1314.62,73.63,0,ready,강남 > 이수고가차로 > 상도터널 > 63빌딩 > 서강대교 중간지점 > 선유도 17고지 > 목동,15.4931,14,"{""phase"":""A"",""startLLA"":{""lat"":37.496291,""lon"":127.023303,""alt"":0},""endLLA"":{""lat"":37.496291,""lon"":127.023303,""alt"":0},""targetSpeed"":3,""seq"":1}","{""phase"":""B"",""startLLA"":{""lat"":37.496291,""lon"":127.023303,""alt"":0},""endLLA"":{""lat"":37.496291,""lon"":127.023303,""alt"":15},""targetSpeed"":10,""seq"":2}","{""phase"":""C"",""startLLA"":{""lat"":37.496291,""lon"":127.023303,""alt"":15},""endLLA"":{""lat"":37.496789,""lon"":127.009673,""alt"":100},""targetSpeed"":36,""seq"":3}","{""phase"":""E"",""startLLA"":{""lat"":37.496789,""lon"":127.009673,""alt"":100},""endLLA"":{""lat"":37.497738,""lon"":126.983721,""alt"":233.33},""targetSpeed"":51.4,""seq"":4}","{""phase"":""E"",""startLLA"":{""lat"":37.497738,""lon"":126.983721,""alt"":233.33},""endLLA"":{""lat"":37.50217,""lon"":126.970921,""alt"":305},""targetSpeed"":51.4,""seq"":5}","{""phase"":""F"",""startLLA"":{""lat"":37.50217,""lon"":126.970921,""alt"":305},""endLLA"":{""lat"":37.508684,""lon"":126.95211,""alt"":305},""targetSpeed"":51.4,""seq"":6}","{""phase"":""F"",""startLLA"":{""lat"":37.508684,""lon"":126.95211,""alt"":305},""endLLA"":{""lat"":37.519378,""lon"":126.94021,""alt"":305},""targetSpeed"":51.4,""seq"":7}","{""phase"":""F"",""startLLA"":{""lat"":37.519378,""lon"":126.94021,""alt"":305},""endLLA"":{""lat"":37.536949,""lon"":126.924908,""alt"":305},""targetSpeed"":51.4,""seq"":8}","{""phase"":""F"",""startLLA"":{""lat"":37.536949,""lon"":126.924908,""alt"":305},""endLLA"":{""lat"":37.538128,""lon"":126.919977,""alt"":305},""targetSpeed"":51.4,""seq"":9}","{""phase"":""G"",""startLLA"":{""lat"":37.538128,""lon"":126.919977,""alt"":305},""endLLA"":{""lat"":37.542307,""lon"":126.90249,""alt"":211.32},""targetSpeed"":36,""seq"":10}","{""phase"":""G"",""startLLA"":{""lat"":37.542307,""lon"":126.90249,""alt"":211.32},""endLLA"":{""lat"":37.531833,""lon"":126.88527,""alt"":100},""targetSpeed"":36,""seq"":11}","{""phase"":""I"",""startLLA"":{""lat"":37.531833,""lon"":126.88527,""alt"":100},""endLLA"":{""lat"":37.526343,""lon"":126.876243,""alt"":15},""targetSpeed"":30,""seq"":12}","{""phase"":""J"",""startLLA"":{""lat"":37.526343,""lon"":126.876243,""alt"":15},""endLLA"":{""lat"":37.526343,""lon"":126.876243,""alt"":0},""targetSpeed"":10,""seq"":13}","{""phase"":""K"",""startLLA"":{""lat"":37.526343,""lon"":126.876243,""alt"":0},""endLLA"":{""lat"":37.526343,""lon"":126.876243,""alt"":0},""targetSpeed"":3,""seq"":14}",,,,,,,
98f166edc22f,2026-07-11,FPL1310007,UAM0011,a4,4,4,1,강남,강남,연신내,연신내,11,G4,F1,G8,F3,11:30:19,11:38:44,11:46:48,11:53:38,12:03:38,505.71,483.8,410,1399.52,0,0,ready,강남 > 이수고가차로 > 상도터널 > 63빌딩 > 서강대교 중간지점 > 선유도 17고지 > 성산대교 중간지점 > 수색교 > 연신내,22.0994,16,"{""phase"":""A"",""startLLA"":{""lat"":37.496291,""lon"":127.023303,""alt"":0},""endLLA"":{""lat"":37.496291,""lon"":127.023303,""alt"":0},""targetSpeed"":3,""seq"":1}","{""phase"":""B"",""startLLA"":{""lat"":37.496291,""lon"":127.023303,""alt"":0},""endLLA"":{""lat"":37.496291,""lon"":127.023303,""alt"":15},""targetSpeed"":10,""seq"":2}","{""phase"":""C"",""startLLA"":{""lat"":37.496291,""lon"":127.023303,""alt"":15},""endLLA"":{""lat"":37.496789,""lon"":127.009676,""alt"":100},""targetSpeed"":36,""seq"":3}","{""phase"":""E"",""startLLA"":{""lat"":37.496789,""lon"":127.009676,""alt"":100},""endLLA"":{""lat"":37.497738,""lon"":126.983721,""alt"":233.37},""targetSpeed"":51.4,""seq"":4}","{""phase"":""E"",""startLLA"":{""lat"":37.497738,""lon"":126.983721,""alt"":233.37},""endLLA"":{""lat"":37.502167,""lon"":126.970929,""alt"":305},""targetSpeed"":51.4,""seq"":5}","{""phase"":""F"",""startLLA"":{""lat"":37.502167,""lon"":126.970929,""alt"":305},""endLLA"":{""lat"":37.508684,""lon"":126.95211,""alt"":305},""targetSpeed"":51.4,""seq"":6}","{""phase"":""F"",""startLLA"":{""lat"":37.508684,""lon"":126.95211,""alt"":305},""endLLA"":{""lat"":37.519378,""lon"":126.94021,""alt"":305},""targetSpeed"":51.4,""seq"":7}","{""phase"":""F"",""startLLA"":{""lat"":37.519378,""lon"":126.94021,""alt"":305},""endLLA"":{""lat"":37.536949,""lon"":126.924908,""alt"":305},""targetSpeed"":51.4,""seq"":8}","{""phase"":""F"",""startLLA"":{""lat"":37.536949,""lon"":126.924908,""alt"":305},""endLLA"":{""lat"":37.542307,""lon"":126.90249,""alt"":305},""targetSpeed"":51.4,""seq"":9}","{""phase"":""F"",""startLLA"":{""lat"":37.542307,""lon"":126.90249,""alt"":305},""endLLA"":{""lat"":37.552574,""lon"":126.891431,""alt"":305},""targetSpeed"":51.4,""seq"":10}","{""phase"":""F"",""startLLA"":{""lat"":37.552574,""lon"":126.891431,""alt"":305},""endLLA"":{""lat"":37.583699,""lon"":126.886697,""alt"":305},""targetSpeed"":51.4,""seq"":11}","{""phase"":""G"",""startLLA"":{""lat"":37.583699,""lon"":126.886697,""alt"":305},""endLLA"":{""lat"":37.586283,""lon"":126.886304,""alt"":288.16},""targetSpeed"":36,""seq"":12}","{""phase"":""G"",""startLLA"":{""lat"":37.586283,""lon"":126.886304,""alt"":288.16},""endLLA"":{""lat"":37.60526,""lon"":126.914121,""alt"":100},""targetSpeed"":36,""seq"":13}","{""phase"":""I"",""startLLA"":{""lat"":37.60526,""lon"":126.914121,""alt"":100},""endLLA"":{""lat"":37.611145,""lon"":126.922747,""alt"":15},""targetSpeed"":30,""seq"":14}","{""phase"":""J"",""startLLA"":{""lat"":37.611145,""lon"":126.922747,""alt"":15},""endLLA"":{""lat"":37.611145,""lon"":126.922747,""alt"":0},""targetSpeed"":10,""seq"":15}","{""phase"":""K"",""startLLA"":{""lat"":37.611145,""lon"":126.922747,""alt"":0},""endLLA"":{""lat"":37.611145,""lon"":126.922747,""alt"":0},""targetSpeed"":3,""seq"":16}",,,,,
98f166edc22f,2026-07-11,FPL1311014,UAM0032,a8,8,8,1,강남,강남,천호,천호,11,G8,F2,G1,F3,11:31:49,11:40:14,11:46:08,11:54:28,12:04:28,505.71,353.66,500,1359.38,0,90.27,ready,강남 > 청담대교 중간지점 > 잠실대교 중간지점 > 천호,10.7701,11,"{""phase"":""A"",""startLLA"":{""lat"":37.496291,""lon"":127.023303,""alt"":0},""endLLA"":{""lat"":37.496291,""lon"":127.023303,""alt"":0},""targetSpeed"":3,""seq"":1}","{""phase"":""B"",""startLLA"":{""lat"":37.496291,""lon"":127.023303,""alt"":0},""endLLA"":{""lat"":37.496291,""lon"":127.023303,""alt"":15},""targetSpeed"":10,""seq"":2}","{""phase"":""C"",""startLLA"":{""lat"":37.496291,""lon"":127.023303,""alt"":15},""endLLA"":{""lat"":37.503645,""lon"":127.033315,""alt"":100},""targetSpeed"":36,""seq"":3}","{""phase"":""E"",""startLLA"":{""lat"":37.503645,""lon"":127.033315,""alt"":100},""endLLA"":{""lat"":37.525177,""lon"":127.062626,""alt"":305},""targetSpeed"":51.4,""seq"":4}","{""phase"":""F"",""startLLA"":{""lat"":37.525177,""lon"":127.062626,""alt"":305},""endLLA"":{""lat"":37.526451,""lon"":127.064361,""alt"":305},""targetSpeed"":51.4,""seq"":5}","{""phase"":""F"",""startLLA"":{""lat"":37.526451,""lon"":127.064361,""alt"":305},""endLLA"":{""lat"":37.52529,""lon"":127.079002,""alt"":305},""targetSpeed"":51.4,""seq"":6}","{""phase"":""G"",""startLLA"":{""lat"":37.52529,""lon"":127.079002,""alt"":305},""endLLA"":{""lat"":37.524288,""lon"":127.091639,""alt"":239.84},""targetSpeed"":36,""seq"":7}","{""phase"":""G"",""startLLA"":{""lat"":37.524288,""lon"":127.091639,""alt"":239.84},""endLLA"":{""lat"":37.539419,""lon"":127.111107,""alt"":100},""targetSpeed"":36,""seq"":8}","{""phase"":""I"",""startLLA"":{""lat"":37.539419,""lon"":127.111107,""alt"":100},""endLLA"":{""lat"":37.545733,""lon"":127.11923,""alt"":15},""targetSpeed"":30,""seq"":9}","{""phase"":""J"",""startLLA"":{""lat"":37.545733,""lon"":127.11923,""alt"":15},""endLLA"":{""lat"":37.545733,""lon"":127.11923,""alt"":0},""targetSpeed"":10,""seq"":10}","{""phase"":""K"",""startLLA"":{""lat"":37.545733,""lon"":127.11923,""alt"":0},""endLLA"":{""lat"":37.545733,""lon"":127.11923,""alt"":0},""targetSpeed"":3,""seq"":11}",,,,,,,,,,
98f166edc22f,2026-07-11,FPL1310008,UAM0062,a6,6,6,1,강남,강남,연신내,연신내,11,G3,F1,G1,F4,11:35:15,11:44:10,11:55:39,12:03:59,12:13:59,535.43,688.9,500,1724.33,59.71,205.09,ready,강남 > 이수고가차로 > 상도터널 > 63빌딩 > 서강대교 중간지점 > 선유도 17고지 > 성산대교 중간지점 > 수색교 > 연신내,22.0994,16,"{""phase"":""A"",""startLLA"":{""lat"":37.496291,""lon"":127.023303,""alt"":0},""endLLA"":{""lat"":37.496291,""lon"":127.023303,""alt"":0},""targetSpeed"":3,""seq"":1}","{""phase"":""B"",""startLLA"":{""lat"":37.496291,""lon"":127.023303,""alt"":0},""endLLA"":{""lat"":37.496291,""lon"":127.023303,""alt"":15},""targetSpeed"":10,""seq"":2}","{""phase"":""C"",""startLLA"":{""lat"":37.496291,""lon"":127.023303,""alt"":15},""endLLA"":{""lat"":37.496789,""lon"":127.009676,""alt"":100},""targetSpeed"":36,""seq"":3}","{""phase"":""E"",""startLLA"":{""lat"":37.496789,""lon"":127.009676,""alt"":100},""endLLA"":{""lat"":37.497738,""lon"":126.983721,""alt"":233.37},""targetSpeed"":51.4,""seq"":4}","{""phase"":""E"",""startLLA"":{""lat"":37.497738,""lon"":126.983721,""alt"":233.37},""endLLA"":{""lat"":37.502167,""lon"":126.970929,""alt"":305},""targetSpeed"":51.4,""seq"":5}","{""phase"":""F"",""startLLA"":{""lat"":37.502167,""lon"":126.970929,""alt"":305},""endLLA"":{""lat"":37.508684,""lon"":126.95211,""alt"":305},""targetSpeed"":51.4,""seq"":6}","{""phase"":""F"",""startLLA"":{""lat"":37.508684,""lon"":126.95211,""alt"":305},""endLLA"":{""lat"":37.519378,""lon"":126.94021,""alt"":305},""targetSpeed"":51.4,""seq"":7}","{""phase"":""F"",""startLLA"":{""lat"":37.519378,""lon"":126.94021,""alt"":305},""endLLA"":{""lat"":37.536949,""lon"":126.924908,""alt"":305},""targetSpeed"":51.4,""seq"":8}","{""phase"":""F"",""startLLA"":{""lat"":37.536949,""lon"":126.924908,""alt"":305},""endLLA"":{""lat"":37.542307,""lon"":126.90249,""alt"":305},""targetSpeed"":51.4,""seq"":9}","{""phase"":""F"",""startLLA"":{""lat"":37.542307,""lon"":126.90249,""alt"":305},""endLLA"":{""lat"":37.552574,""lon"":126.891431,""alt"":305},""targetSpeed"":51.4,""seq"":10}","{""phase"":""F"",""startLLA"":{""lat"":37.552574,""lon"":126.891431,""alt"":305},""endLLA"":{""lat"":37.583699,""lon"":126.886697,""alt"":305},""targetSpeed"":51.4,""seq"":11}","{""phase"":""G"",""startLLA"":{""lat"":37.583699,""lon"":126.886697,""alt"":305},""endLLA"":{""lat"":37.586283,""lon"":126.886304,""alt"":288.16},""targetSpeed"":36,""seq"":12}","{""phase"":""G"",""startLLA"":{""lat"":37.586283,""lon"":126.886304,""alt"":288.16},""endLLA"":{""lat"":37.60526,""lon"":126.914121,""alt"":100},""targetSpeed"":36,""seq"":13}","{""phase"":""I"",""startLLA"":{""lat"":37.60526,""lon"":126.914121,""alt"":100},""endLLA"":{""lat"":37.611145,""lon"":126.922747,""alt"":15},""targetSpeed"":30,""seq"":14}","{""phase"":""J"",""startLLA"":{""lat"":37.611145,""lon"":126.922747,""alt"":15},""endLLA"":{""lat"":37.611145,""lon"":126.922747,""alt"":0},""targetSpeed"":10,""seq"":15}","{""phase"":""K"",""startLLA"":{""lat"":37.611145,""lon"":126.922747,""alt"":0},""endLLA"":{""lat"":37.611145,""lon"":126.922747,""alt"":0},""targetSpeed"":3,""seq"":16}",,,,,
98f166edc22f,2026-07-11,FPL1306007,UAM0015,a8,8,8,1,강남,강남,미아,미아,11,G7,F2,G7,F3,11:40:46,11:48:41,11:58:33,12:05:53,12:15:53,475.71,591.76,440,1507.48,0,153.28,ready,강남 > 청담대교 중간지점 > 건대입구 > 중랑천 제방길 > 상봉 > 월릉교 > 미아,19.77,14,"{""phase"":""A"",""startLLA"":{""lat"":37.496291,""lon"":127.023303,""alt"":0},""endLLA"":{""lat"":37.496291,""lon"":127.023303,""alt"":0},""targetSpeed"":3,""seq"":1}","{""phase"":""B"",""startLLA"":{""lat"":37.496291,""lon"":127.023303,""alt"":0},""endLLA"":{""lat"":37.496291,""lon"":127.023303,""alt"":15},""targetSpeed"":10,""seq"":2}","{""phase"":""C"",""startLLA"":{""lat"":37.496291,""lon"":127.023303,""alt"":15},""endLLA"":{""lat"":37.503643,""lon"":127.033311,""alt"":100},""targetSpeed"":36,""seq"":3}","{""phase"":""E"",""startLLA"":{""lat"":37.503643,""lon"":127.033311,""alt"":100},""endLLA"":{""lat"":37.525166,""lon"":127.062612,""alt"":305},""targetSpeed"":51.4,""seq"":4}","{""phase"":""F"",""startLLA"":{""lat"":37.525166,""lon"":127.062612,""alt"":305},""endLLA"":{""lat"":37.526451,""lon"":127.064361,""alt"":305},""targetSpeed"":51.4,""seq"":5}","{""phase"":""F"",""startLLA"":{""lat"":37.526451,""lon"":127.064361,""alt"":305},""endLLA"":{""lat"":37.540426,""lon"":127.069298,""alt"":305},""targetSpeed"":51.4,""seq"":6}","{""phase"":""F"",""startLLA"":{""lat"":37.540426,""lon"":127.069298,""alt"":305},""endLLA"":{""lat"":37.580774,""lon"":127.077387,""alt"":305},""targetSpeed"":51.4,""seq"":7}","{""phase"":""F"",""startLLA"":{""lat"":37.580774,""lon"":127.077387,""alt"":305},""endLLA"":{""lat"":37.596919,""lon"":127.084854,""alt"":305},""targetSpeed"":51.4,""seq"":8}","{""phase"":""F"",""startLLA"":{""lat"":37.596919,""lon"":127.084854,""alt"":305},""endLLA"":{""lat"":37.614364,""lon"":127.072717,""alt"":305},""targetSpeed"":51.4,""seq"":9}","{""phase"":""G"",""startLLA"":{""lat"":37.614364,""lon"":127.072717,""alt"":305},""endLLA"":{""lat"":37.616266,""lon"":127.071394,""alt"":290.95},""targetSpeed"":36,""seq"":10}","{""phase"":""G"",""startLLA"":{""lat"":37.616266,""lon"":127.071394,""alt"":290.95},""endLLA"":{""lat"":37.626944,""lon"":127.036666,""alt"":100},""targetSpeed"":36,""seq"":11}","{""phase"":""I"",""startLLA"":{""lat"":37.626944,""lon"":127.036666,""alt"":100},""endLLA"":{""lat"":37.630207,""lon"":127.026053,""alt"":15},""targetSpeed"":30,""seq"":12}","{""phase"":""J"",""startLLA"":{""lat"":37.630207,""lon"":127.026053,""alt"":15},""endLLA"":{""lat"":37.630207,""lon"":127.026053,""alt"":0},""targetSpeed"":10,""seq"":13}","{""phase"":""K"",""startLLA"":{""lat"":37.630207,""lon"":127.026053,""alt"":0},""endLLA"":{""lat"":37.630207,""lon"":127.026053,""alt"":0},""targetSpeed"":3,""seq"":14}",,,,,,,
98f166edc22f,2026-07-11,FPL1311015,UAM0096,a8,8,8,1,강남,강남,천호,천호,11,G2,F1,G5,F4,11:45:22,11:52:47,12:07:35,12:15:55,12:25:55,445.71,888,500,1833.71,0,0,ready,강남 > 청담대교 중간지점 > 잠실대교 중간지점 > 천호,10.7701,11,"{""phase"":""A"",""startLLA"":{""lat"":37.496291,""lon"":127.023303,""alt"":0},""endLLA"":{""lat"":37.496291,""lon"":127.023303,""alt"":0},""targetSpeed"":3,""seq"":1}","{""phase"":""B"",""startLLA"":{""lat"":37.496291,""lon"":127.023303,""alt"":0},""endLLA"":{""lat"":37.496291,""lon"":127.023303,""alt"":15},""targetSpeed"":10,""seq"":2}","{""phase"":""C"",""startLLA"":{""lat"":37.496291,""lon"":127.023303,""alt"":15},""endLLA"":{""lat"":37.503645,""lon"":127.033315,""alt"":100},""targetSpeed"":36,""seq"":3}","{""phase"":""E"",""startLLA"":{""lat"":37.503645,""lon"":127.033315,""alt"":100},""endLLA"":{""lat"":37.525177,""lon"":127.062626,""alt"":305},""targetSpeed"":51.4,""seq"":4}","{""phase"":""F"",""startLLA"":{""lat"":37.525177,""lon"":127.062626,""alt"":305},""endLLA"":{""lat"":37.526451,""lon"":127.064361,""alt"":305},""targetSpeed"":51.4,""seq"":5}","{""phase"":""F"",""startLLA"":{""lat"":37.526451,""lon"":127.064361,""alt"":305},""endLLA"":{""lat"":37.52529,""lon"":127.079002,""alt"":305},""targetSpeed"":51.4,""seq"":6}","{""phase"":""G"",""startLLA"":{""lat"":37.52529,""lon"":127.079002,""alt"":305},""endLLA"":{""lat"":37.524288,""lon"":127.091639,""alt"":239.84},""targetSpeed"":36,""seq"":7}","{""phase"":""G"",""startLLA"":{""lat"":37.524288,""lon"":127.091639,""alt"":239.84},""endLLA"":{""lat"":37.539419,""lon"":127.111107,""alt"":100},""targetSpeed"":36,""seq"":8}","{""phase"":""I"",""startLLA"":{""lat"":37.539419,""lon"":127.111107,""alt"":100},""endLLA"":{""lat"":37.545733,""lon"":127.11923,""alt"":15},""targetSpeed"":30,""seq"":9}","{""phase"":""J"",""startLLA"":{""lat"":37.545733,""lon"":127.11923,""alt"":15},""endLLA"":{""lat"":37.545733,""lon"":127.11923,""alt"":0},""targetSpeed"":10,""seq"":10}","{""phase"":""K"",""startLLA"":{""lat"":37.545733,""lon"":127.11923,""alt"":0},""endLLA"":{""lat"":37.545733,""lon"":127.11923,""alt"":0},""targetSpeed"":3,""seq"":11}",,,,,,,,,,
98f166edc22f,2026-07-11,FPL1311016,UAM0090,a2,2,2,1,강남,강남,천호,천호,11,G6,F2,G2,F3,11:46:02,11:54:07,11:59:39,12:07:29,12:17:29,485.43,332.29,470,1287.71,39.71,0,ready,강남 > 청담대교 중간지점 > 잠실대교 중간지점 > 천호,10.7701,11,"{""phase"":""A"",""startLLA"":{""lat"":37.496291,""lon"":127.023303,""alt"":0},""endLLA"":{""lat"":37.496291,""lon"":127.023303,""alt"":0},""targetSpeed"":3,""seq"":1}","{""phase"":""B"",""startLLA"":{""lat"":37.496291,""lon"":127.023303,""alt"":0},""endLLA"":{""lat"":37.496291,""lon"":127.023303,""alt"":15},""targetSpeed"":10,""seq"":2}","{""phase"":""C"",""startLLA"":{""lat"":37.496291,""lon"":127.023303,""alt"":15},""endLLA"":{""lat"":37.503645,""lon"":127.033315,""alt"":100},""targetSpeed"":36,""seq"":3}","{""phase"":""E"",""startLLA"":{""lat"":37.503645,""lon"":127.033315,""alt"":100},""endLLA"":{""lat"":37.525177,""lon"":127.062626,""alt"":305},""targetSpeed"":51.4,""seq"":4}","{""phase"":""F"",""startLLA"":{""lat"":37.525177,""lon"":127.062626,""alt"":305},""endLLA"":{""lat"":37.526451,""lon"":127.064361,""alt"":305},""targetSpeed"":51.4,""seq"":5}","{""phase"":""F"",""startLLA"":{""lat"":37.526451,""lon"":127.064361,""alt"":305},""endLLA"":{""lat"":37.52529,""lon"":127.079002,""alt"":305},""targetSpeed"":51.4,""seq"":6}","{""phase"":""G"",""startLLA"":{""lat"":37.52529,""lon"":127.079002,""alt"":305},""endLLA"":{""lat"":37.524288,""lon"":127.091639,""alt"":239.84},""targetSpeed"":36,""seq"":7}","{""phase"":""G"",""startLLA"":{""lat"":37.524288,""lon"":127.091639,""alt"":239.84},""endLLA"":{""lat"":37.539419,""lon"":127.111107,""alt"":100},""targetSpeed"":36,""seq"":8}","{""phase"":""I"",""startLLA"":{""lat"":37.539419,""lon"":127.111107,""alt"":100},""endLLA"":{""lat"":37.545733,""lon"":127.11923,""alt"":15},""targetSpeed"":30,""seq"":9}","{""phase"":""J"",""startLLA"":{""lat"":37.545733,""lon"":127.11923,""alt"":15},""endLLA"":{""lat"":37.545733,""lon"":127.11923,""alt"":0},""targetSpeed"":10,""seq"":10}","{""phase"":""K"",""startLLA"":{""lat"":37.545733,""lon"":127.11923,""alt"":0},""endLLA"":{""lat"":37.545733,""lon"":127.11923,""alt"":0},""targetSpeed"":3,""seq"":11}",,,,,,,,,,
98f166edc22f,2026-07-11,FPL1315013,UAM0042,a2,2,2,1,강남,강남,마곡,마곡,11,G4,F1,G2,F4,11:48:48,11:58:13,12:07:43,12:15:33,12:25:33,565.43,570,470,1605.43,59.71,30.71,ready,강남 > 이수고가차로 > 상도터널 > 63빌딩 > 서강대교 중간지점 > 선유도 17고지 > 성산대교 중간지점 > 가양대교 남단 > 마곡,23.493,16,"{""phase"":""A"",""startLLA"":{""lat"":37.496291,""lon"":127.023303,""alt"":0},""endLLA"":{""lat"":37.496291,""lon"":127.023303,""alt"":0},""targetSpeed"":3,""seq"":1}","{""phase"":""B"",""startLLA"":{""lat"":37.496291,""lon"":127.023303,""alt"":0},""endLLA"":{""lat"":37.496291,""lon"":127.023303,""alt"":15},""targetSpeed"":10,""seq"":2}","{""phase"":""C"",""startLLA"":{""lat"":37.496291,""lon"":127.023303,""alt"":15},""endLLA"":{""lat"":37.496789,""lon"":127.009676,""alt"":100},""targetSpeed"":36,""seq"":3}","{""phase"":""E"",""startLLA"":{""lat"":37.496789,""lon"":127.009676,""alt"":100},""endLLA"":{""lat"":37.497738,""lon"":126.983721,""alt"":233.37},""targetSpeed"":51.4,""seq"":4}","{""phase"":""E"",""startLLA"":{""lat"":37.497738,""lon"":126.983721,""alt"":233.37},""endLLA"":{""lat"":37.502167,""lon"":126.970931,""alt"":305},""targetSpeed"":51.4,""seq"":5}","{""phase"":""F"",""startLLA"":{""lat"":37.502167,""lon"":126.970931,""alt"":305},""endLLA"":{""lat"":37.508684,""lon"":126.95211,""alt"":305},""targetSpeed"":51.4,""seq"":6}","{""phase"":""F"",""startLLA"":{""lat"":37.508684,""lon"":126.95211,""alt"":305},""endLLA"":{""lat"":37.519378,""lon"":126.94021,""alt"":305},""targetSpeed"":51.4,""seq"":7}","{""phase"":""F"",""startLLA"":{""lat"":37.519378,""lon"":126.94021,""alt"":305},""endLLA"":{""lat"":37.536949,""lon"":126.924908,""alt"":305},""targetSpeed"":51.4,""seq"":8}","{""phase"":""F"",""startLLA"":{""lat"":37.536949,""lon"":126.924908,""alt"":305},""endLLA"":{""lat"":37.542307,""lon"":126.90249,""alt"":305},""targetSpeed"":51.4,""seq"":9}","{""phase"":""F"",""startLLA"":{""lat"":37.542307,""lon"":126.90249,""alt"":305},""endLLA"":{""lat"":37.552574,""lon"":126.891431,""alt"":305},""targetSpeed"":51.4,""seq"":10}","{""phase"":""F"",""startLLA"":{""lat"":37.552574,""lon"":126.891431,""alt"":305},""endLLA"":{""lat"":37.569391,""lon"":126.861026,""alt"":305},""targetSpeed"":51.4,""seq"":11}","{""phase"":""F"",""startLLA"":{""lat"":37.569391,""lon"":126.861026,""alt"":305},""endLLA"":{""lat"":37.567855,""lon"":126.842867,""alt"":305},""targetSpeed"":51.4,""seq"":12}","{""phase"":""G"",""startLLA"":{""lat"":37.567855,""lon"":126.842867,""alt"":305},""endLLA"":{""lat"":37.564492,""lon"":126.803119,""alt"":100},""targetSpeed"":36,""seq"":13}","{""phase"":""I"",""startLLA"":{""lat"":37.564492,""lon"":126.803119,""alt"":100},""endLLA"":{""lat"":37.563535,""lon"":126.791805,""alt"":15},""targetSpeed"":30,""seq"":14}","{""phase"":""J"",""startLLA"":{""lat"":37.563535,""lon"":126.791805,""alt"":15},""endLLA"":{""lat"":37.563535,""lon"":126.791805,""alt"":0},""targetSpeed"":10,""seq"":15}","{""phase"":""K"",""startLLA"":{""lat"":37.563535,""lon"":126.791805,""alt"":0},""endLLA"":{""lat"":37.563535,""lon"":126.791805,""alt"":0},""targetSpeed"":3,""seq"":16}",,,,,
98f166edc22f,2026-07-11,FPL1311017,UAM0088,a8,8,7,0.875,강남,강남,천호,천호,11,G8,F2,G1,F3,11:50:12,11:59:33,12:04:35,12:12:55,12:22:55,561.14,302.57,500,1363.71,55.43,0,ready,강남 > 청담대교 중간지점 > 잠실대교 중간지점 > 천호,10.7701,11,"{""phase"":""A"",""startLLA"":{""lat"":37.496291,""lon"":127.023303,""alt"":0},""endLLA"":{""lat"":37.496291,""lon"":127.023303,""alt"":0},""targetSpeed"":3,""seq"":1}","{""phase"":""B"",""startLLA"":{""lat"":37.496291,""lon"":127.023303,""alt"":0},""endLLA"":{""lat"":37.496291,""lon"":127.023303,""alt"":15},""targetSpeed"":10,""seq"":2}","{""phase"":""C"",""startLLA"":{""lat"":37.496291,""lon"":127.023303,""alt"":15},""endLLA"":{""lat"":37.503645,""lon"":127.033315,""alt"":100},""targetSpeed"":36,""seq"":3}","{""phase"":""E"",""startLLA"":{""lat"":37.503645,""lon"":127.033315,""alt"":100},""endLLA"":{""lat"":37.525177,""lon"":127.062626,""alt"":305},""targetSpeed"":51.4,""seq"":4}","{""phase"":""F"",""startLLA"":{""lat"":37.525177,""lon"":127.062626,""alt"":305},""endLLA"":{""lat"":37.526451,""lon"":127.064361,""alt"":305},""targetSpeed"":51.4,""seq"":5}","{""phase"":""F"",""startLLA"":{""lat"":37.526451,""lon"":127.064361,""alt"":305},""endLLA"":{""lat"":37.52529,""lon"":127.079002,""alt"":305},""targetSpeed"":51.4,""seq"":6}","{""phase"":""G"",""startLLA"":{""lat"":37.52529,""lon"":127.079002,""alt"":305},""endLLA"":{""lat"":37.524288,""lon"":127.091639,""alt"":239.84},""targetSpeed"":36,""seq"":7}","{""phase"":""G"",""startLLA"":{""lat"":37.524288,""lon"":127.091639,""alt"":239.84},""endLLA"":{""lat"":37.539419,""lon"":127.111107,""alt"":100},""targetSpeed"":36,""seq"":8}","{""phase"":""I"",""startLLA"":{""lat"":37.539419,""lon"":127.111107,""alt"":100},""endLLA"":{""lat"":37.545733,""lon"":127.11923,""alt"":15},""targetSpeed"":30,""seq"":9}","{""phase"":""J"",""startLLA"":{""lat"":37.545733,""lon"":127.11923,""alt"":15},""endLLA"":{""lat"":37.545733,""lon"":127.11923,""alt"":0},""targetSpeed"":10,""seq"":10}","{""phase"":""K"",""startLLA"":{""lat"":37.545733,""lon"":127.11923,""alt"":0},""endLLA"":{""lat"":37.545733,""lon"":127.11923,""alt"":0},""targetSpeed"":3,""seq"":11}",,,,,,,,,,
98f166edc22f,2026-07-11,FPL1314011,UAM0009,a2,2,2,1,강남,강남,가산,가산,11,G3,F1,G6,F3,11:53:44,12:03:39,12:09:13,12:17:03,12:27:03,595.14,334.77,470,1399.91,119.43,0,ready,강남 > 채석장 > 180고지 > 가산,14.4391,11,"{""phase"":""A"",""startLLA"":{""lat"":37.496291,""lon"":127.023303,""alt"":0},""endLLA"":{""lat"":37.496291,""lon"":127.023303,""alt"":0},""targetSpeed"":3,""seq"":1}","{""phase"":""B"",""startLLA"":{""lat"":37.496291,""lon"":127.023303,""alt"":0},""endLLA"":{""lat"":37.496291,""lon"":127.023303,""alt"":15},""targetSpeed"":10,""seq"":2}","{""phase"":""C"",""startLLA"":{""lat"":37.496291,""lon"":127.023303,""alt"":15},""endLLA"":{""lat"":37.489331,""lon"":127.012849,""alt"":100},""targetSpeed"":36,""seq"":3}","{""phase"":""E"",""startLLA"":{""lat"":37.489331,""lon"":127.012849,""alt"":100},""endLLA"":{""lat"":37.471285,""lon"":126.985745,""alt"":281.55},""targetSpeed"":51.4,""seq"":4}","{""phase"":""E"",""startLLA"":{""lat"":37.471285,""lon"":126.985745,""alt"":281.55},""endLLA"":{""lat"":37.473124,""lon"":126.981806,""alt"":305},""targetSpeed"":51.4,""seq"":5}","{""phase"":""F"",""startLLA"":{""lat"":37.473124,""lon"":126.981806,""alt"":305},""endLLA"":{""lat"":37.492877,""lon"":126.93949,""alt"":305},""targetSpeed"":51.4,""seq"":6}","{""phase"":""F"",""startLLA"":{""lat"":37.492877,""lon"":126.93949,""alt"":305},""endLLA"":{""lat"":37.492284,""lon"":126.929979,""alt"":305},""targetSpeed"":51.4,""seq"":7}","{""phase"":""G"",""startLLA"":{""lat"":37.492284,""lon"":126.929979,""alt"":305},""endLLA"":{""lat"":37.489798,""lon"":126.890147,""alt"":100},""targetSpeed"":36,""seq"":8}","{""phase"":""I"",""startLLA"":{""lat"":37.489798,""lon"":126.890147,""alt"":100},""endLLA"":{""lat"":37.489091,""lon"":126.878809,""alt"":15},""targetSpeed"":30,""seq"":9}","{""phase"":""J"",""startLLA"":{""lat"":37.489091,""lon"":126.878809,""alt"":15},""endLLA"":{""lat"":37.489091,""lon"":126.878809,""alt"":0},""targetSpeed"":10,""seq"":10}","{""phase"":""K"",""startLLA"":{""lat"":37.489091,""lon"":126.878809,""alt"":0},""endLLA"":{""lat"":37.489091,""lon"":126.878809,""alt"":0},""targetSpeed"":3,""seq"":11}",,,,,,,,,,
98f166edc22f,2026-07-11,FPL1305017,UAM0026,a2,2,2,1,강남,강남,목동,목동,11,G1,F2,G8,F3,11:56:07,12:04:58,12:10:54,12:17:44,12:27:44,531.86,355.28,410,1297.13,116.14,0,ready,강남 > 이수고가차로 > 상도터널 > 63빌딩 > 서강대교 중간지점 > 선유도 17고지 > 목동,15.4931,14,"{""phase"":""A"",""startLLA"":{""lat"":37.496291,""lon"":127.023303,""alt"":0},""endLLA"":{""lat"":37.496291,""lon"":127.023303,""alt"":0},""targetSpeed"":3,""seq"":1}","{""phase"":""B"",""startLLA"":{""lat"":37.496291,""lon"":127.023303,""alt"":0},""endLLA"":{""lat"":37.496291,""lon"":127.023303,""alt"":15},""targetSpeed"":10,""seq"":2}","{""phase"":""C"",""startLLA"":{""lat"":37.496291,""lon"":127.023303,""alt"":15},""endLLA"":{""lat"":37.496789,""lon"":127.009673,""alt"":100},""targetSpeed"":36,""seq"":3}","{""phase"":""E"",""startLLA"":{""lat"":37.496789,""lon"":127.009673,""alt"":100},""endLLA"":{""lat"":37.497738,""lon"":126.983721,""alt"":233.33},""targetSpeed"":51.4,""seq"":4}","{""phase"":""E"",""startLLA"":{""lat"":37.497738,""lon"":126.983721,""alt"":233.33},""endLLA"":{""lat"":37.50217,""lon"":126.970921,""alt"":305},""targetSpeed"":51.4,""seq"":5}","{""phase"":""F"",""startLLA"":{""lat"":37.50217,""lon"":126.970921,""alt"":305},""endLLA"":{""lat"":37.508684,""lon"":126.95211,""alt"":305},""targetSpeed"":51.4,""seq"":6}","{""phase"":""F"",""startLLA"":{""lat"":37.508684,""lon"":126.95211,""alt"":305},""endLLA"":{""lat"":37.519378,""lon"":126.94021,""alt"":305},""targetSpeed"":51.4,""seq"":7}","{""phase"":""F"",""startLLA"":{""lat"":37.519378,""lon"":126.94021,""alt"":305},""endLLA"":{""lat"":37.536949,""lon"":126.924908,""alt"":305},""targetSpeed"":51.4,""seq"":8}","{""phase"":""F"",""startLLA"":{""lat"":37.536949,""lon"":126.924908,""alt"":305},""endLLA"":{""lat"":37.538128,""lon"":126.919977,""alt"":305},""targetSpeed"":51.4,""seq"":9}","{""phase"":""G"",""startLLA"":{""lat"":37.538128,""lon"":126.919977,""alt"":305},""endLLA"":{""lat"":37.542307,""lon"":126.90249,""alt"":211.32},""targetSpeed"":36,""seq"":10}","{""phase"":""G"",""startLLA"":{""lat"":37.542307,""lon"":126.90249,""alt"":211.32},""endLLA"":{""lat"":37.531833,""lon"":126.88527,""alt"":100},""targetSpeed"":36,""seq"":11}","{""phase"":""I"",""startLLA"":{""lat"":37.531833,""lon"":126.88527,""alt"":100},""endLLA"":{""lat"":37.526343,""lon"":126.876243,""alt"":15},""targetSpeed"":30,""seq"":12}","{""phase"":""J"",""startLLA"":{""lat"":37.526343,""lon"":126.876243,""alt"":15},""endLLA"":{""lat"":37.526343,""lon"":126.876243,""alt"":0},""targetSpeed"":10,""seq"":13}","{""phase"":""K"",""startLLA"":{""lat"":37.526343,""lon"":126.876243,""alt"":0},""endLLA"":{""lat"":37.526343,""lon"":126.876243,""alt"":0},""targetSpeed"":3,""seq"":14}",,,,,,,
98f166edc22f,2026-07-11,FPL1303007,UAM0120,a8,8,5,0.625,강남,강남,상암,상암,11,G5,F1,G7,F4,11:59:09,12:09:04,12:14:51,12:22:11,12:32:11,595.86,346.64,440,1382.5,180.14,0,ready,강남 > 이수고가차로 > 상도터널 > 63빌딩 > 서강대교 중간지점 > 선유도 17고지 > 상암,15.0491,14,"{""phase"":""A"",""startLLA"":{""lat"":37.496291,""lon"":127.023303,""alt"":0},""endLLA"":{""lat"":37.496291,""lon"":127.023303,""alt"":0},""targetSpeed"":3,""seq"":1}","{""phase"":""B"",""startLLA"":{""lat"":37.496291,""lon"":127.023303,""alt"":0},""endLLA"":{""lat"":37.496291,""lon"":127.023303,""alt"":15},""targetSpeed"":10,""seq"":2}","{""phase"":""C"",""startLLA"":{""lat"":37.496291,""lon"":127.023303,""alt"":15},""endLLA"":{""lat"":37.496789,""lon"":127.009673,""alt"":100},""targetSpeed"":36,""seq"":3}","{""phase"":""E"",""startLLA"":{""lat"":37.496789,""lon"":127.009673,""alt"":100},""endLLA"":{""lat"":37.497738,""lon"":126.983721,""alt"":233.33},""targetSpeed"":51.4,""seq"":4}","{""phase"":""E"",""startLLA"":{""lat"":37.497738,""lon"":126.983721,""alt"":233.33},""endLLA"":{""lat"":37.50217,""lon"":126.970921,""alt"":305},""targetSpeed"":51.4,""seq"":5}","{""phase"":""F"",""startLLA"":{""lat"":37.50217,""lon"":126.970921,""alt"":305},""endLLA"":{""lat"":37.508684,""lon"":126.95211,""alt"":305},""targetSpeed"":51.4,""seq"":6}","{""phase"":""F"",""startLLA"":{""lat"":37.508684,""lon"":126.95211,""alt"":305},""endLLA"":{""lat"":37.519378,""lon"":126.94021,""alt"":305},""targetSpeed"":51.4,""seq"":7}","{""phase"":""F"",""startLLA"":{""lat"":37.519378,""lon"":126.94021,""alt"":305},""endLLA"":{""lat"":37.536949,""lon"":126.924908,""alt"":305},""targetSpeed"":51.4,""seq"":8}","{""phase"":""F"",""startLLA"":{""lat"":37.536949,""lon"":126.924908,""alt"":305},""endLLA"":{""lat"":37.536976,""lon"":126.924795,""alt"":305},""targetSpeed"":51.4,""seq"":9}","{""phase"":""G"",""startLLA"":{""lat"":37.536976,""lon"":126.924795,""alt"":305},""endLLA"":{""lat"":37.542307,""lon"":126.90249,""alt"":185.51},""targetSpeed"":36,""seq"":10}","{""phase"":""G"",""startLLA"":{""lat"":37.542307,""lon"":126.90249,""alt"":185.51},""endLLA"":{""lat"":37.55418,""lon"":126.895159,""alt"":100},""targetSpeed"":36,""seq"":11}","{""phase"":""I"",""startLLA"":{""lat"":37.55418,""lon"":126.895159,""alt"":100},""endLLA"":{""lat"":37.562282,""lon"":126.890156,""alt"":15},""targetSpeed"":30,""seq"":12}","{""phase"":""J"",""startLLA"":{""lat"":37.562282,""lon"":126.890156,""alt"":15},""endLLA"":{""lat"":37.562282,""lon"":126.890156,""alt"":0},""targetSpeed"":10,""seq"":13}","{""phase"":""K"",""startLLA"":{""lat"":37.562282,""lon"":126.890156,""alt"":0},""endLLA"":{""lat"":37.562282,""lon"":126.890156,""alt"":0},""targetSpeed"":3,""seq"":14}",,,,,,,
98f166edc22f,2026-07-11,FPL1314012,UAM0136,a8,8,4,0.5,강남,강남,가산,가산,11,G7,F2,G8,F4,11:59:33,12:10:24,12:15:59,12:23:18,12:33:18,651.57,334.77,439.13,1425.47,175.86,29.13,ready,강남 > 채석장 > 180고지 > 가산,14.4391,11,"{""phase"":""A"",""startLLA"":{""lat"":37.496291,""lon"":127.023303,""alt"":0},""endLLA"":{""lat"":37.496291,""lon"":127.023303,""alt"":0},""targetSpeed"":3,""seq"":1}","{""phase"":""B"",""startLLA"":{""lat"":37.496291,""lon"":127.023303,""alt"":0},""endLLA"":{""lat"":37.496291,""lon"":127.023303,""alt"":15},""targetSpeed"":10,""seq"":2}","{""phase"":""C"",""startLLA"":{""lat"":37.496291,""lon"":127.023303,""alt"":15},""endLLA"":{""lat"":37.489331,""lon"":127.012849,""alt"":100},""targetSpeed"":36,""seq"":3}","{""phase"":""E"",""startLLA"":{""lat"":37.489331,""lon"":127.012849,""alt"":100},""endLLA"":{""lat"":37.471285,""lon"":126.985745,""alt"":281.55},""targetSpeed"":51.4,""seq"":4}","{""phase"":""E"",""startLLA"":{""lat"":37.471285,""lon"":126.985745,""alt"":281.55},""endLLA"":{""lat"":37.473124,""lon"":126.981806,""alt"":305},""targetSpeed"":51.4,""seq"":5}","{""phase"":""F"",""startLLA"":{""lat"":37.473124,""lon"":126.981806,""alt"":305},""endLLA"":{""lat"":37.492877,""lon"":126.93949,""alt"":305},""targetSpeed"":51.4,""seq"":6}","{""phase"":""F"",""startLLA"":{""lat"":37.492877,""lon"":126.93949,""alt"":305},""endLLA"":{""lat"":37.492284,""lon"":126.929979,""alt"":305},""targetSpeed"":51.4,""seq"":7}","{""phase"":""G"",""startLLA"":{""lat"":37.492284,""lon"":126.929979,""alt"":305},""endLLA"":{""lat"":37.489798,""lon"":126.890147,""alt"":100},""targetSpeed"":36,""seq"":8}","{""phase"":""I"",""startLLA"":{""lat"":37.489798,""lon"":126.890147,""alt"":100},""endLLA"":{""lat"":37.489091,""lon"":126.878809,""alt"":15},""targetSpeed"":30,""seq"":9}","{""phase"":""J"",""startLLA"":{""lat"":37.489091,""lon"":126.878809,""alt"":15},""endLLA"":{""lat"":37.489091,""lon"":126.878809,""alt"":0},""targetSpeed"":10,""seq"":10}","{""phase"":""K"",""startLLA"":{""lat"":37.489091,""lon"":126.878809,""alt"":0},""endLLA"":{""lat"":37.489091,""lon"":126.878809,""alt"":0},""targetSpeed"":3,""seq"":11}",,,,,,,,,,
98f166edc22f,2026-07-11,FPL1305018,UAM0037,a6,6,6,1,강남,강남,목동,목동,12,G2,F1,G3,F4,12:05:24,12:14:30,12:20:25,12:27:45,12:37:45,546.57,355.28,440,1341.85,100.86,0,ready,강남 > 이수고가차로 > 상도터널 > 63빌딩 > 서강대교 중간지점 > 선유도 17고지 > 목동,15.4931,14,"{""phase"":""A"",""startLLA"":{""lat"":37.496291,""lon"":127.023303,""alt"":0},""endLLA"":{""lat"":37.496291,""lon"":127.023303,""alt"":0},""targetSpeed"":3,""seq"":1}","{""phase"":""B"",""startLLA"":{""lat"":37.496291,""lon"":127.023303,""alt"":0},""endLLA"":{""lat"":37.496291,""lon"":127.023303,""alt"":15},""targetSpeed"":10,""seq"":2}","{""phase"":""C"",""startLLA"":{""lat"":37.496291,""lon"":127.023303,""alt"":15},""endLLA"":{""lat"":37.496789,""lon"":127.009673,""alt"":100},""targetSpeed"":36,""seq"":3}","{""phase"":""E"",""startLLA"":{""lat"":37.496789,""lon"":127.009673,""alt"":100},""endLLA"":{""lat"":37.497738,""lon"":126.983721,""alt"":233.33},""targetSpeed"":51.4,""seq"":4}","{""phase"":""E"",""startLLA"":{""lat"":37.497738,""lon"":126.983721,""alt"":233.33},""endLLA"":{""lat"":37.50217,""lon"":126.970921,""alt"":305},""targetSpeed"":51.4,""seq"":5}","{""phase"":""F"",""startLLA"":{""lat"":37.50217,""lon"":126.970921,""alt"":305},""endLLA"":{""lat"":37.508684,""lon"":126.95211,""alt"":305},""targetSpeed"":51.4,""seq"":6}","{""phase"":""F"",""startLLA"":{""lat"":37.508684,""lon"":126.95211,""alt"":305},""endLLA"":{""lat"":37.519378,""lon"":126.94021,""alt"":305},""targetSpeed"":51.4,""seq"":7}","{""phase"":""F"",""startLLA"":{""lat"":37.519378,""lon"":126.94021,""alt"":305},""endLLA"":{""lat"":37.536949,""lon"":126.924908,""alt"":305},""targetSpeed"":51.4,""seq"":8}","{""phase"":""F"",""startLLA"":{""lat"":37.536949,""lon"":126.924908,""alt"":305},""endLLA"":{""lat"":37.538128,""lon"":126.919977,""alt"":305},""targetSpeed"":51.4,""seq"":9}","{""phase"":""G"",""startLLA"":{""lat"":37.538128,""lon"":126.919977,""alt"":305},""endLLA"":{""lat"":37.542307,""lon"":126.90249,""alt"":211.32},""targetSpeed"":36,""seq"":10}","{""phase"":""G"",""startLLA"":{""lat"":37.542307,""lon"":126.90249,""alt"":211.32},""endLLA"":{""lat"":37.531833,""lon"":126.88527,""alt"":100},""targetSpeed"":36,""seq"":11}","{""phase"":""I"",""startLLA"":{""lat"":37.531833,""lon"":126.88527,""alt"":100},""endLLA"":{""lat"":37.526343,""lon"":126.876243,""alt"":15},""targetSpeed"":30,""seq"":12}","{""phase"":""J"",""startLLA"":{""lat"":37.526343,""lon"":126.876243,""alt"":15},""endLLA"":{""lat"":37.526343,""lon"":126.876243,""alt"":0},""targetSpeed"":10,""seq"":13}","{""phase"":""K"",""startLLA"":{""lat"":37.526343,""lon"":126.876243,""alt"":0},""endLLA"":{""lat"":37.526343,""lon"":126.876243,""alt"":0},""targetSpeed"":3,""seq"":14}",,,,,,,
98f166edc22f,2026-07-11,FPL1315014,UAM0127,a8,8,8,1,강남,강남,마곡,마곡,12,G4,F2,G4,F3,12:10:19,12:18:44,12:32:05,12:38:55,12:48:55,505.71,801.03,410,1716.75,0,290.12,ready,강남 > 이수고가차로 > 상도터널 > 63빌딩 > 서강대교 중간지점 > 선유도 17고지 > 성산대교 중간지점 > 가양대교 남단 > 마곡,23.493,16,"{""phase"":""A"",""startLLA"":{""lat"":37.496291,""lon"":127.023303,""alt"":0},""endLLA"":{""lat"":37.496291,""lon"":127.023303,""alt"":0},""targetSpeed"":3,""seq"":1}","{""phase"":""B"",""startLLA"":{""lat"":37.496291,""lon"":127.023303,""alt"":0},""endLLA"":{""lat"":37.496291,""lon"":127.023303,""alt"":15},""targetSpeed"":10,""seq"":2}","{""phase"":""C"",""startLLA"":{""lat"":37.496291,""lon"":127.023303,""alt"":15},""endLLA"":{""lat"":37.496789,""lon"":127.009676,""alt"":100},""targetSpeed"":36,""seq"":3}","{""phase"":""E"",""startLLA"":{""lat"":37.496789,""lon"":127.009676,""alt"":100},""endLLA"":{""lat"":37.497738,""lon"":126.983721,""alt"":233.37},""targetSpeed"":51.4,""seq"":4}","{""phase"":""E"",""startLLA"":{""lat"":37.497738,""lon"":126.983721,""alt"":233.37},""endLLA"":{""lat"":37.502167,""lon"":126.970931,""alt"":305},""targetSpeed"":51.4,""seq"":5}","{""phase"":""F"",""startLLA"":{""lat"":37.502167,""lon"":126.970931,""alt"":305},""endLLA"":{""lat"":37.508684,""lon"":126.95211,""alt"":305},""targetSpeed"":51.4,""seq"":6}","{""phase"":""F"",""startLLA"":{""lat"":37.508684,""lon"":126.95211,""alt"":305},""endLLA"":{""lat"":37.519378,""lon"":126.94021,""alt"":305},""targetSpeed"":51.4,""seq"":7}","{""phase"":""F"",""startLLA"":{""lat"":37.519378,""lon"":126.94021,""alt"":305},""endLLA"":{""lat"":37.536949,""lon"":126.924908,""alt"":305},""targetSpeed"":51.4,""seq"":8}","{""phase"":""F"",""startLLA"":{""lat"":37.536949,""lon"":126.924908,""alt"":305},""endLLA"":{""lat"":37.542307,""lon"":126.90249,""alt"":305},""targetSpeed"":51.4,""seq"":9}","{""phase"":""F"",""startLLA"":{""lat"":37.542307,""lon"":126.90249,""alt"":305},""endLLA"":{""lat"":37.552574,""lon"":126.891431,""alt"":305},""targetSpeed"":51.4,""seq"":10}","{""phase"":""F"",""startLLA"":{""lat"":37.552574,""lon"":126.891431,""alt"":305},""endLLA"":{""lat"":37.569391,""lon"":126.861026,""alt"":305},""targetSpeed"":51.4,""seq"":11}","{""phase"":""F"",""startLLA"":{""lat"":37.569391,""lon"":126.861026,""alt"":305},""endLLA"":{""lat"":37.567855,""lon"":126.842867,""alt"":305},""targetSpeed"":51.4,""seq"":12}","{""phase"":""G"",""startLLA"":{""lat"":37.567855,""lon"":126.842867,""alt"":305},""endLLA"":{""lat"":37.564492,""lon"":126.803119,""alt"":100},""targetSpeed"":36,""seq"":13}","{""phase"":""I"",""startLLA"":{""lat"":37.564492,""lon"":126.803119,""alt"":100},""endLLA"":{""lat"":37.563535,""lon"":126.791805,""alt"":15},""targetSpeed"":30,""seq"":14}","{""phase"":""J"",""startLLA"":{""lat"":37.563535,""lon"":126.791805,""alt"":15},""endLLA"":{""lat"":37.563535,""lon"":126.791805,""alt"":0},""targetSpeed"":10,""seq"":15}","{""phase"":""K"",""startLLA"":{""lat"":37.563535,""lon"":126.791805,""alt"":0},""endLLA"":{""lat"":37.563535,""lon"":126.791805,""alt"":0},""targetSpeed"":3,""seq"":16}",,,,,
98f166edc22f,2026-07-11,FPL1311018,UAM0027,a4,4,4,1,강남,강남,천호,천호,12,G8,F1,G4,F3,12:11:19,12:20:16,12:24:40,12:31:30,12:41:30,537.91,263.39,410,1211.3,32.2,0,ready,강남 > 청담대교 중간지점 > 잠실대교 중간지점 > 천호,10.7701,11,"{""phase"":""A"",""startLLA"":{""lat"":37.496291,""lon"":127.023303,""alt"":0},""endLLA"":{""lat"":37.496291,""lon"":127.023303,""alt"":0},""targetSpeed"":3,""seq"":1}","{""phase"":""B"",""startLLA"":{""lat"":37.496291,""lon"":127.023303,""alt"":0},""endLLA"":{""lat"":37.496291,""lon"":127.023303,""alt"":15},""targetSpeed"":10,""seq"":2}","{""phase"":""C"",""startLLA"":{""lat"":37.496291,""lon"":127.023303,""alt"":15},""endLLA"":{""lat"":37.503645,""lon"":127.033315,""alt"":100},""targetSpeed"":36,""seq"":3}","{""phase"":""E"",""startLLA"":{""lat"":37.503645,""lon"":127.033315,""alt"":100},""endLLA"":{""lat"":37.525177,""lon"":127.062626,""alt"":305},""targetSpeed"":51.4,""seq"":4}","{""phase"":""F"",""startLLA"":{""lat"":37.525177,""lon"":127.062626,""alt"":305},""endLLA"":{""lat"":37.526451,""lon"":127.064361,""alt"":305},""targetSpeed"":51.4,""seq"":5}","{""phase"":""F"",""startLLA"":{""lat"":37.526451,""lon"":127.064361,""alt"":305},""endLLA"":{""lat"":37.52529,""lon"":127.079002,""alt"":305},""targetSpeed"":51.4,""seq"":6}","{""phase"":""G"",""startLLA"":{""lat"":37.52529,""lon"":127.079002,""alt"":305},""endLLA"":{""lat"":37.524288,""lon"":127.091639,""alt"":239.84},""targetSpeed"":36,""seq"":7}","{""phase"":""G"",""startLLA"":{""lat"":37.524288,""lon"":127.091639,""alt"":239.84},""endLLA"":{""lat"":37.539419,""lon"":127.111107,""alt"":100},""targetSpeed"":36,""seq"":8}","{""phase"":""I"",""startLLA"":{""lat"":37.539419,""lon"":127.111107,""alt"":100},""endLLA"":{""lat"":37.545733,""lon"":127.11923,""alt"":15},""targetSpeed"":30,""seq"":9}","{""phase"":""J"",""startLLA"":{""lat"":37.545733,""lon"":127.11923,""alt"":15},""endLLA"":{""lat"":37.545733,""lon"":127.11923,""alt"":0},""targetSpeed"":10,""seq"":10}","{""phase"":""K"",""startLLA"":{""lat"":37.545733,""lon"":127.11923,""alt"":0},""endLLA"":{""lat"":37.545733,""lon"":127.11923,""alt"":0},""targetSpeed"":3,""seq"":11}",,,,,,,,,,
98f166edc22f,2026-07-11,FPL1314013,UAM0017,a2,2,2,1,강남,강남,가산,가산,12,G3,F1,G1,F3,12:19:06,12:27:01,12:34:00,12:42:20,12:52:20,475.71,418.76,500,1394.48,0,83.99,ready,강남 > 채석장 > 180고지 > 가산,14.4391,11,"{""phase"":""A"",""startLLA"":{""lat"":37.496291,""lon"":127.023303,""alt"":0},""endLLA"":{""lat"":37.496291,""lon"":127.023303,""alt"":0},""targetSpeed"":3,""seq"":1}","{""phase"":""B"",""startLLA"":{""lat"":37.496291,""lon"":127.023303,""alt"":0},""endLLA"":{""lat"":37.496291,""lon"":127.023303,""alt"":15},""targetSpeed"":10,""seq"":2}","{""phase"":""C"",""startLLA"":{""lat"":37.496291,""lon"":127.023303,""alt"":15},""endLLA"":{""lat"":37.489331,""lon"":127.012849,""alt"":100},""targetSpeed"":36,""seq"":3}","{""phase"":""E"",""startLLA"":{""lat"":37.489331,""lon"":127.012849,""alt"":100},""endLLA"":{""lat"":37.471285,""lon"":126.985745,""alt"":281.55},""targetSpeed"":51.4,""seq"":4}","{""phase"":""E"",""startLLA"":{""lat"":37.471285,""lon"":126.985745,""alt"":281.55},""endLLA"":{""lat"":37.473124,""lon"":126.981806,""alt"":305},""targetSpeed"":51.4,""seq"":5}","{""phase"":""F"",""startLLA"":{""lat"":37.473124,""lon"":126.981806,""alt"":305},""endLLA"":{""lat"":37.492877,""lon"":126.93949,""alt"":305},""targetSpeed"":51.4,""seq"":6}","{""phase"":""F"",""startLLA"":{""lat"":37.492877,""lon"":126.93949,""alt"":305},""endLLA"":{""lat"":37.492284,""lon"":126.929979,""alt"":305},""targetSpeed"":51.4,""seq"":7}","{""phase"":""G"",""startLLA"":{""lat"":37.492284,""lon"":126.929979,""alt"":305},""endLLA"":{""lat"":37.489798,""lon"":126.890147,""alt"":100},""targetSpeed"":36,""seq"":8}","{""phase"":""I"",""startLLA"":{""lat"":37.489798,""lon"":126.890147,""alt"":100},""endLLA"":{""lat"":37.489091,""lon"":126.878809,""alt"":15},""targetSpeed"":30,""seq"":9}","{""phase"":""J"",""startLLA"":{""lat"":37.489091,""lon"":126.878809,""alt"":15},""endLLA"":{""lat"":37.489091,""lon"":126.878809,""alt"":0},""targetSpeed"":10,""seq"":10}","{""phase"":""K"",""startLLA"":{""lat"":37.489091,""lon"":126.878809,""alt"":0},""endLLA"":{""lat"":37.489091,""lon"":126.878809,""alt"":0},""targetSpeed"":3,""seq"":11}",,,,,,,,,,
98f166edc22f,2026-07-11,FPL1314014,UAM0054,a6,6,6,1,강남,강남,가산,가산,12,G7,F2,G4,F4,12:23:32,12:31:27,12:37:02,12:43:52,12:53:52,475.71,334.77,410,1220.48,0,0,ready,강남 > 채석장 > 180고지 > 가산,14.4391,11,"{""phase"":""A"",""startLLA"":{""lat"":37.496291,""lon"":127.023303,""alt"":0},""endLLA"":{""lat"":37.496291,""lon"":127.023303,""alt"":0},""targetSpeed"":3,""seq"":1}","{""phase"":""B"",""startLLA"":{""lat"":37.496291,""lon"":127.023303,""alt"":0},""endLLA"":{""lat"":37.496291,""lon"":127.023303,""alt"":15},""targetSpeed"":10,""seq"":2}","{""phase"":""C"",""startLLA"":{""lat"":37.496291,""lon"":127.023303,""alt"":15},""endLLA"":{""lat"":37.489331,""lon"":127.012849,""alt"":100},""targetSpeed"":36,""seq"":3}","{""phase"":""E"",""startLLA"":{""lat"":37.489331,""lon"":127.012849,""alt"":100},""endLLA"":{""lat"":37.471285,""lon"":126.985745,""alt"":281.55},""targetSpeed"":51.4,""seq"":4}","{""phase"":""E"",""startLLA"":{""lat"":37.471285,""lon"":126.985745,""alt"":281.55},""endLLA"":{""lat"":37.473124,""lon"":126.981806,""alt"":305},""targetSpeed"":51.4,""seq"":5}","{""phase"":""F"",""startLLA"":{""lat"":37.473124,""lon"":126.981806,""alt"":305},""endLLA"":{""lat"":37.492877,""lon"":126.93949,""alt"":305},""targetSpeed"":51.4,""seq"":6}","{""phase"":""F"",""startLLA"":{""lat"":37.492877,""lon"":126.93949,""alt"":305},""endLLA"":{""lat"":37.492284,""lon"":126.929979,""alt"":305},""targetSpeed"":51.4,""seq"":7}","{""phase"":""G"",""startLLA"":{""lat"":37.492284,""lon"":126.929979,""alt"":305},""endLLA"":{""lat"":37.489798,""lon"":126.890147,""alt"":100},""targetSpeed"":36,""seq"":8}","{""phase"":""I"",""startLLA"":{""lat"":37.489798,""lon"":126.890147,""alt"":100},""endLLA"":{""lat"":37.489091,""lon"":126.878809,""alt"":15},""targetSpeed"":30,""seq"":9}","{""phase"":""J"",""startLLA"":{""lat"":37.489091,""lon"":126.878809,""alt"":15},""endLLA"":{""lat"":37.489091,""lon"":126.878809,""alt"":0},""targetSpeed"":10,""seq"":10}","{""phase"":""K"",""startLLA"":{""lat"":37.489091,""lon"":126.878809,""alt"":0},""endLLA"":{""lat"":37.489091,""lon"":126.878809,""alt"":0},""targetSpeed"":3,""seq"":11}",,,,,,,,,,
98f166edc22f,2026-07-11,FPL1303008,UAM0013,a6,6,6,1,강남,강남,상암,상암,12,G2,F1,G4,F3,12:27:47,12:35:12,12:40:59,12:47:49,12:57:49,445.71,346.64,410,1202.35,0,0,ready,강남 > 이수고가차로 > 상도터널 > 63빌딩 > 서강대교 중간지점 > 선유도 17고지 > 상암,15.0491,14,"{""phase"":""A"",""startLLA"":{""lat"":37.496291,""lon"":127.023303,""alt"":0},""endLLA"":{""lat"":37.496291,""lon"":127.023303,""alt"":0},""targetSpeed"":3,""seq"":1}","{""phase"":""B"",""startLLA"":{""lat"":37.496291,""lon"":127.023303,""alt"":0},""endLLA"":{""lat"":37.496291,""lon"":127.023303,""alt"":15},""targetSpeed"":10,""seq"":2}","{""phase"":""C"",""startLLA"":{""lat"":37.496291,""lon"":127.023303,""alt"":15},""endLLA"":{""lat"":37.496789,""lon"":127.009673,""alt"":100},""targetSpeed"":36,""seq"":3}","{""phase"":""E"",""startLLA"":{""lat"":37.496789,""lon"":127.009673,""alt"":100},""endLLA"":{""lat"":37.497738,""lon"":126.983721,""alt"":233.33},""targetSpeed"":51.4,""seq"":4}","{""phase"":""E"",""startLLA"":{""lat"":37.497738,""lon"":126.983721,""alt"":233.33},""endLLA"":{""lat"":37.50217,""lon"":126.970921,""alt"":305},""targetSpeed"":51.4,""seq"":5}","{""phase"":""F"",""startLLA"":{""lat"":37.50217,""lon"":126.970921,""alt"":305},""endLLA"":{""lat"":37.508684,""lon"":126.95211,""alt"":305},""targetSpeed"":51.4,""seq"":6}","{""phase"":""F"",""startLLA"":{""lat"":37.508684,""lon"":126.95211,""alt"":305},""endLLA"":{""lat"":37.519378,""lon"":126.94021,""alt"":305},""targetSpeed"":51.4,""seq"":7}","{""phase"":""F"",""startLLA"":{""lat"":37.519378,""lon"":126.94021,""alt"":305},""endLLA"":{""lat"":37.536949,""lon"":126.924908,""alt"":305},""targetSpeed"":51.4,""seq"":8}","{""phase"":""F"",""startLLA"":{""lat"":37.536949,""lon"":126.924908,""alt"":305},""endLLA"":{""lat"":37.536976,""lon"":126.924795,""alt"":305},""targetSpeed"":51.4,""seq"":9}","{""phase"":""G"",""startLLA"":{""lat"":37.536976,""lon"":126.924795,""alt"":305},""endLLA"":{""lat"":37.542307,""lon"":126.90249,""alt"":185.51},""targetSpeed"":36,""seq"":10}","{""phase"":""G"",""startLLA"":{""lat"":37.542307,""lon"":126.90249,""alt"":185.51},""endLLA"":{""lat"":37.55418,""lon"":126.895159,""alt"":100},""targetSpeed"":36,""seq"":11}","{""phase"":""I"",""startLLA"":{""lat"":37.55418,""lon"":126.895159,""alt"":100},""endLLA"":{""lat"":37.562282,""lon"":126.890156,""alt"":15},""targetSpeed"":30,""seq"":12}","{""phase"":""J"",""startLLA"":{""lat"":37.562282,""lon"":126.890156,""alt"":15},""endLLA"":{""lat"":37.562282,""lon"":126.890156,""alt"":0},""targetSpeed"":10,""seq"":13}","{""phase"":""K"",""startLLA"":{""lat"":37.562282,""lon"":126.890156,""alt"":0},""endLLA"":{""lat"":37.562282,""lon"":126.890156,""alt"":0},""targetSpeed"":3,""seq"":14}",,,,,,,
98f166edc22f,2026-07-11,FPL1310009,UAM0091,a4,4,4,1,강남,강남,연신내,연신내,12,G6,F2,G4,F3,12:28:27,12:36:53,12:44:57,12:51:47,13:01:47,506.43,483.8,410,1400.23,60.71,0,ready,강남 > 이수고가차로 > 상도터널 > 63빌딩 > 서강대교 중간지점 > 선유도 17고지 > 성산대교 중간지점 > 수색교 > 연신내,22.0994,16,"{""phase"":""A"",""startLLA"":{""lat"":37.496291,""lon"":127.023303,""alt"":0},""endLLA"":{""lat"":37.496291,""lon"":127.023303,""alt"":0},""targetSpeed"":3,""seq"":1}","{""phase"":""B"",""startLLA"":{""lat"":37.496291,""lon"":127.023303,""alt"":0},""endLLA"":{""lat"":37.496291,""lon"":127.023303,""alt"":15},""targetSpeed"":10,""seq"":2}","{""phase"":""C"",""startLLA"":{""lat"":37.496291,""lon"":127.023303,""alt"":15},""endLLA"":{""lat"":37.496789,""lon"":127.009676,""alt"":100},""targetSpeed"":36,""seq"":3}","{""phase"":""E"",""startLLA"":{""lat"":37.496789,""lon"":127.009676,""alt"":100},""endLLA"":{""lat"":37.497738,""lon"":126.983721,""alt"":233.37},""targetSpeed"":51.4,""seq"":4}","{""phase"":""E"",""startLLA"":{""lat"":37.497738,""lon"":126.983721,""alt"":233.37},""endLLA"":{""lat"":37.502167,""lon"":126.970929,""alt"":305},""targetSpeed"":51.4,""seq"":5}","{""phase"":""F"",""startLLA"":{""lat"":37.502167,""lon"":126.970929,""alt"":305},""endLLA"":{""lat"":37.508684,""lon"":126.95211,""alt"":305},""targetSpeed"":51.4,""seq"":6}","{""phase"":""F"",""startLLA"":{""lat"":37.508684,""lon"":126.95211,""alt"":305},""endLLA"":{""lat"":37.519378,""lon"":126.94021,""alt"":305},""targetSpeed"":51.4,""seq"":7}","{""phase"":""F"",""startLLA"":{""lat"":37.519378,""lon"":126.94021,""alt"":305},""endLLA"":{""lat"":37.536949,""lon"":126.924908,""alt"":305},""targetSpeed"":51.4,""seq"":8}","{""phase"":""F"",""startLLA"":{""lat"":37.536949,""lon"":126.924908,""alt"":305},""endLLA"":{""lat"":37.542307,""lon"":126.90249,""alt"":305},""targetSpeed"":51.4,""seq"":9}","{""phase"":""F"",""startLLA"":{""lat"":37.542307,""lon"":126.90249,""alt"":305},""endLLA"":{""lat"":37.552574,""lon"":126.891431,""alt"":305},""targetSpeed"":51.4,""seq"":10}","{""phase"":""F"",""startLLA"":{""lat"":37.552574,""lon"":126.891431,""alt"":305},""endLLA"":{""lat"":37.583699,""lon"":126.886697,""alt"":305},""targetSpeed"":51.4,""seq"":11}","{""phase"":""G"",""startLLA"":{""lat"":37.583699,""lon"":126.886697,""alt"":305},""endLLA"":{""lat"":37.586283,""lon"":126.886304,""alt"":288.16},""targetSpeed"":36,""seq"":12}","{""phase"":""G"",""startLLA"":{""lat"":37.586283,""lon"":126.886304,""alt"":288.16},""endLLA"":{""lat"":37.60526,""lon"":126.914121,""alt"":100},""targetSpeed"":36,""seq"":13}","{""phase"":""I"",""startLLA"":{""lat"":37.60526,""lon"":126.914121,""alt"":100},""endLLA"":{""lat"":37.611145,""lon"":126.922747,""alt"":15},""targetSpeed"":30,""seq"":14}","{""phase"":""J"",""startLLA"":{""lat"":37.611145,""lon"":126.922747,""alt"":15},""endLLA"":{""lat"":37.611145,""lon"":126.922747,""alt"":0},""targetSpeed"":10,""seq"":15}","{""phase"":""K"",""startLLA"":{""lat"":37.611145,""lon"":126.922747,""alt"":0},""endLLA"":{""lat"":37.611145,""lon"":126.922747,""alt"":0},""targetSpeed"":3,""seq"":16}",,,,,
98f166edc22f,2026-07-11,FPL1305019,UAM0008,a8,8,8,1,강남,강남,목동,목동,12,G4,F1,G6,F3,12:31:12,12:40:38,12:46:33,12:54:23,13:04:23,566.43,355.28,470,1391.71,60.71,0,ready,강남 > 이수고가차로 > 상도터널 > 63빌딩 > 서강대교 중간지점 > 선유도 17고지 > 목동,15.4931,14,"{""phase"":""A"",""startLLA"":{""lat"":37.496291,""lon"":127.023303,""alt"":0},""endLLA"":{""lat"":37.496291,""lon"":127.023303,""alt"":0},""targetSpeed"":3,""seq"":1}","{""phase"":""B"",""startLLA"":{""lat"":37.496291,""lon"":127.023303,""alt"":0},""endLLA"":{""lat"":37.496291,""lon"":127.023303,""alt"":15},""targetSpeed"":10,""seq"":2}","{""phase"":""C"",""startLLA"":{""lat"":37.496291,""lon"":127.023303,""alt"":15},""endLLA"":{""lat"":37.496789,""lon"":127.009673,""alt"":100},""targetSpeed"":36,""seq"":3}","{""phase"":""E"",""startLLA"":{""lat"":37.496789,""lon"":127.009673,""alt"":100},""endLLA"":{""lat"":37.497738,""lon"":126.983721,""alt"":233.33},""targetSpeed"":51.4,""seq"":4}","{""phase"":""E"",""startLLA"":{""lat"":37.497738,""lon"":126.983721,""alt"":233.33},""endLLA"":{""lat"":37.50217,""lon"":126.970921,""alt"":305},""targetSpeed"":51.4,""seq"":5}","{""phase"":""F"",""startLLA"":{""lat"":37.50217,""lon"":126.970921,""alt"":305},""endLLA"":{""lat"":37.508684,""lon"":126.95211,""alt"":305},""targetSpeed"":51.4,""seq"":6}","{""phase"":""F"",""startLLA"":{""lat"":37.508684,""lon"":126.95211,""alt"":305},""endLLA"":{""lat"":37.519378,""lon"":126.94021,""alt"":305},""targetSpeed"":51.4,""seq"":7}","{""phase"":""F"",""startLLA"":{""lat"":37.519378,""lon"":126.94021,""alt"":305},""endLLA"":{""lat"":37.536949,""lon"":126.924908,""alt"":305},""targetSpeed"":51.4,""seq"":8}","{""phase"":""F"",""startLLA"":{""lat"":37.536949,""lon"":126.924908,""alt"":305},""endLLA"":{""lat"":37.538128,""lon"":126.919977,""alt"":305},""targetSpeed"":51.4,""seq"":9}","{""phase"":""G"",""startLLA"":{""lat"":37.538128,""lon"":126.919977,""alt"":305},""endLLA"":{""lat"":37.542307,""lon"":126.90249,""alt"":211.32},""targetSpeed"":36,""seq"":10}","{""phase"":""G"",""startLLA"":{""lat"":37.542307,""lon"":126.90249,""alt"":211.32},""endLLA"":{""lat"":37.531833,""lon"":126.88527,""alt"":100},""targetSpeed"":36,""seq"":11}","{""phase"":""I"",""startLLA"":{""lat"":37.531833,""lon"":126.88527,""alt"":100},""endLLA"":{""lat"":37.526343,""lon"":126.876243,""alt"":15},""targetSpeed"":30,""seq"":12}","{""phase"":""J"",""startLLA"":{""lat"":37.526343,""lon"":126.876243,""alt"":15},""endLLA"":{""lat"":37.526343,""lon"":126.876243,""alt"":0},""targetSpeed"":10,""seq"":13}","{""phase"":""K"",""startLLA"":{""lat"":37.526343,""lon"":126.876243,""alt"":0},""endLLA"":{""lat"":37.526343,""lon"":126.876243,""alt"":0},""targetSpeed"":3,""seq"":14}",,,,,,,
98f166edc22f,2026-07-11,FPL1315015,UAM0076,a4,4,4,1,강남,강남,마곡,마곡,12,G8,F2,G5,F3,12:32:16,12:42:19,13:09:14,13:19:33,13:29:33,603.14,1615.29,619.43,2837.86,97.43,195.15,ready,강남 > 이수고가차로 > 상도터널 > 63빌딩 > 서강대교 중간지점 > 선유도 17고지 > 성산대교 중간지점 > 가양대교 남단 > 마곡,23.493,16,"{""phase"":""A"",""startLLA"":{""lat"":37.496291,""lon"":127.023303,""alt"":0},""endLLA"":{""lat"":37.496291,""lon"":127.023303,""alt"":0},""targetSpeed"":3,""seq"":1}","{""phase"":""B"",""startLLA"":{""lat"":37.496291,""lon"":127.023303,""alt"":0},""endLLA"":{""lat"":37.496291,""lon"":127.023303,""alt"":15},""targetSpeed"":10,""seq"":2}","{""phase"":""C"",""startLLA"":{""lat"":37.496291,""lon"":127.023303,""alt"":15},""endLLA"":{""lat"":37.496789,""lon"":127.009676,""alt"":100},""targetSpeed"":36,""seq"":3}","{""phase"":""E"",""startLLA"":{""lat"":37.496789,""lon"":127.009676,""alt"":100},""endLLA"":{""lat"":37.497738,""lon"":126.983721,""alt"":233.37},""targetSpeed"":51.4,""seq"":4}","{""phase"":""E"",""startLLA"":{""lat"":37.497738,""lon"":126.983721,""alt"":233.37},""endLLA"":{""lat"":37.502167,""lon"":126.970931,""alt"":305},""targetSpeed"":51.4,""seq"":5}","{""phase"":""F"",""startLLA"":{""lat"":37.502167,""lon"":126.970931,""alt"":305},""endLLA"":{""lat"":37.508684,""lon"":126.95211,""alt"":305},""targetSpeed"":51.4,""seq"":6}","{""phase"":""F"",""startLLA"":{""lat"":37.508684,""lon"":126.95211,""alt"":305},""endLLA"":{""lat"":37.519378,""lon"":126.94021,""alt"":305},""targetSpeed"":51.4,""seq"":7}","{""phase"":""F"",""startLLA"":{""lat"":37.519378,""lon"":126.94021,""alt"":305},""endLLA"":{""lat"":37.536949,""lon"":126.924908,""alt"":305},""targetSpeed"":51.4,""seq"":8}","{""phase"":""F"",""startLLA"":{""lat"":37.536949,""lon"":126.924908,""alt"":305},""endLLA"":{""lat"":37.542307,""lon"":126.90249,""alt"":305},""targetSpeed"":51.4,""seq"":9}","{""phase"":""F"",""startLLA"":{""lat"":37.542307,""lon"":126.90249,""alt"":305},""endLLA"":{""lat"":37.552574,""lon"":126.891431,""alt"":305},""targetSpeed"":51.4,""seq"":10}","{""phase"":""F"",""startLLA"":{""lat"":37.552574,""lon"":126.891431,""alt"":305},""endLLA"":{""lat"":37.569391,""lon"":126.861026,""alt"":305},""targetSpeed"":51.4,""seq"":11}","{""phase"":""F"",""startLLA"":{""lat"":37.569391,""lon"":126.861026,""alt"":305},""endLLA"":{""lat"":37.567855,""lon"":126.842867,""alt"":305},""targetSpeed"":51.4,""seq"":12}","{""phase"":""G"",""startLLA"":{""lat"":37.567855,""lon"":126.842867,""alt"":305},""endLLA"":{""lat"":37.564492,""lon"":126.803119,""alt"":100},""targetSpeed"":36,""seq"":13}","{""phase"":""I"",""startLLA"":{""lat"":37.564492,""lon"":126.803119,""alt"":100},""endLLA"":{""lat"":37.563535,""lon"":126.791805,""alt"":15},""targetSpeed"":30,""seq"":14}","{""phase"":""J"",""startLLA"":{""lat"":37.563535,""lon"":126.791805,""alt"":15},""endLLA"":{""lat"":37.563535,""lon"":126.791805,""alt"":0},""targetSpeed"":10,""seq"":15}","{""phase"":""K"",""startLLA"":{""lat"":37.563535,""lon"":126.791805,""alt"":0},""endLLA"":{""lat"":37.563535,""lon"":126.791805,""alt"":0},""targetSpeed"":3,""seq"":16}",,,,,
98f166edc22f,2026-07-11,FPL1311019,UAM0032,a8,8,8,1,강남,강남,천호,천호,12,G1,F1,G2,F3,12:37:08,12:46:04,12:51:38,12:59:28,13:09:28,536.14,333.97,470,1340.11,120.43,9.4,ready,강남 > 청담대교 중간지점 > 잠실대교 중간지점 > 천호,10.7701,11,"{""phase"":""A"",""startLLA"":{""lat"":37.496291,""lon"":127.023303,""alt"":0},""endLLA"":{""lat"":37.496291,""lon"":127.023303,""alt"":0},""targetSpeed"":3,""seq"":1}","{""phase"":""B"",""startLLA"":{""lat"":37.496291,""lon"":127.023303,""alt"":0},""endLLA"":{""lat"":37.496291,""lon"":127.023303,""alt"":15},""targetSpeed"":10,""seq"":2}","{""phase"":""C"",""startLLA"":{""lat"":37.496291,""lon"":127.023303,""alt"":15},""endLLA"":{""lat"":37.503645,""lon"":127.033315,""alt"":100},""targetSpeed"":36,""seq"":3}","{""phase"":""E"",""startLLA"":{""lat"":37.503645,""lon"":127.033315,""alt"":100},""endLLA"":{""lat"":37.525177,""lon"":127.062626,""alt"":305},""targetSpeed"":51.4,""seq"":4}","{""phase"":""F"",""startLLA"":{""lat"":37.525177,""lon"":127.062626,""alt"":305},""endLLA"":{""lat"":37.526451,""lon"":127.064361,""alt"":305},""targetSpeed"":51.4,""seq"":5}","{""phase"":""F"",""startLLA"":{""lat"":37.526451,""lon"":127.064361,""alt"":305},""endLLA"":{""lat"":37.52529,""lon"":127.079002,""alt"":305},""targetSpeed"":51.4,""seq"":6}","{""phase"":""G"",""startLLA"":{""lat"":37.52529,""lon"":127.079002,""alt"":305},""endLLA"":{""lat"":37.524288,""lon"":127.091639,""alt"":239.84},""targetSpeed"":36,""seq"":7}","{""phase"":""G"",""startLLA"":{""lat"":37.524288,""lon"":127.091639,""alt"":239.84},""endLLA"":{""lat"":37.539419,""lon"":127.111107,""alt"":100},""targetSpeed"":36,""seq"":8}","{""phase"":""I"",""startLLA"":{""lat"":37.539419,""lon"":127.111107,""alt"":100},""endLLA"":{""lat"":37.545733,""lon"":127.11923,""alt"":15},""targetSpeed"":30,""seq"":9}","{""phase"":""J"",""startLLA"":{""lat"":37.545733,""lon"":127.11923,""alt"":15},""endLLA"":{""lat"":37.545733,""lon"":127.11923,""alt"":0},""targetSpeed"":10,""seq"":10}","{""phase"":""K"",""startLLA"":{""lat"":37.545733,""lon"":127.11923,""alt"":0},""endLLA"":{""lat"":37.545733,""lon"":127.11923,""alt"":0},""targetSpeed"":3,""seq"":11}",,,,,,,,,,
98f166edc22f,2026-07-11,FPL1306008,UAM0083,a4,4,4,1,강남,강남,미아,미아,12,G3,F1,G4,F3,12:46:15,12:54:10,13:01:29,13:08:19,13:18:19,475.71,438.49,410,1324.2,0,0,ready,강남 > 청담대교 중간지점 > 건대입구 > 중랑천 제방길 > 상봉 > 월릉교 > 미아,19.77,14,"{""phase"":""A"",""startLLA"":{""lat"":37.496291,""lon"":127.023303,""alt"":0},""endLLA"":{""lat"":37.496291,""lon"":127.023303,""alt"":0},""targetSpeed"":3,""seq"":1}","{""phase"":""B"",""startLLA"":{""lat"":37.496291,""lon"":127.023303,""alt"":0},""endLLA"":{""lat"":37.496291,""lon"":127.023303,""alt"":15},""targetSpeed"":10,""seq"":2}","{""phase"":""C"",""startLLA"":{""lat"":37.496291,""lon"":127.023303,""alt"":15},""endLLA"":{""lat"":37.503643,""lon"":127.033311,""alt"":100},""targetSpeed"":36,""seq"":3}","{""phase"":""E"",""startLLA"":{""lat"":37.503643,""lon"":127.033311,""alt"":100},""endLLA"":{""lat"":37.525166,""lon"":127.062612,""alt"":305},""targetSpeed"":51.4,""seq"":4}","{""phase"":""F"",""startLLA"":{""lat"":37.525166,""lon"":127.062612,""alt"":305},""endLLA"":{""lat"":37.526451,""lon"":127.064361,""alt"":305},""targetSpeed"":51.4,""seq"":5}","{""phase"":""F"",""startLLA"":{""lat"":37.526451,""lon"":127.064361,""alt"":305},""endLLA"":{""lat"":37.540426,""lon"":127.069298,""alt"":305},""targetSpeed"":51.4,""seq"":6}","{""phase"":""F"",""startLLA"":{""lat"":37.540426,""lon"":127.069298,""alt"":305},""endLLA"":{""lat"":37.580774,""lon"":127.077387,""alt"":305},""targetSpeed"":51.4,""seq"":7}","{""phase"":""F"",""startLLA"":{""lat"":37.580774,""lon"":127.077387,""alt"":305},""endLLA"":{""lat"":37.596919,""lon"":127.084854,""alt"":305},""targetSpeed"":51.4,""seq"":8}","{""phase"":""F"",""startLLA"":{""lat"":37.596919,""lon"":127.084854,""alt"":305},""endLLA"":{""lat"":37.614364,""lon"":127.072717,""alt"":305},""targetSpeed"":51.4,""seq"":9}","{""phase"":""G"",""startLLA"":{""lat"":37.614364,""lon"":127.072717,""alt"":305},""endLLA"":{""lat"":37.616266,""lon"":127.071394,""alt"":290.95},""targetSpeed"":36,""seq"":10}","{""phase"":""G"",""startLLA"":{""lat"":37.616266,""lon"":127.071394,""alt"":290.95},""endLLA"":{""lat"":37.626944,""lon"":127.036666,""alt"":100},""targetSpeed"":36,""seq"":11}","{""phase"":""I"",""startLLA"":{""lat"":37.626944,""lon"":127.036666,""alt"":100},""endLLA"":{""lat"":37.630207,""lon"":127.026053,""alt"":15},""targetSpeed"":30,""seq"":12}","{""phase"":""J"",""startLLA"":{""lat"":37.630207,""lon"":127.026053,""alt"":15},""endLLA"":{""lat"":37.630207,""lon"":127.026053,""alt"":0},""targetSpeed"":10,""seq"":13}","{""phase"":""K"",""startLLA"":{""lat"":37.630207,""lon"":127.026053,""alt"":0},""endLLA"":{""lat"":37.630207,""lon"":127.026053,""alt"":0},""targetSpeed"":3,""seq"":14}",,,,,,,
98f166edc22f,2026-07-11,FPL1305020,UAM0007,a8,8,8,1,강남,강남,목동,목동,12,G4,F1,G7,F4,12:52:02,13:00:27,13:06:22,13:13:42,13:23:42,505.71,355.28,440,1300.99,0,0,ready,강남 > 이수고가차로 > 상도터널 > 63빌딩 > 서강대교 중간지점 > 선유도 17고지 > 목동,15.4931,14,"{""phase"":""A"",""startLLA"":{""lat"":37.496291,""lon"":127.023303,""alt"":0},""endLLA"":{""lat"":37.496291,""lon"":127.023303,""alt"":0},""targetSpeed"":3,""seq"":1}","{""phase"":""B"",""startLLA"":{""lat"":37.496291,""lon"":127.023303,""alt"":0},""endLLA"":{""lat"":37.496291,""lon"":127.023303,""alt"":15},""targetSpeed"":10,""seq"":2}","{""phase"":""C"",""startLLA"":{""lat"":37.496291,""lon"":127.023303,""alt"":15},""endLLA"":{""lat"":37.496789,""lon"":127.009673,""alt"":100},""targetSpeed"":36,""seq"":3}","{""phase"":""E"",""startLLA"":{""lat"":37.496789,""lon"":127.009673,""alt"":100},""endLLA"":{""lat"":37.497738,""lon"":126.983721,""alt"":233.33},""targetSpeed"":51.4,""seq"":4}","{""phase"":""E"",""startLLA"":{""lat"":37.497738,""lon"":126.983721,""alt"":233.33},""endLLA"":{""lat"":37.50217,""lon"":126.970921,""alt"":305},""targetSpeed"":51.4,""seq"":5}","{""phase"":""F"",""startLLA"":{""lat"":37.50217,""lon"":126.970921,""alt"":305},""endLLA"":{""lat"":37.508684,""lon"":126.95211,""alt"":305},""targetSpeed"":51.4,""seq"":6}","{""phase"":""F"",""startLLA"":{""lat"":37.508684,""lon"":126.95211,""alt"":305},""endLLA"":{""lat"":37.519378,""lon"":126.94021,""alt"":305},""targetSpeed"":51.4,""seq"":7}","{""phase"":""F"",""startLLA"":{""lat"":37.519378,""lon"":126.94021,""alt"":305},""endLLA"":{""lat"":37.536949,""lon"":126.924908,""alt"":305},""targetSpeed"":51.4,""seq"":8}","{""phase"":""F"",""startLLA"":{""lat"":37.536949,""lon"":126.924908,""alt"":305},""endLLA"":{""lat"":37.538128,""lon"":126.919977,""alt"":305},""targetSpeed"":51.4,""seq"":9}","{""phase"":""G"",""startLLA"":{""lat"":37.538128,""lon"":126.919977,""alt"":305},""endLLA"":{""lat"":37.542307,""lon"":126.90249,""alt"":211.32},""targetSpeed"":36,""seq"":10}","{""phase"":""G"",""startLLA"":{""lat"":37.542307,""lon"":126.90249,""alt"":211.32},""endLLA"":{""lat"":37.531833,""lon"":126.88527,""alt"":100},""targetSpeed"":36,""seq"":11}","{""phase"":""I"",""startLLA"":{""lat"":37.531833,""lon"":126.88527,""alt"":100},""endLLA"":{""lat"":37.526343,""lon"":126.876243,""alt"":15},""targetSpeed"":30,""seq"":12}","{""phase"":""J"",""startLLA"":{""lat"":37.526343,""lon"":126.876243,""alt"":15},""endLLA"":{""lat"":37.526343,""lon"":126.876243,""alt"":0},""targetSpeed"":10,""seq"":13}","{""phase"":""K"",""startLLA"":{""lat"":37.526343,""lon"":126.876243,""alt"":0},""endLLA"":{""lat"":37.526343,""lon"":126.876243,""alt"":0},""targetSpeed"":3,""seq"":14}",,,,,,,
98f166edc22f,2026-07-11,FPL1311020,UAM0109,a6,6,6,1,강남,강남,천호,천호,12,G8,F1,G8,F3,12:57:01,13:06:02,13:10:25,13:17:15,13:27:15,541.23,263.39,410,1214.62,35.52,0,ready,강남 > 청담대교 중간지점 > 잠실대교 중간지점 > 천호,10.7701,11,"{""phase"":""A"",""startLLA"":{""lat"":37.496291,""lon"":127.023303,""alt"":0},""endLLA"":{""lat"":37.496291,""lon"":127.023303,""alt"":0},""targetSpeed"":3,""seq"":1}","{""phase"":""B"",""startLLA"":{""lat"":37.496291,""lon"":127.023303,""alt"":0},""endLLA"":{""lat"":37.496291,""lon"":127.023303,""alt"":15},""targetSpeed"":10,""seq"":2}","{""phase"":""C"",""startLLA"":{""lat"":37.496291,""lon"":127.023303,""alt"":15},""endLLA"":{""lat"":37.503645,""lon"":127.033315,""alt"":100},""targetSpeed"":36,""seq"":3}","{""phase"":""E"",""startLLA"":{""lat"":37.503645,""lon"":127.033315,""alt"":100},""endLLA"":{""lat"":37.525177,""lon"":127.062626,""alt"":305},""targetSpeed"":51.4,""seq"":4}","{""phase"":""F"",""startLLA"":{""lat"":37.525177,""lon"":127.062626,""alt"":305},""endLLA"":{""lat"":37.526451,""lon"":127.064361,""alt"":305},""targetSpeed"":51.4,""seq"":5}","{""phase"":""F"",""startLLA"":{""lat"":37.526451,""lon"":127.064361,""alt"":305},""endLLA"":{""lat"":37.52529,""lon"":127.079002,""alt"":305},""targetSpeed"":51.4,""seq"":6}","{""phase"":""G"",""startLLA"":{""lat"":37.52529,""lon"":127.079002,""alt"":305},""endLLA"":{""lat"":37.524288,""lon"":127.091639,""alt"":239.84},""targetSpeed"":36,""seq"":7}","{""phase"":""G"",""startLLA"":{""lat"":37.524288,""lon"":127.091639,""alt"":239.84},""endLLA"":{""lat"":37.539419,""lon"":127.111107,""alt"":100},""targetSpeed"":36,""seq"":8}","{""phase"":""I"",""startLLA"":{""lat"":37.539419,""lon"":127.111107,""alt"":100},""endLLA"":{""lat"":37.545733,""lon"":127.11923,""alt"":15},""targetSpeed"":30,""seq"":9}","{""phase"":""J"",""startLLA"":{""lat"":37.545733,""lon"":127.11923,""alt"":15},""endLLA"":{""lat"":37.545733,""lon"":127.11923,""alt"":0},""targetSpeed"":10,""seq"":10}","{""phase"":""K"",""startLLA"":{""lat"":37.545733,""lon"":127.11923,""alt"":0},""endLLA"":{""lat"":37.545733,""lon"":127.11923,""alt"":0},""targetSpeed"":3,""seq"":11}",,,,,,,,,,
98f166edc22f,2026-07-11,FPL1310010,UAM0004,a4,4,4,1,강남,강남,연신내,연신내,13,G3,F1,G4,F3,13:07:38,13:15:33,13:23:37,13:30:27,13:40:27,475.71,483.8,410,1369.52,0,0,ready,강남 > 이수고가차로 > 상도터널 > 63빌딩 > 서강대교 중간지점 > 선유도 17고지 > 성산대교 중간지점 > 수색교 > 연신내,22.0994,16,"{""phase"":""A"",""startLLA"":{""lat"":37.496291,""lon"":127.023303,""alt"":0},""endLLA"":{""lat"":37.496291,""lon"":127.023303,""alt"":0},""targetSpeed"":3,""seq"":1}","{""phase"":""B"",""startLLA"":{""lat"":37.496291,""lon"":127.023303,""alt"":0},""endLLA"":{""lat"":37.496291,""lon"":127.023303,""alt"":15},""targetSpeed"":10,""seq"":2}","{""phase"":""C"",""startLLA"":{""lat"":37.496291,""lon"":127.023303,""alt"":15},""endLLA"":{""lat"":37.496789,""lon"":127.009676,""alt"":100},""targetSpeed"":36,""seq"":3}","{""phase"":""E"",""startLLA"":{""lat"":37.496789,""lon"":127.009676,""alt"":100},""endLLA"":{""lat"":37.497738,""lon"":126.983721,""alt"":233.37},""targetSpeed"":51.4,""seq"":4}","{""phase"":""E"",""startLLA"":{""lat"":37.497738,""lon"":126.983721,""alt"":233.37},""endLLA"":{""lat"":37.502167,""lon"":126.970929,""alt"":305},""targetSpeed"":51.4,""seq"":5}","{""phase"":""F"",""startLLA"":{""lat"":37.502167,""lon"":126.970929,""alt"":305},""endLLA"":{""lat"":37.508684,""lon"":126.95211,""alt"":305},""targetSpeed"":51.4,""seq"":6}","{""phase"":""F"",""startLLA"":{""lat"":37.508684,""lon"":126.95211,""alt"":305},""endLLA"":{""lat"":37.519378,""lon"":126.94021,""alt"":305},""targetSpeed"":51.4,""seq"":7}","{""phase"":""F"",""startLLA"":{""lat"":37.519378,""lon"":126.94021,""alt"":305},""endLLA"":{""lat"":37.536949,""lon"":126.924908,""alt"":305},""targetSpeed"":51.4,""seq"":8}","{""phase"":""F"",""startLLA"":{""lat"":37.536949,""lon"":126.924908,""alt"":305},""endLLA"":{""lat"":37.542307,""lon"":126.90249,""alt"":305},""targetSpeed"":51.4,""seq"":9}","{""phase"":""F"",""startLLA"":{""lat"":37.542307,""lon"":126.90249,""alt"":305},""endLLA"":{""lat"":37.552574,""lon"":126.891431,""alt"":305},""targetSpeed"":51.4,""seq"":10}","{""phase"":""F"",""startLLA"":{""lat"":37.552574,""lon"":126.891431,""alt"":305},""endLLA"":{""lat"":37.583699,""lon"":126.886697,""alt"":305},""targetSpeed"":51.4,""seq"":11}","{""phase"":""G"",""startLLA"":{""lat"":37.583699,""lon"":126.886697,""alt"":305},""endLLA"":{""lat"":37.586283,""lon"":126.886304,""alt"":288.16},""targetSpeed"":36,""seq"":12}","{""phase"":""G"",""startLLA"":{""lat"":37.586283,""lon"":126.886304,""alt"":288.16},""endLLA"":{""lat"":37.60526,""lon"":126.914121,""alt"":100},""targetSpeed"":36,""seq"":13}","{""phase"":""I"",""startLLA"":{""lat"":37.60526,""lon"":126.914121,""alt"":100},""endLLA"":{""lat"":37.611145,""lon"":126.922747,""alt"":15},""targetSpeed"":30,""seq"":14}","{""phase"":""J"",""startLLA"":{""lat"":37.611145,""lon"":126.922747,""alt"":15},""endLLA"":{""lat"":37.611145,""lon"":126.922747,""alt"":0},""targetSpeed"":10,""seq"":15}","{""phase"":""K"",""startLLA"":{""lat"":37.611145,""lon"":126.922747,""alt"":0},""endLLA"":{""lat"":37.611145,""lon"":126.922747,""alt"":0},""targetSpeed"":3,""seq"":16}",,,,,
98f166edc22f,2026-07-11,FPL1310011,UAM0081,a2,2,2,1,강남,강남,연신내,연신내,13,G7,F2,G7,F4,13:09:17,13:17:12,13:26:12,13:33:32,13:43:32,475.71,539.58,440,1455.3,0,55.78,ready,강남 > 이수고가차로 > 상도터널 > 63빌딩 > 서강대교 중간지점 > 선유도 17고지 > 성산대교 중간지점 > 수색교 > 연신내,22.0994,16,"{""phase"":""A"",""startLLA"":{""lat"":37.496291,""lon"":127.023303,""alt"":0},""endLLA"":{""lat"":37.496291,""lon"":127.023303,""alt"":0},""targetSpeed"":3,""seq"":1}","{""phase"":""B"",""startLLA"":{""lat"":37.496291,""lon"":127.023303,""alt"":0},""endLLA"":{""lat"":37.496291,""lon"":127.023303,""alt"":15},""targetSpeed"":10,""seq"":2}","{""phase"":""C"",""startLLA"":{""lat"":37.496291,""lon"":127.023303,""alt"":15},""endLLA"":{""lat"":37.496789,""lon"":127.009676,""alt"":100},""targetSpeed"":36,""seq"":3}","{""phase"":""E"",""startLLA"":{""lat"":37.496789,""lon"":127.009676,""alt"":100},""endLLA"":{""lat"":37.497738,""lon"":126.983721,""alt"":233.37},""targetSpeed"":51.4,""seq"":4}","{""phase"":""E"",""startLLA"":{""lat"":37.497738,""lon"":126.983721,""alt"":233.37},""endLLA"":{""lat"":37.502167,""lon"":126.970929,""alt"":305},""targetSpeed"":51.4,""seq"":5}","{""phase"":""F"",""startLLA"":{""lat"":37.502167,""lon"":126.970929,""alt"":305},""endLLA"":{""lat"":37.508684,""lon"":126.95211,""alt"":305},""targetSpeed"":51.4,""seq"":6}","{""phase"":""F"",""startLLA"":{""lat"":37.508684,""lon"":126.95211,""alt"":305},""endLLA"":{""lat"":37.519378,""lon"":126.94021,""alt"":305},""targetSpeed"":51.4,""seq"":7}","{""phase"":""F"",""startLLA"":{""lat"":37.519378,""lon"":126.94021,""alt"":305},""endLLA"":{""lat"":37.536949,""lon"":126.924908,""alt"":305},""targetSpeed"":51.4,""seq"":8}","{""phase"":""F"",""startLLA"":{""lat"":37.536949,""lon"":126.924908,""alt"":305},""endLLA"":{""lat"":37.542307,""lon"":126.90249,""alt"":305},""targetSpeed"":51.4,""seq"":9}","{""phase"":""F"",""startLLA"":{""lat"":37.542307,""lon"":126.90249,""alt"":305},""endLLA"":{""lat"":37.552574,""lon"":126.891431,""alt"":305},""targetSpeed"":51.4,""seq"":10}","{""phase"":""F"",""startLLA"":{""lat"":37.552574,""lon"":126.891431,""alt"":305},""endLLA"":{""lat"":37.583699,""lon"":126.886697,""alt"":305},""targetSpeed"":51.4,""seq"":11}","{""phase"":""G"",""startLLA"":{""lat"":37.583699,""lon"":126.886697,""alt"":305},""endLLA"":{""lat"":37.586283,""lon"":126.886304,""alt"":288.16},""targetSpeed"":36,""seq"":12}","{""phase"":""G"",""startLLA"":{""lat"":37.586283,""lon"":126.886304,""alt"":288.16},""endLLA"":{""lat"":37.60526,""lon"":126.914121,""alt"":100},""targetSpeed"":36,""seq"":13}","{""phase"":""I"",""startLLA"":{""lat"":37.60526,""lon"":126.914121,""alt"":100},""endLLA"":{""lat"":37.611145,""lon"":126.922747,""alt"":15},""targetSpeed"":30,""seq"":14}","{""phase"":""J"",""startLLA"":{""lat"":37.611145,""lon"":126.922747,""alt"":15},""endLLA"":{""lat"":37.611145,""lon"":126.922747,""alt"":0},""targetSpeed"":10,""seq"":15}","{""phase"":""K"",""startLLA"":{""lat"":37.611145,""lon"":126.922747,""alt"":0},""endLLA"":{""lat"":37.611145,""lon"":126.922747,""alt"":0},""targetSpeed"":3,""seq"":16}",,,,,
98f166edc22f,2026-07-11,FPL1303009,UAM0098,a2,2,2,1,강남,강남,상암,상암,13,G4,F1,G4,F3,13:13:49,13:22:47,13:28:34,13:35:24,13:45:24,538.39,346.64,410,1295.03,32.68,0,ready,강남 > 이수고가차로 > 상도터널 > 63빌딩 > 서강대교 중간지점 > 선유도 17고지 > 상암,15.0491,14,"{""phase"":""A"",""startLLA"":{""lat"":37.496291,""lon"":127.023303,""alt"":0},""endLLA"":{""lat"":37.496291,""lon"":127.023303,""alt"":0},""targetSpeed"":3,""seq"":1}","{""phase"":""B"",""startLLA"":{""lat"":37.496291,""lon"":127.023303,""alt"":0},""endLLA"":{""lat"":37.496291,""lon"":127.023303,""alt"":15},""targetSpeed"":10,""seq"":2}","{""phase"":""C"",""startLLA"":{""lat"":37.496291,""lon"":127.023303,""alt"":15},""endLLA"":{""lat"":37.496789,""lon"":127.009673,""alt"":100},""targetSpeed"":36,""seq"":3}","{""phase"":""E"",""startLLA"":{""lat"":37.496789,""lon"":127.009673,""alt"":100},""endLLA"":{""lat"":37.497738,""lon"":126.983721,""alt"":233.33},""targetSpeed"":51.4,""seq"":4}","{""phase"":""E"",""startLLA"":{""lat"":37.497738,""lon"":126.983721,""alt"":233.33},""endLLA"":{""lat"":37.50217,""lon"":126.970921,""alt"":305},""targetSpeed"":51.4,""seq"":5}","{""phase"":""F"",""startLLA"":{""lat"":37.50217,""lon"":126.970921,""alt"":305},""endLLA"":{""lat"":37.508684,""lon"":126.95211,""alt"":305},""targetSpeed"":51.4,""seq"":6}","{""phase"":""F"",""startLLA"":{""lat"":37.508684,""lon"":126.95211,""alt"":305},""endLLA"":{""lat"":37.519378,""lon"":126.94021,""alt"":305},""targetSpeed"":51.4,""seq"":7}","{""phase"":""F"",""startLLA"":{""lat"":37.519378,""lon"":126.94021,""alt"":305},""endLLA"":{""lat"":37.536949,""lon"":126.924908,""alt"":305},""targetSpeed"":51.4,""seq"":8}","{""phase"":""F"",""startLLA"":{""lat"":37.536949,""lon"":126.924908,""alt"":305},""endLLA"":{""lat"":37.536976,""lon"":126.924795,""alt"":305},""targetSpeed"":51.4,""seq"":9}","{""phase"":""G"",""startLLA"":{""lat"":37.536976,""lon"":126.924795,""alt"":305},""endLLA"":{""lat"":37.542307,""lon"":126.90249,""alt"":185.51},""targetSpeed"":36,""seq"":10}","{""phase"":""G"",""startLLA"":{""lat"":37.542307,""lon"":126.90249,""alt"":185.51},""endLLA"":{""lat"":37.55418,""lon"":126.895159,""alt"":100},""targetSpeed"":36,""seq"":11}","{""phase"":""I"",""startLLA"":{""lat"":37.55418,""lon"":126.895159,""alt"":100},""endLLA"":{""lat"":37.562282,""lon"":126.890156,""alt"":15},""targetSpeed"":30,""seq"":12}","{""phase"":""J"",""startLLA"":{""lat"":37.562282,""lon"":126.890156,""alt"":15},""endLLA"":{""lat"":37.562282,""lon"":126.890156,""alt"":0},""targetSpeed"":10,""seq"":13}","{""phase"":""K"",""startLLA"":{""lat"":37.562282,""lon"":126.890156,""alt"":0},""endLLA"":{""lat"":37.562282,""lon"":126.890156,""alt"":0},""targetSpeed"":3,""seq"":14}",,,,,,,
98f166edc22f,2026-07-11,FPL1316008,UAM0103,a8,8,8,1,강남,강남,망우,망우,13,G8,F2,G3,F3,13:16:36,13:25:01,13:30:08,13:37:28,13:47:28,505.71,306.63,440,1252.35,0,0,ready,강남 > 청담대교 중간지점 > 건대입구 > 망우,12.9927,11,"{""phase"":""A"",""startLLA"":{""lat"":37.496291,""lon"":127.023303,""alt"":0},""endLLA"":{""lat"":37.496291,""lon"":127.023303,""alt"":0},""targetSpeed"":3,""seq"":1}","{""phase"":""B"",""startLLA"":{""lat"":37.496291,""lon"":127.023303,""alt"":0},""endLLA"":{""lat"":37.496291,""lon"":127.023303,""alt"":15},""targetSpeed"":10,""seq"":2}","{""phase"":""C"",""startLLA"":{""lat"":37.496291,""lon"":127.023303,""alt"":15},""endLLA"":{""lat"":37.503645,""lon"":127.033314,""alt"":100},""targetSpeed"":36,""seq"":3}","{""phase"":""E"",""startLLA"":{""lat"":37.503645,""lon"":127.033314,""alt"":100},""endLLA"":{""lat"":37.525174,""lon"":127.062622,""alt"":305},""targetSpeed"":51.4,""seq"":4}","{""phase"":""F"",""startLLA"":{""lat"":37.525174,""lon"":127.062622,""alt"":305},""endLLA"":{""lat"":37.526451,""lon"":127.064361,""alt"":305},""targetSpeed"":51.4,""seq"":5}","{""phase"":""F"",""startLLA"":{""lat"":37.526451,""lon"":127.064361,""alt"":305},""endLLA"":{""lat"":37.540426,""lon"":127.069298,""alt"":305},""targetSpeed"":51.4,""seq"":6}","{""phase"":""F"",""startLLA"":{""lat"":37.540426,""lon"":127.069298,""alt"":305},""endLLA"":{""lat"":37.55715,""lon"":127.073903,""alt"":305},""targetSpeed"":51.4,""seq"":7}","{""phase"":""G"",""startLLA"":{""lat"":37.55715,""lon"":127.073903,""alt"":305},""endLLA"":{""lat"":37.588107,""lon"":127.082428,""alt"":100},""targetSpeed"":36,""seq"":8}","{""phase"":""I"",""startLLA"":{""lat"":37.588107,""lon"":127.082428,""alt"":100},""endLLA"":{""lat"":37.596919,""lon"":127.084854,""alt"":15},""targetSpeed"":30,""seq"":9}","{""phase"":""J"",""startLLA"":{""lat"":37.596919,""lon"":127.084854,""alt"":15},""endLLA"":{""lat"":37.596919,""lon"":127.084854,""alt"":0},""targetSpeed"":10,""seq"":10}","{""phase"":""K"",""startLLA"":{""lat"":37.596919,""lon"":127.084854,""alt"":0},""endLLA"":{""lat"":37.596919,""lon"":127.084854,""alt"":0},""targetSpeed"":3,""seq"":11}",,,,,,,,,,
98f166edc22f,2026-07-11,FPL1314015,UAM0047,a8,8,8,1,강남,강남,가산,가산,13,G3,F1,G3,F3,13:25:15,13:33:10,13:38:52,13:46:35,13:56:35,475.71,341.98,463.26,1280.95,0,30.46,ready,강남 > 채석장 > 180고지 > 가산,14.4391,11,"{""phase"":""A"",""startLLA"":{""lat"":37.496291,""lon"":127.023303,""alt"":0},""endLLA"":{""lat"":37.496291,""lon"":127.023303,""alt"":0},""targetSpeed"":3,""seq"":1}","{""phase"":""B"",""startLLA"":{""lat"":37.496291,""lon"":127.023303,""alt"":0},""endLLA"":{""lat"":37.496291,""lon"":127.023303,""alt"":15},""targetSpeed"":10,""seq"":2}","{""phase"":""C"",""startLLA"":{""lat"":37.496291,""lon"":127.023303,""alt"":15},""endLLA"":{""lat"":37.489331,""lon"":127.012849,""alt"":100},""targetSpeed"":36,""seq"":3}","{""phase"":""E"",""startLLA"":{""lat"":37.489331,""lon"":127.012849,""alt"":100},""endLLA"":{""lat"":37.471285,""lon"":126.985745,""alt"":281.55},""targetSpeed"":51.4,""seq"":4}","{""phase"":""E"",""startLLA"":{""lat"":37.471285,""lon"":126.985745,""alt"":281.55},""endLLA"":{""lat"":37.473124,""lon"":126.981806,""alt"":305},""targetSpeed"":51.4,""seq"":5}","{""phase"":""F"",""startLLA"":{""lat"":37.473124,""lon"":126.981806,""alt"":305},""endLLA"":{""lat"":37.492877,""lon"":126.93949,""alt"":305},""targetSpeed"":51.4,""seq"":6}","{""phase"":""F"",""startLLA"":{""lat"":37.492877,""lon"":126.93949,""alt"":305},""endLLA"":{""lat"":37.492284,""lon"":126.929979,""alt"":305},""targetSpeed"":51.4,""seq"":7}","{""phase"":""G"",""startLLA"":{""lat"":37.492284,""lon"":126.929979,""alt"":305},""endLLA"":{""lat"":37.489798,""lon"":126.890147,""alt"":100},""targetSpeed"":36,""seq"":8}","{""phase"":""I"",""startLLA"":{""lat"":37.489798,""lon"":126.890147,""alt"":100},""endLLA"":{""lat"":37.489091,""lon"":126.878809,""alt"":15},""targetSpeed"":30,""seq"":9}","{""phase"":""J"",""startLLA"":{""lat"":37.489091,""lon"":126.878809,""alt"":15},""endLLA"":{""lat"":37.489091,""lon"":126.878809,""alt"":0},""targetSpeed"":10,""seq"":10}","{""phase"":""K"",""startLLA"":{""lat"":37.489091,""lon"":126.878809,""alt"":0},""endLLA"":{""lat"":37.489091,""lon"":126.878809,""alt"":0},""targetSpeed"":3,""seq"":11}",,,,,,,,,,
98f166edc22f,2026-07-11,FPL1311021,UAM0054,a6,6,6,1,강남,강남,천호,천호,13,G2,F2,G7,F3,13:26:32,13:33:57,13:38:21,13:45:41,13:55:41,445.71,263.39,440,1149.1,0,0,ready,강남 > 청담대교 중간지점 > 잠실대교 중간지점 > 천호,10.7701,11,"{""phase"":""A"",""startLLA"":{""lat"":37.496291,""lon"":127.023303,""alt"":0},""endLLA"":{""lat"":37.496291,""lon"":127.023303,""alt"":0},""targetSpeed"":3,""seq"":1}","{""phase"":""B"",""startLLA"":{""lat"":37.496291,""lon"":127.023303,""alt"":0},""endLLA"":{""lat"":37.496291,""lon"":127.023303,""alt"":15},""targetSpeed"":10,""seq"":2}","{""phase"":""C"",""startLLA"":{""lat"":37.496291,""lon"":127.023303,""alt"":15},""endLLA"":{""lat"":37.503645,""lon"":127.033315,""alt"":100},""targetSpeed"":36,""seq"":3}","{""phase"":""E"",""startLLA"":{""lat"":37.503645,""lon"":127.033315,""alt"":100},""endLLA"":{""lat"":37.525177,""lon"":127.062626,""alt"":305},""targetSpeed"":51.4,""seq"":4}","{""phase"":""F"",""startLLA"":{""lat"":37.525177,""lon"":127.062626,""alt"":305},""endLLA"":{""lat"":37.526451,""lon"":127.064361,""alt"":305},""targetSpeed"":51.4,""seq"":5}","{""phase"":""F"",""startLLA"":{""lat"":37.526451,""lon"":127.064361,""alt"":305},""endLLA"":{""lat"":37.52529,""lon"":127.079002,""alt"":305},""targetSpeed"":51.4,""seq"":6}","{""phase"":""G"",""startLLA"":{""lat"":37.52529,""lon"":127.079002,""alt"":305},""endLLA"":{""lat"":37.524288,""lon"":127.091639,""alt"":239.84},""targetSpeed"":36,""seq"":7}","{""phase"":""G"",""startLLA"":{""lat"":37.524288,""lon"":127.091639,""alt"":239.84},""endLLA"":{""lat"":37.539419,""lon"":127.111107,""alt"":100},""targetSpeed"":36,""seq"":8}","{""phase"":""I"",""startLLA"":{""lat"":37.539419,""lon"":127.111107,""alt"":100},""endLLA"":{""lat"":37.545733,""lon"":127.11923,""alt"":15},""targetSpeed"":30,""seq"":9}","{""phase"":""J"",""startLLA"":{""lat"":37.545733,""lon"":127.11923,""alt"":15},""endLLA"":{""lat"":37.545733,""lon"":127.11923,""alt"":0},""targetSpeed"":10,""seq"":10}","{""phase"":""K"",""startLLA"":{""lat"":37.545733,""lon"":127.11923,""alt"":0},""endLLA"":{""lat"":37.545733,""lon"":127.11923,""alt"":0},""targetSpeed"":3,""seq"":11}",,,,,,,,,,
98f166edc22f,2026-07-11,FPL1305021,UAM0132,a4,4,4,1,강남,강남,목동,목동,13,G7,F1,G3,F3,13:29:40,13:38:36,13:44:31,13:51:51,14:01:51,536.43,355.28,440,1331.71,60.71,0,ready,강남 > 이수고가차로 > 상도터널 > 63빌딩 > 서강대교 중간지점 > 선유도 17고지 > 목동,15.4931,14,"{""phase"":""A"",""startLLA"":{""lat"":37.496291,""lon"":127.023303,""alt"":0},""endLLA"":{""lat"":37.496291,""lon"":127.023303,""alt"":0},""targetSpeed"":3,""seq"":1}","{""phase"":""B"",""startLLA"":{""lat"":37.496291,""lon"":127.023303,""alt"":0},""endLLA"":{""lat"":37.496291,""lon"":127.023303,""alt"":15},""targetSpeed"":10,""seq"":2}","{""phase"":""C"",""startLLA"":{""lat"":37.496291,""lon"":127.023303,""alt"":15},""endLLA"":{""lat"":37.496789,""lon"":127.009673,""alt"":100},""targetSpeed"":36,""seq"":3}","{""phase"":""E"",""startLLA"":{""lat"":37.496789,""lon"":127.009673,""alt"":100},""endLLA"":{""lat"":37.497738,""lon"":126.983721,""alt"":233.33},""targetSpeed"":51.4,""seq"":4}","{""phase"":""E"",""startLLA"":{""lat"":37.497738,""lon"":126.983721,""alt"":233.33},""endLLA"":{""lat"":37.50217,""lon"":126.970921,""alt"":305},""targetSpeed"":51.4,""seq"":5}","{""phase"":""F"",""startLLA"":{""lat"":37.50217,""lon"":126.970921,""alt"":305},""endLLA"":{""lat"":37.508684,""lon"":126.95211,""alt"":305},""targetSpeed"":51.4,""seq"":6}","{""phase"":""F"",""startLLA"":{""lat"":37.508684,""lon"":126.95211,""alt"":305},""endLLA"":{""lat"":37.519378,""lon"":126.94021,""alt"":305},""targetSpeed"":51.4,""seq"":7}","{""phase"":""F"",""startLLA"":{""lat"":37.519378,""lon"":126.94021,""alt"":305},""endLLA"":{""lat"":37.536949,""lon"":126.924908,""alt"":305},""targetSpeed"":51.4,""seq"":8}","{""phase"":""F"",""startLLA"":{""lat"":37.536949,""lon"":126.924908,""alt"":305},""endLLA"":{""lat"":37.538128,""lon"":126.919977,""alt"":305},""targetSpeed"":51.4,""seq"":9}","{""phase"":""G"",""startLLA"":{""lat"":37.538128,""lon"":126.919977,""alt"":305},""endLLA"":{""lat"":37.542307,""lon"":126.90249,""alt"":211.32},""targetSpeed"":36,""seq"":10}","{""phase"":""G"",""startLLA"":{""lat"":37.542307,""lon"":126.90249,""alt"":211.32},""endLLA"":{""lat"":37.531833,""lon"":126.88527,""alt"":100},""targetSpeed"":36,""seq"":11}","{""phase"":""I"",""startLLA"":{""lat"":37.531833,""lon"":126.88527,""alt"":100},""endLLA"":{""lat"":37.526343,""lon"":126.876243,""alt"":15},""targetSpeed"":30,""seq"":12}","{""phase"":""J"",""startLLA"":{""lat"":37.526343,""lon"":126.876243,""alt"":15},""endLLA"":{""lat"":37.526343,""lon"":126.876243,""alt"":0},""targetSpeed"":10,""seq"":13}","{""phase"":""K"",""startLLA"":{""lat"":37.526343,""lon"":126.876243,""alt"":0},""endLLA"":{""lat"":37.526343,""lon"":126.876243,""alt"":0},""targetSpeed"":3,""seq"":14}",,,,,,,
98f166edc22f,2026-07-11,FPL1314016,UAM0022,a6,6,6,1,강남,강남,가산,가산,13,G4,F2,G6,F4,13:33:17,13:41:42,13:47:27,13:55:17,14:05:17,505.71,344.66,470,1320.38,0,9.89,ready,강남 > 채석장 > 180고지 > 가산,14.4391,11,"{""phase"":""A"",""startLLA"":{""lat"":37.496291,""lon"":127.023303,""alt"":0},""endLLA"":{""lat"":37.496291,""lon"":127.023303,""alt"":0},""targetSpeed"":3,""seq"":1}","{""phase"":""B"",""startLLA"":{""lat"":37.496291,""lon"":127.023303,""alt"":0},""endLLA"":{""lat"":37.496291,""lon"":127.023303,""alt"":15},""targetSpeed"":10,""seq"":2}","{""phase"":""C"",""startLLA"":{""lat"":37.496291,""lon"":127.023303,""alt"":15},""endLLA"":{""lat"":37.489331,""lon"":127.012849,""alt"":100},""targetSpeed"":36,""seq"":3}","{""phase"":""E"",""startLLA"":{""lat"":37.489331,""lon"":127.012849,""alt"":100},""endLLA"":{""lat"":37.471285,""lon"":126.985745,""alt"":281.55},""targetSpeed"":51.4,""seq"":4}","{""phase"":""E"",""startLLA"":{""lat"":37.471285,""lon"":126.985745,""alt"":281.55},""endLLA"":{""lat"":37.473124,""lon"":126.981806,""alt"":305},""targetSpeed"":51.4,""seq"":5}","{""phase"":""F"",""startLLA"":{""lat"":37.473124,""lon"":126.981806,""alt"":305},""endLLA"":{""lat"":37.492877,""lon"":126.93949,""alt"":305},""targetSpeed"":51.4,""seq"":6}","{""phase"":""F"",""startLLA"":{""lat"":37.492877,""lon"":126.93949,""alt"":305},""endLLA"":{""lat"":37.492284,""lon"":126.929979,""alt"":305},""targetSpeed"":51.4,""seq"":7}","{""phase"":""G"",""startLLA"":{""lat"":37.492284,""lon"":126.929979,""alt"":305},""endLLA"":{""lat"":37.489798,""lon"":126.890147,""alt"":100},""targetSpeed"":36,""seq"":8}","{""phase"":""I"",""startLLA"":{""lat"":37.489798,""lon"":126.890147,""alt"":100},""endLLA"":{""lat"":37.489091,""lon"":126.878809,""alt"":15},""targetSpeed"":30,""seq"":9}","{""phase"":""J"",""startLLA"":{""lat"":37.489091,""lon"":126.878809,""alt"":15},""endLLA"":{""lat"":37.489091,""lon"":126.878809,""alt"":0},""targetSpeed"":10,""seq"":10}","{""phase"":""K"",""startLLA"":{""lat"":37.489091,""lon"":126.878809,""alt"":0},""endLLA"":{""lat"":37.489091,""lon"":126.878809,""alt"":0},""targetSpeed"":3,""seq"":11}",,,,,,,,,,
98f166edc22f,2026-07-11,FPL1305022,UAM0002,a2,2,2,1,강남,강남,목동,목동,13,G6,F1,G8,F3,13:34:57,13:44:02,13:49:57,13:56:47,14:06:47,545.14,355.28,410,1310.42,99.43,0,ready,강남 > 이수고가차로 > 상도터널 > 63빌딩 > 서강대교 중간지점 > 선유도 17고지 > 목동,15.4931,14,"{""phase"":""A"",""startLLA"":{""lat"":37.496291,""lon"":127.023303,""alt"":0},""endLLA"":{""lat"":37.496291,""lon"":127.023303,""alt"":0},""targetSpeed"":3,""seq"":1}","{""phase"":""B"",""startLLA"":{""lat"":37.496291,""lon"":127.023303,""alt"":0},""endLLA"":{""lat"":37.496291,""lon"":127.023303,""alt"":15},""targetSpeed"":10,""seq"":2}","{""phase"":""C"",""startLLA"":{""lat"":37.496291,""lon"":127.023303,""alt"":15},""endLLA"":{""lat"":37.496789,""lon"":127.009673,""alt"":100},""targetSpeed"":36,""seq"":3}","{""phase"":""E"",""startLLA"":{""lat"":37.496789,""lon"":127.009673,""alt"":100},""endLLA"":{""lat"":37.497738,""lon"":126.983721,""alt"":233.33},""targetSpeed"":51.4,""seq"":4}","{""phase"":""E"",""startLLA"":{""lat"":37.497738,""lon"":126.983721,""alt"":233.33},""endLLA"":{""lat"":37.50217,""lon"":126.970921,""alt"":305},""targetSpeed"":51.4,""seq"":5}","{""phase"":""F"",""startLLA"":{""lat"":37.50217,""lon"":126.970921,""alt"":305},""endLLA"":{""lat"":37.508684,""lon"":126.95211,""alt"":305},""targetSpeed"":51.4,""seq"":6}","{""phase"":""F"",""startLLA"":{""lat"":37.508684,""lon"":126.95211,""alt"":305},""endLLA"":{""lat"":37.519378,""lon"":126.94021,""alt"":305},""targetSpeed"":51.4,""seq"":7}","{""phase"":""F"",""startLLA"":{""lat"":37.519378,""lon"":126.94021,""alt"":305},""endLLA"":{""lat"":37.536949,""lon"":126.924908,""alt"":305},""targetSpeed"":51.4,""seq"":8}","{""phase"":""F"",""startLLA"":{""lat"":37.536949,""lon"":126.924908,""alt"":305},""endLLA"":{""lat"":37.538128,""lon"":126.919977,""alt"":305},""targetSpeed"":51.4,""seq"":9}","{""phase"":""G"",""startLLA"":{""lat"":37.538128,""lon"":126.919977,""alt"":305},""endLLA"":{""lat"":37.542307,""lon"":126.90249,""alt"":211.32},""targetSpeed"":36,""seq"":10}","{""phase"":""G"",""startLLA"":{""lat"":37.542307,""lon"":126.90249,""alt"":211.32},""endLLA"":{""lat"":37.531833,""lon"":126.88527,""alt"":100},""targetSpeed"":36,""seq"":11}","{""phase"":""I"",""startLLA"":{""lat"":37.531833,""lon"":126.88527,""alt"":100},""endLLA"":{""lat"":37.526343,""lon"":126.876243,""alt"":15},""targetSpeed"":30,""seq"":12}","{""phase"":""J"",""startLLA"":{""lat"":37.526343,""lon"":126.876243,""alt"":15},""endLLA"":{""lat"":37.526343,""lon"":126.876243,""alt"":0},""targetSpeed"":10,""seq"":13}","{""phase"":""K"",""startLLA"":{""lat"":37.526343,""lon"":126.876243,""alt"":0},""endLLA"":{""lat"":37.526343,""lon"":126.876243,""alt"":0},""targetSpeed"":3,""seq"":14}",,,,,,,
98f166edc22f,2026-07-11,FPL1305023,UAM0107,a4,4,4,1,강남,강남,목동,목동,13,G8,F1,G6,F4,13:39:44,13:49:29,13:56:23,14:04:13,14:14:13,585.71,413.67,470,1469.38,119.2,58.39,ready,강남 > 이수고가차로 > 상도터널 > 63빌딩 > 서강대교 중간지점 > 선유도 17고지 > 목동,15.4931,14,"{""phase"":""A"",""startLLA"":{""lat"":37.496291,""lon"":127.023303,""alt"":0},""endLLA"":{""lat"":37.496291,""lon"":127.023303,""alt"":0},""targetSpeed"":3,""seq"":1}","{""phase"":""B"",""startLLA"":{""lat"":37.496291,""lon"":127.023303,""alt"":0},""endLLA"":{""lat"":37.496291,""lon"":127.023303,""alt"":15},""targetSpeed"":10,""seq"":2}","{""phase"":""C"",""startLLA"":{""lat"":37.496291,""lon"":127.023303,""alt"":15},""endLLA"":{""lat"":37.496789,""lon"":127.009673,""alt"":100},""targetSpeed"":36,""seq"":3}","{""phase"":""E"",""startLLA"":{""lat"":37.496789,""lon"":127.009673,""alt"":100},""endLLA"":{""lat"":37.497738,""lon"":126.983721,""alt"":233.33},""targetSpeed"":51.4,""seq"":4}","{""phase"":""E"",""startLLA"":{""lat"":37.497738,""lon"":126.983721,""alt"":233.33},""endLLA"":{""lat"":37.50217,""lon"":126.970921,""alt"":305},""targetSpeed"":51.4,""seq"":5}","{""phase"":""F"",""startLLA"":{""lat"":37.50217,""lon"":126.970921,""alt"":305},""endLLA"":{""lat"":37.508684,""lon"":126.95211,""alt"":305},""targetSpeed"":51.4,""seq"":6}","{""phase"":""F"",""startLLA"":{""lat"":37.508684,""lon"":126.95211,""alt"":305},""endLLA"":{""lat"":37.519378,""lon"":126.94021,""alt"":305},""targetSpeed"":51.4,""seq"":7}","{""phase"":""F"",""startLLA"":{""lat"":37.519378,""lon"":126.94021,""alt"":305},""endLLA"":{""lat"":37.536949,""lon"":126.924908,""alt"":305},""targetSpeed"":51.4,""seq"":8}","{""phase"":""F"",""startLLA"":{""lat"":37.536949,""lon"":126.924908,""alt"":305},""endLLA"":{""lat"":37.538128,""lon"":126.919977,""alt"":305},""targetSpeed"":51.4,""seq"":9}","{""phase"":""G"",""startLLA"":{""lat"":37.538128,""lon"":126.919977,""alt"":305},""endLLA"":{""lat"":37.542307,""lon"":126.90249,""alt"":211.32},""targetSpeed"":36,""seq"":10}","{""phase"":""G"",""startLLA"":{""lat"":37.542307,""lon"":126.90249,""alt"":211.32},""endLLA"":{""lat"":37.531833,""lon"":126.88527,""alt"":100},""targetSpeed"":36,""seq"":11}","{""phase"":""I"",""startLLA"":{""lat"":37.531833,""lon"":126.88527,""alt"":100},""endLLA"":{""lat"":37.526343,""lon"":126.876243,""alt"":15},""targetSpeed"":30,""seq"":12}","{""phase"":""J"",""startLLA"":{""lat"":37.526343,""lon"":126.876243,""alt"":15},""endLLA"":{""lat"":37.526343,""lon"":126.876243,""alt"":0},""targetSpeed"":10,""seq"":13}","{""phase"":""K"",""startLLA"":{""lat"":37.526343,""lon"":126.876243,""alt"":0},""endLLA"":{""lat"":37.526343,""lon"":126.876243,""alt"":0},""targetSpeed"":3,""seq"":14}",,,,,,,
98f166edc22f,2026-07-11,FPL1306009,UAM0124,a4,4,4,1,강남,강남,미아,미아,13,G3,F2,G4,F4,13:44:55,13:53:15,14:00:34,14:07:24,14:17:24,500.63,438.49,410,1349.11,24.91,0,ready,강남 > 청담대교 중간지점 > 건대입구 > 중랑천 제방길 > 상봉 > 월릉교 > 미아,19.77,14,"{""phase"":""A"",""startLLA"":{""lat"":37.496291,""lon"":127.023303,""alt"":0},""endLLA"":{""lat"":37.496291,""lon"":127.023303,""alt"":0},""targetSpeed"":3,""seq"":1}","{""phase"":""B"",""startLLA"":{""lat"":37.496291,""lon"":127.023303,""alt"":0},""endLLA"":{""lat"":37.496291,""lon"":127.023303,""alt"":15},""targetSpeed"":10,""seq"":2}","{""phase"":""C"",""startLLA"":{""lat"":37.496291,""lon"":127.023303,""alt"":15},""endLLA"":{""lat"":37.503643,""lon"":127.033311,""alt"":100},""targetSpeed"":36,""seq"":3}","{""phase"":""E"",""startLLA"":{""lat"":37.503643,""lon"":127.033311,""alt"":100},""endLLA"":{""lat"":37.525166,""lon"":127.062612,""alt"":305},""targetSpeed"":51.4,""seq"":4}","{""phase"":""F"",""startLLA"":{""lat"":37.525166,""lon"":127.062612,""alt"":305},""endLLA"":{""lat"":37.526451,""lon"":127.064361,""alt"":305},""targetSpeed"":51.4,""seq"":5}","{""phase"":""F"",""startLLA"":{""lat"":37.526451,""lon"":127.064361,""alt"":305},""endLLA"":{""lat"":37.540426,""lon"":127.069298,""alt"":305},""targetSpeed"":51.4,""seq"":6}","{""phase"":""F"",""startLLA"":{""lat"":37.540426,""lon"":127.069298,""alt"":305},""endLLA"":{""lat"":37.580774,""lon"":127.077387,""alt"":305},""targetSpeed"":51.4,""seq"":7}","{""phase"":""F"",""startLLA"":{""lat"":37.580774,""lon"":127.077387,""alt"":305},""endLLA"":{""lat"":37.596919,""lon"":127.084854,""alt"":305},""targetSpeed"":51.4,""seq"":8}","{""phase"":""F"",""startLLA"":{""lat"":37.596919,""lon"":127.084854,""alt"":305},""endLLA"":{""lat"":37.614364,""lon"":127.072717,""alt"":305},""targetSpeed"":51.4,""seq"":9}","{""phase"":""G"",""startLLA"":{""lat"":37.614364,""lon"":127.072717,""alt"":305},""endLLA"":{""lat"":37.616266,""lon"":127.071394,""alt"":290.95},""targetSpeed"":36,""seq"":10}","{""phase"":""G"",""startLLA"":{""lat"":37.616266,""lon"":127.071394,""alt"":290.95},""endLLA"":{""lat"":37.626944,""lon"":127.036666,""alt"":100},""targetSpeed"":36,""seq"":11}","{""phase"":""I"",""startLLA"":{""lat"":37.626944,""lon"":127.036666,""alt"":100},""endLLA"":{""lat"":37.630207,""lon"":127.026053,""alt"":15},""targetSpeed"":30,""seq"":12}","{""phase"":""J"",""startLLA"":{""lat"":37.630207,""lon"":127.026053,""alt"":15},""endLLA"":{""lat"":37.630207,""lon"":127.026053,""alt"":0},""targetSpeed"":10,""seq"":13}","{""phase"":""K"",""startLLA"":{""lat"":37.630207,""lon"":127.026053,""alt"":0},""endLLA"":{""lat"":37.630207,""lon"":127.026053,""alt"":0},""targetSpeed"":3,""seq"":14}",,,,,,,
98f166edc22f,2026-07-11,FPL1311022,UAM0115,a4,4,4,1,강남,강남,천호,천호,13,G4,F1,G8,F4,13:51:35,14:00:53,14:05:16,14:12:06,14:22:06,558.35,263.39,410,1231.74,52.63,0,ready,강남 > 청담대교 중간지점 > 잠실대교 중간지점 > 천호,10.7701,11,"{""phase"":""A"",""startLLA"":{""lat"":37.496291,""lon"":127.023303,""alt"":0},""endLLA"":{""lat"":37.496291,""lon"":127.023303,""alt"":0},""targetSpeed"":3,""seq"":1}","{""phase"":""B"",""startLLA"":{""lat"":37.496291,""lon"":127.023303,""alt"":0},""endLLA"":{""lat"":37.496291,""lon"":127.023303,""alt"":15},""targetSpeed"":10,""seq"":2}","{""phase"":""C"",""startLLA"":{""lat"":37.496291,""lon"":127.023303,""alt"":15},""endLLA"":{""lat"":37.503645,""lon"":127.033315,""alt"":100},""targetSpeed"":36,""seq"":3}","{""phase"":""E"",""startLLA"":{""lat"":37.503645,""lon"":127.033315,""alt"":100},""endLLA"":{""lat"":37.525177,""lon"":127.062626,""alt"":305},""targetSpeed"":51.4,""seq"":4}","{""phase"":""F"",""startLLA"":{""lat"":37.525177,""lon"":127.062626,""alt"":305},""endLLA"":{""lat"":37.526451,""lon"":127.064361,""alt"":305},""targetSpeed"":51.4,""seq"":5}","{""phase"":""F"",""startLLA"":{""lat"":37.526451,""lon"":127.064361,""alt"":305},""endLLA"":{""lat"":37.52529,""lon"":127.079002,""alt"":305},""targetSpeed"":51.4,""seq"":6}","{""phase"":""G"",""startLLA"":{""lat"":37.52529,""lon"":127.079002,""alt"":305},""endLLA"":{""lat"":37.524288,""lon"":127.091639,""alt"":239.84},""targetSpeed"":36,""seq"":7}","{""phase"":""G"",""startLLA"":{""lat"":37.524288,""lon"":127.091639,""alt"":239.84},""endLLA"":{""lat"":37.539419,""lon"":127.111107,""alt"":100},""targetSpeed"":36,""seq"":8}","{""phase"":""I"",""startLLA"":{""lat"":37.539419,""lon"":127.111107,""alt"":100},""endLLA"":{""lat"":37.545733,""lon"":127.11923,""alt"":15},""targetSpeed"":30,""seq"":9}","{""phase"":""J"",""startLLA"":{""lat"":37.545733,""lon"":127.11923,""alt"":15},""endLLA"":{""lat"":37.545733,""lon"":127.11923,""alt"":0},""targetSpeed"":10,""seq"":10}","{""phase"":""K"",""startLLA"":{""lat"":37.545733,""lon"":127.11923,""alt"":0},""endLLA"":{""lat"":37.545733,""lon"":127.11923,""alt"":0},""targetSpeed"":3,""seq"":11}",,,,,,,,,,
98f166edc22f,2026-07-11,FPL1311023,UAM0024,a8,8,8,1,강남,강남,천호,천호,13,G7,F2,G7,F3,13:52:45,14:01:33,14:05:56,14:13:16,14:23:16,528.35,263.39,440,1231.74,52.63,0,ready,강남 > 청담대교 중간지점 > 잠실대교 중간지점 > 천호,10.7701,11,"{""phase"":""A"",""startLLA"":{""lat"":37.496291,""lon"":127.023303,""alt"":0},""endLLA"":{""lat"":37.496291,""lon"":127.023303,""alt"":0},""targetSpeed"":3,""seq"":1}","{""phase"":""B"",""startLLA"":{""lat"":37.496291,""lon"":127.023303,""alt"":0},""endLLA"":{""lat"":37.496291,""lon"":127.023303,""alt"":15},""targetSpeed"":10,""seq"":2}","{""phase"":""C"",""startLLA"":{""lat"":37.496291,""lon"":127.023303,""alt"":15},""endLLA"":{""lat"":37.503645,""lon"":127.033315,""alt"":100},""targetSpeed"":36,""seq"":3}","{""phase"":""E"",""startLLA"":{""lat"":37.503645,""lon"":127.033315,""alt"":100},""endLLA"":{""lat"":37.525177,""lon"":127.062626,""alt"":305},""targetSpeed"":51.4,""seq"":4}","{""phase"":""F"",""startLLA"":{""lat"":37.525177,""lon"":127.062626,""alt"":305},""endLLA"":{""lat"":37.526451,""lon"":127.064361,""alt"":305},""targetSpeed"":51.4,""seq"":5}","{""phase"":""F"",""startLLA"":{""lat"":37.526451,""lon"":127.064361,""alt"":305},""endLLA"":{""lat"":37.52529,""lon"":127.079002,""alt"":305},""targetSpeed"":51.4,""seq"":6}","{""phase"":""G"",""startLLA"":{""lat"":37.52529,""lon"":127.079002,""alt"":305},""endLLA"":{""lat"":37.524288,""lon"":127.091639,""alt"":239.84},""targetSpeed"":36,""seq"":7}","{""phase"":""G"",""startLLA"":{""lat"":37.524288,""lon"":127.091639,""alt"":239.84},""endLLA"":{""lat"":37.539419,""lon"":127.111107,""alt"":100},""targetSpeed"":36,""seq"":8}","{""phase"":""I"",""startLLA"":{""lat"":37.539419,""lon"":127.111107,""alt"":100},""endLLA"":{""lat"":37.545733,""lon"":127.11923,""alt"":15},""targetSpeed"":30,""seq"":9}","{""phase"":""J"",""startLLA"":{""lat"":37.545733,""lon"":127.11923,""alt"":15},""endLLA"":{""lat"":37.545733,""lon"":127.11923,""alt"":0},""targetSpeed"":10,""seq"":10}","{""phase"":""K"",""startLLA"":{""lat"":37.545733,""lon"":127.11923,""alt"":0},""endLLA"":{""lat"":37.545733,""lon"":127.11923,""alt"":0},""targetSpeed"":3,""seq"":11}",,,,,,,,,,
98f166edc22f,2026-07-11,FPL1315016,UAM0015,a8,8,8,1,강남,강남,마곡,마곡,13,G2,F1,G4,F4,13:57:00,14:06:19,14:17:33,14:25:52,14:35:52,559.06,674.37,499,1732.43,113.35,180.72,ready,강남 > 이수고가차로 > 상도터널 > 63빌딩 > 서강대교 중간지점 > 선유도 17고지 > 성산대교 중간지점 > 가양대교 남단 > 마곡,23.493,16,"{""phase"":""A"",""startLLA"":{""lat"":37.496291,""lon"":127.023303,""alt"":0},""endLLA"":{""lat"":37.496291,""lon"":127.023303,""alt"":0},""targetSpeed"":3,""seq"":1}","{""phase"":""B"",""startLLA"":{""lat"":37.496291,""lon"":127.023303,""alt"":0},""endLLA"":{""lat"":37.496291,""lon"":127.023303,""alt"":15},""targetSpeed"":10,""seq"":2}","{""phase"":""C"",""startLLA"":{""lat"":37.496291,""lon"":127.023303,""alt"":15},""endLLA"":{""lat"":37.496789,""lon"":127.009676,""alt"":100},""targetSpeed"":36,""seq"":3}","{""phase"":""E"",""startLLA"":{""lat"":37.496789,""lon"":127.009676,""alt"":100},""endLLA"":{""lat"":37.497738,""lon"":126.983721,""alt"":233.37},""targetSpeed"":51.4,""seq"":4}","{""phase"":""E"",""startLLA"":{""lat"":37.497738,""lon"":126.983721,""alt"":233.37},""endLLA"":{""lat"":37.502167,""lon"":126.970931,""alt"":305},""targetSpeed"":51.4,""seq"":5}","{""phase"":""F"",""startLLA"":{""lat"":37.502167,""lon"":126.970931,""alt"":305},""endLLA"":{""lat"":37.508684,""lon"":126.95211,""alt"":305},""targetSpeed"":51.4,""seq"":6}","{""phase"":""F"",""startLLA"":{""lat"":37.508684,""lon"":126.95211,""alt"":305},""endLLA"":{""lat"":37.519378,""lon"":126.94021,""alt"":305},""targetSpeed"":51.4,""seq"":7}","{""phase"":""F"",""startLLA"":{""lat"":37.519378,""lon"":126.94021,""alt"":305},""endLLA"":{""lat"":37.536949,""lon"":126.924908,""alt"":305},""targetSpeed"":51.4,""seq"":8}","{""phase"":""F"",""startLLA"":{""lat"":37.536949,""lon"":126.924908,""alt"":305},""endLLA"":{""lat"":37.542307,""lon"":126.90249,""alt"":305},""targetSpeed"":51.4,""seq"":9}","{""phase"":""F"",""startLLA"":{""lat"":37.542307,""lon"":126.90249,""alt"":305},""endLLA"":{""lat"":37.552574,""lon"":126.891431,""alt"":305},""targetSpeed"":51.4,""seq"":10}","{""phase"":""F"",""startLLA"":{""lat"":37.552574,""lon"":126.891431,""alt"":305},""endLLA"":{""lat"":37.569391,""lon"":126.861026,""alt"":305},""targetSpeed"":51.4,""seq"":11}","{""phase"":""F"",""startLLA"":{""lat"":37.569391,""lon"":126.861026,""alt"":305},""endLLA"":{""lat"":37.567855,""lon"":126.842867,""alt"":305},""targetSpeed"":51.4,""seq"":12}","{""phase"":""G"",""startLLA"":{""lat"":37.567855,""lon"":126.842867,""alt"":305},""endLLA"":{""lat"":37.564492,""lon"":126.803119,""alt"":100},""targetSpeed"":36,""seq"":13}","{""phase"":""I"",""startLLA"":{""lat"":37.564492,""lon"":126.803119,""alt"":100},""endLLA"":{""lat"":37.563535,""lon"":126.791805,""alt"":15},""targetSpeed"":30,""seq"":14}","{""phase"":""J"",""startLLA"":{""lat"":37.563535,""lon"":126.791805,""alt"":15},""endLLA"":{""lat"":37.563535,""lon"":126.791805,""alt"":0},""targetSpeed"":10,""seq"":15}","{""phase"":""K"",""startLLA"":{""lat"":37.563535,""lon"":126.791805,""alt"":0},""endLLA"":{""lat"":37.563535,""lon"":126.791805,""alt"":0},""targetSpeed"":3,""seq"":16}",,,,,
98f166edc22f,2026-07-11,FPL1316009,UAM0060,a4,4,4,1,강남,강남,망우,망우,14,G8,F1,G3,F3,14:03:38,14:12:50,14:17:56,14:25:16,14:35:16,552.03,306.63,440,1298.66,46.31,0,ready,강남 > 청담대교 중간지점 > 건대입구 > 망우,12.9927,11,"{""phase"":""A"",""startLLA"":{""lat"":37.496291,""lon"":127.023303,""alt"":0},""endLLA"":{""lat"":37.496291,""lon"":127.023303,""alt"":0},""targetSpeed"":3,""seq"":1}","{""phase"":""B"",""startLLA"":{""lat"":37.496291,""lon"":127.023303,""alt"":0},""endLLA"":{""lat"":37.496291,""lon"":127.023303,""alt"":15},""targetSpeed"":10,""seq"":2}","{""phase"":""C"",""startLLA"":{""lat"":37.496291,""lon"":127.023303,""alt"":15},""endLLA"":{""lat"":37.503645,""lon"":127.033314,""alt"":100},""targetSpeed"":36,""seq"":3}","{""phase"":""E"",""startLLA"":{""lat"":37.503645,""lon"":127.033314,""alt"":100},""endLLA"":{""lat"":37.525174,""lon"":127.062622,""alt"":305},""targetSpeed"":51.4,""seq"":4}","{""phase"":""F"",""startLLA"":{""lat"":37.525174,""lon"":127.062622,""alt"":305},""endLLA"":{""lat"":37.526451,""lon"":127.064361,""alt"":305},""targetSpeed"":51.4,""seq"":5}","{""phase"":""F"",""startLLA"":{""lat"":37.526451,""lon"":127.064361,""alt"":305},""endLLA"":{""lat"":37.540426,""lon"":127.069298,""alt"":305},""targetSpeed"":51.4,""seq"":6}","{""phase"":""F"",""startLLA"":{""lat"":37.540426,""lon"":127.069298,""alt"":305},""endLLA"":{""lat"":37.55715,""lon"":127.073903,""alt"":305},""targetSpeed"":51.4,""seq"":7}","{""phase"":""G"",""startLLA"":{""lat"":37.55715,""lon"":127.073903,""alt"":305},""endLLA"":{""lat"":37.588107,""lon"":127.082428,""alt"":100},""targetSpeed"":36,""seq"":8}","{""phase"":""I"",""startLLA"":{""lat"":37.588107,""lon"":127.082428,""alt"":100},""endLLA"":{""lat"":37.596919,""lon"":127.084854,""alt"":15},""targetSpeed"":30,""seq"":9}","{""phase"":""J"",""startLLA"":{""lat"":37.596919,""lon"":127.084854,""alt"":15},""endLLA"":{""lat"":37.596919,""lon"":127.084854,""alt"":0},""targetSpeed"":10,""seq"":10}","{""phase"":""K"",""startLLA"":{""lat"":37.596919,""lon"":127.084854,""alt"":0},""endLLA"":{""lat"":37.596919,""lon"":127.084854,""alt"":0},""targetSpeed"":3,""seq"":11}",,,,,,,,,,
98f166edc22f,2026-07-11,FPL1305024,UAM0026,a2,2,2,1,강남,강남,목동,목동,14,G3,F2,G3,F4,14:07:13,14:15:08,14:24:55,14:32:22,14:42:22,475.71,586.99,447.14,1509.85,0,238.86,ready,강남 > 이수고가차로 > 상도터널 > 63빌딩 > 서강대교 중간지점 > 선유도 17고지 > 목동,15.4931,14,"{""phase"":""A"",""startLLA"":{""lat"":37.496291,""lon"":127.023303,""alt"":0},""endLLA"":{""lat"":37.496291,""lon"":127.023303,""alt"":0},""targetSpeed"":3,""seq"":1}","{""phase"":""B"",""startLLA"":{""lat"":37.496291,""lon"":127.023303,""alt"":0},""endLLA"":{""lat"":37.496291,""lon"":127.023303,""alt"":15},""targetSpeed"":10,""seq"":2}","{""phase"":""C"",""startLLA"":{""lat"":37.496291,""lon"":127.023303,""alt"":15},""endLLA"":{""lat"":37.496789,""lon"":127.009673,""alt"":100},""targetSpeed"":36,""seq"":3}","{""phase"":""E"",""startLLA"":{""lat"":37.496789,""lon"":127.009673,""alt"":100},""endLLA"":{""lat"":37.497738,""lon"":126.983721,""alt"":233.33},""targetSpeed"":51.4,""seq"":4}","{""phase"":""E"",""startLLA"":{""lat"":37.497738,""lon"":126.983721,""alt"":233.33},""endLLA"":{""lat"":37.50217,""lon"":126.970921,""alt"":305},""targetSpeed"":51.4,""seq"":5}","{""phase"":""F"",""startLLA"":{""lat"":37.50217,""lon"":126.970921,""alt"":305},""endLLA"":{""lat"":37.508684,""lon"":126.95211,""alt"":305},""targetSpeed"":51.4,""seq"":6}","{""phase"":""F"",""startLLA"":{""lat"":37.508684,""lon"":126.95211,""alt"":305},""endLLA"":{""lat"":37.519378,""lon"":126.94021,""alt"":305},""targetSpeed"":51.4,""seq"":7}","{""phase"":""F"",""startLLA"":{""lat"":37.519378,""lon"":126.94021,""alt"":305},""endLLA"":{""lat"":37.536949,""lon"":126.924908,""alt"":305},""targetSpeed"":51.4,""seq"":8}","{""phase"":""F"",""startLLA"":{""lat"":37.536949,""lon"":126.924908,""alt"":305},""endLLA"":{""lat"":37.538128,""lon"":126.919977,""alt"":305},""targetSpeed"":51.4,""seq"":9}","{""phase"":""G"",""startLLA"":{""lat"":37.538128,""lon"":126.919977,""alt"":305},""endLLA"":{""lat"":37.542307,""lon"":126.90249,""alt"":211.32},""targetSpeed"":36,""seq"":10}","{""phase"":""G"",""startLLA"":{""lat"":37.542307,""lon"":126.90249,""alt"":211.32},""endLLA"":{""lat"":37.531833,""lon"":126.88527,""alt"":100},""targetSpeed"":36,""seq"":11}","{""phase"":""I"",""startLLA"":{""lat"":37.531833,""lon"":126.88527,""alt"":100},""endLLA"":{""lat"":37.526343,""lon"":126.876243,""alt"":15},""targetSpeed"":30,""seq"":12}","{""phase"":""J"",""startLLA"":{""lat"":37.526343,""lon"":126.876243,""alt"":15},""endLLA"":{""lat"":37.526343,""lon"":126.876243,""alt"":0},""targetSpeed"":10,""seq"":13}","{""phase"":""K"",""startLLA"":{""lat"":37.526343,""lon"":126.876243,""alt"":0},""endLLA"":{""lat"":37.526343,""lon"":126.876243,""alt"":0},""targetSpeed"":3,""seq"":14}",,,,,,,
98f166edc22f,2026-07-11,FPL1315017,UAM0069,a6,6,6,1,강남,강남,마곡,마곡,14,G6,F1,G7,F3,14:09:04,14:18:15,14:26:59,14:34:19,14:44:19,551.74,523.84,440,1515.58,106.03,12.92,ready,강남 > 이수고가차로 > 상도터널 > 63빌딩 > 서강대교 중간지점 > 선유도 17고지 > 성산대교 중간지점 > 가양대교 남단 > 마곡,23.493,16,"{""phase"":""A"",""startLLA"":{""lat"":37.496291,""lon"":127.023303,""alt"":0},""endLLA"":{""lat"":37.496291,""lon"":127.023303,""alt"":0},""targetSpeed"":3,""seq"":1}","{""phase"":""B"",""startLLA"":{""lat"":37.496291,""lon"":127.023303,""alt"":0},""endLLA"":{""lat"":37.496291,""lon"":127.023303,""alt"":15},""targetSpeed"":10,""seq"":2}","{""phase"":""C"",""startLLA"":{""lat"":37.496291,""lon"":127.023303,""alt"":15},""endLLA"":{""lat"":37.496789,""lon"":127.009676,""alt"":100},""targetSpeed"":36,""seq"":3}","{""phase"":""E"",""startLLA"":{""lat"":37.496789,""lon"":127.009676,""alt"":100},""endLLA"":{""lat"":37.497738,""lon"":126.983721,""alt"":233.37},""targetSpeed"":51.4,""seq"":4}","{""phase"":""E"",""startLLA"":{""lat"":37.497738,""lon"":126.983721,""alt"":233.37},""endLLA"":{""lat"":37.502167,""lon"":126.970931,""alt"":305},""targetSpeed"":51.4,""seq"":5}","{""phase"":""F"",""startLLA"":{""lat"":37.502167,""lon"":126.970931,""alt"":305},""endLLA"":{""lat"":37.508684,""lon"":126.95211,""alt"":305},""targetSpeed"":51.4,""seq"":6}","{""phase"":""F"",""startLLA"":{""lat"":37.508684,""lon"":126.95211,""alt"":305},""endLLA"":{""lat"":37.519378,""lon"":126.94021,""alt"":305},""targetSpeed"":51.4,""seq"":7}","{""phase"":""F"",""startLLA"":{""lat"":37.519378,""lon"":126.94021,""alt"":305},""endLLA"":{""lat"":37.536949,""lon"":126.924908,""alt"":305},""targetSpeed"":51.4,""seq"":8}","{""phase"":""F"",""startLLA"":{""lat"":37.536949,""lon"":126.924908,""alt"":305},""endLLA"":{""lat"":37.542307,""lon"":126.90249,""alt"":305},""targetSpeed"":51.4,""seq"":9}","{""phase"":""F"",""startLLA"":{""lat"":37.542307,""lon"":126.90249,""alt"":305},""endLLA"":{""lat"":37.552574,""lon"":126.891431,""alt"":305},""targetSpeed"":51.4,""seq"":10}","{""phase"":""F"",""startLLA"":{""lat"":37.552574,""lon"":126.891431,""alt"":305},""endLLA"":{""lat"":37.569391,""lon"":126.861026,""alt"":305},""targetSpeed"":51.4,""seq"":11}","{""phase"":""F"",""startLLA"":{""lat"":37.569391,""lon"":126.861026,""alt"":305},""endLLA"":{""lat"":37.567855,""lon"":126.842867,""alt"":305},""targetSpeed"":51.4,""seq"":12}","{""phase"":""G"",""startLLA"":{""lat"":37.567855,""lon"":126.842867,""alt"":305},""endLLA"":{""lat"":37.564492,""lon"":126.803119,""alt"":100},""targetSpeed"":36,""seq"":13}","{""phase"":""I"",""startLLA"":{""lat"":37.564492,""lon"":126.803119,""alt"":100},""endLLA"":{""lat"":37.563535,""lon"":126.791805,""alt"":15},""targetSpeed"":30,""seq"":14}","{""phase"":""J"",""startLLA"":{""lat"":37.563535,""lon"":126.791805,""alt"":15},""endLLA"":{""lat"":37.563535,""lon"":126.791805,""alt"":0},""targetSpeed"":10,""seq"":15}","{""phase"":""K"",""startLLA"":{""lat"":37.563535,""lon"":126.791805,""alt"":0},""endLLA"":{""lat"":37.563535,""lon"":126.791805,""alt"":0},""targetSpeed"":3,""seq"":16}",,,,,
98f166edc22f,2026-07-11,FPL1310012,UAM0056,a8,8,8,1,강남,강남,연신내,연신내,14,G4,F2,G8,F4,14:11:09,14:20:34,14:28:38,14:35:28,14:45:28,565.43,483.8,410,1459.23,59.71,0,ready,강남 > 이수고가차로 > 상도터널 > 63빌딩 > 서강대교 중간지점 > 선유도 17고지 > 성산대교 중간지점 > 수색교 > 연신내,22.0994,16,"{""phase"":""A"",""startLLA"":{""lat"":37.496291,""lon"":127.023303,""alt"":0},""endLLA"":{""lat"":37.496291,""lon"":127.023303,""alt"":0},""targetSpeed"":3,""seq"":1}","{""phase"":""B"",""startLLA"":{""lat"":37.496291,""lon"":127.023303,""alt"":0},""endLLA"":{""lat"":37.496291,""lon"":127.023303,""alt"":15},""targetSpeed"":10,""seq"":2}","{""phase"":""C"",""startLLA"":{""lat"":37.496291,""lon"":127.023303,""alt"":15},""endLLA"":{""lat"":37.496789,""lon"":127.009676,""alt"":100},""targetSpeed"":36,""seq"":3}","{""phase"":""E"",""startLLA"":{""lat"":37.496789,""lon"":127.009676,""alt"":100},""endLLA"":{""lat"":37.497738,""lon"":126.983721,""alt"":233.37},""targetSpeed"":51.4,""seq"":4}","{""phase"":""E"",""startLLA"":{""lat"":37.497738,""lon"":126.983721,""alt"":233.37},""endLLA"":{""lat"":37.502167,""lon"":126.970929,""alt"":305},""targetSpeed"":51.4,""seq"":5}","{""phase"":""F"",""startLLA"":{""lat"":37.502167,""lon"":126.970929,""alt"":305},""endLLA"":{""lat"":37.508684,""lon"":126.95211,""alt"":305},""targetSpeed"":51.4,""seq"":6}","{""phase"":""F"",""startLLA"":{""lat"":37.508684,""lon"":126.95211,""alt"":305},""endLLA"":{""lat"":37.519378,""lon"":126.94021,""alt"":305},""targetSpeed"":51.4,""seq"":7}","{""phase"":""F"",""startLLA"":{""lat"":37.519378,""lon"":126.94021,""alt"":305},""endLLA"":{""lat"":37.536949,""lon"":126.924908,""alt"":305},""targetSpeed"":51.4,""seq"":8}","{""phase"":""F"",""startLLA"":{""lat"":37.536949,""lon"":126.924908,""alt"":305},""endLLA"":{""lat"":37.542307,""lon"":126.90249,""alt"":305},""targetSpeed"":51.4,""seq"":9}","{""phase"":""F"",""startLLA"":{""lat"":37.542307,""lon"":126.90249,""alt"":305},""endLLA"":{""lat"":37.552574,""lon"":126.891431,""alt"":305},""targetSpeed"":51.4,""seq"":10}","{""phase"":""F"",""startLLA"":{""lat"":37.552574,""lon"":126.891431,""alt"":305},""endLLA"":{""lat"":37.583699,""lon"":126.886697,""alt"":305},""targetSpeed"":51.4,""seq"":11}","{""phase"":""G"",""startLLA"":{""lat"":37.583699,""lon"":126.886697,""alt"":305},""endLLA"":{""lat"":37.586283,""lon"":126.886304,""alt"":288.16},""targetSpeed"":36,""seq"":12}","{""phase"":""G"",""startLLA"":{""lat"":37.586283,""lon"":126.886304,""alt"":288.16},""endLLA"":{""lat"":37.60526,""lon"":126.914121,""alt"":100},""targetSpeed"":36,""seq"":13}","{""phase"":""I"",""startLLA"":{""lat"":37.60526,""lon"":126.914121,""alt"":100},""endLLA"":{""lat"":37.611145,""lon"":126.922747,""alt"":15},""targetSpeed"":30,""seq"":14}","{""phase"":""J"",""startLLA"":{""lat"":37.611145,""lon"":126.922747,""alt"":15},""endLLA"":{""lat"":37.611145,""lon"":126.922747,""alt"":0},""targetSpeed"":10,""seq"":15}","{""phase"":""K"",""startLLA"":{""lat"":37.611145,""lon"":126.922747,""alt"":0},""endLLA"":{""lat"":37.611145,""lon"":126.922747,""alt"":0},""targetSpeed"":3,""seq"":16}",,,,,
98f166edc22f,2026-07-11,FPL1314017,UAM0039,a8,8,8,1,강남,강남,가산,가산,14,G7,F1,G4,F3,14:13:00,14:23:41,14:29:16,14:36:06,14:46:06,641.46,334.77,410,1386.23,165.74,0,ready,강남 > 채석장 > 180고지 > 가산,14.4391,11,"{""phase"":""A"",""startLLA"":{""lat"":37.496291,""lon"":127.023303,""alt"":0},""endLLA"":{""lat"":37.496291,""lon"":127.023303,""alt"":0},""targetSpeed"":3,""seq"":1}","{""phase"":""B"",""startLLA"":{""lat"":37.496291,""lon"":127.023303,""alt"":0},""endLLA"":{""lat"":37.496291,""lon"":127.023303,""alt"":15},""targetSpeed"":10,""seq"":2}","{""phase"":""C"",""startLLA"":{""lat"":37.496291,""lon"":127.023303,""alt"":15},""endLLA"":{""lat"":37.489331,""lon"":127.012849,""alt"":100},""targetSpeed"":36,""seq"":3}","{""phase"":""E"",""startLLA"":{""lat"":37.489331,""lon"":127.012849,""alt"":100},""endLLA"":{""lat"":37.471285,""lon"":126.985745,""alt"":281.55},""targetSpeed"":51.4,""seq"":4}","{""phase"":""E"",""startLLA"":{""lat"":37.471285,""lon"":126.985745,""alt"":281.55},""endLLA"":{""lat"":37.473124,""lon"":126.981806,""alt"":305},""targetSpeed"":51.4,""seq"":5}","{""phase"":""F"",""startLLA"":{""lat"":37.473124,""lon"":126.981806,""alt"":305},""endLLA"":{""lat"":37.492877,""lon"":126.93949,""alt"":305},""targetSpeed"":51.4,""seq"":6}","{""phase"":""F"",""startLLA"":{""lat"":37.492877,""lon"":126.93949,""alt"":305},""endLLA"":{""lat"":37.492284,""lon"":126.929979,""alt"":305},""targetSpeed"":51.4,""seq"":7}","{""phase"":""G"",""startLLA"":{""lat"":37.492284,""lon"":126.929979,""alt"":305},""endLLA"":{""lat"":37.489798,""lon"":126.890147,""alt"":100},""targetSpeed"":36,""seq"":8}","{""phase"":""I"",""startLLA"":{""lat"":37.489798,""lon"":126.890147,""alt"":100},""endLLA"":{""lat"":37.489091,""lon"":126.878809,""alt"":15},""targetSpeed"":30,""seq"":9}","{""phase"":""J"",""startLLA"":{""lat"":37.489091,""lon"":126.878809,""alt"":15},""endLLA"":{""lat"":37.489091,""lon"":126.878809,""alt"":0},""targetSpeed"":10,""seq"":10}","{""phase"":""K"",""startLLA"":{""lat"":37.489091,""lon"":126.878809,""alt"":0},""endLLA"":{""lat"":37.489091,""lon"":126.878809,""alt"":0},""targetSpeed"":3,""seq"":11}",,,,,,,,,,
98f166edc22f,2026-07-11,FPL1305025,UAM0071,a8,8,8,1,강남,강남,목동,목동,14,G2,F2,G4,F3,14:16:35,14:26:00,14:33:14,14:40:04,14:50:04,565.14,434.13,410,1409.28,119.43,40.56,ready,강남 > 이수고가차로 > 상도터널 > 63빌딩 > 서강대교 중간지점 > 선유도 17고지 > 목동,15.4931,14,"{""phase"":""A"",""startLLA"":{""lat"":37.496291,""lon"":127.023303,""alt"":0},""endLLA"":{""lat"":37.496291,""lon"":127.023303,""alt"":0},""targetSpeed"":3,""seq"":1}","{""phase"":""B"",""startLLA"":{""lat"":37.496291,""lon"":127.023303,""alt"":0},""endLLA"":{""lat"":37.496291,""lon"":127.023303,""alt"":15},""targetSpeed"":10,""seq"":2}","{""phase"":""C"",""startLLA"":{""lat"":37.496291,""lon"":127.023303,""alt"":15},""endLLA"":{""lat"":37.496789,""lon"":127.009673,""alt"":100},""targetSpeed"":36,""seq"":3}","{""phase"":""E"",""startLLA"":{""lat"":37.496789,""lon"":127.009673,""alt"":100},""endLLA"":{""lat"":37.497738,""lon"":126.983721,""alt"":233.33},""targetSpeed"":51.4,""seq"":4}","{""phase"":""E"",""startLLA"":{""lat"":37.497738,""lon"":126.983721,""alt"":233.33},""endLLA"":{""lat"":37.50217,""lon"":126.970921,""alt"":305},""targetSpeed"":51.4,""seq"":5}","{""phase"":""F"",""startLLA"":{""lat"":37.50217,""lon"":126.970921,""alt"":305},""endLLA"":{""lat"":37.508684,""lon"":126.95211,""alt"":305},""targetSpeed"":51.4,""seq"":6}","{""phase"":""F"",""startLLA"":{""lat"":37.508684,""lon"":126.95211,""alt"":305},""endLLA"":{""lat"":37.519378,""lon"":126.94021,""alt"":305},""targetSpeed"":51.4,""seq"":7}","{""phase"":""F"",""startLLA"":{""lat"":37.519378,""lon"":126.94021,""alt"":305},""endLLA"":{""lat"":37.536949,""lon"":126.924908,""alt"":305},""targetSpeed"":51.4,""seq"":8}","{""phase"":""F"",""startLLA"":{""lat"":37.536949,""lon"":126.924908,""alt"":305},""endLLA"":{""lat"":37.538128,""lon"":126.919977,""alt"":305},""targetSpeed"":51.4,""seq"":9}","{""phase"":""G"",""startLLA"":{""lat"":37.538128,""lon"":126.919977,""alt"":305},""endLLA"":{""lat"":37.542307,""lon"":126.90249,""alt"":211.32},""targetSpeed"":36,""seq"":10}","{""phase"":""G"",""startLLA"":{""lat"":37.542307,""lon"":126.90249,""alt"":211.32},""endLLA"":{""lat"":37.531833,""lon"":126.88527,""alt"":100},""targetSpeed"":36,""seq"":11}","{""phase"":""I"",""startLLA"":{""lat"":37.531833,""lon"":126.88527,""alt"":100},""endLLA"":{""lat"":37.526343,""lon"":126.876243,""alt"":15},""targetSpeed"":30,""seq"":12}","{""phase"":""J"",""startLLA"":{""lat"":37.526343,""lon"":126.876243,""alt"":15},""endLLA"":{""lat"":37.526343,""lon"":126.876243,""alt"":0},""targetSpeed"":10,""seq"":13}","{""phase"":""K"",""startLLA"":{""lat"":37.526343,""lon"":126.876243,""alt"":0},""endLLA"":{""lat"":37.526343,""lon"":126.876243,""alt"":0},""targetSpeed"":3,""seq"":14}",,,,,,,
98f166edc22f,2026-07-11,FPL1316010,UAM0036,a4,4,4,1,강남,강남,망우,망우,14,G1,F1,G6,F4,14:18:51,14:29:07,14:34:13,14:42:03,14:52:03,616.17,306.63,470,1392.8,200.46,0,ready,강남 > 청담대교 중간지점 > 건대입구 > 망우,12.9927,11,"{""phase"":""A"",""startLLA"":{""lat"":37.496291,""lon"":127.023303,""alt"":0},""endLLA"":{""lat"":37.496291,""lon"":127.023303,""alt"":0},""targetSpeed"":3,""seq"":1}","{""phase"":""B"",""startLLA"":{""lat"":37.496291,""lon"":127.023303,""alt"":0},""endLLA"":{""lat"":37.496291,""lon"":127.023303,""alt"":15},""targetSpeed"":10,""seq"":2}","{""phase"":""C"",""startLLA"":{""lat"":37.496291,""lon"":127.023303,""alt"":15},""endLLA"":{""lat"":37.503645,""lon"":127.033314,""alt"":100},""targetSpeed"":36,""seq"":3}","{""phase"":""E"",""startLLA"":{""lat"":37.503645,""lon"":127.033314,""alt"":100},""endLLA"":{""lat"":37.525174,""lon"":127.062622,""alt"":305},""targetSpeed"":51.4,""seq"":4}","{""phase"":""F"",""startLLA"":{""lat"":37.525174,""lon"":127.062622,""alt"":305},""endLLA"":{""lat"":37.526451,""lon"":127.064361,""alt"":305},""targetSpeed"":51.4,""seq"":5}","{""phase"":""F"",""startLLA"":{""lat"":37.526451,""lon"":127.064361,""alt"":305},""endLLA"":{""lat"":37.540426,""lon"":127.069298,""alt"":305},""targetSpeed"":51.4,""seq"":6}","{""phase"":""F"",""startLLA"":{""lat"":37.540426,""lon"":127.069298,""alt"":305},""endLLA"":{""lat"":37.55715,""lon"":127.073903,""alt"":305},""targetSpeed"":51.4,""seq"":7}","{""phase"":""G"",""startLLA"":{""lat"":37.55715,""lon"":127.073903,""alt"":305},""endLLA"":{""lat"":37.588107,""lon"":127.082428,""alt"":100},""targetSpeed"":36,""seq"":8}","{""phase"":""I"",""startLLA"":{""lat"":37.588107,""lon"":127.082428,""alt"":100},""endLLA"":{""lat"":37.596919,""lon"":127.084854,""alt"":15},""targetSpeed"":30,""seq"":9}","{""phase"":""J"",""startLLA"":{""lat"":37.596919,""lon"":127.084854,""alt"":15},""endLLA"":{""lat"":37.596919,""lon"":127.084854,""alt"":0},""targetSpeed"":10,""seq"":10}","{""phase"":""K"",""startLLA"":{""lat"":37.596919,""lon"":127.084854,""alt"":0},""endLLA"":{""lat"":37.596919,""lon"":127.084854,""alt"":0},""targetSpeed"":3,""seq"":11}",,,,,,,,,,
98f166edc22f,2026-07-11,FPL1303010,UAM0081,a2,2,2,1,강남,강남,상암,상암,14,G5,F2,G8,F4,14:21:31,14:31:25,14:37:12,14:44:02,14:54:02,594.86,346.64,410,1351.5,179.14,0,ready,강남 > 이수고가차로 > 상도터널 > 63빌딩 > 서강대교 중간지점 > 선유도 17고지 > 상암,15.0491,14,"{""phase"":""A"",""startLLA"":{""lat"":37.496291,""lon"":127.023303,""alt"":0},""endLLA"":{""lat"":37.496291,""lon"":127.023303,""alt"":0},""targetSpeed"":3,""seq"":1}","{""phase"":""B"",""startLLA"":{""lat"":37.496291,""lon"":127.023303,""alt"":0},""endLLA"":{""lat"":37.496291,""lon"":127.023303,""alt"":15},""targetSpeed"":10,""seq"":2}","{""phase"":""C"",""startLLA"":{""lat"":37.496291,""lon"":127.023303,""alt"":15},""endLLA"":{""lat"":37.496789,""lon"":127.009673,""alt"":100},""targetSpeed"":36,""seq"":3}","{""phase"":""E"",""startLLA"":{""lat"":37.496789,""lon"":127.009673,""alt"":100},""endLLA"":{""lat"":37.497738,""lon"":126.983721,""alt"":233.33},""targetSpeed"":51.4,""seq"":4}","{""phase"":""E"",""startLLA"":{""lat"":37.497738,""lon"":126.983721,""alt"":233.33},""endLLA"":{""lat"":37.50217,""lon"":126.970921,""alt"":305},""targetSpeed"":51.4,""seq"":5}","{""phase"":""F"",""startLLA"":{""lat"":37.50217,""lon"":126.970921,""alt"":305},""endLLA"":{""lat"":37.508684,""lon"":126.95211,""alt"":305},""targetSpeed"":51.4,""seq"":6}","{""phase"":""F"",""startLLA"":{""lat"":37.508684,""lon"":126.95211,""alt"":305},""endLLA"":{""lat"":37.519378,""lon"":126.94021,""alt"":305},""targetSpeed"":51.4,""seq"":7}","{""phase"":""F"",""startLLA"":{""lat"":37.519378,""lon"":126.94021,""alt"":305},""endLLA"":{""lat"":37.536949,""lon"":126.924908,""alt"":305},""targetSpeed"":51.4,""seq"":8}","{""phase"":""F"",""startLLA"":{""lat"":37.536949,""lon"":126.924908,""alt"":305},""endLLA"":{""lat"":37.536976,""lon"":126.924795,""alt"":305},""targetSpeed"":51.4,""seq"":9}","{""phase"":""G"",""startLLA"":{""lat"":37.536976,""lon"":126.924795,""alt"":305},""endLLA"":{""lat"":37.542307,""lon"":126.90249,""alt"":185.51},""targetSpeed"":36,""seq"":10}","{""phase"":""G"",""startLLA"":{""lat"":37.542307,""lon"":126.90249,""alt"":185.51},""endLLA"":{""lat"":37.55418,""lon"":126.895159,""alt"":100},""targetSpeed"":36,""seq"":11}","{""phase"":""I"",""startLLA"":{""lat"":37.55418,""lon"":126.895159,""alt"":100},""endLLA"":{""lat"":37.562282,""lon"":126.890156,""alt"":15},""targetSpeed"":30,""seq"":12}","{""phase"":""J"",""startLLA"":{""lat"":37.562282,""lon"":126.890156,""alt"":15},""endLLA"":{""lat"":37.562282,""lon"":126.890156,""alt"":0},""targetSpeed"":10,""seq"":13}","{""phase"":""K"",""startLLA"":{""lat"":37.562282,""lon"":126.890156,""alt"":0},""endLLA"":{""lat"":37.562282,""lon"":126.890156,""alt"":0},""targetSpeed"":3,""seq"":14}",,,,,,,
98f166edc22f,2026-07-11,FPL1311024,UAM0047,a8,8,8,1,강남,강남,천호,천호,14,G8,F1,G4,F3,14:27:41,14:36:06,14:40:30,14:47:20,14:57:20,505.71,263.39,410,1179.1,0,0,ready,강남 > 청담대교 중간지점 > 잠실대교 중간지점 > 천호,10.7701,11,"{""phase"":""A"",""startLLA"":{""lat"":37.496291,""lon"":127.023303,""alt"":0},""endLLA"":{""lat"":37.496291,""lon"":127.023303,""alt"":0},""targetSpeed"":3,""seq"":1}","{""phase"":""B"",""startLLA"":{""lat"":37.496291,""lon"":127.023303,""alt"":0},""endLLA"":{""lat"":37.496291,""lon"":127.023303,""alt"":15},""targetSpeed"":10,""seq"":2}","{""phase"":""C"",""startLLA"":{""lat"":37.496291,""lon"":127.023303,""alt"":15},""endLLA"":{""lat"":37.503645,""lon"":127.033315,""alt"":100},""targetSpeed"":36,""seq"":3}","{""phase"":""E"",""startLLA"":{""lat"":37.503645,""lon"":127.033315,""alt"":100},""endLLA"":{""lat"":37.525177,""lon"":127.062626,""alt"":305},""targetSpeed"":51.4,""seq"":4}","{""phase"":""F"",""startLLA"":{""lat"":37.525177,""lon"":127.062626,""alt"":305},""endLLA"":{""lat"":37.526451,""lon"":127.064361,""alt"":305},""targetSpeed"":51.4,""seq"":5}","{""phase"":""F"",""startLLA"":{""lat"":37.526451,""lon"":127.064361,""alt"":305},""endLLA"":{""lat"":37.52529,""lon"":127.079002,""alt"":305},""targetSpeed"":51.4,""seq"":6}","{""phase"":""G"",""startLLA"":{""lat"":37.52529,""lon"":127.079002,""alt"":305},""endLLA"":{""lat"":37.524288,""lon"":127.091639,""alt"":239.84},""targetSpeed"":36,""seq"":7}","{""phase"":""G"",""startLLA"":{""lat"":37.524288,""lon"":127.091639,""alt"":239.84},""endLLA"":{""lat"":37.539419,""lon"":127.111107,""alt"":100},""targetSpeed"":36,""seq"":8}","{""phase"":""I"",""startLLA"":{""lat"":37.539419,""lon"":127.111107,""alt"":100},""endLLA"":{""lat"":37.545733,""lon"":127.11923,""alt"":15},""targetSpeed"":30,""seq"":9}","{""phase"":""J"",""startLLA"":{""lat"":37.545733,""lon"":127.11923,""alt"":15},""endLLA"":{""lat"":37.545733,""lon"":127.11923,""alt"":0},""targetSpeed"":10,""seq"":10}","{""phase"":""K"",""startLLA"":{""lat"":37.545733,""lon"":127.11923,""alt"":0},""endLLA"":{""lat"":37.545733,""lon"":127.11923,""alt"":0},""targetSpeed"":3,""seq"":11}",,,,,,,,,,
98f166edc22f,2026-07-11,FPL1316011,UAM0029,a6,6,6,1,강남,강남,망우,망우,14,G4,F2,G3,F4,14:31:43,14:40:08,14:45:15,14:53:09,15:03:09,505.71,306.63,473.84,1286.19,0,33.84,ready,강남 > 청담대교 중간지점 > 건대입구 > 망우,12.9927,11,"{""phase"":""A"",""startLLA"":{""lat"":37.496291,""lon"":127.023303,""alt"":0},""endLLA"":{""lat"":37.496291,""lon"":127.023303,""alt"":0},""targetSpeed"":3,""seq"":1}","{""phase"":""B"",""startLLA"":{""lat"":37.496291,""lon"":127.023303,""alt"":0},""endLLA"":{""lat"":37.496291,""lon"":127.023303,""alt"":15},""targetSpeed"":10,""seq"":2}","{""phase"":""C"",""startLLA"":{""lat"":37.496291,""lon"":127.023303,""alt"":15},""endLLA"":{""lat"":37.503645,""lon"":127.033314,""alt"":100},""targetSpeed"":36,""seq"":3}","{""phase"":""E"",""startLLA"":{""lat"":37.503645,""lon"":127.033314,""alt"":100},""endLLA"":{""lat"":37.525174,""lon"":127.062622,""alt"":305},""targetSpeed"":51.4,""seq"":4}","{""phase"":""F"",""startLLA"":{""lat"":37.525174,""lon"":127.062622,""alt"":305},""endLLA"":{""lat"":37.526451,""lon"":127.064361,""alt"":305},""targetSpeed"":51.4,""seq"":5}","{""phase"":""F"",""startLLA"":{""lat"":37.526451,""lon"":127.064361,""alt"":305},""endLLA"":{""lat"":37.540426,""lon"":127.069298,""alt"":305},""targetSpeed"":51.4,""seq"":6}","{""phase"":""F"",""startLLA"":{""lat"":37.540426,""lon"":127.069298,""alt"":305},""endLLA"":{""lat"":37.55715,""lon"":127.073903,""alt"":305},""targetSpeed"":51.4,""seq"":7}","{""phase"":""G"",""startLLA"":{""lat"":37.55715,""lon"":127.073903,""alt"":305},""endLLA"":{""lat"":37.588107,""lon"":127.082428,""alt"":100},""targetSpeed"":36,""seq"":8}","{""phase"":""I"",""startLLA"":{""lat"":37.588107,""lon"":127.082428,""alt"":100},""endLLA"":{""lat"":37.596919,""lon"":127.084854,""alt"":15},""targetSpeed"":30,""seq"":9}","{""phase"":""J"",""startLLA"":{""lat"":37.596919,""lon"":127.084854,""alt"":15},""endLLA"":{""lat"":37.596919,""lon"":127.084854,""alt"":0},""targetSpeed"":10,""seq"":10}","{""phase"":""K"",""startLLA"":{""lat"":37.596919,""lon"":127.084854,""alt"":0},""endLLA"":{""lat"":37.596919,""lon"":127.084854,""alt"":0},""targetSpeed"":3,""seq"":11}",,,,,,,,,,
98f166edc22f,2026-07-11,FPL1315018,UAM0095,a8,8,8,1,강남,강남,마곡,마곡,14,G3,F1,G1,F3,14:32:53,14:41:32,14:53:49,15:04:58,15:14:58,519.43,736.86,669.57,1925.86,43.71,195.14,ready,강남 > 이수고가차로 > 상도터널 > 63빌딩 > 서강대교 중간지점 > 선유도 17고지 > 성산대교 중간지점 > 가양대교 남단 > 마곡,23.493,16,"{""phase"":""A"",""startLLA"":{""lat"":37.496291,""lon"":127.023303,""alt"":0},""endLLA"":{""lat"":37.496291,""lon"":127.023303,""alt"":0},""targetSpeed"":3,""seq"":1}","{""phase"":""B"",""startLLA"":{""lat"":37.496291,""lon"":127.023303,""alt"":0},""endLLA"":{""lat"":37.496291,""lon"":127.023303,""alt"":15},""targetSpeed"":10,""seq"":2}","{""phase"":""C"",""startLLA"":{""lat"":37.496291,""lon"":127.023303,""alt"":15},""endLLA"":{""lat"":37.496789,""lon"":127.009676,""alt"":100},""targetSpeed"":36,""seq"":3}","{""phase"":""E"",""startLLA"":{""lat"":37.496789,""lon"":127.009676,""alt"":100},""endLLA"":{""lat"":37.497738,""lon"":126.983721,""alt"":233.37},""targetSpeed"":51.4,""seq"":4}","{""phase"":""E"",""startLLA"":{""lat"":37.497738,""lon"":126.983721,""alt"":233.37},""endLLA"":{""lat"":37.502167,""lon"":126.970931,""alt"":305},""targetSpeed"":51.4,""seq"":5}","{""phase"":""F"",""startLLA"":{""lat"":37.502167,""lon"":126.970931,""alt"":305},""endLLA"":{""lat"":37.508684,""lon"":126.95211,""alt"":305},""targetSpeed"":51.4,""seq"":6}","{""phase"":""F"",""startLLA"":{""lat"":37.508684,""lon"":126.95211,""alt"":305},""endLLA"":{""lat"":37.519378,""lon"":126.94021,""alt"":305},""targetSpeed"":51.4,""seq"":7}","{""phase"":""F"",""startLLA"":{""lat"":37.519378,""lon"":126.94021,""alt"":305},""endLLA"":{""lat"":37.536949,""lon"":126.924908,""alt"":305},""targetSpeed"":51.4,""seq"":8}","{""phase"":""F"",""startLLA"":{""lat"":37.536949,""lon"":126.924908,""alt"":305},""endLLA"":{""lat"":37.542307,""lon"":126.90249,""alt"":305},""targetSpeed"":51.4,""seq"":9}","{""phase"":""F"",""startLLA"":{""lat"":37.542307,""lon"":126.90249,""alt"":305},""endLLA"":{""lat"":37.552574,""lon"":126.891431,""alt"":305},""targetSpeed"":51.4,""seq"":10}","{""phase"":""F"",""startLLA"":{""lat"":37.552574,""lon"":126.891431,""alt"":305},""endLLA"":{""lat"":37.569391,""lon"":126.861026,""alt"":305},""targetSpeed"":51.4,""seq"":11}","{""phase"":""F"",""startLLA"":{""lat"":37.569391,""lon"":126.861026,""alt"":305},""endLLA"":{""lat"":37.567855,""lon"":126.842867,""alt"":305},""targetSpeed"":51.4,""seq"":12}","{""phase"":""G"",""startLLA"":{""lat"":37.567855,""lon"":126.842867,""alt"":305},""endLLA"":{""lat"":37.564492,""lon"":126.803119,""alt"":100},""targetSpeed"":36,""seq"":13}","{""phase"":""I"",""startLLA"":{""lat"":37.564492,""lon"":126.803119,""alt"":100},""endLLA"":{""lat"":37.563535,""lon"":126.791805,""alt"":15},""targetSpeed"":30,""seq"":14}","{""phase"":""J"",""startLLA"":{""lat"":37.563535,""lon"":126.791805,""alt"":15},""endLLA"":{""lat"":37.563535,""lon"":126.791805,""alt"":0},""targetSpeed"":10,""seq"":15}","{""phase"":""K"",""startLLA"":{""lat"":37.563535,""lon"":126.791805,""alt"":0},""endLLA"":{""lat"":37.563535,""lon"":126.791805,""alt"":0},""targetSpeed"":3,""seq"":16}",,,,,
98f166edc22f,2026-07-11,FPL1305026,UAM0061,a6,6,6,1,강남,강남,목동,목동,14,G7,F2,G4,F3,14:36:38,14:45:34,14:51:29,14:58:19,15:08:19,536.43,355.28,410,1301.71,60.71,0,ready,강남 > 이수고가차로 > 상도터널 > 63빌딩 > 서강대교 중간지점 > 선유도 17고지 > 목동,15.4931,14,"{""phase"":""A"",""startLLA"":{""lat"":37.496291,""lon"":127.023303,""alt"":0},""endLLA"":{""lat"":37.496291,""lon"":127.023303,""alt"":0},""targetSpeed"":3,""seq"":1}","{""phase"":""B"",""startLLA"":{""lat"":37.496291,""lon"":127.023303,""alt"":0},""endLLA"":{""lat"":37.496291,""lon"":127.023303,""alt"":15},""targetSpeed"":10,""seq"":2}","{""phase"":""C"",""startLLA"":{""lat"":37.496291,""lon"":127.023303,""alt"":15},""endLLA"":{""lat"":37.496789,""lon"":127.009673,""alt"":100},""targetSpeed"":36,""seq"":3}","{""phase"":""E"",""startLLA"":{""lat"":37.496789,""lon"":127.009673,""alt"":100},""endLLA"":{""lat"":37.497738,""lon"":126.983721,""alt"":233.33},""targetSpeed"":51.4,""seq"":4}","{""phase"":""E"",""startLLA"":{""lat"":37.497738,""lon"":126.983721,""alt"":233.33},""endLLA"":{""lat"":37.50217,""lon"":126.970921,""alt"":305},""targetSpeed"":51.4,""seq"":5}","{""phase"":""F"",""startLLA"":{""lat"":37.50217,""lon"":126.970921,""alt"":305},""endLLA"":{""lat"":37.508684,""lon"":126.95211,""alt"":305},""targetSpeed"":51.4,""seq"":6}","{""phase"":""F"",""startLLA"":{""lat"":37.508684,""lon"":126.95211,""alt"":305},""endLLA"":{""lat"":37.519378,""lon"":126.94021,""alt"":305},""targetSpeed"":51.4,""seq"":7}","{""phase"":""F"",""startLLA"":{""lat"":37.519378,""lon"":126.94021,""alt"":305},""endLLA"":{""lat"":37.536949,""lon"":126.924908,""alt"":305},""targetSpeed"":51.4,""seq"":8}","{""phase"":""F"",""startLLA"":{""lat"":37.536949,""lon"":126.924908,""alt"":305},""endLLA"":{""lat"":37.538128,""lon"":126.919977,""alt"":305},""targetSpeed"":51.4,""seq"":9}","{""phase"":""G"",""startLLA"":{""lat"":37.538128,""lon"":126.919977,""alt"":305},""endLLA"":{""lat"":37.542307,""lon"":126.90249,""alt"":211.32},""targetSpeed"":36,""seq"":10}","{""phase"":""G"",""startLLA"":{""lat"":37.542307,""lon"":126.90249,""alt"":211.32},""endLLA"":{""lat"":37.531833,""lon"":126.88527,""alt"":100},""targetSpeed"":36,""seq"":11}","{""phase"":""I"",""startLLA"":{""lat"":37.531833,""lon"":126.88527,""alt"":100},""endLLA"":{""lat"":37.526343,""lon"":126.876243,""alt"":15},""targetSpeed"":30,""seq"":12}","{""phase"":""J"",""startLLA"":{""lat"":37.526343,""lon"":126.876243,""alt"":15},""endLLA"":{""lat"":37.526343,""lon"":126.876243,""alt"":0},""targetSpeed"":10,""seq"":13}","{""phase"":""K"",""startLLA"":{""lat"":37.526343,""lon"":126.876243,""alt"":0},""endLLA"":{""lat"":37.526343,""lon"":126.876243,""alt"":0},""targetSpeed"":3,""seq"":14}",,,,,,,
98f166edc22f,2026-07-11,FPL1306010,UAM0019,a4,4,4,1,강남,강남,미아,미아,14,G2,F1,G8,F3,14:38:17,14:46:58,14:54:16,15:01:06,15:11:06,521.14,438.49,410,1369.63,75.43,0,ready,강남 > 청담대교 중간지점 > 건대입구 > 중랑천 제방길 > 상봉 > 월릉교 > 미아,19.77,14,"{""phase"":""A"",""startLLA"":{""lat"":37.496291,""lon"":127.023303,""alt"":0},""endLLA"":{""lat"":37.496291,""lon"":127.023303,""alt"":0},""targetSpeed"":3,""seq"":1}","{""phase"":""B"",""startLLA"":{""lat"":37.496291,""lon"":127.023303,""alt"":0},""endLLA"":{""lat"":37.496291,""lon"":127.023303,""alt"":15},""targetSpeed"":10,""seq"":2}","{""phase"":""C"",""startLLA"":{""lat"":37.496291,""lon"":127.023303,""alt"":15},""endLLA"":{""lat"":37.503643,""lon"":127.033311,""alt"":100},""targetSpeed"":36,""seq"":3}","{""phase"":""E"",""startLLA"":{""lat"":37.503643,""lon"":127.033311,""alt"":100},""endLLA"":{""lat"":37.525166,""lon"":127.062612,""alt"":305},""targetSpeed"":51.4,""seq"":4}","{""phase"":""F"",""startLLA"":{""lat"":37.525166,""lon"":127.062612,""alt"":305},""endLLA"":{""lat"":37.526451,""lon"":127.064361,""alt"":305},""targetSpeed"":51.4,""seq"":5}","{""phase"":""F"",""startLLA"":{""lat"":37.526451,""lon"":127.064361,""alt"":305},""endLLA"":{""lat"":37.540426,""lon"":127.069298,""alt"":305},""targetSpeed"":51.4,""seq"":6}","{""phase"":""F"",""startLLA"":{""lat"":37.540426,""lon"":127.069298,""alt"":305},""endLLA"":{""lat"":37.580774,""lon"":127.077387,""alt"":305},""targetSpeed"":51.4,""seq"":7}","{""phase"":""F"",""startLLA"":{""lat"":37.580774,""lon"":127.077387,""alt"":305},""endLLA"":{""lat"":37.596919,""lon"":127.084854,""alt"":305},""targetSpeed"":51.4,""seq"":8}","{""phase"":""F"",""startLLA"":{""lat"":37.596919,""lon"":127.084854,""alt"":305},""endLLA"":{""lat"":37.614364,""lon"":127.072717,""alt"":305},""targetSpeed"":51.4,""seq"":9}","{""phase"":""G"",""startLLA"":{""lat"":37.614364,""lon"":127.072717,""alt"":305},""endLLA"":{""lat"":37.616266,""lon"":127.071394,""alt"":290.95},""targetSpeed"":36,""seq"":10}","{""phase"":""G"",""startLLA"":{""lat"":37.616266,""lon"":127.071394,""alt"":290.95},""endLLA"":{""lat"":37.626944,""lon"":127.036666,""alt"":100},""targetSpeed"":36,""seq"":11}","{""phase"":""I"",""startLLA"":{""lat"":37.626944,""lon"":127.036666,""alt"":100},""endLLA"":{""lat"":37.630207,""lon"":127.026053,""alt"":15},""targetSpeed"":30,""seq"":12}","{""phase"":""J"",""startLLA"":{""lat"":37.630207,""lon"":127.026053,""alt"":15},""endLLA"":{""lat"":37.630207,""lon"":127.026053,""alt"":0},""targetSpeed"":10,""seq"":13}","{""phase"":""K"",""startLLA"":{""lat"":37.630207,""lon"":127.026053,""alt"":0},""endLLA"":{""lat"":37.630207,""lon"":127.026053,""alt"":0},""targetSpeed"":3,""seq"":14}",,,,,,,
98f166edc22f,2026-07-11,FPL1314018,UAM0067,a4,4,4,1,강남,강남,가산,가산,14,G6,F2,G7,F3,14:41:34,14:51:00,14:57:31,15:04:51,15:14:51,566.14,391.42,440,1397.57,120.43,56.65,ready,강남 > 채석장 > 180고지 > 가산,14.4391,11,"{""phase"":""A"",""startLLA"":{""lat"":37.496291,""lon"":127.023303,""alt"":0},""endLLA"":{""lat"":37.496291,""lon"":127.023303,""alt"":0},""targetSpeed"":3,""seq"":1}","{""phase"":""B"",""startLLA"":{""lat"":37.496291,""lon"":127.023303,""alt"":0},""endLLA"":{""lat"":37.496291,""lon"":127.023303,""alt"":15},""targetSpeed"":10,""seq"":2}","{""phase"":""C"",""startLLA"":{""lat"":37.496291,""lon"":127.023303,""alt"":15},""endLLA"":{""lat"":37.489331,""lon"":127.012849,""alt"":100},""targetSpeed"":36,""seq"":3}","{""phase"":""E"",""startLLA"":{""lat"":37.489331,""lon"":127.012849,""alt"":100},""endLLA"":{""lat"":37.471285,""lon"":126.985745,""alt"":281.55},""targetSpeed"":51.4,""seq"":4}","{""phase"":""E"",""startLLA"":{""lat"":37.471285,""lon"":126.985745,""alt"":281.55},""endLLA"":{""lat"":37.473124,""lon"":126.981806,""alt"":305},""targetSpeed"":51.4,""seq"":5}","{""phase"":""F"",""startLLA"":{""lat"":37.473124,""lon"":126.981806,""alt"":305},""endLLA"":{""lat"":37.492877,""lon"":126.93949,""alt"":305},""targetSpeed"":51.4,""seq"":6}","{""phase"":""F"",""startLLA"":{""lat"":37.492877,""lon"":126.93949,""alt"":305},""endLLA"":{""lat"":37.492284,""lon"":126.929979,""alt"":305},""targetSpeed"":51.4,""seq"":7}","{""phase"":""G"",""startLLA"":{""lat"":37.492284,""lon"":126.929979,""alt"":305},""endLLA"":{""lat"":37.489798,""lon"":126.890147,""alt"":100},""targetSpeed"":36,""seq"":8}","{""phase"":""I"",""startLLA"":{""lat"":37.489798,""lon"":126.890147,""alt"":100},""endLLA"":{""lat"":37.489091,""lon"":126.878809,""alt"":15},""targetSpeed"":30,""seq"":9}","{""phase"":""J"",""startLLA"":{""lat"":37.489091,""lon"":126.878809,""alt"":15},""endLLA"":{""lat"":37.489091,""lon"":126.878809,""alt"":0},""targetSpeed"":10,""seq"":10}","{""phase"":""K"",""startLLA"":{""lat"":37.489091,""lon"":126.878809,""alt"":0},""endLLA"":{""lat"":37.489091,""lon"":126.878809,""alt"":0},""targetSpeed"":3,""seq"":11}",,,,,,,,,,
98f166edc22f,2026-07-11,FPL1311025,UAM0107,a4,4,4,1,강남,강남,천호,천호,14,G8,F1,G2,F3,14:48:02,14:56:27,15:01:23,15:09:13,15:19:13,505.71,296.25,470,1271.96,0,32.86,ready,강남 > 청담대교 중간지점 > 잠실대교 중간지점 > 천호,10.7701,11,"{""phase"":""A"",""startLLA"":{""lat"":37.496291,""lon"":127.023303,""alt"":0},""endLLA"":{""lat"":37.496291,""lon"":127.023303,""alt"":0},""targetSpeed"":3,""seq"":1}","{""phase"":""B"",""startLLA"":{""lat"":37.496291,""lon"":127.023303,""alt"":0},""endLLA"":{""lat"":37.496291,""lon"":127.023303,""alt"":15},""targetSpeed"":10,""seq"":2}","{""phase"":""C"",""startLLA"":{""lat"":37.496291,""lon"":127.023303,""alt"":15},""endLLA"":{""lat"":37.503645,""lon"":127.033315,""alt"":100},""targetSpeed"":36,""seq"":3}","{""phase"":""E"",""startLLA"":{""lat"":37.503645,""lon"":127.033315,""alt"":100},""endLLA"":{""lat"":37.525177,""lon"":127.062626,""alt"":305},""targetSpeed"":51.4,""seq"":4}","{""phase"":""F"",""startLLA"":{""lat"":37.525177,""lon"":127.062626,""alt"":305},""endLLA"":{""lat"":37.526451,""lon"":127.064361,""alt"":305},""targetSpeed"":51.4,""seq"":5}","{""phase"":""F"",""startLLA"":{""lat"":37.526451,""lon"":127.064361,""alt"":305},""endLLA"":{""lat"":37.52529,""lon"":127.079002,""alt"":305},""targetSpeed"":51.4,""seq"":6}","{""phase"":""G"",""startLLA"":{""lat"":37.52529,""lon"":127.079002,""alt"":305},""endLLA"":{""lat"":37.524288,""lon"":127.091639,""alt"":239.84},""targetSpeed"":36,""seq"":7}","{""phase"":""G"",""startLLA"":{""lat"":37.524288,""lon"":127.091639,""alt"":239.84},""endLLA"":{""lat"":37.539419,""lon"":127.111107,""alt"":100},""targetSpeed"":36,""seq"":8}","{""phase"":""I"",""startLLA"":{""lat"":37.539419,""lon"":127.111107,""alt"":100},""endLLA"":{""lat"":37.545733,""lon"":127.11923,""alt"":15},""targetSpeed"":30,""seq"":9}","{""phase"":""J"",""startLLA"":{""lat"":37.545733,""lon"":127.11923,""alt"":15},""endLLA"":{""lat"":37.545733,""lon"":127.11923,""alt"":0},""targetSpeed"":10,""seq"":10}","{""phase"":""K"",""startLLA"":{""lat"":37.545733,""lon"":127.11923,""alt"":0},""endLLA"":{""lat"":37.545733,""lon"":127.11923,""alt"":0},""targetSpeed"":3,""seq"":11}",,,,,,,,,,
98f166edc22f,2026-07-11,FPL1305027,UAM0124,a4,4,4,1,강남,강남,목동,목동,14,G4,F2,G3,F3,14:50:00,14:58:25,15:04:20,15:11:40,15:21:40,505.71,355.28,440,1300.99,0,0,ready,강남 > 이수고가차로 > 상도터널 > 63빌딩 > 서강대교 중간지점 > 선유도 17고지 > 목동,15.4931,14,"{""phase"":""A"",""startLLA"":{""lat"":37.496291,""lon"":127.023303,""alt"":0},""endLLA"":{""lat"":37.496291,""lon"":127.023303,""alt"":0},""targetSpeed"":3,""seq"":1}","{""phase"":""B"",""startLLA"":{""lat"":37.496291,""lon"":127.023303,""alt"":0},""endLLA"":{""lat"":37.496291,""lon"":127.023303,""alt"":15},""targetSpeed"":10,""seq"":2}","{""phase"":""C"",""startLLA"":{""lat"":37.496291,""lon"":127.023303,""alt"":15},""endLLA"":{""lat"":37.496789,""lon"":127.009673,""alt"":100},""targetSpeed"":36,""seq"":3}","{""phase"":""E"",""startLLA"":{""lat"":37.496789,""lon"":127.009673,""alt"":100},""endLLA"":{""lat"":37.497738,""lon"":126.983721,""alt"":233.33},""targetSpeed"":51.4,""seq"":4}","{""phase"":""E"",""startLLA"":{""lat"":37.497738,""lon"":126.983721,""alt"":233.33},""endLLA"":{""lat"":37.50217,""lon"":126.970921,""alt"":305},""targetSpeed"":51.4,""seq"":5}","{""phase"":""F"",""startLLA"":{""lat"":37.50217,""lon"":126.970921,""alt"":305},""endLLA"":{""lat"":37.508684,""lon"":126.95211,""alt"":305},""targetSpeed"":51.4,""seq"":6}","{""phase"":""F"",""startLLA"":{""lat"":37.508684,""lon"":126.95211,""alt"":305},""endLLA"":{""lat"":37.519378,""lon"":126.94021,""alt"":305},""targetSpeed"":51.4,""seq"":7}","{""phase"":""F"",""startLLA"":{""lat"":37.519378,""lon"":126.94021,""alt"":305},""endLLA"":{""lat"":37.536949,""lon"":126.924908,""alt"":305},""targetSpeed"":51.4,""seq"":8}","{""phase"":""F"",""startLLA"":{""lat"":37.536949,""lon"":126.924908,""alt"":305},""endLLA"":{""lat"":37.538128,""lon"":126.919977,""alt"":305},""targetSpeed"":51.4,""seq"":9}","{""phase"":""G"",""startLLA"":{""lat"":37.538128,""lon"":126.919977,""alt"":305},""endLLA"":{""lat"":37.542307,""lon"":126.90249,""alt"":211.32},""targetSpeed"":36,""seq"":10}","{""phase"":""G"",""startLLA"":{""lat"":37.542307,""lon"":126.90249,""alt"":211.32},""endLLA"":{""lat"":37.531833,""lon"":126.88527,""alt"":100},""targetSpeed"":36,""seq"":11}","{""phase"":""I"",""startLLA"":{""lat"":37.531833,""lon"":126.88527,""alt"":100},""endLLA"":{""lat"":37.526343,""lon"":126.876243,""alt"":15},""targetSpeed"":30,""seq"":12}","{""phase"":""J"",""startLLA"":{""lat"":37.526343,""lon"":126.876243,""alt"":15},""endLLA"":{""lat"":37.526343,""lon"":126.876243,""alt"":0},""targetSpeed"":10,""seq"":13}","{""phase"":""K"",""startLLA"":{""lat"":37.526343,""lon"":126.876243,""alt"":0},""endLLA"":{""lat"":37.526343,""lon"":126.876243,""alt"":0},""targetSpeed"":3,""seq"":14}",,,,,,,
98f166edc22f,2026-07-11,FPL1303011,UAM0075,a4,4,4,1,강남,강남,상암,상암,14,G3,F1,G3,F3,14:52:58,15:01:53,15:07:40,15:15:00,15:25:00,535.43,346.64,440,1322.07,59.71,0,ready,강남 > 이수고가차로 > 상도터널 > 63빌딩 > 서강대교 중간지점 > 선유도 17고지 > 상암,15.0491,14,"{""phase"":""A"",""startLLA"":{""lat"":37.496291,""lon"":127.023303,""alt"":0},""endLLA"":{""lat"":37.496291,""lon"":127.023303,""alt"":0},""targetSpeed"":3,""seq"":1}","{""phase"":""B"",""startLLA"":{""lat"":37.496291,""lon"":127.023303,""alt"":0},""endLLA"":{""lat"":37.496291,""lon"":127.023303,""alt"":15},""targetSpeed"":10,""seq"":2}","{""phase"":""C"",""startLLA"":{""lat"":37.496291,""lon"":127.023303,""alt"":15},""endLLA"":{""lat"":37.496789,""lon"":127.009673,""alt"":100},""targetSpeed"":36,""seq"":3}","{""phase"":""E"",""startLLA"":{""lat"":37.496789,""lon"":127.009673,""alt"":100},""endLLA"":{""lat"":37.497738,""lon"":126.983721,""alt"":233.33},""targetSpeed"":51.4,""seq"":4}","{""phase"":""E"",""startLLA"":{""lat"":37.497738,""lon"":126.983721,""alt"":233.33},""endLLA"":{""lat"":37.50217,""lon"":126.970921,""alt"":305},""targetSpeed"":51.4,""seq"":5}","{""phase"":""F"",""startLLA"":{""lat"":37.50217,""lon"":126.970921,""alt"":305},""endLLA"":{""lat"":37.508684,""lon"":126.95211,""alt"":305},""targetSpeed"":51.4,""seq"":6}","{""phase"":""F"",""startLLA"":{""lat"":37.508684,""lon"":126.95211,""alt"":305},""endLLA"":{""lat"":37.519378,""lon"":126.94021,""alt"":305},""targetSpeed"":51.4,""seq"":7}","{""phase"":""F"",""startLLA"":{""lat"":37.519378,""lon"":126.94021,""alt"":305},""endLLA"":{""lat"":37.536949,""lon"":126.924908,""alt"":305},""targetSpeed"":51.4,""seq"":8}","{""phase"":""F"",""startLLA"":{""lat"":37.536949,""lon"":126.924908,""alt"":305},""endLLA"":{""lat"":37.536976,""lon"":126.924795,""alt"":305},""targetSpeed"":51.4,""seq"":9}","{""phase"":""G"",""startLLA"":{""lat"":37.536976,""lon"":126.924795,""alt"":305},""endLLA"":{""lat"":37.542307,""lon"":126.90249,""alt"":185.51},""targetSpeed"":36,""seq"":10}","{""phase"":""G"",""startLLA"":{""lat"":37.542307,""lon"":126.90249,""alt"":185.51},""endLLA"":{""lat"":37.55418,""lon"":126.895159,""alt"":100},""targetSpeed"":36,""seq"":11}","{""phase"":""I"",""startLLA"":{""lat"":37.55418,""lon"":126.895159,""alt"":100},""endLLA"":{""lat"":37.562282,""lon"":126.890156,""alt"":15},""targetSpeed"":30,""seq"":12}","{""phase"":""J"",""startLLA"":{""lat"":37.562282,""lon"":126.890156,""alt"":15},""endLLA"":{""lat"":37.562282,""lon"":126.890156,""alt"":0},""targetSpeed"":10,""seq"":13}","{""phase"":""K"",""startLLA"":{""lat"":37.562282,""lon"":126.890156,""alt"":0},""endLLA"":{""lat"":37.562282,""lon"":126.890156,""alt"":0},""targetSpeed"":3,""seq"":14}",,,,,,,
98f166edc22f,2026-07-11,FPL1314019,UAM0079,a8,8,3,0.375,강남,강남,가산,가산,14,G7,F2,G8,F3,14:55:16,15:03:51,15:10:48,15:17:38,15:27:38,515.43,417.28,410,1342.71,39.71,46,ready,강남 > 채석장 > 180고지 > 가산,14.4391,11,"{""phase"":""A"",""startLLA"":{""lat"":37.496291,""lon"":127.023303,""alt"":0},""endLLA"":{""lat"":37.496291,""lon"":127.023303,""alt"":0},""targetSpeed"":3,""seq"":1}","{""phase"":""B"",""startLLA"":{""lat"":37.496291,""lon"":127.023303,""alt"":0},""endLLA"":{""lat"":37.496291,""lon"":127.023303,""alt"":15},""targetSpeed"":10,""seq"":2}","{""phase"":""C"",""startLLA"":{""lat"":37.496291,""lon"":127.023303,""alt"":15},""endLLA"":{""lat"":37.489331,""lon"":127.012849,""alt"":100},""targetSpeed"":36,""seq"":3}","{""phase"":""E"",""startLLA"":{""lat"":37.489331,""lon"":127.012849,""alt"":100},""endLLA"":{""lat"":37.471285,""lon"":126.985745,""alt"":281.55},""targetSpeed"":51.4,""seq"":4}","{""phase"":""E"",""startLLA"":{""lat"":37.471285,""lon"":126.985745,""alt"":281.55},""endLLA"":{""lat"":37.473124,""lon"":126.981806,""alt"":305},""targetSpeed"":51.4,""seq"":5}","{""phase"":""F"",""startLLA"":{""lat"":37.473124,""lon"":126.981806,""alt"":305},""endLLA"":{""lat"":37.492877,""lon"":126.93949,""alt"":305},""targetSpeed"":51.4,""seq"":6}","{""phase"":""F"",""startLLA"":{""lat"":37.492877,""lon"":126.93949,""alt"":305},""endLLA"":{""lat"":37.492284,""lon"":126.929979,""alt"":305},""targetSpeed"":51.4,""seq"":7}","{""phase"":""G"",""startLLA"":{""lat"":37.492284,""lon"":126.929979,""alt"":305},""endLLA"":{""lat"":37.489798,""lon"":126.890147,""alt"":100},""targetSpeed"":36,""seq"":8}","{""phase"":""I"",""startLLA"":{""lat"":37.489798,""lon"":126.890147,""alt"":100},""endLLA"":{""lat"":37.489091,""lon"":126.878809,""alt"":15},""targetSpeed"":30,""seq"":9}","{""phase"":""J"",""startLLA"":{""lat"":37.489091,""lon"":126.878809,""alt"":15},""endLLA"":{""lat"":37.489091,""lon"":126.878809,""alt"":0},""targetSpeed"":10,""seq"":10}","{""phase"":""K"",""startLLA"":{""lat"":37.489091,""lon"":126.878809,""alt"":0},""endLLA"":{""lat"":37.489091,""lon"":126.878809,""alt"":0},""targetSpeed"":3,""seq"":11}",,,,,,,,,,
98f166edc22f,2026-07-11,FPL1316012,UAM0083,a4,4,3,0.75,강남,강남,망우,망우,14,G2,F1,G2,F4,14:58:46,15:07:19,15:12:25,15:20:15,15:30:15,513.14,306.63,470,1289.77,67.43,0,ready,강남 > 청담대교 중간지점 > 건대입구 > 망우,12.9927,11,"{""phase"":""A"",""startLLA"":{""lat"":37.496291,""lon"":127.023303,""alt"":0},""endLLA"":{""lat"":37.496291,""lon"":127.023303,""alt"":0},""targetSpeed"":3,""seq"":1}","{""phase"":""B"",""startLLA"":{""lat"":37.496291,""lon"":127.023303,""alt"":0},""endLLA"":{""lat"":37.496291,""lon"":127.023303,""alt"":15},""targetSpeed"":10,""seq"":2}","{""phase"":""C"",""startLLA"":{""lat"":37.496291,""lon"":127.023303,""alt"":15},""endLLA"":{""lat"":37.503645,""lon"":127.033314,""alt"":100},""targetSpeed"":36,""seq"":3}","{""phase"":""E"",""startLLA"":{""lat"":37.503645,""lon"":127.033314,""alt"":100},""endLLA"":{""lat"":37.525174,""lon"":127.062622,""alt"":305},""targetSpeed"":51.4,""seq"":4}","{""phase"":""F"",""startLLA"":{""lat"":37.525174,""lon"":127.062622,""alt"":305},""endLLA"":{""lat"":37.526451,""lon"":127.064361,""alt"":305},""targetSpeed"":51.4,""seq"":5}","{""phase"":""F"",""startLLA"":{""lat"":37.526451,""lon"":127.064361,""alt"":305},""endLLA"":{""lat"":37.540426,""lon"":127.069298,""alt"":305},""targetSpeed"":51.4,""seq"":6}","{""phase"":""F"",""startLLA"":{""lat"":37.540426,""lon"":127.069298,""alt"":305},""endLLA"":{""lat"":37.55715,""lon"":127.073903,""alt"":305},""targetSpeed"":51.4,""seq"":7}","{""phase"":""G"",""startLLA"":{""lat"":37.55715,""lon"":127.073903,""alt"":305},""endLLA"":{""lat"":37.588107,""lon"":127.082428,""alt"":100},""targetSpeed"":36,""seq"":8}","{""phase"":""I"",""startLLA"":{""lat"":37.588107,""lon"":127.082428,""alt"":100},""endLLA"":{""lat"":37.596919,""lon"":127.084854,""alt"":15},""targetSpeed"":30,""seq"":9}","{""phase"":""J"",""startLLA"":{""lat"":37.596919,""lon"":127.084854,""alt"":15},""endLLA"":{""lat"":37.596919,""lon"":127.084854,""alt"":0},""targetSpeed"":10,""seq"":10}","{""phase"":""K"",""startLLA"":{""lat"":37.596919,""lon"":127.084854,""alt"":0},""endLLA"":{""lat"":37.596919,""lon"":127.084854,""alt"":0},""targetSpeed"":3,""seq"":11}",,,,,,,,,,
98f166edc22f,2026-07-11,FPL1316013,UAM0120,a8,8,8,1,강남,강남,망우,망우,15,G6,F2,G1,F4,15:00:12,15:09:17,15:16:51,15:25:11,15:35:11,545.14,454.35,500,1499.49,99.43,147.71,ready,강남 > 청담대교 중간지점 > 건대입구 > 망우,12.9927,11,"{""phase"":""A"",""startLLA"":{""lat"":37.496291,""lon"":127.023303,""alt"":0},""endLLA"":{""lat"":37.496291,""lon"":127.023303,""alt"":0},""targetSpeed"":3,""seq"":1}","{""phase"":""B"",""startLLA"":{""lat"":37.496291,""lon"":127.023303,""alt"":0},""endLLA"":{""lat"":37.496291,""lon"":127.023303,""alt"":15},""targetSpeed"":10,""seq"":2}","{""phase"":""C"",""startLLA"":{""lat"":37.496291,""lon"":127.023303,""alt"":15},""endLLA"":{""lat"":37.503645,""lon"":127.033314,""alt"":100},""targetSpeed"":36,""seq"":3}","{""phase"":""E"",""startLLA"":{""lat"":37.503645,""lon"":127.033314,""alt"":100},""endLLA"":{""lat"":37.525174,""lon"":127.062622,""alt"":305},""targetSpeed"":51.4,""seq"":4}","{""phase"":""F"",""startLLA"":{""lat"":37.525174,""lon"":127.062622,""alt"":305},""endLLA"":{""lat"":37.526451,""lon"":127.064361,""alt"":305},""targetSpeed"":51.4,""seq"":5}","{""phase"":""F"",""startLLA"":{""lat"":37.526451,""lon"":127.064361,""alt"":305},""endLLA"":{""lat"":37.540426,""lon"":127.069298,""alt"":305},""targetSpeed"":51.4,""seq"":6}","{""phase"":""F"",""startLLA"":{""lat"":37.540426,""lon"":127.069298,""alt"":305},""endLLA"":{""lat"":37.55715,""lon"":127.073903,""alt"":305},""targetSpeed"":51.4,""seq"":7}","{""phase"":""G"",""startLLA"":{""lat"":37.55715,""lon"":127.073903,""alt"":305},""endLLA"":{""lat"":37.588107,""lon"":127.082428,""alt"":100},""targetSpeed"":36,""seq"":8}","{""phase"":""I"",""startLLA"":{""lat"":37.588107,""lon"":127.082428,""alt"":100},""endLLA"":{""lat"":37.596919,""lon"":127.084854,""alt"":15},""targetSpeed"":30,""seq"":9}","{""phase"":""J"",""startLLA"":{""lat"":37.596919,""lon"":127.084854,""alt"":15},""endLLA"":{""lat"":37.596919,""lon"":127.084854,""alt"":0},""targetSpeed"":10,""seq"":10}","{""phase"":""K"",""startLLA"":{""lat"":37.596919,""lon"":127.084854,""alt"":0},""endLLA"":{""lat"":37.596919,""lon"":127.084854,""alt"":0},""targetSpeed"":3,""seq"":11}",,,,,,,,,,
98f166edc22f,2026-07-11,FPL1306011,UAM0070,a6,6,6,1,강남,강남,미아,미아,15,G4,F1,G8,F4,15:14:25,15:22:50,15:30:09,15:36:59,15:46:59,505.71,438.49,410,1354.2,0,0,ready,강남 > 청담대교 중간지점 > 건대입구 > 중랑천 제방길 > 상봉 > 월릉교 > 미아,19.77,14,"{""phase"":""A"",""startLLA"":{""lat"":37.496291,""lon"":127.023303,""alt"":0},""endLLA"":{""lat"":37.496291,""lon"":127.023303,""alt"":0},""targetSpeed"":3,""seq"":1}","{""phase"":""B"",""startLLA"":{""lat"":37.496291,""lon"":127.023303,""alt"":0},""endLLA"":{""lat"":37.496291,""lon"":127.023303,""alt"":15},""targetSpeed"":10,""seq"":2}","{""phase"":""C"",""startLLA"":{""lat"":37.496291,""lon"":127.023303,""alt"":15},""endLLA"":{""lat"":37.503643,""lon"":127.033311,""alt"":100},""targetSpeed"":36,""seq"":3}","{""phase"":""E"",""startLLA"":{""lat"":37.503643,""lon"":127.033311,""alt"":100},""endLLA"":{""lat"":37.525166,""lon"":127.062612,""alt"":305},""targetSpeed"":51.4,""seq"":4}","{""phase"":""F"",""startLLA"":{""lat"":37.525166,""lon"":127.062612,""alt"":305},""endLLA"":{""lat"":37.526451,""lon"":127.064361,""alt"":305},""targetSpeed"":51.4,""seq"":5}","{""phase"":""F"",""startLLA"":{""lat"":37.526451,""lon"":127.064361,""alt"":305},""endLLA"":{""lat"":37.540426,""lon"":127.069298,""alt"":305},""targetSpeed"":51.4,""seq"":6}","{""phase"":""F"",""startLLA"":{""lat"":37.540426,""lon"":127.069298,""alt"":305},""endLLA"":{""lat"":37.580774,""lon"":127.077387,""alt"":305},""targetSpeed"":51.4,""seq"":7}","{""phase"":""F"",""startLLA"":{""lat"":37.580774,""lon"":127.077387,""alt"":305},""endLLA"":{""lat"":37.596919,""lon"":127.084854,""alt"":305},""targetSpeed"":51.4,""seq"":8}","{""phase"":""F"",""startLLA"":{""lat"":37.596919,""lon"":127.084854,""alt"":305},""endLLA"":{""lat"":37.614364,""lon"":127.072717,""alt"":305},""targetSpeed"":51.4,""seq"":9}","{""phase"":""G"",""startLLA"":{""lat"":37.614364,""lon"":127.072717,""alt"":305},""endLLA"":{""lat"":37.616266,""lon"":127.071394,""alt"":290.95},""targetSpeed"":36,""seq"":10}","{""phase"":""G"",""startLLA"":{""lat"":37.616266,""lon"":127.071394,""alt"":290.95},""endLLA"":{""lat"":37.626944,""lon"":127.036666,""alt"":100},""targetSpeed"":36,""seq"":11}","{""phase"":""I"",""startLLA"":{""lat"":37.626944,""lon"":127.036666,""alt"":100},""endLLA"":{""lat"":37.630207,""lon"":127.026053,""alt"":15},""targetSpeed"":30,""seq"":12}","{""phase"":""J"",""startLLA"":{""lat"":37.630207,""lon"":127.026053,""alt"":15},""endLLA"":{""lat"":37.630207,""lon"":127.026053,""alt"":0},""targetSpeed"":10,""seq"":13}","{""phase"":""K"",""startLLA"":{""lat"":37.630207,""lon"":127.026053,""alt"":0},""endLLA"":{""lat"":37.630207,""lon"":127.026053,""alt"":0},""targetSpeed"":3,""seq"":14}",,,,,,,
98f166edc22f,2026-07-11,FPL1305028,UAM0059,a4,4,4,1,강남,강남,목동,목동,15,G8,F1,G7,F4,15:21:38,15:30:03,15:40:25,15:47:45,15:57:45,505.71,621.89,440,1567.6,0,20.89,ready,강남 > 이수고가차로 > 상도터널 > 63빌딩 > 서강대교 중간지점 > 선유도 17고지 > 목동,15.4931,14,"{""phase"":""A"",""startLLA"":{""lat"":37.496291,""lon"":127.023303,""alt"":0},""endLLA"":{""lat"":37.496291,""lon"":127.023303,""alt"":0},""targetSpeed"":3,""seq"":1}","{""phase"":""B"",""startLLA"":{""lat"":37.496291,""lon"":127.023303,""alt"":0},""endLLA"":{""lat"":37.496291,""lon"":127.023303,""alt"":15},""targetSpeed"":10,""seq"":2}","{""phase"":""C"",""startLLA"":{""lat"":37.496291,""lon"":127.023303,""alt"":15},""endLLA"":{""lat"":37.496789,""lon"":127.009673,""alt"":100},""targetSpeed"":36,""seq"":3}","{""phase"":""E"",""startLLA"":{""lat"":37.496789,""lon"":127.009673,""alt"":100},""endLLA"":{""lat"":37.497738,""lon"":126.983721,""alt"":233.33},""targetSpeed"":51.4,""seq"":4}","{""phase"":""E"",""startLLA"":{""lat"":37.497738,""lon"":126.983721,""alt"":233.33},""endLLA"":{""lat"":37.50217,""lon"":126.970921,""alt"":305},""targetSpeed"":51.4,""seq"":5}","{""phase"":""F"",""startLLA"":{""lat"":37.50217,""lon"":126.970921,""alt"":305},""endLLA"":{""lat"":37.508684,""lon"":126.95211,""alt"":305},""targetSpeed"":51.4,""seq"":6}","{""phase"":""F"",""startLLA"":{""lat"":37.508684,""lon"":126.95211,""alt"":305},""endLLA"":{""lat"":37.519378,""lon"":126.94021,""alt"":305},""targetSpeed"":51.4,""seq"":7}","{""phase"":""F"",""startLLA"":{""lat"":37.519378,""lon"":126.94021,""alt"":305},""endLLA"":{""lat"":37.536949,""lon"":126.924908,""alt"":305},""targetSpeed"":51.4,""seq"":8}","{""phase"":""F"",""startLLA"":{""lat"":37.536949,""lon"":126.924908,""alt"":305},""endLLA"":{""lat"":37.538128,""lon"":126.919977,""alt"":305},""targetSpeed"":51.4,""seq"":9}","{""phase"":""G"",""startLLA"":{""lat"":37.538128,""lon"":126.919977,""alt"":305},""endLLA"":{""lat"":37.542307,""lon"":126.90249,""alt"":211.32},""targetSpeed"":36,""seq"":10}","{""phase"":""G"",""startLLA"":{""lat"":37.542307,""lon"":126.90249,""alt"":211.32},""endLLA"":{""lat"":37.531833,""lon"":126.88527,""alt"":100},""targetSpeed"":36,""seq"":11}","{""phase"":""I"",""startLLA"":{""lat"":37.531833,""lon"":126.88527,""alt"":100},""endLLA"":{""lat"":37.526343,""lon"":126.876243,""alt"":15},""targetSpeed"":30,""seq"":12}","{""phase"":""J"",""startLLA"":{""lat"":37.526343,""lon"":126.876243,""alt"":15},""endLLA"":{""lat"":37.526343,""lon"":126.876243,""alt"":0},""targetSpeed"":10,""seq"":13}","{""phase"":""K"",""startLLA"":{""lat"":37.526343,""lon"":126.876243,""alt"":0},""endLLA"":{""lat"":37.526343,""lon"":126.876243,""alt"":0},""targetSpeed"":3,""seq"":14}",,,,,,,
98f166edc22f,2026-07-11,FPL1305029,UAM0071,a8,8,8,1,강남,강남,목동,목동,15,G3,F2,G8,F4,15:25:46,15:33:50,15:49:25,15:56:16,16:06:16,484.49,934.94,411,1830.43,8.78,50.71,ready,강남 > 이수고가차로 > 상도터널 > 63빌딩 > 서강대교 중간지점 > 선유도 17고지 > 목동,15.4931,14,"{""phase"":""A"",""startLLA"":{""lat"":37.496291,""lon"":127.023303,""alt"":0},""endLLA"":{""lat"":37.496291,""lon"":127.023303,""alt"":0},""targetSpeed"":3,""seq"":1}","{""phase"":""B"",""startLLA"":{""lat"":37.496291,""lon"":127.023303,""alt"":0},""endLLA"":{""lat"":37.496291,""lon"":127.023303,""alt"":15},""targetSpeed"":10,""seq"":2}","{""phase"":""C"",""startLLA"":{""lat"":37.496291,""lon"":127.023303,""alt"":15},""endLLA"":{""lat"":37.496789,""lon"":127.009673,""alt"":100},""targetSpeed"":36,""seq"":3}","{""phase"":""E"",""startLLA"":{""lat"":37.496789,""lon"":127.009673,""alt"":100},""endLLA"":{""lat"":37.497738,""lon"":126.983721,""alt"":233.33},""targetSpeed"":51.4,""seq"":4}","{""phase"":""E"",""startLLA"":{""lat"":37.497738,""lon"":126.983721,""alt"":233.33},""endLLA"":{""lat"":37.50217,""lon"":126.970921,""alt"":305},""targetSpeed"":51.4,""seq"":5}","{""phase"":""F"",""startLLA"":{""lat"":37.50217,""lon"":126.970921,""alt"":305},""endLLA"":{""lat"":37.508684,""lon"":126.95211,""alt"":305},""targetSpeed"":51.4,""seq"":6}","{""phase"":""F"",""startLLA"":{""lat"":37.508684,""lon"":126.95211,""alt"":305},""endLLA"":{""lat"":37.519378,""lon"":126.94021,""alt"":305},""targetSpeed"":51.4,""seq"":7}","{""phase"":""F"",""startLLA"":{""lat"":37.519378,""lon"":126.94021,""alt"":305},""endLLA"":{""lat"":37.536949,""lon"":126.924908,""alt"":305},""targetSpeed"":51.4,""seq"":8}","{""phase"":""F"",""startLLA"":{""lat"":37.536949,""lon"":126.924908,""alt"":305},""endLLA"":{""lat"":37.538128,""lon"":126.919977,""alt"":305},""targetSpeed"":51.4,""seq"":9}","{""phase"":""G"",""startLLA"":{""lat"":37.538128,""lon"":126.919977,""alt"":305},""endLLA"":{""lat"":37.542307,""lon"":126.90249,""alt"":211.32},""targetSpeed"":36,""seq"":10}","{""phase"":""G"",""startLLA"":{""lat"":37.542307,""lon"":126.90249,""alt"":211.32},""endLLA"":{""lat"":37.531833,""lon"":126.88527,""alt"":100},""targetSpeed"":36,""seq"":11}","{""phase"":""I"",""startLLA"":{""lat"":37.531833,""lon"":126.88527,""alt"":100},""endLLA"":{""lat"":37.526343,""lon"":126.876243,""alt"":15},""targetSpeed"":30,""seq"":12}","{""phase"":""J"",""startLLA"":{""lat"":37.526343,""lon"":126.876243,""alt"":15},""endLLA"":{""lat"":37.526343,""lon"":126.876243,""alt"":0},""targetSpeed"":10,""seq"":13}","{""phase"":""K"",""startLLA"":{""lat"":37.526343,""lon"":126.876243,""alt"":0},""endLLA"":{""lat"":37.526343,""lon"":126.876243,""alt"":0},""targetSpeed"":3,""seq"":14}",,,,,,,
98f166edc22f,2026-07-11,FPL1305030,UAM0039,a8,8,8,1,강남,강남,목동,목동,15,G7,F1,G4,F3,15:31:21,15:39:16,15:48:46,15:55:36,16:05:36,475.71,569.71,410,1455.43,0,56.71,ready,강남 > 이수고가차로 > 상도터널 > 63빌딩 > 서강대교 중간지점 > 선유도 17고지 > 목동,15.4931,14,"{""phase"":""A"",""startLLA"":{""lat"":37.496291,""lon"":127.023303,""alt"":0},""endLLA"":{""lat"":37.496291,""lon"":127.023303,""alt"":0},""targetSpeed"":3,""seq"":1}","{""phase"":""B"",""startLLA"":{""lat"":37.496291,""lon"":127.023303,""alt"":0},""endLLA"":{""lat"":37.496291,""lon"":127.023303,""alt"":15},""targetSpeed"":10,""seq"":2}","{""phase"":""C"",""startLLA"":{""lat"":37.496291,""lon"":127.023303,""alt"":15},""endLLA"":{""lat"":37.496789,""lon"":127.009673,""alt"":100},""targetSpeed"":36,""seq"":3}","{""phase"":""E"",""startLLA"":{""lat"":37.496789,""lon"":127.009673,""alt"":100},""endLLA"":{""lat"":37.497738,""lon"":126.983721,""alt"":233.33},""targetSpeed"":51.4,""seq"":4}","{""phase"":""E"",""startLLA"":{""lat"":37.497738,""lon"":126.983721,""alt"":233.33},""endLLA"":{""lat"":37.50217,""lon"":126.970921,""alt"":305},""targetSpeed"":51.4,""seq"":5}","{""phase"":""F"",""startLLA"":{""lat"":37.50217,""lon"":126.970921,""alt"":305},""endLLA"":{""lat"":37.508684,""lon"":126.95211,""alt"":305},""targetSpeed"":51.4,""seq"":6}","{""phase"":""F"",""startLLA"":{""lat"":37.508684,""lon"":126.95211,""alt"":305},""endLLA"":{""lat"":37.519378,""lon"":126.94021,""alt"":305},""targetSpeed"":51.4,""seq"":7}","{""phase"":""F"",""startLLA"":{""lat"":37.519378,""lon"":126.94021,""alt"":305},""endLLA"":{""lat"":37.536949,""lon"":126.924908,""alt"":305},""targetSpeed"":51.4,""seq"":8}","{""phase"":""F"",""startLLA"":{""lat"":37.536949,""lon"":126.924908,""alt"":305},""endLLA"":{""lat"":37.538128,""lon"":126.919977,""alt"":305},""targetSpeed"":51.4,""seq"":9}","{""phase"":""G"",""startLLA"":{""lat"":37.538128,""lon"":126.919977,""alt"":305},""endLLA"":{""lat"":37.542307,""lon"":126.90249,""alt"":211.32},""targetSpeed"":36,""seq"":10}","{""phase"":""G"",""startLLA"":{""lat"":37.542307,""lon"":126.90249,""alt"":211.32},""endLLA"":{""lat"":37.531833,""lon"":126.88527,""alt"":100},""targetSpeed"":36,""seq"":11}","{""phase"":""I"",""startLLA"":{""lat"":37.531833,""lon"":126.88527,""alt"":100},""endLLA"":{""lat"":37.526343,""lon"":126.876243,""alt"":15},""targetSpeed"":30,""seq"":12}","{""phase"":""J"",""startLLA"":{""lat"":37.526343,""lon"":126.876243,""alt"":15},""endLLA"":{""lat"":37.526343,""lon"":126.876243,""alt"":0},""targetSpeed"":10,""seq"":13}","{""phase"":""K"",""startLLA"":{""lat"":37.526343,""lon"":126.876243,""alt"":0},""endLLA"":{""lat"":37.526343,""lon"":126.876243,""alt"":0},""targetSpeed"":3,""seq"":14}",,,,,,,
98f166edc22f,2026-07-11,FPL1315019,UAM0125,a6,6,6,1,강남,강남,마곡,마곡,15,G4,F1,G2,F3,15:35:55,15:45:22,15:55:52,16:03:42,16:13:42,567.63,629.8,470,1667.43,61.91,118.89,ready,강남 > 이수고가차로 > 상도터널 > 63빌딩 > 서강대교 중간지점 > 선유도 17고지 > 성산대교 중간지점 > 가양대교 남단 > 마곡,23.493,16,"{""phase"":""A"",""startLLA"":{""lat"":37.496291,""lon"":127.023303,""alt"":0},""endLLA"":{""lat"":37.496291,""lon"":127.023303,""alt"":0},""targetSpeed"":3,""seq"":1}","{""phase"":""B"",""startLLA"":{""lat"":37.496291,""lon"":127.023303,""alt"":0},""endLLA"":{""lat"":37.496291,""lon"":127.023303,""alt"":15},""targetSpeed"":10,""seq"":2}","{""phase"":""C"",""startLLA"":{""lat"":37.496291,""lon"":127.023303,""alt"":15},""endLLA"":{""lat"":37.496789,""lon"":127.009676,""alt"":100},""targetSpeed"":36,""seq"":3}","{""phase"":""E"",""startLLA"":{""lat"":37.496789,""lon"":127.009676,""alt"":100},""endLLA"":{""lat"":37.497738,""lon"":126.983721,""alt"":233.37},""targetSpeed"":51.4,""seq"":4}","{""phase"":""E"",""startLLA"":{""lat"":37.497738,""lon"":126.983721,""alt"":233.37},""endLLA"":{""lat"":37.502167,""lon"":126.970931,""alt"":305},""targetSpeed"":51.4,""seq"":5}","{""phase"":""F"",""startLLA"":{""lat"":37.502167,""lon"":126.970931,""alt"":305},""endLLA"":{""lat"":37.508684,""lon"":126.95211,""alt"":305},""targetSpeed"":51.4,""seq"":6}","{""phase"":""F"",""startLLA"":{""lat"":37.508684,""lon"":126.95211,""alt"":305},""endLLA"":{""lat"":37.519378,""lon"":126.94021,""alt"":305},""targetSpeed"":51.4,""seq"":7}","{""phase"":""F"",""startLLA"":{""lat"":37.519378,""lon"":126.94021,""alt"":305},""endLLA"":{""lat"":37.536949,""lon"":126.924908,""alt"":305},""targetSpeed"":51.4,""seq"":8}","{""phase"":""F"",""startLLA"":{""lat"":37.536949,""lon"":126.924908,""alt"":305},""endLLA"":{""lat"":37.542307,""lon"":126.90249,""alt"":305},""targetSpeed"":51.4,""seq"":9}","{""phase"":""F"",""startLLA"":{""lat"":37.542307,""lon"":126.90249,""alt"":305},""endLLA"":{""lat"":37.552574,""lon"":126.891431,""alt"":305},""targetSpeed"":51.4,""seq"":10}","{""phase"":""F"",""startLLA"":{""lat"":37.552574,""lon"":126.891431,""alt"":305},""endLLA"":{""lat"":37.569391,""lon"":126.861026,""alt"":305},""targetSpeed"":51.4,""seq"":11}","{""phase"":""F"",""startLLA"":{""lat"":37.569391,""lon"":126.861026,""alt"":305},""endLLA"":{""lat"":37.567855,""lon"":126.842867,""alt"":305},""targetSpeed"":51.4,""seq"":12}","{""phase"":""G"",""startLLA"":{""lat"":37.567855,""lon"":126.842867,""alt"":305},""endLLA"":{""lat"":37.564492,""lon"":126.803119,""alt"":100},""targetSpeed"":36,""seq"":13}","{""phase"":""I"",""startLLA"":{""lat"":37.564492,""lon"":126.803119,""alt"":100},""endLLA"":{""lat"":37.563535,""lon"":126.791805,""alt"":15},""targetSpeed"":30,""seq"":14}","{""phase"":""J"",""startLLA"":{""lat"":37.563535,""lon"":126.791805,""alt"":15},""endLLA"":{""lat"":37.563535,""lon"":126.791805,""alt"":0},""targetSpeed"":10,""seq"":15}","{""phase"":""K"",""startLLA"":{""lat"":37.563535,""lon"":126.791805,""alt"":0},""endLLA"":{""lat"":37.563535,""lon"":126.791805,""alt"":0},""targetSpeed"":3,""seq"":16}",,,,,
98f166edc22f,2026-07-11,FPL1315020,UAM0090,a2,2,2,1,강남,강남,마곡,마곡,15,G2,F2,G6,F4,15:37:35,15:46:51,15:59:27,16:07:17,16:17:17,556.78,755.52,470,1782.3,111.07,244.6,ready,강남 > 이수고가차로 > 상도터널 > 63빌딩 > 서강대교 중간지점 > 선유도 17고지 > 성산대교 중간지점 > 가양대교 남단 > 마곡,23.493,16,"{""phase"":""A"",""startLLA"":{""lat"":37.496291,""lon"":127.023303,""alt"":0},""endLLA"":{""lat"":37.496291,""lon"":127.023303,""alt"":0},""targetSpeed"":3,""seq"":1}","{""phase"":""B"",""startLLA"":{""lat"":37.496291,""lon"":127.023303,""alt"":0},""endLLA"":{""lat"":37.496291,""lon"":127.023303,""alt"":15},""targetSpeed"":10,""seq"":2}","{""phase"":""C"",""startLLA"":{""lat"":37.496291,""lon"":127.023303,""alt"":15},""endLLA"":{""lat"":37.496789,""lon"":127.009676,""alt"":100},""targetSpeed"":36,""seq"":3}","{""phase"":""E"",""startLLA"":{""lat"":37.496789,""lon"":127.009676,""alt"":100},""endLLA"":{""lat"":37.497738,""lon"":126.983721,""alt"":233.37},""targetSpeed"":51.4,""seq"":4}","{""phase"":""E"",""startLLA"":{""lat"":37.497738,""lon"":126.983721,""alt"":233.37},""endLLA"":{""lat"":37.502167,""lon"":126.970931,""alt"":305},""targetSpeed"":51.4,""seq"":5}","{""phase"":""F"",""startLLA"":{""lat"":37.502167,""lon"":126.970931,""alt"":305},""endLLA"":{""lat"":37.508684,""lon"":126.95211,""alt"":305},""targetSpeed"":51.4,""seq"":6}","{""phase"":""F"",""startLLA"":{""lat"":37.508684,""lon"":126.95211,""alt"":305},""endLLA"":{""lat"":37.519378,""lon"":126.94021,""alt"":305},""targetSpeed"":51.4,""seq"":7}","{""phase"":""F"",""startLLA"":{""lat"":37.519378,""lon"":126.94021,""alt"":305},""endLLA"":{""lat"":37.536949,""lon"":126.924908,""alt"":305},""targetSpeed"":51.4,""seq"":8}","{""phase"":""F"",""startLLA"":{""lat"":37.536949,""lon"":126.924908,""alt"":305},""endLLA"":{""lat"":37.542307,""lon"":126.90249,""alt"":305},""targetSpeed"":51.4,""seq"":9}","{""phase"":""F"",""startLLA"":{""lat"":37.542307,""lon"":126.90249,""alt"":305},""endLLA"":{""lat"":37.552574,""lon"":126.891431,""alt"":305},""targetSpeed"":51.4,""seq"":10}","{""phase"":""F"",""startLLA"":{""lat"":37.552574,""lon"":126.891431,""alt"":305},""endLLA"":{""lat"":37.569391,""lon"":126.861026,""alt"":305},""targetSpeed"":51.4,""seq"":11}","{""phase"":""F"",""startLLA"":{""lat"":37.569391,""lon"":126.861026,""alt"":305},""endLLA"":{""lat"":37.567855,""lon"":126.842867,""alt"":305},""targetSpeed"":51.4,""seq"":12}","{""phase"":""G"",""startLLA"":{""lat"":37.567855,""lon"":126.842867,""alt"":305},""endLLA"":{""lat"":37.564492,""lon"":126.803119,""alt"":100},""targetSpeed"":36,""seq"":13}","{""phase"":""I"",""startLLA"":{""lat"":37.564492,""lon"":126.803119,""alt"":100},""endLLA"":{""lat"":37.563535,""lon"":126.791805,""alt"":15},""targetSpeed"":30,""seq"":14}","{""phase"":""J"",""startLLA"":{""lat"":37.563535,""lon"":126.791805,""alt"":15},""endLLA"":{""lat"":37.563535,""lon"":126.791805,""alt"":0},""targetSpeed"":10,""seq"":15}","{""phase"":""K"",""startLLA"":{""lat"":37.563535,""lon"":126.791805,""alt"":0},""endLLA"":{""lat"":37.563535,""lon"":126.791805,""alt"":0},""targetSpeed"":3,""seq"":16}",,,,,
98f166edc22f,2026-07-11,FPL1311026,UAM0092,a4,4,4,1,강남,강남,천호,천호,15,G6,F1,G4,F3,15:41:21,15:50:48,15:55:11,16:02:01,16:12:01,567.34,263.39,410,1240.73,121.63,0,ready,강남 > 청담대교 중간지점 > 잠실대교 중간지점 > 천호,10.7701,11,"{""phase"":""A"",""startLLA"":{""lat"":37.496291,""lon"":127.023303,""alt"":0},""endLLA"":{""lat"":37.496291,""lon"":127.023303,""alt"":0},""targetSpeed"":3,""seq"":1}","{""phase"":""B"",""startLLA"":{""lat"":37.496291,""lon"":127.023303,""alt"":0},""endLLA"":{""lat"":37.496291,""lon"":127.023303,""alt"":15},""targetSpeed"":10,""seq"":2}","{""phase"":""C"",""startLLA"":{""lat"":37.496291,""lon"":127.023303,""alt"":15},""endLLA"":{""lat"":37.503645,""lon"":127.033315,""alt"":100},""targetSpeed"":36,""seq"":3}","{""phase"":""E"",""startLLA"":{""lat"":37.503645,""lon"":127.033315,""alt"":100},""endLLA"":{""lat"":37.525177,""lon"":127.062626,""alt"":305},""targetSpeed"":51.4,""seq"":4}","{""phase"":""F"",""startLLA"":{""lat"":37.525177,""lon"":127.062626,""alt"":305},""endLLA"":{""lat"":37.526451,""lon"":127.064361,""alt"":305},""targetSpeed"":51.4,""seq"":5}","{""phase"":""F"",""startLLA"":{""lat"":37.526451,""lon"":127.064361,""alt"":305},""endLLA"":{""lat"":37.52529,""lon"":127.079002,""alt"":305},""targetSpeed"":51.4,""seq"":6}","{""phase"":""G"",""startLLA"":{""lat"":37.52529,""lon"":127.079002,""alt"":305},""endLLA"":{""lat"":37.524288,""lon"":127.091639,""alt"":239.84},""targetSpeed"":36,""seq"":7}","{""phase"":""G"",""startLLA"":{""lat"":37.524288,""lon"":127.091639,""alt"":239.84},""endLLA"":{""lat"":37.539419,""lon"":127.111107,""alt"":100},""targetSpeed"":36,""seq"":8}","{""phase"":""I"",""startLLA"":{""lat"":37.539419,""lon"":127.111107,""alt"":100},""endLLA"":{""lat"":37.545733,""lon"":127.11923,""alt"":15},""targetSpeed"":30,""seq"":9}","{""phase"":""J"",""startLLA"":{""lat"":37.545733,""lon"":127.11923,""alt"":15},""endLLA"":{""lat"":37.545733,""lon"":127.11923,""alt"":0},""targetSpeed"":10,""seq"":10}","{""phase"":""K"",""startLLA"":{""lat"":37.545733,""lon"":127.11923,""alt"":0},""endLLA"":{""lat"":37.545733,""lon"":127.11923,""alt"":0},""targetSpeed"":3,""seq"":11}",,,,,,,,,,
98f166edc22f,2026-07-11,FPL1314020,UAM0019,a4,4,4,1,강남,강남,가산,가산,15,G8,F2,G8,F3,15:43:42,15:53:15,15:58:50,16:05:40,16:15:40,573.23,334.77,410,1318,67.52,0,ready,강남 > 채석장 > 180고지 > 가산,14.4391,11,"{""phase"":""A"",""startLLA"":{""lat"":37.496291,""lon"":127.023303,""alt"":0},""endLLA"":{""lat"":37.496291,""lon"":127.023303,""alt"":0},""targetSpeed"":3,""seq"":1}","{""phase"":""B"",""startLLA"":{""lat"":37.496291,""lon"":127.023303,""alt"":0},""endLLA"":{""lat"":37.496291,""lon"":127.023303,""alt"":15},""targetSpeed"":10,""seq"":2}","{""phase"":""C"",""startLLA"":{""lat"":37.496291,""lon"":127.023303,""alt"":15},""endLLA"":{""lat"":37.489331,""lon"":127.012849,""alt"":100},""targetSpeed"":36,""seq"":3}","{""phase"":""E"",""startLLA"":{""lat"":37.489331,""lon"":127.012849,""alt"":100},""endLLA"":{""lat"":37.471285,""lon"":126.985745,""alt"":281.55},""targetSpeed"":51.4,""seq"":4}","{""phase"":""E"",""startLLA"":{""lat"":37.471285,""lon"":126.985745,""alt"":281.55},""endLLA"":{""lat"":37.473124,""lon"":126.981806,""alt"":305},""targetSpeed"":51.4,""seq"":5}","{""phase"":""F"",""startLLA"":{""lat"":37.473124,""lon"":126.981806,""alt"":305},""endLLA"":{""lat"":37.492877,""lon"":126.93949,""alt"":305},""targetSpeed"":51.4,""seq"":6}","{""phase"":""F"",""startLLA"":{""lat"":37.492877,""lon"":126.93949,""alt"":305},""endLLA"":{""lat"":37.492284,""lon"":126.929979,""alt"":305},""targetSpeed"":51.4,""seq"":7}","{""phase"":""G"",""startLLA"":{""lat"":37.492284,""lon"":126.929979,""alt"":305},""endLLA"":{""lat"":37.489798,""lon"":126.890147,""alt"":100},""targetSpeed"":36,""seq"":8}","{""phase"":""I"",""startLLA"":{""lat"":37.489798,""lon"":126.890147,""alt"":100},""endLLA"":{""lat"":37.489091,""lon"":126.878809,""alt"":15},""targetSpeed"":30,""seq"":9}","{""phase"":""J"",""startLLA"":{""lat"":37.489091,""lon"":126.878809,""alt"":15},""endLLA"":{""lat"":37.489091,""lon"":126.878809,""alt"":0},""targetSpeed"":10,""seq"":10}","{""phase"":""K"",""startLLA"":{""lat"":37.489091,""lon"":126.878809,""alt"":0},""endLLA"":{""lat"":37.489091,""lon"":126.878809,""alt"":0},""targetSpeed"":3,""seq"":11}",,,,,,,,,,
98f166edc22f,2026-07-11,FPL1303012,UAM0114,a2,2,2,1,강남,강남,상암,상암,15,G3,F1,G3,F3,15:45:41,15:56:14,16:02:00,16:09:20,16:19:20,633.06,346.64,440,1419.7,157.34,0,ready,강남 > 이수고가차로 > 상도터널 > 63빌딩 > 서강대교 중간지점 > 선유도 17고지 > 상암,15.0491,14,"{""phase"":""A"",""startLLA"":{""lat"":37.496291,""lon"":127.023303,""alt"":0},""endLLA"":{""lat"":37.496291,""lon"":127.023303,""alt"":0},""targetSpeed"":3,""seq"":1}","{""phase"":""B"",""startLLA"":{""lat"":37.496291,""lon"":127.023303,""alt"":0},""endLLA"":{""lat"":37.496291,""lon"":127.023303,""alt"":15},""targetSpeed"":10,""seq"":2}","{""phase"":""C"",""startLLA"":{""lat"":37.496291,""lon"":127.023303,""alt"":15},""endLLA"":{""lat"":37.496789,""lon"":127.009673,""alt"":100},""targetSpeed"":36,""seq"":3}","{""phase"":""E"",""startLLA"":{""lat"":37.496789,""lon"":127.009673,""alt"":100},""endLLA"":{""lat"":37.497738,""lon"":126.983721,""alt"":233.33},""targetSpeed"":51.4,""seq"":4}","{""phase"":""E"",""startLLA"":{""lat"":37.497738,""lon"":126.983721,""alt"":233.33},""endLLA"":{""lat"":37.50217,""lon"":126.970921,""alt"":305},""targetSpeed"":51.4,""seq"":5}","{""phase"":""F"",""startLLA"":{""lat"":37.50217,""lon"":126.970921,""alt"":305},""endLLA"":{""lat"":37.508684,""lon"":126.95211,""alt"":305},""targetSpeed"":51.4,""seq"":6}","{""phase"":""F"",""startLLA"":{""lat"":37.508684,""lon"":126.95211,""alt"":305},""endLLA"":{""lat"":37.519378,""lon"":126.94021,""alt"":305},""targetSpeed"":51.4,""seq"":7}","{""phase"":""F"",""startLLA"":{""lat"":37.519378,""lon"":126.94021,""alt"":305},""endLLA"":{""lat"":37.536949,""lon"":126.924908,""alt"":305},""targetSpeed"":51.4,""seq"":8}","{""phase"":""F"",""startLLA"":{""lat"":37.536949,""lon"":126.924908,""alt"":305},""endLLA"":{""lat"":37.536976,""lon"":126.924795,""alt"":305},""targetSpeed"":51.4,""seq"":9}","{""phase"":""G"",""startLLA"":{""lat"":37.536976,""lon"":126.924795,""alt"":305},""endLLA"":{""lat"":37.542307,""lon"":126.90249,""alt"":185.51},""targetSpeed"":36,""seq"":10}","{""phase"":""G"",""startLLA"":{""lat"":37.542307,""lon"":126.90249,""alt"":185.51},""endLLA"":{""lat"":37.55418,""lon"":126.895159,""alt"":100},""targetSpeed"":36,""seq"":11}","{""phase"":""I"",""startLLA"":{""lat"":37.55418,""lon"":126.895159,""alt"":100},""endLLA"":{""lat"":37.562282,""lon"":126.890156,""alt"":15},""targetSpeed"":30,""seq"":12}","{""phase"":""J"",""startLLA"":{""lat"":37.562282,""lon"":126.890156,""alt"":15},""endLLA"":{""lat"":37.562282,""lon"":126.890156,""alt"":0},""targetSpeed"":10,""seq"":13}","{""phase"":""K"",""startLLA"":{""lat"":37.562282,""lon"":126.890156,""alt"":0},""endLLA"":{""lat"":37.562282,""lon"":126.890156,""alt"":0},""targetSpeed"":3,""seq"":14}",,,,,,,
98f166edc22f,2026-07-11,FPL1314021,UAM0093,a6,6,6,1,강남,강남,가산,가산,15,G1,F2,G7,F4,15:49:37,15:58:40,16:05:08,16:12:28,16:22:28,543.95,387.68,440,1371.63,128.23,52.91,ready,강남 > 채석장 > 180고지 > 가산,14.4391,11,"{""phase"":""A"",""startLLA"":{""lat"":37.496291,""lon"":127.023303,""alt"":0},""endLLA"":{""lat"":37.496291,""lon"":127.023303,""alt"":0},""targetSpeed"":3,""seq"":1}","{""phase"":""B"",""startLLA"":{""lat"":37.496291,""lon"":127.023303,""alt"":0},""endLLA"":{""lat"":37.496291,""lon"":127.023303,""alt"":15},""targetSpeed"":10,""seq"":2}","{""phase"":""C"",""startLLA"":{""lat"":37.496291,""lon"":127.023303,""alt"":15},""endLLA"":{""lat"":37.489331,""lon"":127.012849,""alt"":100},""targetSpeed"":36,""seq"":3}","{""phase"":""E"",""startLLA"":{""lat"":37.489331,""lon"":127.012849,""alt"":100},""endLLA"":{""lat"":37.471285,""lon"":126.985745,""alt"":281.55},""targetSpeed"":51.4,""seq"":4}","{""phase"":""E"",""startLLA"":{""lat"":37.471285,""lon"":126.985745,""alt"":281.55},""endLLA"":{""lat"":37.473124,""lon"":126.981806,""alt"":305},""targetSpeed"":51.4,""seq"":5}","{""phase"":""F"",""startLLA"":{""lat"":37.473124,""lon"":126.981806,""alt"":305},""endLLA"":{""lat"":37.492877,""lon"":126.93949,""alt"":305},""targetSpeed"":51.4,""seq"":6}","{""phase"":""F"",""startLLA"":{""lat"":37.492877,""lon"":126.93949,""alt"":305},""endLLA"":{""lat"":37.492284,""lon"":126.929979,""alt"":305},""targetSpeed"":51.4,""seq"":7}","{""phase"":""G"",""startLLA"":{""lat"":37.492284,""lon"":126.929979,""alt"":305},""endLLA"":{""lat"":37.489798,""lon"":126.890147,""alt"":100},""targetSpeed"":36,""seq"":8}","{""phase"":""I"",""startLLA"":{""lat"":37.489798,""lon"":126.890147,""alt"":100},""endLLA"":{""lat"":37.489091,""lon"":126.878809,""alt"":15},""targetSpeed"":30,""seq"":9}","{""phase"":""J"",""startLLA"":{""lat"":37.489091,""lon"":126.878809,""alt"":15},""endLLA"":{""lat"":37.489091,""lon"":126.878809,""alt"":0},""targetSpeed"":10,""seq"":10}","{""phase"":""K"",""startLLA"":{""lat"":37.489091,""lon"":126.878809,""alt"":0},""endLLA"":{""lat"":37.489091,""lon"":126.878809,""alt"":0},""targetSpeed"":3,""seq"":11}",,,,,,,,,,
98f166edc22f,2026-07-11,FPL1311027,UAM0104,a8,8,8,1,강남,강남,천호,천호,15,G5,F1,G2,F4,15:51:07,16:01:39,16:07:25,16:15:15,16:25:15,632.77,345.27,470,1448.04,217.06,81.87,ready,강남 > 청담대교 중간지점 > 잠실대교 중간지점 > 천호,10.7701,11,"{""phase"":""A"",""startLLA"":{""lat"":37.496291,""lon"":127.023303,""alt"":0},""endLLA"":{""lat"":37.496291,""lon"":127.023303,""alt"":0},""targetSpeed"":3,""seq"":1}","{""phase"":""B"",""startLLA"":{""lat"":37.496291,""lon"":127.023303,""alt"":0},""endLLA"":{""lat"":37.496291,""lon"":127.023303,""alt"":15},""targetSpeed"":10,""seq"":2}","{""phase"":""C"",""startLLA"":{""lat"":37.496291,""lon"":127.023303,""alt"":15},""endLLA"":{""lat"":37.503645,""lon"":127.033315,""alt"":100},""targetSpeed"":36,""seq"":3}","{""phase"":""E"",""startLLA"":{""lat"":37.503645,""lon"":127.033315,""alt"":100},""endLLA"":{""lat"":37.525177,""lon"":127.062626,""alt"":305},""targetSpeed"":51.4,""seq"":4}","{""phase"":""F"",""startLLA"":{""lat"":37.525177,""lon"":127.062626,""alt"":305},""endLLA"":{""lat"":37.526451,""lon"":127.064361,""alt"":305},""targetSpeed"":51.4,""seq"":5}","{""phase"":""F"",""startLLA"":{""lat"":37.526451,""lon"":127.064361,""alt"":305},""endLLA"":{""lat"":37.52529,""lon"":127.079002,""alt"":305},""targetSpeed"":51.4,""seq"":6}","{""phase"":""G"",""startLLA"":{""lat"":37.52529,""lon"":127.079002,""alt"":305},""endLLA"":{""lat"":37.524288,""lon"":127.091639,""alt"":239.84},""targetSpeed"":36,""seq"":7}","{""phase"":""G"",""startLLA"":{""lat"":37.524288,""lon"":127.091639,""alt"":239.84},""endLLA"":{""lat"":37.539419,""lon"":127.111107,""alt"":100},""targetSpeed"":36,""seq"":8}","{""phase"":""I"",""startLLA"":{""lat"":37.539419,""lon"":127.111107,""alt"":100},""endLLA"":{""lat"":37.545733,""lon"":127.11923,""alt"":15},""targetSpeed"":30,""seq"":9}","{""phase"":""J"",""startLLA"":{""lat"":37.545733,""lon"":127.11923,""alt"":15},""endLLA"":{""lat"":37.545733,""lon"":127.11923,""alt"":0},""targetSpeed"":10,""seq"":10}","{""phase"":""K"",""startLLA"":{""lat"":37.545733,""lon"":127.11923,""alt"":0},""endLLA"":{""lat"":37.545733,""lon"":127.11923,""alt"":0},""targetSpeed"":3,""seq"":11}",,,,,,,,,,
98f166edc22f,2026-07-11,FPL1311028,UAM0040,a8,8,8,1,강남,강남,천호,천호,15,G4,F2,G6,F4,15:56:00,16:04:25,16:11:50,16:19:40,16:29:40,505.71,445.04,470,1420.75,0,181.65,ready,강남 > 청담대교 중간지점 > 잠실대교 중간지점 > 천호,10.7701,11,"{""phase"":""A"",""startLLA"":{""lat"":37.496291,""lon"":127.023303,""alt"":0},""endLLA"":{""lat"":37.496291,""lon"":127.023303,""alt"":0},""targetSpeed"":3,""seq"":1}","{""phase"":""B"",""startLLA"":{""lat"":37.496291,""lon"":127.023303,""alt"":0},""endLLA"":{""lat"":37.496291,""lon"":127.023303,""alt"":15},""targetSpeed"":10,""seq"":2}","{""phase"":""C"",""startLLA"":{""lat"":37.496291,""lon"":127.023303,""alt"":15},""endLLA"":{""lat"":37.503645,""lon"":127.033315,""alt"":100},""targetSpeed"":36,""seq"":3}","{""phase"":""E"",""startLLA"":{""lat"":37.503645,""lon"":127.033315,""alt"":100},""endLLA"":{""lat"":37.525177,""lon"":127.062626,""alt"":305},""targetSpeed"":51.4,""seq"":4}","{""phase"":""F"",""startLLA"":{""lat"":37.525177,""lon"":127.062626,""alt"":305},""endLLA"":{""lat"":37.526451,""lon"":127.064361,""alt"":305},""targetSpeed"":51.4,""seq"":5}","{""phase"":""F"",""startLLA"":{""lat"":37.526451,""lon"":127.064361,""alt"":305},""endLLA"":{""lat"":37.52529,""lon"":127.079002,""alt"":305},""targetSpeed"":51.4,""seq"":6}","{""phase"":""G"",""startLLA"":{""lat"":37.52529,""lon"":127.079002,""alt"":305},""endLLA"":{""lat"":37.524288,""lon"":127.091639,""alt"":239.84},""targetSpeed"":36,""seq"":7}","{""phase"":""G"",""startLLA"":{""lat"":37.524288,""lon"":127.091639,""alt"":239.84},""endLLA"":{""lat"":37.539419,""lon"":127.111107,""alt"":100},""targetSpeed"":36,""seq"":8}","{""phase"":""I"",""startLLA"":{""lat"":37.539419,""lon"":127.111107,""alt"":100},""endLLA"":{""lat"":37.545733,""lon"":127.11923,""alt"":15},""targetSpeed"":30,""seq"":9}","{""phase"":""J"",""startLLA"":{""lat"":37.545733,""lon"":127.11923,""alt"":15},""endLLA"":{""lat"":37.545733,""lon"":127.11923,""alt"":0},""targetSpeed"":10,""seq"":10}","{""phase"":""K"",""startLLA"":{""lat"":37.545733,""lon"":127.11923,""alt"":0},""endLLA"":{""lat"":37.545733,""lon"":127.11923,""alt"":0},""targetSpeed"":3,""seq"":11}",,,,,,,,,,
98f166edc22f,2026-07-11,FPL1305031,UAM0027,a4,4,4,1,강남,강남,목동,목동,16,G8,F1,G3,F3,16:01:43,16:10:08,16:16:03,16:23:23,16:33:23,505.71,355.28,440,1300.99,0,0,ready,강남 > 이수고가차로 > 상도터널 > 63빌딩 > 서강대교 중간지점 > 선유도 17고지 > 목동,15.4931,14,"{""phase"":""A"",""startLLA"":{""lat"":37.496291,""lon"":127.023303,""alt"":0},""endLLA"":{""lat"":37.496291,""lon"":127.023303,""alt"":0},""targetSpeed"":3,""seq"":1}","{""phase"":""B"",""startLLA"":{""lat"":37.496291,""lon"":127.023303,""alt"":0},""endLLA"":{""lat"":37.496291,""lon"":127.023303,""alt"":15},""targetSpeed"":10,""seq"":2}","{""phase"":""C"",""startLLA"":{""lat"":37.496291,""lon"":127.023303,""alt"":15},""endLLA"":{""lat"":37.496789,""lon"":127.009673,""alt"":100},""targetSpeed"":36,""seq"":3}","{""phase"":""E"",""startLLA"":{""lat"":37.496789,""lon"":127.009673,""alt"":100},""endLLA"":{""lat"":37.497738,""lon"":126.983721,""alt"":233.33},""targetSpeed"":51.4,""seq"":4}","{""phase"":""E"",""startLLA"":{""lat"":37.497738,""lon"":126.983721,""alt"":233.33},""endLLA"":{""lat"":37.50217,""lon"":126.970921,""alt"":305},""targetSpeed"":51.4,""seq"":5}","{""phase"":""F"",""startLLA"":{""lat"":37.50217,""lon"":126.970921,""alt"":305},""endLLA"":{""lat"":37.508684,""lon"":126.95211,""alt"":305},""targetSpeed"":51.4,""seq"":6}","{""phase"":""F"",""startLLA"":{""lat"":37.508684,""lon"":126.95211,""alt"":305},""endLLA"":{""lat"":37.519378,""lon"":126.94021,""alt"":305},""targetSpeed"":51.4,""seq"":7}","{""phase"":""F"",""startLLA"":{""lat"":37.519378,""lon"":126.94021,""alt"":305},""endLLA"":{""lat"":37.536949,""lon"":126.924908,""alt"":305},""targetSpeed"":51.4,""seq"":8}","{""phase"":""F"",""startLLA"":{""lat"":37.536949,""lon"":126.924908,""alt"":305},""endLLA"":{""lat"":37.538128,""lon"":126.919977,""alt"":305},""targetSpeed"":51.4,""seq"":9}","{""phase"":""G"",""startLLA"":{""lat"":37.538128,""lon"":126.919977,""alt"":305},""endLLA"":{""lat"":37.542307,""lon"":126.90249,""alt"":211.32},""targetSpeed"":36,""seq"":10}","{""phase"":""G"",""startLLA"":{""lat"":37.542307,""lon"":126.90249,""alt"":211.32},""endLLA"":{""lat"":37.531833,""lon"":126.88527,""alt"":100},""targetSpeed"":36,""seq"":11}","{""phase"":""I"",""startLLA"":{""lat"":37.531833,""lon"":126.88527,""alt"":100},""endLLA"":{""lat"":37.526343,""lon"":126.876243,""alt"":15},""targetSpeed"":30,""seq"":12}","{""phase"":""J"",""startLLA"":{""lat"":37.526343,""lon"":126.876243,""alt"":15},""endLLA"":{""lat"":37.526343,""lon"":126.876243,""alt"":0},""targetSpeed"":10,""seq"":13}","{""phase"":""K"",""startLLA"":{""lat"":37.526343,""lon"":126.876243,""alt"":0},""endLLA"":{""lat"":37.526343,""lon"":126.876243,""alt"":0},""targetSpeed"":3,""seq"":14}",,,,,,,
98f166edc22f,2026-07-11,FPL1311029,UAM0089,a2,2,2,1,강남,강남,천호,천호,16,G3,F2,G7,F4,16:04:24,16:12:39,16:17:02,16:24:22,16:34:22,495.42,263.39,440,1198.81,19.71,0,ready,강남 > 청담대교 중간지점 > 잠실대교 중간지점 > 천호,10.7701,11,"{""phase"":""A"",""startLLA"":{""lat"":37.496291,""lon"":127.023303,""alt"":0},""endLLA"":{""lat"":37.496291,""lon"":127.023303,""alt"":0},""targetSpeed"":3,""seq"":1}","{""phase"":""B"",""startLLA"":{""lat"":37.496291,""lon"":127.023303,""alt"":0},""endLLA"":{""lat"":37.496291,""lon"":127.023303,""alt"":15},""targetSpeed"":10,""seq"":2}","{""phase"":""C"",""startLLA"":{""lat"":37.496291,""lon"":127.023303,""alt"":15},""endLLA"":{""lat"":37.503645,""lon"":127.033315,""alt"":100},""targetSpeed"":36,""seq"":3}","{""phase"":""E"",""startLLA"":{""lat"":37.503645,""lon"":127.033315,""alt"":100},""endLLA"":{""lat"":37.525177,""lon"":127.062626,""alt"":305},""targetSpeed"":51.4,""seq"":4}","{""phase"":""F"",""startLLA"":{""lat"":37.525177,""lon"":127.062626,""alt"":305},""endLLA"":{""lat"":37.526451,""lon"":127.064361,""alt"":305},""targetSpeed"":51.4,""seq"":5}","{""phase"":""F"",""startLLA"":{""lat"":37.526451,""lon"":127.064361,""alt"":305},""endLLA"":{""lat"":37.52529,""lon"":127.079002,""alt"":305},""targetSpeed"":51.4,""seq"":6}","{""phase"":""G"",""startLLA"":{""lat"":37.52529,""lon"":127.079002,""alt"":305},""endLLA"":{""lat"":37.524288,""lon"":127.091639,""alt"":239.84},""targetSpeed"":36,""seq"":7}","{""phase"":""G"",""startLLA"":{""lat"":37.524288,""lon"":127.091639,""alt"":239.84},""endLLA"":{""lat"":37.539419,""lon"":127.111107,""alt"":100},""targetSpeed"":36,""seq"":8}","{""phase"":""I"",""startLLA"":{""lat"":37.539419,""lon"":127.111107,""alt"":100},""endLLA"":{""lat"":37.545733,""lon"":127.11923,""alt"":15},""targetSpeed"":30,""seq"":9}","{""phase"":""J"",""startLLA"":{""lat"":37.545733,""lon"":127.11923,""alt"":15},""endLLA"":{""lat"":37.545733,""lon"":127.11923,""alt"":0},""targetSpeed"":10,""seq"":10}","{""phase"":""K"",""startLLA"":{""lat"":37.545733,""lon"":127.11923,""alt"":0},""endLLA"":{""lat"":37.545733,""lon"":127.11923,""alt"":0},""targetSpeed"":3,""seq"":11}",,,,,,,,,,
98f166edc22f,2026-07-11,FPL1306012,UAM0024,a8,8,8,1,강남,강남,미아,미아,16,G7,F1,G2,F4,16:07:02,16:15:34,16:22:52,16:30:42,16:40:42,512.43,438.49,470,1420.91,36.71,0,ready,강남 > 청담대교 중간지점 > 건대입구 > 중랑천 제방길 > 상봉 > 월릉교 > 미아,19.77,14,"{""phase"":""A"",""startLLA"":{""lat"":37.496291,""lon"":127.023303,""alt"":0},""endLLA"":{""lat"":37.496291,""lon"":127.023303,""alt"":0},""targetSpeed"":3,""seq"":1}","{""phase"":""B"",""startLLA"":{""lat"":37.496291,""lon"":127.023303,""alt"":0},""endLLA"":{""lat"":37.496291,""lon"":127.023303,""alt"":15},""targetSpeed"":10,""seq"":2}","{""phase"":""C"",""startLLA"":{""lat"":37.496291,""lon"":127.023303,""alt"":15},""endLLA"":{""lat"":37.503643,""lon"":127.033311,""alt"":100},""targetSpeed"":36,""seq"":3}","{""phase"":""E"",""startLLA"":{""lat"":37.503643,""lon"":127.033311,""alt"":100},""endLLA"":{""lat"":37.525166,""lon"":127.062612,""alt"":305},""targetSpeed"":51.4,""seq"":4}","{""phase"":""F"",""startLLA"":{""lat"":37.525166,""lon"":127.062612,""alt"":305},""endLLA"":{""lat"":37.526451,""lon"":127.064361,""alt"":305},""targetSpeed"":51.4,""seq"":5}","{""phase"":""F"",""startLLA"":{""lat"":37.526451,""lon"":127.064361,""alt"":305},""endLLA"":{""lat"":37.540426,""lon"":127.069298,""alt"":305},""targetSpeed"":51.4,""seq"":6}","{""phase"":""F"",""startLLA"":{""lat"":37.540426,""lon"":127.069298,""alt"":305},""endLLA"":{""lat"":37.580774,""lon"":127.077387,""alt"":305},""targetSpeed"":51.4,""seq"":7}","{""phase"":""F"",""startLLA"":{""lat"":37.580774,""lon"":127.077387,""alt"":305},""endLLA"":{""lat"":37.596919,""lon"":127.084854,""alt"":305},""targetSpeed"":51.4,""seq"":8}","{""phase"":""F"",""startLLA"":{""lat"":37.596919,""lon"":127.084854,""alt"":305},""endLLA"":{""lat"":37.614364,""lon"":127.072717,""alt"":305},""targetSpeed"":51.4,""seq"":9}","{""phase"":""G"",""startLLA"":{""lat"":37.614364,""lon"":127.072717,""alt"":305},""endLLA"":{""lat"":37.616266,""lon"":127.071394,""alt"":290.95},""targetSpeed"":36,""seq"":10}","{""phase"":""G"",""startLLA"":{""lat"":37.616266,""lon"":127.071394,""alt"":290.95},""endLLA"":{""lat"":37.626944,""lon"":127.036666,""alt"":100},""targetSpeed"":36,""seq"":11}","{""phase"":""I"",""startLLA"":{""lat"":37.626944,""lon"":127.036666,""alt"":100},""endLLA"":{""lat"":37.630207,""lon"":127.026053,""alt"":15},""targetSpeed"":30,""seq"":12}","{""phase"":""J"",""startLLA"":{""lat"":37.630207,""lon"":127.026053,""alt"":15},""endLLA"":{""lat"":37.630207,""lon"":127.026053,""alt"":0},""targetSpeed"":10,""seq"":13}","{""phase"":""K"",""startLLA"":{""lat"":37.630207,""lon"":127.026053,""alt"":0},""endLLA"":{""lat"":37.630207,""lon"":127.026053,""alt"":0},""targetSpeed"":3,""seq"":14}",,,,,,,
98f166edc22f,2026-07-11,FPL1315021,UAM0029,a6,6,6,1,강남,강남,마곡,마곡,16,G2,F2,G8,F3,16:10:58,16:18:23,16:28:56,16:35:46,16:45:46,445.71,633.05,410,1488.76,0,122.13,ready,강남 > 이수고가차로 > 상도터널 > 63빌딩 > 서강대교 중간지점 > 선유도 17고지 > 성산대교 중간지점 > 가양대교 남단 > 마곡,23.493,16,"{""phase"":""A"",""startLLA"":{""lat"":37.496291,""lon"":127.023303,""alt"":0},""endLLA"":{""lat"":37.496291,""lon"":127.023303,""alt"":0},""targetSpeed"":3,""seq"":1}","{""phase"":""B"",""startLLA"":{""lat"":37.496291,""lon"":127.023303,""alt"":0},""endLLA"":{""lat"":37.496291,""lon"":127.023303,""alt"":15},""targetSpeed"":10,""seq"":2}","{""phase"":""C"",""startLLA"":{""lat"":37.496291,""lon"":127.023303,""alt"":15},""endLLA"":{""lat"":37.496789,""lon"":127.009676,""alt"":100},""targetSpeed"":36,""seq"":3}","{""phase"":""E"",""startLLA"":{""lat"":37.496789,""lon"":127.009676,""alt"":100},""endLLA"":{""lat"":37.497738,""lon"":126.983721,""alt"":233.37},""targetSpeed"":51.4,""seq"":4}","{""phase"":""E"",""startLLA"":{""lat"":37.497738,""lon"":126.983721,""alt"":233.37},""endLLA"":{""lat"":37.502167,""lon"":126.970931,""alt"":305},""targetSpeed"":51.4,""seq"":5}","{""phase"":""F"",""startLLA"":{""lat"":37.502167,""lon"":126.970931,""alt"":305},""endLLA"":{""lat"":37.508684,""lon"":126.95211,""alt"":305},""targetSpeed"":51.4,""seq"":6}","{""phase"":""F"",""startLLA"":{""lat"":37.508684,""lon"":126.95211,""alt"":305},""endLLA"":{""lat"":37.519378,""lon"":126.94021,""alt"":305},""targetSpeed"":51.4,""seq"":7}","{""phase"":""F"",""startLLA"":{""lat"":37.519378,""lon"":126.94021,""alt"":305},""endLLA"":{""lat"":37.536949,""lon"":126.924908,""alt"":305},""targetSpeed"":51.4,""seq"":8}","{""phase"":""F"",""startLLA"":{""lat"":37.536949,""lon"":126.924908,""alt"":305},""endLLA"":{""lat"":37.542307,""lon"":126.90249,""alt"":305},""targetSpeed"":51.4,""seq"":9}","{""phase"":""F"",""startLLA"":{""lat"":37.542307,""lon"":126.90249,""alt"":305},""endLLA"":{""lat"":37.552574,""lon"":126.891431,""alt"":305},""targetSpeed"":51.4,""seq"":10}","{""phase"":""F"",""startLLA"":{""lat"":37.552574,""lon"":126.891431,""alt"":305},""endLLA"":{""lat"":37.569391,""lon"":126.861026,""alt"":305},""targetSpeed"":51.4,""seq"":11}","{""phase"":""F"",""startLLA"":{""lat"":37.569391,""lon"":126.861026,""alt"":305},""endLLA"":{""lat"":37.567855,""lon"":126.842867,""alt"":305},""targetSpeed"":51.4,""seq"":12}","{""phase"":""G"",""startLLA"":{""lat"":37.567855,""lon"":126.842867,""alt"":305},""endLLA"":{""lat"":37.564492,""lon"":126.803119,""alt"":100},""targetSpeed"":36,""seq"":13}","{""phase"":""I"",""startLLA"":{""lat"":37.564492,""lon"":126.803119,""alt"":100},""endLLA"":{""lat"":37.563535,""lon"":126.791805,""alt"":15},""targetSpeed"":30,""seq"":14}","{""phase"":""J"",""startLLA"":{""lat"":37.563535,""lon"":126.791805,""alt"":15},""endLLA"":{""lat"":37.563535,""lon"":126.791805,""alt"":0},""targetSpeed"":10,""seq"":15}","{""phase"":""K"",""startLLA"":{""lat"":37.563535,""lon"":126.791805,""alt"":0},""endLLA"":{""lat"":37.563535,""lon"":126.791805,""alt"":0},""targetSpeed"":3,""seq"":16}",,,,,
98f166edc22f,2026-07-11,FPL1316014,UAM0032,a8,8,8,1,강남,강남,망우,망우,16,G6,F1,G3,F3,16:11:58,16:21:00,16:26:06,16:33:26,16:43:26,542.14,306.63,440,1288.77,96.43,0,ready,강남 > 청담대교 중간지점 > 건대입구 > 망우,12.9927,11,"{""phase"":""A"",""startLLA"":{""lat"":37.496291,""lon"":127.023303,""alt"":0},""endLLA"":{""lat"":37.496291,""lon"":127.023303,""alt"":0},""targetSpeed"":3,""seq"":1}","{""phase"":""B"",""startLLA"":{""lat"":37.496291,""lon"":127.023303,""alt"":0},""endLLA"":{""lat"":37.496291,""lon"":127.023303,""alt"":15},""targetSpeed"":10,""seq"":2}","{""phase"":""C"",""startLLA"":{""lat"":37.496291,""lon"":127.023303,""alt"":15},""endLLA"":{""lat"":37.503645,""lon"":127.033314,""alt"":100},""targetSpeed"":36,""seq"":3}","{""phase"":""E"",""startLLA"":{""lat"":37.503645,""lon"":127.033314,""alt"":100},""endLLA"":{""lat"":37.525174,""lon"":127.062622,""alt"":305},""targetSpeed"":51.4,""seq"":4}","{""phase"":""F"",""startLLA"":{""lat"":37.525174,""lon"":127.062622,""alt"":305},""endLLA"":{""lat"":37.526451,""lon"":127.064361,""alt"":305},""targetSpeed"":51.4,""seq"":5}","{""phase"":""F"",""startLLA"":{""lat"":37.526451,""lon"":127.064361,""alt"":305},""endLLA"":{""lat"":37.540426,""lon"":127.069298,""alt"":305},""targetSpeed"":51.4,""seq"":6}","{""phase"":""F"",""startLLA"":{""lat"":37.540426,""lon"":127.069298,""alt"":305},""endLLA"":{""lat"":37.55715,""lon"":127.073903,""alt"":305},""targetSpeed"":51.4,""seq"":7}","{""phase"":""G"",""startLLA"":{""lat"":37.55715,""lon"":127.073903,""alt"":305},""endLLA"":{""lat"":37.588107,""lon"":127.082428,""alt"":100},""targetSpeed"":36,""seq"":8}","{""phase"":""I"",""startLLA"":{""lat"":37.588107,""lon"":127.082428,""alt"":100},""endLLA"":{""lat"":37.596919,""lon"":127.084854,""alt"":15},""targetSpeed"":30,""seq"":9}","{""phase"":""J"",""startLLA"":{""lat"":37.596919,""lon"":127.084854,""alt"":15},""endLLA"":{""lat"":37.596919,""lon"":127.084854,""alt"":0},""targetSpeed"":10,""seq"":10}","{""phase"":""K"",""startLLA"":{""lat"":37.596919,""lon"":127.084854,""alt"":0},""endLLA"":{""lat"":37.596919,""lon"":127.084854,""alt"":0},""targetSpeed"":3,""seq"":11}",,,,,,,,,,
98f166edc22f,2026-07-11,FPL1303013,UAM0074,a2,2,2,1,강남,강남,상암,상암,16,G4,F2,G4,F3,16:14:24,16:23:49,16:29:36,16:36:26,16:46:26,565.43,346.64,410,1322.07,59.71,0,ready,강남 > 이수고가차로 > 상도터널 > 63빌딩 > 서강대교 중간지점 > 선유도 17고지 > 상암,15.0491,14,"{""phase"":""A"",""startLLA"":{""lat"":37.496291,""lon"":127.023303,""alt"":0},""endLLA"":{""lat"":37.496291,""lon"":127.023303,""alt"":0},""targetSpeed"":3,""seq"":1}","{""phase"":""B"",""startLLA"":{""lat"":37.496291,""lon"":127.023303,""alt"":0},""endLLA"":{""lat"":37.496291,""lon"":127.023303,""alt"":15},""targetSpeed"":10,""seq"":2}","{""phase"":""C"",""startLLA"":{""lat"":37.496291,""lon"":127.023303,""alt"":15},""endLLA"":{""lat"":37.496789,""lon"":127.009673,""alt"":100},""targetSpeed"":36,""seq"":3}","{""phase"":""E"",""startLLA"":{""lat"":37.496789,""lon"":127.009673,""alt"":100},""endLLA"":{""lat"":37.497738,""lon"":126.983721,""alt"":233.33},""targetSpeed"":51.4,""seq"":4}","{""phase"":""E"",""startLLA"":{""lat"":37.497738,""lon"":126.983721,""alt"":233.33},""endLLA"":{""lat"":37.50217,""lon"":126.970921,""alt"":305},""targetSpeed"":51.4,""seq"":5}","{""phase"":""F"",""startLLA"":{""lat"":37.50217,""lon"":126.970921,""alt"":305},""endLLA"":{""lat"":37.508684,""lon"":126.95211,""alt"":305},""targetSpeed"":51.4,""seq"":6}","{""phase"":""F"",""startLLA"":{""lat"":37.508684,""lon"":126.95211,""alt"":305},""endLLA"":{""lat"":37.519378,""lon"":126.94021,""alt"":305},""targetSpeed"":51.4,""seq"":7}","{""phase"":""F"",""startLLA"":{""lat"":37.519378,""lon"":126.94021,""alt"":305},""endLLA"":{""lat"":37.536949,""lon"":126.924908,""alt"":305},""targetSpeed"":51.4,""seq"":8}","{""phase"":""F"",""startLLA"":{""lat"":37.536949,""lon"":126.924908,""alt"":305},""endLLA"":{""lat"":37.536976,""lon"":126.924795,""alt"":305},""targetSpeed"":51.4,""seq"":9}","{""phase"":""G"",""startLLA"":{""lat"":37.536976,""lon"":126.924795,""alt"":305},""endLLA"":{""lat"":37.542307,""lon"":126.90249,""alt"":185.51},""targetSpeed"":36,""seq"":10}","{""phase"":""G"",""startLLA"":{""lat"":37.542307,""lon"":126.90249,""alt"":185.51},""endLLA"":{""lat"":37.55418,""lon"":126.895159,""alt"":100},""targetSpeed"":36,""seq"":11}","{""phase"":""I"",""startLLA"":{""lat"":37.55418,""lon"":126.895159,""alt"":100},""endLLA"":{""lat"":37.562282,""lon"":126.890156,""alt"":15},""targetSpeed"":30,""seq"":12}","{""phase"":""J"",""startLLA"":{""lat"":37.562282,""lon"":126.890156,""alt"":15},""endLLA"":{""lat"":37.562282,""lon"":126.890156,""alt"":0},""targetSpeed"":10,""seq"":13}","{""phase"":""K"",""startLLA"":{""lat"":37.562282,""lon"":126.890156,""alt"":0},""endLLA"":{""lat"":37.562282,""lon"":126.890156,""alt"":0},""targetSpeed"":3,""seq"":14}",,,,,,,
98f166edc22f,2026-07-11,FPL1314022,UAM0049,a2,2,2,1,강남,강남,가산,가산,16,G1,F1,G3,F3,16:16:54,16:26:25,16:32:00,16:39:20,16:49:20,571.86,334.77,440,1346.63,156.14,0,ready,강남 > 채석장 > 180고지 > 가산,14.4391,11,"{""phase"":""A"",""startLLA"":{""lat"":37.496291,""lon"":127.023303,""alt"":0},""endLLA"":{""lat"":37.496291,""lon"":127.023303,""alt"":0},""targetSpeed"":3,""seq"":1}","{""phase"":""B"",""startLLA"":{""lat"":37.496291,""lon"":127.023303,""alt"":0},""endLLA"":{""lat"":37.496291,""lon"":127.023303,""alt"":15},""targetSpeed"":10,""seq"":2}","{""phase"":""C"",""startLLA"":{""lat"":37.496291,""lon"":127.023303,""alt"":15},""endLLA"":{""lat"":37.489331,""lon"":127.012849,""alt"":100},""targetSpeed"":36,""seq"":3}","{""phase"":""E"",""startLLA"":{""lat"":37.489331,""lon"":127.012849,""alt"":100},""endLLA"":{""lat"":37.471285,""lon"":126.985745,""alt"":281.55},""targetSpeed"":51.4,""seq"":4}","{""phase"":""E"",""startLLA"":{""lat"":37.471285,""lon"":126.985745,""alt"":281.55},""endLLA"":{""lat"":37.473124,""lon"":126.981806,""alt"":305},""targetSpeed"":51.4,""seq"":5}","{""phase"":""F"",""startLLA"":{""lat"":37.473124,""lon"":126.981806,""alt"":305},""endLLA"":{""lat"":37.492877,""lon"":126.93949,""alt"":305},""targetSpeed"":51.4,""seq"":6}","{""phase"":""F"",""startLLA"":{""lat"":37.492877,""lon"":126.93949,""alt"":305},""endLLA"":{""lat"":37.492284,""lon"":126.929979,""alt"":305},""targetSpeed"":51.4,""seq"":7}","{""phase"":""G"",""startLLA"":{""lat"":37.492284,""lon"":126.929979,""alt"":305},""endLLA"":{""lat"":37.489798,""lon"":126.890147,""alt"":100},""targetSpeed"":36,""seq"":8}","{""phase"":""I"",""startLLA"":{""lat"":37.489798,""lon"":126.890147,""alt"":100},""endLLA"":{""lat"":37.489091,""lon"":126.878809,""alt"":15},""targetSpeed"":30,""seq"":9}","{""phase"":""J"",""startLLA"":{""lat"":37.489091,""lon"":126.878809,""alt"":15},""endLLA"":{""lat"":37.489091,""lon"":126.878809,""alt"":0},""targetSpeed"":10,""seq"":10}","{""phase"":""K"",""startLLA"":{""lat"":37.489091,""lon"":126.878809,""alt"":0},""endLLA"":{""lat"":37.489091,""lon"":126.878809,""alt"":0},""targetSpeed"":3,""seq"":11}",,,,,,,,,,
98f166edc22f,2026-07-11,FPL1311030,UAM0056,a8,8,8,1,강남,강남,천호,천호,16,G8,F1,G4,F3,16:26:56,16:35:56,16:40:19,16:47:09,16:57:09,540.06,263.39,410,1213.45,34.35,0,ready,강남 > 청담대교 중간지점 > 잠실대교 중간지점 > 천호,10.7701,11,"{""phase"":""A"",""startLLA"":{""lat"":37.496291,""lon"":127.023303,""alt"":0},""endLLA"":{""lat"":37.496291,""lon"":127.023303,""alt"":0},""targetSpeed"":3,""seq"":1}","{""phase"":""B"",""startLLA"":{""lat"":37.496291,""lon"":127.023303,""alt"":0},""endLLA"":{""lat"":37.496291,""lon"":127.023303,""alt"":15},""targetSpeed"":10,""seq"":2}","{""phase"":""C"",""startLLA"":{""lat"":37.496291,""lon"":127.023303,""alt"":15},""endLLA"":{""lat"":37.503645,""lon"":127.033315,""alt"":100},""targetSpeed"":36,""seq"":3}","{""phase"":""E"",""startLLA"":{""lat"":37.503645,""lon"":127.033315,""alt"":100},""endLLA"":{""lat"":37.525177,""lon"":127.062626,""alt"":305},""targetSpeed"":51.4,""seq"":4}","{""phase"":""F"",""startLLA"":{""lat"":37.525177,""lon"":127.062626,""alt"":305},""endLLA"":{""lat"":37.526451,""lon"":127.064361,""alt"":305},""targetSpeed"":51.4,""seq"":5}","{""phase"":""F"",""startLLA"":{""lat"":37.526451,""lon"":127.064361,""alt"":305},""endLLA"":{""lat"":37.52529,""lon"":127.079002,""alt"":305},""targetSpeed"":51.4,""seq"":6}","{""phase"":""G"",""startLLA"":{""lat"":37.52529,""lon"":127.079002,""alt"":305},""endLLA"":{""lat"":37.524288,""lon"":127.091639,""alt"":239.84},""targetSpeed"":36,""seq"":7}","{""phase"":""G"",""startLLA"":{""lat"":37.524288,""lon"":127.091639,""alt"":239.84},""endLLA"":{""lat"":37.539419,""lon"":127.111107,""alt"":100},""targetSpeed"":36,""seq"":8}","{""phase"":""I"",""startLLA"":{""lat"":37.539419,""lon"":127.111107,""alt"":100},""endLLA"":{""lat"":37.545733,""lon"":127.11923,""alt"":15},""targetSpeed"":30,""seq"":9}","{""phase"":""J"",""startLLA"":{""lat"":37.545733,""lon"":127.11923,""alt"":15},""endLLA"":{""lat"":37.545733,""lon"":127.11923,""alt"":0},""targetSpeed"":10,""seq"":10}","{""phase"":""K"",""startLLA"":{""lat"":37.545733,""lon"":127.11923,""alt"":0},""endLLA"":{""lat"":37.545733,""lon"":127.11923,""alt"":0},""targetSpeed"":3,""seq"":11}",,,,,,,,,,
98f166edc22f,2026-07-11,FPL1305032,UAM0085,a6,6,6,1,강남,강남,목동,목동,16,G3,F2,G7,F3,16:28:06,16:36:36,16:42:31,16:49:51,16:59:51,510.06,355.28,440,1305.34,34.35,0,ready,강남 > 이수고가차로 > 상도터널 > 63빌딩 > 서강대교 중간지점 > 선유도 17고지 > 목동,15.4931,14,"{""phase"":""A"",""startLLA"":{""lat"":37.496291,""lon"":127.023303,""alt"":0},""endLLA"":{""lat"":37.496291,""lon"":127.023303,""alt"":0},""targetSpeed"":3,""seq"":1}","{""phase"":""B"",""startLLA"":{""lat"":37.496291,""lon"":127.023303,""alt"":0},""endLLA"":{""lat"":37.496291,""lon"":127.023303,""alt"":15},""targetSpeed"":10,""seq"":2}","{""phase"":""C"",""startLLA"":{""lat"":37.496291,""lon"":127.023303,""alt"":15},""endLLA"":{""lat"":37.496789,""lon"":127.009673,""alt"":100},""targetSpeed"":36,""seq"":3}","{""phase"":""E"",""startLLA"":{""lat"":37.496789,""lon"":127.009673,""alt"":100},""endLLA"":{""lat"":37.497738,""lon"":126.983721,""alt"":233.33},""targetSpeed"":51.4,""seq"":4}","{""phase"":""E"",""startLLA"":{""lat"":37.497738,""lon"":126.983721,""alt"":233.33},""endLLA"":{""lat"":37.50217,""lon"":126.970921,""alt"":305},""targetSpeed"":51.4,""seq"":5}","{""phase"":""F"",""startLLA"":{""lat"":37.50217,""lon"":126.970921,""alt"":305},""endLLA"":{""lat"":37.508684,""lon"":126.95211,""alt"":305},""targetSpeed"":51.4,""seq"":6}","{""phase"":""F"",""startLLA"":{""lat"":37.508684,""lon"":126.95211,""alt"":305},""endLLA"":{""lat"":37.519378,""lon"":126.94021,""alt"":305},""targetSpeed"":51.4,""seq"":7}","{""phase"":""F"",""startLLA"":{""lat"":37.519378,""lon"":126.94021,""alt"":305},""endLLA"":{""lat"":37.536949,""lon"":126.924908,""alt"":305},""targetSpeed"":51.4,""seq"":8}","{""phase"":""F"",""startLLA"":{""lat"":37.536949,""lon"":126.924908,""alt"":305},""endLLA"":{""lat"":37.538128,""lon"":126.919977,""alt"":305},""targetSpeed"":51.4,""seq"":9}","{""phase"":""G"",""startLLA"":{""lat"":37.538128,""lon"":126.919977,""alt"":305},""endLLA"":{""lat"":37.542307,""lon"":126.90249,""alt"":211.32},""targetSpeed"":36,""seq"":10}","{""phase"":""G"",""startLLA"":{""lat"":37.542307,""lon"":126.90249,""alt"":211.32},""endLLA"":{""lat"":37.531833,""lon"":126.88527,""alt"":100},""targetSpeed"":36,""seq"":11}","{""phase"":""I"",""startLLA"":{""lat"":37.531833,""lon"":126.88527,""alt"":100},""endLLA"":{""lat"":37.526343,""lon"":126.876243,""alt"":15},""targetSpeed"":30,""seq"":12}","{""phase"":""J"",""startLLA"":{""lat"":37.526343,""lon"":126.876243,""alt"":15},""endLLA"":{""lat"":37.526343,""lon"":126.876243,""alt"":0},""targetSpeed"":10,""seq"":13}","{""phase"":""K"",""startLLA"":{""lat"":37.526343,""lon"":126.876243,""alt"":0},""endLLA"":{""lat"":37.526343,""lon"":126.876243,""alt"":0},""targetSpeed"":3,""seq"":14}",,,,,,,
98f166edc22f,2026-07-11,FPL1311031,UAM0127,a8,8,8,1,강남,강남,천호,천호,16,G4,F1,G1,F4,16:33:40,16:42:05,16:50:15,16:58:35,17:08:35,505.71,489.38,500,1495.09,0,225.99,ready,강남 > 청담대교 중간지점 > 잠실대교 중간지점 > 천호,10.7701,11,"{""phase"":""A"",""startLLA"":{""lat"":37.496291,""lon"":127.023303,""alt"":0},""endLLA"":{""lat"":37.496291,""lon"":127.023303,""alt"":0},""targetSpeed"":3,""seq"":1}","{""phase"":""B"",""startLLA"":{""lat"":37.496291,""lon"":127.023303,""alt"":0},""endLLA"":{""lat"":37.496291,""lon"":127.023303,""alt"":15},""targetSpeed"":10,""seq"":2}","{""phase"":""C"",""startLLA"":{""lat"":37.496291,""lon"":127.023303,""alt"":15},""endLLA"":{""lat"":37.503645,""lon"":127.033315,""alt"":100},""targetSpeed"":36,""seq"":3}","{""phase"":""E"",""startLLA"":{""lat"":37.503645,""lon"":127.033315,""alt"":100},""endLLA"":{""lat"":37.525177,""lon"":127.062626,""alt"":305},""targetSpeed"":51.4,""seq"":4}","{""phase"":""F"",""startLLA"":{""lat"":37.525177,""lon"":127.062626,""alt"":305},""endLLA"":{""lat"":37.526451,""lon"":127.064361,""alt"":305},""targetSpeed"":51.4,""seq"":5}","{""phase"":""F"",""startLLA"":{""lat"":37.526451,""lon"":127.064361,""alt"":305},""endLLA"":{""lat"":37.52529,""lon"":127.079002,""alt"":305},""targetSpeed"":51.4,""seq"":6}","{""phase"":""G"",""startLLA"":{""lat"":37.52529,""lon"":127.079002,""alt"":305},""endLLA"":{""lat"":37.524288,""lon"":127.091639,""alt"":239.84},""targetSpeed"":36,""seq"":7}","{""phase"":""G"",""startLLA"":{""lat"":37.524288,""lon"":127.091639,""alt"":239.84},""endLLA"":{""lat"":37.539419,""lon"":127.111107,""alt"":100},""targetSpeed"":36,""seq"":8}","{""phase"":""I"",""startLLA"":{""lat"":37.539419,""lon"":127.111107,""alt"":100},""endLLA"":{""lat"":37.545733,""lon"":127.11923,""alt"":15},""targetSpeed"":30,""seq"":9}","{""phase"":""J"",""startLLA"":{""lat"":37.545733,""lon"":127.11923,""alt"":15},""endLLA"":{""lat"":37.545733,""lon"":127.11923,""alt"":0},""targetSpeed"":10,""seq"":10}","{""phase"":""K"",""startLLA"":{""lat"":37.545733,""lon"":127.11923,""alt"":0},""endLLA"":{""lat"":37.545733,""lon"":127.11923,""alt"":0},""targetSpeed"":3,""seq"":11}",,,,,,,,,,
98f166edc22f,2026-07-11,FPL1305033,UAM0111,a8,8,8,1,강남,강남,목동,목동,16,G7,F2,G4,F3,16:34:50,16:42:45,16:48:40,16:55:30,17:05:30,475.71,355.28,410,1240.99,0,0,ready,강남 > 이수고가차로 > 상도터널 > 63빌딩 > 서강대교 중간지점 > 선유도 17고지 > 목동,15.4931,14,"{""phase"":""A"",""startLLA"":{""lat"":37.496291,""lon"":127.023303,""alt"":0},""endLLA"":{""lat"":37.496291,""lon"":127.023303,""alt"":0},""targetSpeed"":3,""seq"":1}","{""phase"":""B"",""startLLA"":{""lat"":37.496291,""lon"":127.023303,""alt"":0},""endLLA"":{""lat"":37.496291,""lon"":127.023303,""alt"":15},""targetSpeed"":10,""seq"":2}","{""phase"":""C"",""startLLA"":{""lat"":37.496291,""lon"":127.023303,""alt"":15},""endLLA"":{""lat"":37.496789,""lon"":127.009673,""alt"":100},""targetSpeed"":36,""seq"":3}","{""phase"":""E"",""startLLA"":{""lat"":37.496789,""lon"":127.009673,""alt"":100},""endLLA"":{""lat"":37.497738,""lon"":126.983721,""alt"":233.33},""targetSpeed"":51.4,""seq"":4}","{""phase"":""E"",""startLLA"":{""lat"":37.497738,""lon"":126.983721,""alt"":233.33},""endLLA"":{""lat"":37.50217,""lon"":126.970921,""alt"":305},""targetSpeed"":51.4,""seq"":5}","{""phase"":""F"",""startLLA"":{""lat"":37.50217,""lon"":126.970921,""alt"":305},""endLLA"":{""lat"":37.508684,""lon"":126.95211,""alt"":305},""targetSpeed"":51.4,""seq"":6}","{""phase"":""F"",""startLLA"":{""lat"":37.508684,""lon"":126.95211,""alt"":305},""endLLA"":{""lat"":37.519378,""lon"":126.94021,""alt"":305},""targetSpeed"":51.4,""seq"":7}","{""phase"":""F"",""startLLA"":{""lat"":37.519378,""lon"":126.94021,""alt"":305},""endLLA"":{""lat"":37.536949,""lon"":126.924908,""alt"":305},""targetSpeed"":51.4,""seq"":8}","{""phase"":""F"",""startLLA"":{""lat"":37.536949,""lon"":126.924908,""alt"":305},""endLLA"":{""lat"":37.538128,""lon"":126.919977,""alt"":305},""targetSpeed"":51.4,""seq"":9}","{""phase"":""G"",""startLLA"":{""lat"":37.538128,""lon"":126.919977,""alt"":305},""endLLA"":{""lat"":37.542307,""lon"":126.90249,""alt"":211.32},""targetSpeed"":36,""seq"":10}","{""phase"":""G"",""startLLA"":{""lat"":37.542307,""lon"":126.90249,""alt"":211.32},""endLLA"":{""lat"":37.531833,""lon"":126.88527,""alt"":100},""targetSpeed"":36,""seq"":11}","{""phase"":""I"",""startLLA"":{""lat"":37.531833,""lon"":126.88527,""alt"":100},""endLLA"":{""lat"":37.526343,""lon"":126.876243,""alt"":15},""targetSpeed"":30,""seq"":12}","{""phase"":""J"",""startLLA"":{""lat"":37.526343,""lon"":126.876243,""alt"":15},""endLLA"":{""lat"":37.526343,""lon"":126.876243,""alt"":0},""targetSpeed"":10,""seq"":13}","{""phase"":""K"",""startLLA"":{""lat"":37.526343,""lon"":126.876243,""alt"":0},""endLLA"":{""lat"":37.526343,""lon"":126.876243,""alt"":0},""targetSpeed"":3,""seq"":14}",,,,,,,
98f166edc22f,2026-07-11,FPL1316015,UAM0110,a6,6,6,1,강남,강남,망우,망우,16,G2,F1,G4,F3,16:39:41,16:47:31,16:52:38,16:59:28,17:09:28,470.43,306.63,410,1187.06,24.71,0,ready,강남 > 청담대교 중간지점 > 건대입구 > 망우,12.9927,11,"{""phase"":""A"",""startLLA"":{""lat"":37.496291,""lon"":127.023303,""alt"":0},""endLLA"":{""lat"":37.496291,""lon"":127.023303,""alt"":0},""targetSpeed"":3,""seq"":1}","{""phase"":""B"",""startLLA"":{""lat"":37.496291,""lon"":127.023303,""alt"":0},""endLLA"":{""lat"":37.496291,""lon"":127.023303,""alt"":15},""targetSpeed"":10,""seq"":2}","{""phase"":""C"",""startLLA"":{""lat"":37.496291,""lon"":127.023303,""alt"":15},""endLLA"":{""lat"":37.503645,""lon"":127.033314,""alt"":100},""targetSpeed"":36,""seq"":3}","{""phase"":""E"",""startLLA"":{""lat"":37.503645,""lon"":127.033314,""alt"":100},""endLLA"":{""lat"":37.525174,""lon"":127.062622,""alt"":305},""targetSpeed"":51.4,""seq"":4}","{""phase"":""F"",""startLLA"":{""lat"":37.525174,""lon"":127.062622,""alt"":305},""endLLA"":{""lat"":37.526451,""lon"":127.064361,""alt"":305},""targetSpeed"":51.4,""seq"":5}","{""phase"":""F"",""startLLA"":{""lat"":37.526451,""lon"":127.064361,""alt"":305},""endLLA"":{""lat"":37.540426,""lon"":127.069298,""alt"":305},""targetSpeed"":51.4,""seq"":6}","{""phase"":""F"",""startLLA"":{""lat"":37.540426,""lon"":127.069298,""alt"":305},""endLLA"":{""lat"":37.55715,""lon"":127.073903,""alt"":305},""targetSpeed"":51.4,""seq"":7}","{""phase"":""G"",""startLLA"":{""lat"":37.55715,""lon"":127.073903,""alt"":305},""endLLA"":{""lat"":37.588107,""lon"":127.082428,""alt"":100},""targetSpeed"":36,""seq"":8}","{""phase"":""I"",""startLLA"":{""lat"":37.588107,""lon"":127.082428,""alt"":100},""endLLA"":{""lat"":37.596919,""lon"":127.084854,""alt"":15},""targetSpeed"":30,""seq"":9}","{""phase"":""J"",""startLLA"":{""lat"":37.596919,""lon"":127.084854,""alt"":15},""endLLA"":{""lat"":37.596919,""lon"":127.084854,""alt"":0},""targetSpeed"":10,""seq"":10}","{""phase"":""K"",""startLLA"":{""lat"":37.596919,""lon"":127.084854,""alt"":0},""endLLA"":{""lat"":37.596919,""lon"":127.084854,""alt"":0},""targetSpeed"":3,""seq"":11}",,,,,,,,,,
98f166edc22f,2026-07-11,FPL1303014,UAM0039,a8,8,8,1,강남,강남,상암,상암,16,G6,F2,G8,F4,16:43:33,16:50:58,16:56:45,17:03:35,17:13:35,445.71,346.64,410,1202.35,0,0,ready,강남 > 이수고가차로 > 상도터널 > 63빌딩 > 서강대교 중간지점 > 선유도 17고지 > 상암,15.0491,14,"{""phase"":""A"",""startLLA"":{""lat"":37.496291,""lon"":127.023303,""alt"":0},""endLLA"":{""lat"":37.496291,""lon"":127.023303,""alt"":0},""targetSpeed"":3,""seq"":1}","{""phase"":""B"",""startLLA"":{""lat"":37.496291,""lon"":127.023303,""alt"":0},""endLLA"":{""lat"":37.496291,""lon"":127.023303,""alt"":15},""targetSpeed"":10,""seq"":2}","{""phase"":""C"",""startLLA"":{""lat"":37.496291,""lon"":127.023303,""alt"":15},""endLLA"":{""lat"":37.496789,""lon"":127.009673,""alt"":100},""targetSpeed"":36,""seq"":3}","{""phase"":""E"",""startLLA"":{""lat"":37.496789,""lon"":127.009673,""alt"":100},""endLLA"":{""lat"":37.497738,""lon"":126.983721,""alt"":233.33},""targetSpeed"":51.4,""seq"":4}","{""phase"":""E"",""startLLA"":{""lat"":37.497738,""lon"":126.983721,""alt"":233.33},""endLLA"":{""lat"":37.50217,""lon"":126.970921,""alt"":305},""targetSpeed"":51.4,""seq"":5}","{""phase"":""F"",""startLLA"":{""lat"":37.50217,""lon"":126.970921,""alt"":305},""endLLA"":{""lat"":37.508684,""lon"":126.95211,""alt"":305},""targetSpeed"":51.4,""seq"":6}","{""phase"":""F"",""startLLA"":{""lat"":37.508684,""lon"":126.95211,""alt"":305},""endLLA"":{""lat"":37.519378,""lon"":126.94021,""alt"":305},""targetSpeed"":51.4,""seq"":7}","{""phase"":""F"",""startLLA"":{""lat"":37.519378,""lon"":126.94021,""alt"":305},""endLLA"":{""lat"":37.536949,""lon"":126.924908,""alt"":305},""targetSpeed"":51.4,""seq"":8}","{""phase"":""F"",""startLLA"":{""lat"":37.536949,""lon"":126.924908,""alt"":305},""endLLA"":{""lat"":37.536976,""lon"":126.924795,""alt"":305},""targetSpeed"":51.4,""seq"":9}","{""phase"":""G"",""startLLA"":{""lat"":37.536976,""lon"":126.924795,""alt"":305},""endLLA"":{""lat"":37.542307,""lon"":126.90249,""alt"":185.51},""targetSpeed"":36,""seq"":10}","{""phase"":""G"",""startLLA"":{""lat"":37.542307,""lon"":126.90249,""alt"":185.51},""endLLA"":{""lat"":37.55418,""lon"":126.895159,""alt"":100},""targetSpeed"":36,""seq"":11}","{""phase"":""I"",""startLLA"":{""lat"":37.55418,""lon"":126.895159,""alt"":100},""endLLA"":{""lat"":37.562282,""lon"":126.890156,""alt"":15},""targetSpeed"":30,""seq"":12}","{""phase"":""J"",""startLLA"":{""lat"":37.562282,""lon"":126.890156,""alt"":15},""endLLA"":{""lat"":37.562282,""lon"":126.890156,""alt"":0},""targetSpeed"":10,""seq"":13}","{""phase"":""K"",""startLLA"":{""lat"":37.562282,""lon"":126.890156,""alt"":0},""endLLA"":{""lat"":37.562282,""lon"":126.890156,""alt"":0},""targetSpeed"":3,""seq"":14}",,,,,,,
98f166edc22f,2026-07-11,FPL1303015,UAM0132,a4,4,4,1,강남,강남,상암,상암,16,G8,F1,G3,F3,16:44:44,16:53:09,16:58:56,17:06:16,17:16:16,505.71,346.64,440,1292.35,0,0,ready,강남 > 이수고가차로 > 상도터널 > 63빌딩 > 서강대교 중간지점 > 선유도 17고지 > 상암,15.0491,14,"{""phase"":""A"",""startLLA"":{""lat"":37.496291,""lon"":127.023303,""alt"":0},""endLLA"":{""lat"":37.496291,""lon"":127.023303,""alt"":0},""targetSpeed"":3,""seq"":1}","{""phase"":""B"",""startLLA"":{""lat"":37.496291,""lon"":127.023303,""alt"":0},""endLLA"":{""lat"":37.496291,""lon"":127.023303,""alt"":15},""targetSpeed"":10,""seq"":2}","{""phase"":""C"",""startLLA"":{""lat"":37.496291,""lon"":127.023303,""alt"":15},""endLLA"":{""lat"":37.496789,""lon"":127.009673,""alt"":100},""targetSpeed"":36,""seq"":3}","{""phase"":""E"",""startLLA"":{""lat"":37.496789,""lon"":127.009673,""alt"":100},""endLLA"":{""lat"":37.497738,""lon"":126.983721,""alt"":233.33},""targetSpeed"":51.4,""seq"":4}","{""phase"":""E"",""startLLA"":{""lat"":37.497738,""lon"":126.983721,""alt"":233.33},""endLLA"":{""lat"":37.50217,""lon"":126.970921,""alt"":305},""targetSpeed"":51.4,""seq"":5}","{""phase"":""F"",""startLLA"":{""lat"":37.50217,""lon"":126.970921,""alt"":305},""endLLA"":{""lat"":37.508684,""lon"":126.95211,""alt"":305},""targetSpeed"":51.4,""seq"":6}","{""phase"":""F"",""startLLA"":{""lat"":37.508684,""lon"":126.95211,""alt"":305},""endLLA"":{""lat"":37.519378,""lon"":126.94021,""alt"":305},""targetSpeed"":51.4,""seq"":7}","{""phase"":""F"",""startLLA"":{""lat"":37.519378,""lon"":126.94021,""alt"":305},""endLLA"":{""lat"":37.536949,""lon"":126.924908,""alt"":305},""targetSpeed"":51.4,""seq"":8}","{""phase"":""F"",""startLLA"":{""lat"":37.536949,""lon"":126.924908,""alt"":305},""endLLA"":{""lat"":37.536976,""lon"":126.924795,""alt"":305},""targetSpeed"":51.4,""seq"":9}","{""phase"":""G"",""startLLA"":{""lat"":37.536976,""lon"":126.924795,""alt"":305},""endLLA"":{""lat"":37.542307,""lon"":126.90249,""alt"":185.51},""targetSpeed"":36,""seq"":10}","{""phase"":""G"",""startLLA"":{""lat"":37.542307,""lon"":126.90249,""alt"":185.51},""endLLA"":{""lat"":37.55418,""lon"":126.895159,""alt"":100},""targetSpeed"":36,""seq"":11}","{""phase"":""I"",""startLLA"":{""lat"":37.55418,""lon"":126.895159,""alt"":100},""endLLA"":{""lat"":37.562282,""lon"":126.890156,""alt"":15},""targetSpeed"":30,""seq"":12}","{""phase"":""J"",""startLLA"":{""lat"":37.562282,""lon"":126.890156,""alt"":15},""endLLA"":{""lat"":37.562282,""lon"":126.890156,""alt"":0},""targetSpeed"":10,""seq"":13}","{""phase"":""K"",""startLLA"":{""lat"":37.562282,""lon"":126.890156,""alt"":0},""endLLA"":{""lat"":37.562282,""lon"":126.890156,""alt"":0},""targetSpeed"":3,""seq"":14}",,,,,,,
98f166edc22f,2026-07-11,FPL1314023,UAM0086,a6,6,6,1,강남,강남,가산,가산,16,G3,F2,G4,F3,16:49:08,16:57:03,17:02:38,17:09:28,17:19:28,475.71,334.77,410,1220.48,0,0,ready,강남 > 채석장 > 180고지 > 가산,14.4391,11,"{""phase"":""A"",""startLLA"":{""lat"":37.496291,""lon"":127.023303,""alt"":0},""endLLA"":{""lat"":37.496291,""lon"":127.023303,""alt"":0},""targetSpeed"":3,""seq"":1}","{""phase"":""B"",""startLLA"":{""lat"":37.496291,""lon"":127.023303,""alt"":0},""endLLA"":{""lat"":37.496291,""lon"":127.023303,""alt"":15},""targetSpeed"":10,""seq"":2}","{""phase"":""C"",""startLLA"":{""lat"":37.496291,""lon"":127.023303,""alt"":15},""endLLA"":{""lat"":37.489331,""lon"":127.012849,""alt"":100},""targetSpeed"":36,""seq"":3}","{""phase"":""E"",""startLLA"":{""lat"":37.489331,""lon"":127.012849,""alt"":100},""endLLA"":{""lat"":37.471285,""lon"":126.985745,""alt"":281.55},""targetSpeed"":51.4,""seq"":4}","{""phase"":""E"",""startLLA"":{""lat"":37.471285,""lon"":126.985745,""alt"":281.55},""endLLA"":{""lat"":37.473124,""lon"":126.981806,""alt"":305},""targetSpeed"":51.4,""seq"":5}","{""phase"":""F"",""startLLA"":{""lat"":37.473124,""lon"":126.981806,""alt"":305},""endLLA"":{""lat"":37.492877,""lon"":126.93949,""alt"":305},""targetSpeed"":51.4,""seq"":6}","{""phase"":""F"",""startLLA"":{""lat"":37.492877,""lon"":126.93949,""alt"":305},""endLLA"":{""lat"":37.492284,""lon"":126.929979,""alt"":305},""targetSpeed"":51.4,""seq"":7}","{""phase"":""G"",""startLLA"":{""lat"":37.492284,""lon"":126.929979,""alt"":305},""endLLA"":{""lat"":37.489798,""lon"":126.890147,""alt"":100},""targetSpeed"":36,""seq"":8}","{""phase"":""I"",""startLLA"":{""lat"":37.489798,""lon"":126.890147,""alt"":100},""endLLA"":{""lat"":37.489091,""lon"":126.878809,""alt"":15},""targetSpeed"":30,""seq"":9}","{""phase"":""J"",""startLLA"":{""lat"":37.489091,""lon"":126.878809,""alt"":15},""endLLA"":{""lat"":37.489091,""lon"":126.878809,""alt"":0},""targetSpeed"":10,""seq"":10}","{""phase"":""K"",""startLLA"":{""lat"":37.489091,""lon"":126.878809,""alt"":0},""endLLA"":{""lat"":37.489091,""lon"":126.878809,""alt"":0},""targetSpeed"":3,""seq"":11}",,,,,,,,,,
98f166edc22f,2026-07-11,FPL1310013,UAM0042,a2,2,2,1,강남,강남,연신내,연신내,16,G4,F1,G4,F3,16:51:23,16:59:48,17:07:52,17:14:42,17:24:42,505.71,483.8,410,1399.52,0,0,ready,강남 > 이수고가차로 > 상도터널 > 63빌딩 > 서강대교 중간지점 > 선유도 17고지 > 성산대교 중간지점 > 수색교 > 연신내,22.0994,16,"{""phase"":""A"",""startLLA"":{""lat"":37.496291,""lon"":127.023303,""alt"":0},""endLLA"":{""lat"":37.496291,""lon"":127.023303,""alt"":0},""targetSpeed"":3,""seq"":1}","{""phase"":""B"",""startLLA"":{""lat"":37.496291,""lon"":127.023303,""alt"":0},""endLLA"":{""lat"":37.496291,""lon"":127.023303,""alt"":15},""targetSpeed"":10,""seq"":2}","{""phase"":""C"",""startLLA"":{""lat"":37.496291,""lon"":127.023303,""alt"":15},""endLLA"":{""lat"":37.496789,""lon"":127.009676,""alt"":100},""targetSpeed"":36,""seq"":3}","{""phase"":""E"",""startLLA"":{""lat"":37.496789,""lon"":127.009676,""alt"":100},""endLLA"":{""lat"":37.497738,""lon"":126.983721,""alt"":233.37},""targetSpeed"":51.4,""seq"":4}","{""phase"":""E"",""startLLA"":{""lat"":37.497738,""lon"":126.983721,""alt"":233.37},""endLLA"":{""lat"":37.502167,""lon"":126.970929,""alt"":305},""targetSpeed"":51.4,""seq"":5}","{""phase"":""F"",""startLLA"":{""lat"":37.502167,""lon"":126.970929,""alt"":305},""endLLA"":{""lat"":37.508684,""lon"":126.95211,""alt"":305},""targetSpeed"":51.4,""seq"":6}","{""phase"":""F"",""startLLA"":{""lat"":37.508684,""lon"":126.95211,""alt"":305},""endLLA"":{""lat"":37.519378,""lon"":126.94021,""alt"":305},""targetSpeed"":51.4,""seq"":7}","{""phase"":""F"",""startLLA"":{""lat"":37.519378,""lon"":126.94021,""alt"":305},""endLLA"":{""lat"":37.536949,""lon"":126.924908,""alt"":305},""targetSpeed"":51.4,""seq"":8}","{""phase"":""F"",""startLLA"":{""lat"":37.536949,""lon"":126.924908,""alt"":305},""endLLA"":{""lat"":37.542307,""lon"":126.90249,""alt"":305},""targetSpeed"":51.4,""seq"":9}","{""phase"":""F"",""startLLA"":{""lat"":37.542307,""lon"":126.90249,""alt"":305},""endLLA"":{""lat"":37.552574,""lon"":126.891431,""alt"":305},""targetSpeed"":51.4,""seq"":10}","{""phase"":""F"",""startLLA"":{""lat"":37.552574,""lon"":126.891431,""alt"":305},""endLLA"":{""lat"":37.583699,""lon"":126.886697,""alt"":305},""targetSpeed"":51.4,""seq"":11}","{""phase"":""G"",""startLLA"":{""lat"":37.583699,""lon"":126.886697,""alt"":305},""endLLA"":{""lat"":37.586283,""lon"":126.886304,""alt"":288.16},""targetSpeed"":36,""seq"":12}","{""phase"":""G"",""startLLA"":{""lat"":37.586283,""lon"":126.886304,""alt"":288.16},""endLLA"":{""lat"":37.60526,""lon"":126.914121,""alt"":100},""targetSpeed"":36,""seq"":13}","{""phase"":""I"",""startLLA"":{""lat"":37.60526,""lon"":126.914121,""alt"":100},""endLLA"":{""lat"":37.611145,""lon"":126.922747,""alt"":15},""targetSpeed"":30,""seq"":14}","{""phase"":""J"",""startLLA"":{""lat"":37.611145,""lon"":126.922747,""alt"":15},""endLLA"":{""lat"":37.611145,""lon"":126.922747,""alt"":0},""targetSpeed"":10,""seq"":15}","{""phase"":""K"",""startLLA"":{""lat"":37.611145,""lon"":126.922747,""alt"":0},""endLLA"":{""lat"":37.611145,""lon"":126.922747,""alt"":0},""targetSpeed"":3,""seq"":16}",,,,,
98f166edc22f,2026-07-11,FPL1310014,UAM0131,a4,4,4,1,강남,강남,연신내,연신내,16,G7,F2,G3,F3,16:54:34,17:02:29,17:12:18,17:19:38,17:29:38,475.71,588.52,440,1504.23,0,104.71,ready,강남 > 이수고가차로 > 상도터널 > 63빌딩 > 서강대교 중간지점 > 선유도 17고지 > 성산대교 중간지점 > 수색교 > 연신내,22.0994,16,"{""phase"":""A"",""startLLA"":{""lat"":37.496291,""lon"":127.023303,""alt"":0},""endLLA"":{""lat"":37.496291,""lon"":127.023303,""alt"":0},""targetSpeed"":3,""seq"":1}","{""phase"":""B"",""startLLA"":{""lat"":37.496291,""lon"":127.023303,""alt"":0},""endLLA"":{""lat"":37.496291,""lon"":127.023303,""alt"":15},""targetSpeed"":10,""seq"":2}","{""phase"":""C"",""startLLA"":{""lat"":37.496291,""lon"":127.023303,""alt"":15},""endLLA"":{""lat"":37.496789,""lon"":127.009676,""alt"":100},""targetSpeed"":36,""seq"":3}","{""phase"":""E"",""startLLA"":{""lat"":37.496789,""lon"":127.009676,""alt"":100},""endLLA"":{""lat"":37.497738,""lon"":126.983721,""alt"":233.37},""targetSpeed"":51.4,""seq"":4}","{""phase"":""E"",""startLLA"":{""lat"":37.497738,""lon"":126.983721,""alt"":233.37},""endLLA"":{""lat"":37.502167,""lon"":126.970929,""alt"":305},""targetSpeed"":51.4,""seq"":5}","{""phase"":""F"",""startLLA"":{""lat"":37.502167,""lon"":126.970929,""alt"":305},""endLLA"":{""lat"":37.508684,""lon"":126.95211,""alt"":305},""targetSpeed"":51.4,""seq"":6}","{""phase"":""F"",""startLLA"":{""lat"":37.508684,""lon"":126.95211,""alt"":305},""endLLA"":{""lat"":37.519378,""lon"":126.94021,""alt"":305},""targetSpeed"":51.4,""seq"":7}","{""phase"":""F"",""startLLA"":{""lat"":37.519378,""lon"":126.94021,""alt"":305},""endLLA"":{""lat"":37.536949,""lon"":126.924908,""alt"":305},""targetSpeed"":51.4,""seq"":8}","{""phase"":""F"",""startLLA"":{""lat"":37.536949,""lon"":126.924908,""alt"":305},""endLLA"":{""lat"":37.542307,""lon"":126.90249,""alt"":305},""targetSpeed"":51.4,""seq"":9}","{""phase"":""F"",""startLLA"":{""lat"":37.542307,""lon"":126.90249,""alt"":305},""endLLA"":{""lat"":37.552574,""lon"":126.891431,""alt"":305},""targetSpeed"":51.4,""seq"":10}","{""phase"":""F"",""startLLA"":{""lat"":37.552574,""lon"":126.891431,""alt"":305},""endLLA"":{""lat"":37.583699,""lon"":126.886697,""alt"":305},""targetSpeed"":51.4,""seq"":11}","{""phase"":""G"",""startLLA"":{""lat"":37.583699,""lon"":126.886697,""alt"":305},""endLLA"":{""lat"":37.586283,""lon"":126.886304,""alt"":288.16},""targetSpeed"":36,""seq"":12}","{""phase"":""G"",""startLLA"":{""lat"":37.586283,""lon"":126.886304,""alt"":288.16},""endLLA"":{""lat"":37.60526,""lon"":126.914121,""alt"":100},""targetSpeed"":36,""seq"":13}","{""phase"":""I"",""startLLA"":{""lat"":37.60526,""lon"":126.914121,""alt"":100},""endLLA"":{""lat"":37.611145,""lon"":126.922747,""alt"":15},""targetSpeed"":30,""seq"":14}","{""phase"":""J"",""startLLA"":{""lat"":37.611145,""lon"":126.922747,""alt"":15},""endLLA"":{""lat"":37.611145,""lon"":126.922747,""alt"":0},""targetSpeed"":10,""seq"":15}","{""phase"":""K"",""startLLA"":{""lat"":37.611145,""lon"":126.922747,""alt"":0},""endLLA"":{""lat"":37.611145,""lon"":126.922747,""alt"":0},""targetSpeed"":3,""seq"":16}",,,,,
98f166edc22f,2026-07-11,FPL1311032,UAM0135,a8,8,7,0.875,강남,강남,천호,천호,16,G1,F1,G1,F4,16:57:18,17:05:14,17:09:37,17:17:57,17:27:57,476.43,263.39,500,1239.82,60.71,0,ready,강남 > 청담대교 중간지점 > 잠실대교 중간지점 > 천호,10.7701,11,"{""phase"":""A"",""startLLA"":{""lat"":37.496291,""lon"":127.023303,""alt"":0},""endLLA"":{""lat"":37.496291,""lon"":127.023303,""alt"":0},""targetSpeed"":3,""seq"":1}","{""phase"":""B"",""startLLA"":{""lat"":37.496291,""lon"":127.023303,""alt"":0},""endLLA"":{""lat"":37.496291,""lon"":127.023303,""alt"":15},""targetSpeed"":10,""seq"":2}","{""phase"":""C"",""startLLA"":{""lat"":37.496291,""lon"":127.023303,""alt"":15},""endLLA"":{""lat"":37.503645,""lon"":127.033315,""alt"":100},""targetSpeed"":36,""seq"":3}","{""phase"":""E"",""startLLA"":{""lat"":37.503645,""lon"":127.033315,""alt"":100},""endLLA"":{""lat"":37.525177,""lon"":127.062626,""alt"":305},""targetSpeed"":51.4,""seq"":4}","{""phase"":""F"",""startLLA"":{""lat"":37.525177,""lon"":127.062626,""alt"":305},""endLLA"":{""lat"":37.526451,""lon"":127.064361,""alt"":305},""targetSpeed"":51.4,""seq"":5}","{""phase"":""F"",""startLLA"":{""lat"":37.526451,""lon"":127.064361,""alt"":305},""endLLA"":{""lat"":37.52529,""lon"":127.079002,""alt"":305},""targetSpeed"":51.4,""seq"":6}","{""phase"":""G"",""startLLA"":{""lat"":37.52529,""lon"":127.079002,""alt"":305},""endLLA"":{""lat"":37.524288,""lon"":127.091639,""alt"":239.84},""targetSpeed"":36,""seq"":7}","{""phase"":""G"",""startLLA"":{""lat"":37.524288,""lon"":127.091639,""alt"":239.84},""endLLA"":{""lat"":37.539419,""lon"":127.111107,""alt"":100},""targetSpeed"":36,""seq"":8}","{""phase"":""I"",""startLLA"":{""lat"":37.539419,""lon"":127.111107,""alt"":100},""endLLA"":{""lat"":37.545733,""lon"":127.11923,""alt"":15},""targetSpeed"":30,""seq"":9}","{""phase"":""J"",""startLLA"":{""lat"":37.545733,""lon"":127.11923,""alt"":15},""endLLA"":{""lat"":37.545733,""lon"":127.11923,""alt"":0},""targetSpeed"":10,""seq"":10}","{""phase"":""K"",""startLLA"":{""lat"":37.545733,""lon"":127.11923,""alt"":0},""endLLA"":{""lat"":37.545733,""lon"":127.11923,""alt"":0},""targetSpeed"":3,""seq"":11}",,,,,,,,,,
98f166edc22f,2026-07-11,FPL1314024,UAM0087,a8,8,6,0.75,강남,강남,가산,가산,16,G2,F2,G7,F3,16:59:30,17:07:55,17:13:30,17:20:50,17:30:50,505.43,334.77,440,1280.2,59.71,0,ready,강남 > 채석장 > 180고지 > 가산,14.4391,11,"{""phase"":""A"",""startLLA"":{""lat"":37.496291,""lon"":127.023303,""alt"":0},""endLLA"":{""lat"":37.496291,""lon"":127.023303,""alt"":0},""targetSpeed"":3,""seq"":1}","{""phase"":""B"",""startLLA"":{""lat"":37.496291,""lon"":127.023303,""alt"":0},""endLLA"":{""lat"":37.496291,""lon"":127.023303,""alt"":15},""targetSpeed"":10,""seq"":2}","{""phase"":""C"",""startLLA"":{""lat"":37.496291,""lon"":127.023303,""alt"":15},""endLLA"":{""lat"":37.489331,""lon"":127.012849,""alt"":100},""targetSpeed"":36,""seq"":3}","{""phase"":""E"",""startLLA"":{""lat"":37.489331,""lon"":127.012849,""alt"":100},""endLLA"":{""lat"":37.471285,""lon"":126.985745,""alt"":281.55},""targetSpeed"":51.4,""seq"":4}","{""phase"":""E"",""startLLA"":{""lat"":37.471285,""lon"":126.985745,""alt"":281.55},""endLLA"":{""lat"":37.473124,""lon"":126.981806,""alt"":305},""targetSpeed"":51.4,""seq"":5}","{""phase"":""F"",""startLLA"":{""lat"":37.473124,""lon"":126.981806,""alt"":305},""endLLA"":{""lat"":37.492877,""lon"":126.93949,""alt"":305},""targetSpeed"":51.4,""seq"":6}","{""phase"":""F"",""startLLA"":{""lat"":37.492877,""lon"":126.93949,""alt"":305},""endLLA"":{""lat"":37.492284,""lon"":126.929979,""alt"":305},""targetSpeed"":51.4,""seq"":7}","{""phase"":""G"",""startLLA"":{""lat"":37.492284,""lon"":126.929979,""alt"":305},""endLLA"":{""lat"":37.489798,""lon"":126.890147,""alt"":100},""targetSpeed"":36,""seq"":8}","{""phase"":""I"",""startLLA"":{""lat"":37.489798,""lon"":126.890147,""alt"":100},""endLLA"":{""lat"":37.489091,""lon"":126.878809,""alt"":15},""targetSpeed"":30,""seq"":9}","{""phase"":""J"",""startLLA"":{""lat"":37.489091,""lon"":126.878809,""alt"":15},""endLLA"":{""lat"":37.489091,""lon"":126.878809,""alt"":0},""targetSpeed"":10,""seq"":10}","{""phase"":""K"",""startLLA"":{""lat"":37.489091,""lon"":126.878809,""alt"":0},""endLLA"":{""lat"":37.489091,""lon"":126.878809,""alt"":0},""targetSpeed"":3,""seq"":11}",,,,,,,,,,
98f166edc22f,2026-07-11,FPL1315022,UAM0121,a2,2,2,1,강남,강남,마곡,마곡,17,G8,F1,G2,F3,17:07:13,17:15:38,17:24:09,17:31:59,17:41:59,505.71,510.92,470,1486.63,0,0,ready,강남 > 이수고가차로 > 상도터널 > 63빌딩 > 서강대교 중간지점 > 선유도 17고지 > 성산대교 중간지점 > 가양대교 남단 > 마곡,23.493,16,"{""phase"":""A"",""startLLA"":{""lat"":37.496291,""lon"":127.023303,""alt"":0},""endLLA"":{""lat"":37.496291,""lon"":127.023303,""alt"":0},""targetSpeed"":3,""seq"":1}","{""phase"":""B"",""startLLA"":{""lat"":37.496291,""lon"":127.023303,""alt"":0},""endLLA"":{""lat"":37.496291,""lon"":127.023303,""alt"":15},""targetSpeed"":10,""seq"":2}","{""phase"":""C"",""startLLA"":{""lat"":37.496291,""lon"":127.023303,""alt"":15},""endLLA"":{""lat"":37.496789,""lon"":127.009676,""alt"":100},""targetSpeed"":36,""seq"":3}","{""phase"":""E"",""startLLA"":{""lat"":37.496789,""lon"":127.009676,""alt"":100},""endLLA"":{""lat"":37.497738,""lon"":126.983721,""alt"":233.37},""targetSpeed"":51.4,""seq"":4}","{""phase"":""E"",""startLLA"":{""lat"":37.497738,""lon"":126.983721,""alt"":233.37},""endLLA"":{""lat"":37.502167,""lon"":126.970931,""alt"":305},""targetSpeed"":51.4,""seq"":5}","{""phase"":""F"",""startLLA"":{""lat"":37.502167,""lon"":126.970931,""alt"":305},""endLLA"":{""lat"":37.508684,""lon"":126.95211,""alt"":305},""targetSpeed"":51.4,""seq"":6}","{""phase"":""F"",""startLLA"":{""lat"":37.508684,""lon"":126.95211,""alt"":305},""endLLA"":{""lat"":37.519378,""lon"":126.94021,""alt"":305},""targetSpeed"":51.4,""seq"":7}","{""phase"":""F"",""startLLA"":{""lat"":37.519378,""lon"":126.94021,""alt"":305},""endLLA"":{""lat"":37.536949,""lon"":126.924908,""alt"":305},""targetSpeed"":51.4,""seq"":8}","{""phase"":""F"",""startLLA"":{""lat"":37.536949,""lon"":126.924908,""alt"":305},""endLLA"":{""lat"":37.542307,""lon"":126.90249,""alt"":305},""targetSpeed"":51.4,""seq"":9}","{""phase"":""F"",""startLLA"":{""lat"":37.542307,""lon"":126.90249,""alt"":305},""endLLA"":{""lat"":37.552574,""lon"":126.891431,""alt"":305},""targetSpeed"":51.4,""seq"":10}","{""phase"":""F"",""startLLA"":{""lat"":37.552574,""lon"":126.891431,""alt"":305},""endLLA"":{""lat"":37.569391,""lon"":126.861026,""alt"":305},""targetSpeed"":51.4,""seq"":11}","{""phase"":""F"",""startLLA"":{""lat"":37.569391,""lon"":126.861026,""alt"":305},""endLLA"":{""lat"":37.567855,""lon"":126.842867,""alt"":305},""targetSpeed"":51.4,""seq"":12}","{""phase"":""G"",""startLLA"":{""lat"":37.567855,""lon"":126.842867,""alt"":305},""endLLA"":{""lat"":37.564492,""lon"":126.803119,""alt"":100},""targetSpeed"":36,""seq"":13}","{""phase"":""I"",""startLLA"":{""lat"":37.564492,""lon"":126.803119,""alt"":100},""endLLA"":{""lat"":37.563535,""lon"":126.791805,""alt"":15},""targetSpeed"":30,""seq"":14}","{""phase"":""J"",""startLLA"":{""lat"":37.563535,""lon"":126.791805,""alt"":15},""endLLA"":{""lat"":37.563535,""lon"":126.791805,""alt"":0},""targetSpeed"":10,""seq"":15}","{""phase"":""K"",""startLLA"":{""lat"":37.563535,""lon"":126.791805,""alt"":0},""endLLA"":{""lat"":37.563535,""lon"":126.791805,""alt"":0},""targetSpeed"":3,""seq"":16}",,,,,
98f166edc22f,2026-07-11,FPL1305034,UAM0122,a2,2,2,1,강남,강남,목동,목동,17,G4,F1,G4,F3,17:15:45,17:24:10,17:30:05,17:36:55,17:46:55,505.71,355.28,410,1270.99,0,0,ready,강남 > 이수고가차로 > 상도터널 > 63빌딩 > 서강대교 중간지점 > 선유도 17고지 > 목동,15.4931,14,"{""phase"":""A"",""startLLA"":{""lat"":37.496291,""lon"":127.023303,""alt"":0},""endLLA"":{""lat"":37.496291,""lon"":127.023303,""alt"":0},""targetSpeed"":3,""seq"":1}","{""phase"":""B"",""startLLA"":{""lat"":37.496291,""lon"":127.023303,""alt"":0},""endLLA"":{""lat"":37.496291,""lon"":127.023303,""alt"":15},""targetSpeed"":10,""seq"":2}","{""phase"":""C"",""startLLA"":{""lat"":37.496291,""lon"":127.023303,""alt"":15},""endLLA"":{""lat"":37.496789,""lon"":127.009673,""alt"":100},""targetSpeed"":36,""seq"":3}","{""phase"":""E"",""startLLA"":{""lat"":37.496789,""lon"":127.009673,""alt"":100},""endLLA"":{""lat"":37.497738,""lon"":126.983721,""alt"":233.33},""targetSpeed"":51.4,""seq"":4}","{""phase"":""E"",""startLLA"":{""lat"":37.497738,""lon"":126.983721,""alt"":233.33},""endLLA"":{""lat"":37.50217,""lon"":126.970921,""alt"":305},""targetSpeed"":51.4,""seq"":5}","{""phase"":""F"",""startLLA"":{""lat"":37.50217,""lon"":126.970921,""alt"":305},""endLLA"":{""lat"":37.508684,""lon"":126.95211,""alt"":305},""targetSpeed"":51.4,""seq"":6}","{""phase"":""F"",""startLLA"":{""lat"":37.508684,""lon"":126.95211,""alt"":305},""endLLA"":{""lat"":37.519378,""lon"":126.94021,""alt"":305},""targetSpeed"":51.4,""seq"":7}","{""phase"":""F"",""startLLA"":{""lat"":37.519378,""lon"":126.94021,""alt"":305},""endLLA"":{""lat"":37.536949,""lon"":126.924908,""alt"":305},""targetSpeed"":51.4,""seq"":8}","{""phase"":""F"",""startLLA"":{""lat"":37.536949,""lon"":126.924908,""alt"":305},""endLLA"":{""lat"":37.538128,""lon"":126.919977,""alt"":305},""targetSpeed"":51.4,""seq"":9}","{""phase"":""G"",""startLLA"":{""lat"":37.538128,""lon"":126.919977,""alt"":305},""endLLA"":{""lat"":37.542307,""lon"":126.90249,""alt"":211.32},""targetSpeed"":36,""seq"":10}","{""phase"":""G"",""startLLA"":{""lat"":37.542307,""lon"":126.90249,""alt"":211.32},""endLLA"":{""lat"":37.531833,""lon"":126.88527,""alt"":100},""targetSpeed"":36,""seq"":11}","{""phase"":""I"",""startLLA"":{""lat"":37.531833,""lon"":126.88527,""alt"":100},""endLLA"":{""lat"":37.526343,""lon"":126.876243,""alt"":15},""targetSpeed"":30,""seq"":12}","{""phase"":""J"",""startLLA"":{""lat"":37.526343,""lon"":126.876243,""alt"":15},""endLLA"":{""lat"":37.526343,""lon"":126.876243,""alt"":0},""targetSpeed"":10,""seq"":13}","{""phase"":""K"",""startLLA"":{""lat"":37.526343,""lon"":126.876243,""alt"":0},""endLLA"":{""lat"":37.526343,""lon"":126.876243,""alt"":0},""targetSpeed"":3,""seq"":14}",,,,,,,
98f166edc22f,2026-07-11,FPL1311033,UAM0047,a8,8,8,1,강남,강남,천호,천호,17,G3,F2,G6,F3,17:17:50,17:25:45,17:32:24,17:40:14,17:50:14,475.71,398.81,470,1344.52,0,104.81,ready,강남 > 청담대교 중간지점 > 잠실대교 중간지점 > 천호,10.7701,11,"{""phase"":""A"",""startLLA"":{""lat"":37.496291,""lon"":127.023303,""alt"":0},""endLLA"":{""lat"":37.496291,""lon"":127.023303,""alt"":0},""targetSpeed"":3,""seq"":1}","{""phase"":""B"",""startLLA"":{""lat"":37.496291,""lon"":127.023303,""alt"":0},""endLLA"":{""lat"":37.496291,""lon"":127.023303,""alt"":15},""targetSpeed"":10,""seq"":2}","{""phase"":""C"",""startLLA"":{""lat"":37.496291,""lon"":127.023303,""alt"":15},""endLLA"":{""lat"":37.503645,""lon"":127.033315,""alt"":100},""targetSpeed"":36,""seq"":3}","{""phase"":""E"",""startLLA"":{""lat"":37.503645,""lon"":127.033315,""alt"":100},""endLLA"":{""lat"":37.525177,""lon"":127.062626,""alt"":305},""targetSpeed"":51.4,""seq"":4}","{""phase"":""F"",""startLLA"":{""lat"":37.525177,""lon"":127.062626,""alt"":305},""endLLA"":{""lat"":37.526451,""lon"":127.064361,""alt"":305},""targetSpeed"":51.4,""seq"":5}","{""phase"":""F"",""startLLA"":{""lat"":37.526451,""lon"":127.064361,""alt"":305},""endLLA"":{""lat"":37.52529,""lon"":127.079002,""alt"":305},""targetSpeed"":51.4,""seq"":6}","{""phase"":""G"",""startLLA"":{""lat"":37.52529,""lon"":127.079002,""alt"":305},""endLLA"":{""lat"":37.524288,""lon"":127.091639,""alt"":239.84},""targetSpeed"":36,""seq"":7}","{""phase"":""G"",""startLLA"":{""lat"":37.524288,""lon"":127.091639,""alt"":239.84},""endLLA"":{""lat"":37.539419,""lon"":127.111107,""alt"":100},""targetSpeed"":36,""seq"":8}","{""phase"":""I"",""startLLA"":{""lat"":37.539419,""lon"":127.111107,""alt"":100},""endLLA"":{""lat"":37.545733,""lon"":127.11923,""alt"":15},""targetSpeed"":30,""seq"":9}","{""phase"":""J"",""startLLA"":{""lat"":37.545733,""lon"":127.11923,""alt"":15},""endLLA"":{""lat"":37.545733,""lon"":127.11923,""alt"":0},""targetSpeed"":10,""seq"":10}","{""phase"":""K"",""startLLA"":{""lat"":37.545733,""lon"":127.11923,""alt"":0},""endLLA"":{""lat"":37.545733,""lon"":127.11923,""alt"":0},""targetSpeed"":3,""seq"":11}",,,,,,,,,,
98f166edc22f,2026-07-11,FPL1303016,UAM0077,a6,6,6,1,강남,강남,상암,상암,17,G7,F1,G4,F3,17:22:19,17:30:14,17:36:01,17:42:51,17:52:51,475.71,346.64,410,1232.35,0,0,ready,강남 > 이수고가차로 > 상도터널 > 63빌딩 > 서강대교 중간지점 > 선유도 17고지 > 상암,15.0491,14,"{""phase"":""A"",""startLLA"":{""lat"":37.496291,""lon"":127.023303,""alt"":0},""endLLA"":{""lat"":37.496291,""lon"":127.023303,""alt"":0},""targetSpeed"":3,""seq"":1}","{""phase"":""B"",""startLLA"":{""lat"":37.496291,""lon"":127.023303,""alt"":0},""endLLA"":{""lat"":37.496291,""lon"":127.023303,""alt"":15},""targetSpeed"":10,""seq"":2}","{""phase"":""C"",""startLLA"":{""lat"":37.496291,""lon"":127.023303,""alt"":15},""endLLA"":{""lat"":37.496789,""lon"":127.009673,""alt"":100},""targetSpeed"":36,""seq"":3}","{""phase"":""E"",""startLLA"":{""lat"":37.496789,""lon"":127.009673,""alt"":100},""endLLA"":{""lat"":37.497738,""lon"":126.983721,""alt"":233.33},""targetSpeed"":51.4,""seq"":4}","{""phase"":""E"",""startLLA"":{""lat"":37.497738,""lon"":126.983721,""alt"":233.33},""endLLA"":{""lat"":37.50217,""lon"":126.970921,""alt"":305},""targetSpeed"":51.4,""seq"":5}","{""phase"":""F"",""startLLA"":{""lat"":37.50217,""lon"":126.970921,""alt"":305},""endLLA"":{""lat"":37.508684,""lon"":126.95211,""alt"":305},""targetSpeed"":51.4,""seq"":6}","{""phase"":""F"",""startLLA"":{""lat"":37.508684,""lon"":126.95211,""alt"":305},""endLLA"":{""lat"":37.519378,""lon"":126.94021,""alt"":305},""targetSpeed"":51.4,""seq"":7}","{""phase"":""F"",""startLLA"":{""lat"":37.519378,""lon"":126.94021,""alt"":305},""endLLA"":{""lat"":37.536949,""lon"":126.924908,""alt"":305},""targetSpeed"":51.4,""seq"":8}","{""phase"":""F"",""startLLA"":{""lat"":37.536949,""lon"":126.924908,""alt"":305},""endLLA"":{""lat"":37.536976,""lon"":126.924795,""alt"":305},""targetSpeed"":51.4,""seq"":9}","{""phase"":""G"",""startLLA"":{""lat"":37.536976,""lon"":126.924795,""alt"":305},""endLLA"":{""lat"":37.542307,""lon"":126.90249,""alt"":185.51},""targetSpeed"":36,""seq"":10}","{""phase"":""G"",""startLLA"":{""lat"":37.542307,""lon"":126.90249,""alt"":185.51},""endLLA"":{""lat"":37.55418,""lon"":126.895159,""alt"":100},""targetSpeed"":36,""seq"":11}","{""phase"":""I"",""startLLA"":{""lat"":37.55418,""lon"":126.895159,""alt"":100},""endLLA"":{""lat"":37.562282,""lon"":126.890156,""alt"":15},""targetSpeed"":30,""seq"":12}","{""phase"":""J"",""startLLA"":{""lat"":37.562282,""lon"":126.890156,""alt"":15},""endLLA"":{""lat"":37.562282,""lon"":126.890156,""alt"":0},""targetSpeed"":10,""seq"":13}","{""phase"":""K"",""startLLA"":{""lat"":37.562282,""lon"":126.890156,""alt"":0},""endLLA"":{""lat"":37.562282,""lon"":126.890156,""alt"":0},""targetSpeed"":3,""seq"":14}",,,,,,,
98f166edc22f,2026-07-11,FPL1310015,UAM0097,a2,2,2,1,강남,강남,연신내,연신내,17,G8,F2,G7,F3,17:26:27,17:34:52,17:42:56,17:50:16,18:00:16,505.71,483.8,440,1429.52,0,0,ready,강남 > 이수고가차로 > 상도터널 > 63빌딩 > 서강대교 중간지점 > 선유도 17고지 > 성산대교 중간지점 > 수색교 > 연신내,22.0994,16,"{""phase"":""A"",""startLLA"":{""lat"":37.496291,""lon"":127.023303,""alt"":0},""endLLA"":{""lat"":37.496291,""lon"":127.023303,""alt"":0},""targetSpeed"":3,""seq"":1}","{""phase"":""B"",""startLLA"":{""lat"":37.496291,""lon"":127.023303,""alt"":0},""endLLA"":{""lat"":37.496291,""lon"":127.023303,""alt"":15},""targetSpeed"":10,""seq"":2}","{""phase"":""C"",""startLLA"":{""lat"":37.496291,""lon"":127.023303,""alt"":15},""endLLA"":{""lat"":37.496789,""lon"":127.009676,""alt"":100},""targetSpeed"":36,""seq"":3}","{""phase"":""E"",""startLLA"":{""lat"":37.496789,""lon"":127.009676,""alt"":100},""endLLA"":{""lat"":37.497738,""lon"":126.983721,""alt"":233.37},""targetSpeed"":51.4,""seq"":4}","{""phase"":""E"",""startLLA"":{""lat"":37.497738,""lon"":126.983721,""alt"":233.37},""endLLA"":{""lat"":37.502167,""lon"":126.970929,""alt"":305},""targetSpeed"":51.4,""seq"":5}","{""phase"":""F"",""startLLA"":{""lat"":37.502167,""lon"":126.970929,""alt"":305},""endLLA"":{""lat"":37.508684,""lon"":126.95211,""alt"":305},""targetSpeed"":51.4,""seq"":6}","{""phase"":""F"",""startLLA"":{""lat"":37.508684,""lon"":126.95211,""alt"":305},""endLLA"":{""lat"":37.519378,""lon"":126.94021,""alt"":305},""targetSpeed"":51.4,""seq"":7}","{""phase"":""F"",""startLLA"":{""lat"":37.519378,""lon"":126.94021,""alt"":305},""endLLA"":{""lat"":37.536949,""lon"":126.924908,""alt"":305},""targetSpeed"":51.4,""seq"":8}","{""phase"":""F"",""startLLA"":{""lat"":37.536949,""lon"":126.924908,""alt"":305},""endLLA"":{""lat"":37.542307,""lon"":126.90249,""alt"":305},""targetSpeed"":51.4,""seq"":9}","{""phase"":""F"",""startLLA"":{""lat"":37.542307,""lon"":126.90249,""alt"":305},""endLLA"":{""lat"":37.552574,""lon"":126.891431,""alt"":305},""targetSpeed"":51.4,""seq"":10}","{""phase"":""F"",""startLLA"":{""lat"":37.552574,""lon"":126.891431,""alt"":305},""endLLA"":{""lat"":37.583699,""lon"":126.886697,""alt"":305},""targetSpeed"":51.4,""seq"":11}","{""phase"":""G"",""startLLA"":{""lat"":37.583699,""lon"":126.886697,""alt"":305},""endLLA"":{""lat"":37.586283,""lon"":126.886304,""alt"":288.16},""targetSpeed"":36,""seq"":12}","{""phase"":""G"",""startLLA"":{""lat"":37.586283,""lon"":126.886304,""alt"":288.16},""endLLA"":{""lat"":37.60526,""lon"":126.914121,""alt"":100},""targetSpeed"":36,""seq"":13}","{""phase"":""I"",""startLLA"":{""lat"":37.60526,""lon"":126.914121,""alt"":100},""endLLA"":{""lat"":37.611145,""lon"":126.922747,""alt"":15},""targetSpeed"":30,""seq"":14}","{""phase"":""J"",""startLLA"":{""lat"":37.611145,""lon"":126.922747,""alt"":15},""endLLA"":{""lat"":37.611145,""lon"":126.922747,""alt"":0},""targetSpeed"":10,""seq"":15}","{""phase"":""K"",""startLLA"":{""lat"":37.611145,""lon"":126.922747,""alt"":0},""endLLA"":{""lat"":37.611145,""lon"":126.922747,""alt"":0},""targetSpeed"":3,""seq"":16}",,,,,
98f166edc22f,2026-07-11,FPL1315023,UAM0017,a2,2,2,1,강남,강남,마곡,마곡,17,G4,F1,G3,F4,17:35:21,17:43:46,17:54:48,18:02:08,18:12:08,505.71,661.38,440,1607.09,0,11.38,ready,강남 > 이수고가차로 > 상도터널 > 63빌딩 > 서강대교 중간지점 > 선유도 17고지 > 성산대교 중간지점 > 가양대교 남단 > 마곡,23.493,16,"{""phase"":""A"",""startLLA"":{""lat"":37.496291,""lon"":127.023303,""alt"":0},""endLLA"":{""lat"":37.496291,""lon"":127.023303,""alt"":0},""targetSpeed"":3,""seq"":1}","{""phase"":""B"",""startLLA"":{""lat"":37.496291,""lon"":127.023303,""alt"":0},""endLLA"":{""lat"":37.496291,""lon"":127.023303,""alt"":15},""targetSpeed"":10,""seq"":2}","{""phase"":""C"",""startLLA"":{""lat"":37.496291,""lon"":127.023303,""alt"":15},""endLLA"":{""lat"":37.496789,""lon"":127.009676,""alt"":100},""targetSpeed"":36,""seq"":3}","{""phase"":""E"",""startLLA"":{""lat"":37.496789,""lon"":127.009676,""alt"":100},""endLLA"":{""lat"":37.497738,""lon"":126.983721,""alt"":233.37},""targetSpeed"":51.4,""seq"":4}","{""phase"":""E"",""startLLA"":{""lat"":37.497738,""lon"":126.983721,""alt"":233.37},""endLLA"":{""lat"":37.502167,""lon"":126.970931,""alt"":305},""targetSpeed"":51.4,""seq"":5}","{""phase"":""F"",""startLLA"":{""lat"":37.502167,""lon"":126.970931,""alt"":305},""endLLA"":{""lat"":37.508684,""lon"":126.95211,""alt"":305},""targetSpeed"":51.4,""seq"":6}","{""phase"":""F"",""startLLA"":{""lat"":37.508684,""lon"":126.95211,""alt"":305},""endLLA"":{""lat"":37.519378,""lon"":126.94021,""alt"":305},""targetSpeed"":51.4,""seq"":7}","{""phase"":""F"",""startLLA"":{""lat"":37.519378,""lon"":126.94021,""alt"":305},""endLLA"":{""lat"":37.536949,""lon"":126.924908,""alt"":305},""targetSpeed"":51.4,""seq"":8}","{""phase"":""F"",""startLLA"":{""lat"":37.536949,""lon"":126.924908,""alt"":305},""endLLA"":{""lat"":37.542307,""lon"":126.90249,""alt"":305},""targetSpeed"":51.4,""seq"":9}","{""phase"":""F"",""startLLA"":{""lat"":37.542307,""lon"":126.90249,""alt"":305},""endLLA"":{""lat"":37.552574,""lon"":126.891431,""alt"":305},""targetSpeed"":51.4,""seq"":10}","{""phase"":""F"",""startLLA"":{""lat"":37.552574,""lon"":126.891431,""alt"":305},""endLLA"":{""lat"":37.569391,""lon"":126.861026,""alt"":305},""targetSpeed"":51.4,""seq"":11}","{""phase"":""F"",""startLLA"":{""lat"":37.569391,""lon"":126.861026,""alt"":305},""endLLA"":{""lat"":37.567855,""lon"":126.842867,""alt"":305},""targetSpeed"":51.4,""seq"":12}","{""phase"":""G"",""startLLA"":{""lat"":37.567855,""lon"":126.842867,""alt"":305},""endLLA"":{""lat"":37.564492,""lon"":126.803119,""alt"":100},""targetSpeed"":36,""seq"":13}","{""phase"":""I"",""startLLA"":{""lat"":37.564492,""lon"":126.803119,""alt"":100},""endLLA"":{""lat"":37.563535,""lon"":126.791805,""alt"":15},""targetSpeed"":30,""seq"":14}","{""phase"":""J"",""startLLA"":{""lat"":37.563535,""lon"":126.791805,""alt"":15},""endLLA"":{""lat"":37.563535,""lon"":126.791805,""alt"":0},""targetSpeed"":10,""seq"":15}","{""phase"":""K"",""startLLA"":{""lat"":37.563535,""lon"":126.791805,""alt"":0},""endLLA"":{""lat"":37.563535,""lon"":126.791805,""alt"":0},""targetSpeed"":3,""seq"":16}",,,,,
98f166edc22f,2026-07-11,FPL1310016,UAM0112,a8,8,8,1,강남,강남,연신내,연신내,17,G3,F2,G2,F3,17:37:46,17:45:41,17:55:11,18:03:01,18:13:01,475.71,569.59,470,1515.31,0,85.79,ready,강남 > 이수고가차로 > 상도터널 > 63빌딩 > 서강대교 중간지점 > 선유도 17고지 > 성산대교 중간지점 > 수색교 > 연신내,22.0994,16,"{""phase"":""A"",""startLLA"":{""lat"":37.496291,""lon"":127.023303,""alt"":0},""endLLA"":{""lat"":37.496291,""lon"":127.023303,""alt"":0},""targetSpeed"":3,""seq"":1}","{""phase"":""B"",""startLLA"":{""lat"":37.496291,""lon"":127.023303,""alt"":0},""endLLA"":{""lat"":37.496291,""lon"":127.023303,""alt"":15},""targetSpeed"":10,""seq"":2}","{""phase"":""C"",""startLLA"":{""lat"":37.496291,""lon"":127.023303,""alt"":15},""endLLA"":{""lat"":37.496789,""lon"":127.009676,""alt"":100},""targetSpeed"":36,""seq"":3}","{""phase"":""E"",""startLLA"":{""lat"":37.496789,""lon"":127.009676,""alt"":100},""endLLA"":{""lat"":37.497738,""lon"":126.983721,""alt"":233.37},""targetSpeed"":51.4,""seq"":4}","{""phase"":""E"",""startLLA"":{""lat"":37.497738,""lon"":126.983721,""alt"":233.37},""endLLA"":{""lat"":37.502167,""lon"":126.970929,""alt"":305},""targetSpeed"":51.4,""seq"":5}","{""phase"":""F"",""startLLA"":{""lat"":37.502167,""lon"":126.970929,""alt"":305},""endLLA"":{""lat"":37.508684,""lon"":126.95211,""alt"":305},""targetSpeed"":51.4,""seq"":6}","{""phase"":""F"",""startLLA"":{""lat"":37.508684,""lon"":126.95211,""alt"":305},""endLLA"":{""lat"":37.519378,""lon"":126.94021,""alt"":305},""targetSpeed"":51.4,""seq"":7}","{""phase"":""F"",""startLLA"":{""lat"":37.519378,""lon"":126.94021,""alt"":305},""endLLA"":{""lat"":37.536949,""lon"":126.924908,""alt"":305},""targetSpeed"":51.4,""seq"":8}","{""phase"":""F"",""startLLA"":{""lat"":37.536949,""lon"":126.924908,""alt"":305},""endLLA"":{""lat"":37.542307,""lon"":126.90249,""alt"":305},""targetSpeed"":51.4,""seq"":9}","{""phase"":""F"",""startLLA"":{""lat"":37.542307,""lon"":126.90249,""alt"":305},""endLLA"":{""lat"":37.552574,""lon"":126.891431,""alt"":305},""targetSpeed"":51.4,""seq"":10}","{""phase"":""F"",""startLLA"":{""lat"":37.552574,""lon"":126.891431,""alt"":305},""endLLA"":{""lat"":37.583699,""lon"":126.886697,""alt"":305},""targetSpeed"":51.4,""seq"":11}","{""phase"":""G"",""startLLA"":{""lat"":37.583699,""lon"":126.886697,""alt"":305},""endLLA"":{""lat"":37.586283,""lon"":126.886304,""alt"":288.16},""targetSpeed"":36,""seq"":12}","{""phase"":""G"",""startLLA"":{""lat"":37.586283,""lon"":126.886304,""alt"":288.16},""endLLA"":{""lat"":37.60526,""lon"":126.914121,""alt"":100},""targetSpeed"":36,""seq"":13}","{""phase"":""I"",""startLLA"":{""lat"":37.60526,""lon"":126.914121,""alt"":100},""endLLA"":{""lat"":37.611145,""lon"":126.922747,""alt"":15},""targetSpeed"":30,""seq"":14}","{""phase"":""J"",""startLLA"":{""lat"":37.611145,""lon"":126.922747,""alt"":15},""endLLA"":{""lat"":37.611145,""lon"":126.922747,""alt"":0},""targetSpeed"":10,""seq"":15}","{""phase"":""K"",""startLLA"":{""lat"":37.611145,""lon"":126.922747,""alt"":0},""endLLA"":{""lat"":37.611145,""lon"":126.922747,""alt"":0},""targetSpeed"":3,""seq"":16}",,,,,
98f166edc22f,2026-07-11,FPL1305035,UAM0005,a6,6,6,1,강남,강남,목동,목동,17,G2,F1,G8,F4,17:40:47,17:49:12,17:55:07,18:01:57,18:11:57,505.43,355.28,410,1270.71,59.71,0,ready,강남 > 이수고가차로 > 상도터널 > 63빌딩 > 서강대교 중간지점 > 선유도 17고지 > 목동,15.4931,14,"{""phase"":""A"",""startLLA"":{""lat"":37.496291,""lon"":127.023303,""alt"":0},""endLLA"":{""lat"":37.496291,""lon"":127.023303,""alt"":0},""targetSpeed"":3,""seq"":1}","{""phase"":""B"",""startLLA"":{""lat"":37.496291,""lon"":127.023303,""alt"":0},""endLLA"":{""lat"":37.496291,""lon"":127.023303,""alt"":15},""targetSpeed"":10,""seq"":2}","{""phase"":""C"",""startLLA"":{""lat"":37.496291,""lon"":127.023303,""alt"":15},""endLLA"":{""lat"":37.496789,""lon"":127.009673,""alt"":100},""targetSpeed"":36,""seq"":3}","{""phase"":""E"",""startLLA"":{""lat"":37.496789,""lon"":127.009673,""alt"":100},""endLLA"":{""lat"":37.497738,""lon"":126.983721,""alt"":233.33},""targetSpeed"":51.4,""seq"":4}","{""phase"":""E"",""startLLA"":{""lat"":37.497738,""lon"":126.983721,""alt"":233.33},""endLLA"":{""lat"":37.50217,""lon"":126.970921,""alt"":305},""targetSpeed"":51.4,""seq"":5}","{""phase"":""F"",""startLLA"":{""lat"":37.50217,""lon"":126.970921,""alt"":305},""endLLA"":{""lat"":37.508684,""lon"":126.95211,""alt"":305},""targetSpeed"":51.4,""seq"":6}","{""phase"":""F"",""startLLA"":{""lat"":37.508684,""lon"":126.95211,""alt"":305},""endLLA"":{""lat"":37.519378,""lon"":126.94021,""alt"":305},""targetSpeed"":51.4,""seq"":7}","{""phase"":""F"",""startLLA"":{""lat"":37.519378,""lon"":126.94021,""alt"":305},""endLLA"":{""lat"":37.536949,""lon"":126.924908,""alt"":305},""targetSpeed"":51.4,""seq"":8}","{""phase"":""F"",""startLLA"":{""lat"":37.536949,""lon"":126.924908,""alt"":305},""endLLA"":{""lat"":37.538128,""lon"":126.919977,""alt"":305},""targetSpeed"":51.4,""seq"":9}","{""phase"":""G"",""startLLA"":{""lat"":37.538128,""lon"":126.919977,""alt"":305},""endLLA"":{""lat"":37.542307,""lon"":126.90249,""alt"":211.32},""targetSpeed"":36,""seq"":10}","{""phase"":""G"",""startLLA"":{""lat"":37.542307,""lon"":126.90249,""alt"":211.32},""endLLA"":{""lat"":37.531833,""lon"":126.88527,""alt"":100},""targetSpeed"":36,""seq"":11}","{""phase"":""I"",""startLLA"":{""lat"":37.531833,""lon"":126.88527,""alt"":100},""endLLA"":{""lat"":37.526343,""lon"":126.876243,""alt"":15},""targetSpeed"":30,""seq"":12}","{""phase"":""J"",""startLLA"":{""lat"":37.526343,""lon"":126.876243,""alt"":15},""endLLA"":{""lat"":37.526343,""lon"":126.876243,""alt"":0},""targetSpeed"":10,""seq"":13}","{""phase"":""K"",""startLLA"":{""lat"":37.526343,""lon"":126.876243,""alt"":0},""endLLA"":{""lat"":37.526343,""lon"":126.876243,""alt"":0},""targetSpeed"":3,""seq"":14}",,,,,,,
98f166edc22f,2026-07-11,FPL1311034,UAM0013,a6,6,6,1,강남,강남,천호,천호,17,G7,F2,G1,F4,17:43:33,17:52:00,17:59:02,18:07:22,18:17:22,507.91,421.23,500,1429.14,32.2,157.84,ready,강남 > 청담대교 중간지점 > 잠실대교 중간지점 > 천호,10.7701,11,"{""phase"":""A"",""startLLA"":{""lat"":37.496291,""lon"":127.023303,""alt"":0},""endLLA"":{""lat"":37.496291,""lon"":127.023303,""alt"":0},""targetSpeed"":3,""seq"":1}","{""phase"":""B"",""startLLA"":{""lat"":37.496291,""lon"":127.023303,""alt"":0},""endLLA"":{""lat"":37.496291,""lon"":127.023303,""alt"":15},""targetSpeed"":10,""seq"":2}","{""phase"":""C"",""startLLA"":{""lat"":37.496291,""lon"":127.023303,""alt"":15},""endLLA"":{""lat"":37.503645,""lon"":127.033315,""alt"":100},""targetSpeed"":36,""seq"":3}","{""phase"":""E"",""startLLA"":{""lat"":37.503645,""lon"":127.033315,""alt"":100},""endLLA"":{""lat"":37.525177,""lon"":127.062626,""alt"":305},""targetSpeed"":51.4,""seq"":4}","{""phase"":""F"",""startLLA"":{""lat"":37.525177,""lon"":127.062626,""alt"":305},""endLLA"":{""lat"":37.526451,""lon"":127.064361,""alt"":305},""targetSpeed"":51.4,""seq"":5}","{""phase"":""F"",""startLLA"":{""lat"":37.526451,""lon"":127.064361,""alt"":305},""endLLA"":{""lat"":37.52529,""lon"":127.079002,""alt"":305},""targetSpeed"":51.4,""seq"":6}","{""phase"":""G"",""startLLA"":{""lat"":37.52529,""lon"":127.079002,""alt"":305},""endLLA"":{""lat"":37.524288,""lon"":127.091639,""alt"":239.84},""targetSpeed"":36,""seq"":7}","{""phase"":""G"",""startLLA"":{""lat"":37.524288,""lon"":127.091639,""alt"":239.84},""endLLA"":{""lat"":37.539419,""lon"":127.111107,""alt"":100},""targetSpeed"":36,""seq"":8}","{""phase"":""I"",""startLLA"":{""lat"":37.539419,""lon"":127.111107,""alt"":100},""endLLA"":{""lat"":37.545733,""lon"":127.11923,""alt"":15},""targetSpeed"":30,""seq"":9}","{""phase"":""J"",""startLLA"":{""lat"":37.545733,""lon"":127.11923,""alt"":15},""endLLA"":{""lat"":37.545733,""lon"":127.11923,""alt"":0},""targetSpeed"":10,""seq"":10}","{""phase"":""K"",""startLLA"":{""lat"":37.545733,""lon"":127.11923,""alt"":0},""endLLA"":{""lat"":37.545733,""lon"":127.11923,""alt"":0},""targetSpeed"":3,""seq"":11}",,,,,,,,,,
98f166edc22f,2026-07-11,FPL1315024,UAM0039,a8,8,8,1,강남,강남,마곡,마곡,17,G8,F1,G2,F3,17:44:39,17:54:38,18:05:17,18:13:07,18:23:07,599.14,639.29,470,1708.43,93.43,33.71,ready,강남 > 이수고가차로 > 상도터널 > 63빌딩 > 서강대교 중간지점 > 선유도 17고지 > 성산대교 중간지점 > 가양대교 남단 > 마곡,23.493,16,"{""phase"":""A"",""startLLA"":{""lat"":37.496291,""lon"":127.023303,""alt"":0},""endLLA"":{""lat"":37.496291,""lon"":127.023303,""alt"":0},""targetSpeed"":3,""seq"":1}","{""phase"":""B"",""startLLA"":{""lat"":37.496291,""lon"":127.023303,""alt"":0},""endLLA"":{""lat"":37.496291,""lon"":127.023303,""alt"":15},""targetSpeed"":10,""seq"":2}","{""phase"":""C"",""startLLA"":{""lat"":37.496291,""lon"":127.023303,""alt"":15},""endLLA"":{""lat"":37.496789,""lon"":127.009676,""alt"":100},""targetSpeed"":36,""seq"":3}","{""phase"":""E"",""startLLA"":{""lat"":37.496789,""lon"":127.009676,""alt"":100},""endLLA"":{""lat"":37.497738,""lon"":126.983721,""alt"":233.37},""targetSpeed"":51.4,""seq"":4}","{""phase"":""E"",""startLLA"":{""lat"":37.497738,""lon"":126.983721,""alt"":233.37},""endLLA"":{""lat"":37.502167,""lon"":126.970931,""alt"":305},""targetSpeed"":51.4,""seq"":5}","{""phase"":""F"",""startLLA"":{""lat"":37.502167,""lon"":126.970931,""alt"":305},""endLLA"":{""lat"":37.508684,""lon"":126.95211,""alt"":305},""targetSpeed"":51.4,""seq"":6}","{""phase"":""F"",""startLLA"":{""lat"":37.508684,""lon"":126.95211,""alt"":305},""endLLA"":{""lat"":37.519378,""lon"":126.94021,""alt"":305},""targetSpeed"":51.4,""seq"":7}","{""phase"":""F"",""startLLA"":{""lat"":37.519378,""lon"":126.94021,""alt"":305},""endLLA"":{""lat"":37.536949,""lon"":126.924908,""alt"":305},""targetSpeed"":51.4,""seq"":8}","{""phase"":""F"",""startLLA"":{""lat"":37.536949,""lon"":126.924908,""alt"":305},""endLLA"":{""lat"":37.542307,""lon"":126.90249,""alt"":305},""targetSpeed"":51.4,""seq"":9}","{""phase"":""F"",""startLLA"":{""lat"":37.542307,""lon"":126.90249,""alt"":305},""endLLA"":{""lat"":37.552574,""lon"":126.891431,""alt"":305},""targetSpeed"":51.4,""seq"":10}","{""phase"":""F"",""startLLA"":{""lat"":37.552574,""lon"":126.891431,""alt"":305},""endLLA"":{""lat"":37.569391,""lon"":126.861026,""alt"":305},""targetSpeed"":51.4,""seq"":11}","{""phase"":""F"",""startLLA"":{""lat"":37.569391,""lon"":126.861026,""alt"":305},""endLLA"":{""lat"":37.567855,""lon"":126.842867,""alt"":305},""targetSpeed"":51.4,""seq"":12}","{""phase"":""G"",""startLLA"":{""lat"":37.567855,""lon"":126.842867,""alt"":305},""endLLA"":{""lat"":37.564492,""lon"":126.803119,""alt"":100},""targetSpeed"":36,""seq"":13}","{""phase"":""I"",""startLLA"":{""lat"":37.564492,""lon"":126.803119,""alt"":100},""endLLA"":{""lat"":37.563535,""lon"":126.791805,""alt"":15},""targetSpeed"":30,""seq"":14}","{""phase"":""J"",""startLLA"":{""lat"":37.563535,""lon"":126.791805,""alt"":15},""endLLA"":{""lat"":37.563535,""lon"":126.791805,""alt"":0},""targetSpeed"":10,""seq"":15}","{""phase"":""K"",""startLLA"":{""lat"":37.563535,""lon"":126.791805,""alt"":0},""endLLA"":{""lat"":37.563535,""lon"":126.791805,""alt"":0},""targetSpeed"":3,""seq"":16}",,,,,
98f166edc22f,2026-07-11,FPL1316016,UAM0086,a6,6,6,1,강남,강남,망우,망우,17,G6,F2,G5,F4,17:51:20,17:58:45,18:04:17,18:12:37,18:22:37,445.71,331.38,500,1277.09,0,24.75,ready,강남 > 청담대교 중간지점 > 건대입구 > 망우,12.9927,11,"{""phase"":""A"",""startLLA"":{""lat"":37.496291,""lon"":127.023303,""alt"":0},""endLLA"":{""lat"":37.496291,""lon"":127.023303,""alt"":0},""targetSpeed"":3,""seq"":1}","{""phase"":""B"",""startLLA"":{""lat"":37.496291,""lon"":127.023303,""alt"":0},""endLLA"":{""lat"":37.496291,""lon"":127.023303,""alt"":15},""targetSpeed"":10,""seq"":2}","{""phase"":""C"",""startLLA"":{""lat"":37.496291,""lon"":127.023303,""alt"":15},""endLLA"":{""lat"":37.503645,""lon"":127.033314,""alt"":100},""targetSpeed"":36,""seq"":3}","{""phase"":""E"",""startLLA"":{""lat"":37.503645,""lon"":127.033314,""alt"":100},""endLLA"":{""lat"":37.525174,""lon"":127.062622,""alt"":305},""targetSpeed"":51.4,""seq"":4}","{""phase"":""F"",""startLLA"":{""lat"":37.525174,""lon"":127.062622,""alt"":305},""endLLA"":{""lat"":37.526451,""lon"":127.064361,""alt"":305},""targetSpeed"":51.4,""seq"":5}","{""phase"":""F"",""startLLA"":{""lat"":37.526451,""lon"":127.064361,""alt"":305},""endLLA"":{""lat"":37.540426,""lon"":127.069298,""alt"":305},""targetSpeed"":51.4,""seq"":6}","{""phase"":""F"",""startLLA"":{""lat"":37.540426,""lon"":127.069298,""alt"":305},""endLLA"":{""lat"":37.55715,""lon"":127.073903,""alt"":305},""targetSpeed"":51.4,""seq"":7}","{""phase"":""G"",""startLLA"":{""lat"":37.55715,""lon"":127.073903,""alt"":305},""endLLA"":{""lat"":37.588107,""lon"":127.082428,""alt"":100},""targetSpeed"":36,""seq"":8}","{""phase"":""I"",""startLLA"":{""lat"":37.588107,""lon"":127.082428,""alt"":100},""endLLA"":{""lat"":37.596919,""lon"":127.084854,""alt"":15},""targetSpeed"":30,""seq"":9}","{""phase"":""J"",""startLLA"":{""lat"":37.596919,""lon"":127.084854,""alt"":15},""endLLA"":{""lat"":37.596919,""lon"":127.084854,""alt"":0},""targetSpeed"":10,""seq"":10}","{""phase"":""K"",""startLLA"":{""lat"":37.596919,""lon"":127.084854,""alt"":0},""endLLA"":{""lat"":37.596919,""lon"":127.084854,""alt"":0},""targetSpeed"":3,""seq"":11}",,,,,,,,,,
98f166edc22f,2026-07-11,FPL1314025,UAM0113,a2,2,2,1,강남,강남,가산,가산,17,G1,F1,G8,F4,17:53:08,18:00:03,18:05:38,18:12:28,18:22:28,415.86,334.77,410,1160.63,0.14,0,ready,강남 > 채석장 > 180고지 > 가산,14.4391,11,"{""phase"":""A"",""startLLA"":{""lat"":37.496291,""lon"":127.023303,""alt"":0},""endLLA"":{""lat"":37.496291,""lon"":127.023303,""alt"":0},""targetSpeed"":3,""seq"":1}","{""phase"":""B"",""startLLA"":{""lat"":37.496291,""lon"":127.023303,""alt"":0},""endLLA"":{""lat"":37.496291,""lon"":127.023303,""alt"":15},""targetSpeed"":10,""seq"":2}","{""phase"":""C"",""startLLA"":{""lat"":37.496291,""lon"":127.023303,""alt"":15},""endLLA"":{""lat"":37.489331,""lon"":127.012849,""alt"":100},""targetSpeed"":36,""seq"":3}","{""phase"":""E"",""startLLA"":{""lat"":37.489331,""lon"":127.012849,""alt"":100},""endLLA"":{""lat"":37.471285,""lon"":126.985745,""alt"":281.55},""targetSpeed"":51.4,""seq"":4}","{""phase"":""E"",""startLLA"":{""lat"":37.471285,""lon"":126.985745,""alt"":281.55},""endLLA"":{""lat"":37.473124,""lon"":126.981806,""alt"":305},""targetSpeed"":51.4,""seq"":5}","{""phase"":""F"",""startLLA"":{""lat"":37.473124,""lon"":126.981806,""alt"":305},""endLLA"":{""lat"":37.492877,""lon"":126.93949,""alt"":305},""targetSpeed"":51.4,""seq"":6}","{""phase"":""F"",""startLLA"":{""lat"":37.492877,""lon"":126.93949,""alt"":305},""endLLA"":{""lat"":37.492284,""lon"":126.929979,""alt"":305},""targetSpeed"":51.4,""seq"":7}","{""phase"":""G"",""startLLA"":{""lat"":37.492284,""lon"":126.929979,""alt"":305},""endLLA"":{""lat"":37.489798,""lon"":126.890147,""alt"":100},""targetSpeed"":36,""seq"":8}","{""phase"":""I"",""startLLA"":{""lat"":37.489798,""lon"":126.890147,""alt"":100},""endLLA"":{""lat"":37.489091,""lon"":126.878809,""alt"":15},""targetSpeed"":30,""seq"":9}","{""phase"":""J"",""startLLA"":{""lat"":37.489091,""lon"":126.878809,""alt"":15},""endLLA"":{""lat"":37.489091,""lon"":126.878809,""alt"":0},""targetSpeed"":10,""seq"":10}","{""phase"":""K"",""startLLA"":{""lat"":37.489091,""lon"":126.878809,""alt"":0},""endLLA"":{""lat"":37.489091,""lon"":126.878809,""alt"":0},""targetSpeed"":3,""seq"":11}",,,,,,,,,,
98f166edc22f,2026-07-11,FPL1306013,UAM0058,a2,2,2,1,강남,강남,미아,미아,17,G4,F2,G8,F4,17:56:04,18:04:29,18:12:49,18:20:17,18:30:17,505.71,499.83,447.81,1453.36,0,99.16,ready,강남 > 청담대교 중간지점 > 건대입구 > 중랑천 제방길 > 상봉 > 월릉교 > 미아,19.77,14,"{""phase"":""A"",""startLLA"":{""lat"":37.496291,""lon"":127.023303,""alt"":0},""endLLA"":{""lat"":37.496291,""lon"":127.023303,""alt"":0},""targetSpeed"":3,""seq"":1}","{""phase"":""B"",""startLLA"":{""lat"":37.496291,""lon"":127.023303,""alt"":0},""endLLA"":{""lat"":37.496291,""lon"":127.023303,""alt"":15},""targetSpeed"":10,""seq"":2}","{""phase"":""C"",""startLLA"":{""lat"":37.496291,""lon"":127.023303,""alt"":15},""endLLA"":{""lat"":37.503643,""lon"":127.033311,""alt"":100},""targetSpeed"":36,""seq"":3}","{""phase"":""E"",""startLLA"":{""lat"":37.503643,""lon"":127.033311,""alt"":100},""endLLA"":{""lat"":37.525166,""lon"":127.062612,""alt"":305},""targetSpeed"":51.4,""seq"":4}","{""phase"":""F"",""startLLA"":{""lat"":37.525166,""lon"":127.062612,""alt"":305},""endLLA"":{""lat"":37.526451,""lon"":127.064361,""alt"":305},""targetSpeed"":51.4,""seq"":5}","{""phase"":""F"",""startLLA"":{""lat"":37.526451,""lon"":127.064361,""alt"":305},""endLLA"":{""lat"":37.540426,""lon"":127.069298,""alt"":305},""targetSpeed"":51.4,""seq"":6}","{""phase"":""F"",""startLLA"":{""lat"":37.540426,""lon"":127.069298,""alt"":305},""endLLA"":{""lat"":37.580774,""lon"":127.077387,""alt"":305},""targetSpeed"":51.4,""seq"":7}","{""phase"":""F"",""startLLA"":{""lat"":37.580774,""lon"":127.077387,""alt"":305},""endLLA"":{""lat"":37.596919,""lon"":127.084854,""alt"":305},""targetSpeed"":51.4,""seq"":8}","{""phase"":""F"",""startLLA"":{""lat"":37.596919,""lon"":127.084854,""alt"":305},""endLLA"":{""lat"":37.614364,""lon"":127.072717,""alt"":305},""targetSpeed"":51.4,""seq"":9}","{""phase"":""G"",""startLLA"":{""lat"":37.614364,""lon"":127.072717,""alt"":305},""endLLA"":{""lat"":37.616266,""lon"":127.071394,""alt"":290.95},""targetSpeed"":36,""seq"":10}","{""phase"":""G"",""startLLA"":{""lat"":37.616266,""lon"":127.071394,""alt"":290.95},""endLLA"":{""lat"":37.626944,""lon"":127.036666,""alt"":100},""targetSpeed"":36,""seq"":11}","{""phase"":""I"",""startLLA"":{""lat"":37.626944,""lon"":127.036666,""alt"":100},""endLLA"":{""lat"":37.630207,""lon"":127.026053,""alt"":15},""targetSpeed"":30,""seq"":12}","{""phase"":""J"",""startLLA"":{""lat"":37.630207,""lon"":127.026053,""alt"":15},""endLLA"":{""lat"":37.630207,""lon"":127.026053,""alt"":0},""targetSpeed"":10,""seq"":13}","{""phase"":""K"",""startLLA"":{""lat"":37.630207,""lon"":127.026053,""alt"":0},""endLLA"":{""lat"":37.630207,""lon"":127.026053,""alt"":0},""targetSpeed"":3,""seq"":14}",,,,,,,
98f166edc22f,2026-07-11,FPL1305036,UAM0010,a2,2,2,1,강남,강남,목동,목동,17,G5,F1,G4,F3,17:56:16,18:05:29,18:11:44,18:18:34,18:28:34,553.57,374.99,410,1338.56,137.86,19.71,ready,강남 > 이수고가차로 > 상도터널 > 63빌딩 > 서강대교 중간지점 > 선유도 17고지 > 목동,15.4931,14,"{""phase"":""A"",""startLLA"":{""lat"":37.496291,""lon"":127.023303,""alt"":0},""endLLA"":{""lat"":37.496291,""lon"":127.023303,""alt"":0},""targetSpeed"":3,""seq"":1}","{""phase"":""B"",""startLLA"":{""lat"":37.496291,""lon"":127.023303,""alt"":0},""endLLA"":{""lat"":37.496291,""lon"":127.023303,""alt"":15},""targetSpeed"":10,""seq"":2}","{""phase"":""C"",""startLLA"":{""lat"":37.496291,""lon"":127.023303,""alt"":15},""endLLA"":{""lat"":37.496789,""lon"":127.009673,""alt"":100},""targetSpeed"":36,""seq"":3}","{""phase"":""E"",""startLLA"":{""lat"":37.496789,""lon"":127.009673,""alt"":100},""endLLA"":{""lat"":37.497738,""lon"":126.983721,""alt"":233.33},""targetSpeed"":51.4,""seq"":4}","{""phase"":""E"",""startLLA"":{""lat"":37.497738,""lon"":126.983721,""alt"":233.33},""endLLA"":{""lat"":37.50217,""lon"":126.970921,""alt"":305},""targetSpeed"":51.4,""seq"":5}","{""phase"":""F"",""startLLA"":{""lat"":37.50217,""lon"":126.970921,""alt"":305},""endLLA"":{""lat"":37.508684,""lon"":126.95211,""alt"":305},""targetSpeed"":51.4,""seq"":6}","{""phase"":""F"",""startLLA"":{""lat"":37.508684,""lon"":126.95211,""alt"":305},""endLLA"":{""lat"":37.519378,""lon"":126.94021,""alt"":305},""targetSpeed"":51.4,""seq"":7}","{""phase"":""F"",""startLLA"":{""lat"":37.519378,""lon"":126.94021,""alt"":305},""endLLA"":{""lat"":37.536949,""lon"":126.924908,""alt"":305},""targetSpeed"":51.4,""seq"":8}","{""phase"":""F"",""startLLA"":{""lat"":37.536949,""lon"":126.924908,""alt"":305},""endLLA"":{""lat"":37.538128,""lon"":126.919977,""alt"":305},""targetSpeed"":51.4,""seq"":9}","{""phase"":""G"",""startLLA"":{""lat"":37.538128,""lon"":126.919977,""alt"":305},""endLLA"":{""lat"":37.542307,""lon"":126.90249,""alt"":211.32},""targetSpeed"":36,""seq"":10}","{""phase"":""G"",""startLLA"":{""lat"":37.542307,""lon"":126.90249,""alt"":211.32},""endLLA"":{""lat"":37.531833,""lon"":126.88527,""alt"":100},""targetSpeed"":36,""seq"":11}","{""phase"":""I"",""startLLA"":{""lat"":37.531833,""lon"":126.88527,""alt"":100},""endLLA"":{""lat"":37.526343,""lon"":126.876243,""alt"":15},""targetSpeed"":30,""seq"":12}","{""phase"":""J"",""startLLA"":{""lat"":37.526343,""lon"":126.876243,""alt"":15},""endLLA"":{""lat"":37.526343,""lon"":126.876243,""alt"":0},""targetSpeed"":10,""seq"":13}","{""phase"":""K"",""startLLA"":{""lat"":37.526343,""lon"":126.876243,""alt"":0},""endLLA"":{""lat"":37.526343,""lon"":126.876243,""alt"":0},""targetSpeed"":3,""seq"":14}",,,,,,,
98f166edc22f,2026-07-11,FPL1306014,UAM0042,a2,2,2,1,강남,강남,미아,미아,17,G3,F2,G5,F4,17:59:41,18:09:55,18:17:15,18:26:13,18:36:13,614.43,439.83,537.81,1592.07,138.71,39.16,ready,강남 > 청담대교 중간지점 > 건대입구 > 중랑천 제방길 > 상봉 > 월릉교 > 미아,19.77,14,"{""phase"":""A"",""startLLA"":{""lat"":37.496291,""lon"":127.023303,""alt"":0},""endLLA"":{""lat"":37.496291,""lon"":127.023303,""alt"":0},""targetSpeed"":3,""seq"":1}","{""phase"":""B"",""startLLA"":{""lat"":37.496291,""lon"":127.023303,""alt"":0},""endLLA"":{""lat"":37.496291,""lon"":127.023303,""alt"":15},""targetSpeed"":10,""seq"":2}","{""phase"":""C"",""startLLA"":{""lat"":37.496291,""lon"":127.023303,""alt"":15},""endLLA"":{""lat"":37.503643,""lon"":127.033311,""alt"":100},""targetSpeed"":36,""seq"":3}","{""phase"":""E"",""startLLA"":{""lat"":37.503643,""lon"":127.033311,""alt"":100},""endLLA"":{""lat"":37.525166,""lon"":127.062612,""alt"":305},""targetSpeed"":51.4,""seq"":4}","{""phase"":""F"",""startLLA"":{""lat"":37.525166,""lon"":127.062612,""alt"":305},""endLLA"":{""lat"":37.526451,""lon"":127.064361,""alt"":305},""targetSpeed"":51.4,""seq"":5}","{""phase"":""F"",""startLLA"":{""lat"":37.526451,""lon"":127.064361,""alt"":305},""endLLA"":{""lat"":37.540426,""lon"":127.069298,""alt"":305},""targetSpeed"":51.4,""seq"":6}","{""phase"":""F"",""startLLA"":{""lat"":37.540426,""lon"":127.069298,""alt"":305},""endLLA"":{""lat"":37.580774,""lon"":127.077387,""alt"":305},""targetSpeed"":51.4,""seq"":7}","{""phase"":""F"",""startLLA"":{""lat"":37.580774,""lon"":127.077387,""alt"":305},""endLLA"":{""lat"":37.596919,""lon"":127.084854,""alt"":305},""targetSpeed"":51.4,""seq"":8}","{""phase"":""F"",""startLLA"":{""lat"":37.596919,""lon"":127.084854,""alt"":305},""endLLA"":{""lat"":37.614364,""lon"":127.072717,""alt"":305},""targetSpeed"":51.4,""seq"":9}","{""phase"":""G"",""startLLA"":{""lat"":37.614364,""lon"":127.072717,""alt"":305},""endLLA"":{""lat"":37.616266,""lon"":127.071394,""alt"":290.95},""targetSpeed"":36,""seq"":10}","{""phase"":""G"",""startLLA"":{""lat"":37.616266,""lon"":127.071394,""alt"":290.95},""endLLA"":{""lat"":37.626944,""lon"":127.036666,""alt"":100},""targetSpeed"":36,""seq"":11}","{""phase"":""I"",""startLLA"":{""lat"":37.626944,""lon"":127.036666,""alt"":100},""endLLA"":{""lat"":37.630207,""lon"":127.026053,""alt"":15},""targetSpeed"":30,""seq"":12}","{""phase"":""J"",""startLLA"":{""lat"":37.630207,""lon"":127.026053,""alt"":15},""endLLA"":{""lat"":37.630207,""lon"":127.026053,""alt"":0},""targetSpeed"":10,""seq"":13}","{""phase"":""K"",""startLLA"":{""lat"":37.630207,""lon"":127.026053,""alt"":0},""endLLA"":{""lat"":37.630207,""lon"":127.026053,""alt"":0},""targetSpeed"":3,""seq"":14}",,,,,,,
98f166edc22f,2026-07-11,FPL1311035,UAM0023,a8,8,8,1,강남,강남,천호,천호,18,G7,F1,G3,F3,18:01:02,18:10:55,18:15:18,18:22:38,18:32:38,593.29,263.39,440,1296.68,117.57,0,ready,강남 > 청담대교 중간지점 > 잠실대교 중간지점 > 천호,10.7701,11,"{""phase"":""A"",""startLLA"":{""lat"":37.496291,""lon"":127.023303,""alt"":0},""endLLA"":{""lat"":37.496291,""lon"":127.023303,""alt"":0},""targetSpeed"":3,""seq"":1}","{""phase"":""B"",""startLLA"":{""lat"":37.496291,""lon"":127.023303,""alt"":0},""endLLA"":{""lat"":37.496291,""lon"":127.023303,""alt"":15},""targetSpeed"":10,""seq"":2}","{""phase"":""C"",""startLLA"":{""lat"":37.496291,""lon"":127.023303,""alt"":15},""endLLA"":{""lat"":37.503645,""lon"":127.033315,""alt"":100},""targetSpeed"":36,""seq"":3}","{""phase"":""E"",""startLLA"":{""lat"":37.503645,""lon"":127.033315,""alt"":100},""endLLA"":{""lat"":37.525177,""lon"":127.062626,""alt"":305},""targetSpeed"":51.4,""seq"":4}","{""phase"":""F"",""startLLA"":{""lat"":37.525177,""lon"":127.062626,""alt"":305},""endLLA"":{""lat"":37.526451,""lon"":127.064361,""alt"":305},""targetSpeed"":51.4,""seq"":5}","{""phase"":""F"",""startLLA"":{""lat"":37.526451,""lon"":127.064361,""alt"":305},""endLLA"":{""lat"":37.52529,""lon"":127.079002,""alt"":305},""targetSpeed"":51.4,""seq"":6}","{""phase"":""G"",""startLLA"":{""lat"":37.52529,""lon"":127.079002,""alt"":305},""endLLA"":{""lat"":37.524288,""lon"":127.091639,""alt"":239.84},""targetSpeed"":36,""seq"":7}","{""phase"":""G"",""startLLA"":{""lat"":37.524288,""lon"":127.091639,""alt"":239.84},""endLLA"":{""lat"":37.539419,""lon"":127.111107,""alt"":100},""targetSpeed"":36,""seq"":8}","{""phase"":""I"",""startLLA"":{""lat"":37.539419,""lon"":127.111107,""alt"":100},""endLLA"":{""lat"":37.545733,""lon"":127.11923,""alt"":15},""targetSpeed"":30,""seq"":9}","{""phase"":""J"",""startLLA"":{""lat"":37.545733,""lon"":127.11923,""alt"":15},""endLLA"":{""lat"":37.545733,""lon"":127.11923,""alt"":0},""targetSpeed"":10,""seq"":10}","{""phase"":""K"",""startLLA"":{""lat"":37.545733,""lon"":127.11923,""alt"":0},""endLLA"":{""lat"":37.545733,""lon"":127.11923,""alt"":0},""targetSpeed"":3,""seq"":11}",,,,,,,,,,
98f166edc22f,2026-07-11,FPL1303017,UAM0123,a4,4,4,1,강남,강남,상암,상암,18,G8,F1,G3,F4,18:11:02,18:19:27,18:25:14,18:32:34,18:42:34,505.71,346.64,440,1292.35,0,0,ready,강남 > 이수고가차로 > 상도터널 > 63빌딩 > 서강대교 중간지점 > 선유도 17고지 > 상암,15.0491,14,"{""phase"":""A"",""startLLA"":{""lat"":37.496291,""lon"":127.023303,""alt"":0},""endLLA"":{""lat"":37.496291,""lon"":127.023303,""alt"":0},""targetSpeed"":3,""seq"":1}","{""phase"":""B"",""startLLA"":{""lat"":37.496291,""lon"":127.023303,""alt"":0},""endLLA"":{""lat"":37.496291,""lon"":127.023303,""alt"":15},""targetSpeed"":10,""seq"":2}","{""phase"":""C"",""startLLA"":{""lat"":37.496291,""lon"":127.023303,""alt"":15},""endLLA"":{""lat"":37.496789,""lon"":127.009673,""alt"":100},""targetSpeed"":36,""seq"":3}","{""phase"":""E"",""startLLA"":{""lat"":37.496789,""lon"":127.009673,""alt"":100},""endLLA"":{""lat"":37.497738,""lon"":126.983721,""alt"":233.33},""targetSpeed"":51.4,""seq"":4}","{""phase"":""E"",""startLLA"":{""lat"":37.497738,""lon"":126.983721,""alt"":233.33},""endLLA"":{""lat"":37.50217,""lon"":126.970921,""alt"":305},""targetSpeed"":51.4,""seq"":5}","{""phase"":""F"",""startLLA"":{""lat"":37.50217,""lon"":126.970921,""alt"":305},""endLLA"":{""lat"":37.508684,""lon"":126.95211,""alt"":305},""targetSpeed"":51.4,""seq"":6}","{""phase"":""F"",""startLLA"":{""lat"":37.508684,""lon"":126.95211,""alt"":305},""endLLA"":{""lat"":37.519378,""lon"":126.94021,""alt"":305},""targetSpeed"":51.4,""seq"":7}","{""phase"":""F"",""startLLA"":{""lat"":37.519378,""lon"":126.94021,""alt"":305},""endLLA"":{""lat"":37.536949,""lon"":126.924908,""alt"":305},""targetSpeed"":51.4,""seq"":8}","{""phase"":""F"",""startLLA"":{""lat"":37.536949,""lon"":126.924908,""alt"":305},""endLLA"":{""lat"":37.536976,""lon"":126.924795,""alt"":305},""targetSpeed"":51.4,""seq"":9}","{""phase"":""G"",""startLLA"":{""lat"":37.536976,""lon"":126.924795,""alt"":305},""endLLA"":{""lat"":37.542307,""lon"":126.90249,""alt"":185.51},""targetSpeed"":36,""seq"":10}","{""phase"":""G"",""startLLA"":{""lat"":37.542307,""lon"":126.90249,""alt"":185.51},""endLLA"":{""lat"":37.55418,""lon"":126.895159,""alt"":100},""targetSpeed"":36,""seq"":11}","{""phase"":""I"",""startLLA"":{""lat"":37.55418,""lon"":126.895159,""alt"":100},""endLLA"":{""lat"":37.562282,""lon"":126.890156,""alt"":15},""targetSpeed"":30,""seq"":12}","{""phase"":""J"",""startLLA"":{""lat"":37.562282,""lon"":126.890156,""alt"":15},""endLLA"":{""lat"":37.562282,""lon"":126.890156,""alt"":0},""targetSpeed"":10,""seq"":13}","{""phase"":""K"",""startLLA"":{""lat"":37.562282,""lon"":126.890156,""alt"":0},""endLLA"":{""lat"":37.562282,""lon"":126.890156,""alt"":0},""targetSpeed"":3,""seq"":14}",,,,,,,
98f166edc22f,2026-07-11,FPL1310017,UAM0109,a6,6,6,1,강남,강남,연신내,연신내,18,G2,F2,G2,F3,18:12:42,18:20:07,18:29:29,18:37:19,18:47:19,445.71,562.04,470,1477.76,0,78.24,ready,강남 > 이수고가차로 > 상도터널 > 63빌딩 > 서강대교 중간지점 > 선유도 17고지 > 성산대교 중간지점 > 수색교 > 연신내,22.0994,16,"{""phase"":""A"",""startLLA"":{""lat"":37.496291,""lon"":127.023303,""alt"":0},""endLLA"":{""lat"":37.496291,""lon"":127.023303,""alt"":0},""targetSpeed"":3,""seq"":1}","{""phase"":""B"",""startLLA"":{""lat"":37.496291,""lon"":127.023303,""alt"":0},""endLLA"":{""lat"":37.496291,""lon"":127.023303,""alt"":15},""targetSpeed"":10,""seq"":2}","{""phase"":""C"",""startLLA"":{""lat"":37.496291,""lon"":127.023303,""alt"":15},""endLLA"":{""lat"":37.496789,""lon"":127.009676,""alt"":100},""targetSpeed"":36,""seq"":3}","{""phase"":""E"",""startLLA"":{""lat"":37.496789,""lon"":127.009676,""alt"":100},""endLLA"":{""lat"":37.497738,""lon"":126.983721,""alt"":233.37},""targetSpeed"":51.4,""seq"":4}","{""phase"":""E"",""startLLA"":{""lat"":37.497738,""lon"":126.983721,""alt"":233.37},""endLLA"":{""lat"":37.502167,""lon"":126.970929,""alt"":305},""targetSpeed"":51.4,""seq"":5}","{""phase"":""F"",""startLLA"":{""lat"":37.502167,""lon"":126.970929,""alt"":305},""endLLA"":{""lat"":37.508684,""lon"":126.95211,""alt"":305},""targetSpeed"":51.4,""seq"":6}","{""phase"":""F"",""startLLA"":{""lat"":37.508684,""lon"":126.95211,""alt"":305},""endLLA"":{""lat"":37.519378,""lon"":126.94021,""alt"":305},""targetSpeed"":51.4,""seq"":7}","{""phase"":""F"",""startLLA"":{""lat"":37.519378,""lon"":126.94021,""alt"":305},""endLLA"":{""lat"":37.536949,""lon"":126.924908,""alt"":305},""targetSpeed"":51.4,""seq"":8}","{""phase"":""F"",""startLLA"":{""lat"":37.536949,""lon"":126.924908,""alt"":305},""endLLA"":{""lat"":37.542307,""lon"":126.90249,""alt"":305},""targetSpeed"":51.4,""seq"":9}","{""phase"":""F"",""startLLA"":{""lat"":37.542307,""lon"":126.90249,""alt"":305},""endLLA"":{""lat"":37.552574,""lon"":126.891431,""alt"":305},""targetSpeed"":51.4,""seq"":10}","{""phase"":""F"",""startLLA"":{""lat"":37.552574,""lon"":126.891431,""alt"":305},""endLLA"":{""lat"":37.583699,""lon"":126.886697,""alt"":305},""targetSpeed"":51.4,""seq"":11}","{""phase"":""G"",""startLLA"":{""lat"":37.583699,""lon"":126.886697,""alt"":305},""endLLA"":{""lat"":37.586283,""lon"":126.886304,""alt"":288.16},""targetSpeed"":36,""seq"":12}","{""phase"":""G"",""startLLA"":{""lat"":37.586283,""lon"":126.886304,""alt"":288.16},""endLLA"":{""lat"":37.60526,""lon"":126.914121,""alt"":100},""targetSpeed"":36,""seq"":13}","{""phase"":""I"",""startLLA"":{""lat"":37.60526,""lon"":126.914121,""alt"":100},""endLLA"":{""lat"":37.611145,""lon"":126.922747,""alt"":15},""targetSpeed"":30,""seq"":14}","{""phase"":""J"",""startLLA"":{""lat"":37.611145,""lon"":126.922747,""alt"":15},""endLLA"":{""lat"":37.611145,""lon"":126.922747,""alt"":0},""targetSpeed"":10,""seq"":15}","{""phase"":""K"",""startLLA"":{""lat"":37.611145,""lon"":126.922747,""alt"":0},""endLLA"":{""lat"":37.611145,""lon"":126.922747,""alt"":0},""targetSpeed"":3,""seq"":16}",,,,,
98f166edc22f,2026-07-11,FPL1316017,UAM0053,a6,6,6,1,강남,강남,망우,망우,18,G6,F1,G3,F4,18:16:28,18:24:53,18:30:00,18:37:20,18:47:20,505.43,306.63,440,1252.06,59.71,0,ready,강남 > 청담대교 중간지점 > 건대입구 > 망우,12.9927,11,"{""phase"":""A"",""startLLA"":{""lat"":37.496291,""lon"":127.023303,""alt"":0},""endLLA"":{""lat"":37.496291,""lon"":127.023303,""alt"":0},""targetSpeed"":3,""seq"":1}","{""phase"":""B"",""startLLA"":{""lat"":37.496291,""lon"":127.023303,""alt"":0},""endLLA"":{""lat"":37.496291,""lon"":127.023303,""alt"":15},""targetSpeed"":10,""seq"":2}","{""phase"":""C"",""startLLA"":{""lat"":37.496291,""lon"":127.023303,""alt"":15},""endLLA"":{""lat"":37.503645,""lon"":127.033314,""alt"":100},""targetSpeed"":36,""seq"":3}","{""phase"":""E"",""startLLA"":{""lat"":37.503645,""lon"":127.033314,""alt"":100},""endLLA"":{""lat"":37.525174,""lon"":127.062622,""alt"":305},""targetSpeed"":51.4,""seq"":4}","{""phase"":""F"",""startLLA"":{""lat"":37.525174,""lon"":127.062622,""alt"":305},""endLLA"":{""lat"":37.526451,""lon"":127.064361,""alt"":305},""targetSpeed"":51.4,""seq"":5}","{""phase"":""F"",""startLLA"":{""lat"":37.526451,""lon"":127.064361,""alt"":305},""endLLA"":{""lat"":37.540426,""lon"":127.069298,""alt"":305},""targetSpeed"":51.4,""seq"":6}","{""phase"":""F"",""startLLA"":{""lat"":37.540426,""lon"":127.069298,""alt"":305},""endLLA"":{""lat"":37.55715,""lon"":127.073903,""alt"":305},""targetSpeed"":51.4,""seq"":7}","{""phase"":""G"",""startLLA"":{""lat"":37.55715,""lon"":127.073903,""alt"":305},""endLLA"":{""lat"":37.588107,""lon"":127.082428,""alt"":100},""targetSpeed"":36,""seq"":8}","{""phase"":""I"",""startLLA"":{""lat"":37.588107,""lon"":127.082428,""alt"":100},""endLLA"":{""lat"":37.596919,""lon"":127.084854,""alt"":15},""targetSpeed"":30,""seq"":9}","{""phase"":""J"",""startLLA"":{""lat"":37.596919,""lon"":127.084854,""alt"":15},""endLLA"":{""lat"":37.596919,""lon"":127.084854,""alt"":0},""targetSpeed"":10,""seq"":10}","{""phase"":""K"",""startLLA"":{""lat"":37.596919,""lon"":127.084854,""alt"":0},""endLLA"":{""lat"":37.596919,""lon"":127.084854,""alt"":0},""targetSpeed"":3,""seq"":11}",,,,,,,,,,
98f166edc22f,2026-07-11,FPL1314026,UAM0122,a2,2,2,1,강남,강남,가산,가산,18,G4,F2,G2,F4,18:19:07,18:27:32,18:33:07,18:40:57,18:50:57,505.71,334.77,470,1310.48,0,0,ready,강남 > 채석장 > 180고지 > 가산,14.4391,11,"{""phase"":""A"",""startLLA"":{""lat"":37.496291,""lon"":127.023303,""alt"":0},""endLLA"":{""lat"":37.496291,""lon"":127.023303,""alt"":0},""targetSpeed"":3,""seq"":1}","{""phase"":""B"",""startLLA"":{""lat"":37.496291,""lon"":127.023303,""alt"":0},""endLLA"":{""lat"":37.496291,""lon"":127.023303,""alt"":15},""targetSpeed"":10,""seq"":2}","{""phase"":""C"",""startLLA"":{""lat"":37.496291,""lon"":127.023303,""alt"":15},""endLLA"":{""lat"":37.489331,""lon"":127.012849,""alt"":100},""targetSpeed"":36,""seq"":3}","{""phase"":""E"",""startLLA"":{""lat"":37.489331,""lon"":127.012849,""alt"":100},""endLLA"":{""lat"":37.471285,""lon"":126.985745,""alt"":281.55},""targetSpeed"":51.4,""seq"":4}","{""phase"":""E"",""startLLA"":{""lat"":37.471285,""lon"":126.985745,""alt"":281.55},""endLLA"":{""lat"":37.473124,""lon"":126.981806,""alt"":305},""targetSpeed"":51.4,""seq"":5}","{""phase"":""F"",""startLLA"":{""lat"":37.473124,""lon"":126.981806,""alt"":305},""endLLA"":{""lat"":37.492877,""lon"":126.93949,""alt"":305},""targetSpeed"":51.4,""seq"":6}","{""phase"":""F"",""startLLA"":{""lat"":37.492877,""lon"":126.93949,""alt"":305},""endLLA"":{""lat"":37.492284,""lon"":126.929979,""alt"":305},""targetSpeed"":51.4,""seq"":7}","{""phase"":""G"",""startLLA"":{""lat"":37.492284,""lon"":126.929979,""alt"":305},""endLLA"":{""lat"":37.489798,""lon"":126.890147,""alt"":100},""targetSpeed"":36,""seq"":8}","{""phase"":""I"",""startLLA"":{""lat"":37.489798,""lon"":126.890147,""alt"":100},""endLLA"":{""lat"":37.489091,""lon"":126.878809,""alt"":15},""targetSpeed"":30,""seq"":9}","{""phase"":""J"",""startLLA"":{""lat"":37.489091,""lon"":126.878809,""alt"":15},""endLLA"":{""lat"":37.489091,""lon"":126.878809,""alt"":0},""targetSpeed"":10,""seq"":10}","{""phase"":""K"",""startLLA"":{""lat"":37.489091,""lon"":126.878809,""alt"":0},""endLLA"":{""lat"":37.489091,""lon"":126.878809,""alt"":0},""targetSpeed"":3,""seq"":11}",,,,,,,,,,
98f166edc22f,2026-07-11,FPL1315025,UAM0124,a4,4,4,1,강남,강남,마곡,마곡,18,G3,F1,G6,F4,18:26:59,18:34:54,18:49:13,18:57:03,19:07:03,475.71,858.86,470,1804.58,0,59.86,ready,강남 > 이수고가차로 > 상도터널 > 63빌딩 > 서강대교 중간지점 > 선유도 17고지 > 성산대교 중간지점 > 가양대교 남단 > 마곡,23.493,16,"{""phase"":""A"",""startLLA"":{""lat"":37.496291,""lon"":127.023303,""alt"":0},""endLLA"":{""lat"":37.496291,""lon"":127.023303,""alt"":0},""targetSpeed"":3,""seq"":1}","{""phase"":""B"",""startLLA"":{""lat"":37.496291,""lon"":127.023303,""alt"":0},""endLLA"":{""lat"":37.496291,""lon"":127.023303,""alt"":15},""targetSpeed"":10,""seq"":2}","{""phase"":""C"",""startLLA"":{""lat"":37.496291,""lon"":127.023303,""alt"":15},""endLLA"":{""lat"":37.496789,""lon"":127.009676,""alt"":100},""targetSpeed"":36,""seq"":3}","{""phase"":""E"",""startLLA"":{""lat"":37.496789,""lon"":127.009676,""alt"":100},""endLLA"":{""lat"":37.497738,""lon"":126.983721,""alt"":233.37},""targetSpeed"":51.4,""seq"":4}","{""phase"":""E"",""startLLA"":{""lat"":37.497738,""lon"":126.983721,""alt"":233.37},""endLLA"":{""lat"":37.502167,""lon"":126.970931,""alt"":305},""targetSpeed"":51.4,""seq"":5}","{""phase"":""F"",""startLLA"":{""lat"":37.502167,""lon"":126.970931,""alt"":305},""endLLA"":{""lat"":37.508684,""lon"":126.95211,""alt"":305},""targetSpeed"":51.4,""seq"":6}","{""phase"":""F"",""startLLA"":{""lat"":37.508684,""lon"":126.95211,""alt"":305},""endLLA"":{""lat"":37.519378,""lon"":126.94021,""alt"":305},""targetSpeed"":51.4,""seq"":7}","{""phase"":""F"",""startLLA"":{""lat"":37.519378,""lon"":126.94021,""alt"":305},""endLLA"":{""lat"":37.536949,""lon"":126.924908,""alt"":305},""targetSpeed"":51.4,""seq"":8}","{""phase"":""F"",""startLLA"":{""lat"":37.536949,""lon"":126.924908,""alt"":305},""endLLA"":{""lat"":37.542307,""lon"":126.90249,""alt"":305},""targetSpeed"":51.4,""seq"":9}","{""phase"":""F"",""startLLA"":{""lat"":37.542307,""lon"":126.90249,""alt"":305},""endLLA"":{""lat"":37.552574,""lon"":126.891431,""alt"":305},""targetSpeed"":51.4,""seq"":10}","{""phase"":""F"",""startLLA"":{""lat"":37.552574,""lon"":126.891431,""alt"":305},""endLLA"":{""lat"":37.569391,""lon"":126.861026,""alt"":305},""targetSpeed"":51.4,""seq"":11}","{""phase"":""F"",""startLLA"":{""lat"":37.569391,""lon"":126.861026,""alt"":305},""endLLA"":{""lat"":37.567855,""lon"":126.842867,""alt"":305},""targetSpeed"":51.4,""seq"":12}","{""phase"":""G"",""startLLA"":{""lat"":37.567855,""lon"":126.842867,""alt"":305},""endLLA"":{""lat"":37.564492,""lon"":126.803119,""alt"":100},""targetSpeed"":36,""seq"":13}","{""phase"":""I"",""startLLA"":{""lat"":37.564492,""lon"":126.803119,""alt"":100},""endLLA"":{""lat"":37.563535,""lon"":126.791805,""alt"":15},""targetSpeed"":30,""seq"":14}","{""phase"":""J"",""startLLA"":{""lat"":37.563535,""lon"":126.791805,""alt"":15},""endLLA"":{""lat"":37.563535,""lon"":126.791805,""alt"":0},""targetSpeed"":10,""seq"":15}","{""phase"":""K"",""startLLA"":{""lat"":37.563535,""lon"":126.791805,""alt"":0},""endLLA"":{""lat"":37.563535,""lon"":126.791805,""alt"":0},""targetSpeed"":3,""seq"":16}",,,,,
98f166edc22f,2026-07-11,FPL1306015,UAM0065,a2,2,2,1,강남,강남,미아,미아,18,G7,F2,G3,F3,18:27:39,18:35:34,18:42:53,18:50:13,19:00:13,475.71,438.49,440,1354.2,0,0,ready,강남 > 청담대교 중간지점 > 건대입구 > 중랑천 제방길 > 상봉 > 월릉교 > 미아,19.77,14,"{""phase"":""A"",""startLLA"":{""lat"":37.496291,""lon"":127.023303,""alt"":0},""endLLA"":{""lat"":37.496291,""lon"":127.023303,""alt"":0},""targetSpeed"":3,""seq"":1}","{""phase"":""B"",""startLLA"":{""lat"":37.496291,""lon"":127.023303,""alt"":0},""endLLA"":{""lat"":37.496291,""lon"":127.023303,""alt"":15},""targetSpeed"":10,""seq"":2}","{""phase"":""C"",""startLLA"":{""lat"":37.496291,""lon"":127.023303,""alt"":15},""endLLA"":{""lat"":37.503643,""lon"":127.033311,""alt"":100},""targetSpeed"":36,""seq"":3}","{""phase"":""E"",""startLLA"":{""lat"":37.503643,""lon"":127.033311,""alt"":100},""endLLA"":{""lat"":37.525166,""lon"":127.062612,""alt"":305},""targetSpeed"":51.4,""seq"":4}","{""phase"":""F"",""startLLA"":{""lat"":37.525166,""lon"":127.062612,""alt"":305},""endLLA"":{""lat"":37.526451,""lon"":127.064361,""alt"":305},""targetSpeed"":51.4,""seq"":5}","{""phase"":""F"",""startLLA"":{""lat"":37.526451,""lon"":127.064361,""alt"":305},""endLLA"":{""lat"":37.540426,""lon"":127.069298,""alt"":305},""targetSpeed"":51.4,""seq"":6}","{""phase"":""F"",""startLLA"":{""lat"":37.540426,""lon"":127.069298,""alt"":305},""endLLA"":{""lat"":37.580774,""lon"":127.077387,""alt"":305},""targetSpeed"":51.4,""seq"":7}","{""phase"":""F"",""startLLA"":{""lat"":37.580774,""lon"":127.077387,""alt"":305},""endLLA"":{""lat"":37.596919,""lon"":127.084854,""alt"":305},""targetSpeed"":51.4,""seq"":8}","{""phase"":""F"",""startLLA"":{""lat"":37.596919,""lon"":127.084854,""alt"":305},""endLLA"":{""lat"":37.614364,""lon"":127.072717,""alt"":305},""targetSpeed"":51.4,""seq"":9}","{""phase"":""G"",""startLLA"":{""lat"":37.614364,""lon"":127.072717,""alt"":305},""endLLA"":{""lat"":37.616266,""lon"":127.071394,""alt"":290.95},""targetSpeed"":36,""seq"":10}","{""phase"":""G"",""startLLA"":{""lat"":37.616266,""lon"":127.071394,""alt"":290.95},""endLLA"":{""lat"":37.626944,""lon"":127.036666,""alt"":100},""targetSpeed"":36,""seq"":11}","{""phase"":""I"",""startLLA"":{""lat"":37.626944,""lon"":127.036666,""alt"":100},""endLLA"":{""lat"":37.630207,""lon"":127.026053,""alt"":15},""targetSpeed"":30,""seq"":12}","{""phase"":""J"",""startLLA"":{""lat"":37.630207,""lon"":127.026053,""alt"":15},""endLLA"":{""lat"":37.630207,""lon"":127.026053,""alt"":0},""targetSpeed"":10,""seq"":13}","{""phase"":""K"",""startLLA"":{""lat"":37.630207,""lon"":127.026053,""alt"":0},""endLLA"":{""lat"":37.630207,""lon"":127.026053,""alt"":0},""targetSpeed"":3,""seq"":14}",,,,,,,
98f166edc22f,2026-07-11,FPL1314027,UAM0136,a8,8,8,1,강남,강남,가산,가산,18,G8,F1,G7,F4,18:34:26,18:43:52,18:49:27,18:56:47,19:06:47,566.42,334.77,440,1341.19,60.71,0,ready,강남 > 채석장 > 180고지 > 가산,14.4391,11,"{""phase"":""A"",""startLLA"":{""lat"":37.496291,""lon"":127.023303,""alt"":0},""endLLA"":{""lat"":37.496291,""lon"":127.023303,""alt"":0},""targetSpeed"":3,""seq"":1}","{""phase"":""B"",""startLLA"":{""lat"":37.496291,""lon"":127.023303,""alt"":0},""endLLA"":{""lat"":37.496291,""lon"":127.023303,""alt"":15},""targetSpeed"":10,""seq"":2}","{""phase"":""C"",""startLLA"":{""lat"":37.496291,""lon"":127.023303,""alt"":15},""endLLA"":{""lat"":37.489331,""lon"":127.012849,""alt"":100},""targetSpeed"":36,""seq"":3}","{""phase"":""E"",""startLLA"":{""lat"":37.489331,""lon"":127.012849,""alt"":100},""endLLA"":{""lat"":37.471285,""lon"":126.985745,""alt"":281.55},""targetSpeed"":51.4,""seq"":4}","{""phase"":""E"",""startLLA"":{""lat"":37.471285,""lon"":126.985745,""alt"":281.55},""endLLA"":{""lat"":37.473124,""lon"":126.981806,""alt"":305},""targetSpeed"":51.4,""seq"":5}","{""phase"":""F"",""startLLA"":{""lat"":37.473124,""lon"":126.981806,""alt"":305},""endLLA"":{""lat"":37.492877,""lon"":126.93949,""alt"":305},""targetSpeed"":51.4,""seq"":6}","{""phase"":""F"",""startLLA"":{""lat"":37.492877,""lon"":126.93949,""alt"":305},""endLLA"":{""lat"":37.492284,""lon"":126.929979,""alt"":305},""targetSpeed"":51.4,""seq"":7}","{""phase"":""G"",""startLLA"":{""lat"":37.492284,""lon"":126.929979,""alt"":305},""endLLA"":{""lat"":37.489798,""lon"":126.890147,""alt"":100},""targetSpeed"":36,""seq"":8}","{""phase"":""I"",""startLLA"":{""lat"":37.489798,""lon"":126.890147,""alt"":100},""endLLA"":{""lat"":37.489091,""lon"":126.878809,""alt"":15},""targetSpeed"":30,""seq"":9}","{""phase"":""J"",""startLLA"":{""lat"":37.489091,""lon"":126.878809,""alt"":15},""endLLA"":{""lat"":37.489091,""lon"":126.878809,""alt"":0},""targetSpeed"":10,""seq"":10}","{""phase"":""K"",""startLLA"":{""lat"":37.489091,""lon"":126.878809,""alt"":0},""endLLA"":{""lat"":37.489091,""lon"":126.878809,""alt"":0},""targetSpeed"":3,""seq"":11}",,,,,,,,,,
98f166edc22f,2026-07-11,FPL1311036,UAM0084,a4,4,4,1,강남,강남,천호,천호,18,G2,F2,G4,F3,18:36:06,18:44:32,18:48:55,18:55:45,19:05:45,506.42,263.39,410,1179.81,60.71,0,ready,강남 > 청담대교 중간지점 > 잠실대교 중간지점 > 천호,10.7701,11,"{""phase"":""A"",""startLLA"":{""lat"":37.496291,""lon"":127.023303,""alt"":0},""endLLA"":{""lat"":37.496291,""lon"":127.023303,""alt"":0},""targetSpeed"":3,""seq"":1}","{""phase"":""B"",""startLLA"":{""lat"":37.496291,""lon"":127.023303,""alt"":0},""endLLA"":{""lat"":37.496291,""lon"":127.023303,""alt"":15},""targetSpeed"":10,""seq"":2}","{""phase"":""C"",""startLLA"":{""lat"":37.496291,""lon"":127.023303,""alt"":15},""endLLA"":{""lat"":37.503645,""lon"":127.033315,""alt"":100},""targetSpeed"":36,""seq"":3}","{""phase"":""E"",""startLLA"":{""lat"":37.503645,""lon"":127.033315,""alt"":100},""endLLA"":{""lat"":37.525177,""lon"":127.062626,""alt"":305},""targetSpeed"":51.4,""seq"":4}","{""phase"":""F"",""startLLA"":{""lat"":37.525177,""lon"":127.062626,""alt"":305},""endLLA"":{""lat"":37.526451,""lon"":127.064361,""alt"":305},""targetSpeed"":51.4,""seq"":5}","{""phase"":""F"",""startLLA"":{""lat"":37.526451,""lon"":127.064361,""alt"":305},""endLLA"":{""lat"":37.52529,""lon"":127.079002,""alt"":305},""targetSpeed"":51.4,""seq"":6}","{""phase"":""G"",""startLLA"":{""lat"":37.52529,""lon"":127.079002,""alt"":305},""endLLA"":{""lat"":37.524288,""lon"":127.091639,""alt"":239.84},""targetSpeed"":36,""seq"":7}","{""phase"":""G"",""startLLA"":{""lat"":37.524288,""lon"":127.091639,""alt"":239.84},""endLLA"":{""lat"":37.539419,""lon"":127.111107,""alt"":100},""targetSpeed"":36,""seq"":8}","{""phase"":""I"",""startLLA"":{""lat"":37.539419,""lon"":127.111107,""alt"":100},""endLLA"":{""lat"":37.545733,""lon"":127.11923,""alt"":15},""targetSpeed"":30,""seq"":9}","{""phase"":""J"",""startLLA"":{""lat"":37.545733,""lon"":127.11923,""alt"":15},""endLLA"":{""lat"":37.545733,""lon"":127.11923,""alt"":0},""targetSpeed"":10,""seq"":10}","{""phase"":""K"",""startLLA"":{""lat"":37.545733,""lon"":127.11923,""alt"":0},""endLLA"":{""lat"":37.545733,""lon"":127.11923,""alt"":0},""targetSpeed"":3,""seq"":11}",,,,,,,,,,
98f166edc22f,2026-07-11,FPL1311037,UAM0085,a6,6,6,1,강남,강남,천호,천호,18,G4,F1,G3,F4,18:40:43,18:49:52,18:54:16,19:01:36,19:11:36,549.26,263.39,440,1252.65,154.95,0,ready,강남 > 청담대교 중간지점 > 잠실대교 중간지점 > 천호,10.7701,11,"{""phase"":""A"",""startLLA"":{""lat"":37.496291,""lon"":127.023303,""alt"":0},""endLLA"":{""lat"":37.496291,""lon"":127.023303,""alt"":0},""targetSpeed"":3,""seq"":1}","{""phase"":""B"",""startLLA"":{""lat"":37.496291,""lon"":127.023303,""alt"":0},""endLLA"":{""lat"":37.496291,""lon"":127.023303,""alt"":15},""targetSpeed"":10,""seq"":2}","{""phase"":""C"",""startLLA"":{""lat"":37.496291,""lon"":127.023303,""alt"":15},""endLLA"":{""lat"":37.503645,""lon"":127.033315,""alt"":100},""targetSpeed"":36,""seq"":3}","{""phase"":""E"",""startLLA"":{""lat"":37.503645,""lon"":127.033315,""alt"":100},""endLLA"":{""lat"":37.525177,""lon"":127.062626,""alt"":305},""targetSpeed"":51.4,""seq"":4}","{""phase"":""F"",""startLLA"":{""lat"":37.525177,""lon"":127.062626,""alt"":305},""endLLA"":{""lat"":37.526451,""lon"":127.064361,""alt"":305},""targetSpeed"":51.4,""seq"":5}","{""phase"":""F"",""startLLA"":{""lat"":37.526451,""lon"":127.064361,""alt"":305},""endLLA"":{""lat"":37.52529,""lon"":127.079002,""alt"":305},""targetSpeed"":51.4,""seq"":6}","{""phase"":""G"",""startLLA"":{""lat"":37.52529,""lon"":127.079002,""alt"":305},""endLLA"":{""lat"":37.524288,""lon"":127.091639,""alt"":239.84},""targetSpeed"":36,""seq"":7}","{""phase"":""G"",""startLLA"":{""lat"":37.524288,""lon"":127.091639,""alt"":239.84},""endLLA"":{""lat"":37.539419,""lon"":127.111107,""alt"":100},""targetSpeed"":36,""seq"":8}","{""phase"":""I"",""startLLA"":{""lat"":37.539419,""lon"":127.111107,""alt"":100},""endLLA"":{""lat"":37.545733,""lon"":127.11923,""alt"":15},""targetSpeed"":30,""seq"":9}","{""phase"":""J"",""startLLA"":{""lat"":37.545733,""lon"":127.11923,""alt"":15},""endLLA"":{""lat"":37.545733,""lon"":127.11923,""alt"":0},""targetSpeed"":10,""seq"":10}","{""phase"":""K"",""startLLA"":{""lat"":37.545733,""lon"":127.11923,""alt"":0},""endLLA"":{""lat"":37.545733,""lon"":127.11923,""alt"":0},""targetSpeed"":3,""seq"":11}",,,,,,,,,,
98f166edc22f,2026-07-11,FPL1306016,UAM0014,a6,6,6,1,강남,강남,미아,미아,18,G6,F2,G6,F4,18:43:11,18:50:36,18:57:55,19:05:45,19:15:45,445.71,438.49,470,1354.2,0,0,ready,강남 > 청담대교 중간지점 > 건대입구 > 중랑천 제방길 > 상봉 > 월릉교 > 미아,19.77,14,"{""phase"":""A"",""startLLA"":{""lat"":37.496291,""lon"":127.023303,""alt"":0},""endLLA"":{""lat"":37.496291,""lon"":127.023303,""alt"":0},""targetSpeed"":3,""seq"":1}","{""phase"":""B"",""startLLA"":{""lat"":37.496291,""lon"":127.023303,""alt"":0},""endLLA"":{""lat"":37.496291,""lon"":127.023303,""alt"":15},""targetSpeed"":10,""seq"":2}","{""phase"":""C"",""startLLA"":{""lat"":37.496291,""lon"":127.023303,""alt"":15},""endLLA"":{""lat"":37.503643,""lon"":127.033311,""alt"":100},""targetSpeed"":36,""seq"":3}","{""phase"":""E"",""startLLA"":{""lat"":37.503643,""lon"":127.033311,""alt"":100},""endLLA"":{""lat"":37.525166,""lon"":127.062612,""alt"":305},""targetSpeed"":51.4,""seq"":4}","{""phase"":""F"",""startLLA"":{""lat"":37.525166,""lon"":127.062612,""alt"":305},""endLLA"":{""lat"":37.526451,""lon"":127.064361,""alt"":305},""targetSpeed"":51.4,""seq"":5}","{""phase"":""F"",""startLLA"":{""lat"":37.526451,""lon"":127.064361,""alt"":305},""endLLA"":{""lat"":37.540426,""lon"":127.069298,""alt"":305},""targetSpeed"":51.4,""seq"":6}","{""phase"":""F"",""startLLA"":{""lat"":37.540426,""lon"":127.069298,""alt"":305},""endLLA"":{""lat"":37.580774,""lon"":127.077387,""alt"":305},""targetSpeed"":51.4,""seq"":7}","{""phase"":""F"",""startLLA"":{""lat"":37.580774,""lon"":127.077387,""alt"":305},""endLLA"":{""lat"":37.596919,""lon"":127.084854,""alt"":305},""targetSpeed"":51.4,""seq"":8}","{""phase"":""F"",""startLLA"":{""lat"":37.596919,""lon"":127.084854,""alt"":305},""endLLA"":{""lat"":37.614364,""lon"":127.072717,""alt"":305},""targetSpeed"":51.4,""seq"":9}","{""phase"":""G"",""startLLA"":{""lat"":37.614364,""lon"":127.072717,""alt"":305},""endLLA"":{""lat"":37.616266,""lon"":127.071394,""alt"":290.95},""targetSpeed"":36,""seq"":10}","{""phase"":""G"",""startLLA"":{""lat"":37.616266,""lon"":127.071394,""alt"":290.95},""endLLA"":{""lat"":37.626944,""lon"":127.036666,""alt"":100},""targetSpeed"":36,""seq"":11}","{""phase"":""I"",""startLLA"":{""lat"":37.626944,""lon"":127.036666,""alt"":100},""endLLA"":{""lat"":37.630207,""lon"":127.026053,""alt"":15},""targetSpeed"":30,""seq"":12}","{""phase"":""J"",""startLLA"":{""lat"":37.630207,""lon"":127.026053,""alt"":15},""endLLA"":{""lat"":37.630207,""lon"":127.026053,""alt"":0},""targetSpeed"":10,""seq"":13}","{""phase"":""K"",""startLLA"":{""lat"":37.630207,""lon"":127.026053,""alt"":0},""endLLA"":{""lat"":37.630207,""lon"":127.026053,""alt"":0},""targetSpeed"":3,""seq"":14}",,,,,,,
98f166edc22f,2026-07-11,FPL1305037,UAM0126,a6,6,6,1,강남,강남,목동,목동,18,G1,F1,G4,F3,18:45:16,18:55:18,19:01:13,19:08:03,19:18:03,602.38,355.28,410,1367.65,186.66,0,ready,강남 > 이수고가차로 > 상도터널 > 63빌딩 > 서강대교 중간지점 > 선유도 17고지 > 목동,15.4931,14,"{""phase"":""A"",""startLLA"":{""lat"":37.496291,""lon"":127.023303,""alt"":0},""endLLA"":{""lat"":37.496291,""lon"":127.023303,""alt"":0},""targetSpeed"":3,""seq"":1}","{""phase"":""B"",""startLLA"":{""lat"":37.496291,""lon"":127.023303,""alt"":0},""endLLA"":{""lat"":37.496291,""lon"":127.023303,""alt"":15},""targetSpeed"":10,""seq"":2}","{""phase"":""C"",""startLLA"":{""lat"":37.496291,""lon"":127.023303,""alt"":15},""endLLA"":{""lat"":37.496789,""lon"":127.009673,""alt"":100},""targetSpeed"":36,""seq"":3}","{""phase"":""E"",""startLLA"":{""lat"":37.496789,""lon"":127.009673,""alt"":100},""endLLA"":{""lat"":37.497738,""lon"":126.983721,""alt"":233.33},""targetSpeed"":51.4,""seq"":4}","{""phase"":""E"",""startLLA"":{""lat"":37.497738,""lon"":126.983721,""alt"":233.33},""endLLA"":{""lat"":37.50217,""lon"":126.970921,""alt"":305},""targetSpeed"":51.4,""seq"":5}","{""phase"":""F"",""startLLA"":{""lat"":37.50217,""lon"":126.970921,""alt"":305},""endLLA"":{""lat"":37.508684,""lon"":126.95211,""alt"":305},""targetSpeed"":51.4,""seq"":6}","{""phase"":""F"",""startLLA"":{""lat"":37.508684,""lon"":126.95211,""alt"":305},""endLLA"":{""lat"":37.519378,""lon"":126.94021,""alt"":305},""targetSpeed"":51.4,""seq"":7}","{""phase"":""F"",""startLLA"":{""lat"":37.519378,""lon"":126.94021,""alt"":305},""endLLA"":{""lat"":37.536949,""lon"":126.924908,""alt"":305},""targetSpeed"":51.4,""seq"":8}","{""phase"":""F"",""startLLA"":{""lat"":37.536949,""lon"":126.924908,""alt"":305},""endLLA"":{""lat"":37.538128,""lon"":126.919977,""alt"":305},""targetSpeed"":51.4,""seq"":9}","{""phase"":""G"",""startLLA"":{""lat"":37.538128,""lon"":126.919977,""alt"":305},""endLLA"":{""lat"":37.542307,""lon"":126.90249,""alt"":211.32},""targetSpeed"":36,""seq"":10}","{""phase"":""G"",""startLLA"":{""lat"":37.542307,""lon"":126.90249,""alt"":211.32},""endLLA"":{""lat"":37.531833,""lon"":126.88527,""alt"":100},""targetSpeed"":36,""seq"":11}","{""phase"":""I"",""startLLA"":{""lat"":37.531833,""lon"":126.88527,""alt"":100},""endLLA"":{""lat"":37.526343,""lon"":126.876243,""alt"":15},""targetSpeed"":30,""seq"":12}","{""phase"":""J"",""startLLA"":{""lat"":37.526343,""lon"":126.876243,""alt"":15},""endLLA"":{""lat"":37.526343,""lon"":126.876243,""alt"":0},""targetSpeed"":10,""seq"":13}","{""phase"":""K"",""startLLA"":{""lat"":37.526343,""lon"":126.876243,""alt"":0},""endLLA"":{""lat"":37.526343,""lon"":126.876243,""alt"":0},""targetSpeed"":3,""seq"":14}",,,,,,,
98f166edc22f,2026-07-11,FPL1305038,UAM0125,a6,6,6,1,강남,강남,목동,목동,18,G3,F2,G8,F4,18:47:07,18:56:02,19:01:57,19:08:47,19:18:47,535.43,355.28,410,1300.71,59.71,0,ready,강남 > 이수고가차로 > 상도터널 > 63빌딩 > 서강대교 중간지점 > 선유도 17고지 > 목동,15.4931,14,"{""phase"":""A"",""startLLA"":{""lat"":37.496291,""lon"":127.023303,""alt"":0},""endLLA"":{""lat"":37.496291,""lon"":127.023303,""alt"":0},""targetSpeed"":3,""seq"":1}","{""phase"":""B"",""startLLA"":{""lat"":37.496291,""lon"":127.023303,""alt"":0},""endLLA"":{""lat"":37.496291,""lon"":127.023303,""alt"":15},""targetSpeed"":10,""seq"":2}","{""phase"":""C"",""startLLA"":{""lat"":37.496291,""lon"":127.023303,""alt"":15},""endLLA"":{""lat"":37.496789,""lon"":127.009673,""alt"":100},""targetSpeed"":36,""seq"":3}","{""phase"":""E"",""startLLA"":{""lat"":37.496789,""lon"":127.009673,""alt"":100},""endLLA"":{""lat"":37.497738,""lon"":126.983721,""alt"":233.33},""targetSpeed"":51.4,""seq"":4}","{""phase"":""E"",""startLLA"":{""lat"":37.497738,""lon"":126.983721,""alt"":233.33},""endLLA"":{""lat"":37.50217,""lon"":126.970921,""alt"":305},""targetSpeed"":51.4,""seq"":5}","{""phase"":""F"",""startLLA"":{""lat"":37.50217,""lon"":126.970921,""alt"":305},""endLLA"":{""lat"":37.508684,""lon"":126.95211,""alt"":305},""targetSpeed"":51.4,""seq"":6}","{""phase"":""F"",""startLLA"":{""lat"":37.508684,""lon"":126.95211,""alt"":305},""endLLA"":{""lat"":37.519378,""lon"":126.94021,""alt"":305},""targetSpeed"":51.4,""seq"":7}","{""phase"":""F"",""startLLA"":{""lat"":37.519378,""lon"":126.94021,""alt"":305},""endLLA"":{""lat"":37.536949,""lon"":126.924908,""alt"":305},""targetSpeed"":51.4,""seq"":8}","{""phase"":""F"",""startLLA"":{""lat"":37.536949,""lon"":126.924908,""alt"":305},""endLLA"":{""lat"":37.538128,""lon"":126.919977,""alt"":305},""targetSpeed"":51.4,""seq"":9}","{""phase"":""G"",""startLLA"":{""lat"":37.538128,""lon"":126.919977,""alt"":305},""endLLA"":{""lat"":37.542307,""lon"":126.90249,""alt"":211.32},""targetSpeed"":36,""seq"":10}","{""phase"":""G"",""startLLA"":{""lat"":37.542307,""lon"":126.90249,""alt"":211.32},""endLLA"":{""lat"":37.531833,""lon"":126.88527,""alt"":100},""targetSpeed"":36,""seq"":11}","{""phase"":""I"",""startLLA"":{""lat"":37.531833,""lon"":126.88527,""alt"":100},""endLLA"":{""lat"":37.526343,""lon"":126.876243,""alt"":15},""targetSpeed"":30,""seq"":12}","{""phase"":""J"",""startLLA"":{""lat"":37.526343,""lon"":126.876243,""alt"":15},""endLLA"":{""lat"":37.526343,""lon"":126.876243,""alt"":0},""targetSpeed"":10,""seq"":13}","{""phase"":""K"",""startLLA"":{""lat"":37.526343,""lon"":126.876243,""alt"":0},""endLLA"":{""lat"":37.526343,""lon"":126.876243,""alt"":0},""targetSpeed"":3,""seq"":14}",,,,,,,
98f166edc22f,2026-07-11,FPL1311038,UAM0005,a6,6,6,1,강남,강남,천호,천호,18,G7,F1,G6,F3,18:48:42,19:00:44,19:05:07,19:12:57,19:22:57,722.09,263.39,470,1455.48,246.38,0,ready,강남 > 청담대교 중간지점 > 잠실대교 중간지점 > 천호,10.7701,11,"{""phase"":""A"",""startLLA"":{""lat"":37.496291,""lon"":127.023303,""alt"":0},""endLLA"":{""lat"":37.496291,""lon"":127.023303,""alt"":0},""targetSpeed"":3,""seq"":1}","{""phase"":""B"",""startLLA"":{""lat"":37.496291,""lon"":127.023303,""alt"":0},""endLLA"":{""lat"":37.496291,""lon"":127.023303,""alt"":15},""targetSpeed"":10,""seq"":2}","{""phase"":""C"",""startLLA"":{""lat"":37.496291,""lon"":127.023303,""alt"":15},""endLLA"":{""lat"":37.503645,""lon"":127.033315,""alt"":100},""targetSpeed"":36,""seq"":3}","{""phase"":""E"",""startLLA"":{""lat"":37.503645,""lon"":127.033315,""alt"":100},""endLLA"":{""lat"":37.525177,""lon"":127.062626,""alt"":305},""targetSpeed"":51.4,""seq"":4}","{""phase"":""F"",""startLLA"":{""lat"":37.525177,""lon"":127.062626,""alt"":305},""endLLA"":{""lat"":37.526451,""lon"":127.064361,""alt"":305},""targetSpeed"":51.4,""seq"":5}","{""phase"":""F"",""startLLA"":{""lat"":37.526451,""lon"":127.064361,""alt"":305},""endLLA"":{""lat"":37.52529,""lon"":127.079002,""alt"":305},""targetSpeed"":51.4,""seq"":6}","{""phase"":""G"",""startLLA"":{""lat"":37.52529,""lon"":127.079002,""alt"":305},""endLLA"":{""lat"":37.524288,""lon"":127.091639,""alt"":239.84},""targetSpeed"":36,""seq"":7}","{""phase"":""G"",""startLLA"":{""lat"":37.524288,""lon"":127.091639,""alt"":239.84},""endLLA"":{""lat"":37.539419,""lon"":127.111107,""alt"":100},""targetSpeed"":36,""seq"":8}","{""phase"":""I"",""startLLA"":{""lat"":37.539419,""lon"":127.111107,""alt"":100},""endLLA"":{""lat"":37.545733,""lon"":127.11923,""alt"":15},""targetSpeed"":30,""seq"":9}","{""phase"":""J"",""startLLA"":{""lat"":37.545733,""lon"":127.11923,""alt"":15},""endLLA"":{""lat"":37.545733,""lon"":127.11923,""alt"":0},""targetSpeed"":10,""seq"":10}","{""phase"":""K"",""startLLA"":{""lat"":37.545733,""lon"":127.11923,""alt"":0},""endLLA"":{""lat"":37.545733,""lon"":127.11923,""alt"":0},""targetSpeed"":3,""seq"":11}",,,,,,,,,,
98f166edc22f,2026-07-11,FPL1315026,UAM0120,a8,8,8,1,강남,강남,마곡,마곡,18,G8,F2,G3,F3,18:52:37,19:01:28,19:09:59,19:17:19,19:27:19,531.14,510.92,440,1482.06,25.43,0,ready,강남 > 이수고가차로 > 상도터널 > 63빌딩 > 서강대교 중간지점 > 선유도 17고지 > 성산대교 중간지점 > 가양대교 남단 > 마곡,23.493,16,"{""phase"":""A"",""startLLA"":{""lat"":37.496291,""lon"":127.023303,""alt"":0},""endLLA"":{""lat"":37.496291,""lon"":127.023303,""alt"":0},""targetSpeed"":3,""seq"":1}","{""phase"":""B"",""startLLA"":{""lat"":37.496291,""lon"":127.023303,""alt"":0},""endLLA"":{""lat"":37.496291,""lon"":127.023303,""alt"":15},""targetSpeed"":10,""seq"":2}","{""phase"":""C"",""startLLA"":{""lat"":37.496291,""lon"":127.023303,""alt"":15},""endLLA"":{""lat"":37.496789,""lon"":127.009676,""alt"":100},""targetSpeed"":36,""seq"":3}","{""phase"":""E"",""startLLA"":{""lat"":37.496789,""lon"":127.009676,""alt"":100},""endLLA"":{""lat"":37.497738,""lon"":126.983721,""alt"":233.37},""targetSpeed"":51.4,""seq"":4}","{""phase"":""E"",""startLLA"":{""lat"":37.497738,""lon"":126.983721,""alt"":233.37},""endLLA"":{""lat"":37.502167,""lon"":126.970931,""alt"":305},""targetSpeed"":51.4,""seq"":5}","{""phase"":""F"",""startLLA"":{""lat"":37.502167,""lon"":126.970931,""alt"":305},""endLLA"":{""lat"":37.508684,""lon"":126.95211,""alt"":305},""targetSpeed"":51.4,""seq"":6}","{""phase"":""F"",""startLLA"":{""lat"":37.508684,""lon"":126.95211,""alt"":305},""endLLA"":{""lat"":37.519378,""lon"":126.94021,""alt"":305},""targetSpeed"":51.4,""seq"":7}","{""phase"":""F"",""startLLA"":{""lat"":37.519378,""lon"":126.94021,""alt"":305},""endLLA"":{""lat"":37.536949,""lon"":126.924908,""alt"":305},""targetSpeed"":51.4,""seq"":8}","{""phase"":""F"",""startLLA"":{""lat"":37.536949,""lon"":126.924908,""alt"":305},""endLLA"":{""lat"":37.542307,""lon"":126.90249,""alt"":305},""targetSpeed"":51.4,""seq"":9}","{""phase"":""F"",""startLLA"":{""lat"":37.542307,""lon"":126.90249,""alt"":305},""endLLA"":{""lat"":37.552574,""lon"":126.891431,""alt"":305},""targetSpeed"":51.4,""seq"":10}","{""phase"":""F"",""startLLA"":{""lat"":37.552574,""lon"":126.891431,""alt"":305},""endLLA"":{""lat"":37.569391,""lon"":126.861026,""alt"":305},""targetSpeed"":51.4,""seq"":11}","{""phase"":""F"",""startLLA"":{""lat"":37.569391,""lon"":126.861026,""alt"":305},""endLLA"":{""lat"":37.567855,""lon"":126.842867,""alt"":305},""targetSpeed"":51.4,""seq"":12}","{""phase"":""G"",""startLLA"":{""lat"":37.567855,""lon"":126.842867,""alt"":305},""endLLA"":{""lat"":37.564492,""lon"":126.803119,""alt"":100},""targetSpeed"":36,""seq"":13}","{""phase"":""I"",""startLLA"":{""lat"":37.564492,""lon"":126.803119,""alt"":100},""endLLA"":{""lat"":37.563535,""lon"":126.791805,""alt"":15},""targetSpeed"":30,""seq"":14}","{""phase"":""J"",""startLLA"":{""lat"":37.563535,""lon"":126.791805,""alt"":15},""endLLA"":{""lat"":37.563535,""lon"":126.791805,""alt"":0},""targetSpeed"":10,""seq"":15}","{""phase"":""K"",""startLLA"":{""lat"":37.563535,""lon"":126.791805,""alt"":0},""endLLA"":{""lat"":37.563535,""lon"":126.791805,""alt"":0},""targetSpeed"":3,""seq"":16}",,,,,
98f166edc22f,2026-07-11,FPL1305039,UAM0056,a8,8,7,0.875,강남,강남,목동,목동,18,G5,F1,G2,F4,18:52:51,19:06:09,19:12:05,19:20:32,19:30:32,798.8,355.28,507.34,1661.42,383.09,37.34,ready,강남 > 이수고가차로 > 상도터널 > 63빌딩 > 서강대교 중간지점 > 선유도 17고지 > 목동,15.4931,14,"{""phase"":""A"",""startLLA"":{""lat"":37.496291,""lon"":127.023303,""alt"":0},""endLLA"":{""lat"":37.496291,""lon"":127.023303,""alt"":0},""targetSpeed"":3,""seq"":1}","{""phase"":""B"",""startLLA"":{""lat"":37.496291,""lon"":127.023303,""alt"":0},""endLLA"":{""lat"":37.496291,""lon"":127.023303,""alt"":15},""targetSpeed"":10,""seq"":2}","{""phase"":""C"",""startLLA"":{""lat"":37.496291,""lon"":127.023303,""alt"":15},""endLLA"":{""lat"":37.496789,""lon"":127.009673,""alt"":100},""targetSpeed"":36,""seq"":3}","{""phase"":""E"",""startLLA"":{""lat"":37.496789,""lon"":127.009673,""alt"":100},""endLLA"":{""lat"":37.497738,""lon"":126.983721,""alt"":233.33},""targetSpeed"":51.4,""seq"":4}","{""phase"":""E"",""startLLA"":{""lat"":37.497738,""lon"":126.983721,""alt"":233.33},""endLLA"":{""lat"":37.50217,""lon"":126.970921,""alt"":305},""targetSpeed"":51.4,""seq"":5}","{""phase"":""F"",""startLLA"":{""lat"":37.50217,""lon"":126.970921,""alt"":305},""endLLA"":{""lat"":37.508684,""lon"":126.95211,""alt"":305},""targetSpeed"":51.4,""seq"":6}","{""phase"":""F"",""startLLA"":{""lat"":37.508684,""lon"":126.95211,""alt"":305},""endLLA"":{""lat"":37.519378,""lon"":126.94021,""alt"":305},""targetSpeed"":51.4,""seq"":7}","{""phase"":""F"",""startLLA"":{""lat"":37.519378,""lon"":126.94021,""alt"":305},""endLLA"":{""lat"":37.536949,""lon"":126.924908,""alt"":305},""targetSpeed"":51.4,""seq"":8}","{""phase"":""F"",""startLLA"":{""lat"":37.536949,""lon"":126.924908,""alt"":305},""endLLA"":{""lat"":37.538128,""lon"":126.919977,""alt"":305},""targetSpeed"":51.4,""seq"":9}","{""phase"":""G"",""startLLA"":{""lat"":37.538128,""lon"":126.919977,""alt"":305},""endLLA"":{""lat"":37.542307,""lon"":126.90249,""alt"":211.32},""targetSpeed"":36,""seq"":10}","{""phase"":""G"",""startLLA"":{""lat"":37.542307,""lon"":126.90249,""alt"":211.32},""endLLA"":{""lat"":37.531833,""lon"":126.88527,""alt"":100},""targetSpeed"":36,""seq"":11}","{""phase"":""I"",""startLLA"":{""lat"":37.531833,""lon"":126.88527,""alt"":100},""endLLA"":{""lat"":37.526343,""lon"":126.876243,""alt"":15},""targetSpeed"":30,""seq"":12}","{""phase"":""J"",""startLLA"":{""lat"":37.526343,""lon"":126.876243,""alt"":15},""endLLA"":{""lat"":37.526343,""lon"":126.876243,""alt"":0},""targetSpeed"":10,""seq"":13}","{""phase"":""K"",""startLLA"":{""lat"":37.526343,""lon"":126.876243,""alt"":0},""endLLA"":{""lat"":37.526343,""lon"":126.876243,""alt"":0},""targetSpeed"":3,""seq"":14}",,,,,,,
98f166edc22f,2026-07-11,FPL1316018,UAM0072,a8,8,6,0.75,강남,강남,망우,망우,18,G4,F2,G6,F3,18:59:03,19:07:28,19:17:57,19:25:47,19:35:47,505.71,628.9,470,1604.62,0,322.27,ready,강남 > 청담대교 중간지점 > 건대입구 > 망우,12.9927,11,"{""phase"":""A"",""startLLA"":{""lat"":37.496291,""lon"":127.023303,""alt"":0},""endLLA"":{""lat"":37.496291,""lon"":127.023303,""alt"":0},""targetSpeed"":3,""seq"":1}","{""phase"":""B"",""startLLA"":{""lat"":37.496291,""lon"":127.023303,""alt"":0},""endLLA"":{""lat"":37.496291,""lon"":127.023303,""alt"":15},""targetSpeed"":10,""seq"":2}","{""phase"":""C"",""startLLA"":{""lat"":37.496291,""lon"":127.023303,""alt"":15},""endLLA"":{""lat"":37.503645,""lon"":127.033314,""alt"":100},""targetSpeed"":36,""seq"":3}","{""phase"":""E"",""startLLA"":{""lat"":37.503645,""lon"":127.033314,""alt"":100},""endLLA"":{""lat"":37.525174,""lon"":127.062622,""alt"":305},""targetSpeed"":51.4,""seq"":4}","{""phase"":""F"",""startLLA"":{""lat"":37.525174,""lon"":127.062622,""alt"":305},""endLLA"":{""lat"":37.526451,""lon"":127.064361,""alt"":305},""targetSpeed"":51.4,""seq"":5}","{""phase"":""F"",""startLLA"":{""lat"":37.526451,""lon"":127.064361,""alt"":305},""endLLA"":{""lat"":37.540426,""lon"":127.069298,""alt"":305},""targetSpeed"":51.4,""seq"":6}","{""phase"":""F"",""startLLA"":{""lat"":37.540426,""lon"":127.069298,""alt"":305},""endLLA"":{""lat"":37.55715,""lon"":127.073903,""alt"":305},""targetSpeed"":51.4,""seq"":7}","{""phase"":""G"",""startLLA"":{""lat"":37.55715,""lon"":127.073903,""alt"":305},""endLLA"":{""lat"":37.588107,""lon"":127.082428,""alt"":100},""targetSpeed"":36,""seq"":8}","{""phase"":""I"",""startLLA"":{""lat"":37.588107,""lon"":127.082428,""alt"":100},""endLLA"":{""lat"":37.596919,""lon"":127.084854,""alt"":15},""targetSpeed"":30,""seq"":9}","{""phase"":""J"",""startLLA"":{""lat"":37.596919,""lon"":127.084854,""alt"":15},""endLLA"":{""lat"":37.596919,""lon"":127.084854,""alt"":0},""targetSpeed"":10,""seq"":10}","{""phase"":""K"",""startLLA"":{""lat"":37.596919,""lon"":127.084854,""alt"":0},""endLLA"":{""lat"":37.596919,""lon"":127.084854,""alt"":0},""targetSpeed"":3,""seq"":11}",,,,,,,,,,
98f166edc22f,2026-07-11,FPL1306017,UAM0082,a2,2,2,1,강남,강남,미아,미아,19,G2,F1,G8,F3,19:00:43,19:11:35,19:18:54,19:25:44,19:35:44,652.52,438.49,410,1501,206.8,0,ready,강남 > 청담대교 중간지점 > 건대입구 > 중랑천 제방길 > 상봉 > 월릉교 > 미아,19.77,14,"{""phase"":""A"",""startLLA"":{""lat"":37.496291,""lon"":127.023303,""alt"":0},""endLLA"":{""lat"":37.496291,""lon"":127.023303,""alt"":0},""targetSpeed"":3,""seq"":1}","{""phase"":""B"",""startLLA"":{""lat"":37.496291,""lon"":127.023303,""alt"":0},""endLLA"":{""lat"":37.496291,""lon"":127.023303,""alt"":15},""targetSpeed"":10,""seq"":2}","{""phase"":""C"",""startLLA"":{""lat"":37.496291,""lon"":127.023303,""alt"":15},""endLLA"":{""lat"":37.503643,""lon"":127.033311,""alt"":100},""targetSpeed"":36,""seq"":3}","{""phase"":""E"",""startLLA"":{""lat"":37.503643,""lon"":127.033311,""alt"":100},""endLLA"":{""lat"":37.525166,""lon"":127.062612,""alt"":305},""targetSpeed"":51.4,""seq"":4}","{""phase"":""F"",""startLLA"":{""lat"":37.525166,""lon"":127.062612,""alt"":305},""endLLA"":{""lat"":37.526451,""lon"":127.064361,""alt"":305},""targetSpeed"":51.4,""seq"":5}","{""phase"":""F"",""startLLA"":{""lat"":37.526451,""lon"":127.064361,""alt"":305},""endLLA"":{""lat"":37.540426,""lon"":127.069298,""alt"":305},""targetSpeed"":51.4,""seq"":6}","{""phase"":""F"",""startLLA"":{""lat"":37.540426,""lon"":127.069298,""alt"":305},""endLLA"":{""lat"":37.580774,""lon"":127.077387,""alt"":305},""targetSpeed"":51.4,""seq"":7}","{""phase"":""F"",""startLLA"":{""lat"":37.580774,""lon"":127.077387,""alt"":305},""endLLA"":{""lat"":37.596919,""lon"":127.084854,""alt"":305},""targetSpeed"":51.4,""seq"":8}","{""phase"":""F"",""startLLA"":{""lat"":37.596919,""lon"":127.084854,""alt"":305},""endLLA"":{""lat"":37.614364,""lon"":127.072717,""alt"":305},""targetSpeed"":51.4,""seq"":9}","{""phase"":""G"",""startLLA"":{""lat"":37.614364,""lon"":127.072717,""alt"":305},""endLLA"":{""lat"":37.616266,""lon"":127.071394,""alt"":290.95},""targetSpeed"":36,""seq"":10}","{""phase"":""G"",""startLLA"":{""lat"":37.616266,""lon"":127.071394,""alt"":290.95},""endLLA"":{""lat"":37.626944,""lon"":127.036666,""alt"":100},""targetSpeed"":36,""seq"":11}","{""phase"":""I"",""startLLA"":{""lat"":37.626944,""lon"":127.036666,""alt"":100},""endLLA"":{""lat"":37.630207,""lon"":127.026053,""alt"":15},""targetSpeed"":30,""seq"":12}","{""phase"":""J"",""startLLA"":{""lat"":37.630207,""lon"":127.026053,""alt"":15},""endLLA"":{""lat"":37.630207,""lon"":127.026053,""alt"":0},""targetSpeed"":10,""seq"":13}","{""phase"":""K"",""startLLA"":{""lat"":37.630207,""lon"":127.026053,""alt"":0},""endLLA"":{""lat"":37.630207,""lon"":127.026053,""alt"":0},""targetSpeed"":3,""seq"":14}",,,,,,,
98f166edc22f,2026-07-11,FPL1315027,UAM0010,a2,2,2,1,강남,강남,마곡,마곡,19,G6,F2,G1,F4,19:04:29,19:12:54,19:24:29,19:32:49,19:42:49,505.43,695.03,500,1700.46,59.71,184.12,ready,강남 > 이수고가차로 > 상도터널 > 63빌딩 > 서강대교 중간지점 > 선유도 17고지 > 성산대교 중간지점 > 가양대교 남단 > 마곡,23.493,16,"{""phase"":""A"",""startLLA"":{""lat"":37.496291,""lon"":127.023303,""alt"":0},""endLLA"":{""lat"":37.496291,""lon"":127.023303,""alt"":0},""targetSpeed"":3,""seq"":1}","{""phase"":""B"",""startLLA"":{""lat"":37.496291,""lon"":127.023303,""alt"":0},""endLLA"":{""lat"":37.496291,""lon"":127.023303,""alt"":15},""targetSpeed"":10,""seq"":2}","{""phase"":""C"",""startLLA"":{""lat"":37.496291,""lon"":127.023303,""alt"":15},""endLLA"":{""lat"":37.496789,""lon"":127.009676,""alt"":100},""targetSpeed"":36,""seq"":3}","{""phase"":""E"",""startLLA"":{""lat"":37.496789,""lon"":127.009676,""alt"":100},""endLLA"":{""lat"":37.497738,""lon"":126.983721,""alt"":233.37},""targetSpeed"":51.4,""seq"":4}","{""phase"":""E"",""startLLA"":{""lat"":37.497738,""lon"":126.983721,""alt"":233.37},""endLLA"":{""lat"":37.502167,""lon"":126.970931,""alt"":305},""targetSpeed"":51.4,""seq"":5}","{""phase"":""F"",""startLLA"":{""lat"":37.502167,""lon"":126.970931,""alt"":305},""endLLA"":{""lat"":37.508684,""lon"":126.95211,""alt"":305},""targetSpeed"":51.4,""seq"":6}","{""phase"":""F"",""startLLA"":{""lat"":37.508684,""lon"":126.95211,""alt"":305},""endLLA"":{""lat"":37.519378,""lon"":126.94021,""alt"":305},""targetSpeed"":51.4,""seq"":7}","{""phase"":""F"",""startLLA"":{""lat"":37.519378,""lon"":126.94021,""alt"":305},""endLLA"":{""lat"":37.536949,""lon"":126.924908,""alt"":305},""targetSpeed"":51.4,""seq"":8}","{""phase"":""F"",""startLLA"":{""lat"":37.536949,""lon"":126.924908,""alt"":305},""endLLA"":{""lat"":37.542307,""lon"":126.90249,""alt"":305},""targetSpeed"":51.4,""seq"":9}","{""phase"":""F"",""startLLA"":{""lat"":37.542307,""lon"":126.90249,""alt"":305},""endLLA"":{""lat"":37.552574,""lon"":126.891431,""alt"":305},""targetSpeed"":51.4,""seq"":10}","{""phase"":""F"",""startLLA"":{""lat"":37.552574,""lon"":126.891431,""alt"":305},""endLLA"":{""lat"":37.569391,""lon"":126.861026,""alt"":305},""targetSpeed"":51.4,""seq"":11}","{""phase"":""F"",""startLLA"":{""lat"":37.569391,""lon"":126.861026,""alt"":305},""endLLA"":{""lat"":37.567855,""lon"":126.842867,""alt"":305},""targetSpeed"":51.4,""seq"":12}","{""phase"":""G"",""startLLA"":{""lat"":37.567855,""lon"":126.842867,""alt"":305},""endLLA"":{""lat"":37.564492,""lon"":126.803119,""alt"":100},""targetSpeed"":36,""seq"":13}","{""phase"":""I"",""startLLA"":{""lat"":37.564492,""lon"":126.803119,""alt"":100},""endLLA"":{""lat"":37.563535,""lon"":126.791805,""alt"":15},""targetSpeed"":30,""seq"":14}","{""phase"":""J"",""startLLA"":{""lat"":37.563535,""lon"":126.791805,""alt"":15},""endLLA"":{""lat"":37.563535,""lon"":126.791805,""alt"":0},""targetSpeed"":10,""seq"":15}","{""phase"":""K"",""startLLA"":{""lat"":37.563535,""lon"":126.791805,""alt"":0},""endLLA"":{""lat"":37.563535,""lon"":126.791805,""alt"":0},""targetSpeed"":3,""seq"":16}",,,,,
98f166edc22f,2026-07-11,FPL1316019,UAM0021,a6,6,6,1,강남,강남,망우,망우,19,G1,F1,G4,F3,19:05:39,19:17:01,19:26:49,19:33:39,19:43:39,682.23,587.81,410,1680.05,266.52,45.33,ready,강남 > 청담대교 중간지점 > 건대입구 > 망우,12.9927,11,"{""phase"":""A"",""startLLA"":{""lat"":37.496291,""lon"":127.023303,""alt"":0},""endLLA"":{""lat"":37.496291,""lon"":127.023303,""alt"":0},""targetSpeed"":3,""seq"":1}","{""phase"":""B"",""startLLA"":{""lat"":37.496291,""lon"":127.023303,""alt"":0},""endLLA"":{""lat"":37.496291,""lon"":127.023303,""alt"":15},""targetSpeed"":10,""seq"":2}","{""phase"":""C"",""startLLA"":{""lat"":37.496291,""lon"":127.023303,""alt"":15},""endLLA"":{""lat"":37.503645,""lon"":127.033314,""alt"":100},""targetSpeed"":36,""seq"":3}","{""phase"":""E"",""startLLA"":{""lat"":37.503645,""lon"":127.033314,""alt"":100},""endLLA"":{""lat"":37.525174,""lon"":127.062622,""alt"":305},""targetSpeed"":51.4,""seq"":4}","{""phase"":""F"",""startLLA"":{""lat"":37.525174,""lon"":127.062622,""alt"":305},""endLLA"":{""lat"":37.526451,""lon"":127.064361,""alt"":305},""targetSpeed"":51.4,""seq"":5}","{""phase"":""F"",""startLLA"":{""lat"":37.526451,""lon"":127.064361,""alt"":305},""endLLA"":{""lat"":37.540426,""lon"":127.069298,""alt"":305},""targetSpeed"":51.4,""seq"":6}","{""phase"":""F"",""startLLA"":{""lat"":37.540426,""lon"":127.069298,""alt"":305},""endLLA"":{""lat"":37.55715,""lon"":127.073903,""alt"":305},""targetSpeed"":51.4,""seq"":7}","{""phase"":""G"",""startLLA"":{""lat"":37.55715,""lon"":127.073903,""alt"":305},""endLLA"":{""lat"":37.588107,""lon"":127.082428,""alt"":100},""targetSpeed"":36,""seq"":8}","{""phase"":""I"",""startLLA"":{""lat"":37.588107,""lon"":127.082428,""alt"":100},""endLLA"":{""lat"":37.596919,""lon"":127.084854,""alt"":15},""targetSpeed"":30,""seq"":9}","{""phase"":""J"",""startLLA"":{""lat"":37.596919,""lon"":127.084854,""alt"":15},""endLLA"":{""lat"":37.596919,""lon"":127.084854,""alt"":0},""targetSpeed"":10,""seq"":10}","{""phase"":""K"",""startLLA"":{""lat"":37.596919,""lon"":127.084854,""alt"":0},""endLLA"":{""lat"":37.596919,""lon"":127.084854,""alt"":0},""targetSpeed"":3,""seq"":11}",,,,,,,,,,
98f166edc22f,2026-07-11,FPL1305040,UAM0111,a8,8,8,1,강남,강남,목동,목동,19,G4,F1,G6,F3,19:18:18,19:27:47,19:34:28,19:42:18,19:52:18,569.38,401.34,470,1440.71,63.66,0,ready,강남 > 이수고가차로 > 상도터널 > 63빌딩 > 서강대교 중간지점 > 선유도 17고지 > 목동,15.4931,14,"{""phase"":""A"",""startLLA"":{""lat"":37.496291,""lon"":127.023303,""alt"":0},""endLLA"":{""lat"":37.496291,""lon"":127.023303,""alt"":0},""targetSpeed"":3,""seq"":1}","{""phase"":""B"",""startLLA"":{""lat"":37.496291,""lon"":127.023303,""alt"":0},""endLLA"":{""lat"":37.496291,""lon"":127.023303,""alt"":15},""targetSpeed"":10,""seq"":2}","{""phase"":""C"",""startLLA"":{""lat"":37.496291,""lon"":127.023303,""alt"":15},""endLLA"":{""lat"":37.496789,""lon"":127.009673,""alt"":100},""targetSpeed"":36,""seq"":3}","{""phase"":""E"",""startLLA"":{""lat"":37.496789,""lon"":127.009673,""alt"":100},""endLLA"":{""lat"":37.497738,""lon"":126.983721,""alt"":233.33},""targetSpeed"":51.4,""seq"":4}","{""phase"":""E"",""startLLA"":{""lat"":37.497738,""lon"":126.983721,""alt"":233.33},""endLLA"":{""lat"":37.50217,""lon"":126.970921,""alt"":305},""targetSpeed"":51.4,""seq"":5}","{""phase"":""F"",""startLLA"":{""lat"":37.50217,""lon"":126.970921,""alt"":305},""endLLA"":{""lat"":37.508684,""lon"":126.95211,""alt"":305},""targetSpeed"":51.4,""seq"":6}","{""phase"":""F"",""startLLA"":{""lat"":37.508684,""lon"":126.95211,""alt"":305},""endLLA"":{""lat"":37.519378,""lon"":126.94021,""alt"":305},""targetSpeed"":51.4,""seq"":7}","{""phase"":""F"",""startLLA"":{""lat"":37.519378,""lon"":126.94021,""alt"":305},""endLLA"":{""lat"":37.536949,""lon"":126.924908,""alt"":305},""targetSpeed"":51.4,""seq"":8}","{""phase"":""F"",""startLLA"":{""lat"":37.536949,""lon"":126.924908,""alt"":305},""endLLA"":{""lat"":37.538128,""lon"":126.919977,""alt"":305},""targetSpeed"":51.4,""seq"":9}","{""phase"":""G"",""startLLA"":{""lat"":37.538128,""lon"":126.919977,""alt"":305},""endLLA"":{""lat"":37.542307,""lon"":126.90249,""alt"":211.32},""targetSpeed"":36,""seq"":10}","{""phase"":""G"",""startLLA"":{""lat"":37.542307,""lon"":126.90249,""alt"":211.32},""endLLA"":{""lat"":37.531833,""lon"":126.88527,""alt"":100},""targetSpeed"":36,""seq"":11}","{""phase"":""I"",""startLLA"":{""lat"":37.531833,""lon"":126.88527,""alt"":100},""endLLA"":{""lat"":37.526343,""lon"":126.876243,""alt"":15},""targetSpeed"":30,""seq"":12}","{""phase"":""J"",""startLLA"":{""lat"":37.526343,""lon"":126.876243,""alt"":15},""endLLA"":{""lat"":37.526343,""lon"":126.876243,""alt"":0},""targetSpeed"":10,""seq"":13}","{""phase"":""K"",""startLLA"":{""lat"":37.526343,""lon"":126.876243,""alt"":0},""endLLA"":{""lat"":37.526343,""lon"":126.876243,""alt"":0},""targetSpeed"":3,""seq"":14}",,,,,,,
98f166edc22f,2026-07-11,FPL1311039,UAM0055,a8,8,8,1,강남,강남,천호,천호,19,G8,F2,G3,F4,19:19:30,19:28:27,19:34:59,19:42:19,19:52:19,537.38,392.05,440,1369.43,31.66,54.71,ready,강남 > 청담대교 중간지점 > 잠실대교 중간지점 > 천호,10.7701,11,"{""phase"":""A"",""startLLA"":{""lat"":37.496291,""lon"":127.023303,""alt"":0},""endLLA"":{""lat"":37.496291,""lon"":127.023303,""alt"":0},""targetSpeed"":3,""seq"":1}","{""phase"":""B"",""startLLA"":{""lat"":37.496291,""lon"":127.023303,""alt"":0},""endLLA"":{""lat"":37.496291,""lon"":127.023303,""alt"":15},""targetSpeed"":10,""seq"":2}","{""phase"":""C"",""startLLA"":{""lat"":37.496291,""lon"":127.023303,""alt"":15},""endLLA"":{""lat"":37.503645,""lon"":127.033315,""alt"":100},""targetSpeed"":36,""seq"":3}","{""phase"":""E"",""startLLA"":{""lat"":37.503645,""lon"":127.033315,""alt"":100},""endLLA"":{""lat"":37.525177,""lon"":127.062626,""alt"":305},""targetSpeed"":51.4,""seq"":4}","{""phase"":""F"",""startLLA"":{""lat"":37.525177,""lon"":127.062626,""alt"":305},""endLLA"":{""lat"":37.526451,""lon"":127.064361,""alt"":305},""targetSpeed"":51.4,""seq"":5}","{""phase"":""F"",""startLLA"":{""lat"":37.526451,""lon"":127.064361,""alt"":305},""endLLA"":{""lat"":37.52529,""lon"":127.079002,""alt"":305},""targetSpeed"":51.4,""seq"":6}","{""phase"":""G"",""startLLA"":{""lat"":37.52529,""lon"":127.079002,""alt"":305},""endLLA"":{""lat"":37.524288,""lon"":127.091639,""alt"":239.84},""targetSpeed"":36,""seq"":7}","{""phase"":""G"",""startLLA"":{""lat"":37.524288,""lon"":127.091639,""alt"":239.84},""endLLA"":{""lat"":37.539419,""lon"":127.111107,""alt"":100},""targetSpeed"":36,""seq"":8}","{""phase"":""I"",""startLLA"":{""lat"":37.539419,""lon"":127.111107,""alt"":100},""endLLA"":{""lat"":37.545733,""lon"":127.11923,""alt"":15},""targetSpeed"":30,""seq"":9}","{""phase"":""J"",""startLLA"":{""lat"":37.545733,""lon"":127.11923,""alt"":15},""endLLA"":{""lat"":37.545733,""lon"":127.11923,""alt"":0},""targetSpeed"":10,""seq"":10}","{""phase"":""K"",""startLLA"":{""lat"":37.545733,""lon"":127.11923,""alt"":0},""endLLA"":{""lat"":37.545733,""lon"":127.11923,""alt"":0},""targetSpeed"":3,""seq"":11}",,,,,,,,,,
98f166edc22f,2026-07-11,FPL1315028,UAM0118,a6,6,6,1,강남,강남,마곡,마곡,19,G3,F1,G8,F4,19:23:14,19:33:13,20:01:23,20:08:13,20:18:13,599.09,1690.62,410,2699.71,123.38,0,ready,강남 > 이수고가차로 > 상도터널 > 63빌딩 > 서강대교 중간지점 > 선유도 17고지 > 성산대교 중간지점 > 가양대교 남단 > 마곡,23.493,16,"{""phase"":""A"",""startLLA"":{""lat"":37.496291,""lon"":127.023303,""alt"":0},""endLLA"":{""lat"":37.496291,""lon"":127.023303,""alt"":0},""targetSpeed"":3,""seq"":1}","{""phase"":""B"",""startLLA"":{""lat"":37.496291,""lon"":127.023303,""alt"":0},""endLLA"":{""lat"":37.496291,""lon"":127.023303,""alt"":15},""targetSpeed"":10,""seq"":2}","{""phase"":""C"",""startLLA"":{""lat"":37.496291,""lon"":127.023303,""alt"":15},""endLLA"":{""lat"":37.496789,""lon"":127.009676,""alt"":100},""targetSpeed"":36,""seq"":3}","{""phase"":""E"",""startLLA"":{""lat"":37.496789,""lon"":127.009676,""alt"":100},""endLLA"":{""lat"":37.497738,""lon"":126.983721,""alt"":233.37},""targetSpeed"":51.4,""seq"":4}","{""phase"":""E"",""startLLA"":{""lat"":37.497738,""lon"":126.983721,""alt"":233.37},""endLLA"":{""lat"":37.502167,""lon"":126.970931,""alt"":305},""targetSpeed"":51.4,""seq"":5}","{""phase"":""F"",""startLLA"":{""lat"":37.502167,""lon"":126.970931,""alt"":305},""endLLA"":{""lat"":37.508684,""lon"":126.95211,""alt"":305},""targetSpeed"":51.4,""seq"":6}","{""phase"":""F"",""startLLA"":{""lat"":37.508684,""lon"":126.95211,""alt"":305},""endLLA"":{""lat"":37.519378,""lon"":126.94021,""alt"":305},""targetSpeed"":51.4,""seq"":7}","{""phase"":""F"",""startLLA"":{""lat"":37.519378,""lon"":126.94021,""alt"":305},""endLLA"":{""lat"":37.536949,""lon"":126.924908,""alt"":305},""targetSpeed"":51.4,""seq"":8}","{""phase"":""F"",""startLLA"":{""lat"":37.536949,""lon"":126.924908,""alt"":305},""endLLA"":{""lat"":37.542307,""lon"":126.90249,""alt"":305},""targetSpeed"":51.4,""seq"":9}","{""phase"":""F"",""startLLA"":{""lat"":37.542307,""lon"":126.90249,""alt"":305},""endLLA"":{""lat"":37.552574,""lon"":126.891431,""alt"":305},""targetSpeed"":51.4,""seq"":10}","{""phase"":""F"",""startLLA"":{""lat"":37.552574,""lon"":126.891431,""alt"":305},""endLLA"":{""lat"":37.569391,""lon"":126.861026,""alt"":305},""targetSpeed"":51.4,""seq"":11}","{""phase"":""F"",""startLLA"":{""lat"":37.569391,""lon"":126.861026,""alt"":305},""endLLA"":{""lat"":37.567855,""lon"":126.842867,""alt"":305},""targetSpeed"":51.4,""seq"":12}","{""phase"":""G"",""startLLA"":{""lat"":37.567855,""lon"":126.842867,""alt"":305},""endLLA"":{""lat"":37.564492,""lon"":126.803119,""alt"":100},""targetSpeed"":36,""seq"":13}","{""phase"":""I"",""startLLA"":{""lat"":37.564492,""lon"":126.803119,""alt"":100},""endLLA"":{""lat"":37.563535,""lon"":126.791805,""alt"":15},""targetSpeed"":30,""seq"":14}","{""phase"":""J"",""startLLA"":{""lat"":37.563535,""lon"":126.791805,""alt"":15},""endLLA"":{""lat"":37.563535,""lon"":126.791805,""alt"":0},""targetSpeed"":10,""seq"":15}","{""phase"":""K"",""startLLA"":{""lat"":37.563535,""lon"":126.791805,""alt"":0},""endLLA"":{""lat"":37.563535,""lon"":126.791805,""alt"":0},""targetSpeed"":3,""seq"":16}",,,,,
98f166edc22f,2026-07-11,FPL1315029,UAM0129,a2,2,2,1,강남,강남,마곡,마곡,19,G7,F2,G5,F4,19:26:36,19:34:31,20:05:57,20:14:17,20:24:17,475.71,1886,500,2861.71,0,0,ready,강남 > 이수고가차로 > 상도터널 > 63빌딩 > 서강대교 중간지점 > 선유도 17고지 > 성산대교 중간지점 > 가양대교 남단 > 마곡,23.493,16,"{""phase"":""A"",""startLLA"":{""lat"":37.496291,""lon"":127.023303,""alt"":0},""endLLA"":{""lat"":37.496291,""lon"":127.023303,""alt"":0},""targetSpeed"":3,""seq"":1}","{""phase"":""B"",""startLLA"":{""lat"":37.496291,""lon"":127.023303,""alt"":0},""endLLA"":{""lat"":37.496291,""lon"":127.023303,""alt"":15},""targetSpeed"":10,""seq"":2}","{""phase"":""C"",""startLLA"":{""lat"":37.496291,""lon"":127.023303,""alt"":15},""endLLA"":{""lat"":37.496789,""lon"":127.009676,""alt"":100},""targetSpeed"":36,""seq"":3}","{""phase"":""E"",""startLLA"":{""lat"":37.496789,""lon"":127.009676,""alt"":100},""endLLA"":{""lat"":37.497738,""lon"":126.983721,""alt"":233.37},""targetSpeed"":51.4,""seq"":4}","{""phase"":""E"",""startLLA"":{""lat"":37.497738,""lon"":126.983721,""alt"":233.37},""endLLA"":{""lat"":37.502167,""lon"":126.970931,""alt"":305},""targetSpeed"":51.4,""seq"":5}","{""phase"":""F"",""startLLA"":{""lat"":37.502167,""lon"":126.970931,""alt"":305},""endLLA"":{""lat"":37.508684,""lon"":126.95211,""alt"":305},""targetSpeed"":51.4,""seq"":6}","{""phase"":""F"",""startLLA"":{""lat"":37.508684,""lon"":126.95211,""alt"":305},""endLLA"":{""lat"":37.519378,""lon"":126.94021,""alt"":305},""targetSpeed"":51.4,""seq"":7}","{""phase"":""F"",""startLLA"":{""lat"":37.519378,""lon"":126.94021,""alt"":305},""endLLA"":{""lat"":37.536949,""lon"":126.924908,""alt"":305},""targetSpeed"":51.4,""seq"":8}","{""phase"":""F"",""startLLA"":{""lat"":37.536949,""lon"":126.924908,""alt"":305},""endLLA"":{""lat"":37.542307,""lon"":126.90249,""alt"":305},""targetSpeed"":51.4,""seq"":9}","{""phase"":""F"",""startLLA"":{""lat"":37.542307,""lon"":126.90249,""alt"":305},""endLLA"":{""lat"":37.552574,""lon"":126.891431,""alt"":305},""targetSpeed"":51.4,""seq"":10}","{""phase"":""F"",""startLLA"":{""lat"":37.552574,""lon"":126.891431,""alt"":305},""endLLA"":{""lat"":37.569391,""lon"":126.861026,""alt"":305},""targetSpeed"":51.4,""seq"":11}","{""phase"":""F"",""startLLA"":{""lat"":37.569391,""lon"":126.861026,""alt"":305},""endLLA"":{""lat"":37.567855,""lon"":126.842867,""alt"":305},""targetSpeed"":51.4,""seq"":12}","{""phase"":""G"",""startLLA"":{""lat"":37.567855,""lon"":126.842867,""alt"":305},""endLLA"":{""lat"":37.564492,""lon"":126.803119,""alt"":100},""targetSpeed"":36,""seq"":13}","{""phase"":""I"",""startLLA"":{""lat"":37.564492,""lon"":126.803119,""alt"":100},""endLLA"":{""lat"":37.563535,""lon"":126.791805,""alt"":15},""targetSpeed"":30,""seq"":14}","{""phase"":""J"",""startLLA"":{""lat"":37.563535,""lon"":126.791805,""alt"":15},""endLLA"":{""lat"":37.563535,""lon"":126.791805,""alt"":0},""targetSpeed"":10,""seq"":15}","{""phase"":""K"",""startLLA"":{""lat"":37.563535,""lon"":126.791805,""alt"":0},""endLLA"":{""lat"":37.563535,""lon"":126.791805,""alt"":0},""targetSpeed"":3,""seq"":16}",,,,,
98f166edc22f,2026-07-11,FPL1315030,UAM0101,a6,6,6,1,강남,강남,마곡,마곡,19,G2,F1,G7,F4,19:28:09,19:38:38,19:56:19,20:03:39,20:13:39,629.8,1061.05,440,2130.86,184.09,66.14,ready,강남 > 이수고가차로 > 상도터널 > 63빌딩 > 서강대교 중간지점 > 선유도 17고지 > 성산대교 중간지점 > 가양대교 남단 > 마곡,23.493,16,"{""phase"":""A"",""startLLA"":{""lat"":37.496291,""lon"":127.023303,""alt"":0},""endLLA"":{""lat"":37.496291,""lon"":127.023303,""alt"":0},""targetSpeed"":3,""seq"":1}","{""phase"":""B"",""startLLA"":{""lat"":37.496291,""lon"":127.023303,""alt"":0},""endLLA"":{""lat"":37.496291,""lon"":127.023303,""alt"":15},""targetSpeed"":10,""seq"":2}","{""phase"":""C"",""startLLA"":{""lat"":37.496291,""lon"":127.023303,""alt"":15},""endLLA"":{""lat"":37.496789,""lon"":127.009676,""alt"":100},""targetSpeed"":36,""seq"":3}","{""phase"":""E"",""startLLA"":{""lat"":37.496789,""lon"":127.009676,""alt"":100},""endLLA"":{""lat"":37.497738,""lon"":126.983721,""alt"":233.37},""targetSpeed"":51.4,""seq"":4}","{""phase"":""E"",""startLLA"":{""lat"":37.497738,""lon"":126.983721,""alt"":233.37},""endLLA"":{""lat"":37.502167,""lon"":126.970931,""alt"":305},""targetSpeed"":51.4,""seq"":5}","{""phase"":""F"",""startLLA"":{""lat"":37.502167,""lon"":126.970931,""alt"":305},""endLLA"":{""lat"":37.508684,""lon"":126.95211,""alt"":305},""targetSpeed"":51.4,""seq"":6}","{""phase"":""F"",""startLLA"":{""lat"":37.508684,""lon"":126.95211,""alt"":305},""endLLA"":{""lat"":37.519378,""lon"":126.94021,""alt"":305},""targetSpeed"":51.4,""seq"":7}","{""phase"":""F"",""startLLA"":{""lat"":37.519378,""lon"":126.94021,""alt"":305},""endLLA"":{""lat"":37.536949,""lon"":126.924908,""alt"":305},""targetSpeed"":51.4,""seq"":8}","{""phase"":""F"",""startLLA"":{""lat"":37.536949,""lon"":126.924908,""alt"":305},""endLLA"":{""lat"":37.542307,""lon"":126.90249,""alt"":305},""targetSpeed"":51.4,""seq"":9}","{""phase"":""F"",""startLLA"":{""lat"":37.542307,""lon"":126.90249,""alt"":305},""endLLA"":{""lat"":37.552574,""lon"":126.891431,""alt"":305},""targetSpeed"":51.4,""seq"":10}","{""phase"":""F"",""startLLA"":{""lat"":37.552574,""lon"":126.891431,""alt"":305},""endLLA"":{""lat"":37.569391,""lon"":126.861026,""alt"":305},""targetSpeed"":51.4,""seq"":11}","{""phase"":""F"",""startLLA"":{""lat"":37.569391,""lon"":126.861026,""alt"":305},""endLLA"":{""lat"":37.567855,""lon"":126.842867,""alt"":305},""targetSpeed"":51.4,""seq"":12}","{""phase"":""G"",""startLLA"":{""lat"":37.567855,""lon"":126.842867,""alt"":305},""endLLA"":{""lat"":37.564492,""lon"":126.803119,""alt"":100},""targetSpeed"":36,""seq"":13}","{""phase"":""I"",""startLLA"":{""lat"":37.564492,""lon"":126.803119,""alt"":100},""endLLA"":{""lat"":37.563535,""lon"":126.791805,""alt"":15},""targetSpeed"":30,""seq"":14}","{""phase"":""J"",""startLLA"":{""lat"":37.563535,""lon"":126.791805,""alt"":15},""endLLA"":{""lat"":37.563535,""lon"":126.791805,""alt"":0},""targetSpeed"":10,""seq"":15}","{""phase"":""K"",""startLLA"":{""lat"":37.563535,""lon"":126.791805,""alt"":0},""endLLA"":{""lat"":37.563535,""lon"":126.791805,""alt"":0},""targetSpeed"":3,""seq"":16}",,,,,
98f166edc22f,2026-07-11,FPL1315031,UAM0053,a6,6,6,1,강남,강남,마곡,마곡,19,G6,F2,G2,F4,19:31:32,19:39:57,19:51:54,19:59:44,20:09:44,505.43,716.71,470,1692.14,59.71,35.43,ready,강남 > 이수고가차로 > 상도터널 > 63빌딩 > 서강대교 중간지점 > 선유도 17고지 > 성산대교 중간지점 > 가양대교 남단 > 마곡,23.493,16,"{""phase"":""A"",""startLLA"":{""lat"":37.496291,""lon"":127.023303,""alt"":0},""endLLA"":{""lat"":37.496291,""lon"":127.023303,""alt"":0},""targetSpeed"":3,""seq"":1}","{""phase"":""B"",""startLLA"":{""lat"":37.496291,""lon"":127.023303,""alt"":0},""endLLA"":{""lat"":37.496291,""lon"":127.023303,""alt"":15},""targetSpeed"":10,""seq"":2}","{""phase"":""C"",""startLLA"":{""lat"":37.496291,""lon"":127.023303,""alt"":15},""endLLA"":{""lat"":37.496789,""lon"":127.009676,""alt"":100},""targetSpeed"":36,""seq"":3}","{""phase"":""E"",""startLLA"":{""lat"":37.496789,""lon"":127.009676,""alt"":100},""endLLA"":{""lat"":37.497738,""lon"":126.983721,""alt"":233.37},""targetSpeed"":51.4,""seq"":4}","{""phase"":""E"",""startLLA"":{""lat"":37.497738,""lon"":126.983721,""alt"":233.37},""endLLA"":{""lat"":37.502167,""lon"":126.970931,""alt"":305},""targetSpeed"":51.4,""seq"":5}","{""phase"":""F"",""startLLA"":{""lat"":37.502167,""lon"":126.970931,""alt"":305},""endLLA"":{""lat"":37.508684,""lon"":126.95211,""alt"":305},""targetSpeed"":51.4,""seq"":6}","{""phase"":""F"",""startLLA"":{""lat"":37.508684,""lon"":126.95211,""alt"":305},""endLLA"":{""lat"":37.519378,""lon"":126.94021,""alt"":305},""targetSpeed"":51.4,""seq"":7}","{""phase"":""F"",""startLLA"":{""lat"":37.519378,""lon"":126.94021,""alt"":305},""endLLA"":{""lat"":37.536949,""lon"":126.924908,""alt"":305},""targetSpeed"":51.4,""seq"":8}","{""phase"":""F"",""startLLA"":{""lat"":37.536949,""lon"":126.924908,""alt"":305},""endLLA"":{""lat"":37.542307,""lon"":126.90249,""alt"":305},""targetSpeed"":51.4,""seq"":9}","{""phase"":""F"",""startLLA"":{""lat"":37.542307,""lon"":126.90249,""alt"":305},""endLLA"":{""lat"":37.552574,""lon"":126.891431,""alt"":305},""targetSpeed"":51.4,""seq"":10}","{""phase"":""F"",""startLLA"":{""lat"":37.552574,""lon"":126.891431,""alt"":305},""endLLA"":{""lat"":37.569391,""lon"":126.861026,""alt"":305},""targetSpeed"":51.4,""seq"":11}","{""phase"":""F"",""startLLA"":{""lat"":37.569391,""lon"":126.861026,""alt"":305},""endLLA"":{""lat"":37.567855,""lon"":126.842867,""alt"":305},""targetSpeed"":51.4,""seq"":12}","{""phase"":""G"",""startLLA"":{""lat"":37.567855,""lon"":126.842867,""alt"":305},""endLLA"":{""lat"":37.564492,""lon"":126.803119,""alt"":100},""targetSpeed"":36,""seq"":13}","{""phase"":""I"",""startLLA"":{""lat"":37.564492,""lon"":126.803119,""alt"":100},""endLLA"":{""lat"":37.563535,""lon"":126.791805,""alt"":15},""targetSpeed"":30,""seq"":14}","{""phase"":""J"",""startLLA"":{""lat"":37.563535,""lon"":126.791805,""alt"":15},""endLLA"":{""lat"":37.563535,""lon"":126.791805,""alt"":0},""targetSpeed"":10,""seq"":15}","{""phase"":""K"",""startLLA"":{""lat"":37.563535,""lon"":126.791805,""alt"":0},""endLLA"":{""lat"":37.563535,""lon"":126.791805,""alt"":0},""targetSpeed"":3,""seq"":16}",,,,,
98f166edc22f,2026-07-11,FPL1303018,UAM0063,a8,8,8,1,강남,강남,상암,상암,19,G1,F1,G7,F4,19:34:49,19:44:04,19:49:51,19:57:11,20:07:11,555.52,346.64,440,1342.16,139.8,0,ready,강남 > 이수고가차로 > 상도터널 > 63빌딩 > 서강대교 중간지점 > 선유도 17고지 > 상암,15.0491,14,"{""phase"":""A"",""startLLA"":{""lat"":37.496291,""lon"":127.023303,""alt"":0},""endLLA"":{""lat"":37.496291,""lon"":127.023303,""alt"":0},""targetSpeed"":3,""seq"":1}","{""phase"":""B"",""startLLA"":{""lat"":37.496291,""lon"":127.023303,""alt"":0},""endLLA"":{""lat"":37.496291,""lon"":127.023303,""alt"":15},""targetSpeed"":10,""seq"":2}","{""phase"":""C"",""startLLA"":{""lat"":37.496291,""lon"":127.023303,""alt"":15},""endLLA"":{""lat"":37.496789,""lon"":127.009673,""alt"":100},""targetSpeed"":36,""seq"":3}","{""phase"":""E"",""startLLA"":{""lat"":37.496789,""lon"":127.009673,""alt"":100},""endLLA"":{""lat"":37.497738,""lon"":126.983721,""alt"":233.33},""targetSpeed"":51.4,""seq"":4}","{""phase"":""E"",""startLLA"":{""lat"":37.497738,""lon"":126.983721,""alt"":233.33},""endLLA"":{""lat"":37.50217,""lon"":126.970921,""alt"":305},""targetSpeed"":51.4,""seq"":5}","{""phase"":""F"",""startLLA"":{""lat"":37.50217,""lon"":126.970921,""alt"":305},""endLLA"":{""lat"":37.508684,""lon"":126.95211,""alt"":305},""targetSpeed"":51.4,""seq"":6}","{""phase"":""F"",""startLLA"":{""lat"":37.508684,""lon"":126.95211,""alt"":305},""endLLA"":{""lat"":37.519378,""lon"":126.94021,""alt"":305},""targetSpeed"":51.4,""seq"":7}","{""phase"":""F"",""startLLA"":{""lat"":37.519378,""lon"":126.94021,""alt"":305},""endLLA"":{""lat"":37.536949,""lon"":126.924908,""alt"":305},""targetSpeed"":51.4,""seq"":8}","{""phase"":""F"",""startLLA"":{""lat"":37.536949,""lon"":126.924908,""alt"":305},""endLLA"":{""lat"":37.536976,""lon"":126.924795,""alt"":305},""targetSpeed"":51.4,""seq"":9}","{""phase"":""G"",""startLLA"":{""lat"":37.536976,""lon"":126.924795,""alt"":305},""endLLA"":{""lat"":37.542307,""lon"":126.90249,""alt"":185.51},""targetSpeed"":36,""seq"":10}","{""phase"":""G"",""startLLA"":{""lat"":37.542307,""lon"":126.90249,""alt"":185.51},""endLLA"":{""lat"":37.55418,""lon"":126.895159,""alt"":100},""targetSpeed"":36,""seq"":11}","{""phase"":""I"",""startLLA"":{""lat"":37.55418,""lon"":126.895159,""alt"":100},""endLLA"":{""lat"":37.562282,""lon"":126.890156,""alt"":15},""targetSpeed"":30,""seq"":12}","{""phase"":""J"",""startLLA"":{""lat"":37.562282,""lon"":126.890156,""alt"":15},""endLLA"":{""lat"":37.562282,""lon"":126.890156,""alt"":0},""targetSpeed"":10,""seq"":13}","{""phase"":""K"",""startLLA"":{""lat"":37.562282,""lon"":126.890156,""alt"":0},""endLLA"":{""lat"":37.562282,""lon"":126.890156,""alt"":0},""targetSpeed"":3,""seq"":14}",,,,,,,
98f166edc22f,2026-07-11,FPL1310018,UAM0097,a2,2,2,1,강남,강남,연신내,연신내,19,G4,F1,G7,F4,19:44:00,19:54:32,20:02:36,20:09:56,20:19:56,632.21,483.8,440,1556.02,126.5,0,ready,강남 > 이수고가차로 > 상도터널 > 63빌딩 > 서강대교 중간지점 > 선유도 17고지 > 성산대교 중간지점 > 수색교 > 연신내,22.0994,16,"{""phase"":""A"",""startLLA"":{""lat"":37.496291,""lon"":127.023303,""alt"":0},""endLLA"":{""lat"":37.496291,""lon"":127.023303,""alt"":0},""targetSpeed"":3,""seq"":1}","{""phase"":""B"",""startLLA"":{""lat"":37.496291,""lon"":127.023303,""alt"":0},""endLLA"":{""lat"":37.496291,""lon"":127.023303,""alt"":15},""targetSpeed"":10,""seq"":2}","{""phase"":""C"",""startLLA"":{""lat"":37.496291,""lon"":127.023303,""alt"":15},""endLLA"":{""lat"":37.496789,""lon"":127.009676,""alt"":100},""targetSpeed"":36,""seq"":3}","{""phase"":""E"",""startLLA"":{""lat"":37.496789,""lon"":127.009676,""alt"":100},""endLLA"":{""lat"":37.497738,""lon"":126.983721,""alt"":233.37},""targetSpeed"":51.4,""seq"":4}","{""phase"":""E"",""startLLA"":{""lat"":37.497738,""lon"":126.983721,""alt"":233.37},""endLLA"":{""lat"":37.502167,""lon"":126.970929,""alt"":305},""targetSpeed"":51.4,""seq"":5}","{""phase"":""F"",""startLLA"":{""lat"":37.502167,""lon"":126.970929,""alt"":305},""endLLA"":{""lat"":37.508684,""lon"":126.95211,""alt"":305},""targetSpeed"":51.4,""seq"":6}","{""phase"":""F"",""startLLA"":{""lat"":37.508684,""lon"":126.95211,""alt"":305},""endLLA"":{""lat"":37.519378,""lon"":126.94021,""alt"":305},""targetSpeed"":51.4,""seq"":7}","{""phase"":""F"",""startLLA"":{""lat"":37.519378,""lon"":126.94021,""alt"":305},""endLLA"":{""lat"":37.536949,""lon"":126.924908,""alt"":305},""targetSpeed"":51.4,""seq"":8}","{""phase"":""F"",""startLLA"":{""lat"":37.536949,""lon"":126.924908,""alt"":305},""endLLA"":{""lat"":37.542307,""lon"":126.90249,""alt"":305},""targetSpeed"":51.4,""seq"":9}","{""phase"":""F"",""startLLA"":{""lat"":37.542307,""lon"":126.90249,""alt"":305},""endLLA"":{""lat"":37.552574,""lon"":126.891431,""alt"":305},""targetSpeed"":51.4,""seq"":10}","{""phase"":""F"",""startLLA"":{""lat"":37.552574,""lon"":126.891431,""alt"":305},""endLLA"":{""lat"":37.583699,""lon"":126.886697,""alt"":305},""targetSpeed"":51.4,""seq"":11}","{""phase"":""G"",""startLLA"":{""lat"":37.583699,""lon"":126.886697,""alt"":305},""endLLA"":{""lat"":37.586283,""lon"":126.886304,""alt"":288.16},""targetSpeed"":36,""seq"":12}","{""phase"":""G"",""startLLA"":{""lat"":37.586283,""lon"":126.886304,""alt"":288.16},""endLLA"":{""lat"":37.60526,""lon"":126.914121,""alt"":100},""targetSpeed"":36,""seq"":13}","{""phase"":""I"",""startLLA"":{""lat"":37.60526,""lon"":126.914121,""alt"":100},""endLLA"":{""lat"":37.611145,""lon"":126.922747,""alt"":15},""targetSpeed"":30,""seq"":14}","{""phase"":""J"",""startLLA"":{""lat"":37.611145,""lon"":126.922747,""alt"":15},""endLLA"":{""lat"":37.611145,""lon"":126.922747,""alt"":0},""targetSpeed"":10,""seq"":15}","{""phase"":""K"",""startLLA"":{""lat"":37.611145,""lon"":126.922747,""alt"":0},""endLLA"":{""lat"":37.611145,""lon"":126.922747,""alt"":0},""targetSpeed"":3,""seq"":16}",,,,,
98f166edc22f,2026-07-11,FPL1314028,UAM0014,a6,6,6,1,강남,강남,가산,가산,19,G8,F2,G4,F3,19:47:21,19:55:46,20:01:21,20:08:11,20:18:11,505.71,334.77,410,1250.48,0,0,ready,강남 > 채석장 > 180고지 > 가산,14.4391,11,"{""phase"":""A"",""startLLA"":{""lat"":37.496291,""lon"":127.023303,""alt"":0},""endLLA"":{""lat"":37.496291,""lon"":127.023303,""alt"":0},""targetSpeed"":3,""seq"":1}","{""phase"":""B"",""startLLA"":{""lat"":37.496291,""lon"":127.023303,""alt"":0},""endLLA"":{""lat"":37.496291,""lon"":127.023303,""alt"":15},""targetSpeed"":10,""seq"":2}","{""phase"":""C"",""startLLA"":{""lat"":37.496291,""lon"":127.023303,""alt"":15},""endLLA"":{""lat"":37.489331,""lon"":127.012849,""alt"":100},""targetSpeed"":36,""seq"":3}","{""phase"":""E"",""startLLA"":{""lat"":37.489331,""lon"":127.012849,""alt"":100},""endLLA"":{""lat"":37.471285,""lon"":126.985745,""alt"":281.55},""targetSpeed"":51.4,""seq"":4}","{""phase"":""E"",""startLLA"":{""lat"":37.471285,""lon"":126.985745,""alt"":281.55},""endLLA"":{""lat"":37.473124,""lon"":126.981806,""alt"":305},""targetSpeed"":51.4,""seq"":5}","{""phase"":""F"",""startLLA"":{""lat"":37.473124,""lon"":126.981806,""alt"":305},""endLLA"":{""lat"":37.492877,""lon"":126.93949,""alt"":305},""targetSpeed"":51.4,""seq"":6}","{""phase"":""F"",""startLLA"":{""lat"":37.492877,""lon"":126.93949,""alt"":305},""endLLA"":{""lat"":37.492284,""lon"":126.929979,""alt"":305},""targetSpeed"":51.4,""seq"":7}","{""phase"":""G"",""startLLA"":{""lat"":37.492284,""lon"":126.929979,""alt"":305},""endLLA"":{""lat"":37.489798,""lon"":126.890147,""alt"":100},""targetSpeed"":36,""seq"":8}","{""phase"":""I"",""startLLA"":{""lat"":37.489798,""lon"":126.890147,""alt"":100},""endLLA"":{""lat"":37.489091,""lon"":126.878809,""alt"":15},""targetSpeed"":30,""seq"":9}","{""phase"":""J"",""startLLA"":{""lat"":37.489091,""lon"":126.878809,""alt"":15},""endLLA"":{""lat"":37.489091,""lon"":126.878809,""alt"":0},""targetSpeed"":10,""seq"":10}","{""phase"":""K"",""startLLA"":{""lat"":37.489091,""lon"":126.878809,""alt"":0},""endLLA"":{""lat"":37.489091,""lon"":126.878809,""alt"":0},""targetSpeed"":3,""seq"":11}",,,,,,,,,,
98f166edc22f,2026-07-11,FPL1305041,UAM0013,a6,6,6,1,강남,강남,목동,목동,19,G3,F1,G8,F4,19:48:56,19:59:57,20:05:53,20:12:43,20:22:43,661.93,355.28,410,1427.2,186.21,0,ready,강남 > 이수고가차로 > 상도터널 > 63빌딩 > 서강대교 중간지점 > 선유도 17고지 > 목동,15.4931,14,"{""phase"":""A"",""startLLA"":{""lat"":37.496291,""lon"":127.023303,""alt"":0},""endLLA"":{""lat"":37.496291,""lon"":127.023303,""alt"":0},""targetSpeed"":3,""seq"":1}","{""phase"":""B"",""startLLA"":{""lat"":37.496291,""lon"":127.023303,""alt"":0},""endLLA"":{""lat"":37.496291,""lon"":127.023303,""alt"":15},""targetSpeed"":10,""seq"":2}","{""phase"":""C"",""startLLA"":{""lat"":37.496291,""lon"":127.023303,""alt"":15},""endLLA"":{""lat"":37.496789,""lon"":127.009673,""alt"":100},""targetSpeed"":36,""seq"":3}","{""phase"":""E"",""startLLA"":{""lat"":37.496789,""lon"":127.009673,""alt"":100},""endLLA"":{""lat"":37.497738,""lon"":126.983721,""alt"":233.33},""targetSpeed"":51.4,""seq"":4}","{""phase"":""E"",""startLLA"":{""lat"":37.497738,""lon"":126.983721,""alt"":233.33},""endLLA"":{""lat"":37.50217,""lon"":126.970921,""alt"":305},""targetSpeed"":51.4,""seq"":5}","{""phase"":""F"",""startLLA"":{""lat"":37.50217,""lon"":126.970921,""alt"":305},""endLLA"":{""lat"":37.508684,""lon"":126.95211,""alt"":305},""targetSpeed"":51.4,""seq"":6}","{""phase"":""F"",""startLLA"":{""lat"":37.508684,""lon"":126.95211,""alt"":305},""endLLA"":{""lat"":37.519378,""lon"":126.94021,""alt"":305},""targetSpeed"":51.4,""seq"":7}","{""phase"":""F"",""startLLA"":{""lat"":37.519378,""lon"":126.94021,""alt"":305},""endLLA"":{""lat"":37.536949,""lon"":126.924908,""alt"":305},""targetSpeed"":51.4,""seq"":8}","{""phase"":""F"",""startLLA"":{""lat"":37.536949,""lon"":126.924908,""alt"":305},""endLLA"":{""lat"":37.538128,""lon"":126.919977,""alt"":305},""targetSpeed"":51.4,""seq"":9}","{""phase"":""G"",""startLLA"":{""lat"":37.538128,""lon"":126.919977,""alt"":305},""endLLA"":{""lat"":37.542307,""lon"":126.90249,""alt"":211.32},""targetSpeed"":36,""seq"":10}","{""phase"":""G"",""startLLA"":{""lat"":37.542307,""lon"":126.90249,""alt"":211.32},""endLLA"":{""lat"":37.531833,""lon"":126.88527,""alt"":100},""targetSpeed"":36,""seq"":11}","{""phase"":""I"",""startLLA"":{""lat"":37.531833,""lon"":126.88527,""alt"":100},""endLLA"":{""lat"":37.526343,""lon"":126.876243,""alt"":15},""targetSpeed"":30,""seq"":12}","{""phase"":""J"",""startLLA"":{""lat"":37.526343,""lon"":126.876243,""alt"":15},""endLLA"":{""lat"":37.526343,""lon"":126.876243,""alt"":0},""targetSpeed"":10,""seq"":13}","{""phase"":""K"",""startLLA"":{""lat"":37.526343,""lon"":126.876243,""alt"":0},""endLLA"":{""lat"":37.526343,""lon"":126.876243,""alt"":0},""targetSpeed"":3,""seq"":14}",,,,,,,
98f166edc22f,2026-07-11,FPL1306018,UAM0026,a2,2,2,1,강남,강남,미아,미아,19,G7,F2,G2,F4,19:52:16,20:01:12,20:12:28,20:20:18,20:30:18,536.43,676.13,470,1682.56,60.71,237.64,ready,강남 > 청담대교 중간지점 > 건대입구 > 중랑천 제방길 > 상봉 > 월릉교 > 미아,19.77,14,"{""phase"":""A"",""startLLA"":{""lat"":37.496291,""lon"":127.023303,""alt"":0},""endLLA"":{""lat"":37.496291,""lon"":127.023303,""alt"":0},""targetSpeed"":3,""seq"":1}","{""phase"":""B"",""startLLA"":{""lat"":37.496291,""lon"":127.023303,""alt"":0},""endLLA"":{""lat"":37.496291,""lon"":127.023303,""alt"":15},""targetSpeed"":10,""seq"":2}","{""phase"":""C"",""startLLA"":{""lat"":37.496291,""lon"":127.023303,""alt"":15},""endLLA"":{""lat"":37.503643,""lon"":127.033311,""alt"":100},""targetSpeed"":36,""seq"":3}","{""phase"":""E"",""startLLA"":{""lat"":37.503643,""lon"":127.033311,""alt"":100},""endLLA"":{""lat"":37.525166,""lon"":127.062612,""alt"":305},""targetSpeed"":51.4,""seq"":4}","{""phase"":""F"",""startLLA"":{""lat"":37.525166,""lon"":127.062612,""alt"":305},""endLLA"":{""lat"":37.526451,""lon"":127.064361,""alt"":305},""targetSpeed"":51.4,""seq"":5}","{""phase"":""F"",""startLLA"":{""lat"":37.526451,""lon"":127.064361,""alt"":305},""endLLA"":{""lat"":37.540426,""lon"":127.069298,""alt"":305},""targetSpeed"":51.4,""seq"":6}","{""phase"":""F"",""startLLA"":{""lat"":37.540426,""lon"":127.069298,""alt"":305},""endLLA"":{""lat"":37.580774,""lon"":127.077387,""alt"":305},""targetSpeed"":51.4,""seq"":7}","{""phase"":""F"",""startLLA"":{""lat"":37.580774,""lon"":127.077387,""alt"":305},""endLLA"":{""lat"":37.596919,""lon"":127.084854,""alt"":305},""targetSpeed"":51.4,""seq"":8}","{""phase"":""F"",""startLLA"":{""lat"":37.596919,""lon"":127.084854,""alt"":305},""endLLA"":{""lat"":37.614364,""lon"":127.072717,""alt"":305},""targetSpeed"":51.4,""seq"":9}","{""phase"":""G"",""startLLA"":{""lat"":37.614364,""lon"":127.072717,""alt"":305},""endLLA"":{""lat"":37.616266,""lon"":127.071394,""alt"":290.95},""targetSpeed"":36,""seq"":10}","{""phase"":""G"",""startLLA"":{""lat"":37.616266,""lon"":127.071394,""alt"":290.95},""endLLA"":{""lat"":37.626944,""lon"":127.036666,""alt"":100},""targetSpeed"":36,""seq"":11}","{""phase"":""I"",""startLLA"":{""lat"":37.626944,""lon"":127.036666,""alt"":100},""endLLA"":{""lat"":37.630207,""lon"":127.026053,""alt"":15},""targetSpeed"":30,""seq"":12}","{""phase"":""J"",""startLLA"":{""lat"":37.630207,""lon"":127.026053,""alt"":15},""endLLA"":{""lat"":37.630207,""lon"":127.026053,""alt"":0},""targetSpeed"":10,""seq"":13}","{""phase"":""K"",""startLLA"":{""lat"":37.630207,""lon"":127.026053,""alt"":0},""endLLA"":{""lat"":37.630207,""lon"":127.026053,""alt"":0},""targetSpeed"":3,""seq"":14}",,,,,,,
98f166edc22f,2026-07-11,FPL1306019,UAM0095,a8,8,6,0.75,강남,강남,미아,미아,19,G2,F1,G5,F3,19:53:51,20:05:23,20:20:04,20:28:24,20:38:24,692.64,880.56,500,2073.2,246.93,442.07,ready,강남 > 청담대교 중간지점 > 건대입구 > 중랑천 제방길 > 상봉 > 월릉교 > 미아,19.77,14,"{""phase"":""A"",""startLLA"":{""lat"":37.496291,""lon"":127.023303,""alt"":0},""endLLA"":{""lat"":37.496291,""lon"":127.023303,""alt"":0},""targetSpeed"":3,""seq"":1}","{""phase"":""B"",""startLLA"":{""lat"":37.496291,""lon"":127.023303,""alt"":0},""endLLA"":{""lat"":37.496291,""lon"":127.023303,""alt"":15},""targetSpeed"":10,""seq"":2}","{""phase"":""C"",""startLLA"":{""lat"":37.496291,""lon"":127.023303,""alt"":15},""endLLA"":{""lat"":37.503643,""lon"":127.033311,""alt"":100},""targetSpeed"":36,""seq"":3}","{""phase"":""E"",""startLLA"":{""lat"":37.503643,""lon"":127.033311,""alt"":100},""endLLA"":{""lat"":37.525166,""lon"":127.062612,""alt"":305},""targetSpeed"":51.4,""seq"":4}","{""phase"":""F"",""startLLA"":{""lat"":37.525166,""lon"":127.062612,""alt"":305},""endLLA"":{""lat"":37.526451,""lon"":127.064361,""alt"":305},""targetSpeed"":51.4,""seq"":5}","{""phase"":""F"",""startLLA"":{""lat"":37.526451,""lon"":127.064361,""alt"":305},""endLLA"":{""lat"":37.540426,""lon"":127.069298,""alt"":305},""targetSpeed"":51.4,""seq"":6}","{""phase"":""F"",""startLLA"":{""lat"":37.540426,""lon"":127.069298,""alt"":305},""endLLA"":{""lat"":37.580774,""lon"":127.077387,""alt"":305},""targetSpeed"":51.4,""seq"":7}","{""phase"":""F"",""startLLA"":{""lat"":37.580774,""lon"":127.077387,""alt"":305},""endLLA"":{""lat"":37.596919,""lon"":127.084854,""alt"":305},""targetSpeed"":51.4,""seq"":8}","{""phase"":""F"",""startLLA"":{""lat"":37.596919,""lon"":127.084854,""alt"":305},""endLLA"":{""lat"":37.614364,""lon"":127.072717,""alt"":305},""targetSpeed"":51.4,""seq"":9}","{""phase"":""G"",""startLLA"":{""lat"":37.614364,""lon"":127.072717,""alt"":305},""endLLA"":{""lat"":37.616266,""lon"":127.071394,""alt"":290.95},""targetSpeed"":36,""seq"":10}","{""phase"":""G"",""startLLA"":{""lat"":37.616266,""lon"":127.071394,""alt"":290.95},""endLLA"":{""lat"":37.626944,""lon"":127.036666,""alt"":100},""targetSpeed"":36,""seq"":11}","{""phase"":""I"",""startLLA"":{""lat"":37.626944,""lon"":127.036666,""alt"":100},""endLLA"":{""lat"":37.630207,""lon"":127.026053,""alt"":15},""targetSpeed"":30,""seq"":12}","{""phase"":""J"",""startLLA"":{""lat"":37.630207,""lon"":127.026053,""alt"":15},""endLLA"":{""lat"":37.630207,""lon"":127.026053,""alt"":0},""targetSpeed"":10,""seq"":13}","{""phase"":""K"",""startLLA"":{""lat"":37.630207,""lon"":127.026053,""alt"":0},""endLLA"":{""lat"":37.630207,""lon"":127.026053,""alt"":0},""targetSpeed"":3,""seq"":14}",,,,,,,
98f166edc22f,2026-07-11,FPL1310019,UAM0049,a2,2,2,1,강남,강남,연신내,연신내,19,G6,F2,G8,F4,19:57:12,20:06:38,20:14:41,20:21:31,20:31:31,566.14,483.8,410,1459.95,120.43,0,ready,강남 > 이수고가차로 > 상도터널 > 63빌딩 > 서강대교 중간지점 > 선유도 17고지 > 성산대교 중간지점 > 수색교 > 연신내,22.0994,16,"{""phase"":""A"",""startLLA"":{""lat"":37.496291,""lon"":127.023303,""alt"":0},""endLLA"":{""lat"":37.496291,""lon"":127.023303,""alt"":0},""targetSpeed"":3,""seq"":1}","{""phase"":""B"",""startLLA"":{""lat"":37.496291,""lon"":127.023303,""alt"":0},""endLLA"":{""lat"":37.496291,""lon"":127.023303,""alt"":15},""targetSpeed"":10,""seq"":2}","{""phase"":""C"",""startLLA"":{""lat"":37.496291,""lon"":127.023303,""alt"":15},""endLLA"":{""lat"":37.496789,""lon"":127.009676,""alt"":100},""targetSpeed"":36,""seq"":3}","{""phase"":""E"",""startLLA"":{""lat"":37.496789,""lon"":127.009676,""alt"":100},""endLLA"":{""lat"":37.497738,""lon"":126.983721,""alt"":233.37},""targetSpeed"":51.4,""seq"":4}","{""phase"":""E"",""startLLA"":{""lat"":37.497738,""lon"":126.983721,""alt"":233.37},""endLLA"":{""lat"":37.502167,""lon"":126.970929,""alt"":305},""targetSpeed"":51.4,""seq"":5}","{""phase"":""F"",""startLLA"":{""lat"":37.502167,""lon"":126.970929,""alt"":305},""endLLA"":{""lat"":37.508684,""lon"":126.95211,""alt"":305},""targetSpeed"":51.4,""seq"":6}","{""phase"":""F"",""startLLA"":{""lat"":37.508684,""lon"":126.95211,""alt"":305},""endLLA"":{""lat"":37.519378,""lon"":126.94021,""alt"":305},""targetSpeed"":51.4,""seq"":7}","{""phase"":""F"",""startLLA"":{""lat"":37.519378,""lon"":126.94021,""alt"":305},""endLLA"":{""lat"":37.536949,""lon"":126.924908,""alt"":305},""targetSpeed"":51.4,""seq"":8}","{""phase"":""F"",""startLLA"":{""lat"":37.536949,""lon"":126.924908,""alt"":305},""endLLA"":{""lat"":37.542307,""lon"":126.90249,""alt"":305},""targetSpeed"":51.4,""seq"":9}","{""phase"":""F"",""startLLA"":{""lat"":37.542307,""lon"":126.90249,""alt"":305},""endLLA"":{""lat"":37.552574,""lon"":126.891431,""alt"":305},""targetSpeed"":51.4,""seq"":10}","{""phase"":""F"",""startLLA"":{""lat"":37.552574,""lon"":126.891431,""alt"":305},""endLLA"":{""lat"":37.583699,""lon"":126.886697,""alt"":305},""targetSpeed"":51.4,""seq"":11}","{""phase"":""G"",""startLLA"":{""lat"":37.583699,""lon"":126.886697,""alt"":305},""endLLA"":{""lat"":37.586283,""lon"":126.886304,""alt"":288.16},""targetSpeed"":36,""seq"":12}","{""phase"":""G"",""startLLA"":{""lat"":37.586283,""lon"":126.886304,""alt"":288.16},""endLLA"":{""lat"":37.60526,""lon"":126.914121,""alt"":100},""targetSpeed"":36,""seq"":13}","{""phase"":""I"",""startLLA"":{""lat"":37.60526,""lon"":126.914121,""alt"":100},""endLLA"":{""lat"":37.611145,""lon"":126.922747,""alt"":15},""targetSpeed"":30,""seq"":14}","{""phase"":""J"",""startLLA"":{""lat"":37.611145,""lon"":126.922747,""alt"":15},""endLLA"":{""lat"":37.611145,""lon"":126.922747,""alt"":0},""targetSpeed"":10,""seq"":15}","{""phase"":""K"",""startLLA"":{""lat"":37.611145,""lon"":126.922747,""alt"":0},""endLLA"":{""lat"":37.611145,""lon"":126.922747,""alt"":0},""targetSpeed"":3,""seq"":16}",,,,,
98f166edc22f,2026-07-11,FPL1311040,UAM0006,a6,6,5,0.8333,강남,강남,천호,천호,19,G1,F1,G8,F3,19:58:47,20:10:49,20:15:12,20:22:02,20:32:02,722.35,263.39,410,1395.74,306.64,0,ready,강남 > 청담대교 중간지점 > 잠실대교 중간지점 > 천호,10.7701,11,"{""phase"":""A"",""startLLA"":{""lat"":37.496291,""lon"":127.023303,""alt"":0},""endLLA"":{""lat"":37.496291,""lon"":127.023303,""alt"":0},""targetSpeed"":3,""seq"":1}","{""phase"":""B"",""startLLA"":{""lat"":37.496291,""lon"":127.023303,""alt"":0},""endLLA"":{""lat"":37.496291,""lon"":127.023303,""alt"":15},""targetSpeed"":10,""seq"":2}","{""phase"":""C"",""startLLA"":{""lat"":37.496291,""lon"":127.023303,""alt"":15},""endLLA"":{""lat"":37.503645,""lon"":127.033315,""alt"":100},""targetSpeed"":36,""seq"":3}","{""phase"":""E"",""startLLA"":{""lat"":37.503645,""lon"":127.033315,""alt"":100},""endLLA"":{""lat"":37.525177,""lon"":127.062626,""alt"":305},""targetSpeed"":51.4,""seq"":4}","{""phase"":""F"",""startLLA"":{""lat"":37.525177,""lon"":127.062626,""alt"":305},""endLLA"":{""lat"":37.526451,""lon"":127.064361,""alt"":305},""targetSpeed"":51.4,""seq"":5}","{""phase"":""F"",""startLLA"":{""lat"":37.526451,""lon"":127.064361,""alt"":305},""endLLA"":{""lat"":37.52529,""lon"":127.079002,""alt"":305},""targetSpeed"":51.4,""seq"":6}","{""phase"":""G"",""startLLA"":{""lat"":37.52529,""lon"":127.079002,""alt"":305},""endLLA"":{""lat"":37.524288,""lon"":127.091639,""alt"":239.84},""targetSpeed"":36,""seq"":7}","{""phase"":""G"",""startLLA"":{""lat"":37.524288,""lon"":127.091639,""alt"":239.84},""endLLA"":{""lat"":37.539419,""lon"":127.111107,""alt"":100},""targetSpeed"":36,""seq"":8}","{""phase"":""I"",""startLLA"":{""lat"":37.539419,""lon"":127.111107,""alt"":100},""endLLA"":{""lat"":37.545733,""lon"":127.11923,""alt"":15},""targetSpeed"":30,""seq"":9}","{""phase"":""J"",""startLLA"":{""lat"":37.545733,""lon"":127.11923,""alt"":15},""endLLA"":{""lat"":37.545733,""lon"":127.11923,""alt"":0},""targetSpeed"":10,""seq"":10}","{""phase"":""K"",""startLLA"":{""lat"":37.545733,""lon"":127.11923,""alt"":0},""endLLA"":{""lat"":37.545733,""lon"":127.11923,""alt"":0},""targetSpeed"":3,""seq"":11}",,,,,,,,,,
98f166edc22f,2026-07-11,FPL1314029,UAM0100,a4,4,4,1,강남,강남,가산,가산,20,G5,F2,G1,F4,20:02:08,20:12:03,20:17:38,20:25:58,20:35:58,595.86,334.77,500,1430.63,180.14,0,ready,강남 > 채석장 > 180고지 > 가산,14.4391,11,"{""phase"":""A"",""startLLA"":{""lat"":37.496291,""lon"":127.023303,""alt"":0},""endLLA"":{""lat"":37.496291,""lon"":127.023303,""alt"":0},""targetSpeed"":3,""seq"":1}","{""phase"":""B"",""startLLA"":{""lat"":37.496291,""lon"":127.023303,""alt"":0},""endLLA"":{""lat"":37.496291,""lon"":127.023303,""alt"":15},""targetSpeed"":10,""seq"":2}","{""phase"":""C"",""startLLA"":{""lat"":37.496291,""lon"":127.023303,""alt"":15},""endLLA"":{""lat"":37.489331,""lon"":127.012849,""alt"":100},""targetSpeed"":36,""seq"":3}","{""phase"":""E"",""startLLA"":{""lat"":37.489331,""lon"":127.012849,""alt"":100},""endLLA"":{""lat"":37.471285,""lon"":126.985745,""alt"":281.55},""targetSpeed"":51.4,""seq"":4}","{""phase"":""E"",""startLLA"":{""lat"":37.471285,""lon"":126.985745,""alt"":281.55},""endLLA"":{""lat"":37.473124,""lon"":126.981806,""alt"":305},""targetSpeed"":51.4,""seq"":5}","{""phase"":""F"",""startLLA"":{""lat"":37.473124,""lon"":126.981806,""alt"":305},""endLLA"":{""lat"":37.492877,""lon"":126.93949,""alt"":305},""targetSpeed"":51.4,""seq"":6}","{""phase"":""F"",""startLLA"":{""lat"":37.492877,""lon"":126.93949,""alt"":305},""endLLA"":{""lat"":37.492284,""lon"":126.929979,""alt"":305},""targetSpeed"":51.4,""seq"":7}","{""phase"":""G"",""startLLA"":{""lat"":37.492284,""lon"":126.929979,""alt"":305},""endLLA"":{""lat"":37.489798,""lon"":126.890147,""alt"":100},""targetSpeed"":36,""seq"":8}","{""phase"":""I"",""startLLA"":{""lat"":37.489798,""lon"":126.890147,""alt"":100},""endLLA"":{""lat"":37.489091,""lon"":126.878809,""alt"":15},""targetSpeed"":30,""seq"":9}","{""phase"":""J"",""startLLA"":{""lat"":37.489091,""lon"":126.878809,""alt"":15},""endLLA"":{""lat"":37.489091,""lon"":126.878809,""alt"":0},""targetSpeed"":10,""seq"":10}","{""phase"":""K"",""startLLA"":{""lat"":37.489091,""lon"":126.878809,""alt"":0},""endLLA"":{""lat"":37.489091,""lon"":126.878809,""alt"":0},""targetSpeed"":3,""seq"":11}",,,,,,,,,,
98f166edc22f,2026-07-11,FPL1310020,UAM0070,a6,6,6,1,강남,강남,연신내,연신내,20,G4,F1,G7,F4,20:02:29,20:16:15,20:24:18,20:31:38,20:41:38,826.07,483.8,440,1749.87,320.35,0,ready,강남 > 이수고가차로 > 상도터널 > 63빌딩 > 서강대교 중간지점 > 선유도 17고지 > 성산대교 중간지점 > 수색교 > 연신내,22.0994,16,"{""phase"":""A"",""startLLA"":{""lat"":37.496291,""lon"":127.023303,""alt"":0},""endLLA"":{""lat"":37.496291,""lon"":127.023303,""alt"":0},""targetSpeed"":3,""seq"":1}","{""phase"":""B"",""startLLA"":{""lat"":37.496291,""lon"":127.023303,""alt"":0},""endLLA"":{""lat"":37.496291,""lon"":127.023303,""alt"":15},""targetSpeed"":10,""seq"":2}","{""phase"":""C"",""startLLA"":{""lat"":37.496291,""lon"":127.023303,""alt"":15},""endLLA"":{""lat"":37.496789,""lon"":127.009676,""alt"":100},""targetSpeed"":36,""seq"":3}","{""phase"":""E"",""startLLA"":{""lat"":37.496789,""lon"":127.009676,""alt"":100},""endLLA"":{""lat"":37.497738,""lon"":126.983721,""alt"":233.37},""targetSpeed"":51.4,""seq"":4}","{""phase"":""E"",""startLLA"":{""lat"":37.497738,""lon"":126.983721,""alt"":233.37},""endLLA"":{""lat"":37.502167,""lon"":126.970929,""alt"":305},""targetSpeed"":51.4,""seq"":5}","{""phase"":""F"",""startLLA"":{""lat"":37.502167,""lon"":126.970929,""alt"":305},""endLLA"":{""lat"":37.508684,""lon"":126.95211,""alt"":305},""targetSpeed"":51.4,""seq"":6}","{""phase"":""F"",""startLLA"":{""lat"":37.508684,""lon"":126.95211,""alt"":305},""endLLA"":{""lat"":37.519378,""lon"":126.94021,""alt"":305},""targetSpeed"":51.4,""seq"":7}","{""phase"":""F"",""startLLA"":{""lat"":37.519378,""lon"":126.94021,""alt"":305},""endLLA"":{""lat"":37.536949,""lon"":126.924908,""alt"":305},""targetSpeed"":51.4,""seq"":8}","{""phase"":""F"",""startLLA"":{""lat"":37.536949,""lon"":126.924908,""alt"":305},""endLLA"":{""lat"":37.542307,""lon"":126.90249,""alt"":305},""targetSpeed"":51.4,""seq"":9}","{""phase"":""F"",""startLLA"":{""lat"":37.542307,""lon"":126.90249,""alt"":305},""endLLA"":{""lat"":37.552574,""lon"":126.891431,""alt"":305},""targetSpeed"":51.4,""seq"":10}","{""phase"":""F"",""startLLA"":{""lat"":37.552574,""lon"":126.891431,""alt"":305},""endLLA"":{""lat"":37.583699,""lon"":126.886697,""alt"":305},""targetSpeed"":51.4,""seq"":11}","{""phase"":""G"",""startLLA"":{""lat"":37.583699,""lon"":126.886697,""alt"":305},""endLLA"":{""lat"":37.586283,""lon"":126.886304,""alt"":288.16},""targetSpeed"":36,""seq"":12}","{""phase"":""G"",""startLLA"":{""lat"":37.586283,""lon"":126.886304,""alt"":288.16},""endLLA"":{""lat"":37.60526,""lon"":126.914121,""alt"":100},""targetSpeed"":36,""seq"":13}","{""phase"":""I"",""startLLA"":{""lat"":37.60526,""lon"":126.914121,""alt"":100},""endLLA"":{""lat"":37.611145,""lon"":126.922747,""alt"":15},""targetSpeed"":30,""seq"":14}","{""phase"":""J"",""startLLA"":{""lat"":37.611145,""lon"":126.922747,""alt"":15},""endLLA"":{""lat"":37.611145,""lon"":126.922747,""alt"":0},""targetSpeed"":10,""seq"":15}","{""phase"":""K"",""startLLA"":{""lat"":37.611145,""lon"":126.922747,""alt"":0},""endLLA"":{""lat"":37.611145,""lon"":126.922747,""alt"":0},""targetSpeed"":3,""seq"":16}",,,,,
98f166edc22f,2026-07-11,FPL1305042,UAM0120,a8,8,8,1,강남,강남,목동,목동,20,G8,F2,G8,F4,20:09:37,20:18:02,20:24:42,20:31:52,20:41:52,505.71,399.84,430.29,1335.85,0,64.86,ready,강남 > 이수고가차로 > 상도터널 > 63빌딩 > 서강대교 중간지점 > 선유도 17고지 > 목동,15.4931,14,"{""phase"":""A"",""startLLA"":{""lat"":37.496291,""lon"":127.023303,""alt"":0},""endLLA"":{""lat"":37.496291,""lon"":127.023303,""alt"":0},""targetSpeed"":3,""seq"":1}","{""phase"":""B"",""startLLA"":{""lat"":37.496291,""lon"":127.023303,""alt"":0},""endLLA"":{""lat"":37.496291,""lon"":127.023303,""alt"":15},""targetSpeed"":10,""seq"":2}","{""phase"":""C"",""startLLA"":{""lat"":37.496291,""lon"":127.023303,""alt"":15},""endLLA"":{""lat"":37.496789,""lon"":127.009673,""alt"":100},""targetSpeed"":36,""seq"":3}","{""phase"":""E"",""startLLA"":{""lat"":37.496789,""lon"":127.009673,""alt"":100},""endLLA"":{""lat"":37.497738,""lon"":126.983721,""alt"":233.33},""targetSpeed"":51.4,""seq"":4}","{""phase"":""E"",""startLLA"":{""lat"":37.497738,""lon"":126.983721,""alt"":233.33},""endLLA"":{""lat"":37.50217,""lon"":126.970921,""alt"":305},""targetSpeed"":51.4,""seq"":5}","{""phase"":""F"",""startLLA"":{""lat"":37.50217,""lon"":126.970921,""alt"":305},""endLLA"":{""lat"":37.508684,""lon"":126.95211,""alt"":305},""targetSpeed"":51.4,""seq"":6}","{""phase"":""F"",""startLLA"":{""lat"":37.508684,""lon"":126.95211,""alt"":305},""endLLA"":{""lat"":37.519378,""lon"":126.94021,""alt"":305},""targetSpeed"":51.4,""seq"":7}","{""phase"":""F"",""startLLA"":{""lat"":37.519378,""lon"":126.94021,""alt"":305},""endLLA"":{""lat"":37.536949,""lon"":126.924908,""alt"":305},""targetSpeed"":51.4,""seq"":8}","{""phase"":""F"",""startLLA"":{""lat"":37.536949,""lon"":126.924908,""alt"":305},""endLLA"":{""lat"":37.538128,""lon"":126.919977,""alt"":305},""targetSpeed"":51.4,""seq"":9}","{""phase"":""G"",""startLLA"":{""lat"":37.538128,""lon"":126.919977,""alt"":305},""endLLA"":{""lat"":37.542307,""lon"":126.90249,""alt"":211.32},""targetSpeed"":36,""seq"":10}","{""phase"":""G"",""startLLA"":{""lat"":37.542307,""lon"":126.90249,""alt"":211.32},""endLLA"":{""lat"":37.531833,""lon"":126.88527,""alt"":100},""targetSpeed"":36,""seq"":11}","{""phase"":""I"",""startLLA"":{""lat"":37.531833,""lon"":126.88527,""alt"":100},""endLLA"":{""lat"":37.526343,""lon"":126.876243,""alt"":15},""targetSpeed"":30,""seq"":12}","{""phase"":""J"",""startLLA"":{""lat"":37.526343,""lon"":126.876243,""alt"":15},""endLLA"":{""lat"":37.526343,""lon"":126.876243,""alt"":0},""targetSpeed"":10,""seq"":13}","{""phase"":""K"",""startLLA"":{""lat"":37.526343,""lon"":126.876243,""alt"":0},""endLLA"":{""lat"":37.526343,""lon"":126.876243,""alt"":0},""targetSpeed"":3,""seq"":14}",,,,,,,
98f166edc22f,2026-07-11,FPL1303019,UAM0043,a4,4,4,1,강남,강남,상암,상암,20,G3,F1,G3,F4,20:17:32,20:25:27,20:31:14,20:38:34,20:48:34,475.71,346.64,440,1262.35,0,0,ready,강남 > 이수고가차로 > 상도터널 > 63빌딩 > 서강대교 중간지점 > 선유도 17고지 > 상암,15.0491,14,"{""phase"":""A"",""startLLA"":{""lat"":37.496291,""lon"":127.023303,""alt"":0},""endLLA"":{""lat"":37.496291,""lon"":127.023303,""alt"":0},""targetSpeed"":3,""seq"":1}","{""phase"":""B"",""startLLA"":{""lat"":37.496291,""lon"":127.023303,""alt"":0},""endLLA"":{""lat"":37.496291,""lon"":127.023303,""alt"":15},""targetSpeed"":10,""seq"":2}","{""phase"":""C"",""startLLA"":{""lat"":37.496291,""lon"":127.023303,""alt"":15},""endLLA"":{""lat"":37.496789,""lon"":127.009673,""alt"":100},""targetSpeed"":36,""seq"":3}","{""phase"":""E"",""startLLA"":{""lat"":37.496789,""lon"":127.009673,""alt"":100},""endLLA"":{""lat"":37.497738,""lon"":126.983721,""alt"":233.33},""targetSpeed"":51.4,""seq"":4}","{""phase"":""E"",""startLLA"":{""lat"":37.497738,""lon"":126.983721,""alt"":233.33},""endLLA"":{""lat"":37.50217,""lon"":126.970921,""alt"":305},""targetSpeed"":51.4,""seq"":5}","{""phase"":""F"",""startLLA"":{""lat"":37.50217,""lon"":126.970921,""alt"":305},""endLLA"":{""lat"":37.508684,""lon"":126.95211,""alt"":305},""targetSpeed"":51.4,""seq"":6}","{""phase"":""F"",""startLLA"":{""lat"":37.508684,""lon"":126.95211,""alt"":305},""endLLA"":{""lat"":37.519378,""lon"":126.94021,""alt"":305},""targetSpeed"":51.4,""seq"":7}","{""phase"":""F"",""startLLA"":{""lat"":37.519378,""lon"":126.94021,""alt"":305},""endLLA"":{""lat"":37.536949,""lon"":126.924908,""alt"":305},""targetSpeed"":51.4,""seq"":8}","{""phase"":""F"",""startLLA"":{""lat"":37.536949,""lon"":126.924908,""alt"":305},""endLLA"":{""lat"":37.536976,""lon"":126.924795,""alt"":305},""targetSpeed"":51.4,""seq"":9}","{""phase"":""G"",""startLLA"":{""lat"":37.536976,""lon"":126.924795,""alt"":305},""endLLA"":{""lat"":37.542307,""lon"":126.90249,""alt"":185.51},""targetSpeed"":36,""seq"":10}","{""phase"":""G"",""startLLA"":{""lat"":37.542307,""lon"":126.90249,""alt"":185.51},""endLLA"":{""lat"":37.55418,""lon"":126.895159,""alt"":100},""targetSpeed"":36,""seq"":11}","{""phase"":""I"",""startLLA"":{""lat"":37.55418,""lon"":126.895159,""alt"":100},""endLLA"":{""lat"":37.562282,""lon"":126.890156,""alt"":15},""targetSpeed"":30,""seq"":12}","{""phase"":""J"",""startLLA"":{""lat"":37.562282,""lon"":126.890156,""alt"":15},""endLLA"":{""lat"":37.562282,""lon"":126.890156,""alt"":0},""targetSpeed"":10,""seq"":13}","{""phase"":""K"",""startLLA"":{""lat"":37.562282,""lon"":126.890156,""alt"":0},""endLLA"":{""lat"":37.562282,""lon"":126.890156,""alt"":0},""targetSpeed"":3,""seq"":14}",,,,,,,
98f166edc22f,2026-07-11,FPL1311041,UAM0084,a4,4,4,1,강남,강남,천호,천호,20,G7,F2,G5,F4,20:19:13,20:27:08,20:33:32,20:41:52,20:51:52,475.71,383.82,500,1359.53,0,120.43,ready,강남 > 청담대교 중간지점 > 잠실대교 중간지점 > 천호,10.7701,11,"{""phase"":""A"",""startLLA"":{""lat"":37.496291,""lon"":127.023303,""alt"":0},""endLLA"":{""lat"":37.496291,""lon"":127.023303,""alt"":0},""targetSpeed"":3,""seq"":1}","{""phase"":""B"",""startLLA"":{""lat"":37.496291,""lon"":127.023303,""alt"":0},""endLLA"":{""lat"":37.496291,""lon"":127.023303,""alt"":15},""targetSpeed"":10,""seq"":2}","{""phase"":""C"",""startLLA"":{""lat"":37.496291,""lon"":127.023303,""alt"":15},""endLLA"":{""lat"":37.503645,""lon"":127.033315,""alt"":100},""targetSpeed"":36,""seq"":3}","{""phase"":""E"",""startLLA"":{""lat"":37.503645,""lon"":127.033315,""alt"":100},""endLLA"":{""lat"":37.525177,""lon"":127.062626,""alt"":305},""targetSpeed"":51.4,""seq"":4}","{""phase"":""F"",""startLLA"":{""lat"":37.525177,""lon"":127.062626,""alt"":305},""endLLA"":{""lat"":37.526451,""lon"":127.064361,""alt"":305},""targetSpeed"":51.4,""seq"":5}","{""phase"":""F"",""startLLA"":{""lat"":37.526451,""lon"":127.064361,""alt"":305},""endLLA"":{""lat"":37.52529,""lon"":127.079002,""alt"":305},""targetSpeed"":51.4,""seq"":6}","{""phase"":""G"",""startLLA"":{""lat"":37.52529,""lon"":127.079002,""alt"":305},""endLLA"":{""lat"":37.524288,""lon"":127.091639,""alt"":239.84},""targetSpeed"":36,""seq"":7}","{""phase"":""G"",""startLLA"":{""lat"":37.524288,""lon"":127.091639,""alt"":239.84},""endLLA"":{""lat"":37.539419,""lon"":127.111107,""alt"":100},""targetSpeed"":36,""seq"":8}","{""phase"":""I"",""startLLA"":{""lat"":37.539419,""lon"":127.111107,""alt"":100},""endLLA"":{""lat"":37.545733,""lon"":127.11923,""alt"":15},""targetSpeed"":30,""seq"":9}","{""phase"":""J"",""startLLA"":{""lat"":37.545733,""lon"":127.11923,""alt"":15},""endLLA"":{""lat"":37.545733,""lon"":127.11923,""alt"":0},""targetSpeed"":10,""seq"":10}","{""phase"":""K"",""startLLA"":{""lat"":37.545733,""lon"":127.11923,""alt"":0},""endLLA"":{""lat"":37.545733,""lon"":127.11923,""alt"":0},""targetSpeed"":3,""seq"":11}",,,,,,,,,,
98f166edc22f,2026-07-11,FPL1315032,UAM0111,a8,8,8,1,강남,강남,마곡,마곡,20,G4,F1,G3,F3,20:27:37,20:36:02,20:44:33,20:51:53,21:01:53,505.71,510.92,440,1456.63,0,0,ready,강남 > 이수고가차로 > 상도터널 > 63빌딩 > 서강대교 중간지점 > 선유도 17고지 > 성산대교 중간지점 > 가양대교 남단 > 마곡,23.493,16,"{""phase"":""A"",""startLLA"":{""lat"":37.496291,""lon"":127.023303,""alt"":0},""endLLA"":{""lat"":37.496291,""lon"":127.023303,""alt"":0},""targetSpeed"":3,""seq"":1}","{""phase"":""B"",""startLLA"":{""lat"":37.496291,""lon"":127.023303,""alt"":0},""endLLA"":{""lat"":37.496291,""lon"":127.023303,""alt"":15},""targetSpeed"":10,""seq"":2}","{""phase"":""C"",""startLLA"":{""lat"":37.496291,""lon"":127.023303,""alt"":15},""endLLA"":{""lat"":37.496789,""lon"":127.009676,""alt"":100},""targetSpeed"":36,""seq"":3}","{""phase"":""E"",""startLLA"":{""lat"":37.496789,""lon"":127.009676,""alt"":100},""endLLA"":{""lat"":37.497738,""lon"":126.983721,""alt"":233.37},""targetSpeed"":51.4,""seq"":4}","{""phase"":""E"",""startLLA"":{""lat"":37.497738,""lon"":126.983721,""alt"":233.37},""endLLA"":{""lat"":37.502167,""lon"":126.970931,""alt"":305},""targetSpeed"":51.4,""seq"":5}","{""phase"":""F"",""startLLA"":{""lat"":37.502167,""lon"":126.970931,""alt"":305},""endLLA"":{""lat"":37.508684,""lon"":126.95211,""alt"":305},""targetSpeed"":51.4,""seq"":6}","{""phase"":""F"",""startLLA"":{""lat"":37.508684,""lon"":126.95211,""alt"":305},""endLLA"":{""lat"":37.519378,""lon"":126.94021,""alt"":305},""targetSpeed"":51.4,""seq"":7}","{""phase"":""F"",""startLLA"":{""lat"":37.519378,""lon"":126.94021,""alt"":305},""endLLA"":{""lat"":37.536949,""lon"":126.924908,""alt"":305},""targetSpeed"":51.4,""seq"":8}","{""phase"":""F"",""startLLA"":{""lat"":37.536949,""lon"":126.924908,""alt"":305},""endLLA"":{""lat"":37.542307,""lon"":126.90249,""alt"":305},""targetSpeed"":51.4,""seq"":9}","{""phase"":""F"",""startLLA"":{""lat"":37.542307,""lon"":126.90249,""alt"":305},""endLLA"":{""lat"":37.552574,""lon"":126.891431,""alt"":305},""targetSpeed"":51.4,""seq"":10}","{""phase"":""F"",""startLLA"":{""lat"":37.552574,""lon"":126.891431,""alt"":305},""endLLA"":{""lat"":37.569391,""lon"":126.861026,""alt"":305},""targetSpeed"":51.4,""seq"":11}","{""phase"":""F"",""startLLA"":{""lat"":37.569391,""lon"":126.861026,""alt"":305},""endLLA"":{""lat"":37.567855,""lon"":126.842867,""alt"":305},""targetSpeed"":51.4,""seq"":12}","{""phase"":""G"",""startLLA"":{""lat"":37.567855,""lon"":126.842867,""alt"":305},""endLLA"":{""lat"":37.564492,""lon"":126.803119,""alt"":100},""targetSpeed"":36,""seq"":13}","{""phase"":""I"",""startLLA"":{""lat"":37.564492,""lon"":126.803119,""alt"":100},""endLLA"":{""lat"":37.563535,""lon"":126.791805,""alt"":15},""targetSpeed"":30,""seq"":14}","{""phase"":""J"",""startLLA"":{""lat"":37.563535,""lon"":126.791805,""alt"":15},""endLLA"":{""lat"":37.563535,""lon"":126.791805,""alt"":0},""targetSpeed"":10,""seq"":15}","{""phase"":""K"",""startLLA"":{""lat"":37.563535,""lon"":126.791805,""alt"":0},""endLLA"":{""lat"":37.563535,""lon"":126.791805,""alt"":0},""targetSpeed"":3,""seq"":16}",,,,,
98f166edc22f,2026-07-11,FPL1314030,UAM0071,a8,8,8,1,강남,강남,가산,가산,20,G8,F2,G4,F3,20:28:17,20:36:42,20:42:17,20:49:07,20:59:07,505.71,334.77,410,1250.48,0,0,ready,강남 > 채석장 > 180고지 > 가산,14.4391,11,"{""phase"":""A"",""startLLA"":{""lat"":37.496291,""lon"":127.023303,""alt"":0},""endLLA"":{""lat"":37.496291,""lon"":127.023303,""alt"":0},""targetSpeed"":3,""seq"":1}","{""phase"":""B"",""startLLA"":{""lat"":37.496291,""lon"":127.023303,""alt"":0},""endLLA"":{""lat"":37.496291,""lon"":127.023303,""alt"":15},""targetSpeed"":10,""seq"":2}","{""phase"":""C"",""startLLA"":{""lat"":37.496291,""lon"":127.023303,""alt"":15},""endLLA"":{""lat"":37.489331,""lon"":127.012849,""alt"":100},""targetSpeed"":36,""seq"":3}","{""phase"":""E"",""startLLA"":{""lat"":37.489331,""lon"":127.012849,""alt"":100},""endLLA"":{""lat"":37.471285,""lon"":126.985745,""alt"":281.55},""targetSpeed"":51.4,""seq"":4}","{""phase"":""E"",""startLLA"":{""lat"":37.471285,""lon"":126.985745,""alt"":281.55},""endLLA"":{""lat"":37.473124,""lon"":126.981806,""alt"":305},""targetSpeed"":51.4,""seq"":5}","{""phase"":""F"",""startLLA"":{""lat"":37.473124,""lon"":126.981806,""alt"":305},""endLLA"":{""lat"":37.492877,""lon"":126.93949,""alt"":305},""targetSpeed"":51.4,""seq"":6}","{""phase"":""F"",""startLLA"":{""lat"":37.492877,""lon"":126.93949,""alt"":305},""endLLA"":{""lat"":37.492284,""lon"":126.929979,""alt"":305},""targetSpeed"":51.4,""seq"":7}","{""phase"":""G"",""startLLA"":{""lat"":37.492284,""lon"":126.929979,""alt"":305},""endLLA"":{""lat"":37.489798,""lon"":126.890147,""alt"":100},""targetSpeed"":36,""seq"":8}","{""phase"":""I"",""startLLA"":{""lat"":37.489798,""lon"":126.890147,""alt"":100},""endLLA"":{""lat"":37.489091,""lon"":126.878809,""alt"":15},""targetSpeed"":30,""seq"":9}","{""phase"":""J"",""startLLA"":{""lat"":37.489091,""lon"":126.878809,""alt"":15},""endLLA"":{""lat"":37.489091,""lon"":126.878809,""alt"":0},""targetSpeed"":10,""seq"":10}","{""phase"":""K"",""startLLA"":{""lat"":37.489091,""lon"":126.878809,""alt"":0},""endLLA"":{""lat"":37.489091,""lon"":126.878809,""alt"":0},""targetSpeed"":3,""seq"":11}",,,,,,,,,,
98f166edc22f,2026-07-11,FPL1311042,UAM0110,a6,6,6,1,강남,강남,천호,천호,20,G3,F1,G6,F4,20:36:19,20:44:14,20:48:38,20:56:28,21:06:28,475.71,263.39,470,1209.1,0,0,ready,강남 > 청담대교 중간지점 > 잠실대교 중간지점 > 천호,10.7701,11,"{""phase"":""A"",""startLLA"":{""lat"":37.496291,""lon"":127.023303,""alt"":0},""endLLA"":{""lat"":37.496291,""lon"":127.023303,""alt"":0},""targetSpeed"":3,""seq"":1}","{""phase"":""B"",""startLLA"":{""lat"":37.496291,""lon"":127.023303,""alt"":0},""endLLA"":{""lat"":37.496291,""lon"":127.023303,""alt"":15},""targetSpeed"":10,""seq"":2}","{""phase"":""C"",""startLLA"":{""lat"":37.496291,""lon"":127.023303,""alt"":15},""endLLA"":{""lat"":37.503645,""lon"":127.033315,""alt"":100},""targetSpeed"":36,""seq"":3}","{""phase"":""E"",""startLLA"":{""lat"":37.503645,""lon"":127.033315,""alt"":100},""endLLA"":{""lat"":37.525177,""lon"":127.062626,""alt"":305},""targetSpeed"":51.4,""seq"":4}","{""phase"":""F"",""startLLA"":{""lat"":37.525177,""lon"":127.062626,""alt"":305},""endLLA"":{""lat"":37.526451,""lon"":127.064361,""alt"":305},""targetSpeed"":51.4,""seq"":5}","{""phase"":""F"",""startLLA"":{""lat"":37.526451,""lon"":127.064361,""alt"":305},""endLLA"":{""lat"":37.52529,""lon"":127.079002,""alt"":305},""targetSpeed"":51.4,""seq"":6}","{""phase"":""G"",""startLLA"":{""lat"":37.52529,""lon"":127.079002,""alt"":305},""endLLA"":{""lat"":37.524288,""lon"":127.091639,""alt"":239.84},""targetSpeed"":36,""seq"":7}","{""phase"":""G"",""startLLA"":{""lat"":37.524288,""lon"":127.091639,""alt"":239.84},""endLLA"":{""lat"":37.539419,""lon"":127.111107,""alt"":100},""targetSpeed"":36,""seq"":8}","{""phase"":""I"",""startLLA"":{""lat"":37.539419,""lon"":127.111107,""alt"":100},""endLLA"":{""lat"":37.545733,""lon"":127.11923,""alt"":15},""targetSpeed"":30,""seq"":9}","{""phase"":""J"",""startLLA"":{""lat"":37.545733,""lon"":127.11923,""alt"":15},""endLLA"":{""lat"":37.545733,""lon"":127.11923,""alt"":0},""targetSpeed"":10,""seq"":10}","{""phase"":""K"",""startLLA"":{""lat"":37.545733,""lon"":127.11923,""alt"":0},""endLLA"":{""lat"":37.545733,""lon"":127.11923,""alt"":0},""targetSpeed"":3,""seq"":11}",,,,,,,,,,
98f166edc22f,2026-07-11,FPL1306020,UAM0115,a4,4,4,1,강남,강남,미아,미아,20,G7,F1,G4,F3,20:43:56,20:51:51,20:59:10,21:06:00,21:16:00,475.71,438.49,410,1324.2,0,0,ready,강남 > 청담대교 중간지점 > 건대입구 > 중랑천 제방길 > 상봉 > 월릉교 > 미아,19.77,14,"{""phase"":""A"",""startLLA"":{""lat"":37.496291,""lon"":127.023303,""alt"":0},""endLLA"":{""lat"":37.496291,""lon"":127.023303,""alt"":0},""targetSpeed"":3,""seq"":1}","{""phase"":""B"",""startLLA"":{""lat"":37.496291,""lon"":127.023303,""alt"":0},""endLLA"":{""lat"":37.496291,""lon"":127.023303,""alt"":15},""targetSpeed"":10,""seq"":2}","{""phase"":""C"",""startLLA"":{""lat"":37.496291,""lon"":127.023303,""alt"":15},""endLLA"":{""lat"":37.503643,""lon"":127.033311,""alt"":100},""targetSpeed"":36,""seq"":3}","{""phase"":""E"",""startLLA"":{""lat"":37.503643,""lon"":127.033311,""alt"":100},""endLLA"":{""lat"":37.525166,""lon"":127.062612,""alt"":305},""targetSpeed"":51.4,""seq"":4}","{""phase"":""F"",""startLLA"":{""lat"":37.525166,""lon"":127.062612,""alt"":305},""endLLA"":{""lat"":37.526451,""lon"":127.064361,""alt"":305},""targetSpeed"":51.4,""seq"":5}","{""phase"":""F"",""startLLA"":{""lat"":37.526451,""lon"":127.064361,""alt"":305},""endLLA"":{""lat"":37.540426,""lon"":127.069298,""alt"":305},""targetSpeed"":51.4,""seq"":6}","{""phase"":""F"",""startLLA"":{""lat"":37.540426,""lon"":127.069298,""alt"":305},""endLLA"":{""lat"":37.580774,""lon"":127.077387,""alt"":305},""targetSpeed"":51.4,""seq"":7}","{""phase"":""F"",""startLLA"":{""lat"":37.580774,""lon"":127.077387,""alt"":305},""endLLA"":{""lat"":37.596919,""lon"":127.084854,""alt"":305},""targetSpeed"":51.4,""seq"":8}","{""phase"":""F"",""startLLA"":{""lat"":37.596919,""lon"":127.084854,""alt"":305},""endLLA"":{""lat"":37.614364,""lon"":127.072717,""alt"":305},""targetSpeed"":51.4,""seq"":9}","{""phase"":""G"",""startLLA"":{""lat"":37.614364,""lon"":127.072717,""alt"":305},""endLLA"":{""lat"":37.616266,""lon"":127.071394,""alt"":290.95},""targetSpeed"":36,""seq"":10}","{""phase"":""G"",""startLLA"":{""lat"":37.616266,""lon"":127.071394,""alt"":290.95},""endLLA"":{""lat"":37.626944,""lon"":127.036666,""alt"":100},""targetSpeed"":36,""seq"":11}","{""phase"":""I"",""startLLA"":{""lat"":37.626944,""lon"":127.036666,""alt"":100},""endLLA"":{""lat"":37.630207,""lon"":127.026053,""alt"":15},""targetSpeed"":30,""seq"":12}","{""phase"":""J"",""startLLA"":{""lat"":37.630207,""lon"":127.026053,""alt"":15},""endLLA"":{""lat"":37.630207,""lon"":127.026053,""alt"":0},""targetSpeed"":10,""seq"":13}","{""phase"":""K"",""startLLA"":{""lat"":37.630207,""lon"":127.026053,""alt"":0},""endLLA"":{""lat"":37.630207,""lon"":127.026053,""alt"":0},""targetSpeed"":3,""seq"":14}",,,,,,,
98f166edc22f,2026-07-11,FPL1316020,UAM0032,a8,8,8,1,강남,강남,망우,망우,20,G4,F2,G3,F4,20:48:29,20:56:54,21:02:01,21:09:21,21:19:21,505.71,306.63,440,1252.35,0,0,ready,강남 > 청담대교 중간지점 > 건대입구 > 망우,12.9927,11,"{""phase"":""A"",""startLLA"":{""lat"":37.496291,""lon"":127.023303,""alt"":0},""endLLA"":{""lat"":37.496291,""lon"":127.023303,""alt"":0},""targetSpeed"":3,""seq"":1}","{""phase"":""B"",""startLLA"":{""lat"":37.496291,""lon"":127.023303,""alt"":0},""endLLA"":{""lat"":37.496291,""lon"":127.023303,""alt"":15},""targetSpeed"":10,""seq"":2}","{""phase"":""C"",""startLLA"":{""lat"":37.496291,""lon"":127.023303,""alt"":15},""endLLA"":{""lat"":37.503645,""lon"":127.033314,""alt"":100},""targetSpeed"":36,""seq"":3}","{""phase"":""E"",""startLLA"":{""lat"":37.503645,""lon"":127.033314,""alt"":100},""endLLA"":{""lat"":37.525174,""lon"":127.062622,""alt"":305},""targetSpeed"":51.4,""seq"":4}","{""phase"":""F"",""startLLA"":{""lat"":37.525174,""lon"":127.062622,""alt"":305},""endLLA"":{""lat"":37.526451,""lon"":127.064361,""alt"":305},""targetSpeed"":51.4,""seq"":5}","{""phase"":""F"",""startLLA"":{""lat"":37.526451,""lon"":127.064361,""alt"":305},""endLLA"":{""lat"":37.540426,""lon"":127.069298,""alt"":305},""targetSpeed"":51.4,""seq"":6}","{""phase"":""F"",""startLLA"":{""lat"":37.540426,""lon"":127.069298,""alt"":305},""endLLA"":{""lat"":37.55715,""lon"":127.073903,""alt"":305},""targetSpeed"":51.4,""seq"":7}","{""phase"":""G"",""startLLA"":{""lat"":37.55715,""lon"":127.073903,""alt"":305},""endLLA"":{""lat"":37.588107,""lon"":127.082428,""alt"":100},""targetSpeed"":36,""seq"":8}","{""phase"":""I"",""startLLA"":{""lat"":37.588107,""lon"":127.082428,""alt"":100},""endLLA"":{""lat"":37.596919,""lon"":127.084854,""alt"":15},""targetSpeed"":30,""seq"":9}","{""phase"":""J"",""startLLA"":{""lat"":37.596919,""lon"":127.084854,""alt"":15},""endLLA"":{""lat"":37.596919,""lon"":127.084854,""alt"":0},""targetSpeed"":10,""seq"":10}","{""phase"":""K"",""startLLA"":{""lat"":37.596919,""lon"":127.084854,""alt"":0},""endLLA"":{""lat"":37.596919,""lon"":127.084854,""alt"":0},""targetSpeed"":3,""seq"":11}",,,,,,,,,,
98f166edc22f,2026-07-11,FPL1315033,UAM0119,a8,8,8,1,강남,강남,마곡,마곡,20,G8,F1,G4,F3,20:49:47,20:58:12,21:06:43,21:13:33,21:23:33,505.71,510.92,410,1426.63,0,0,ready,강남 > 이수고가차로 > 상도터널 > 63빌딩 > 서강대교 중간지점 > 선유도 17고지 > 성산대교 중간지점 > 가양대교 남단 > 마곡,23.493,16,"{""phase"":""A"",""startLLA"":{""lat"":37.496291,""lon"":127.023303,""alt"":0},""endLLA"":{""lat"":37.496291,""lon"":127.023303,""alt"":0},""targetSpeed"":3,""seq"":1}","{""phase"":""B"",""startLLA"":{""lat"":37.496291,""lon"":127.023303,""alt"":0},""endLLA"":{""lat"":37.496291,""lon"":127.023303,""alt"":15},""targetSpeed"":10,""seq"":2}","{""phase"":""C"",""startLLA"":{""lat"":37.496291,""lon"":127.023303,""alt"":15},""endLLA"":{""lat"":37.496789,""lon"":127.009676,""alt"":100},""targetSpeed"":36,""seq"":3}","{""phase"":""E"",""startLLA"":{""lat"":37.496789,""lon"":127.009676,""alt"":100},""endLLA"":{""lat"":37.497738,""lon"":126.983721,""alt"":233.37},""targetSpeed"":51.4,""seq"":4}","{""phase"":""E"",""startLLA"":{""lat"":37.497738,""lon"":126.983721,""alt"":233.37},""endLLA"":{""lat"":37.502167,""lon"":126.970931,""alt"":305},""targetSpeed"":51.4,""seq"":5}","{""phase"":""F"",""startLLA"":{""lat"":37.502167,""lon"":126.970931,""alt"":305},""endLLA"":{""lat"":37.508684,""lon"":126.95211,""alt"":305},""targetSpeed"":51.4,""seq"":6}","{""phase"":""F"",""startLLA"":{""lat"":37.508684,""lon"":126.95211,""alt"":305},""endLLA"":{""lat"":37.519378,""lon"":126.94021,""alt"":305},""targetSpeed"":51.4,""seq"":7}","{""phase"":""F"",""startLLA"":{""lat"":37.519378,""lon"":126.94021,""alt"":305},""endLLA"":{""lat"":37.536949,""lon"":126.924908,""alt"":305},""targetSpeed"":51.4,""seq"":8}","{""phase"":""F"",""startLLA"":{""lat"":37.536949,""lon"":126.924908,""alt"":305},""endLLA"":{""lat"":37.542307,""lon"":126.90249,""alt"":305},""targetSpeed"":51.4,""seq"":9}","{""phase"":""F"",""startLLA"":{""lat"":37.542307,""lon"":126.90249,""alt"":305},""endLLA"":{""lat"":37.552574,""lon"":126.891431,""alt"":305},""targetSpeed"":51.4,""seq"":10}","{""phase"":""F"",""startLLA"":{""lat"":37.552574,""lon"":126.891431,""alt"":305},""endLLA"":{""lat"":37.569391,""lon"":126.861026,""alt"":305},""targetSpeed"":51.4,""seq"":11}","{""phase"":""F"",""startLLA"":{""lat"":37.569391,""lon"":126.861026,""alt"":305},""endLLA"":{""lat"":37.567855,""lon"":126.842867,""alt"":305},""targetSpeed"":51.4,""seq"":12}","{""phase"":""G"",""startLLA"":{""lat"":37.567855,""lon"":126.842867,""alt"":305},""endLLA"":{""lat"":37.564492,""lon"":126.803119,""alt"":100},""targetSpeed"":36,""seq"":13}","{""phase"":""I"",""startLLA"":{""lat"":37.564492,""lon"":126.803119,""alt"":100},""endLLA"":{""lat"":37.563535,""lon"":126.791805,""alt"":15},""targetSpeed"":30,""seq"":14}","{""phase"":""J"",""startLLA"":{""lat"":37.563535,""lon"":126.791805,""alt"":15},""endLLA"":{""lat"":37.563535,""lon"":126.791805,""alt"":0},""targetSpeed"":10,""seq"":15}","{""phase"":""K"",""startLLA"":{""lat"":37.563535,""lon"":126.791805,""alt"":0},""endLLA"":{""lat"":37.563535,""lon"":126.791805,""alt"":0},""targetSpeed"":3,""seq"":16}",,,,,
98f166edc22f,2026-07-11,FPL1306021,UAM0022,a6,6,5,0.8333,강남,강남,미아,미아,20,G2,F2,G1,F4,20:53:54,21:02:20,21:09:45,21:18:05,21:28:05,506.43,444.62,500,1451.05,60.71,6.13,ready,강남 > 청담대교 중간지점 > 건대입구 > 중랑천 제방길 > 상봉 > 월릉교 > 미아,19.77,14,"{""phase"":""A"",""startLLA"":{""lat"":37.496291,""lon"":127.023303,""alt"":0},""endLLA"":{""lat"":37.496291,""lon"":127.023303,""alt"":0},""targetSpeed"":3,""seq"":1}","{""phase"":""B"",""startLLA"":{""lat"":37.496291,""lon"":127.023303,""alt"":0},""endLLA"":{""lat"":37.496291,""lon"":127.023303,""alt"":15},""targetSpeed"":10,""seq"":2}","{""phase"":""C"",""startLLA"":{""lat"":37.496291,""lon"":127.023303,""alt"":15},""endLLA"":{""lat"":37.503643,""lon"":127.033311,""alt"":100},""targetSpeed"":36,""seq"":3}","{""phase"":""E"",""startLLA"":{""lat"":37.503643,""lon"":127.033311,""alt"":100},""endLLA"":{""lat"":37.525166,""lon"":127.062612,""alt"":305},""targetSpeed"":51.4,""seq"":4}","{""phase"":""F"",""startLLA"":{""lat"":37.525166,""lon"":127.062612,""alt"":305},""endLLA"":{""lat"":37.526451,""lon"":127.064361,""alt"":305},""targetSpeed"":51.4,""seq"":5}","{""phase"":""F"",""startLLA"":{""lat"":37.526451,""lon"":127.064361,""alt"":305},""endLLA"":{""lat"":37.540426,""lon"":127.069298,""alt"":305},""targetSpeed"":51.4,""seq"":6}","{""phase"":""F"",""startLLA"":{""lat"":37.540426,""lon"":127.069298,""alt"":305},""endLLA"":{""lat"":37.580774,""lon"":127.077387,""alt"":305},""targetSpeed"":51.4,""seq"":7}","{""phase"":""F"",""startLLA"":{""lat"":37.580774,""lon"":127.077387,""alt"":305},""endLLA"":{""lat"":37.596919,""lon"":127.084854,""alt"":305},""targetSpeed"":51.4,""seq"":8}","{""phase"":""F"",""startLLA"":{""lat"":37.596919,""lon"":127.084854,""alt"":305},""endLLA"":{""lat"":37.614364,""lon"":127.072717,""alt"":305},""targetSpeed"":51.4,""seq"":9}","{""phase"":""G"",""startLLA"":{""lat"":37.614364,""lon"":127.072717,""alt"":305},""endLLA"":{""lat"":37.616266,""lon"":127.071394,""alt"":290.95},""targetSpeed"":36,""seq"":10}","{""phase"":""G"",""startLLA"":{""lat"":37.616266,""lon"":127.071394,""alt"":290.95},""endLLA"":{""lat"":37.626944,""lon"":127.036666,""alt"":100},""targetSpeed"":36,""seq"":11}","{""phase"":""I"",""startLLA"":{""lat"":37.626944,""lon"":127.036666,""alt"":100},""endLLA"":{""lat"":37.630207,""lon"":127.026053,""alt"":15},""targetSpeed"":30,""seq"":12}","{""phase"":""J"",""startLLA"":{""lat"":37.630207,""lon"":127.026053,""alt"":15},""endLLA"":{""lat"":37.630207,""lon"":127.026053,""alt"":0},""targetSpeed"":10,""seq"":13}","{""phase"":""K"",""startLLA"":{""lat"":37.630207,""lon"":127.026053,""alt"":0},""endLLA"":{""lat"":37.630207,""lon"":127.026053,""alt"":0},""targetSpeed"":3,""seq"":14}",,,,,,,
98f166edc22f,2026-07-11,FPL1305043,UAM0092,a4,4,4,1,강남,강남,목동,목동,20,G3,F1,G8,F4,20:58:49,21:07:33,21:13:29,21:20:19,21:30:19,524.77,355.28,410,1290.05,49.06,0,ready,강남 > 이수고가차로 > 상도터널 > 63빌딩 > 서강대교 중간지점 > 선유도 17고지 > 목동,15.4931,14,"{""phase"":""A"",""startLLA"":{""lat"":37.496291,""lon"":127.023303,""alt"":0},""endLLA"":{""lat"":37.496291,""lon"":127.023303,""alt"":0},""targetSpeed"":3,""seq"":1}","{""phase"":""B"",""startLLA"":{""lat"":37.496291,""lon"":127.023303,""alt"":0},""endLLA"":{""lat"":37.496291,""lon"":127.023303,""alt"":15},""targetSpeed"":10,""seq"":2}","{""phase"":""C"",""startLLA"":{""lat"":37.496291,""lon"":127.023303,""alt"":15},""endLLA"":{""lat"":37.496789,""lon"":127.009673,""alt"":100},""targetSpeed"":36,""seq"":3}","{""phase"":""E"",""startLLA"":{""lat"":37.496789,""lon"":127.009673,""alt"":100},""endLLA"":{""lat"":37.497738,""lon"":126.983721,""alt"":233.33},""targetSpeed"":51.4,""seq"":4}","{""phase"":""E"",""startLLA"":{""lat"":37.497738,""lon"":126.983721,""alt"":233.33},""endLLA"":{""lat"":37.50217,""lon"":126.970921,""alt"":305},""targetSpeed"":51.4,""seq"":5}","{""phase"":""F"",""startLLA"":{""lat"":37.50217,""lon"":126.970921,""alt"":305},""endLLA"":{""lat"":37.508684,""lon"":126.95211,""alt"":305},""targetSpeed"":51.4,""seq"":6}","{""phase"":""F"",""startLLA"":{""lat"":37.508684,""lon"":126.95211,""alt"":305},""endLLA"":{""lat"":37.519378,""lon"":126.94021,""alt"":305},""targetSpeed"":51.4,""seq"":7}","{""phase"":""F"",""startLLA"":{""lat"":37.519378,""lon"":126.94021,""alt"":305},""endLLA"":{""lat"":37.536949,""lon"":126.924908,""alt"":305},""targetSpeed"":51.4,""seq"":8}","{""phase"":""F"",""startLLA"":{""lat"":37.536949,""lon"":126.924908,""alt"":305},""endLLA"":{""lat"":37.538128,""lon"":126.919977,""alt"":305},""targetSpeed"":51.4,""seq"":9}","{""phase"":""G"",""startLLA"":{""lat"":37.538128,""lon"":126.919977,""alt"":305},""endLLA"":{""lat"":37.542307,""lon"":126.90249,""alt"":211.32},""targetSpeed"":36,""seq"":10}","{""phase"":""G"",""startLLA"":{""lat"":37.542307,""lon"":126.90249,""alt"":211.32},""endLLA"":{""lat"":37.531833,""lon"":126.88527,""alt"":100},""targetSpeed"":36,""seq"":11}","{""phase"":""I"",""startLLA"":{""lat"":37.531833,""lon"":126.88527,""alt"":100},""endLLA"":{""lat"":37.526343,""lon"":126.876243,""alt"":15},""targetSpeed"":30,""seq"":12}","{""phase"":""J"",""startLLA"":{""lat"":37.526343,""lon"":126.876243,""alt"":15},""endLLA"":{""lat"":37.526343,""lon"":126.876243,""alt"":0},""targetSpeed"":10,""seq"":13}","{""phase"":""K"",""startLLA"":{""lat"":37.526343,""lon"":126.876243,""alt"":0},""endLLA"":{""lat"":37.526343,""lon"":126.876243,""alt"":0},""targetSpeed"":3,""seq"":14}",,,,,,,
98f166edc22f,2026-07-11,FPL1315034,UAM0046,a6,6,6,1,강남,강남,마곡,마곡,21,G7,F2,G6,F3,21:04:03,21:11:59,21:22:32,21:30:22,21:40:22,476.49,633.28,470,1579.77,0.77,122.37,ready,강남 > 이수고가차로 > 상도터널 > 63빌딩 > 서강대교 중간지점 > 선유도 17고지 > 성산대교 중간지점 > 가양대교 남단 > 마곡,23.493,16,"{""phase"":""A"",""startLLA"":{""lat"":37.496291,""lon"":127.023303,""alt"":0},""endLLA"":{""lat"":37.496291,""lon"":127.023303,""alt"":0},""targetSpeed"":3,""seq"":1}","{""phase"":""B"",""startLLA"":{""lat"":37.496291,""lon"":127.023303,""alt"":0},""endLLA"":{""lat"":37.496291,""lon"":127.023303,""alt"":15},""targetSpeed"":10,""seq"":2}","{""phase"":""C"",""startLLA"":{""lat"":37.496291,""lon"":127.023303,""alt"":15},""endLLA"":{""lat"":37.496789,""lon"":127.009676,""alt"":100},""targetSpeed"":36,""seq"":3}","{""phase"":""E"",""startLLA"":{""lat"":37.496789,""lon"":127.009676,""alt"":100},""endLLA"":{""lat"":37.497738,""lon"":126.983721,""alt"":233.37},""targetSpeed"":51.4,""seq"":4}","{""phase"":""E"",""startLLA"":{""lat"":37.497738,""lon"":126.983721,""alt"":233.37},""endLLA"":{""lat"":37.502167,""lon"":126.970931,""alt"":305},""targetSpeed"":51.4,""seq"":5}","{""phase"":""F"",""startLLA"":{""lat"":37.502167,""lon"":126.970931,""alt"":305},""endLLA"":{""lat"":37.508684,""lon"":126.95211,""alt"":305},""targetSpeed"":51.4,""seq"":6}","{""phase"":""F"",""startLLA"":{""lat"":37.508684,""lon"":126.95211,""alt"":305},""endLLA"":{""lat"":37.519378,""lon"":126.94021,""alt"":305},""targetSpeed"":51.4,""seq"":7}","{""phase"":""F"",""startLLA"":{""lat"":37.519378,""lon"":126.94021,""alt"":305},""endLLA"":{""lat"":37.536949,""lon"":126.924908,""alt"":305},""targetSpeed"":51.4,""seq"":8}","{""phase"":""F"",""startLLA"":{""lat"":37.536949,""lon"":126.924908,""alt"":305},""endLLA"":{""lat"":37.542307,""lon"":126.90249,""alt"":305},""targetSpeed"":51.4,""seq"":9}","{""phase"":""F"",""startLLA"":{""lat"":37.542307,""lon"":126.90249,""alt"":305},""endLLA"":{""lat"":37.552574,""lon"":126.891431,""alt"":305},""targetSpeed"":51.4,""seq"":10}","{""phase"":""F"",""startLLA"":{""lat"":37.552574,""lon"":126.891431,""alt"":305},""endLLA"":{""lat"":37.569391,""lon"":126.861026,""alt"":305},""targetSpeed"":51.4,""seq"":11}","{""phase"":""F"",""startLLA"":{""lat"":37.569391,""lon"":126.861026,""alt"":305},""endLLA"":{""lat"":37.567855,""lon"":126.842867,""alt"":305},""targetSpeed"":51.4,""seq"":12}","{""phase"":""G"",""startLLA"":{""lat"":37.567855,""lon"":126.842867,""alt"":305},""endLLA"":{""lat"":37.564492,""lon"":126.803119,""alt"":100},""targetSpeed"":36,""seq"":13}","{""phase"":""I"",""startLLA"":{""lat"":37.564492,""lon"":126.803119,""alt"":100},""endLLA"":{""lat"":37.563535,""lon"":126.791805,""alt"":15},""targetSpeed"":30,""seq"":14}","{""phase"":""J"",""startLLA"":{""lat"":37.563535,""lon"":126.791805,""alt"":15},""endLLA"":{""lat"":37.563535,""lon"":126.791805,""alt"":0},""targetSpeed"":10,""seq"":15}","{""phase"":""K"",""startLLA"":{""lat"":37.563535,""lon"":126.791805,""alt"":0},""endLLA"":{""lat"":37.563535,""lon"":126.791805,""alt"":0},""targetSpeed"":3,""seq"":16}",,,,,
98f166edc22f,2026-07-11,FPL1311043,UAM0020,a4,4,4,1,강남,강남,천호,천호,21,G4,F1,G2,F4,21:05:53,21:14:18,21:22:23,21:30:13,21:40:13,505.71,485.25,470,1460.96,0,221.86,ready,강남 > 청담대교 중간지점 > 잠실대교 중간지점 > 천호,10.7701,11,"{""phase"":""A"",""startLLA"":{""lat"":37.496291,""lon"":127.023303,""alt"":0},""endLLA"":{""lat"":37.496291,""lon"":127.023303,""alt"":0},""targetSpeed"":3,""seq"":1}","{""phase"":""B"",""startLLA"":{""lat"":37.496291,""lon"":127.023303,""alt"":0},""endLLA"":{""lat"":37.496291,""lon"":127.023303,""alt"":15},""targetSpeed"":10,""seq"":2}","{""phase"":""C"",""startLLA"":{""lat"":37.496291,""lon"":127.023303,""alt"":15},""endLLA"":{""lat"":37.503645,""lon"":127.033315,""alt"":100},""targetSpeed"":36,""seq"":3}","{""phase"":""E"",""startLLA"":{""lat"":37.503645,""lon"":127.033315,""alt"":100},""endLLA"":{""lat"":37.525177,""lon"":127.062626,""alt"":305},""targetSpeed"":51.4,""seq"":4}","{""phase"":""F"",""startLLA"":{""lat"":37.525177,""lon"":127.062626,""alt"":305},""endLLA"":{""lat"":37.526451,""lon"":127.064361,""alt"":305},""targetSpeed"":51.4,""seq"":5}","{""phase"":""F"",""startLLA"":{""lat"":37.526451,""lon"":127.064361,""alt"":305},""endLLA"":{""lat"":37.52529,""lon"":127.079002,""alt"":305},""targetSpeed"":51.4,""seq"":6}","{""phase"":""G"",""startLLA"":{""lat"":37.52529,""lon"":127.079002,""alt"":305},""endLLA"":{""lat"":37.524288,""lon"":127.091639,""alt"":239.84},""targetSpeed"":36,""seq"":7}","{""phase"":""G"",""startLLA"":{""lat"":37.524288,""lon"":127.091639,""alt"":239.84},""endLLA"":{""lat"":37.539419,""lon"":127.111107,""alt"":100},""targetSpeed"":36,""seq"":8}","{""phase"":""I"",""startLLA"":{""lat"":37.539419,""lon"":127.111107,""alt"":100},""endLLA"":{""lat"":37.545733,""lon"":127.11923,""alt"":15},""targetSpeed"":30,""seq"":9}","{""phase"":""J"",""startLLA"":{""lat"":37.545733,""lon"":127.11923,""alt"":15},""endLLA"":{""lat"":37.545733,""lon"":127.11923,""alt"":0},""targetSpeed"":10,""seq"":10}","{""phase"":""K"",""startLLA"":{""lat"":37.545733,""lon"":127.11923,""alt"":0},""endLLA"":{""lat"":37.545733,""lon"":127.11923,""alt"":0},""targetSpeed"":3,""seq"":11}",,,,,,,,,,
98f166edc22f,2026-07-11,FPL1316021,UAM0118,a6,6,6,1,강남,강남,망우,망우,21,G8,F2,G7,F4,21:07:59,21:17:25,21:26:13,21:33:39,21:43:39,566.2,527.97,445.98,1540.16,60.49,227.33,ready,강남 > 청담대교 중간지점 > 건대입구 > 망우,12.9927,11,"{""phase"":""A"",""startLLA"":{""lat"":37.496291,""lon"":127.023303,""alt"":0},""endLLA"":{""lat"":37.496291,""lon"":127.023303,""alt"":0},""targetSpeed"":3,""seq"":1}","{""phase"":""B"",""startLLA"":{""lat"":37.496291,""lon"":127.023303,""alt"":0},""endLLA"":{""lat"":37.496291,""lon"":127.023303,""alt"":15},""targetSpeed"":10,""seq"":2}","{""phase"":""C"",""startLLA"":{""lat"":37.496291,""lon"":127.023303,""alt"":15},""endLLA"":{""lat"":37.503645,""lon"":127.033314,""alt"":100},""targetSpeed"":36,""seq"":3}","{""phase"":""E"",""startLLA"":{""lat"":37.503645,""lon"":127.033314,""alt"":100},""endLLA"":{""lat"":37.525174,""lon"":127.062622,""alt"":305},""targetSpeed"":51.4,""seq"":4}","{""phase"":""F"",""startLLA"":{""lat"":37.525174,""lon"":127.062622,""alt"":305},""endLLA"":{""lat"":37.526451,""lon"":127.064361,""alt"":305},""targetSpeed"":51.4,""seq"":5}","{""phase"":""F"",""startLLA"":{""lat"":37.526451,""lon"":127.064361,""alt"":305},""endLLA"":{""lat"":37.540426,""lon"":127.069298,""alt"":305},""targetSpeed"":51.4,""seq"":6}","{""phase"":""F"",""startLLA"":{""lat"":37.540426,""lon"":127.069298,""alt"":305},""endLLA"":{""lat"":37.55715,""lon"":127.073903,""alt"":305},""targetSpeed"":51.4,""seq"":7}","{""phase"":""G"",""startLLA"":{""lat"":37.55715,""lon"":127.073903,""alt"":305},""endLLA"":{""lat"":37.588107,""lon"":127.082428,""alt"":100},""targetSpeed"":36,""seq"":8}","{""phase"":""I"",""startLLA"":{""lat"":37.588107,""lon"":127.082428,""alt"":100},""endLLA"":{""lat"":37.596919,""lon"":127.084854,""alt"":15},""targetSpeed"":30,""seq"":9}","{""phase"":""J"",""startLLA"":{""lat"":37.596919,""lon"":127.084854,""alt"":15},""endLLA"":{""lat"":37.596919,""lon"":127.084854,""alt"":0},""targetSpeed"":10,""seq"":10}","{""phase"":""K"",""startLLA"":{""lat"":37.596919,""lon"":127.084854,""alt"":0},""endLLA"":{""lat"":37.596919,""lon"":127.084854,""alt"":0},""targetSpeed"":3,""seq"":11}",,,,,,,,,,
98f166edc22f,2026-07-11,FPL1303020,UAM0044,a4,4,4,1,강남,강남,상암,상암,21,G6,F1,G7,F3,21:11:19,21:19:44,21:25:31,21:32:51,21:42:51,505.43,346.64,440,1292.07,59.71,0,ready,강남 > 이수고가차로 > 상도터널 > 63빌딩 > 서강대교 중간지점 > 선유도 17고지 > 상암,15.0491,14,"{""phase"":""A"",""startLLA"":{""lat"":37.496291,""lon"":127.023303,""alt"":0},""endLLA"":{""lat"":37.496291,""lon"":127.023303,""alt"":0},""targetSpeed"":3,""seq"":1}","{""phase"":""B"",""startLLA"":{""lat"":37.496291,""lon"":127.023303,""alt"":0},""endLLA"":{""lat"":37.496291,""lon"":127.023303,""alt"":15},""targetSpeed"":10,""seq"":2}","{""phase"":""C"",""startLLA"":{""lat"":37.496291,""lon"":127.023303,""alt"":15},""endLLA"":{""lat"":37.496789,""lon"":127.009673,""alt"":100},""targetSpeed"":36,""seq"":3}","{""phase"":""E"",""startLLA"":{""lat"":37.496789,""lon"":127.009673,""alt"":100},""endLLA"":{""lat"":37.497738,""lon"":126.983721,""alt"":233.33},""targetSpeed"":51.4,""seq"":4}","{""phase"":""E"",""startLLA"":{""lat"":37.497738,""lon"":126.983721,""alt"":233.33},""endLLA"":{""lat"":37.50217,""lon"":126.970921,""alt"":305},""targetSpeed"":51.4,""seq"":5}","{""phase"":""F"",""startLLA"":{""lat"":37.50217,""lon"":126.970921,""alt"":305},""endLLA"":{""lat"":37.508684,""lon"":126.95211,""alt"":305},""targetSpeed"":51.4,""seq"":6}","{""phase"":""F"",""startLLA"":{""lat"":37.508684,""lon"":126.95211,""alt"":305},""endLLA"":{""lat"":37.519378,""lon"":126.94021,""alt"":305},""targetSpeed"":51.4,""seq"":7}","{""phase"":""F"",""startLLA"":{""lat"":37.519378,""lon"":126.94021,""alt"":305},""endLLA"":{""lat"":37.536949,""lon"":126.924908,""alt"":305},""targetSpeed"":51.4,""seq"":8}","{""phase"":""F"",""startLLA"":{""lat"":37.536949,""lon"":126.924908,""alt"":305},""endLLA"":{""lat"":37.536976,""lon"":126.924795,""alt"":305},""targetSpeed"":51.4,""seq"":9}","{""phase"":""G"",""startLLA"":{""lat"":37.536976,""lon"":126.924795,""alt"":305},""endLLA"":{""lat"":37.542307,""lon"":126.90249,""alt"":185.51},""targetSpeed"":36,""seq"":10}","{""phase"":""G"",""startLLA"":{""lat"":37.542307,""lon"":126.90249,""alt"":185.51},""endLLA"":{""lat"":37.55418,""lon"":126.895159,""alt"":100},""targetSpeed"":36,""seq"":11}","{""phase"":""I"",""startLLA"":{""lat"":37.55418,""lon"":126.895159,""alt"":100},""endLLA"":{""lat"":37.562282,""lon"":126.890156,""alt"":15},""targetSpeed"":30,""seq"":12}","{""phase"":""J"",""startLLA"":{""lat"":37.562282,""lon"":126.890156,""alt"":15},""endLLA"":{""lat"":37.562282,""lon"":126.890156,""alt"":0},""targetSpeed"":10,""seq"":13}","{""phase"":""K"",""startLLA"":{""lat"":37.562282,""lon"":126.890156,""alt"":0},""endLLA"":{""lat"":37.562282,""lon"":126.890156,""alt"":0},""targetSpeed"":3,""seq"":14}",,,,,,,
98f166edc22f,2026-07-11,FPL1311044,UAM0121,a2,2,2,1,강남,강남,천호,천호,21,G1,F2,,,21:13:55,21:22:50,,,,535.92,0,0,0,120.2,0,analysis_timeout,강남 > 청담대교 중간지점 > 잠실대교 중간지점 > 천호,10.7701,11,"{""phase"":""A"",""startLLA"":{""lat"":37.496291,""lon"":127.023303,""alt"":0},""endLLA"":{""lat"":37.496291,""lon"":127.023303,""alt"":0},""targetSpeed"":3,""seq"":1}","{""phase"":""B"",""startLLA"":{""lat"":37.496291,""lon"":127.023303,""alt"":0},""endLLA"":{""lat"":37.496291,""lon"":127.023303,""alt"":15},""targetSpeed"":10,""seq"":2}","{""phase"":""C"",""startLLA"":{""lat"":37.496291,""lon"":127.023303,""alt"":15},""endLLA"":{""lat"":37.503645,""lon"":127.033315,""alt"":100},""targetSpeed"":36,""seq"":3}","{""phase"":""E"",""startLLA"":{""lat"":37.503645,""lon"":127.033315,""alt"":100},""endLLA"":{""lat"":37.525177,""lon"":127.062626,""alt"":305},""targetSpeed"":51.4,""seq"":4}","{""phase"":""F"",""startLLA"":{""lat"":37.525177,""lon"":127.062626,""alt"":305},""endLLA"":{""lat"":37.526451,""lon"":127.064361,""alt"":305},""targetSpeed"":51.4,""seq"":5}","{""phase"":""F"",""startLLA"":{""lat"":37.526451,""lon"":127.064361,""alt"":305},""endLLA"":{""lat"":37.52529,""lon"":127.079002,""alt"":305},""targetSpeed"":51.4,""seq"":6}","{""phase"":""G"",""startLLA"":{""lat"":37.52529,""lon"":127.079002,""alt"":305},""endLLA"":{""lat"":37.524288,""lon"":127.091639,""alt"":239.84},""targetSpeed"":36,""seq"":7}","{""phase"":""G"",""startLLA"":{""lat"":37.524288,""lon"":127.091639,""alt"":239.84},""endLLA"":{""lat"":37.539419,""lon"":127.111107,""alt"":100},""targetSpeed"":36,""seq"":8}","{""phase"":""I"",""startLLA"":{""lat"":37.539419,""lon"":127.111107,""alt"":100},""endLLA"":{""lat"":37.545733,""lon"":127.11923,""alt"":15},""targetSpeed"":30,""seq"":9}","{""phase"":""J"",""startLLA"":{""lat"":37.545733,""lon"":127.11923,""alt"":15},""endLLA"":{""lat"":37.545733,""lon"":127.11923,""alt"":0},""targetSpeed"":10,""seq"":10}","{""phase"":""K"",""startLLA"":{""lat"":37.545733,""lon"":127.11923,""alt"":0},""endLLA"":{""lat"":37.545733,""lon"":127.11923,""alt"":0},""targetSpeed"":3,""seq"":11}",,,,,,,,,,
98f166edc22f,2026-07-11,FPL1314031,UAM0063,a8,8,7,0.875,강남,강남,가산,가산,21,G2,F1,G1,F3,21:15:44,21:25:10,21:30:44,21:39:04,21:49:04,566.14,334.77,500,1400.91,120.43,0,ready,강남 > 채석장 > 180고지 > 가산,14.4391,11,"{""phase"":""A"",""startLLA"":{""lat"":37.496291,""lon"":127.023303,""alt"":0},""endLLA"":{""lat"":37.496291,""lon"":127.023303,""alt"":0},""targetSpeed"":3,""seq"":1}","{""phase"":""B"",""startLLA"":{""lat"":37.496291,""lon"":127.023303,""alt"":0},""endLLA"":{""lat"":37.496291,""lon"":127.023303,""alt"":15},""targetSpeed"":10,""seq"":2}","{""phase"":""C"",""startLLA"":{""lat"":37.496291,""lon"":127.023303,""alt"":15},""endLLA"":{""lat"":37.489331,""lon"":127.012849,""alt"":100},""targetSpeed"":36,""seq"":3}","{""phase"":""E"",""startLLA"":{""lat"":37.489331,""lon"":127.012849,""alt"":100},""endLLA"":{""lat"":37.471285,""lon"":126.985745,""alt"":281.55},""targetSpeed"":51.4,""seq"":4}","{""phase"":""E"",""startLLA"":{""lat"":37.471285,""lon"":126.985745,""alt"":281.55},""endLLA"":{""lat"":37.473124,""lon"":126.981806,""alt"":305},""targetSpeed"":51.4,""seq"":5}","{""phase"":""F"",""startLLA"":{""lat"":37.473124,""lon"":126.981806,""alt"":305},""endLLA"":{""lat"":37.492877,""lon"":126.93949,""alt"":305},""targetSpeed"":51.4,""seq"":6}","{""phase"":""F"",""startLLA"":{""lat"":37.492877,""lon"":126.93949,""alt"":305},""endLLA"":{""lat"":37.492284,""lon"":126.929979,""alt"":305},""targetSpeed"":51.4,""seq"":7}","{""phase"":""G"",""startLLA"":{""lat"":37.492284,""lon"":126.929979,""alt"":305},""endLLA"":{""lat"":37.489798,""lon"":126.890147,""alt"":100},""targetSpeed"":36,""seq"":8}","{""phase"":""I"",""startLLA"":{""lat"":37.489798,""lon"":126.890147,""alt"":100},""endLLA"":{""lat"":37.489091,""lon"":126.878809,""alt"":15},""targetSpeed"":30,""seq"":9}","{""phase"":""J"",""startLLA"":{""lat"":37.489091,""lon"":126.878809,""alt"":15},""endLLA"":{""lat"":37.489091,""lon"":126.878809,""alt"":0},""targetSpeed"":10,""seq"":10}","{""phase"":""K"",""startLLA"":{""lat"":37.489091,""lon"":126.878809,""alt"":0},""endLLA"":{""lat"":37.489091,""lon"":126.878809,""alt"":0},""targetSpeed"":3,""seq"":11}",,,,,,,,,,
98f166edc22f,2026-07-11,FPL1305044,UAM0056,a8,8,5,0.625,강남,강남,목동,목동,21,G5,F2,G4,F3,21:18:21,21:28:16,21:34:11,21:41:01,21:51:01,595.63,355.28,410,1360.91,179.92,0,ready,강남 > 이수고가차로 > 상도터널 > 63빌딩 > 서강대교 중간지점 > 선유도 17고지 > 목동,15.4931,14,"{""phase"":""A"",""startLLA"":{""lat"":37.496291,""lon"":127.023303,""alt"":0},""endLLA"":{""lat"":37.496291,""lon"":127.023303,""alt"":0},""targetSpeed"":3,""seq"":1}","{""phase"":""B"",""startLLA"":{""lat"":37.496291,""lon"":127.023303,""alt"":0},""endLLA"":{""lat"":37.496291,""lon"":127.023303,""alt"":15},""targetSpeed"":10,""seq"":2}","{""phase"":""C"",""startLLA"":{""lat"":37.496291,""lon"":127.023303,""alt"":15},""endLLA"":{""lat"":37.496789,""lon"":127.009673,""alt"":100},""targetSpeed"":36,""seq"":3}","{""phase"":""E"",""startLLA"":{""lat"":37.496789,""lon"":127.009673,""alt"":100},""endLLA"":{""lat"":37.497738,""lon"":126.983721,""alt"":233.33},""targetSpeed"":51.4,""seq"":4}","{""phase"":""E"",""startLLA"":{""lat"":37.497738,""lon"":126.983721,""alt"":233.33},""endLLA"":{""lat"":37.50217,""lon"":126.970921,""alt"":305},""targetSpeed"":51.4,""seq"":5}","{""phase"":""F"",""startLLA"":{""lat"":37.50217,""lon"":126.970921,""alt"":305},""endLLA"":{""lat"":37.508684,""lon"":126.95211,""alt"":305},""targetSpeed"":51.4,""seq"":6}","{""phase"":""F"",""startLLA"":{""lat"":37.508684,""lon"":126.95211,""alt"":305},""endLLA"":{""lat"":37.519378,""lon"":126.94021,""alt"":305},""targetSpeed"":51.4,""seq"":7}","{""phase"":""F"",""startLLA"":{""lat"":37.519378,""lon"":126.94021,""alt"":305},""endLLA"":{""lat"":37.536949,""lon"":126.924908,""alt"":305},""targetSpeed"":51.4,""seq"":8}","{""phase"":""F"",""startLLA"":{""lat"":37.536949,""lon"":126.924908,""alt"":305},""endLLA"":{""lat"":37.538128,""lon"":126.919977,""alt"":305},""targetSpeed"":51.4,""seq"":9}","{""phase"":""G"",""startLLA"":{""lat"":37.538128,""lon"":126.919977,""alt"":305},""endLLA"":{""lat"":37.542307,""lon"":126.90249,""alt"":211.32},""targetSpeed"":36,""seq"":10}","{""phase"":""G"",""startLLA"":{""lat"":37.542307,""lon"":126.90249,""alt"":211.32},""endLLA"":{""lat"":37.531833,""lon"":126.88527,""alt"":100},""targetSpeed"":36,""seq"":11}","{""phase"":""I"",""startLLA"":{""lat"":37.531833,""lon"":126.88527,""alt"":100},""endLLA"":{""lat"":37.526343,""lon"":126.876243,""alt"":15},""targetSpeed"":30,""seq"":12}","{""phase"":""J"",""startLLA"":{""lat"":37.526343,""lon"":126.876243,""alt"":15},""endLLA"":{""lat"":37.526343,""lon"":126.876243,""alt"":0},""targetSpeed"":10,""seq"":13}","{""phase"":""K"",""startLLA"":{""lat"":37.526343,""lon"":126.876243,""alt"":0},""endLLA"":{""lat"":37.526343,""lon"":126.876243,""alt"":0},""targetSpeed"":3,""seq"":14}",,,,,,,
98f166edc22f,2026-07-11,FPL1315035,UAM0070,a6,6,3,0.5,강남,강남,마곡,마곡,21,G3,F1,,,21:19:40,21:30:35,,,,655.86,0,0,0,180.14,0,analysis_timeout,강남 > 이수고가차로 > 상도터널 > 63빌딩 > 서강대교 중간지점 > 선유도 17고지 > 성산대교 중간지점 > 가양대교 남단 > 마곡,23.493,16,"{""phase"":""A"",""startLLA"":{""lat"":37.496291,""lon"":127.023303,""alt"":0},""endLLA"":{""lat"":37.496291,""lon"":127.023303,""alt"":0},""targetSpeed"":3,""seq"":1}","{""phase"":""B"",""startLLA"":{""lat"":37.496291,""lon"":127.023303,""alt"":0},""endLLA"":{""lat"":37.496291,""lon"":127.023303,""alt"":15},""targetSpeed"":10,""seq"":2}","{""phase"":""C"",""startLLA"":{""lat"":37.496291,""lon"":127.023303,""alt"":15},""endLLA"":{""lat"":37.496789,""lon"":127.009676,""alt"":100},""targetSpeed"":36,""seq"":3}","{""phase"":""E"",""startLLA"":{""lat"":37.496789,""lon"":127.009676,""alt"":100},""endLLA"":{""lat"":37.497738,""lon"":126.983721,""alt"":233.37},""targetSpeed"":51.4,""seq"":4}","{""phase"":""E"",""startLLA"":{""lat"":37.497738,""lon"":126.983721,""alt"":233.37},""endLLA"":{""lat"":37.502167,""lon"":126.970931,""alt"":305},""targetSpeed"":51.4,""seq"":5}","{""phase"":""F"",""startLLA"":{""lat"":37.502167,""lon"":126.970931,""alt"":305},""endLLA"":{""lat"":37.508684,""lon"":126.95211,""alt"":305},""targetSpeed"":51.4,""seq"":6}","{""phase"":""F"",""startLLA"":{""lat"":37.508684,""lon"":126.95211,""alt"":305},""endLLA"":{""lat"":37.519378,""lon"":126.94021,""alt"":305},""targetSpeed"":51.4,""seq"":7}","{""phase"":""F"",""startLLA"":{""lat"":37.519378,""lon"":126.94021,""alt"":305},""endLLA"":{""lat"":37.536949,""lon"":126.924908,""alt"":305},""targetSpeed"":51.4,""seq"":8}","{""phase"":""F"",""startLLA"":{""lat"":37.536949,""lon"":126.924908,""alt"":305},""endLLA"":{""lat"":37.542307,""lon"":126.90249,""alt"":305},""targetSpeed"":51.4,""seq"":9}","{""phase"":""F"",""startLLA"":{""lat"":37.542307,""lon"":126.90249,""alt"":305},""endLLA"":{""lat"":37.552574,""lon"":126.891431,""alt"":305},""targetSpeed"":51.4,""seq"":10}","{""phase"":""F"",""startLLA"":{""lat"":37.552574,""lon"":126.891431,""alt"":305},""endLLA"":{""lat"":37.569391,""lon"":126.861026,""alt"":305},""targetSpeed"":51.4,""seq"":11}","{""phase"":""F"",""startLLA"":{""lat"":37.569391,""lon"":126.861026,""alt"":305},""endLLA"":{""lat"":37.567855,""lon"":126.842867,""alt"":305},""targetSpeed"":51.4,""seq"":12}","{""phase"":""G"",""startLLA"":{""lat"":37.567855,""lon"":126.842867,""alt"":305},""endLLA"":{""lat"":37.564492,""lon"":126.803119,""alt"":100},""targetSpeed"":36,""seq"":13}","{""phase"":""I"",""startLLA"":{""lat"":37.564492,""lon"":126.803119,""alt"":100},""endLLA"":{""lat"":37.563535,""lon"":126.791805,""alt"":15},""targetSpeed"":30,""seq"":14}","{""phase"":""J"",""startLLA"":{""lat"":37.563535,""lon"":126.791805,""alt"":15},""endLLA"":{""lat"":37.563535,""lon"":126.791805,""alt"":0},""targetSpeed"":10,""seq"":15}","{""phase"":""K"",""startLLA"":{""lat"":37.563535,""lon"":126.791805,""alt"":0},""endLLA"":{""lat"":37.563535,""lon"":126.791805,""alt"":0},""targetSpeed"":3,""seq"":16}",,,,,
98f166edc22f,2026-07-11,FPL1310021,UAM0008,a8,8,3,0.375,강남,강남,연신내,연신내,21,G4,F1,G6,F3,21:30:26,21:39:32,21:47:36,21:55:26,22:05:26,545.71,483.8,470,1499.52,75.99,0,ready,강남 > 이수고가차로 > 상도터널 > 63빌딩 > 서강대교 중간지점 > 선유도 17고지 > 성산대교 중간지점 > 수색교 > 연신내,22.0994,16,"{""phase"":""A"",""startLLA"":{""lat"":37.496291,""lon"":127.023303,""alt"":0},""endLLA"":{""lat"":37.496291,""lon"":127.023303,""alt"":0},""targetSpeed"":3,""seq"":1}","{""phase"":""B"",""startLLA"":{""lat"":37.496291,""lon"":127.023303,""alt"":0},""endLLA"":{""lat"":37.496291,""lon"":127.023303,""alt"":15},""targetSpeed"":10,""seq"":2}","{""phase"":""C"",""startLLA"":{""lat"":37.496291,""lon"":127.023303,""alt"":15},""endLLA"":{""lat"":37.496789,""lon"":127.009676,""alt"":100},""targetSpeed"":36,""seq"":3}","{""phase"":""E"",""startLLA"":{""lat"":37.496789,""lon"":127.009676,""alt"":100},""endLLA"":{""lat"":37.497738,""lon"":126.983721,""alt"":233.37},""targetSpeed"":51.4,""seq"":4}","{""phase"":""E"",""startLLA"":{""lat"":37.497738,""lon"":126.983721,""alt"":233.37},""endLLA"":{""lat"":37.502167,""lon"":126.970929,""alt"":305},""targetSpeed"":51.4,""seq"":5}","{""phase"":""F"",""startLLA"":{""lat"":37.502167,""lon"":126.970929,""alt"":305},""endLLA"":{""lat"":37.508684,""lon"":126.95211,""alt"":305},""targetSpeed"":51.4,""seq"":6}","{""phase"":""F"",""startLLA"":{""lat"":37.508684,""lon"":126.95211,""alt"":305},""endLLA"":{""lat"":37.519378,""lon"":126.94021,""alt"":305},""targetSpeed"":51.4,""seq"":7}","{""phase"":""F"",""startLLA"":{""lat"":37.519378,""lon"":126.94021,""alt"":305},""endLLA"":{""lat"":37.536949,""lon"":126.924908,""alt"":305},""targetSpeed"":51.4,""seq"":8}","{""phase"":""F"",""startLLA"":{""lat"":37.536949,""lon"":126.924908,""alt"":305},""endLLA"":{""lat"":37.542307,""lon"":126.90249,""alt"":305},""targetSpeed"":51.4,""seq"":9}","{""phase"":""F"",""startLLA"":{""lat"":37.542307,""lon"":126.90249,""alt"":305},""endLLA"":{""lat"":37.552574,""lon"":126.891431,""alt"":305},""targetSpeed"":51.4,""seq"":10}","{""phase"":""F"",""startLLA"":{""lat"":37.552574,""lon"":126.891431,""alt"":305},""endLLA"":{""lat"":37.583699,""lon"":126.886697,""alt"":305},""targetSpeed"":51.4,""seq"":11}","{""phase"":""G"",""startLLA"":{""lat"":37.583699,""lon"":126.886697,""alt"":305},""endLLA"":{""lat"":37.586283,""lon"":126.886304,""alt"":288.16},""targetSpeed"":36,""seq"":12}","{""phase"":""G"",""startLLA"":{""lat"":37.586283,""lon"":126.886304,""alt"":288.16},""endLLA"":{""lat"":37.60526,""lon"":126.914121,""alt"":100},""targetSpeed"":36,""seq"":13}","{""phase"":""I"",""startLLA"":{""lat"":37.60526,""lon"":126.914121,""alt"":100},""endLLA"":{""lat"":37.611145,""lon"":126.922747,""alt"":15},""targetSpeed"":30,""seq"":14}","{""phase"":""J"",""startLLA"":{""lat"":37.611145,""lon"":126.922747,""alt"":15},""endLLA"":{""lat"":37.611145,""lon"":126.922747,""alt"":0},""targetSpeed"":10,""seq"":15}","{""phase"":""K"",""startLLA"":{""lat"":37.611145,""lon"":126.922747,""alt"":0},""endLLA"":{""lat"":37.611145,""lon"":126.922747,""alt"":0},""targetSpeed"":3,""seq"":16}",,,,,
