vertiport_id,vertiport,phase,resource_type,resource_id,fpl_id,aircraft_id,state,description,start_sec,end_sec,start_time,end_time,duration_sec
여의도,여의도,departure,fato,fato-1,FPL0113001,UAM0001,procedure,engine start,23518.28,23758.28,06:31:58,06:35:58,240
잠실,잠실,departure,fato,fato-1,FPL0213001,UAM0005,procedure,engine start,23518.28,23758.28,06:31:58,06:35:58,240
용산,용산,departure,fato,fato-1,FPL0401001,UAM0013,procedure,engine start,23518.28,23758.28,06:31:58,06:35:58,240
목동,목동,departure,fato,fato-1,FPL0515001,UAM0017,procedure,engine start,23518.28,23758.28,06:31:58,06:35:58,240
미아,미아,departure,fato,fato-1,FPL0614001,UAM0021,procedure,engine start,23518.28,23758.28,06:31:58,06:35:58,240
봉천,봉천,departure,fato,fato-1,FPL0708001,UAM0025,procedure,engine start,23518.28,23758.28,06:31:58,06:35:58,240
사당,사당,departure,fato,fato-1,FPL0811001,UAM0029,procedure,engine start,23518.28,23758.28,06:31:58,06:35:58,240
성수,성수,departure,fato,fato-1,FPL0906001,UAM0033,procedure,engine start,23518.28,23758.28,06:31:58,06:35:58,240
천호,천호,departure,fato,fato-1,FPL1106001,UAM0041,procedure,engine start,23518.28,23758.28,06:31:58,06:35:58,240
광화문,광화문,departure,fato,fato-1,FPL1203001,UAM0045,procedure,engine start,23518.28,23758.28,06:31:58,06:35:58,240
강남,강남,departure,fato,fato-1,FPL1312001,UAM0049,procedure,engine start,23518.28,23758.28,06:31:58,06:35:58,240
가산,가산,departure,fato,fato-1,FPL1411001,UAM0053,procedure,engine start,23518.28,23758.28,06:31:58,06:35:58,240
마곡,마곡,departure,fato,fato-1,FPL1517001,UAM0057,procedure,engine start,23518.28,23758.28,06:31:58,06:35:58,240
여의도,여의도,departure,fato,fato-2,FPL0105001,UAM0002,procedure,engine start,23558.28,23798.28,06:32:38,06:36:38,240
목동,목동,departure,fato,fato-2,FPL0503001,UAM0018,procedure,engine start,23558.28,23798.28,06:32:38,06:36:38,240
천호,천호,departure,fato,fato-2,FPL1117001,UAM0042,procedure,engine start,23558.28,23798.28,06:32:38,06:36:38,240
강남,강남,departure,fato,fato-2,FPL1301001,UAM0050,procedure,engine start,23558.28,23798.28,06:32:38,06:36:38,240
여의도,여의도,departure,fato,fato-1,FPL0103001,UAM0003,procedure,engine start,23846.86,24086.86,06:37:26,06:41:26,240
여의도,여의도,departure,fato,fato-2,FPL0102001,UAM0004,procedure,engine start,23886.86,24126.86,06:38:06,06:42:06,240
목동,목동,arrival,fato,fato-1,FPL0105001,UAM0002,fatoLock,fato lock,23933.45,23993.45,06:38:53,06:39:53,60
상암,상암,arrival,fato,fato-1,FPL0503001,UAM0018,fatoLock,fato lock,23948.44,24008.44,06:39:08,06:40:08,60
상암,상암,arrival,fato,fato-2,FPL1203001,UAM0045,fatoLock,fato lock,23969.68,24029.68,06:39:29,06:40:29,60
목동,목동,arrival,fato,fato-1,FPL0105001,UAM0002,procedure,engine stop,23993.45,24173.45,06:39:53,06:42:53,180
수서,수서,arrival,fato,fato-1,FPL1117001,UAM0042,fatoLock,fato lock,24002.48,24062.48,06:40:02,06:41:02,60
강남,강남,arrival,fato,fato-1,FPL0213001,UAM0005,fatoLock,fato lock,24006.03,24066.03,06:40:06,06:41:06,60
상암,상암,arrival,fato,fato-1,FPL0503001,UAM0018,procedure,engine stop,24008.44,24188.44,06:40:08,06:43:08,180
강남,강남,arrival,fato,fato-2,FPL0113001,UAM0001,fatoLock,fato lock,24014.22,24074.22,06:40:14,06:41:14,60
상암,상암,arrival,fato,fato-2,FPL1203001,UAM0045,procedure,engine stop,24029.68,24209.68,06:40:29,06:43:29,180
수서,수서,arrival,fato,fato-1,FPL1117001,UAM0042,procedure,engine stop,24062.48,24242.48,06:41:02,06:44:02,180
강남,강남,arrival,fato,fato-1,FPL0213001,UAM0005,procedure,engine stop,24066.03,24246.03,06:41:06,06:44:06,180
사당,사당,arrival,fato,fato-1,FPL0708001,UAM0025,fatoLock,fato lock,24067.9,24127.9,06:41:07,06:42:07,60
마곡,마곡,arrival,fato,fato-1,FPL0515001,UAM0017,fatoLock,fato lock,24069.28,24129.28,06:41:09,06:42:09,60
강남,강남,arrival,fato,fato-2,FPL0113001,UAM0001,procedure,engine stop,24074.22,24254.22,06:41:14,06:44:14,180
미아,미아,arrival,fato,fato-1,FPL0906001,UAM0033,fatoLock,fato lock,24083.5,24143.5,06:41:23,06:42:23,60
미아,미아,arrival,fato,fato-2,FPL1106001,UAM0041,fatoLock,fato lock,24101.9,24161.9,06:41:41,06:42:41,60
사당,사당,arrival,fato,fato-1,FPL0708001,UAM0025,procedure,engine stop,24127.9,24307.9,06:42:07,06:45:07,180
마곡,마곡,arrival,fato,fato-1,FPL0515001,UAM0017,procedure,engine stop,24129.28,24309.28,06:42:09,06:45:09,180
미아,미아,arrival,fato,fato-1,FPL0906001,UAM0033,procedure,engine stop,24143.5,24323.5,06:42:23,06:45:23,180
미아,미아,arrival,fato,fato-2,FPL1106001,UAM0041,procedure,engine stop,24161.9,24341.9,06:42:41,06:45:41,180
여의도,여의도,arrival,fato,fato-1,FPL0401001,UAM0013,fatoLock,fato lock,24164,24224,06:42:43,06:43:43,60
천호,천호,arrival,fato,fato-1,FPL0811001,UAM0029,fatoLock,fato lock,24178.84,24238.84,06:42:58,06:43:58,60
여의도,여의도,arrival,fato,fato-2,FPL1301001,UAM0050,fatoLock,fato lock,24204,24264,06:43:23,06:44:23,60
광화문,광화문,arrival,fato,fato-1,FPL1312001,UAM0049,fatoLock,fato lock,24206.24,24266.24,06:43:26,06:44:26,60
여의도,여의도,arrival,fato,fato-1,FPL0401001,UAM0013,procedure,engine stop,24224,24404,06:43:43,06:46:43,180
상암,상암,arrival,fato,fato-1,FPL0103001,UAM0003,fatoLock,fato lock,24227,24287,06:43:47,06:44:47,60
천호,천호,arrival,fato,fato-1,FPL0811001,UAM0029,procedure,engine stop,24238.84,24418.84,06:43:58,06:46:58,180
여의도,여의도,arrival,fato,fato-2,FPL1301001,UAM0050,procedure,engine stop,24264,24444,06:44:23,06:47:23,180
광화문,광화문,arrival,fato,fato-1,FPL1312001,UAM0049,procedure,engine stop,24266.24,24446.24,06:44:26,06:47:26,180
상암,상암,arrival,fato,fato-1,FPL0103001,UAM0003,procedure,engine stop,24287,24467,06:44:47,06:47:47,180
목동,목동,arrival,gate,gate-1,FPL0105001,UAM0002,handling,turnaround,24291.73,24891.73,06:44:51,06:54:51,600
상암,상암,arrival,gate,gate-8,FPL0503001,UAM0018,handling,turnaround,24306.73,24906.73,06:45:06,06:55:06,600
수서,수서,arrival,gate,gate-8,FPL1117001,UAM0042,handling,turnaround,24360.77,24960.77,06:46:00,06:56:00,600
강남,강남,arrival,gate,gate-1,FPL0213001,UAM0005,handling,turnaround,24364.31,24964.31,06:46:04,06:56:04,600
천호,천호,arrival,fato,fato-2,FPL1411001,UAM0053,fatoLock,fato lock,24368.95,24428.95,06:46:08,06:47:08,60
상암,상암,arrival,gate,gate-7,FPL1203001,UAM0045,handling,turnaround,24385.01,24985.01,06:46:25,06:56:25,600
강남,강남,arrival,gate,gate-8,FPL0113001,UAM0001,handling,turnaround,24412.6,25012.6,06:46:52,06:56:52,600
사당,사당,arrival,gate,gate-1,FPL0708001,UAM0025,handling,turnaround,24426.18,25026.18,06:47:06,06:57:06,600
마곡,마곡,arrival,gate,gate-1,FPL0515001,UAM0017,handling,turnaround,24427.57,25027.57,06:47:07,06:57:07,600
천호,천호,arrival,fato,fato-2,FPL1411001,UAM0053,procedure,engine stop,24428.95,24608.95,06:47:08,06:50:08,180
미아,미아,arrival,gate,gate-1,FPL0906001,UAM0033,handling,turnaround,24441.79,25041.79,06:47:21,06:57:21,600
수서,수서,arrival,fato,fato-1,FPL1517001,UAM0057,fatoLock,fato lock,24454.31,24514.31,06:47:34,06:48:34,60
미아,미아,arrival,gate,gate-8,FPL1106001,UAM0041,handling,turnaround,24490.07,25090.07,06:48:10,06:58:10,600
수서,수서,arrival,fato,fato-1,FPL1517001,UAM0057,procedure,engine stop,24514.31,24694.31,06:48:34,06:51:34,180
여의도,여의도,arrival,gate,gate-1,FPL0401001,UAM0013,handling,turnaround,24522.28,25122.28,06:48:42,06:58:42,600
가산,가산,arrival,fato,fato-1,FPL0614001,UAM0021,fatoLock,fato lock,24527.62,24587.62,06:48:47,06:49:47,60
천호,천호,arrival,gate,gate-1,FPL0811001,UAM0029,handling,turnaround,24537.12,25137.12,06:48:57,06:58:57,600
광화문,광화문,arrival,gate,gate-1,FPL1312001,UAM0049,handling,turnaround,24564.53,25164.53,06:49:24,06:59:24,600
여의도,여의도,arrival,gate,gate-8,FPL1301001,UAM0050,handling,turnaround,24570.57,25170.57,06:49:30,06:59:30,600
잠실,잠실,arrival,fato,fato-1,FPL0102001,UAM0004,fatoLock,fato lock,24581.33,24641.33,06:49:41,06:50:41,60
가산,가산,arrival,fato,fato-1,FPL0614001,UAM0021,procedure,engine stop,24587.62,24767.62,06:49:47,06:52:47,180
잠실,잠실,arrival,fato,fato-1,FPL0102001,UAM0004,procedure,engine stop,24641.33,24821.33,06:50:41,06:53:41,180
상암,상암,arrival,gate,gate-6,FPL0103001,UAM0003,handling,turnaround,24645.29,25245.29,06:50:45,07:00:45,600
천호,천호,arrival,gate,gate-8,FPL1411001,UAM0053,handling,turnaround,24727.23,25327.23,06:52:07,07:02:07,600
수서,수서,arrival,gate,gate-7,FPL1517001,UAM0057,handling,turnaround,24842.59,25442.59,06:54:02,07:04:02,600
가산,가산,arrival,gate,gate-1,FPL0614001,UAM0021,handling,turnaround,24885.91,25485.91,06:54:45,07:04:45,600
잠실,잠실,arrival,gate,gate-1,FPL0102001,UAM0004,handling,turnaround,24939.62,25539.62,06:55:39,07:05:39,600
미아,미아,departure,gate,gate-1,FPL0611001,UAM0033,waiting,gate hold,25200,25230,07:00:00,07:00:30,30
광화문,광화문,departure,gate,gate-1,FPL1204001,UAM0049,waiting,gate hold,25200,25230,07:00:00,07:00:30,30
강남,강남,departure,fato,fato-1,FPL1312002,UAM0001,procedure,engine start,25318.28,25558.28,07:01:58,07:05:58,240
목동,목동,departure,fato,fato-1,FPL0517001,UAM0002,procedure,engine start,25318.28,25558.28,07:01:58,07:05:58,240
여의도,여의도,departure,fato,fato-1,FPL0112001,UAM0013,procedure,engine start,25318.28,25558.28,07:01:58,07:05:58,240
마곡,마곡,departure,fato,fato-1,FPL1513001,UAM0017,procedure,engine start,25318.28,25558.28,07:01:58,07:05:58,240
사당,사당,departure,fato,fato-1,FPL0815001,UAM0025,procedure,engine start,25318.28,25558.28,07:01:58,07:05:58,240
천호,천호,departure,fato,fato-1,FPL1114001,UAM0029,procedure,engine start,25318.28,25558.28,07:01:58,07:05:58,240
연신내,연신내,departure,fato,fato-1,FPL1005001,UAM0037,procedure,engine start,25318.28,25558.28,07:01:58,07:05:58,240
수서,수서,departure,fato,fato-1,FPL1714001,UAM0042,procedure,engine start,25318.28,25558.28,07:01:58,07:05:58,240
망우,망우,departure,fato,fato-1,FPL1602001,UAM0061,procedure,engine start,25318.28,25558.28,07:01:58,07:05:58,240
잠실,잠실,departure,fato,fato-1,FPL0212001,UAM0006,procedure,engine start,25348.28,25588.28,07:02:28,07:06:28,240
용산,용산,departure,fato,fato-1,FPL0406001,UAM0014,procedure,engine start,25348.28,25588.28,07:02:28,07:06:28,240
미아,미아,departure,fato,fato-1,FPL0605001,UAM0022,procedure,engine start,25348.28,25588.28,07:02:28,07:06:28,240
봉천,봉천,departure,fato,fato-1,FPL0715001,UAM0026,procedure,engine start,25348.28,25588.28,07:02:28,07:06:28,240
성수,성수,departure,fato,fato-1,FPL0905001,UAM0034,procedure,engine start,25348.28,25588.28,07:02:28,07:06:28,240
광화문,광화문,departure,fato,fato-1,FPL1215001,UAM0046,procedure,engine start,25348.28,25588.28,07:02:28,07:06:28,240
가산,가산,departure,fato,fato-1,FPL1413001,UAM0054,procedure,engine start,25348.28,25588.28,07:02:28,07:06:28,240
강남,강남,departure,fato,fato-2,FPL1315001,UAM0005,procedure,engine start,25358.28,25598.28,07:02:38,07:06:38,240
사당,사당,departure,fato,fato-2,FPL0805001,UAM0030,procedure,engine start,25358.28,25598.28,07:02:38,07:06:38,240
연신내,연신내,departure,fato,fato-2,FPL1001001,UAM0038,procedure,engine start,25358.28,25598.28,07:02:38,07:06:38,240
여의도,여의도,departure,fato,fato-2,FPL0116001,UAM0050,procedure,engine start,25358.28,25598.28,07:02:38,07:06:38,240
마곡,마곡,departure,fato,fato-2,FPL1506001,UAM0058,procedure,engine start,25358.28,25598.28,07:02:38,07:06:38,240
수서,수서,departure,fato,fato-2,FPL1712001,UAM0065,procedure,engine start,25358.28,25598.28,07:02:38,07:06:38,240
목동,목동,departure,fato,fato-2,FPL0515002,UAM0019,procedure,engine start,25378.28,25618.28,07:02:58,07:06:58,240
천호,천호,departure,fato,fato-2,FPL1112001,UAM0043,procedure,engine start,25378.28,25618.28,07:02:58,07:06:58,240
잠실,잠실,departure,fato,fato-2,FPL0205001,UAM0007,procedure,engine start,25388.28,25628.28,07:03:08,07:07:08,240
미아,미아,departure,fato,fato-2,FPL0603001,UAM0023,procedure,engine start,25388.28,25628.28,07:03:08,07:07:08,240
봉천,봉천,departure,fato,fato-2,FPL0706001,UAM0027,procedure,engine start,25388.28,25628.28,07:03:08,07:07:08,240
성수,성수,departure,fato,fato-2,FPL0908001,UAM0035,procedure,engine start,25388.28,25628.28,07:03:08,07:07:08,240
광화문,광화문,departure,fato,fato-2,FPL1205001,UAM0047,procedure,engine start,25388.28,25628.28,07:03:08,07:07:08,240
가산,가산,departure,fato,fato-2,FPL1415001,UAM0055,procedure,engine start,25388.28,25628.28,07:03:08,07:07:08,240
목동,목동,departure,fato,fato-1,FPL0516001,UAM0020,procedure,engine start,25646.86,25886.86,07:07:26,07:11:26,240
사당,사당,departure,fato,fato-1,FPL0810001,UAM0031,procedure,engine start,25646.86,25886.86,07:07:26,07:11:26,240
연신내,연신내,departure,fato,fato-1,FPL1011001,UAM0039,procedure,engine start,25646.86,25886.86,07:07:26,07:11:26,240
천호,천호,departure,fato,fato-1,FPL1115001,UAM0044,procedure,engine start,25646.86,25886.86,07:07:26,07:11:26,240
강남,강남,departure,fato,fato-1,FPL1308001,UAM0051,procedure,engine start,25646.86,25886.86,07:07:26,07:11:26,240
마곡,마곡,departure,fato,fato-1,FPL1504001,UAM0059,procedure,engine start,25646.86,25886.86,07:07:26,07:11:26,240
수서,수서,departure,fato,fato-1,FPL1705001,UAM0066,procedure,engine start,25646.86,25886.86,07:07:26,07:11:26,240
잠실,잠실,departure,fato,fato-1,FPL0207001,UAM0008,procedure,engine start,25676.86,25916.86,07:07:56,07:11:56,240
미아,미아,departure,fato,fato-1,FPL0601001,UAM0024,procedure,engine start,25676.86,25916.86,07:07:56,07:11:56,240
봉천,봉천,departure,fato,fato-1,FPL0711001,UAM0028,procedure,engine start,25676.86,25916.86,07:07:56,07:11:56,240
광화문,광화문,departure,fato,fato-1,FPL1201001,UAM0048,procedure,engine start,25676.86,25916.86,07:07:56,07:11:56,240
가산,가산,departure,fato,fato-1,FPL1416001,UAM0056,procedure,engine start,25676.86,25916.86,07:07:56,07:11:56,240
마곡,마곡,departure,fato,fato-2,FPL1502001,UAM0060,procedure,engine start,25686.86,25926.86,07:08:06,07:12:06,240
수서,수서,departure,fato,fato-2,FPL1703001,UAM0067,procedure,engine start,25686.86,25926.86,07:08:06,07:12:06,240
천호,천호,departure,fato,fato-2,FPL1107001,UAM0053,procedure,engine start,25706.86,25946.86,07:08:26,07:12:26,240
미아,미아,departure,fato,fato-2,FPL0611001,UAM0033,procedure,engine start,25716.86,25956.86,07:08:36,07:12:36,240
광화문,광화문,departure,fato,fato-2,FPL1204001,UAM0049,procedure,engine start,25716.86,25956.86,07:08:36,07:12:36,240
가산,가산,departure,fato,fato-2,FPL1410001,UAM0021,procedure,engine start,25716.86,25956.86,07:08:36,07:12:36,240
잠실,잠실,departure,fato,fato-2,FPL0208001,UAM0004,procedure,engine start,25716.86,25956.86,07:08:36,07:12:36,240
목동,목동,arrival,fato,fato-2,FPL1005001,UAM0037,fatoLock,fato lock,25842.17,25902.17,07:10:42,07:11:42,60
여의도,여의도,arrival,fato,fato-1,FPL1001001,UAM0038,fatoLock,fato lock,25897.81,25957.81,07:11:37,07:12:37,60
목동,목동,arrival,fato,fato-2,FPL1005001,UAM0037,procedure,engine stop,25902.17,26082.17,07:11:42,07:14:42,180
강남,강남,arrival,fato,fato-2,FPL1413001,UAM0054,fatoLock,fato lock,25934.48,25994.48,07:12:14,07:13:14,60
여의도,여의도,arrival,fato,fato-1,FPL1001001,UAM0038,procedure,engine stop,25957.81,26137.81,07:12:37,07:15:37,180
마곡,마곡,arrival,fato,fato-1,FPL0515002,UAM0019,fatoLock,fato lock,25964,26024,07:12:43,07:13:43,60
목동,목동,arrival,fato,fato-1,FPL0805001,UAM0030,fatoLock,fato lock,25964,26024,07:12:43,07:13:43,60
사당,사당,arrival,fato,fato-1,FPL0908001,UAM0035,fatoLock,fato lock,25982.87,26042.87,07:13:02,07:14:02,60
광화문,광화문,arrival,fato,fato-1,FPL0112001,UAM0013,fatoLock,fato lock,25994,26054,07:13:13,07:14:13,60
잠실,잠실,arrival,fato,fato-1,FPL1602001,UAM0061,fatoLock,fato lock,25994,26054,07:13:13,07:14:13,60
강남,강남,arrival,fato,fato-2,FPL1413001,UAM0054,procedure,engine stop,25994.48,26174.48,07:13:14,07:16:14,180
마곡,마곡,arrival,fato,fato-2,FPL1215001,UAM0046,fatoLock,fato lock,26004,26064,07:13:23,07:14:23,60
가산,가산,arrival,fato,fato-1,FPL1714001,UAM0042,fatoLock,fato lock,26022.4,26082.4,07:13:42,07:14:42,60
마곡,마곡,arrival,fato,fato-1,FPL0515002,UAM0019,procedure,engine stop,26024,26204,07:13:43,07:16:43,180
목동,목동,arrival,fato,fato-1,FPL0805001,UAM0030,procedure,engine stop,26024,26204,07:13:43,07:16:43,180
광화문,광화문,arrival,fato,fato-2,FPL1312002,UAM0001,fatoLock,fato lock,26034,26094,07:13:53,07:14:53,60
사당,사당,arrival,fato,fato-1,FPL0908001,UAM0035,procedure,engine stop,26042.87,26222.87,07:14:02,07:17:02,180
수서,수서,arrival,fato,fato-1,FPL0517001,UAM0002,fatoLock,fato lock,26050.44,26110.44,07:14:10,07:15:10,60
광화문,광화문,arrival,fato,fato-1,FPL0112001,UAM0013,procedure,engine stop,26054,26234,07:14:13,07:17:13,180
잠실,잠실,arrival,fato,fato-1,FPL1602001,UAM0061,procedure,engine stop,26054,26234,07:14:13,07:17:13,180
마곡,마곡,arrival,fato,fato-2,FPL1215001,UAM0046,procedure,engine stop,26064,26244,07:14:23,07:17:23,180
강남,강남,arrival,fato,fato-1,FPL1513001,UAM0017,fatoLock,fato lock,26080.63,26140.63,07:14:40,07:15:40,60
가산,가산,arrival,fato,fato-1,FPL1714001,UAM0042,procedure,engine stop,26082.4,26262.4,07:14:42,07:17:42,180
망우,망우,arrival,fato,fato-1,FPL0116001,UAM0050,fatoLock,fato lock,26085.74,26145.74,07:14:45,07:15:45,60
광화문,광화문,arrival,fato,fato-2,FPL1312002,UAM0001,procedure,engine stop,26094,26274,07:14:53,07:17:53,180
수서,수서,arrival,fato,fato-1,FPL0517001,UAM0002,procedure,engine stop,26110.44,26290.44,07:15:10,07:18:10,180
목동,목동,arrival,fato,fato-2,FPL1205001,UAM0047,fatoLock,fato lock,26110.74,26170.74,07:15:10,07:16:10,60
강남,강남,arrival,fato,fato-1,FPL1513001,UAM0017,procedure,engine stop,26140.63,26320.63,07:15:40,07:18:40,180
망우,망우,arrival,fato,fato-1,FPL0116001,UAM0050,procedure,engine stop,26145.74,26325.74,07:15:45,07:18:45,180
미아,미아,arrival,fato,fato-1,FPL0406001,UAM0014,fatoLock,fato lock,26151.48,26211.48,07:15:51,07:16:51,60
가산,가산,arrival,fato,fato-2,FPL1114001,UAM0029,fatoLock,fato lock,26168.95,26228.95,07:16:08,07:17:08,60
목동,목동,arrival,fato,fato-2,FPL1205001,UAM0047,procedure,engine stop,26170.74,26350.74,07:16:10,07:19:10,180
목동,목동,arrival,gate,gate-1,FPL1005001,UAM0037,handling,turnaround,26200.45,26800.45,07:16:40,07:26:40,600
사당,사당,arrival,fato,fato-2,FPL1308001,UAM0051,fatoLock,fato lock,26201.92,26261.92,07:16:41,07:17:41,60
여의도,여의도,arrival,fato,fato-1,FPL1201001,UAM0048,fatoLock,fato lock,26210.93,26270.93,07:16:50,07:17:50,60
미아,미아,arrival,fato,fato-1,FPL0406001,UAM0014,procedure,engine stop,26211.48,26391.48,07:16:51,07:19:51,180
가산,가산,arrival,fato,fato-2,FPL1114001,UAM0029,procedure,engine stop,26228.95,26408.95,07:17:08,07:20:08,180
목동,목동,arrival,fato,fato-1,FPL0905001,UAM0034,fatoLock,fato lock,26232.57,26292.57,07:17:12,07:18:12,60
마곡,마곡,arrival,fato,fato-1,FPL1415001,UAM0055,fatoLock,fato lock,26232.57,26292.57,07:17:12,07:18:12,60
사당,사당,arrival,fato,fato-1,FPL0208001,UAM0004,fatoLock,fato lock,26251.44,26311.44,07:17:31,07:18:31,60
여의도,여의도,arrival,gate,gate-1,FPL1001001,UAM0038,handling,turnaround,26256.09,26856.09,07:17:36,07:27:36,600
사당,사당,arrival,fato,fato-2,FPL1308001,UAM0051,procedure,engine stop,26261.92,26441.92,07:17:41,07:20:41,180
광화문,광화문,arrival,fato,fato-1,FPL0212001,UAM0006,fatoLock,fato lock,26262.57,26322.57,07:17:42,07:18:42,60
용산,용산,arrival,fato,fato-1,FPL1504001,UAM0059,fatoLock,fato lock,26264.75,26324.75,07:17:44,07:18:44,60
봉천,봉천,arrival,fato,fato-1,FPL0207001,UAM0008,fatoLock,fato lock,26270.36,26330.36,07:17:50,07:18:50,60
여의도,여의도,arrival,fato,fato-1,FPL1201001,UAM0048,procedure,engine stop,26270.93,26450.93,07:17:50,07:20:50,180
마곡,마곡,arrival,fato,fato-2,FPL0715001,UAM0026,fatoLock,fato lock,26272.57,26332.57,07:17:52,07:18:52,60
목동,목동,arrival,fato,fato-1,FPL0905001,UAM0034,procedure,engine stop,26292.57,26472.57,07:18:12,07:21:12,180
마곡,마곡,arrival,fato,fato-1,FPL1415001,UAM0055,procedure,engine stop,26292.57,26472.57,07:18:12,07:21:12,180
강남,강남,arrival,gate,gate-1,FPL1413001,UAM0054,handling,turnaround,26292.77,26892.77,07:18:12,07:28:12,600
미아,미아,arrival,fato,fato-2,FPL0706001,UAM0027,fatoLock,fato lock,26296.12,26356.12,07:18:16,07:19:16,60
천호,천호,arrival,fato,fato-1,FPL0611001,UAM0033,fatoLock,fato lock,26300.47,26360.47,07:18:20,07:19:20,60
용산,용산,arrival,fato,fato-2,FPL1204001,UAM0049,fatoLock,fato lock,26302.19,26362.19,07:18:22,07:19:22,60
광화문,광화문,arrival,fato,fato-2,FPL1112001,UAM0043,fatoLock,fato lock,26302.57,26362.57,07:18:22,07:19:22,60
사당,사당,arrival,fato,fato-1,FPL0208001,UAM0004,procedure,engine stop,26311.44,26491.44,07:18:31,07:21:31,180
상암,상암,arrival,fato,fato-1,FPL0603001,UAM0023,fatoLock,fato lock,26311.49,26371.49,07:18:31,07:19:31,60
마곡,마곡,arrival,gate,gate-1,FPL0515002,UAM0019,handling,turnaround,26322.28,26922.28,07:18:42,07:28:42,600
목동,목동,arrival,gate,gate-8,FPL0805001,UAM0030,handling,turnaround,26322.28,26922.28,07:18:42,07:28:42,600
광화문,광화문,arrival,fato,fato-1,FPL0212001,UAM0006,procedure,engine stop,26322.57,26502.57,07:18:42,07:21:42,180
용산,용산,arrival,fato,fato-1,FPL1504001,UAM0059,procedure,engine stop,26324.75,26504.75,07:18:44,07:21:44,180
봉천,봉천,arrival,fato,fato-1,FPL0207001,UAM0008,procedure,engine stop,26330.36,26510.36,07:18:50,07:21:50,180
마곡,마곡,arrival,fato,fato-2,FPL0715001,UAM0026,procedure,engine stop,26332.57,26512.57,07:18:52,07:21:52,180
사당,사당,arrival,gate,gate-1,FPL0908001,UAM0035,handling,turnaround,26341.15,26941.15,07:19:01,07:29:01,600
연신내,연신내,arrival,fato,fato-1,FPL1410001,UAM0021,fatoLock,fato lock,26341.78,26401.78,07:19:01,07:20:01,60
연신내,연신내,arrival,fato,fato-2,FPL0810001,UAM0031,fatoLock,fato lock,26351.34,26411.34,07:19:11,07:20:11,60
광화문,광화문,arrival,gate,gate-1,FPL0112001,UAM0013,handling,turnaround,26352.28,26952.28,07:19:12,07:29:12,600
잠실,잠실,arrival,gate,gate-1,FPL1602001,UAM0061,handling,turnaround,26352.28,26952.28,07:19:12,07:29:12,600
미아,미아,arrival,fato,fato-2,FPL0706001,UAM0027,procedure,engine stop,26356.12,26536.12,07:19:16,07:22:16,180
천호,천호,arrival,fato,fato-1,FPL0611001,UAM0033,procedure,engine stop,26360.47,26540.47,07:19:20,07:22:20,180
용산,용산,arrival,fato,fato-2,FPL1204001,UAM0049,procedure,engine stop,26362.19,26542.19,07:19:22,07:22:22,180
광화문,광화문,arrival,fato,fato-2,FPL1112001,UAM0043,procedure,engine stop,26362.57,26542.57,07:19:22,07:22:22,180
마곡,마곡,arrival,gate,gate-8,FPL1215001,UAM0046,handling,turnaround,26370.57,26970.57,07:19:30,07:29:30,600
상암,상암,arrival,fato,fato-1,FPL0603001,UAM0023,procedure,engine stop,26371.49,26551.49,07:19:31,07:22:31,180
목동,목동,arrival,fato,fato-2,FPL0205001,UAM0007,fatoLock,fato lock,26379.31,26439.31,07:19:39,07:20:39,60
가산,가산,arrival,gate,gate-1,FPL1714001,UAM0042,handling,turnaround,26380.69,26980.69,07:19:40,07:29:40,600
광화문,광화문,arrival,gate,gate-8,FPL1312002,UAM0001,handling,turnaround,26400.57,27000.57,07:20:00,07:30:00,600
연신내,연신내,arrival,fato,fato-1,FPL1410001,UAM0021,procedure,engine stop,26401.78,26581.78,07:20:01,07:23:01,180
수서,수서,arrival,gate,gate-1,FPL0517001,UAM0002,handling,turnaround,26408.72,27008.72,07:20:08,07:30:08,600
천호,천호,arrival,fato,fato-2,FPL0711001,UAM0028,fatoLock,fato lock,26409.59,26469.59,07:20:09,07:21:09,60
연신내,연신내,arrival,fato,fato-2,FPL0810001,UAM0031,procedure,engine stop,26411.34,26591.34,07:20:11,07:23:11,180
강남,강남,arrival,gate,gate-8,FPL1513001,UAM0017,handling,turnaround,26438.91,27038.91,07:20:38,07:30:38,600
목동,목동,arrival,fato,fato-2,FPL0205001,UAM0007,procedure,engine stop,26439.31,26619.31,07:20:39,07:23:39,180
봉천,봉천,arrival,fato,fato-2,FPL1107001,UAM0053,fatoLock,fato lock,26439.59,26499.59,07:20:39,07:21:39,60
망우,망우,arrival,gate,gate-1,FPL0116001,UAM0050,handling,turnaround,26444.03,27044.03,07:20:44,07:30:44,600
미아,미아,arrival,fato,fato-1,FPL1506001,UAM0058,fatoLock,fato lock,26445.76,26505.76,07:20:45,07:21:45,60
천호,천호,arrival,fato,fato-2,FPL0711001,UAM0028,procedure,engine stop,26469.59,26649.59,07:21:09,07:24:09,180
망우,망우,arrival,fato,fato-1,FPL0516001,UAM0020,fatoLock,fato lock,26485.09,26545.09,07:21:25,07:22:25,60
여의도,여의도,arrival,fato,fato-1,FPL0601001,UAM0024,fatoLock,fato lock,26497.93,26557.93,07:21:37,07:22:37,60
목동,목동,arrival,gate,gate-2,FPL1205001,UAM0047,handling,turnaround,26499.03,27099.03,07:21:39,07:31:39,600
봉천,봉천,arrival,fato,fato-2,FPL1107001,UAM0053,procedure,engine stop,26499.59,26679.59,07:21:39,07:24:39,180
목동,목동,arrival,fato,fato-1,FPL0605001,UAM0022,fatoLock,fato lock,26501.14,26561.14,07:21:41,07:22:41,60
마곡,마곡,arrival,fato,fato-1,FPL0815001,UAM0025,fatoLock,fato lock,26501.14,26561.14,07:21:41,07:22:41,60
미아,미아,arrival,fato,fato-1,FPL1506001,UAM0058,procedure,engine stop,26505.76,26685.76,07:21:45,07:24:45,180
미아,미아,arrival,gate,gate-1,FPL0406001,UAM0014,handling,turnaround,26509.77,27109.77,07:21:49,07:31:49,600
가산,가산,arrival,gate,gate-8,FPL1114001,UAM0029,handling,turnaround,26527.23,27127.23,07:22:07,07:32:07,600
광화문,광화문,arrival,fato,fato-1,FPL1712001,UAM0065,fatoLock,fato lock,26531.14,26591.14,07:22:11,07:23:11,60
마곡,마곡,arrival,fato,fato-2,FPL1315001,UAM0005,fatoLock,fato lock,26541.14,26601.14,07:22:21,07:23:21,60
망우,망우,arrival,fato,fato-1,FPL0516001,UAM0020,procedure,engine stop,26545.09,26725.09,07:22:25,07:25:25,180
여의도,여의도,arrival,fato,fato-1,FPL0601001,UAM0024,procedure,engine stop,26557.93,26737.93,07:22:37,07:25:37,180
사당,사당,arrival,gate,gate-8,FPL1308001,UAM0051,handling,turnaround,26560.2,27160.2,07:22:40,07:32:40,600
목동,목동,arrival,fato,fato-1,FPL0605001,UAM0022,procedure,engine stop,26561.14,26741.14,07:22:41,07:25:41,180
마곡,마곡,arrival,fato,fato-1,FPL0815001,UAM0025,procedure,engine stop,26561.14,26741.14,07:22:41,07:25:41,180
여의도,여의도,arrival,gate,gate-8,FPL1201001,UAM0048,handling,turnaround,26569.21,27169.21,07:22:49,07:32:49,600
망우,망우,arrival,fato,fato-2,FPL1416001,UAM0056,fatoLock,fato lock,26570.76,26630.76,07:22:50,07:23:50,60
광화문,광화문,arrival,fato,fato-1,FPL1712001,UAM0065,procedure,engine stop,26591.14,26771.14,07:23:11,07:26:11,180
마곡,마곡,arrival,fato,fato-2,FPL1315001,UAM0005,procedure,engine stop,26601.14,26781.14,07:23:21,07:26:21,180
천호,천호,arrival,fato,fato-1,FPL1011001,UAM0039,fatoLock,fato lock,26607.71,26667.71,07:23:27,07:24:27,60
목동,목동,arrival,gate,gate-7,FPL0905001,UAM0034,handling,turnaround,26620.85,27220.85,07:23:40,07:33:40,600
마곡,마곡,arrival,gate,gate-2,FPL1415001,UAM0055,handling,turnaround,26620.85,27220.85,07:23:40,07:33:40,600
용산,용산,arrival,gate,gate-1,FPL1504001,UAM0059,handling,turnaround,26623.04,27223.04,07:23:43,07:33:43,600
봉천,봉천,arrival,gate,gate-1,FPL0207001,UAM0008,handling,turnaround,26628.64,27228.64,07:23:48,07:33:48,600
잠실,잠실,arrival,fato,fato-1,FPL1502001,UAM0060,fatoLock,fato lock,26630.19,26690.19,07:23:50,07:24:50,60
망우,망우,arrival,fato,fato-2,FPL1416001,UAM0056,procedure,engine stop,26630.76,26810.76,07:23:50,07:26:50,180
사당,사당,arrival,gate,gate-2,FPL0208001,UAM0004,handling,turnaround,26639.72,27239.72,07:23:59,07:33:59,600
목동,목동,arrival,fato,fato-2,FPL1705001,UAM0066,fatoLock,fato lock,26647.88,26707.88,07:24:07,07:25:07,60
광화문,광화문,arrival,gate,gate-2,FPL0212001,UAM0006,handling,turnaround,26650.85,27250.85,07:24:10,07:34:10,600
천호,천호,arrival,gate,gate-1,FPL0611001,UAM0033,handling,turnaround,26658.76,27258.76,07:24:18,07:34:18,600
천호,천호,arrival,fato,fato-1,FPL1011001,UAM0039,procedure,engine stop,26667.71,26847.71,07:24:27,07:27:27,180
마곡,마곡,arrival,gate,gate-7,FPL0715001,UAM0026,handling,turnaround,26669.14,27269.14,07:24:29,07:34:29,600
용산,용산,arrival,gate,gate-8,FPL1204001,UAM0049,handling,turnaround,26671.32,27271.32,07:24:31,07:34:31,600
미아,미아,arrival,gate,gate-2,FPL0706001,UAM0027,handling,turnaround,26684.4,27284.4,07:24:44,07:34:44,600
잠실,잠실,arrival,fato,fato-1,FPL1502001,UAM0060,procedure,engine stop,26690.19,26870.19,07:24:50,07:27:50,180
광화문,광화문,arrival,gate,gate-7,FPL1112001,UAM0043,handling,turnaround,26699.14,27299.14,07:24:59,07:34:59,600
연신내,연신내,arrival,gate,gate-1,FPL1410001,UAM0021,handling,turnaround,26700.06,27300.06,07:25:00,07:35:00,600
목동,목동,arrival,fato,fato-2,FPL1705001,UAM0066,procedure,engine stop,26707.88,26887.88,07:25:07,07:28:07,180
연신내,연신내,arrival,gate,gate-8,FPL0810001,UAM0031,handling,turnaround,26748.34,27348.34,07:25:48,07:35:48,600
상암,상암,arrival,gate,gate-5,FPL0603001,UAM0023,handling,turnaround,26759.77,27359.77,07:25:59,07:35:59,600
천호,천호,arrival,gate,gate-8,FPL0711001,UAM0028,handling,turnaround,26767.88,27367.88,07:26:07,07:36:07,600
마곡,마곡,arrival,fato,fato-1,FPL1115001,UAM0044,fatoLock,fato lock,26769.71,26829.71,07:26:09,07:27:09,60
목동,목동,arrival,gate,gate-3,FPL0205001,UAM0007,handling,turnaround,26797.6,27397.6,07:26:37,07:36:37,600
봉천,봉천,arrival,gate,gate-8,FPL1107001,UAM0053,handling,turnaround,26797.88,27397.88,07:26:37,07:36:37,600
마곡,마곡,arrival,fato,fato-1,FPL1115001,UAM0044,procedure,engine stop,26829.71,27009.71,07:27:09,07:30:09,180
미아,미아,arrival,gate,gate-7,FPL1506001,UAM0058,handling,turnaround,26834.05,27434.05,07:27:14,07:37:14,600
망우,망우,arrival,gate,gate-8,FPL0516001,UAM0020,handling,turnaround,26843.37,27443.37,07:27:23,07:37:23,600
여의도,여의도,arrival,gate,gate-2,FPL0601001,UAM0024,handling,turnaround,26886.21,27486.21,07:28:06,07:38:06,600
목동,목동,departure,fato,fato-1,FPL0508001,UAM0037,procedure,engine start,26919.28,27159.28,07:28:39,07:32:39,240
목동,목동,arrival,gate,gate-6,FPL0605001,UAM0022,handling,turnaround,26919.43,27519.43,07:28:39,07:38:39,600
마곡,마곡,arrival,gate,gate-3,FPL0815001,UAM0025,handling,turnaround,26919.43,27519.43,07:28:39,07:38:39,600
광화문,광화문,arrival,gate,gate-3,FPL1712001,UAM0065,handling,turnaround,26949.43,27549.43,07:29:09,07:39:09,600
망우,망우,arrival,gate,gate-7,FPL1416001,UAM0056,handling,turnaround,26959.04,27559.04,07:29:19,07:39:19,600
마곡,마곡,arrival,gate,gate-6,FPL1315001,UAM0005,handling,turnaround,26967.71,27567.71,07:29:27,07:39:27,600
여의도,여의도,departure,fato,fato-1,FPL0107001,UAM0038,procedure,engine start,26975.28,27215.28,07:29:35,07:33:35,240
잠실,잠실,arrival,gate,gate-8,FPL1502001,UAM0060,handling,turnaround,26988.47,27588.47,07:29:48,07:39:48,600
천호,천호,arrival,gate,gate-2,FPL1011001,UAM0039,handling,turnaround,26995.99,27595.99,07:29:55,07:39:55,600
목동,목동,departure,fato,fato-2,FPL0511001,UAM0030,procedure,engine start,27054.45,27294.45,07:30:54,07:34:54,240
잠실,잠실,departure,fato,fato-1,FPL0203001,UAM0061,procedure,engine start,27071.28,27311.28,07:31:11,07:35:11,240
목동,목동,arrival,gate,gate-4,FPL1705001,UAM0066,handling,turnaround,27096.17,27696.17,07:31:36,07:41:36,600
마곡,마곡,arrival,gate,gate-4,FPL1115001,UAM0044,handling,turnaround,27218,27818,07:33:37,07:43:37,600
천호,천호,departure,fato,fato-1,FPL1103001,UAM0033,procedure,engine start,27377.28,27617.28,07:36:17,07:40:17,240
봉천,봉천,arrival,fato,fato-1,FPL0107001,UAM0038,fatoLock,fato lock,27394.1,27454.1,07:36:34,07:37:34,60
사당,사당,arrival,fato,fato-1,FPL0508001,UAM0037,fatoLock,fato lock,27439.27,27499.27,07:37:19,07:38:19,60
봉천,봉천,arrival,fato,fato-1,FPL0107001,UAM0038,procedure,engine stop,27454.1,27634.1,07:37:34,07:40:34,180
사당,사당,arrival,fato,fato-1,FPL0508001,UAM0037,procedure,engine stop,27499.27,27679.27,07:38:19,07:41:19,180
봉천,봉천,arrival,gate,gate-2,FPL0107001,UAM0038,handling,turnaround,27782.38,28382.38,07:43:02,07:53:02,600
사당,사당,arrival,gate,gate-7,FPL0508001,UAM0037,handling,turnaround,27827.56,28427.56,07:43:47,07:53:47,600
천호,천호,arrival,fato,fato-1,FPL0511001,UAM0030,fatoLock,fato lock,27886.78,27946.78,07:44:46,07:45:46,60
천호,천호,arrival,fato,fato-1,FPL0511001,UAM0030,procedure,engine stop,27946.78,28126.78,07:45:46,07:48:46,180
천호,천호,arrival,gate,gate-1,FPL0511001,UAM0030,handling,turnaround,28245.06,28845.06,07:50:45,08:00:45,600
마곡,마곡,departure,gate,gate-7,FPL1511001,UAM0026,waiting,gate hold,28800,28830,08:00:00,08:00:30,30
목동,목동,departure,gate,gate-7,FPL0503002,UAM0034,waiting,gate hold,28800,28830,08:00:00,08:00:30,30
사당,사당,departure,gate,gate-1,FPL0816001,UAM0035,waiting,gate hold,28800,28830,08:00:00,08:00:30,30
목동,목동,departure,gate,gate-2,FPL0504001,UAM0047,waiting,gate hold,28800,28830,08:00:00,08:00:30,30
용산,용산,departure,gate,gate-8,FPL0410001,UAM0049,waiting,gate hold,28800,28860,08:00:00,08:01:00,60
광화문,광화문,departure,fato,fato-1,FPL1213001,UAM0001,procedure,engine start,28918.28,29158.28,08:01:58,08:05:58,240
수서,수서,departure,fato,fato-1,FPL1715001,UAM0002,procedure,engine start,28918.28,29158.28,08:01:58,08:05:58,240
봉천,봉천,departure,fato,fato-1,FPL0715002,UAM0008,procedure,engine start,28918.28,29158.28,08:01:58,08:05:58,240
강남,강남,departure,fato,fato-1,FPL1316001,UAM0017,procedure,engine start,28918.28,29158.28,08:01:58,08:05:58,240
마곡,마곡,departure,fato,fato-2,FPL1505001,UAM0019,procedure,engine start,28918.28,29158.28,08:01:58,08:05:58,240
망우,망우,departure,fato,fato-1,FPL1613001,UAM0020,procedure,engine start,28918.28,29158.28,08:01:58,08:05:58,240
연신내,연신내,departure,fato,fato-1,FPL1017001,UAM0021,procedure,engine start,28918.28,29158.28,08:01:58,08:05:58,240
천호,천호,departure,fato,fato-1,FPL1113001,UAM0028,procedure,engine start,28918.28,29158.28,08:01:58,08:05:58,240
가산,가산,departure,fato,fato-1,FPL1412001,UAM0029,procedure,engine start,28918.28,29158.28,08:01:58,08:05:58,240
잠실,잠실,departure,fato,fato-1,FPL0215001,UAM0060,procedure,engine start,28918.28,29158.28,08:01:58,08:05:58,240
사당,사당,departure,fato,fato-1,FPL0813001,UAM0004,procedure,engine start,28948.28,29188.28,08:02:28,08:06:28,240
여의도,여의도,departure,fato,fato-1,FPL0114001,UAM0024,procedure,engine start,28948.28,29188.28,08:02:28,08:06:28,240
광화문,광화문,departure,fato,fato-2,FPL1216001,UAM0006,procedure,engine start,28958.28,29198.28,08:02:38,08:06:38,240
연신내,연신내,departure,fato,fato-2,FPL1001002,UAM0031,procedure,engine start,28958.28,29198.28,08:02:38,08:06:38,240
천호,천호,departure,fato,fato-2,FPL1108001,UAM0039,procedure,engine start,28958.28,29198.28,08:02:38,08:06:38,240
가산,가산,departure,fato,fato-2,FPL1406001,UAM0042,procedure,engine start,28958.28,29198.28,08:02:38,08:06:38,240
망우,망우,departure,fato,fato-2,FPL1607001,UAM0050,procedure,engine start,28958.28,29198.28,08:02:38,08:06:38,240
수서,수서,departure,fato,fato-2,FPL1705002,UAM0057,procedure,engine start,28958.28,29198.28,08:02:38,08:06:38,240
마곡,마곡,departure,fato,fato-1,FPL1516001,UAM0005,procedure,engine start,28978.28,29218.28,08:02:58,08:06:58,240
목동,목동,departure,fato,fato-1,FPL0513001,UAM0007,procedure,engine start,28978.28,29218.28,08:02:58,08:06:58,240
용산,용산,departure,fato,fato-1,FPL0413001,UAM0015,procedure,engine start,28978.28,29218.28,08:02:58,08:06:58,240
사당,사당,departure,fato,fato-2,FPL0812001,UAM0032,procedure,engine start,29008.28,29248.28,08:03:28,08:07:28,240
성수,성수,departure,fato,fato-1,FPL0916001,UAM0036,procedure,engine start,29008.28,29248.28,08:03:28,08:07:28,240
강남,강남,departure,fato,fato-2,FPL1306001,UAM0052,procedure,engine start,29008.28,29248.28,08:03:28,08:07:28,240
용산,용산,departure,fato,fato-2,FPL0405001,UAM0016,procedure,engine start,29018.28,29258.28,08:03:38,08:07:38,240
목동,목동,departure,fato,fato-2,FPL0515003,UAM0022,procedure,engine start,29018.28,29258.28,08:03:38,08:07:38,240
광화문,광화문,departure,fato,fato-1,FPL1205002,UAM0013,procedure,engine start,29246.86,29486.86,08:07:26,08:11:26,240
마곡,마곡,departure,fato,fato-2,FPL1508001,UAM0025,procedure,engine start,29246.86,29486.86,08:07:26,08:11:26,240
강남,강남,departure,fato,fato-1,FPL1303001,UAM0054,procedure,engine start,29246.86,29486.86,08:07:26,08:11:26,240
수서,수서,departure,fato,fato-1,FPL1708001,UAM0068,procedure,engine start,29246.86,29486.86,08:07:26,08:11:26,240
천호,천호,departure,fato,fato-1,FPL1101001,UAM0030,procedure,engine start,29246.86,29486.86,08:07:26,08:11:26,240
사당,사당,departure,fato,fato-1,FPL0816001,UAM0035,procedure,engine start,29276.86,29516.86,08:07:56,08:11:56,240
광화문,광화문,departure,fato,fato-2,FPL1208001,UAM0043,procedure,engine start,29286.86,29526.86,08:08:06,08:12:06,240
마곡,마곡,departure,fato,fato-1,FPL1511001,UAM0026,procedure,engine start,29306.86,29546.86,08:08:26,08:12:26,240
목동,목동,departure,fato,fato-1,FPL0503002,UAM0034,procedure,engine start,29306.86,29546.86,08:08:26,08:12:26,240
용산,용산,departure,fato,fato-1,FPL0410001,UAM0049,procedure,engine start,29306.86,29546.86,08:08:26,08:12:26,240
사당,사당,departure,fato,fato-2,FPL0807001,UAM0037,procedure,engine start,29336.86,29576.86,08:08:56,08:12:56,240
가산,가산,arrival,fato,fato-1,FPL0114001,UAM0024,fatoLock,fato lock,29346.19,29406.19,08:09:06,08:10:06,60
목동,목동,departure,fato,fato-2,FPL0504001,UAM0047,procedure,engine start,29346.86,29586.86,08:09:06,08:13:06,240
가산,가산,arrival,fato,fato-1,FPL0114001,UAM0024,procedure,engine stop,29406.19,29586.19,08:10:06,08:13:06,180
강남,강남,arrival,fato,fato-2,FPL1113001,UAM0028,fatoLock,fato lock,29433.1,29493.1,08:10:33,08:11:33,60
망우,망우,arrival,fato,fato-1,FPL1216001,UAM0006,fatoLock,fato lock,29461.38,29521.38,08:11:01,08:12:01,60
망우,망우,arrival,fato,fato-2,FPL1316001,UAM0017,fatoLock,fato lock,29476.34,29536.34,08:11:16,08:12:16,60
강남,강남,arrival,fato,fato-2,FPL1113001,UAM0028,procedure,engine stop,29493.1,29673.1,08:11:33,08:14:33,180
여의도,여의도,arrival,fato,fato-1,FPL1001002,UAM0031,fatoLock,fato lock,29497.81,29557.81,08:11:37,08:12:37,60
망우,망우,arrival,fato,fato-1,FPL1216001,UAM0006,procedure,engine stop,29521.38,29701.38,08:12:01,08:15:01,180
망우,망우,arrival,fato,fato-2,FPL1316001,UAM0017,procedure,engine stop,29536.34,29716.34,08:12:16,08:15:16,180
여의도,여의도,arrival,fato,fato-1,FPL1001002,UAM0031,procedure,engine stop,29557.81,29737.81,08:12:37,08:15:37,180
강남,강남,arrival,fato,fato-1,FPL0413001,UAM0015,fatoLock,fato lock,29564,29624,08:12:43,08:13:43,60
마곡,마곡,arrival,fato,fato-2,FPL0515003,UAM0022,fatoLock,fato lock,29569.28,29629.28,08:12:49,08:13:49,60
광화문,광화문,departure,fato,fato-1,FPL1217001,UAM0065,procedure,engine start,29575.43,29815.43,08:12:55,08:16:55,240
광화문,광화문,arrival,fato,fato-2,FPL1412001,UAM0029,fatoLock,fato lock,29604,29664,08:13:23,08:14:23,60
사당,사당,arrival,fato,fato-1,FPL1108001,UAM0039,fatoLock,fato lock,29618.84,29678.84,08:13:38,08:14:38,60
마곡,마곡,arrival,fato,fato-1,FPL0715002,UAM0008,fatoLock,fato lock,29624,29684,08:13:43,08:14:43,60
강남,강남,arrival,fato,fato-1,FPL0413001,UAM0015,procedure,engine stop,29624,29804,08:13:43,08:16:43,180
목동,목동,arrival,fato,fato-1,FPL1505001,UAM0019,fatoLock,fato lock,29624,29684,08:13:43,08:14:43,60
마곡,마곡,arrival,fato,fato-2,FPL0515003,UAM0022,procedure,engine stop,29629.28,29809.28,08:13:49,08:16:49,180
목동,목동,arrival,fato,fato-2,FPL0405001,UAM0016,fatoLock,fato lock,29664,29724,08:14:23,08:15:23,60
광화문,광화문,arrival,fato,fato-2,FPL1412001,UAM0029,procedure,engine stop,29664,29844,08:14:23,08:17:23,180
사당,사당,arrival,fato,fato-1,FPL1108001,UAM0039,procedure,engine stop,29678.84,29858.84,08:14:38,08:17:38,180
마곡,마곡,arrival,fato,fato-1,FPL0715002,UAM0008,procedure,engine stop,29684,29864,08:14:43,08:17:43,180
목동,목동,arrival,fato,fato-1,FPL1505001,UAM0019,procedure,engine stop,29684,29864,08:14:43,08:17:43,180
미아,미아,arrival,fato,fato-1,FPL1306001,UAM0052,fatoLock,fato lock,29698.2,29758.2,08:14:58,08:15:58,60
강남,강남,arrival,fato,fato-2,FPL1613001,UAM0020,fatoLock,fato lock,29701.67,29761.67,08:15:01,08:16:01,60
가산,가산,arrival,gate,gate-1,FPL0114001,UAM0024,handling,turnaround,29704.47,30304.47,08:15:04,08:25:04,600
목동,목동,arrival,fato,fato-2,FPL0405001,UAM0016,procedure,engine stop,29724,29904,08:15:23,08:18:23,180
망우,망우,arrival,fato,fato-1,FPL0916001,UAM0036,fatoLock,fato lock,29729.95,29789.95,08:15:29,08:16:29,60
봉천,봉천,arrival,fato,fato-1,FPL1607001,UAM0050,fatoLock,fato lock,29734.26,29794.26,08:15:34,08:16:34,60
미아,미아,arrival,fato,fato-1,FPL1306001,UAM0052,procedure,engine stop,29758.2,29938.2,08:15:58,08:18:58,180
사당,사당,arrival,fato,fato-2,FPL1708001,UAM0068,fatoLock,fato lock,29760.86,29820.86,08:16:00,08:17:00,60
강남,강남,arrival,fato,fato-2,FPL1613001,UAM0020,procedure,engine stop,29761.67,29941.67,08:16:01,08:19:01,180
망우,망우,arrival,fato,fato-1,FPL0916001,UAM0036,procedure,engine stop,29789.95,29969.95,08:16:29,08:19:29,180
강남,강남,arrival,gate,gate-1,FPL1113001,UAM0028,handling,turnaround,29791.39,30391.39,08:16:31,08:26:31,600
봉천,봉천,arrival,fato,fato-1,FPL1607001,UAM0050,procedure,engine stop,29794.26,29974.26,08:16:34,08:19:34,180
용산,용산,arrival,fato,fato-1,FPL0504001,UAM0047,fatoLock,fato lock,29802.91,29862.91,08:16:42,08:17:42,60
망우,망우,arrival,gate,gate-1,FPL1216001,UAM0006,handling,turnaround,29819.66,30419.66,08:16:59,08:26:59,600
사당,사당,arrival,fato,fato-2,FPL1708001,UAM0068,procedure,engine stop,29820.86,30000.86,08:17:00,08:20:00,180
강남,강남,arrival,fato,fato-1,FPL0813001,UAM0004,fatoLock,fato lock,29832.57,29892.57,08:17:12,08:18:12,60
수서,수서,arrival,fato,fato-1,FPL1017001,UAM0021,fatoLock,fato lock,29834.94,29894.94,08:17:14,08:18:14,60
마곡,마곡,arrival,fato,fato-2,FPL1715001,UAM0002,fatoLock,fato lock,29854.31,29914.31,08:17:34,08:18:34,60
여의도,여의도,arrival,gate,gate-1,FPL1001002,UAM0031,handling,turnaround,29856.09,30456.09,08:17:36,08:27:36,600
용산,용산,arrival,fato,fato-1,FPL0504001,UAM0047,procedure,engine stop,29862.91,30042.91,08:17:42,08:20:42,180
망우,망우,arrival,gate,gate-8,FPL1316001,UAM0017,handling,turnaround,29867.94,30467.94,08:17:47,08:27:47,600
광화문,광화문,arrival,fato,fato-2,FPL0812001,UAM0032,fatoLock,fato lock,29872.57,29932.57,08:17:52,08:18:52,60
봉천,봉천,arrival,fato,fato-2,FPL0807001,UAM0037,fatoLock,fato lock,29886.47,29946.47,08:18:06,08:19:06,60
강남,강남,arrival,fato,fato-1,FPL0813001,UAM0004,procedure,engine stop,29892.57,30072.57,08:18:12,08:21:12,180
목동,목동,arrival,fato,fato-1,FPL1705002,UAM0057,fatoLock,fato lock,29892.57,29952.57,08:18:12,08:19:12,60
마곡,마곡,arrival,fato,fato-1,FPL0215001,UAM0060,fatoLock,fato lock,29892.57,29952.57,08:18:12,08:19:12,60
수서,수서,arrival,fato,fato-1,FPL1017001,UAM0021,procedure,engine stop,29894.94,30074.94,08:18:14,08:21:14,180
연신내,연신내,arrival,fato,fato-1,FPL0410001,UAM0049,fatoLock,fato lock,29897.64,29957.64,08:18:17,08:19:17,60
마곡,마곡,arrival,fato,fato-2,FPL1715001,UAM0002,procedure,engine stop,29914.31,30094.31,08:18:34,08:21:34,180
강남,강남,arrival,gate,gate-8,FPL0413001,UAM0015,handling,turnaround,29922.28,30522.28,08:18:42,08:28:42,600
마곡,마곡,arrival,gate,gate-1,FPL0515003,UAM0022,handling,turnaround,29927.57,30527.57,08:18:47,08:28:47,600
목동,목동,arrival,fato,fato-2,FPL1205002,UAM0013,fatoLock,fato lock,29932.57,29992.57,08:18:52,08:19:52,60
광화문,광화문,arrival,fato,fato-2,FPL0812001,UAM0032,procedure,engine stop,29932.57,30112.57,08:18:52,08:21:52,180
봉천,봉천,arrival,fato,fato-2,FPL0807001,UAM0037,procedure,engine stop,29946.47,30126.47,08:19:06,08:22:06,180
목동,목동,arrival,fato,fato-1,FPL1705002,UAM0057,procedure,engine stop,29952.57,30132.57,08:19:12,08:22:12,180
마곡,마곡,arrival,fato,fato-1,FPL0215001,UAM0060,procedure,engine stop,29952.57,30132.57,08:19:12,08:22:12,180
연신내,연신내,arrival,fato,fato-1,FPL0410001,UAM0049,procedure,engine stop,29957.64,30137.64,08:19:17,08:22:17,180
광화문,광화문,arrival,gate,gate-1,FPL1412001,UAM0029,handling,turnaround,29962.28,30562.28,08:19:22,08:29:22,600
미아,미아,arrival,fato,fato-1,FPL1406001,UAM0042,fatoLock,fato lock,29967.62,30027.62,08:19:27,08:20:27,60
여의도,여의도,arrival,fato,fato-1,FPL1101001,UAM0030,fatoLock,fato lock,29968.41,30028.41,08:19:28,08:20:28,60
강남,강남,arrival,fato,fato-2,FPL0513001,UAM0007,fatoLock,fato lock,29970.25,30030.25,08:19:30,08:20:30,60
사당,사당,arrival,fato,fato-1,FPL1508001,UAM0025,fatoLock,fato lock,29970.72,30030.72,08:19:30,08:20:30,60
망우,망우,arrival,fato,fato-2,FPL1516001,UAM0005,fatoLock,fato lock,29972.15,30032.15,08:19:32,08:20:32,60
사당,사당,arrival,gate,gate-1,FPL1108001,UAM0039,handling,turnaround,29977.12,30577.12,08:19:37,08:29:37,600
목동,목동,arrival,gate,gate-1,FPL1505001,UAM0019,handling,turnaround,29982.28,30582.28,08:19:42,08:29:42,600
목동,목동,arrival,fato,fato-2,FPL1205002,UAM0013,procedure,engine stop,29992.57,30172.57,08:19:52,08:22:52,180
마곡,마곡,arrival,gate,gate-7,FPL0715002,UAM0008,handling,turnaround,30012.28,30612.28,08:20:12,08:30:12,600
미아,미아,arrival,fato,fato-1,FPL1406001,UAM0042,procedure,engine stop,30027.62,30207.62,08:20:27,08:23:27,180
여의도,여의도,arrival,fato,fato-1,FPL1101001,UAM0030,procedure,engine stop,30028.41,30208.41,08:20:28,08:23:28,180
사당,사당,arrival,fato,fato-2,FPL1208001,UAM0043,fatoLock,fato lock,30029.44,30089.44,08:20:29,08:21:29,60
강남,강남,arrival,fato,fato-2,FPL0513001,UAM0007,procedure,engine stop,30030.25,30210.25,08:20:30,08:23:30,180
목동,목동,arrival,gate,gate-8,FPL0405001,UAM0016,handling,turnaround,30030.57,30630.57,08:20:30,08:30:30,600
사당,사당,arrival,fato,fato-1,FPL1508001,UAM0025,procedure,engine stop,30030.72,30210.72,08:20:30,08:23:30,180
망우,망우,arrival,fato,fato-2,FPL1516001,UAM0005,procedure,engine stop,30032.15,30212.15,08:20:32,08:23:32,180
사당,사당,arrival,fato,fato-2,FPL1208001,UAM0043,procedure,engine stop,30089.44,30269.44,08:21:29,08:24:29,180
강남,강남,arrival,gate,gate-2,FPL1613001,UAM0020,handling,turnaround,30089.96,30689.96,08:21:29,08:31:29,600
봉천,봉천,arrival,gate,gate-1,FPL1607001,UAM0050,handling,turnaround,30092.55,30692.55,08:21:32,08:31:32,600
강남,강남,arrival,fato,fato-1,FPL1213001,UAM0001,fatoLock,fato lock,30101.14,30161.14,08:21:41,08:22:41,60
미아,미아,arrival,gate,gate-3,FPL1306001,UAM0052,handling,turnaround,30116.48,30716.48,08:21:56,08:31:56,600
망우,망우,arrival,gate,gate-6,FPL0916001,UAM0036,handling,turnaround,30148.23,30748.23,08:22:28,08:32:28,600
사당,사당,arrival,gate,gate-2,FPL1708001,UAM0068,handling,turnaround,30149.15,30749.15,08:22:29,08:32:29,600
강남,강남,arrival,fato,fato-1,FPL1213001,UAM0001,procedure,engine stop,30161.14,30341.14,08:22:41,08:25:41,180
용산,용산,arrival,gate,gate-8,FPL0504001,UAM0047,handling,turnaround,30161.19,30761.19,08:22:41,08:32:41,600
수서,수서,arrival,gate,gate-1,FPL1017001,UAM0021,handling,turnaround,30193.22,30793.22,08:23:13,08:33:13,600
강남,강남,arrival,gate,gate-7,FPL0813001,UAM0004,handling,turnaround,30220.85,30820.85,08:23:40,08:33:40,600
광화문,광화문,arrival,gate,gate-8,FPL0812001,UAM0032,handling,turnaround,30230.85,30830.85,08:23:50,08:33:50,600
연신내,연신내,arrival,gate,gate-1,FPL0410001,UAM0049,handling,turnaround,30255.92,30855.92,08:24:15,08:34:15,600
마곡,마곡,arrival,gate,gate-3,FPL1715001,UAM0002,handling,turnaround,30272.59,30872.59,08:24:32,08:34:32,600
봉천,봉천,arrival,gate,gate-7,FPL0807001,UAM0037,handling,turnaround,30274.76,30874.76,08:24:34,08:34:34,600
목동,목동,arrival,gate,gate-2,FPL1705002,UAM0057,handling,turnaround,30280.85,30880.85,08:24:40,08:34:40,600
천호,천호,arrival,fato,fato-1,FPL1511001,UAM0026,fatoLock,fato lock,30294.82,30354.82,08:24:54,08:25:54,60
수서,수서,arrival,fato,fato-1,FPL1217001,UAM0065,fatoLock,fato lock,30295.62,30355.62,08:24:55,08:25:55,60
마곡,마곡,arrival,gate,gate-6,FPL0215001,UAM0060,handling,turnaround,30320.88,30920.88,08:25:20,08:35:20,600
목동,목동,arrival,gate,gate-7,FPL1205002,UAM0013,handling,turnaround,30329.14,30929.14,08:25:29,08:35:29,600
천호,천호,arrival,fato,fato-1,FPL1511001,UAM0026,procedure,engine stop,30354.82,30534.82,08:25:54,08:28:54,180
수서,수서,arrival,fato,fato-1,FPL1217001,UAM0065,procedure,engine stop,30355.62,30535.62,08:25:55,08:28:55,180
여의도,여의도,arrival,gate,gate-2,FPL1101001,UAM0030,handling,turnaround,30356.69,30956.69,08:25:56,08:35:56,600
사당,사당,arrival,gate,gate-7,FPL1508001,UAM0025,handling,turnaround,30359,30959,08:25:59,08:35:59,600
미아,미아,arrival,gate,gate-6,FPL1406001,UAM0042,handling,turnaround,30385.91,30985.91,08:26:25,08:36:25,600
강남,강남,arrival,gate,gate-3,FPL0513001,UAM0007,handling,turnaround,30388.53,30988.53,08:26:28,08:36:28,600
망우,망우,arrival,gate,gate-5,FPL1516001,UAM0005,handling,turnaround,30420.44,31020.44,08:27:00,08:37:00,600
가산,가산,departure,fato,fato-1,FPL1403001,UAM0024,procedure,engine start,30423.28,30663.28,08:27:03,08:31:03,240
사당,사당,arrival,gate,gate-3,FPL1208001,UAM0043,handling,turnaround,30447.72,31047.72,08:27:27,08:37:27,600
강남,강남,departure,fato,fato-1,FPL1309001,UAM0028,procedure,engine start,30510.28,30750.28,08:28:30,08:32:30,240
강남,강남,arrival,gate,gate-6,FPL1213001,UAM0001,handling,turnaround,30519.43,31119.43,08:28:39,08:38:39,600
강남,강남,departure,fato,fato-2,FPL1301002,UAM0015,procedure,engine start,30641.28,30881.28,08:30:41,08:34:41,240
천호,천호,arrival,gate,gate-1,FPL1511001,UAM0026,handling,turnaround,30653.1,31253.1,08:30:53,08:40:53,600
수서,수서,arrival,gate,gate-8,FPL1217001,UAM0065,handling,turnaround,30653.9,31253.9,08:30:53,08:40:53,600
광화문,광화문,departure,fato,fato-1,FPL1201002,UAM0029,procedure,engine start,30681.28,30921.28,08:31:21,08:35:21,240
수서,수서,departure,fato,fato-1,FPL1701001,UAM0021,procedure,engine start,30912.28,31152.28,08:35:12,08:39:12,240
성수,성수,arrival,fato,fato-1,FPL1309001,UAM0028,fatoLock,fato lock,30949.35,31009.35,08:35:49,08:36:49,60
성수,성수,arrival,fato,fato-1,FPL1309001,UAM0028,procedure,engine stop,31009.35,31189.35,08:36:49,08:39:49,180
여의도,여의도,arrival,fato,fato-1,FPL1301002,UAM0015,fatoLock,fato lock,31137.22,31197.22,08:38:57,08:39:57,60
여의도,여의도,arrival,fato,fato-1,FPL1301002,UAM0015,procedure,engine stop,31197.22,31377.22,08:39:57,08:42:57,180
여의도,여의도,arrival,fato,fato-2,FPL1201002,UAM0029,fatoLock,fato lock,31215.36,31275.36,08:40:15,08:41:15,60
여의도,여의도,arrival,fato,fato-2,FPL1201002,UAM0029,procedure,engine stop,31275.36,31455.36,08:41:15,08:44:15,180
성수,성수,arrival,gate,gate-1,FPL1309001,UAM0028,handling,turnaround,31307.63,31907.63,08:41:47,08:51:47,600
천호,천호,departure,fato,fato-1,FPL1110001,UAM0026,procedure,engine start,31372.28,31612.28,08:42:52,08:46:52,240
여의도,여의도,arrival,gate,gate-7,FPL1301002,UAM0015,handling,turnaround,31525.5,32125.5,08:45:25,08:55:25,600
여의도,여의도,arrival,fato,fato-1,FPL1701001,UAM0021,fatoLock,fato lock,31620.38,31680.38,08:47:00,08:48:00,60
여의도,여의도,arrival,gate,gate-3,FPL1201002,UAM0029,handling,turnaround,31633.64,32233.64,08:47:13,08:57:13,600
여의도,여의도,arrival,fato,fato-1,FPL1701001,UAM0021,procedure,engine stop,31680.38,31860.38,08:48:00,08:51:00,180
성수,성수,departure,fato,fato-1,FPL0905002,UAM0028,procedure,engine start,32026.28,32266.28,08:53:46,08:57:46,240
여의도,여의도,arrival,gate,gate-6,FPL1701001,UAM0021,handling,turnaround,32038.67,32638.67,08:53:58,09:03:58,600
연신내,연신내,arrival,fato,fato-1,FPL1110001,UAM0026,fatoLock,fato lock,32333.13,32393.13,08:58:53,08:59:53,60
연신내,연신내,arrival,fato,fato-1,FPL1110001,UAM0026,procedure,engine stop,32393.13,32573.13,08:59:53,09:02:53,180
강남,강남,departure,gate,gate-7,FPL1315002,UAM0004,waiting,gate hold,32400,32430,09:00:00,09:00:30,30
마곡,마곡,departure,gate,gate-7,FPL1516002,UAM0008,waiting,gate hold,32400,32430,09:00:00,09:00:30,30
목동,목동,departure,gate,gate-8,FPL0512001,UAM0016,waiting,gate hold,32400,32430,09:00:00,09:00:30,30
목동,목동,departure,gate,gate-1,FPL0507001,UAM0019,waiting,gate hold,32400,32430,09:00:00,09:00:30,30
강남,강남,departure,gate,gate-2,FPL1317001,UAM0020,waiting,gate hold,32400,32430,09:00:00,09:00:30,30
망우,망우,departure,gate,gate-6,FPL1617001,UAM0036,waiting,gate hold,32400,32430,09:00:00,09:00:30,30
사당,사당,departure,gate,gate-1,FPL0809001,UAM0039,waiting,gate hold,32400,32430,09:00:00,09:00:30,30
봉천,봉천,departure,gate,gate-1,FPL0709001,UAM0050,waiting,gate hold,32400,32430,09:00:00,09:00:30,30
봉천,봉천,departure,gate,gate-8,FPL0710001,UAM0053,waiting,gate hold,32400,32430,09:00:00,09:00:30,30
상암,상암,arrival,fato,fato-2,FPL1403001,UAM0024,fatoLock,fato lock,32436.57,32496.57,09:00:36,09:01:36,60
상암,상암,arrival,fato,fato-2,FPL1403001,UAM0024,procedure,engine stop,32496.57,32676.57,09:01:36,09:04:36,180
망우,망우,departure,fato,fato-2,FPL1615001,UAM0006,procedure,engine start,32518.28,32758.28,09:01:58,09:05:58,240
미아,미아,departure,fato,fato-1,FPL0613001,UAM0014,procedure,engine start,32518.28,32758.28,09:01:58,09:05:58,240
광화문,광화문,departure,fato,fato-1,FPL1206001,UAM0032,procedure,engine start,32518.28,32758.28,09:01:58,09:05:58,240
용산,용산,departure,fato,fato-1,FPL0401002,UAM0047,procedure,engine start,32518.28,32758.28,09:01:58,09:05:58,240
수서,수서,departure,fato,fato-1,FPL1705003,UAM0065,procedure,engine start,32518.28,32758.28,09:01:58,09:05:58,240
목동,목동,departure,fato,fato-1,FPL0514001,UAM0013,procedure,engine start,32548.28,32788.28,09:02:28,09:06:28,240
여의도,여의도,departure,fato,fato-1,FPL0103002,UAM0015,procedure,engine start,32548.28,32788.28,09:02:28,09:06:28,240
사당,사당,departure,fato,fato-1,FPL0805002,UAM0025,procedure,engine start,32548.28,32788.28,09:02:28,09:06:28,240
봉천,봉천,departure,fato,fato-1,FPL0714001,UAM0037,procedure,engine start,32548.28,32788.28,09:02:28,09:06:28,240
미아,미아,departure,fato,fato-2,FPL0610001,UAM0027,procedure,engine start,32558.28,32798.28,09:02:38,09:06:38,240
강남,강남,departure,fato,fato-1,FPL1312003,UAM0001,procedure,engine start,32578.28,32818.28,09:02:58,09:06:58,240
마곡,마곡,departure,fato,fato-1,FPL1512001,UAM0002,procedure,engine start,32578.28,32818.28,09:02:58,09:06:58,240
상암,상암,departure,fato,fato-1,FPL0305001,UAM0003,procedure,engine start,32578.28,32818.28,09:02:58,09:06:58,240
목동,목동,departure,fato,fato-2,FPL0512001,UAM0016,procedure,engine start,32588.28,32828.28,09:03:08,09:07:08,240
여의도,여의도,departure,fato,fato-2,FPL0109001,UAM0029,procedure,engine start,32588.28,32828.28,09:03:08,09:07:08,240
봉천,봉천,departure,fato,fato-2,FPL0712001,UAM0038,procedure,engine start,32588.28,32828.28,09:03:08,09:07:08,240
사당,사당,departure,fato,fato-2,FPL0809001,UAM0039,procedure,engine start,32588.28,32828.28,09:03:08,09:07:08,240
망우,망우,departure,fato,fato-1,FPL1613002,UAM0005,procedure,engine start,32608.28,32848.28,09:03:28,09:07:28,240
연신내,연신내,departure,fato,fato-2,FPL1015001,UAM0040,procedure,engine start,32608.28,32848.28,09:03:28,09:07:28,240
강남,강남,departure,fato,fato-2,FPL1315002,UAM0004,procedure,engine start,32618.28,32858.28,09:03:38,09:07:38,240
마곡,마곡,departure,fato,fato-2,FPL1516002,UAM0008,procedure,engine start,32618.28,32858.28,09:03:38,09:07:38,240
연신내,연신내,arrival,gate,gate-8,FPL1110001,UAM0026,handling,turnaround,32691.42,33291.42,09:04:51,09:14:51,600
망우,망우,departure,fato,fato-2,FPL1609001,UAM0017,procedure,engine start,32846.86,33086.86,09:07:26,09:11:26,240
상암,상암,arrival,gate,gate-6,FPL1403001,UAM0024,handling,turnaround,32854.86,33454.86,09:07:34,09:17:34,600
목동,목동,departure,fato,fato-1,FPL0507001,UAM0019,procedure,engine start,32876.86,33116.86,09:07:56,09:11:56,240
봉천,봉천,departure,fato,fato-1,FPL0709001,UAM0050,procedure,engine start,32876.86,33116.86,09:07:56,09:11:56,240
강남,강남,departure,fato,fato-1,FPL1307001,UAM0007,procedure,engine start,32906.86,33146.86,09:08:26,09:12:26,240
여의도,여의도,arrival,fato,fato-1,FPL0401002,UAM0047,fatoLock,fato lock,32913.4,32973.4,09:08:33,09:09:33,60
봉천,봉천,departure,fato,fato-2,FPL0710001,UAM0053,procedure,engine start,32916.86,33156.86,09:08:36,09:12:36,240
목동,목동,departure,fato,fato-2,FPL0503003,UAM0057,procedure,engine start,32916.86,33156.86,09:08:36,09:12:36,240
망우,망우,departure,fato,fato-1,FPL1617001,UAM0036,procedure,engine start,32936.86,33176.86,09:08:56,09:12:56,240
강남,강남,departure,fato,fato-2,FPL1317001,UAM0020,procedure,engine start,32946.86,33186.86,09:09:06,09:13:06,240
여의도,여의도,arrival,fato,fato-1,FPL0401002,UAM0047,procedure,engine stop,32973.4,33153.4,09:09:33,09:12:33,180
가산,가산,arrival,fato,fato-1,FPL0514001,UAM0013,fatoLock,fato lock,32976.66,33036.66,09:09:36,09:10:36,60
가산,가산,arrival,fato,fato-2,FPL0714001,UAM0037,fatoLock,fato lock,33020.31,33080.31,09:10:20,09:11:20,60
미아,미아,arrival,fato,fato-1,FPL1206001,UAM0032,fatoLock,fato lock,33024.05,33084.05,09:10:24,09:11:24,60
가산,가산,arrival,fato,fato-1,FPL0514001,UAM0013,procedure,engine stop,33036.66,33216.66,09:10:36,09:13:36,180
가산,가산,arrival,fato,fato-2,FPL0714001,UAM0037,procedure,engine stop,33080.31,33260.31,09:11:20,09:14:20,180
미아,미아,arrival,fato,fato-1,FPL1206001,UAM0032,procedure,engine stop,33084.05,33264.05,09:11:24,09:14:24,180
광화문,광화문,arrival,fato,fato-1,FPL0512001,UAM0016,fatoLock,fato lock,33106.72,33166.72,09:11:46,09:12:46,60
성수,성수,arrival,fato,fato-1,FPL0109001,UAM0029,fatoLock,fato lock,33154.65,33214.65,09:12:34,09:13:34,60
망우,망우,arrival,fato,fato-2,FPL0816001,UAM0035,fatoLock,fato lock,33164,33224,09:12:43,09:13:43,60
광화문,광화문,arrival,fato,fato-1,FPL0512001,UAM0016,procedure,engine stop,33166.72,33346.72,09:12:46,09:15:46,180
마곡,마곡,arrival,fato,fato-1,FPL1015001,UAM0040,fatoLock,fato lock,33172.43,33232.43,09:12:52,09:13:52,60
성수,성수,arrival,fato,fato-2,FPL0809001,UAM0039,fatoLock,fato lock,33182.87,33242.87,09:13:02,09:14:02,60
목동,목동,departure,fato,fato-1,FPL0509001,UAM0066,procedure,engine start,33205.43,33445.43,09:13:25,09:17:25,240
성수,성수,arrival,fato,fato-1,FPL0109001,UAM0029,procedure,engine stop,33214.65,33394.65,09:13:34,09:16:34,180
광화문,광화문,arrival,fato,fato-2,FPL1512001,UAM0002,fatoLock,fato lock,33217.41,33277.41,09:13:37,09:14:37,60
망우,망우,arrival,fato,fato-2,FPL0816001,UAM0035,procedure,engine stop,33224,33404,09:13:43,09:16:43,180
강남,강남,arrival,fato,fato-1,FPL1613002,UAM0005,fatoLock,fato lock,33224,33284,09:13:43,09:14:43,60
마곡,마곡,arrival,fato,fato-1,FPL1015001,UAM0040,procedure,engine stop,33232.43,33412.43,09:13:52,09:16:52,180
목동,목동,arrival,fato,fato-2,FPL0905002,UAM0028,fatoLock,fato lock,33234,33294,09:13:53,09:14:53,60
성수,성수,arrival,fato,fato-2,FPL0809001,UAM0039,procedure,engine stop,33242.87,33422.87,09:14:02,09:17:02,180
강남,강남,arrival,fato,fato-2,FPL0613001,UAM0014,fatoLock,fato lock,33264,33324,09:14:23,09:15:23,60
광화문,광화문,arrival,fato,fato-2,FPL1512001,UAM0002,procedure,engine stop,33277.41,33457.41,09:14:37,09:17:37,180
강남,강남,arrival,fato,fato-1,FPL1613002,UAM0005,procedure,engine stop,33284,33464,09:14:43,09:17:43,180
목동,목동,arrival,fato,fato-2,FPL0905002,UAM0028,procedure,engine stop,33294,33474,09:14:53,09:17:53,180
여의도,여의도,arrival,gate,gate-7,FPL0401002,UAM0047,handling,turnaround,33301.68,33901.68,09:15:01,09:25:01,600
강남,강남,arrival,fato,fato-2,FPL0613001,UAM0014,procedure,engine stop,33324,33504,09:15:23,09:18:23,180
봉천,봉천,arrival,fato,fato-1,FPL0507001,UAM0019,fatoLock,fato lock,33326.15,33386.15,09:15:26,09:16:26,60
가산,가산,arrival,gate,gate-1,FPL0514001,UAM0013,handling,turnaround,33334.95,33934.95,09:15:34,09:25:34,600
봉천,봉천,arrival,fato,fato-2,FPL1307001,UAM0007,fatoLock,fato lock,33370.53,33430.53,09:16:10,09:17:10,60
광화문,광화문,arrival,fato,fato-1,FPL0712001,UAM0038,fatoLock,fato lock,33375.29,33435.29,09:16:15,09:17:15,60
마곡,마곡,arrival,fato,fato-2,FPL1315002,UAM0004,fatoLock,fato lock,33380.63,33440.63,09:16:20,09:17:20,60
미아,미아,arrival,gate,gate-1,FPL1206001,UAM0032,handling,turnaround,33382.33,33982.33,09:16:22,09:26:22,600
가산,가산,arrival,gate,gate-8,FPL0714001,UAM0037,handling,turnaround,33383.23,33983.23,09:16:23,09:26:23,600
봉천,봉천,arrival,fato,fato-1,FPL0507001,UAM0019,procedure,engine stop,33386.15,33566.15,09:16:26,09:19:26,180
성수,성수,arrival,fato,fato-1,FPL1609001,UAM0017,fatoLock,fato lock,33423.22,33483.22,09:17:03,09:18:03,60
봉천,봉천,arrival,fato,fato-2,FPL1307001,UAM0007,procedure,engine stop,33430.53,33610.53,09:17:10,09:20:10,180
광화문,광화문,arrival,fato,fato-1,FPL0712001,UAM0038,procedure,engine stop,33435.29,33615.29,09:17:15,09:20:15,180
마곡,마곡,arrival,fato,fato-2,FPL1315002,UAM0004,procedure,engine stop,33440.63,33620.63,09:17:20,09:20:20,180
광화문,광화문,arrival,gate,gate-1,FPL0512001,UAM0016,handling,turnaround,33465,34065,09:17:45,09:27:45,600
수서,수서,arrival,fato,fato-1,FPL1317001,UAM0020,fatoLock,fato lock,33476.6,33536.6,09:17:56,09:18:56,60
성수,성수,arrival,fato,fato-1,FPL1609001,UAM0017,procedure,engine stop,33483.22,33663.22,09:18:03,09:21:03,180
광화문,광화문,arrival,fato,fato-2,FPL1312003,UAM0001,fatoLock,fato lock,33485.98,33545.98,09:18:05,09:19:05,60
목동,목동,arrival,fato,fato-2,FPL0305001,UAM0003,fatoLock,fato lock,33502.57,33562.57,09:18:22,09:19:22,60
마곡,마곡,arrival,fato,fato-1,FPL1615001,UAM0006,fatoLock,fato lock,33512.15,33572.15,09:18:32,09:19:32,60
성수,성수,arrival,gate,gate-1,FPL0109001,UAM0029,handling,turnaround,33512.93,34112.93,09:18:32,09:28:32,600
수서,수서,arrival,fato,fato-2,FPL1617001,UAM0036,fatoLock,fato lock,33513.77,33573.77,09:18:33,09:19:33,60
망우,망우,arrival,gate,gate-1,FPL0816001,UAM0035,handling,turnaround,33522.28,34122.28,09:18:42,09:28:42,600
목동,목동,arrival,fato,fato-1,FPL0805002,UAM0025,fatoLock,fato lock,33522.57,33582.57,09:18:42,09:19:42,60
수서,수서,arrival,fato,fato-1,FPL1317001,UAM0020,procedure,engine stop,33536.6,33716.6,09:18:56,09:21:56,180
성수,성수,arrival,fato,fato-2,FPL0709001,UAM0050,fatoLock,fato lock,33543.63,33603.63,09:19:03,09:20:03,60
광화문,광화문,arrival,fato,fato-2,FPL1312003,UAM0001,procedure,engine stop,33545.98,33725.98,09:19:05,09:22:05,180
연신내,연신내,arrival,fato,fato-1,FPL0710001,UAM0053,fatoLock,fato lock,33558.28,33618.28,09:19:18,09:20:18,60
마곡,마곡,arrival,gate,gate-7,FPL1015001,UAM0040,handling,turnaround,33560.72,34160.72,09:19:20,09:29:20,600
성수,성수,arrival,gate,gate-8,FPL0809001,UAM0039,handling,turnaround,33561.22,34161.22,09:19:21,09:29:21,600
목동,목동,arrival,fato,fato-2,FPL0305001,UAM0003,procedure,engine stop,33562.57,33742.57,09:19:22,09:22:22,180
마곡,마곡,arrival,fato,fato-1,FPL1615001,UAM0006,procedure,engine stop,33572.15,33752.15,09:19:32,09:22:32,180
수서,수서,arrival,fato,fato-2,FPL1617001,UAM0036,procedure,engine stop,33573.77,33753.77,09:19:33,09:22:33,180
광화문,광화문,arrival,gate,gate-8,FPL1512001,UAM0002,handling,turnaround,33575.7,34175.7,09:19:35,09:29:35,600
강남,강남,arrival,gate,gate-1,FPL1613002,UAM0005,handling,turnaround,33582.28,34182.28,09:19:42,09:29:42,600
목동,목동,arrival,fato,fato-1,FPL0805002,UAM0025,procedure,engine stop,33582.57,33762.57,09:19:42,09:22:42,180
목동,목동,arrival,gate,gate-1,FPL0905002,UAM0028,handling,turnaround,33592.28,34192.28,09:19:52,09:29:52,600
성수,성수,arrival,fato,fato-2,FPL0709001,UAM0050,procedure,engine stop,33603.63,33783.63,09:20:03,09:23:03,180
망우,망우,arrival,fato,fato-1,FPL1516002,UAM0008,fatoLock,fato lock,33612.15,33672.15,09:20:12,09:21:12,60
연신내,연신내,arrival,fato,fato-1,FPL0710001,UAM0053,procedure,engine stop,33618.28,33798.28,09:20:18,09:23:18,180
연신내,연신내,arrival,fato,fato-2,FPL0610001,UAM0027,fatoLock,fato lock,33618.65,33678.65,09:20:18,09:21:18,60
강남,강남,arrival,gate,gate-8,FPL0613001,UAM0014,handling,turnaround,33630.57,34230.57,09:20:30,09:30:30,600
망우,망우,arrival,fato,fato-1,FPL1516002,UAM0008,procedure,engine stop,33672.15,33852.15,09:21:12,09:24:12,180
연신내,연신내,arrival,fato,fato-2,FPL0610001,UAM0027,procedure,engine stop,33678.65,33858.65,09:21:18,09:24:18,180
봉천,봉천,arrival,gate,gate-1,FPL0507001,UAM0019,handling,turnaround,33684.43,34284.43,09:21:24,09:31:24,600
봉천,봉천,arrival,gate,gate-8,FPL1307001,UAM0007,handling,turnaround,33732.71,34332.71,09:22:12,09:32:12,600
광화문,광화문,arrival,gate,gate-2,FPL0712001,UAM0038,handling,turnaround,33763.58,34363.58,09:22:43,09:32:43,600
목동,목동,arrival,fato,fato-2,FPL1705003,UAM0065,fatoLock,fato lock,33771.14,33831.14,09:22:51,09:23:51,60
마곡,마곡,arrival,gate,gate-3,FPL1315002,UAM0004,handling,turnaround,33798.91,34398.91,09:23:18,09:33:18,600
성수,성수,arrival,gate,gate-2,FPL1609001,UAM0017,handling,turnaround,33811.5,34411.5,09:23:31,09:33:31,600
목동,목동,arrival,fato,fato-2,FPL1705003,UAM0065,procedure,engine stop,33831.14,34011.14,09:23:51,09:26:51,180
수서,수서,arrival,gate,gate-1,FPL1317001,UAM0020,handling,turnaround,33834.88,34434.88,09:23:54,09:33:54,600
목동,목동,arrival,gate,gate-8,FPL0305001,UAM0003,handling,turnaround,33860.85,34460.85,09:24:20,09:34:20,600
광화문,광화문,arrival,gate,gate-7,FPL1312003,UAM0001,handling,turnaround,33874.27,34474.27,09:24:34,09:34:34,600
성수,성수,arrival,fato,fato-1,FPL0509001,UAM0066,fatoLock,fato lock,33882.56,33942.56,09:24:42,09:25:42,60
수서,수서,arrival,gate,gate-8,FPL1617001,UAM0036,handling,turnaround,33883.17,34483.17,09:24:43,09:34:43,600
성수,성수,arrival,gate,gate-7,FPL0709001,UAM0050,handling,turnaround,33931.91,34531.91,09:25:31,09:35:31,600
목동,목동,arrival,gate,gate-2,FPL0805002,UAM0025,handling,turnaround,33939.14,34539.14,09:25:39,09:35:39,600
성수,성수,arrival,fato,fato-1,FPL0509001,UAM0066,procedure,engine stop,33942.56,34122.56,09:25:42,09:28:42,180
연신내,연신내,arrival,gate,gate-2,FPL0710001,UAM0053,handling,turnaround,33946.56,34546.56,09:25:46,09:35:46,600
마곡,마곡,arrival,gate,gate-5,FPL1615001,UAM0006,handling,turnaround,33960.44,34560.44,09:26:00,09:36:00,600
망우,망우,arrival,gate,gate-8,FPL1516002,UAM0008,handling,turnaround,33970.44,34570.44,09:26:10,09:36:10,600
연신내,연신내,arrival,gate,gate-7,FPL0610001,UAM0027,handling,turnaround,34006.94,34606.94,09:26:46,09:36:46,600
가산,가산,departure,fato,fato-1,FPL1413002,UAM0013,procedure,engine start,34053.28,34293.28,09:27:33,09:31:33,240
가산,가산,departure,fato,fato-2,FPL1402001,UAM0037,procedure,engine start,34102.28,34342.28,09:28:22,09:32:22,240
목동,목동,arrival,gate,gate-7,FPL1705003,UAM0065,handling,turnaround,34159.43,34759.43,09:29:19,09:39:19,600
광화문,광화문,departure,fato,fato-1,FPL1207001,UAM0016,procedure,engine start,34184.28,34424.28,09:29:44,09:33:44,240
성수,성수,departure,fato,fato-1,FPL0916002,UAM0029,procedure,engine start,34289.13,34529.13,09:31:29,09:35:29,240
성수,성수,arrival,gate,gate-3,FPL0509001,UAM0066,handling,turnaround,34300.84,34900.84,09:31:40,09:41:40,600
강남,강남,departure,fato,fato-1,FPL1302001,UAM0005,procedure,engine start,34301.28,34541.28,09:31:41,09:35:41,240
목동,목동,departure,fato,fato-1,FPL0511002,UAM0028,procedure,engine start,34311.28,34551.28,09:31:51,09:35:51,240
성수,성수,departure,fato,fato-2,FPL0902001,UAM0039,procedure,engine start,34329.13,34569.13,09:32:09,09:36:09,240
성수,성수,departure,fato,fato-1,FPL0911001,UAM0017,procedure,engine start,34617.7,34857.7,09:36:57,09:40:57,240
강남,강남,arrival,fato,fato-1,FPL1413002,UAM0013,fatoLock,fato lock,34639.48,34699.48,09:37:19,09:38:19,60
강남,강남,arrival,fato,fato-1,FPL1413002,UAM0013,procedure,engine stop,34699.48,34879.48,09:38:19,09:41:19,180
잠실,잠실,arrival,fato,fato-1,FPL0902001,UAM0039,fatoLock,fato lock,34716.19,34776.19,09:38:36,09:39:36,60
망우,망우,arrival,fato,fato-1,FPL0916002,UAM0029,fatoLock,fato lock,34757.03,34817.03,09:39:17,09:40:17,60
잠실,잠실,arrival,fato,fato-1,FPL0902001,UAM0039,procedure,engine stop,34776.19,34956.19,09:39:36,09:42:36,180
잠실,잠실,arrival,fato,fato-2,FPL1302001,UAM0005,fatoLock,fato lock,34789.03,34849.03,09:39:49,09:40:49,60
망우,망우,arrival,fato,fato-1,FPL0916002,UAM0029,procedure,engine stop,34817.03,34997.03,09:40:17,09:43:17,180
봉천,봉천,arrival,fato,fato-1,FPL1207001,UAM0016,fatoLock,fato lock,34820.26,34880.26,09:40:20,09:41:20,60
잠실,잠실,arrival,fato,fato-2,FPL1302001,UAM0005,procedure,engine stop,34849.03,35029.03,09:40:49,09:43:49,180
봉천,봉천,arrival,fato,fato-1,FPL1207001,UAM0016,procedure,engine stop,34880.26,35060.26,09:41:20,09:44:20,180
잠실,잠실,arrival,fato,fato-1,FPL1402001,UAM0037,fatoLock,fato lock,34984.76,35044.76,09:43:04,09:44:04,60
강남,강남,arrival,gate,gate-1,FPL1413002,UAM0013,handling,turnaround,34997.77,35597.77,09:43:17,09:53:17,600
잠실,잠실,arrival,fato,fato-1,FPL1402001,UAM0037,procedure,engine stop,35044.76,35224.76,09:44:04,09:47:04,180
잠실,잠실,arrival,gate,gate-1,FPL0902001,UAM0039,handling,turnaround,35074.48,35674.48,09:44:34,09:54:34,600
천호,천호,arrival,fato,fato-1,FPL0911001,UAM0017,fatoLock,fato lock,35078.7,35138.7,09:44:38,09:45:38,60
천호,천호,arrival,fato,fato-1,FPL0911001,UAM0017,procedure,engine stop,35138.7,35318.7,09:45:38,09:48:38,180
천호,천호,arrival,fato,fato-2,FPL0511002,UAM0028,fatoLock,fato lock,35143.61,35203.61,09:45:43,09:46:43,60
잠실,잠실,arrival,gate,gate-8,FPL1302001,UAM0005,handling,turnaround,35147.31,35747.31,09:45:47,09:55:47,600
망우,망우,arrival,gate,gate-6,FPL0916002,UAM0029,handling,turnaround,35175.31,35775.31,09:46:15,09:56:15,600
천호,천호,arrival,fato,fato-2,FPL0511002,UAM0028,procedure,engine stop,35203.61,35383.61,09:46:43,09:49:43,180
봉천,봉천,arrival,gate,gate-2,FPL1207001,UAM0016,handling,turnaround,35208.54,35808.54,09:46:48,09:56:48,600
잠실,잠실,arrival,gate,gate-2,FPL1402001,UAM0037,handling,turnaround,35373.05,35973.05,09:49:33,09:59:33,600
천호,천호,arrival,gate,gate-1,FPL0911001,UAM0017,handling,turnaround,35436.98,36036.98,09:50:36,10:00:36,600
천호,천호,arrival,gate,gate-8,FPL0511002,UAM0028,handling,turnaround,35501.89,36101.89,09:51:41,10:01:41,600
잠실,잠실,departure,fato,fato-1,FPL0214001,UAM0039,procedure,engine start,35793.28,36033.28,09:56:33,10:00:33,240
잠실,잠실,departure,fato,fato-2,FPL0205002,UAM0005,procedure,engine start,35866.28,36106.28,09:57:46,10:01:46,240
광화문,광화문,departure,gate,gate-8,FPL1205003,UAM0002,waiting,gate hold,36000,36030,10:00:00,10:00:30,30
여의도,여의도,departure,gate,gate-2,FPL0117001,UAM0030,waiting,gate hold,36000,36030,10:00:00,10:00:30,30
여의도,여의도,departure,gate,gate-1,FPL0102002,UAM0031,waiting,gate hold,36000,36060,10:00:00,10:01:00,60
사당,사당,departure,gate,gate-2,FPL0801001,UAM0068,waiting,gate hold,36000,36030,10:00:00,10:00:30,30
목동,목동,departure,fato,fato-1,FPL0512002,UAM0003,procedure,engine start,36118.28,36358.28,10:01:58,10:05:58,240
봉천,봉천,departure,fato,fato-1,FPL0713001,UAM0007,procedure,engine start,36118.28,36358.28,10:01:58,10:05:58,240
망우,망우,departure,fato,fato-1,FPL1605001,UAM0008,procedure,engine start,36118.28,36358.28,10:01:58,10:05:58,240
상암,상암,departure,fato,fato-1,FPL0314001,UAM0009,procedure,engine start,36118.28,36358.28,10:01:58,10:05:58,240
강남,강남,departure,fato,fato-1,FPL1304001,UAM0013,procedure,engine start,36118.28,36358.28,10:01:58,10:05:58,240
수서,수서,departure,fato,fato-1,FPL1713001,UAM0020,procedure,engine start,36118.28,36358.28,10:01:58,10:05:58,240
연신내,연신내,departure,fato,fato-1,FPL1013001,UAM0026,procedure,engine start,36118.28,36358.28,10:01:58,10:05:58,240
미아,미아,departure,fato,fato-1,FPL0614002,UAM0032,procedure,engine start,36118.28,36358.28,10:01:58,10:05:58,240
사당,사당,departure,fato,fato-2,FPL0817001,UAM0051,procedure,engine start,36118.28,36358.28,10:01:58,10:05:58,240
잠실,잠실,departure,fato,fato-1,FPL0206001,UAM0037,procedure,engine start,36122.28,36362.28,10:02:02,10:06:02,240
광화문,광화문,departure,fato,fato-1,FPL1213002,UAM0001,procedure,engine start,36148.28,36388.28,10:02:28,10:06:28,240
성수,성수,departure,fato,fato-1,FPL0912001,UAM0050,procedure,engine start,36148.28,36388.28,10:02:28,10:06:28,240
천호,천호,departure,fato,fato-1,FPL1114002,UAM0017,procedure,engine start,36155.28,36395.28,10:02:35,10:06:35,240
상암,상암,departure,fato,fato-2,FPL0313001,UAM0010,procedure,engine start,36158.28,36398.28,10:02:38,10:06:38,240
강남,강남,departure,fato,fato-2,FPL1308002,UAM0014,procedure,engine start,36158.28,36398.28,10:02:38,10:06:38,240
봉천,봉천,departure,fato,fato-2,FPL0705001,UAM0016,procedure,engine start,36158.28,36398.28,10:02:38,10:06:38,240
목동,목동,departure,fato,fato-2,FPL0515004,UAM0025,procedure,engine start,36158.28,36398.28,10:02:38,10:06:38,240
연신내,연신내,departure,fato,fato-2,FPL1012001,UAM0027,procedure,engine start,36158.28,36398.28,10:02:38,10:06:38,240
수서,수서,departure,fato,fato-2,FPL1709001,UAM0036,procedure,engine start,36158.28,36398.28,10:02:38,10:06:38,240
미아,미아,departure,fato,fato-2,FPL0617001,UAM0041,procedure,engine start,36158.28,36398.28,10:02:38,10:06:38,240
마곡,마곡,departure,fato,fato-1,FPL1505002,UAM0004,procedure,engine start,36178.28,36418.28,10:02:58,10:06:58,240
여의도,여의도,departure,fato,fato-1,FPL0114002,UAM0021,procedure,engine start,36178.28,36418.28,10:02:58,10:06:58,240
망우,망우,departure,fato,fato-2,FPL1613003,UAM0029,procedure,engine start,36178.28,36418.28,10:02:58,10:06:58,240
사당,사당,departure,fato,fato-1,FPL0816002,UAM0043,procedure,engine start,36178.28,36418.28,10:02:58,10:06:58,240
광화문,광화문,departure,fato,fato-2,FPL1205003,UAM0002,procedure,engine start,36188.28,36428.28,10:03:08,10:07:08,240
성수,성수,departure,fato,fato-2,FPL0915001,UAM0066,procedure,engine start,36188.28,36428.28,10:03:08,10:07:08,240
마곡,마곡,departure,fato,fato-2,FPL1511002,UAM0006,procedure,engine start,36218.28,36458.28,10:03:38,10:07:38,240
여의도,여의도,departure,fato,fato-2,FPL0117001,UAM0030,procedure,engine start,36218.28,36458.28,10:03:38,10:07:38,240
상암,상암,departure,fato,fato-1,FPL0312001,UAM0011,procedure,engine start,36446.86,36686.86,10:07:26,10:11:26,240
봉천,봉천,departure,fato,fato-1,FPL0708002,UAM0019,procedure,engine start,36446.86,36686.86,10:07:26,10:11:26,240
망우,망우,departure,fato,fato-1,FPL1603001,UAM0035,procedure,engine start,36446.86,36686.86,10:07:26,10:11:26,240
연신내,연신내,departure,fato,fato-1,FPL1002001,UAM0049,procedure,engine start,36446.86,36686.86,10:07:26,10:11:26,240
목동,목동,departure,fato,fato-1,FPL0507002,UAM0065,procedure,engine start,36446.86,36686.86,10:07:26,10:11:26,240
사당,사당,departure,fato,fato-2,FPL0801001,UAM0068,procedure,engine start,36446.86,36686.86,10:07:26,10:11:26,240
상암,상암,arrival,fato,fato-2,FPL0103002,UAM0015,fatoLock,fato lock,36475.43,36535.43,10:07:55,10:08:55,60
광화문,광화문,departure,fato,fato-1,FPL1207002,UAM0038,procedure,engine start,36476.86,36716.86,10:07:56,10:11:56,240
연신내,연신내,departure,fato,fato-2,FPL1011002,UAM0053,procedure,engine start,36486.86,36726.86,10:08:06,10:12:06,240
가산,가산,arrival,fato,fato-1,FPL0214001,UAM0039,fatoLock,fato lock,36504.71,36564.71,10:08:24,10:09:24,60
여의도,여의도,departure,fato,fato-1,FPL0102002,UAM0031,procedure,engine start,36506.86,36746.86,10:08:26,10:12:26,240
상암,상암,arrival,fato,fato-2,FPL0103002,UAM0015,procedure,engine stop,36535.43,36715.43,10:08:55,10:11:55,180
가산,가산,arrival,fato,fato-1,FPL0214001,UAM0039,procedure,engine stop,36564.71,36744.71,10:09:24,10:12:24,180
가산,가산,arrival,fato,fato-2,FPL0114002,UAM0021,fatoLock,fato lock,36576.19,36636.19,10:09:36,10:10:36,60
강남,강남,arrival,fato,fato-1,FPL0713001,UAM0007,fatoLock,fato lock,36581.96,36641.96,10:09:41,10:10:41,60
용산,용산,arrival,fato,fato-1,FPL1304001,UAM0013,fatoLock,fato lock,36594.37,36654.37,10:09:54,10:10:54,60
광화문,광화문,arrival,fato,fato-2,FPL1012001,UAM0027,fatoLock,fato lock,36597.75,36657.75,10:09:57,10:10:57,60
목동,목동,arrival,fato,fato-2,FPL0205002,UAM0005,fatoLock,fato lock,36605.74,36665.74,10:10:05,10:11:05,60
수서,수서,arrival,fato,fato-1,FPL0817001,UAM0051,fatoLock,fato lock,36632.29,36692.29,10:10:32,10:11:32,60
가산,가산,arrival,fato,fato-2,FPL0114002,UAM0021,procedure,engine stop,36636.19,36816.19,10:10:36,10:13:36,180
성수,성수,arrival,fato,fato-1,FPL1709001,UAM0036,fatoLock,fato lock,36638.19,36698.19,10:10:38,10:11:38,60
강남,강남,arrival,fato,fato-1,FPL0713001,UAM0007,procedure,engine stop,36641.96,36821.96,10:10:41,10:13:41,180
강남,강남,arrival,fato,fato-2,FPL1713001,UAM0020,fatoLock,fato lock,36648.03,36708.03,10:10:48,10:11:48,60
용산,용산,arrival,fato,fato-1,FPL1304001,UAM0013,procedure,engine stop,36654.37,36834.37,10:10:54,10:13:54,180
광화문,광화문,arrival,fato,fato-2,FPL1012001,UAM0027,procedure,engine stop,36657.75,36837.75,10:10:57,10:13:57,180
목동,목동,arrival,fato,fato-2,FPL0205002,UAM0005,procedure,engine stop,36665.74,36845.74,10:11:05,10:14:05,180
수서,수서,arrival,fato,fato-1,FPL0817001,UAM0051,procedure,engine stop,36692.29,36872.29,10:11:32,10:14:32,180
성수,성수,arrival,fato,fato-1,FPL1709001,UAM0036,procedure,engine stop,36698.19,36878.19,10:11:38,10:14:38,180
강남,강남,arrival,fato,fato-2,FPL1713001,UAM0020,procedure,engine stop,36708.03,36888.03,10:11:48,10:14:48,180
마곡,마곡,arrival,fato,fato-1,FPL0515004,UAM0025,fatoLock,fato lock,36709.28,36769.28,10:11:49,10:12:49,60
사당,사당,arrival,fato,fato-1,FPL1308002,UAM0014,fatoLock,fato lock,36713.34,36773.34,10:11:53,10:12:53,60
미아,미아,arrival,fato,fato-1,FPL0206001,UAM0037,fatoLock,fato lock,36739.57,36799.57,10:12:19,10:13:19,60
상암,상암,arrival,fato,fato-2,FPL1103001,UAM0033,fatoLock,fato lock,36744,36804,10:12:23,10:13:23,60
상암,상암,arrival,fato,fato-1,FPL0503002,UAM0034,fatoLock,fato lock,36764,36824,10:12:43,10:13:43,60
목동,목동,arrival,fato,fato-1,FPL0705001,UAM0016,fatoLock,fato lock,36764,36824,10:12:43,10:13:43,60
마곡,마곡,arrival,fato,fato-1,FPL0515004,UAM0025,procedure,engine stop,36769.28,36949.28,10:12:49,10:15:49,180
가산,가산,arrival,fato,fato-1,FPL0314001,UAM0009,fatoLock,fato lock,36773.28,36833.28,10:12:53,10:13:53,60
사당,사당,arrival,fato,fato-1,FPL1308002,UAM0014,procedure,engine stop,36773.34,36953.34,10:12:53,10:15:53,180
광화문,광화문,arrival,fato,fato-1,FPL0512002,UAM0003,fatoLock,fato lock,36794,36854,10:13:13,10:14:13,60
미아,미아,arrival,fato,fato-1,FPL0206001,UAM0037,procedure,engine stop,36799.57,36979.57,10:13:19,10:16:19,180
상암,상암,arrival,fato,fato-2,FPL1103001,UAM0033,procedure,engine stop,36804,36984,10:13:23,10:16:23,180
상암,상암,arrival,fato,fato-1,FPL0503002,UAM0034,procedure,engine stop,36824,37004,10:13:43,10:16:43,180
목동,목동,arrival,fato,fato-1,FPL0705001,UAM0016,procedure,engine stop,36824,37004,10:13:43,10:16:43,180
가산,가산,arrival,fato,fato-1,FPL0314001,UAM0009,procedure,engine stop,36833.28,37013.28,10:13:53,10:16:53,180
상암,상암,arrival,gate,gate-1,FPL0103002,UAM0015,handling,turnaround,36833.71,37433.71,10:13:53,10:23:53,600
강남,강남,arrival,fato,fato-1,FPL1613003,UAM0029,fatoLock,fato lock,36850.53,36910.53,10:14:10,10:15:10,60
광화문,광화문,arrival,fato,fato-1,FPL0512002,UAM0003,procedure,engine stop,36854,37034,10:14:13,10:17:13,180
가산,가산,arrival,gate,gate-1,FPL0214001,UAM0039,handling,turnaround,36863,37463,10:14:22,10:24:22,600
광화문,광화문,arrival,fato,fato-2,FPL0912001,UAM0050,fatoLock,fato lock,36866.32,36926.32,10:14:26,10:15:26,60
수서,수서,arrival,fato,fato-2,FPL0617001,UAM0041,fatoLock,fato lock,36866.56,36926.56,10:14:26,10:15:26,60
목동,목동,arrival,fato,fato-2,FPL1205003,UAM0002,fatoLock,fato lock,36874.31,36934.31,10:14:34,10:15:34,60
망우,망우,arrival,fato,fato-1,FPL0816002,UAM0043,fatoLock,fato lock,36882.08,36942.08,10:14:42,10:15:42,60
봉천,봉천,arrival,fato,fato-1,FPL0507002,UAM0065,fatoLock,fato lock,36896.15,36956.15,10:14:56,10:15:56,60
강남,강남,arrival,fato,fato-1,FPL1613003,UAM0029,procedure,engine stop,36910.53,37090.53,10:15:10,10:18:10,180
강남,강남,arrival,fato,fato-2,FPL0313001,UAM0010,fatoLock,fato lock,36916.6,36976.6,10:15:16,10:16:16,60
광화문,광화문,arrival,fato,fato-2,FPL0912001,UAM0050,procedure,engine stop,36926.32,37106.32,10:15:26,10:18:26,180
수서,수서,arrival,fato,fato-1,FPL0117001,UAM0030,fatoLock,fato lock,36926.38,36986.38,10:15:26,10:16:26,60
수서,수서,arrival,fato,fato-2,FPL0617001,UAM0041,procedure,engine stop,36926.56,37106.56,10:15:26,10:18:26,180
목동,목동,arrival,fato,fato-2,FPL1205003,UAM0002,procedure,engine stop,36934.31,37114.31,10:15:34,10:18:34,180
가산,가산,arrival,gate,gate-8,FPL0114002,UAM0021,handling,turnaround,36934.47,37534.47,10:15:34,10:25:34,600
강남,강남,arrival,gate,gate-1,FPL0713001,UAM0007,handling,turnaround,36940.24,37540.24,10:15:40,10:25:40,600
망우,망우,arrival,fato,fato-1,FPL0816002,UAM0043,procedure,engine stop,36942.08,37122.08,10:15:42,10:18:42,180
여의도,여의도,arrival,fato,fato-1,FPL0801001,UAM0068,fatoLock,fato lock,36942.79,37002.79,10:15:42,10:16:42,60
용산,용산,arrival,gate,gate-8,FPL1304001,UAM0013,handling,turnaround,36952.65,37552.65,10:15:52,10:25:52,600
광화문,광화문,arrival,gate,gate-1,FPL1012001,UAM0027,handling,turnaround,36956.04,37556.04,10:15:56,10:25:56,600
봉천,봉천,arrival,fato,fato-1,FPL0507002,UAM0065,procedure,engine stop,36956.15,37136.15,10:15:56,10:18:56,180
목동,목동,arrival,gate,gate-1,FPL0205002,UAM0005,handling,turnaround,36964.03,37564.03,10:16:04,10:26:04,600
강남,강남,arrival,fato,fato-2,FPL0313001,UAM0010,procedure,engine stop,36976.6,37156.6,10:16:16,10:19:16,180
수서,수서,arrival,fato,fato-1,FPL0117001,UAM0030,procedure,engine stop,36986.38,37166.38,10:16:26,10:19:26,180
수서,수서,arrival,gate,gate-1,FPL0817001,UAM0051,handling,turnaround,36990.58,37590.58,10:16:30,10:26:30,600
사당,사당,arrival,fato,fato-1,FPL0708002,UAM0019,fatoLock,fato lock,36996.47,37056.47,10:16:36,10:17:36,60
성수,성수,arrival,gate,gate-1,FPL1709001,UAM0036,handling,turnaround,36996.48,37596.48,10:16:36,10:26:36,600
여의도,여의도,arrival,fato,fato-1,FPL0801001,UAM0068,procedure,engine stop,37002.79,37182.79,10:16:42,10:19:42,180
가산,가산,arrival,fato,fato-2,FPL1114002,UAM0017,fatoLock,fato lock,37005.95,37065.95,10:16:45,10:17:45,60
강남,강남,arrival,gate,gate-8,FPL1713001,UAM0020,handling,turnaround,37006.31,37606.31,10:16:46,10:26:46,600
마곡,마곡,arrival,fato,fato-1,FPL0915001,UAM0066,fatoLock,fato lock,37021.06,37081.06,10:17:01,10:18:01,60
목동,목동,arrival,fato,fato-1,FPL1505002,UAM0004,fatoLock,fato lock,37032.57,37092.57,10:17:12,10:18:12,60
사당,사당,arrival,fato,fato-1,FPL0708002,UAM0019,procedure,engine stop,37056.47,37236.47,10:17:36,10:20:36,180
광화문,광화문,arrival,fato,fato-1,FPL0312001,UAM0011,fatoLock,fato lock,37062.57,37122.57,10:17:42,10:18:42,60
가산,가산,arrival,fato,fato-2,FPL1114002,UAM0017,procedure,engine stop,37065.95,37245.95,10:17:45,10:20:45,180
사당,사당,arrival,gate,gate-1,FPL1308002,UAM0014,handling,turnaround,37071.63,37671.63,10:17:51,10:27:51,600
마곡,마곡,arrival,fato,fato-1,FPL0915001,UAM0066,procedure,engine stop,37081.06,37261.06,10:18:01,10:21:01,180
목동,목동,arrival,fato,fato-1,FPL1505002,UAM0004,procedure,engine stop,37092.57,37272.57,10:18:12,10:21:12,180
미아,미아,arrival,gate,gate-1,FPL0206001,UAM0037,handling,turnaround,37097.86,37697.86,10:18:17,10:28:17,600
봉천,봉천,arrival,fato,fato-2,FPL1207002,UAM0038,fatoLock,fato lock,37112.83,37172.83,10:18:32,10:19:32,60
강남,강남,arrival,fato,fato-1,FPL1213002,UAM0001,fatoLock,fato lock,37119.1,37179.1,10:18:39,10:19:39,60
목동,목동,arrival,gate,gate-8,FPL0705001,UAM0016,handling,turnaround,37122.28,37722.28,10:18:42,10:28:42,600
광화문,광화문,arrival,fato,fato-1,FPL0312001,UAM0011,procedure,engine stop,37122.57,37302.57,10:18:42,10:21:42,180
마곡,마곡,arrival,gate,gate-3,FPL0515004,UAM0025,handling,turnaround,37127.57,37727.57,10:18:47,10:28:47,600
가산,가산,arrival,fato,fato-1,FPL0614002,UAM0032,fatoLock,fato lock,37127.62,37187.62,10:18:47,10:19:47,60
상암,상암,arrival,gate,gate-2,FPL1103001,UAM0033,handling,turnaround,37132.28,37732.28,10:18:52,10:28:52,600
목동,목동,arrival,fato,fato-2,FPL1605001,UAM0008,fatoLock,fato lock,37142.89,37202.89,10:19:02,10:20:02,60
광화문,광화문,arrival,gate,gate-8,FPL0512002,UAM0003,handling,turnaround,37152.28,37752.28,10:19:12,10:29:12,600
가산,가산,arrival,gate,gate-2,FPL0314001,UAM0009,handling,turnaround,37161.57,37761.57,10:19:21,10:29:21,600
봉천,봉천,arrival,fato,fato-2,FPL1207002,UAM0038,procedure,engine stop,37172.83,37352.83,10:19:32,10:22:32,180
강남,강남,arrival,fato,fato-1,FPL1213002,UAM0001,procedure,engine stop,37179.1,37359.1,10:19:39,10:22:39,180
강남,강남,arrival,fato,fato-2,FPL1013001,UAM0026,fatoLock,fato lock,37185.17,37245.17,10:19:45,10:20:45,60
가산,가산,arrival,fato,fato-1,FPL0614002,UAM0032,procedure,engine stop,37187.62,37367.62,10:19:47,10:22:47,180
잠실,잠실,arrival,fato,fato-1,FPL0102002,UAM0031,fatoLock,fato lock,37201.33,37261.33,10:20:01,10:21:01,60
목동,목동,arrival,fato,fato-2,FPL1605001,UAM0008,procedure,engine stop,37202.89,37382.89,10:20:02,10:23:02,180
천호,천호,arrival,fato,fato-1,FPL1511002,UAM0006,fatoLock,fato lock,37206.25,37266.25,10:20:06,10:21:06,60
상암,상암,arrival,gate,gate-3,FPL0503002,UAM0034,handling,turnaround,37210.57,37810.57,10:20:10,10:30:10,600
수서,수서,arrival,gate,gate-8,FPL0617001,UAM0041,handling,turnaround,37224.84,37824.84,10:20:24,10:30:24,600
강남,강남,arrival,gate,gate-2,FPL1613003,UAM0029,handling,turnaround,37238.82,37838.82,10:20:38,10:30:38,600
망우,망우,arrival,gate,gate-1,FPL0816002,UAM0043,handling,turnaround,37240.36,37840.36,10:20:40,10:30:40,600
강남,강남,arrival,fato,fato-2,FPL1013001,UAM0026,procedure,engine stop,37245.17,37425.17,10:20:45,10:23:45,180
봉천,봉천,arrival,gate,gate-1,FPL0507002,UAM0065,handling,turnaround,37254.43,37854.43,10:20:54,10:30:54,600
광화문,광화문,arrival,gate,gate-2,FPL0912001,UAM0050,handling,turnaround,37254.61,37854.61,10:20:54,10:30:54,600
잠실,잠실,arrival,fato,fato-1,FPL0102002,UAM0031,procedure,engine stop,37261.33,37441.33,10:21:01,10:24:01,180
목동,목동,arrival,gate,gate-2,FPL1205003,UAM0002,handling,turnaround,37262.6,37862.6,10:21:02,10:31:02,600
천호,천호,arrival,fato,fato-1,FPL1511002,UAM0006,procedure,engine stop,37266.25,37446.25,10:21:06,10:24:06,180
여의도,여의도,arrival,gate,gate-1,FPL0801001,UAM0068,handling,turnaround,37301.07,37901.07,10:21:41,10:31:41,600
강남,강남,arrival,gate,gate-7,FPL0313001,UAM0010,handling,turnaround,37304.88,37904.88,10:21:44,10:31:44,600
수서,수서,arrival,gate,gate-2,FPL0117001,UAM0030,handling,turnaround,37314.67,37914.67,10:21:54,10:31:54,600
사당,사당,arrival,gate,gate-8,FPL0708002,UAM0019,handling,turnaround,37354.76,37954.76,10:22:34,10:32:34,600
잠실,잠실,arrival,fato,fato-2,FPL1002001,UAM0049,fatoLock,fato lock,37370.81,37430.81,10:22:50,10:23:50,60
가산,가산,arrival,gate,gate-7,FPL1114002,UAM0017,handling,turnaround,37394.23,37994.23,10:23:14,10:33:14,600
목동,목동,arrival,gate,gate-7,FPL1505002,UAM0004,handling,turnaround,37420.85,38020.85,10:23:40,10:33:40,600
잠실,잠실,arrival,fato,fato-2,FPL1002001,UAM0049,procedure,engine stop,37430.81,37610.81,10:23:50,10:26:50,180
천호,천호,arrival,fato,fato-2,FPL1011002,UAM0053,fatoLock,fato lock,37447.71,37507.71,10:24:07,10:25:07,60
광화문,광화문,arrival,gate,gate-7,FPL0312001,UAM0011,handling,turnaround,37450.85,38050.85,10:24:10,10:34:10,600
마곡,마곡,arrival,gate,gate-5,FPL0915001,UAM0066,handling,turnaround,37469.34,38069.34,10:24:29,10:34:29,600
봉천,봉천,arrival,gate,gate-8,FPL1207002,UAM0038,handling,turnaround,37471.11,38071.11,10:24:31,10:34:31,600
천호,천호,arrival,fato,fato-2,FPL1011002,UAM0053,procedure,engine stop,37507.71,37687.71,10:25:07,10:28:07,180
강남,강남,arrival,gate,gate-3,FPL1213002,UAM0001,handling,turnaround,37537.39,38137.39,10:25:37,10:35:37,600
가산,가산,arrival,gate,gate-3,FPL0614002,UAM0032,handling,turnaround,37545.91,38145.91,10:25:45,10:35:45,600
잠실,잠실,arrival,gate,gate-1,FPL0102002,UAM0031,handling,turnaround,37559.62,38159.62,10:25:59,10:35:59,600
목동,목동,arrival,gate,gate-3,FPL1605001,UAM0008,handling,turnaround,37561.17,38161.17,10:26:01,10:36:01,600
천호,천호,arrival,gate,gate-1,FPL1511002,UAM0006,handling,turnaround,37564.53,38164.53,10:26:04,10:36:04,600
가산,가산,departure,fato,fato-1,FPL1405001,UAM0039,procedure,engine start,37581.28,37821.28,10:26:21,10:30:21,240
강남,강남,arrival,gate,gate-6,FPL1013001,UAM0026,handling,turnaround,37603.46,38203.46,10:26:43,10:36:43,600
가산,가산,departure,fato,fato-2,FPL1406002,UAM0021,procedure,engine start,37653.28,37893.28,10:27:33,10:31:33,240
강남,강남,departure,fato,fato-1,FPL1316002,UAM0007,procedure,engine start,37659.28,37899.28,10:27:39,10:31:39,240
광화문,광화문,departure,fato,fato-1,FPL1217002,UAM0027,procedure,engine start,37675.28,37915.28,10:27:55,10:31:55,240
목동,목동,departure,fato,fato-1,FPL0509002,UAM0005,procedure,engine start,37683.28,37923.28,10:28:03,10:32:03,240
성수,성수,departure,fato,fato-1,FPL0905003,UAM0036,procedure,engine start,37715.28,37955.28,10:28:35,10:32:35,240
강남,강남,departure,fato,fato-2,FPL1312004,UAM0020,procedure,engine start,37725.28,37965.28,10:28:45,10:32:45,240
잠실,잠실,arrival,gate,gate-8,FPL1002001,UAM0049,handling,turnaround,37729.1,38329.1,10:28:49,10:38:49,600
사당,사당,departure,fato,fato-1,FPL0810002,UAM0014,procedure,engine start,37790.28,38030.28,10:29:50,10:33:50,240
천호,천호,arrival,gate,gate-2,FPL1011002,UAM0053,handling,turnaround,37835.99,38435.99,10:30:35,10:40:35,600
목동,목동,departure,fato,fato-2,FPL0510001,UAM0016,procedure,engine start,37841.28,38081.28,10:30:41,10:34:41,240
가산,가산,departure,fato,fato-1,FPL1408001,UAM0009,procedure,engine start,37910.28,38150.28,10:31:50,10:35:50,240
봉천,봉천,departure,fato,fato-1,FPL0711002,UAM0065,procedure,engine start,37973.28,38213.28,10:32:53,10:36:53,240
강남,강남,departure,fato,fato-1,FPL1316003,UAM0029,procedure,engine start,37987.86,38227.86,10:33:07,10:37:07,240
목동,목동,departure,fato,fato-1,FPL0502001,UAM0002,procedure,engine start,38011.86,38251.86,10:33:31,10:37:31,240
강남,강남,departure,fato,fato-2,FPL1305001,UAM0010,procedure,engine start,38053.86,38293.86,10:34:13,10:38:13,240
가산,가산,departure,fato,fato-2,FPL1417001,UAM0017,procedure,engine start,38143.28,38383.28,10:35:43,10:39:43,240
목동,목동,arrival,fato,fato-2,FPL1405001,UAM0039,fatoLock,fato lock,38158.43,38218.43,10:35:58,10:36:58,60
망우,망우,arrival,fato,fato-1,FPL1316002,UAM0007,fatoLock,fato lock,38217.34,38277.34,10:36:57,10:37:57,60
목동,목동,arrival,fato,fato-2,FPL1405001,UAM0039,procedure,engine stop,38218.43,38398.43,10:36:58,10:39:58,180
망우,망우,arrival,fato,fato-1,FPL1316002,UAM0007,procedure,engine stop,38277.34,38457.34,10:37:57,10:40:57,180
잠실,잠실,departure,fato,fato-1,FPL0206002,UAM0031,procedure,engine start,38278.28,38518.28,10:37:58,10:41:58,240
강남,강남,departure,fato,fato-1,FPL1303002,UAM0001,procedure,engine start,38316.43,38556.43,10:38:36,10:42:36,240
성수,성수,arrival,fato,fato-1,FPL0509002,UAM0005,fatoLock,fato lock,38360.42,38420.42,10:39:20,10:40:20,60
연신내,연신내,arrival,fato,fato-1,FPL0510001,UAM0016,fatoLock,fato lock,38365.17,38425.17,10:39:25,10:40:25,60
강남,강남,departure,fato,fato-2,FPL1317002,UAM0026,procedure,engine start,38382.43,38622.43,10:39:42,10:43:42,240
목동,목동,arrival,fato,fato-1,FPL0905003,UAM0036,fatoLock,fato lock,38392.42,38452.42,10:39:52,10:40:52,60
수서,수서,arrival,fato,fato-1,FPL1217002,UAM0027,fatoLock,fato lock,38395.48,38455.48,10:39:55,10:40:55,60
사당,사당,arrival,fato,fato-1,FPL1408001,UAM0009,fatoLock,fato lock,38402.24,38462.24,10:40:02,10:41:02,60
광화문,광화문,arrival,fato,fato-1,FPL1312004,UAM0020,fatoLock,fato lock,38413.24,38473.24,10:40:13,10:41:13,60
성수,성수,arrival,fato,fato-1,FPL0509002,UAM0005,procedure,engine stop,38420.42,38600.42,10:40:20,10:43:20,180
연신내,연신내,arrival,fato,fato-1,FPL0510001,UAM0016,procedure,engine stop,38425.17,38605.17,10:40:25,10:43:25,180
잠실,잠실,departure,fato,fato-2,FPL0209001,UAM0049,procedure,engine start,38448.28,38688.28,10:40:48,10:44:48,240
목동,목동,arrival,fato,fato-1,FPL0905003,UAM0036,procedure,engine stop,38452.42,38632.42,10:40:52,10:43:52,180
수서,수서,arrival,fato,fato-1,FPL1217002,UAM0027,procedure,engine stop,38455.48,38635.48,10:40:55,10:43:55,180
사당,사당,arrival,fato,fato-1,FPL1408001,UAM0009,procedure,engine stop,38462.24,38642.24,10:41:02,10:44:02,180
광화문,광화문,arrival,fato,fato-1,FPL1312004,UAM0020,procedure,engine stop,38473.24,38653.24,10:41:13,10:44:13,180
연신내,연신내,arrival,fato,fato-2,FPL0810002,UAM0014,fatoLock,fato lock,38494.77,38554.77,10:41:34,10:42:34,60
목동,목동,arrival,gate,gate-1,FPL1405001,UAM0039,handling,turnaround,38516.71,39116.71,10:41:56,10:51:56,600
망우,망우,arrival,fato,fato-1,FPL1316003,UAM0029,fatoLock,fato lock,38545.92,38605.92,10:42:25,10:43:25,60
연신내,연신내,arrival,fato,fato-2,FPL0810002,UAM0014,procedure,engine stop,38554.77,38734.77,10:42:34,10:45:34,180
망우,망우,arrival,gate,gate-8,FPL1316002,UAM0007,handling,turnaround,38575.63,39175.63,10:42:55,10:52:55,600
망우,망우,arrival,fato,fato-1,FPL1316003,UAM0029,procedure,engine stop,38605.92,38785.92,10:43:25,10:46:25,180
목동,목동,arrival,fato,fato-2,FPL1305001,UAM0010,fatoLock,fato lock,38660.56,38720.56,10:44:20,10:45:20,60
미아,미아,arrival,fato,fato-1,FPL1406002,UAM0021,fatoLock,fato lock,38662.62,38722.62,10:44:22,10:45:22,60
천호,천호,arrival,fato,fato-1,FPL0711002,UAM0065,fatoLock,fato lock,38706.02,38766.02,10:45:06,10:46:06,60
성수,성수,arrival,gate,gate-1,FPL0509002,UAM0005,handling,turnaround,38718.7,39318.7,10:45:18,10:55:18,600
목동,목동,arrival,fato,fato-2,FPL1305001,UAM0010,procedure,engine stop,38720.56,38900.56,10:45:20,10:48:20,180
미아,미아,arrival,fato,fato-1,FPL1406002,UAM0021,procedure,engine stop,38722.62,38902.62,10:45:22,10:48:22,180
연신내,연신내,arrival,gate,gate-1,FPL0510001,UAM0016,handling,turnaround,38723.45,39323.45,10:45:23,10:55:23,600
목동,목동,arrival,gate,gate-8,FPL0905003,UAM0036,handling,turnaround,38750.7,39350.7,10:45:50,10:55:50,600
잠실,잠실,arrival,fato,fato-1,FPL0502001,UAM0002,fatoLock,fato lock,38751.31,38811.31,10:45:51,10:46:51,60
사당,사당,arrival,gate,gate-1,FPL1408001,UAM0009,handling,turnaround,38760.53,39360.53,10:46:00,10:56:00,600
천호,천호,arrival,fato,fato-1,FPL0711002,UAM0065,procedure,engine stop,38766.02,38946.02,10:46:06,10:49:06,180
광화문,광화문,arrival,gate,gate-1,FPL1312004,UAM0020,handling,turnaround,38771.53,39371.53,10:46:11,10:56:11,600
수서,수서,arrival,gate,gate-7,FPL1217002,UAM0027,handling,turnaround,38783.76,39383.76,10:46:23,10:56:23,600
잠실,잠실,arrival,fato,fato-1,FPL0502001,UAM0002,procedure,engine stop,38811.31,38991.31,10:46:51,10:49:51,180
성수,성수,arrival,fato,fato-1,FPL0209001,UAM0049,fatoLock,fato lock,38835.35,38895.35,10:47:15,10:48:15,60
수서,수서,arrival,fato,fato-1,FPL1417001,UAM0017,fatoLock,fato lock,38847.4,38907.4,10:47:27,10:48:27,60
연신내,연신내,arrival,gate,gate-8,FPL0810002,UAM0014,handling,turnaround,38853.06,39453.06,10:47:33,10:57:33,600
성수,성수,arrival,fato,fato-1,FPL0209001,UAM0049,procedure,engine stop,38895.35,39075.35,10:48:15,10:51:15,180
미아,미아,arrival,fato,fato-2,FPL0206002,UAM0031,fatoLock,fato lock,38895.57,38955.57,10:48:15,10:49:15,60
수서,수서,arrival,fato,fato-1,FPL1417001,UAM0017,procedure,engine stop,38907.4,39087.4,10:48:27,10:51:27,180
수서,수서,arrival,fato,fato-2,FPL1317002,UAM0026,fatoLock,fato lock,38912.17,38972.17,10:48:32,10:49:32,60
미아,미아,arrival,fato,fato-2,FPL0206002,UAM0031,procedure,engine stop,38955.57,39135.57,10:49:15,10:52:15,180
망우,망우,arrival,gate,gate-6,FPL1316003,UAM0029,handling,turnaround,38964.2,39564.2,10:49:24,10:59:24,600
수서,수서,arrival,fato,fato-2,FPL1317002,UAM0026,procedure,engine stop,38972.17,39152.17,10:49:32,10:52:32,180
미아,미아,arrival,gate,gate-8,FPL1406002,UAM0021,handling,turnaround,39020.91,39620.91,10:50:20,11:00:20,600
목동,목동,arrival,gate,gate-2,FPL1305001,UAM0010,handling,turnaround,39048.85,39648.85,10:50:48,11:00:48,600
천호,천호,arrival,gate,gate-7,FPL0711002,UAM0065,handling,turnaround,39094.31,39694.31,10:51:34,11:01:34,600
잠실,잠실,arrival,gate,gate-1,FPL0502001,UAM0002,handling,turnaround,39109.6,39709.6,10:51:49,11:01:49,600
성수,성수,arrival,gate,gate-8,FPL0209001,UAM0049,handling,turnaround,39193.63,39793.63,10:53:13,11:03:13,600
수서,수서,arrival,gate,gate-3,FPL1417001,UAM0017,handling,turnaround,39265.69,39865.69,10:54:25,11:04:25,600
미아,미아,arrival,gate,gate-2,FPL0206002,UAM0031,handling,turnaround,39283.86,39883.86,10:54:43,11:04:43,600
수서,수서,arrival,gate,gate-6,FPL1317002,UAM0026,handling,turnaround,39330.46,39930.46,10:55:30,11:05:30,600
성수,성수,departure,fato,fato-1,FPL0907001,UAM0005,procedure,engine start,39437.28,39677.28,10:57:17,11:01:17,240
여의도,여의도,departure,gate,gate-8,FPL0106001,UAM0048,waiting,gate hold,39600,39630,11:00:00,11:00:30,30
여의도,여의도,departure,gate,gate-1,FPL0108001,UAM0068,waiting,gate hold,39600,39630,11:00:00,11:00:30,30
광화문,광화문,departure,fato,fato-1,FPL1213003,UAM0003,procedure,engine start,39718.28,39958.28,11:01:58,11:05:58,240
천호,천호,departure,fato,fato-1,FPL1113002,UAM0006,procedure,engine start,39718.28,39958.28,11:01:58,11:05:58,240
망우,망우,departure,fato,fato-1,FPL1609002,UAM0007,procedure,engine start,39718.28,39958.28,11:01:58,11:05:58,240
사당,사당,departure,fato,fato-1,FPL0806001,UAM0009,procedure,engine start,39718.28,39958.28,11:01:58,11:05:58,240
용산,용산,departure,fato,fato-1,FPL0414001,UAM0013,procedure,engine start,39718.28,39958.28,11:01:58,11:05:58,240
연신내,연신내,departure,fato,fato-1,FPL1013002,UAM0014,procedure,engine start,39718.28,39958.28,11:01:58,11:05:58,240
상암,상암,departure,fato,fato-2,FPL0305002,UAM0015,procedure,engine start,39718.28,39958.28,11:01:58,11:05:58,240
마곡,마곡,departure,fato,fato-1,FPL1509001,UAM0022,procedure,engine start,39718.28,39958.28,11:01:58,11:05:58,240
미아,미아,departure,fato,fato-1,FPL0608001,UAM0037,procedure,engine start,39718.28,39958.28,11:01:58,11:05:58,240
봉천,봉천,departure,fato,fato-1,FPL0716001,UAM0038,procedure,engine start,39718.28,39958.28,11:01:58,11:05:58,240
목동,목동,departure,fato,fato-1,FPL0502002,UAM0004,procedure,engine start,39748.28,39988.28,11:02:28,11:06:28,240
수서,수서,departure,fato,fato-1,FPL1715002,UAM0027,procedure,engine start,39748.28,39988.28,11:02:28,11:06:28,240
여의도,여의도,departure,fato,fato-1,FPL0105002,UAM0047,procedure,engine start,39748.28,39988.28,11:02:28,11:06:28,240
광화문,광화문,departure,fato,fato-2,FPL1211001,UAM0011,procedure,engine start,39758.28,39998.28,11:02:38,11:06:38,240
연신내,연신내,departure,fato,fato-2,FPL1009001,UAM0016,procedure,engine start,39758.28,39998.28,11:02:38,11:06:38,240
사당,사당,departure,fato,fato-2,FPL0814001,UAM0019,procedure,engine start,39758.28,39998.28,11:02:38,11:06:38,240
천호,천호,departure,fato,fato-2,FPL1105001,UAM0028,procedure,engine start,39758.28,39998.28,11:02:38,11:06:38,240
용산,용산,departure,fato,fato-2,FPL0413002,UAM0059,procedure,engine start,39758.28,39998.28,11:02:38,11:06:38,240
마곡,마곡,departure,fato,fato-2,FPL1501001,UAM0025,procedure,engine start,39778.28,40018.28,11:02:58,11:06:58,240
망우,망우,departure,fato,fato-2,FPL1617002,UAM0029,procedure,engine start,39778.28,40018.28,11:02:58,11:06:58,240
가산,가산,departure,fato,fato-1,FPL1407001,UAM0032,procedure,engine start,39778.28,40018.28,11:02:58,11:06:58,240
수서,수서,departure,fato,fato-2,FPL1710001,UAM0030,procedure,engine start,39788.28,40028.28,11:03:08,11:07:08,240
여의도,여의도,departure,fato,fato-2,FPL0106001,UAM0048,procedure,engine start,39788.28,40028.28,11:03:08,11:07:08,240
상암,상암,departure,fato,fato-1,FPL0312002,UAM0012,procedure,engine start,39808.28,40048.28,11:03:28,11:07:28,240
잠실,잠실,departure,fato,fato-1,FPL0216001,UAM0002,procedure,engine start,39828.28,40068.28,11:03:48,11:07:48,240
성수,성수,departure,fato,fato-1,FPL0915002,UAM0049,procedure,engine start,39912.28,40152.28,11:05:12,11:09:12,240
상암,상암,arrival,fato,fato-2,FPL1303002,UAM0001,fatoLock,fato lock,40035.43,40095.43,11:07:15,11:08:15,60
망우,망우,departure,fato,fato-1,FPL1610001,UAM0043,procedure,engine start,40046.86,40286.86,11:07:26,11:11:26,240
천호,천호,departure,fato,fato-1,FPL1113003,UAM0053,procedure,engine start,40046.86,40286.86,11:07:26,11:11:26,240
여의도,여의도,departure,fato,fato-1,FPL0108001,UAM0068,procedure,engine start,40076.86,40316.86,11:07:56,11:11:56,240
천호,천호,departure,fato,fato-2,FPL1115002,UAM0065,procedure,engine start,40086.86,40326.86,11:08:06,11:12:06,240
상암,상암,arrival,fato,fato-2,FPL1303002,UAM0001,procedure,engine stop,40095.43,40275.43,11:08:15,11:11:15,180
봉천,봉천,arrival,fato,fato-1,FPL0907001,UAM0005,fatoLock,fato lock,40104.05,40164.05,11:08:24,11:09:24,60
목동,목동,arrival,fato,fato-1,FPL0305002,UAM0015,fatoLock,fato lock,40108.44,40168.44,11:08:28,11:09:28,60
목동,목동,arrival,fato,fato-2,FPL0105002,UAM0047,fatoLock,fato lock,40123.45,40183.45,11:08:43,11:09:43,60
상암,상암,arrival,fato,fato-1,FPL1603001,UAM0035,fatoLock,fato lock,40125.43,40185.43,11:08:45,11:09:45,60
봉천,봉천,arrival,fato,fato-1,FPL0907001,UAM0005,procedure,engine stop,40164.05,40344.05,11:09:24,11:12:24,180
목동,목동,arrival,fato,fato-1,FPL0305002,UAM0015,procedure,engine stop,40168.44,40348.44,11:09:28,11:12:28,180
목동,목동,arrival,fato,fato-2,FPL0105002,UAM0047,procedure,engine stop,40183.45,40363.45,11:09:43,11:12:43,180
상암,상암,arrival,fato,fato-1,FPL1603001,UAM0035,procedure,engine stop,40185.43,40365.43,11:09:45,11:12:45,180
성수,성수,arrival,fato,fato-2,FPL1609002,UAM0007,fatoLock,fato lock,40186.18,40246.18,11:09:46,11:10:46,60
강남,강남,arrival,fato,fato-1,FPL1113002,UAM0006,fatoLock,fato lock,40233.1,40293.1,11:10:33,11:11:33,60
강남,강남,arrival,fato,fato-2,FPL0413002,UAM0059,fatoLock,fato lock,40234.37,40294.37,11:10:34,11:11:34,60
성수,성수,arrival,fato,fato-2,FPL1609002,UAM0007,procedure,engine stop,40246.18,40426.18,11:10:46,11:13:46,180
가산,가산,arrival,fato,fato-1,FPL0814001,UAM0019,fatoLock,fato lock,40250.24,40310.24,11:10:50,11:11:50,60
봉천,봉천,arrival,fato,fato-2,FPL1407001,UAM0032,fatoLock,fato lock,40250.31,40310.31,11:10:50,11:11:50,60
가산,가산,arrival,fato,fato-2,FPL0414001,UAM0013,fatoLock,fato lock,40258.04,40318.04,11:10:58,11:11:58,60
광화문,광화문,arrival,fato,fato-1,FPL0312002,UAM0012,fatoLock,fato lock,40259.68,40319.68,11:10:59,11:11:59,60
강남,강남,arrival,fato,fato-1,FPL1113002,UAM0006,procedure,engine stop,40293.1,40473.1,11:11:33,11:14:33,180
강남,강남,arrival,fato,fato-2,FPL0413002,UAM0059,procedure,engine stop,40294.37,40474.37,11:11:34,11:14:34,180
가산,가산,arrival,fato,fato-1,FPL0814001,UAM0019,procedure,engine stop,40310.24,40490.24,11:11:50,11:14:50,180
봉천,봉천,arrival,fato,fato-2,FPL1407001,UAM0032,procedure,engine stop,40310.31,40490.31,11:11:50,11:14:50,180
망우,망우,arrival,fato,fato-2,FPL0216001,UAM0002,fatoLock,fato lock,40313.7,40373.7,11:11:53,11:12:53,60
가산,가산,arrival,fato,fato-2,FPL0414001,UAM0013,procedure,engine stop,40318.04,40498.04,11:11:58,11:14:58,180
광화문,광화문,arrival,fato,fato-1,FPL0312002,UAM0012,procedure,engine stop,40319.68,40499.68,11:11:59,11:14:59,180
여의도,여의도,arrival,fato,fato-2,FPL1501001,UAM0025,fatoLock,fato lock,40344.92,40404.92,11:12:24,11:13:24,60
수서,수서,arrival,fato,fato-1,FPL1617002,UAM0029,fatoLock,fato lock,40355.2,40415.2,11:12:35,11:13:35,60
망우,망우,arrival,fato,fato-2,FPL0216001,UAM0002,procedure,engine stop,40373.7,40553.7,11:12:53,11:15:53,180
상암,상암,arrival,gate,gate-1,FPL1303002,UAM0001,handling,turnaround,40393.71,40993.71,11:13:13,11:23:13,600
여의도,여의도,arrival,fato,fato-2,FPL1501001,UAM0025,procedure,engine stop,40404.92,40584.92,11:13:24,11:16:24,180
천호,천호,arrival,fato,fato-1,FPL1211001,UAM0011,fatoLock,fato lock,40409.36,40469.36,11:13:29,11:14:29,60
수서,수서,arrival,fato,fato-1,FPL1617002,UAM0029,procedure,engine stop,40415.2,40595.2,11:13:35,11:16:35,180
봉천,봉천,arrival,gate,gate-1,FPL0907001,UAM0005,handling,turnaround,40462.34,41062.34,11:14:22,11:24:22,600
천호,천호,arrival,fato,fato-1,FPL1211001,UAM0011,procedure,engine stop,40469.36,40649.36,11:14:29,11:17:29,180
잠실,잠실,arrival,fato,fato-1,FPL0502002,UAM0004,fatoLock,fato lock,40487.74,40547.74,11:14:47,11:15:47,60
망우,망우,arrival,fato,fato-1,FPL0716001,UAM0038,fatoLock,fato lock,40494.26,40554.26,11:14:54,11:15:54,60
목동,목동,arrival,gate,gate-7,FPL0305002,UAM0015,handling,turnaround,40496.73,41096.73,11:14:56,11:24:56,600
강남,강남,arrival,fato,fato-1,FPL1213003,UAM0003,fatoLock,fato lock,40501.67,40561.67,11:15:01,11:16:01,60
강남,강남,arrival,fato,fato-2,FPL1013002,UAM0014,fatoLock,fato lock,40502.94,40562.94,11:15:02,11:16:02,60
성수,성수,arrival,gate,gate-1,FPL1609002,UAM0007,handling,turnaround,40544.47,41144.47,11:15:44,11:25:44,600
잠실,잠실,arrival,fato,fato-1,FPL0502002,UAM0004,procedure,engine stop,40547.74,40727.74,11:15:47,11:18:47,180
성수,성수,arrival,fato,fato-1,FPL1509001,UAM0022,fatoLock,fato lock,40551.06,40611.06,11:15:51,11:16:51,60
미아,미아,arrival,fato,fato-1,FPL0806001,UAM0009,fatoLock,fato lock,40553.93,40613.93,11:15:53,11:16:53,60
사당,사당,arrival,fato,fato-1,FPL0608001,UAM0037,fatoLock,fato lock,40553.93,40613.93,11:15:53,11:16:53,60
망우,망우,arrival,fato,fato-1,FPL0716001,UAM0038,procedure,engine stop,40554.26,40734.26,11:15:54,11:18:54,180
강남,강남,arrival,fato,fato-1,FPL1213003,UAM0003,procedure,engine stop,40561.67,40741.67,11:16:01,11:19:01,180
강남,강남,arrival,fato,fato-2,FPL1013002,UAM0014,procedure,engine stop,40562.94,40742.94,11:16:02,11:19:02,180
성수,성수,arrival,fato,fato-2,FPL1009001,UAM0016,fatoLock,fato lock,40563.94,40623.94,11:16:03,11:17:03,60
사당,사당,arrival,fato,fato-2,FPL0108001,UAM0068,fatoLock,fato lock,40572.79,40632.79,11:16:12,11:17:12,60
상암,상암,arrival,gate,gate-4,FPL1603001,UAM0035,handling,turnaround,40573.71,41173.71,11:16:13,11:26:13,600
목동,목동,arrival,gate,gate-6,FPL0105002,UAM0047,handling,turnaround,40575.01,41175.01,11:16:15,11:26:15,600
목동,목동,arrival,fato,fato-1,FPL1105001,UAM0028,fatoLock,fato lock,40590.61,40650.61,11:16:30,11:17:30,60
강남,강남,arrival,gate,gate-1,FPL1113002,UAM0006,handling,turnaround,40591.39,41191.39,11:16:31,11:26:31,600
가산,가산,arrival,gate,gate-1,FPL0814001,UAM0019,handling,turnaround,40608.53,41208.53,11:16:48,11:26:48,600
봉천,봉천,arrival,gate,gate-8,FPL1407001,UAM0032,handling,turnaround,40608.59,41208.59,11:16:48,11:26:48,600
미아,미아,arrival,fato,fato-2,FPL0106001,UAM0048,fatoLock,fato lock,40609.35,40669.35,11:16:49,11:17:49,60
성수,성수,arrival,fato,fato-1,FPL1509001,UAM0022,procedure,engine stop,40611.06,40791.06,11:16:51,11:19:51,180
미아,미아,arrival,fato,fato-1,FPL0806001,UAM0009,procedure,engine stop,40613.93,40793.93,11:16:53,11:19:53,180
사당,사당,arrival,fato,fato-1,FPL0608001,UAM0037,procedure,engine stop,40613.93,40793.93,11:16:53,11:19:53,180
광화문,광화문,arrival,gate,gate-8,FPL0312002,UAM0012,handling,turnaround,40617.97,41217.97,11:16:57,11:26:57,600
성수,성수,arrival,fato,fato-2,FPL1009001,UAM0016,procedure,engine stop,40623.94,40803.94,11:17:03,11:20:03,180
사당,사당,arrival,fato,fato-2,FPL0108001,UAM0068,procedure,engine stop,40632.79,40812.79,11:17:12,11:20:12,180
강남,강남,arrival,gate,gate-8,FPL0413002,UAM0059,handling,turnaround,40639.67,41239.67,11:17:19,11:27:19,600
목동,목동,arrival,fato,fato-1,FPL1105001,UAM0028,procedure,engine stop,40650.61,40830.61,11:17:30,11:20:30,180
가산,가산,arrival,gate,gate-8,FPL0414001,UAM0013,handling,turnaround,40656.81,41256.81,11:17:36,11:27:36,600
미아,미아,arrival,fato,fato-2,FPL0106001,UAM0048,procedure,engine stop,40669.35,40849.35,11:17:49,11:20:49,180
망우,망우,arrival,gate,gate-1,FPL0216001,UAM0002,handling,turnaround,40671.98,41271.98,11:17:51,11:27:51,600
마곡,마곡,arrival,fato,fato-1,FPL1715002,UAM0027,fatoLock,fato lock,40684.31,40744.31,11:18:04,11:19:04,60
여의도,여의도,arrival,gate,gate-1,FPL1501001,UAM0025,handling,turnaround,40703.2,41303.2,11:18:23,11:28:23,600
연신내,연신내,arrival,fato,fato-1,FPL1710001,UAM0030,fatoLock,fato lock,40704.94,40764.94,11:18:24,11:19:24,60
수서,수서,arrival,gate,gate-2,FPL1617002,UAM0029,handling,turnaround,40743.48,41343.48,11:19:03,11:29:03,600
마곡,마곡,arrival,fato,fato-1,FPL1715002,UAM0027,procedure,engine stop,40744.31,40924.31,11:19:04,11:22:04,180
마곡,마곡,arrival,fato,fato-2,FPL0915002,UAM0049,fatoLock,fato lock,40745.06,40805.06,11:19:05,11:20:05,60
연신내,연신내,arrival,fato,fato-1,FPL1710001,UAM0030,procedure,engine stop,40764.94,40944.94,11:19:24,11:22:24,180
천호,천호,arrival,gate,gate-1,FPL1211001,UAM0011,handling,turnaround,40767.65,41367.65,11:19:27,11:29:27,600
강남,강남,arrival,fato,fato-1,FPL1113003,UAM0053,fatoLock,fato lock,40770.25,40830.25,11:19:30,11:20:30,60
마곡,마곡,arrival,fato,fato-2,FPL0915002,UAM0049,procedure,engine stop,40805.06,40985.06,11:20:05,11:23:05,180
강남,강남,arrival,fato,fato-1,FPL1113003,UAM0053,procedure,engine stop,40830.25,41010.25,11:20:30,11:23:30,180
잠실,잠실,arrival,gate,gate-1,FPL0502002,UAM0004,handling,turnaround,40846.03,41446.03,11:20:46,11:30:46,600
망우,망우,arrival,gate,gate-8,FPL0716001,UAM0038,handling,turnaround,40852.55,41452.55,11:20:52,11:30:52,600
강남,강남,arrival,gate,gate-2,FPL1213003,UAM0003,handling,turnaround,40889.96,41489.96,11:21:29,11:31:29,600
성수,성수,arrival,gate,gate-8,FPL1509001,UAM0022,handling,turnaround,40909.34,41509.34,11:21:49,11:31:49,600
미아,미아,arrival,gate,gate-1,FPL0806001,UAM0009,handling,turnaround,40912.22,41512.22,11:21:52,11:31:52,600
사당,사당,arrival,gate,gate-1,FPL0608001,UAM0037,handling,turnaround,40912.22,41512.22,11:21:52,11:31:52,600
강남,강남,arrival,gate,gate-7,FPL1013002,UAM0014,handling,turnaround,40938.24,41538.24,11:22:18,11:32:18,600
사당,사당,arrival,gate,gate-8,FPL0108001,UAM0068,handling,turnaround,40960.5,41560.5,11:22:40,11:32:40,600
성수,성수,arrival,gate,gate-2,FPL1009001,UAM0016,handling,turnaround,40987.62,41587.62,11:23:07,11:33:07,600
연신내,연신내,arrival,fato,fato-1,FPL1610001,UAM0043,fatoLock,fato lock,41013.61,41073.61,11:23:33,11:24:33,60
목동,목동,arrival,gate,gate-4,FPL1105001,UAM0028,handling,turnaround,41038.89,41638.89,11:23:58,11:33:58,600
마곡,마곡,arrival,gate,gate-1,FPL1715002,UAM0027,handling,turnaround,41042.59,41642.59,11:24:02,11:34:02,600
미아,미아,arrival,gate,gate-4,FPL0106001,UAM0048,handling,turnaround,41057.64,41657.64,11:24:17,11:34:17,600
연신내,연신내,arrival,gate,gate-1,FPL1710001,UAM0030,handling,turnaround,41063.22,41663.22,11:24:23,11:34:23,600
연신내,연신내,arrival,fato,fato-1,FPL1610001,UAM0043,procedure,engine stop,41073.61,41253.61,11:24:33,11:27:33,180
마곡,마곡,arrival,gate,gate-3,FPL0915002,UAM0049,handling,turnaround,41163.34,41763.34,11:26:03,11:36:03,600
봉천,봉천,departure,fato,fato-1,FPL0705002,UAM0005,procedure,engine start,41181.28,41421.28,11:26:21,11:30:21,240
강남,강남,arrival,gate,gate-3,FPL1113003,UAM0053,handling,turnaround,41188.53,41788.53,11:26:28,11:36:28,600
성수,성수,departure,fato,fato-1,FPL0913001,UAM0007,procedure,engine start,41263.28,41503.28,11:27:43,11:31:43,240
강남,강남,departure,fato,fato-1,FPL1314001,UAM0006,procedure,engine start,41310.28,41550.28,11:28:30,11:32:30,240
가산,가산,departure,fato,fato-1,FPL1405002,UAM0019,procedure,engine start,41327.28,41567.28,11:28:47,11:32:47,240
강남,강남,departure,fato,fato-2,FPL1305002,UAM0059,procedure,engine start,41358.28,41598.28,11:29:18,11:33:18,240
연신내,연신내,arrival,gate,gate-8,FPL1610001,UAM0043,handling,turnaround,41371.9,41971.9,11:29:31,11:39:31,600
가산,가산,departure,fato,fato-2,FPL1401001,UAM0013,procedure,engine start,41375.28,41615.28,11:29:35,11:33:35,240
천호,천호,departure,fato,fato-1,FPL1116001,UAM0011,procedure,engine start,41486.28,41726.28,11:31:26,11:35:26,240
잠실,잠실,departure,fato,fato-1,FPL0205003,UAM0004,procedure,engine start,41565.28,41805.28,11:32:45,11:36:45,240
성수,성수,departure,fato,fato-1,FPL0907002,UAM0022,procedure,engine start,41628.28,41868.28,11:33:48,11:37:48,240
목동,목동,arrival,fato,fato-1,FPL0705002,UAM0005,fatoLock,fato lock,41630.57,41690.57,11:33:50,11:34:50,60
사당,사당,departure,fato,fato-1,FPL0813002,UAM0037,procedure,engine start,41631.28,41871.28,11:33:51,11:37:51,240
강남,강남,departure,fato,fato-1,FPL1306002,UAM0003,procedure,engine start,41638.86,41878.86,11:33:58,11:37:58,240
사당,사당,departure,fato,fato-2,FPL0812002,UAM0068,procedure,engine start,41679.28,41919.28,11:34:39,11:38:39,240
강남,강남,departure,fato,fato-2,FPL1308003,UAM0014,procedure,engine start,41687.28,41927.28,11:34:47,11:38:47,240
목동,목동,arrival,fato,fato-1,FPL0705002,UAM0005,procedure,engine stop,41690.57,41870.57,11:34:50,11:37:50,180
성수,성수,departure,fato,fato-2,FPL0908002,UAM0016,procedure,engine start,41736.28,41976.28,11:35:36,11:39:36,240
여의도,여의도,arrival,fato,fato-1,FPL1401001,UAM0013,fatoLock,fato lock,41773.19,41833.19,11:36:13,11:37:13,60
연신내,연신내,departure,fato,fato-1,FPL1017002,UAM0030,procedure,engine start,41782.28,42022.28,11:36:22,11:40:22,240
여의도,여의도,arrival,fato,fato-1,FPL1401001,UAM0013,procedure,engine stop,41833.19,42013.19,11:37:13,11:40:13,180
가산,가산,arrival,fato,fato-1,FPL1314001,UAM0006,fatoLock,fato lock,41896.48,41956.48,11:38:16,11:39:16,60
망우,망우,arrival,fato,fato-1,FPL1116001,UAM0011,fatoLock,fato lock,41929.66,41989.66,11:38:49,11:39:49,60
강남,강남,arrival,fato,fato-1,FPL0913001,UAM0007,fatoLock,fato lock,41956,42016,11:39:15,11:40:15,60
가산,가산,arrival,fato,fato-1,FPL1314001,UAM0006,procedure,engine stop,41956.48,42136.48,11:39:16,11:42:16,180
망우,망우,arrival,fato,fato-1,FPL1116001,UAM0011,procedure,engine stop,41989.66,42169.66,11:39:49,11:42:49,180
강남,강남,departure,fato,fato-2,FPL1317003,UAM0053,procedure,engine start,42015.86,42255.86,11:40:15,11:44:15,240
강남,강남,arrival,fato,fato-1,FPL0913001,UAM0007,procedure,engine stop,42016,42196,11:40:15,11:43:15,180
목동,목동,arrival,gate,gate-5,FPL0705002,UAM0005,handling,turnaround,42078.86,42678.86,11:41:18,11:51:18,600
여의도,여의도,arrival,gate,gate-8,FPL1401001,UAM0013,handling,turnaround,42131.47,42731.47,11:42:11,11:52:11,600
강남,강남,arrival,fato,fato-1,FPL0813002,UAM0037,fatoLock,fato lock,42224.57,42284.57,11:43:44,11:44:44,60
사당,사당,arrival,fato,fato-1,FPL1308003,UAM0014,fatoLock,fato lock,42242.34,42302.34,11:44:02,11:45:02,60
가산,가산,arrival,gate,gate-1,FPL1314001,UAM0006,handling,turnaround,42254.77,42854.77,11:44:14,11:54:14,600
강남,강남,arrival,fato,fato-1,FPL0813002,UAM0037,procedure,engine stop,42284.57,42464.57,11:44:44,11:47:44,180
봉천,봉천,arrival,fato,fato-1,FPL0907002,UAM0022,fatoLock,fato lock,42295.05,42355.05,11:44:55,11:45:55,60
사당,사당,arrival,fato,fato-1,FPL1308003,UAM0014,procedure,engine stop,42302.34,42482.34,11:45:02,11:48:02,180
강남,강남,arrival,gate,gate-1,FPL0913001,UAM0007,handling,turnaround,42314.28,42914.28,11:45:14,11:55:14,600
미아,미아,arrival,fato,fato-1,FPL1306002,UAM0003,fatoLock,fato lock,42328.77,42388.77,11:45:28,11:46:28,60
사당,사당,arrival,fato,fato-2,FPL0908002,UAM0016,fatoLock,fato lock,42330.87,42390.87,11:45:30,11:46:30,60
망우,망우,arrival,gate,gate-6,FPL1116001,UAM0011,handling,turnaround,42347.95,42947.95,11:45:47,11:55:47,600
봉천,봉천,arrival,fato,fato-1,FPL0907002,UAM0022,procedure,engine stop,42355.05,42535.05,11:45:55,11:48:55,180
광화문,광화문,arrival,fato,fato-1,FPL0812002,UAM0068,fatoLock,fato lock,42378.32,42438.32,11:46:18,11:47:18,60
미아,미아,arrival,fato,fato-1,FPL1306002,UAM0003,procedure,engine stop,42388.77,42568.77,11:46:28,11:49:28,180
사당,사당,arrival,fato,fato-2,FPL0908002,UAM0016,procedure,engine stop,42390.87,42570.87,11:46:30,11:49:30,180
광화문,광화문,arrival,fato,fato-1,FPL0812002,UAM0068,procedure,engine stop,42438.32,42618.32,11:47:18,11:50:18,180
수서,수서,arrival,fato,fato-1,FPL1317003,UAM0053,fatoLock,fato lock,42545.6,42605.6,11:49:05,11:50:05,60
강남,강남,arrival,gate,gate-8,FPL0813002,UAM0037,handling,turnaround,42582.85,43182.85,11:49:42,11:59:42,600
사당,사당,arrival,gate,gate-1,FPL1308003,UAM0014,handling,turnaround,42600.63,43200.63,11:50:00,12:00:00,600
수서,수서,arrival,fato,fato-1,FPL1317003,UAM0053,procedure,engine stop,42605.6,42785.6,11:50:05,11:53:05,180
봉천,봉천,arrival,gate,gate-1,FPL0907002,UAM0022,handling,turnaround,42653.34,43253.34,11:50:53,12:00:53,600
사당,사당,arrival,gate,gate-8,FPL0908002,UAM0016,handling,turnaround,42689.15,43289.15,11:51:29,12:01:29,600
수서,수서,arrival,fato,fato-2,FPL1017002,UAM0030,fatoLock,fato lock,42698.94,42758.94,11:51:38,11:52:38,60
수서,수서,arrival,fato,fato-2,FPL1017002,UAM0030,procedure,engine stop,42758.94,42938.94,11:52:38,11:55:38,180
광화문,광화문,arrival,gate,gate-7,FPL0812002,UAM0068,handling,turnaround,42766.61,43366.61,11:52:46,12:02:46,600
미아,미아,arrival,gate,gate-5,FPL1306002,UAM0003,handling,turnaround,42777.05,43377.05,11:52:57,12:02:57,600
수서,수서,arrival,gate,gate-7,FPL1317003,UAM0053,handling,turnaround,42933.88,43533.88,11:55:33,12:05:33,600
강남,강남,departure,fato,fato-1,FPL1301003,UAM0007,procedure,engine start,43033.28,43273.28,11:57:13,12:01:13,240
수서,수서,arrival,gate,gate-4,FPL1017002,UAM0030,handling,turnaround,43147.22,43747.22,11:59:07,12:09:07,600
목동,목동,departure,gate,gate-3,FPL0515005,UAM0008,waiting,gate hold,43200,43230,12:00:00,12:00:30,30
수서,수서,departure,gate,gate-2,FPL1701002,UAM0029,waiting,gate hold,43200,43230,12:00:00,12:00:30,30
수서,수서,departure,gate,gate-8,FPL1711001,UAM0041,waiting,gate hold,43200,43300,12:00:00,12:01:40,100
마곡,마곡,departure,gate,gate-3,FPL1502002,UAM0049,waiting,gate hold,43200,43230,12:00:00,12:00:30,30
강남,강남,departure,fato,fato-2,FPL1302002,UAM0037,procedure,engine start,43301.28,43541.28,12:01:41,12:05:41,240
상암,상암,departure,fato,fato-1,FPL0313002,UAM0001,procedure,engine start,43318.28,43558.28,12:01:58,12:05:58,240
망우,망우,departure,fato,fato-1,FPL1608001,UAM0002,procedure,engine start,43318.28,43558.28,12:01:58,12:05:58,240
가산,가산,departure,fato,fato-1,FPL1412002,UAM0006,procedure,engine start,43318.28,43558.28,12:01:58,12:05:58,240
미아,미아,departure,fato,fato-1,FPL0612001,UAM0009,procedure,engine start,43318.28,43558.28,12:01:58,12:05:58,240
광화문,광화문,departure,fato,fato-1,FPL1216002,UAM0012,procedure,engine start,43318.28,43558.28,12:01:58,12:05:58,240
여의도,여의도,departure,fato,fato-1,FPL0108002,UAM0013,procedure,engine start,43318.28,43558.28,12:01:58,12:05:58,240
마곡,마곡,departure,fato,fato-1,FPL1507001,UAM0027,procedure,engine start,43318.28,43558.28,12:01:58,12:05:58,240
봉천,봉천,departure,fato,fato-1,FPL0709002,UAM0032,procedure,engine start,43318.28,43558.28,12:01:58,12:05:58,240
연신내,연신내,departure,fato,fato-1,FPL1008001,UAM0043,procedure,engine start,43318.28,43558.28,12:01:58,12:05:58,240
사당,사당,departure,fato,fato-1,FPL0814002,UAM0014,procedure,engine start,43319.28,43559.28,12:01:59,12:05:59,240
상암,상암,departure,fato,fato-2,FPL0309001,UAM0018,procedure,engine start,43358.28,43598.28,12:02:38,12:06:38,240
광화문,광화문,departure,fato,fato-2,FPL1209001,UAM0020,procedure,engine start,43358.28,43598.28,12:02:38,12:06:38,240
미아,미아,departure,fato,fato-2,FPL0615001,UAM0021,procedure,engine start,43358.28,43598.28,12:02:38,12:06:38,240
여의도,여의도,departure,fato,fato-2,FPL0117002,UAM0025,procedure,engine start,43358.28,43598.28,12:02:38,12:06:38,240
마곡,마곡,departure,fato,fato-2,FPL1503001,UAM0040,procedure,engine start,43358.28,43598.28,12:02:38,12:06:38,240
봉천,봉천,departure,fato,fato-2,FPL0702001,UAM0022,procedure,engine start,43372.28,43612.28,12:02:52,12:06:52,240
망우,망우,departure,fato,fato-2,FPL1601001,UAM0011,procedure,engine start,43378.28,43618.28,12:02:58,12:06:58,240
수서,수서,departure,fato,fato-1,FPL1714002,UAM0017,procedure,engine start,43378.28,43618.28,12:02:58,12:06:58,240
목동,목동,departure,fato,fato-1,FPL0514002,UAM0005,procedure,engine start,43408.28,43648.28,12:03:28,12:07:28,240
사당,사당,departure,fato,fato-2,FPL0807002,UAM0016,procedure,engine start,43408.28,43648.28,12:03:28,12:07:28,240
수서,수서,departure,fato,fato-2,FPL1709002,UAM0026,procedure,engine start,43418.28,43658.28,12:03:38,12:07:38,240
목동,목동,departure,fato,fato-2,FPL0515005,UAM0008,procedure,engine start,43448.28,43688.28,12:04:08,12:08:08,240
여의도,여의도,arrival,fato,fato-1,FPL1301003,UAM0007,fatoLock,fato lock,43635.43,43695.43,12:07:15,12:08:15,60
상암,상암,departure,fato,fato-1,FPL0310001,UAM0023,procedure,engine start,43646.86,43886.86,12:07:26,12:11:26,240
미아,미아,departure,fato,fato-1,FPL0609001,UAM0031,procedure,engine start,43646.86,43886.86,12:07:26,12:11:26,240
망우,망우,departure,fato,fato-1,FPL1602002,UAM0038,procedure,engine start,43646.86,43886.86,12:07:26,12:11:26,240
마곡,마곡,departure,fato,fato-1,FPL1517002,UAM0044,procedure,engine start,43646.86,43886.86,12:07:26,12:11:26,240
광화문,광화문,departure,fato,fato-1,FPL1210001,UAM0050,procedure,engine start,43646.86,43886.86,12:07:26,12:11:26,240
상암,상암,arrival,fato,fato-2,FPL1303001,UAM0054,fatoLock,fato lock,43675.43,43735.43,12:07:55,12:08:55,60
미아,미아,departure,fato,fato-2,FPL0617002,UAM0042,procedure,engine start,43686.86,43926.86,12:08:06,12:12:06,240
마곡,마곡,departure,fato,fato-2,FPL1510001,UAM0046,procedure,engine start,43686.86,43926.86,12:08:06,12:12:06,240
광화문,광화문,departure,fato,fato-2,FPL1204002,UAM0068,procedure,engine start,43686.86,43926.86,12:08:06,12:12:06,240
여의도,여의도,arrival,fato,fato-1,FPL1301003,UAM0007,procedure,engine stop,43695.43,43875.43,12:08:15,12:11:15,180
수서,수서,departure,fato,fato-1,FPL1701002,UAM0029,procedure,engine start,43706.86,43946.86,12:08:26,12:12:26,240
목동,목동,arrival,fato,fato-1,FPL0205003,UAM0004,fatoLock,fato lock,43725.43,43785.43,12:08:45,12:09:45,60
상암,상암,arrival,fato,fato-2,FPL1303001,UAM0054,procedure,engine stop,43735.43,43915.43,12:08:55,12:11:55,180
수서,수서,departure,fato,fato-2,FPL1711001,UAM0041,procedure,engine start,43746.86,43986.86,12:09:06,12:13:06,240
목동,목동,arrival,fato,fato-2,FPL1405002,UAM0019,fatoLock,fato lock,43765.43,43825.43,12:09:25,12:10:25,60
목동,목동,arrival,fato,fato-1,FPL0205003,UAM0004,procedure,engine stop,43785.43,43965.43,12:09:45,12:12:45,180
잠실,잠실,arrival,fato,fato-1,FPL1302002,UAM0037,fatoLock,fato lock,43789.03,43849.03,12:09:49,12:10:49,60
가산,가산,arrival,fato,fato-1,FPL0814002,UAM0014,fatoLock,fato lock,43811.24,43871.24,12:10:11,12:11:11,60
사당,사당,arrival,fato,fato-1,FPL0108002,UAM0013,fatoLock,fato lock,43814.22,43874.22,12:10:14,12:11:14,60
망우,망우,arrival,fato,fato-2,FPL1216002,UAM0012,fatoLock,fato lock,43821.38,43881.38,12:10:21,12:11:21,60
목동,목동,arrival,fato,fato-2,FPL1405002,UAM0019,procedure,engine stop,43825.43,44005.43,12:10:25,12:13:25,180
가산,가산,arrival,fato,fato-2,FPL0514002,UAM0005,fatoLock,fato lock,43836.66,43896.66,12:10:36,12:11:36,60
잠실,잠실,arrival,fato,fato-1,FPL1302002,UAM0037,procedure,engine stop,43849.03,44029.03,12:10:49,12:13:49,180
가산,가산,arrival,fato,fato-1,FPL0814002,UAM0014,procedure,engine stop,43871.24,44051.24,12:11:11,12:14:11,180
사당,사당,arrival,fato,fato-1,FPL0108002,UAM0013,procedure,engine stop,43874.22,44054.22,12:11:14,12:14:14,180
망우,망우,arrival,fato,fato-2,FPL1216002,UAM0012,procedure,engine stop,43881.38,44061.38,12:11:21,12:14:21,180
성수,성수,arrival,fato,fato-1,FPL1209001,UAM0020,fatoLock,fato lock,43887.54,43947.54,12:11:27,12:12:27,60
가산,가산,arrival,fato,fato-2,FPL0514002,UAM0005,procedure,engine stop,43896.66,44076.66,12:11:36,12:14:36,180
성수,성수,arrival,fato,fato-2,FPL1709002,UAM0026,fatoLock,fato lock,43898.19,43958.19,12:11:38,12:12:38,60
강남,강남,arrival,fato,fato-1,FPL0313002,UAM0001,fatoLock,fato lock,43916.35,43976.35,12:11:56,12:12:56,60
상암,상암,arrival,fato,fato-2,FPL0503003,UAM0057,fatoLock,fato lock,43944,44004,12:12:23,12:13:23,60
성수,성수,arrival,fato,fato-1,FPL1209001,UAM0020,procedure,engine stop,43947.54,44127.54,12:12:27,12:15:27,180
봉천,봉천,arrival,fato,fato-1,FPL0807002,UAM0016,fatoLock,fato lock,43957.9,44017.9,12:12:37,12:13:37,60
성수,성수,arrival,fato,fato-2,FPL1709002,UAM0026,procedure,engine stop,43958.19,44138.19,12:12:38,12:15:38,180
상암,상암,arrival,fato,fato-1,FPL0203001,UAM0061,fatoLock,fato lock,43964,44024,12:12:43,12:13:43,60
광화문,광화문,arrival,fato,fato-1,FPL0612001,UAM0009,fatoLock,fato lock,43964,44024,12:12:43,12:13:43,60
잠실,잠실,arrival,fato,fato-2,FPL0702001,UAM0022,fatoLock,fato lock,43965.79,44025.79,12:12:45,12:13:45,60
미아,미아,departure,fato,fato-1,FPL0602001,UAM0048,procedure,engine start,43975.43,44215.43,12:12:55,12:16:55,240
마곡,마곡,departure,fato,fato-1,FPL1502002,UAM0049,procedure,engine start,43975.43,44215.43,12:12:55,12:16:55,240
강남,강남,arrival,fato,fato-1,FPL0313002,UAM0001,procedure,engine stop,43976.35,44156.35,12:12:56,12:15:56,180
봉천,봉천,arrival,fato,fato-2,FPL1507001,UAM0027,fatoLock,fato lock,43979.08,44039.08,12:12:59,12:13:59,60
여의도,여의도,arrival,gate,gate-1,FPL1301003,UAM0007,handling,turnaround,43993.71,44593.71,12:13:13,12:23:13,600
상암,상암,arrival,fato,fato-2,FPL0503003,UAM0057,procedure,engine stop,44004,44184,12:13:23,12:16:23,180
마곡,마곡,arrival,fato,fato-2,FPL1115002,UAM0065,fatoLock,fato lock,44004,44064,12:13:23,12:14:23,60
광화문,광화문,arrival,fato,fato-2,FPL1412002,UAM0006,fatoLock,fato lock,44004,44064,12:13:23,12:14:23,60
봉천,봉천,arrival,fato,fato-1,FPL0807002,UAM0016,procedure,engine stop,44017.9,44197.9,12:13:37,12:16:37,180
사당,사당,arrival,fato,fato-2,FPL1608001,UAM0002,fatoLock,fato lock,44022.08,44082.08,12:13:42,12:14:42,60
상암,상암,arrival,fato,fato-1,FPL0203001,UAM0061,procedure,engine stop,44024,44204,12:13:43,12:16:43,180
광화문,광화문,arrival,fato,fato-1,FPL0612001,UAM0009,procedure,engine stop,44024,44204,12:13:43,12:16:43,180
잠실,잠실,arrival,fato,fato-2,FPL0702001,UAM0022,procedure,engine stop,44025.79,44205.79,12:13:45,12:16:45,180
상암,상암,arrival,gate,gate-1,FPL1303001,UAM0054,handling,turnaround,44033.71,44633.71,12:13:53,12:23:53,600
봉천,봉천,arrival,fato,fato-2,FPL1507001,UAM0027,procedure,engine stop,44039.08,44219.08,12:13:59,12:16:59,180
마곡,마곡,arrival,fato,fato-2,FPL1115002,UAM0065,procedure,engine stop,44064,44244,12:14:23,12:17:23,180
광화문,광화문,arrival,fato,fato-2,FPL1412002,UAM0006,procedure,engine stop,44064,44244,12:14:23,12:17:23,180
수서,수서,arrival,fato,fato-1,FPL0117002,UAM0025,fatoLock,fato lock,44066.38,44126.38,12:14:26,12:15:26,60
사당,사당,arrival,fato,fato-2,FPL1608001,UAM0002,procedure,engine stop,44082.08,44262.08,12:14:42,12:17:42,180
가산,가산,arrival,fato,fato-1,FPL1714002,UAM0017,fatoLock,fato lock,44082.4,44142.4,12:14:42,12:15:42,60
사당,사당,arrival,fato,fato-1,FPL1008001,UAM0043,fatoLock,fato lock,44082.79,44142.79,12:14:42,12:15:42,60
연신내,연신내,arrival,fato,fato-1,FPL1210001,UAM0050,fatoLock,fato lock,44086.32,44146.32,12:14:46,12:15:46,60
여의도,여의도,arrival,fato,fato-1,FPL1601001,UAM0011,fatoLock,fato lock,44105.74,44165.74,12:15:05,12:16:05,60
수서,수서,arrival,fato,fato-1,FPL0117002,UAM0025,procedure,engine stop,44126.38,44306.38,12:15:26,12:18:26,180
잠실,잠실,arrival,fato,fato-1,FPL1602002,UAM0038,fatoLock,fato lock,44132.27,44192.27,12:15:32,12:16:32,60
가산,가산,arrival,fato,fato-1,FPL1714002,UAM0017,procedure,engine stop,44142.4,44322.4,12:15:42,12:18:42,180
사당,사당,arrival,fato,fato-1,FPL1008001,UAM0043,procedure,engine stop,44142.79,44322.79,12:15:42,12:18:42,180
목동,목동,arrival,gate,gate-3,FPL0205003,UAM0004,handling,turnaround,44143.71,44743.71,12:15:43,12:25:43,600
연신내,연신내,arrival,fato,fato-2,FPL0310001,UAM0023,fatoLock,fato lock,44143.8,44203.8,12:15:43,12:16:43,60
연신내,연신내,arrival,fato,fato-1,FPL1210001,UAM0050,procedure,engine stop,44146.32,44326.32,12:15:46,12:18:46,180
잠실,잠실,arrival,gate,gate-1,FPL1302002,UAM0037,handling,turnaround,44147.31,44747.31,12:15:47,12:25:47,600
성수,성수,arrival,fato,fato-1,FPL0709002,UAM0032,fatoLock,fato lock,44156.11,44216.11,12:15:56,12:16:56,60
여의도,여의도,arrival,fato,fato-1,FPL1601001,UAM0011,procedure,engine stop,44165.74,44345.74,12:16:05,12:19:05,180
성수,성수,arrival,fato,fato-2,FPL0309001,UAM0018,fatoLock,fato lock,44166.77,44226.77,12:16:06,12:17:06,60
가산,가산,arrival,gate,gate-1,FPL0814002,UAM0014,handling,turnaround,44169.53,44769.53,12:16:09,12:26:09,600
사당,사당,arrival,gate,gate-1,FPL0108002,UAM0013,handling,turnaround,44172.5,44772.5,12:16:12,12:26:12,600
망우,망우,arrival,gate,gate-1,FPL1216002,UAM0012,handling,turnaround,44179.66,44779.66,12:16:19,12:26:19,600
천호,천호,arrival,fato,fato-1,FPL1711001,UAM0041,fatoLock,fato lock,44191.05,44251.05,12:16:31,12:17:31,60
잠실,잠실,arrival,fato,fato-1,FPL1602002,UAM0038,procedure,engine stop,44192.27,44372.27,12:16:32,12:19:32,180
연신내,연신내,arrival,fato,fato-2,FPL0310001,UAM0023,procedure,engine stop,44203.8,44383.8,12:16:43,12:19:43,180
성수,성수,arrival,fato,fato-1,FPL0709002,UAM0032,procedure,engine stop,44216.11,44396.11,12:16:56,12:19:56,180
가산,가산,arrival,gate,gate-8,FPL0514002,UAM0005,handling,turnaround,44217.81,44817.81,12:16:57,12:26:57,600
목동,목동,arrival,gate,gate-5,FPL1405002,UAM0019,handling,turnaround,44222,44822,12:17:01,12:27:01,600
성수,성수,arrival,fato,fato-2,FPL0309001,UAM0018,procedure,engine stop,44226.77,44406.77,12:17:06,12:20:06,180
성수,성수,arrival,gate,gate-1,FPL1209001,UAM0020,handling,turnaround,44245.83,44845.83,12:17:25,12:27:25,600
천호,천호,arrival,fato,fato-1,FPL1711001,UAM0041,procedure,engine stop,44251.05,44431.05,12:17:31,12:20:31,180
용산,용산,arrival,fato,fato-1,FPL1204002,UAM0068,fatoLock,fato lock,44272.19,44332.19,12:17:52,12:18:52,60
마곡,마곡,arrival,fato,fato-2,FPL0515005,UAM0008,fatoLock,fato lock,44272.57,44332.57,12:17:52,12:18:52,60
강남,강남,arrival,gate,gate-1,FPL0313002,UAM0001,handling,turnaround,44274.64,44874.64,12:17:54,12:27:54,600
성수,성수,arrival,gate,gate-8,FPL1709002,UAM0026,handling,turnaround,44294.11,44894.11,12:18:14,12:28:14,600
상암,상암,arrival,gate,gate-8,FPL0503003,UAM0057,handling,turnaround,44302.28,44902.28,12:18:22,12:28:22,600
봉천,봉천,arrival,gate,gate-1,FPL0807002,UAM0016,handling,turnaround,44316.18,44916.18,12:18:36,12:28:36,600
광화문,광화문,arrival,gate,gate-1,FPL0612001,UAM0009,handling,turnaround,44322.28,44922.28,12:18:42,12:28:42,600
잠실,잠실,arrival,gate,gate-8,FPL0702001,UAM0022,handling,turnaround,44324.07,44924.07,12:18:44,12:28:44,600
용산,용산,arrival,fato,fato-1,FPL1204002,UAM0068,procedure,engine stop,44332.19,44512.19,12:18:52,12:21:52,180
마곡,마곡,arrival,fato,fato-2,FPL0515005,UAM0008,procedure,engine stop,44332.57,44512.57,12:18:52,12:21:52,180
연신내,연신내,arrival,fato,fato-1,FPL1510001,UAM0046,fatoLock,fato lock,44354.89,44414.89,12:19:14,12:20:14,60
마곡,마곡,arrival,gate,gate-1,FPL1115002,UAM0065,handling,turnaround,44362.28,44962.28,12:19:22,12:29:22,600
봉천,봉천,arrival,gate,gate-8,FPL1507001,UAM0027,handling,turnaround,44364.47,44964.47,12:19:24,12:29:24,600
광화문,광화문,arrival,gate,gate-8,FPL1412002,UAM0006,handling,turnaround,44370.57,44970.57,12:19:30,12:29:30,600
사당,사당,arrival,gate,gate-8,FPL1608001,UAM0002,handling,turnaround,44380.36,44980.36,12:19:40,12:29:40,600
수서,수서,arrival,fato,fato-1,FPL0617002,UAM0042,fatoLock,fato lock,44395.13,44455.13,12:19:55,12:20:55,60
연신내,연신내,arrival,fato,fato-1,FPL1510001,UAM0046,procedure,engine stop,44414.89,44594.89,12:20:14,12:23:14,180
여의도,여의도,arrival,fato,fato-1,FPL1701002,UAM0029,fatoLock,fato lock,44414.95,44474.95,12:20:14,12:21:14,60
수서,수서,arrival,gate,gate-8,FPL0117002,UAM0025,handling,turnaround,44424.67,45024.67,12:20:24,12:30:24,600
성수,성수,arrival,fato,fato-1,FPL0609001,UAM0031,fatoLock,fato lock,44424.68,44484.68,12:20:24,12:21:24,60
상암,상암,arrival,gate,gate-5,FPL0203001,UAM0061,handling,turnaround,44440.57,45040.57,12:20:40,12:30:40,600
연신내,연신내,arrival,gate,gate-1,FPL1210001,UAM0050,handling,turnaround,44444.61,45044.61,12:20:44,12:30:44,600
마곡,마곡,arrival,fato,fato-1,FPL0615001,UAM0021,fatoLock,fato lock,44445.76,44505.76,12:20:45,12:21:45,60
수서,수서,arrival,fato,fato-1,FPL0617002,UAM0042,procedure,engine stop,44455.13,44635.13,12:20:55,12:23:55,180
여의도,여의도,arrival,gate,gate-8,FPL1601001,UAM0011,handling,turnaround,44464.03,45064.03,12:21:04,12:31:04,600
가산,가산,arrival,gate,gate-2,FPL1714002,UAM0017,handling,turnaround,44470.69,45070.69,12:21:10,12:31:10,600
사당,사당,arrival,gate,gate-2,FPL1008001,UAM0043,handling,turnaround,44471.07,45071.07,12:21:11,12:31:11,600
여의도,여의도,arrival,fato,fato-1,FPL1701002,UAM0029,procedure,engine stop,44474.95,44654.95,12:21:14,12:24:14,180
성수,성수,arrival,fato,fato-1,FPL0609001,UAM0031,procedure,engine stop,44484.68,44664.68,12:21:24,12:24:24,180
연신내,연신내,arrival,gate,gate-8,FPL0310001,UAM0023,handling,turnaround,44502.09,45102.09,12:21:42,12:31:42,600
마곡,마곡,arrival,fato,fato-1,FPL0615001,UAM0021,procedure,engine stop,44505.76,44685.76,12:21:45,12:24:45,180
잠실,잠실,arrival,gate,gate-2,FPL1602002,UAM0038,handling,turnaround,44520.56,45120.56,12:22:00,12:32:00,600
성수,성수,arrival,gate,gate-2,FPL0709002,UAM0032,handling,turnaround,44544.4,45144.4,12:22:24,12:32:24,600
천호,천호,arrival,gate,gate-1,FPL1711001,UAM0041,handling,turnaround,44549.34,45149.34,12:22:29,12:32:29,600
수서,수서,arrival,fato,fato-2,FPL1517002,UAM0044,fatoLock,fato lock,44582.88,44642.88,12:23:02,12:24:02,60
성수,성수,arrival,gate,gate-7,FPL0309001,UAM0018,handling,turnaround,44592.68,45192.68,12:23:12,12:33:12,600
잠실,잠실,arrival,fato,fato-1,FPL0602001,UAM0048,fatoLock,fato lock,44592.71,44652.71,12:23:12,12:24:12,60
용산,용산,arrival,gate,gate-1,FPL1204002,UAM0068,handling,turnaround,44630.47,45230.47,12:23:50,12:33:50,600
마곡,마곡,arrival,gate,gate-8,FPL0515005,UAM0008,handling,turnaround,44630.85,45230.85,12:23:50,12:33:50,600
수서,수서,arrival,fato,fato-2,FPL1517002,UAM0044,procedure,engine stop,44642.88,44822.88,12:24:02,12:27:02,180
잠실,잠실,arrival,fato,fato-1,FPL0602001,UAM0048,procedure,engine stop,44652.71,44832.71,12:24:12,12:27:12,180
여의도,여의도,departure,fato,fato-2,FPL0110001,UAM0007,procedure,engine start,44712.28,44952.28,12:25:12,12:29:12,240
연신내,연신내,arrival,gate,gate-2,FPL1510001,UAM0046,handling,turnaround,44743.18,45343.18,12:25:43,12:35:43,600
수서,수서,arrival,gate,gate-2,FPL0617002,UAM0042,handling,turnaround,44783.41,45383.41,12:26:23,12:36:23,600
여의도,여의도,arrival,gate,gate-2,FPL1701002,UAM0029,handling,turnaround,44803.24,45403.24,12:26:43,12:36:43,600
마곡,마곡,arrival,gate,gate-7,FPL0615001,UAM0021,handling,turnaround,44834.05,45434.05,12:27:14,12:37:14,600
성수,성수,arrival,gate,gate-3,FPL0609001,UAM0031,handling,turnaround,44842.97,45442.97,12:27:22,12:37:22,600
잠실,잠실,departure,fato,fato-2,FPL0215002,UAM0037,procedure,engine start,44866.28,45106.28,12:27:46,12:31:46,240
사당,사당,departure,fato,fato-1,FPL0809002,UAM0013,procedure,engine start,44891.28,45131.28,12:28:11,12:32:11,240
잠실,잠실,arrival,fato,fato-1,FPL1502002,UAM0049,fatoLock,fato lock,44918.76,44978.76,12:28:38,12:29:38,60
성수,성수,departure,fato,fato-1,FPL0911002,UAM0020,procedure,engine start,44964.28,45204.28,12:29:24,12:33:24,240
잠실,잠실,arrival,fato,fato-1,FPL1502002,UAM0049,procedure,engine stop,44978.76,45158.76,12:29:38,12:32:38,180
잠실,잠실,arrival,gate,gate-7,FPL0602001,UAM0048,handling,turnaround,44981,45581,12:29:40,12:39:40,600
강남,강남,departure,fato,fato-1,FPL1312005,UAM0001,procedure,engine start,44993.28,45233.28,12:29:53,12:33:53,240
수서,수서,arrival,gate,gate-3,FPL1517002,UAM0044,handling,turnaround,45001.17,45601.17,12:30:01,12:40:01,600
성수,성수,departure,fato,fato-2,FPL0913002,UAM0026,procedure,engine start,45013.28,45253.28,12:30:13,12:34:13,240
광화문,광화문,departure,fato,fato-1,FPL1211002,UAM0009,procedure,engine start,45041.28,45281.28,12:30:41,12:34:41,240
연신내,연신내,departure,fato,fato-1,FPL1009002,UAM0050,procedure,engine start,45163.28,45403.28,12:32:43,12:36:43,240
여의도,여의도,departure,fato,fato-1,FPL0111001,UAM0011,procedure,engine start,45183.28,45423.28,12:33:03,12:37:03,240
잠실,잠실,departure,fato,fato-2,FPL0205004,UAM0022,procedure,engine start,45194.86,45434.86,12:33:14,12:37:14,240
연신내,연신내,arrival,fato,fato-2,FPL0110001,UAM0007,fatoLock,fato lock,45251.81,45311.81,12:34:11,12:35:11,60
천호,천호,departure,fato,fato-1,FPL1101002,UAM0041,procedure,engine start,45268.28,45508.28,12:34:28,12:38:28,240
잠실,잠실,arrival,gate,gate-1,FPL1502002,UAM0049,handling,turnaround,45277.04,45877.04,12:34:37,12:44:37,600
성수,성수,departure,fato,fato-1,FPL0915003,UAM0032,procedure,engine start,45293.28,45533.28,12:34:53,12:38:53,240
연신내,연신내,arrival,fato,fato-2,FPL0110001,UAM0007,procedure,engine stop,45311.81,45491.81,12:35:11,12:38:11,180
잠실,잠실,departure,fato,fato-1,FPL0208002,UAM0038,procedure,engine start,45325.33,45565.33,12:35:25,12:39:25,240
성수,성수,departure,fato,fato-2,FPL0901001,UAM0018,procedure,engine start,45341.86,45581.86,12:35:41,12:39:41,240
용산,용산,departure,fato,fato-1,FPL0412001,UAM0068,procedure,engine start,45349.28,45589.28,12:35:49,12:39:49,240
천호,천호,arrival,fato,fato-2,FPL0911002,UAM0020,fatoLock,fato lock,45425.28,45485.28,12:37:05,12:38:05,60
강남,강남,arrival,fato,fato-1,FPL0913002,UAM0026,fatoLock,fato lock,45452.35,45512.35,12:37:32,12:38:32,60
천호,천호,arrival,fato,fato-2,FPL0911002,UAM0020,procedure,engine stop,45485.28,45665.28,12:38:05,12:41:05,180
강남,강남,arrival,fato,fato-1,FPL0913002,UAM0026,procedure,engine stop,45512.35,45692.35,12:38:32,12:41:32,180
연신내,연신내,arrival,gate,gate-1,FPL0110001,UAM0007,handling,turnaround,45610.09,46210.09,12:40:10,12:50:10,600
성수,성수,arrival,fato,fato-1,FPL0809002,UAM0013,fatoLock,fato lock,45610.43,45670.43,12:40:10,12:41:10,60
성수,성수,arrival,fato,fato-1,FPL0809002,UAM0013,procedure,engine stop,45670.43,45850.43,12:41:10,12:44:10,180
광화문,광화문,arrival,fato,fato-1,FPL1312005,UAM0001,fatoLock,fato lock,45681.24,45741.24,12:41:21,12:42:21,60
천호,천호,arrival,fato,fato-1,FPL1211002,UAM0009,fatoLock,fato lock,45692.36,45752.36,12:41:32,12:42:32,60
잠실,잠실,departure,fato,fato-1,FPL0201001,UAM0048,procedure,engine start,45729.28,45969.28,12:42:09,12:46:09,240
광화문,광화문,arrival,fato,fato-1,FPL1312005,UAM0001,procedure,engine stop,45741.24,45921.24,12:42:21,12:45:21,180
천호,천호,arrival,fato,fato-1,FPL1211002,UAM0009,procedure,engine stop,45752.36,45932.36,12:42:32,12:45:32,180
천호,천호,arrival,gate,gate-1,FPL0911002,UAM0020,handling,turnaround,45783.57,46383.57,12:43:03,12:53:03,600
마곡,마곡,arrival,fato,fato-1,FPL0215002,UAM0037,fatoLock,fato lock,45809.62,45869.62,12:43:29,12:44:29,60
강남,강남,arrival,gate,gate-1,FPL0913002,UAM0026,handling,turnaround,45810.63,46410.63,12:43:30,12:53:30,600
사당,사당,arrival,fato,fato-1,FPL0208002,UAM0038,fatoLock,fato lock,45846.65,45906.65,12:44:06,12:45:06,60
마곡,마곡,arrival,fato,fato-1,FPL0215002,UAM0037,procedure,engine stop,45869.62,46049.62,12:44:29,12:47:29,180
천호,천호,arrival,fato,fato-2,FPL0111001,UAM0011,fatoLock,fato lock,45904.84,45964.84,12:45:04,12:46:04,60
사당,사당,arrival,fato,fato-1,FPL0208002,UAM0038,procedure,engine stop,45906.65,46086.65,12:45:06,12:48:06,180
여의도,여의도,arrival,fato,fato-1,FPL0901001,UAM0018,fatoLock,fato lock,45908.22,45968.22,12:45:08,12:46:08,60
광화문,광화문,arrival,fato,fato-2,FPL0412001,UAM0068,fatoLock,fato lock,45934.62,45994.62,12:45:34,12:46:34,60
천호,천호,arrival,fato,fato-2,FPL0111001,UAM0011,procedure,engine stop,45964.84,46144.84,12:46:04,12:49:04,180
여의도,여의도,arrival,fato,fato-1,FPL0901001,UAM0018,procedure,engine stop,45968.22,46148.22,12:46:08,12:49:08,180
성수,성수,arrival,gate,gate-1,FPL0809002,UAM0013,handling,turnaround,45968.71,46568.71,12:46:08,12:56:08,600
성수,성수,arrival,fato,fato-1,FPL1009002,UAM0050,fatoLock,fato lock,45968.94,46028.94,12:46:08,12:47:08,60
여의도,여의도,arrival,fato,fato-2,FPL1101002,UAM0041,fatoLock,fato lock,45989.84,46049.84,12:46:29,12:47:29,60
광화문,광화문,arrival,fato,fato-2,FPL0412001,UAM0068,procedure,engine stop,45994.62,46174.62,12:46:34,12:49:34,180
잠실,잠실,departure,fato,fato-2,FPL0211001,UAM0049,procedure,engine start,45996.28,46236.28,12:46:36,12:50:36,240
성수,성수,arrival,fato,fato-1,FPL1009002,UAM0050,procedure,engine stop,46028.94,46208.94,12:47:08,12:50:08,180
광화문,광화문,arrival,gate,gate-1,FPL1312005,UAM0001,handling,turnaround,46039.53,46639.53,12:47:19,12:57:19,600
여의도,여의도,arrival,fato,fato-2,FPL1101002,UAM0041,procedure,engine stop,46049.84,46229.84,12:47:29,12:50:29,180
천호,천호,arrival,gate,gate-8,FPL1211002,UAM0009,handling,turnaround,46050.65,46650.65,12:47:30,12:57:30,600
마곡,마곡,arrival,fato,fato-1,FPL0915003,UAM0032,fatoLock,fato lock,46126.06,46186.06,12:48:46,12:49:46,60
마곡,마곡,arrival,fato,fato-1,FPL0915003,UAM0032,procedure,engine stop,46186.06,46366.06,12:49:46,12:52:46,180
사당,사당,arrival,gate,gate-1,FPL0208002,UAM0038,handling,turnaround,46204.93,46804.93,12:50:04,13:00:04,600
마곡,마곡,arrival,gate,gate-3,FPL0215002,UAM0037,handling,turnaround,46227.9,46827.9,12:50:27,13:00:27,600
여의도,여의도,arrival,gate,gate-1,FPL0901001,UAM0018,handling,turnaround,46266.5,46866.5,12:51:06,13:01:06,600
천호,천호,arrival,gate,gate-2,FPL0111001,UAM0011,handling,turnaround,46293.12,46893.12,12:51:33,13:01:33,600
광화문,광화문,arrival,gate,gate-2,FPL0412001,UAM0068,handling,turnaround,46322.9,46922.9,12:52:02,13:02:02,600
성수,성수,arrival,gate,gate-8,FPL1009002,UAM0050,handling,turnaround,46327.23,46927.23,12:52:07,13:02:07,600
여의도,여의도,arrival,gate,gate-8,FPL1101002,UAM0041,handling,turnaround,46348.12,46948.12,12:52:28,13:02:28,600
천호,천호,arrival,fato,fato-2,FPL0211001,UAM0049,fatoLock,fato lock,46392.99,46452.99,12:53:12,12:54:12,60
여의도,여의도,arrival,fato,fato-1,FPL0201001,UAM0048,fatoLock,fato lock,46423.76,46483.76,12:53:43,12:54:43,60
천호,천호,arrival,fato,fato-2,FPL0211001,UAM0049,procedure,engine stop,46452.99,46632.99,12:54:12,12:57:12,180
여의도,여의도,arrival,fato,fato-1,FPL0201001,UAM0048,procedure,engine stop,46483.76,46663.76,12:54:43,12:57:43,180
천호,천호,departure,fato,fato-1,FPL1105002,UAM0020,procedure,engine start,46502.28,46742.28,12:55:02,12:59:02,240
강남,강남,departure,fato,fato-1,FPL1305003,UAM0026,procedure,engine start,46529.28,46769.28,12:55:29,12:59:29,240
마곡,마곡,arrival,gate,gate-4,FPL0915003,UAM0032,handling,turnaround,46574.34,47174.34,12:56:14,13:06:14,600
천호,천호,arrival,gate,gate-1,FPL0211001,UAM0049,handling,turnaround,46751.27,47351.27,12:59:11,13:09:11,600
천호,천호,departure,fato,fato-2,FPL1107002,UAM0009,procedure,engine start,46799.56,47039.56,12:59:59,13:03:59,240
목동,목동,departure,gate,gate-2,FPL0513002,UAM0010,waiting,gate hold,46800,46830,13:00:00,13:00:30,30
목동,목동,departure,gate,gate-7,FPL0509003,UAM0015,waiting,gate hold,46800,46830,13:00:00,13:00:30,30
여의도,여의도,arrival,gate,gate-7,FPL0201001,UAM0048,handling,turnaround,46812.05,47412.05,13:00:12,13:10:12,600
상암,상암,arrival,fato,fato-2,FPL1503001,UAM0040,fatoLock,fato lock,46813.57,46873.57,13:00:13,13:01:13,60
상암,상암,arrival,fato,fato-2,FPL1503001,UAM0040,procedure,engine stop,46873.57,47053.57,13:01:13,13:04:13,180
광화문,광화문,departure,fato,fato-1,FPL1205004,UAM0001,procedure,engine start,46918.28,47158.28,13:01:58,13:05:58,240
가산,가산,departure,fato,fato-1,FPL1413003,UAM0005,procedure,engine start,46918.28,47158.28,13:01:58,13:05:58,240
연신내,연신내,departure,fato,fato-1,FPL1014001,UAM0007,procedure,engine start,46918.28,47158.28,13:01:58,13:05:58,240
마곡,마곡,departure,fato,fato-1,FPL1514001,UAM0008,procedure,engine start,46918.28,47158.28,13:01:58,13:05:58,240
망우,망우,departure,fato,fato-1,FPL1604001,UAM0012,procedure,engine start,46918.28,47158.28,13:01:58,13:05:58,240
성수,성수,departure,fato,fato-1,FPL0905004,UAM0013,procedure,engine start,46918.28,47158.28,13:01:58,13:05:58,240
봉천,봉천,departure,fato,fato-1,FPL0712002,UAM0016,procedure,engine start,46918.28,47158.28,13:01:58,13:05:58,240
수서,수서,departure,fato,fato-1,FPL1707001,UAM0025,procedure,engine start,46918.28,47158.28,13:01:58,13:05:58,240
여의도,여의도,departure,fato,fato-1,FPL0114003,UAM0029,procedure,engine start,46948.28,47188.28,13:02:28,13:06:28,240
광화문,광화문,departure,fato,fato-2,FPL1214001,UAM0006,procedure,engine start,46958.28,47198.28,13:02:38,13:06:38,240
가산,가산,departure,fato,fato-2,FPL1416002,UAM0014,procedure,engine start,46958.28,47198.28,13:02:38,13:06:38,240
마곡,마곡,departure,fato,fato-2,FPL1511003,UAM0021,procedure,engine start,46958.28,47198.28,13:02:38,13:06:38,240
연신내,연신내,departure,fato,fato-2,FPL1015002,UAM0023,procedure,engine start,46958.28,47198.28,13:02:38,13:06:38,240
봉천,봉천,departure,fato,fato-2,FPL0703001,UAM0027,procedure,engine start,46958.28,47198.28,13:02:38,13:06:38,240
목동,목동,departure,fato,fato-1,FPL0517002,UAM0004,procedure,engine start,46978.28,47218.28,13:02:58,13:06:58,240
상암,상암,departure,fato,fato-1,FPL0315001,UAM0024,procedure,engine start,46978.28,47218.28,13:02:58,13:06:58,240
성수,성수,departure,fato,fato-2,FPL0917001,UAM0031,procedure,engine start,46978.28,47218.28,13:02:58,13:06:58,240
여의도,여의도,departure,fato,fato-2,FPL0112002,UAM0018,procedure,engine start,46988.28,47228.28,13:03:08,13:07:08,240
미아,미아,departure,fato,fato-1,FPL0604001,UAM0003,procedure,engine start,47008.28,47248.28,13:03:28,13:07:28,240
수서,수서,departure,fato,fato-2,FPL1709003,UAM0030,procedure,engine start,47008.28,47248.28,13:03:28,13:07:28,240
목동,목동,departure,fato,fato-2,FPL0513002,UAM0010,procedure,engine start,47018.28,47258.28,13:03:38,13:07:38,240
천호,천호,departure,fato,fato-1,FPL1103002,UAM0011,procedure,engine start,47042.28,47282.28,13:04:02,13:08:02,240
상암,상암,arrival,gate,gate-6,FPL1503001,UAM0040,handling,turnaround,47231.86,47831.86,13:07:11,13:17:11,600
가산,가산,departure,fato,fato-1,FPL1405003,UAM0017,procedure,engine start,47246.86,47486.86,13:07:26,13:11:26,240
연신내,연신내,departure,fato,fato-1,FPL1007001,UAM0046,procedure,engine start,47246.86,47486.86,13:07:26,13:11:26,240
광화문,광화문,departure,fato,fato-1,FPL1213004,UAM0068,procedure,engine start,47246.86,47486.86,13:07:26,13:11:26,240
성수,성수,departure,fato,fato-1,FPL0911003,UAM0050,procedure,engine start,47246.86,47486.86,13:07:26,13:11:26,240
여의도,여의도,departure,fato,fato-1,FPL0109002,UAM0041,procedure,engine start,47276.86,47516.86,13:07:56,13:11:56,240
목동,목동,departure,fato,fato-1,FPL0509003,UAM0015,procedure,engine start,47306.86,47546.86,13:08:26,13:12:26,240
가산,가산,arrival,fato,fato-2,FPL0114003,UAM0029,fatoLock,fato lock,47346.19,47406.19,13:09:06,13:10:06,60
목동,목동,departure,fato,fato-2,FPL0502003,UAM0019,procedure,engine start,47346.86,47586.86,13:09:06,13:13:06,240
가산,가산,arrival,fato,fato-2,FPL0114003,UAM0029,procedure,engine stop,47406.19,47586.19,13:10:06,13:13:06,180
마곡,마곡,arrival,fato,fato-1,FPL0315001,UAM0024,fatoLock,fato lock,47453.22,47513.22,13:10:53,13:11:53,60
수서,수서,arrival,fato,fato-1,FPL0917001,UAM0031,fatoLock,fato lock,47458.19,47518.19,13:10:58,13:11:58,60
천호,천호,departure,fato,fato-1,FPL1109001,UAM0049,procedure,engine start,47470.28,47710.28,13:11:10,13:15:10,240
성수,성수,arrival,fato,fato-2,FPL1709003,UAM0030,fatoLock,fato lock,47488.19,47548.19,13:11:28,13:12:28,60
강남,강남,arrival,fato,fato-1,FPL1413003,UAM0005,fatoLock,fato lock,47504.48,47564.48,13:11:44,13:12:44,60
봉천,봉천,arrival,fato,fato-1,FPL1707001,UAM0025,fatoLock,fato lock,47504.48,47564.48,13:11:44,13:12:44,60
마곡,마곡,arrival,fato,fato-1,FPL0315001,UAM0024,procedure,engine stop,47513.22,47693.22,13:11:53,13:14:53,180
수서,수서,arrival,fato,fato-1,FPL0917001,UAM0031,procedure,engine stop,47518.19,47698.19,13:11:58,13:14:58,180
광화문,광화문,arrival,fato,fato-2,FPL0112002,UAM0018,fatoLock,fato lock,47522.36,47582.36,13:12:02,13:13:02,60
마곡,마곡,arrival,fato,fato-2,FPL1015002,UAM0023,fatoLock,fato lock,47522.43,47582.43,13:12:02,13:13:02,60
봉천,봉천,arrival,fato,fato-2,FPL1107002,UAM0009,fatoLock,fato lock,47532.29,47592.29,13:12:12,13:13:12,60
성수,성수,arrival,fato,fato-2,FPL1709003,UAM0030,procedure,engine stop,47548.19,47728.19,13:12:28,13:15:28,180
여의도,여의도,departure,fato,fato-2,FPL0111002,UAM0048,procedure,engine start,47561.28,47801.28,13:12:41,13:16:41,240
가산,가산,arrival,fato,fato-1,FPL1514001,UAM0008,fatoLock,fato lock,47564,47624,13:12:43,13:13:43,60
광화문,광화문,arrival,fato,fato-1,FPL0712002,UAM0016,fatoLock,fato lock,47564,47624,13:12:43,13:13:43,60
강남,강남,arrival,fato,fato-1,FPL1413003,UAM0005,procedure,engine stop,47564.48,47744.48,13:12:44,13:15:44,180
봉천,봉천,arrival,fato,fato-1,FPL1707001,UAM0025,procedure,engine stop,47564.48,47744.48,13:12:44,13:15:44,180
광화문,광화문,arrival,fato,fato-2,FPL0112002,UAM0018,procedure,engine stop,47582.36,47762.36,13:13:02,13:16:02,180
마곡,마곡,arrival,fato,fato-2,FPL1015002,UAM0023,procedure,engine stop,47582.43,47762.43,13:13:02,13:16:02,180
봉천,봉천,arrival,fato,fato-2,FPL1107002,UAM0009,procedure,engine stop,47592.29,47772.29,13:13:12,13:16:12,180
가산,가산,arrival,fato,fato-2,FPL1014001,UAM0007,fatoLock,fato lock,47614.76,47674.76,13:13:34,13:14:34,60
가산,가산,arrival,fato,fato-1,FPL1514001,UAM0008,procedure,engine stop,47624,47804,13:13:43,13:16:43,180
광화문,광화문,arrival,fato,fato-1,FPL0712002,UAM0016,procedure,engine stop,47624,47804,13:13:43,13:16:43,180
강남,강남,arrival,fato,fato-2,FPL0513002,UAM0010,fatoLock,fato lock,47624.99,47684.99,13:13:44,13:14:44,60
용산,용산,arrival,fato,fato-1,FPL1604001,UAM0012,fatoLock,fato lock,47627.87,47687.87,13:13:47,13:14:47,60
목동,목동,departure,fato,fato-1,FPL0511003,UAM0028,procedure,engine start,47635.43,47875.43,13:13:55,13:17:55,240
목동,목동,arrival,fato,fato-2,FPL0205004,UAM0022,fatoLock,fato lock,47664,47724,13:14:23,13:15:23,60
가산,가산,arrival,fato,fato-2,FPL1014001,UAM0007,procedure,engine stop,47674.76,47854.76,13:14:34,13:17:34,180
강남,강남,arrival,fato,fato-2,FPL0513002,UAM0010,procedure,engine stop,47684.99,47864.99,13:14:44,13:17:44,180
용산,용산,arrival,fato,fato-1,FPL1604001,UAM0012,procedure,engine stop,47687.87,47867.87,13:14:47,13:17:47,180
가산,가산,arrival,gate,gate-1,FPL0114003,UAM0029,handling,turnaround,47704.47,48304.47,13:15:04,13:25:04,600
천호,천호,arrival,fato,fato-2,FPL0911003,UAM0050,fatoLock,fato lock,47707.85,47767.85,13:15:07,13:16:07,60
수서,수서,arrival,fato,fato-2,FPL0517002,UAM0004,fatoLock,fato lock,47710.44,47770.44,13:15:10,13:16:10,60
목동,목동,arrival,fato,fato-2,FPL0205004,UAM0022,procedure,engine stop,47724,47904,13:15:23,13:18:23,180
천호,천호,arrival,fato,fato-2,FPL0911003,UAM0050,procedure,engine stop,47767.85,47947.85,13:16:07,13:19:07,180
수서,수서,arrival,fato,fato-2,FPL0517002,UAM0004,procedure,engine stop,47770.44,47950.44,13:16:10,13:19:10,180
용산,용산,arrival,fato,fato-2,FPL0604001,UAM0003,fatoLock,fato lock,47811.48,47871.48,13:16:51,13:17:51,60
마곡,마곡,arrival,gate,gate-8,FPL0315001,UAM0024,handling,turnaround,47811.51,48411.51,13:16:51,13:26:51,600
수서,수서,arrival,gate,gate-8,FPL0917001,UAM0031,handling,turnaround,47816.48,48416.48,13:16:56,13:26:56,600
가산,가산,arrival,fato,fato-1,FPL1214001,UAM0006,fatoLock,fato lock,47832.57,47892.57,13:17:12,13:18:12,60
성수,성수,arrival,fato,fato-1,FPL0109002,UAM0041,fatoLock,fato lock,47843.22,47903.22,13:17:23,13:18:23,60
성수,성수,arrival,gate,gate-1,FPL1709003,UAM0030,handling,turnaround,47846.48,48446.48,13:17:26,13:27:26,600
망우,망우,arrival,fato,fato-1,FPL1416002,UAM0014,fatoLock,fato lock,47852.19,47912.19,13:17:32,13:18:32,60
강남,강남,arrival,gate,gate-1,FPL1413003,UAM0005,handling,turnaround,47862.77,48462.77,13:17:42,13:27:42,600
봉천,봉천,arrival,gate,gate-1,FPL1707001,UAM0025,handling,turnaround,47862.77,48462.77,13:17:42,13:27:42,600
용산,용산,arrival,fato,fato-2,FPL0604001,UAM0003,procedure,engine stop,47871.48,48051.48,13:17:51,13:20:51,180
광화문,광화문,arrival,gate,gate-1,FPL0112002,UAM0018,handling,turnaround,47880.64,48480.64,13:18:00,13:28:00,600
봉천,봉천,arrival,fato,fato-1,FPL1007001,UAM0046,fatoLock,fato lock,47888.28,47948.28,13:18:08,13:19:08,60
가산,가산,arrival,fato,fato-1,FPL1214001,UAM0006,procedure,engine stop,47892.57,48072.57,13:18:12,13:21:12,180
성수,성수,arrival,fato,fato-1,FPL0109002,UAM0041,procedure,engine stop,47903.22,48083.22,13:18:23,13:21:23,180
마곡,마곡,arrival,gate,gate-7,FPL1015002,UAM0023,handling,turnaround,47910.72,48510.72,13:18:30,13:28:30,600
봉천,봉천,arrival,gate,gate-8,FPL1107002,UAM0009,handling,turnaround,47911.05,48511.05,13:18:31,13:28:31,600
망우,망우,arrival,fato,fato-1,FPL1416002,UAM0014,procedure,engine stop,47912.19,48092.19,13:18:32,13:21:32,180
가산,가산,arrival,gate,gate-8,FPL1514001,UAM0008,handling,turnaround,47922.28,48522.28,13:18:42,13:28:42,600
광화문,광화문,arrival,gate,gate-8,FPL0712002,UAM0016,handling,turnaround,47928.93,48528.93,13:18:48,13:28:48,600
성수,성수,arrival,fato,fato-2,FPL1109001,UAM0049,fatoLock,fato lock,47931.28,47991.28,13:18:51,13:19:51,60
목동,목동,arrival,fato,fato-2,FPL1305002,UAM0059,fatoLock,fato lock,47932.57,47992.57,13:18:52,13:19:52,60
강남,강남,arrival,fato,fato-1,FPL1213004,UAM0068,fatoLock,fato lock,47934.81,47994.81,13:18:54,13:19:54,60
천호,천호,arrival,fato,fato-1,FPL1511003,UAM0021,fatoLock,fato lock,47946.25,48006.25,13:19:06,13:20:06,60
봉천,봉천,arrival,fato,fato-1,FPL1007001,UAM0046,procedure,engine stop,47948.28,48128.28,13:19:08,13:22:08,180
목동,목동,arrival,fato,fato-1,FPL1305003,UAM0026,fatoLock,fato lock,47952.57,48012.57,13:19:12,13:20:12,60
강남,강남,arrival,gate,gate-8,FPL0513002,UAM0010,handling,turnaround,47983.27,48583.27,13:19:43,13:29:43,600
용산,용산,arrival,gate,gate-1,FPL1604001,UAM0012,handling,turnaround,47986.16,48586.16,13:19:46,13:29:46,600
성수,성수,arrival,fato,fato-2,FPL1109001,UAM0049,procedure,engine stop,47991.28,48171.28,13:19:51,13:22:51,180
목동,목동,arrival,fato,fato-2,FPL1305002,UAM0059,procedure,engine stop,47992.57,48172.57,13:19:52,13:22:52,180
강남,강남,arrival,fato,fato-1,FPL1213004,UAM0068,procedure,engine stop,47994.81,48174.81,13:19:54,13:22:54,180
가산,가산,arrival,gate,gate-2,FPL1014001,UAM0007,handling,turnaround,48003.04,48603.04,13:20:03,13:30:03,600
천호,천호,arrival,fato,fato-1,FPL1511003,UAM0021,procedure,engine stop,48006.25,48186.25,13:20:06,13:23:06,180
목동,목동,arrival,fato,fato-1,FPL1305003,UAM0026,procedure,engine stop,48012.57,48192.57,13:20:12,13:23:12,180
목동,목동,arrival,gate,gate-2,FPL0205004,UAM0022,handling,turnaround,48052.28,48652.28,13:20:52,13:30:52,600
천호,천호,arrival,gate,gate-1,FPL0911003,UAM0050,handling,turnaround,48066.14,48666.14,13:21:06,13:31:06,600
잠실,잠실,arrival,fato,fato-1,FPL0502003,UAM0019,fatoLock,fato lock,48086.31,48146.31,13:21:26,13:22:26,60
성수,성수,arrival,fato,fato-1,FPL0509003,UAM0015,fatoLock,fato lock,48111.79,48171.79,13:21:51,13:22:51,60
수서,수서,arrival,gate,gate-6,FPL0517002,UAM0004,handling,turnaround,48128.72,48728.72,13:22:08,13:32:08,600
잠실,잠실,arrival,fato,fato-1,FPL0502003,UAM0019,procedure,engine stop,48146.31,48326.31,13:22:26,13:25:26,180
용산,용산,arrival,gate,gate-8,FPL0604001,UAM0003,handling,turnaround,48169.77,48769.77,13:22:49,13:32:49,600
성수,성수,arrival,fato,fato-1,FPL0509003,UAM0015,procedure,engine stop,48171.79,48351.79,13:22:51,13:25:51,180
목동,목동,arrival,fato,fato-2,FPL1105002,UAM0020,fatoLock,fato lock,48201.14,48261.14,13:23:21,13:24:21,60
성수,성수,arrival,gate,gate-8,FPL0109002,UAM0041,handling,turnaround,48201.5,48801.5,13:23:21,13:33:21,600
망우,망우,arrival,gate,gate-1,FPL1416002,UAM0014,handling,turnaround,48210.47,48810.47,13:23:30,13:33:30,600
가산,가산,arrival,gate,gate-7,FPL1214001,UAM0006,handling,turnaround,48220.85,48820.85,13:23:40,13:33:40,600
목동,목동,arrival,fato,fato-1,FPL1205004,UAM0001,fatoLock,fato lock,48221.14,48281.14,13:23:41,13:24:41,60
목동,목동,arrival,fato,fato-2,FPL1105002,UAM0020,procedure,engine stop,48261.14,48441.14,13:24:21,13:27:21,180
봉천,봉천,arrival,gate,gate-2,FPL1007001,UAM0046,handling,turnaround,48276.56,48876.56,13:24:36,13:34:36,600
목동,목동,arrival,fato,fato-1,FPL1205004,UAM0001,procedure,engine stop,48281.14,48461.14,13:24:41,13:27:41,180
천호,천호,arrival,fato,fato-1,FPL0111002,UAM0048,fatoLock,fato lock,48282.84,48342.84,13:24:42,13:25:42,60
천호,천호,arrival,gate,gate-8,FPL1511003,UAM0021,handling,turnaround,48304.53,48904.53,13:25:04,13:35:04,600
성수,성수,arrival,gate,gate-2,FPL1109001,UAM0049,handling,turnaround,48319.57,48919.57,13:25:19,13:35:19,600
목동,목동,arrival,gate,gate-7,FPL1305002,UAM0059,handling,turnaround,48320.85,48920.85,13:25:20,13:35:20,600
강남,강남,arrival,gate,gate-2,FPL1213004,UAM0068,handling,turnaround,48323.1,48923.1,13:25:23,13:35:23,600
천호,천호,arrival,fato,fato-1,FPL0111002,UAM0048,procedure,engine stop,48342.84,48522.84,13:25:42,13:28:42,180
목동,목동,arrival,gate,gate-3,FPL1305003,UAM0026,handling,turnaround,48399.14,48999.14,13:26:39,13:36:39,600
가산,가산,departure,fato,fato-1,FPL1409001,UAM0029,procedure,engine start,48423.28,48663.28,13:27:03,13:31:03,240
잠실,잠실,arrival,gate,gate-1,FPL0502003,UAM0019,handling,turnaround,48444.6,49044.6,13:27:24,13:37:24,600
천호,천호,arrival,fato,fato-2,FPL0511003,UAM0028,fatoLock,fato lock,48467.75,48527.75,13:27:47,13:28:47,60
성수,성수,arrival,gate,gate-7,FPL0509003,UAM0015,handling,turnaround,48500.07,49100.07,13:28:20,13:38:20,600
천호,천호,arrival,fato,fato-2,FPL0511003,UAM0028,procedure,engine stop,48527.75,48707.75,13:28:47,13:31:47,180
강남,강남,departure,fato,fato-1,FPL1306003,UAM0005,procedure,engine start,48581.28,48821.28,13:29:41,13:33:41,240
봉천,봉천,departure,fato,fato-1,FPL0711003,UAM0025,procedure,engine start,48581.28,48821.28,13:29:41,13:33:41,240
광화문,광화문,departure,fato,fato-1,FPL1215002,UAM0018,procedure,engine start,48599.28,48839.28,13:29:59,13:33:59,240
광화문,광화문,departure,fato,fato-2,FPL1210002,UAM0016,procedure,engine start,48647.28,48887.28,13:30:47,13:34:47,240
목동,목동,arrival,gate,gate-4,FPL1105002,UAM0020,handling,turnaround,48649.43,49249.43,13:30:49,13:40:49,600
천호,천호,arrival,gate,gate-2,FPL0111002,UAM0048,handling,turnaround,48671.12,49271.12,13:31:11,13:41:11,600
목동,목동,arrival,gate,gate-5,FPL1205004,UAM0001,handling,turnaround,48697.71,49297.71,13:31:37,13:41:37,600
강남,강남,departure,fato,fato-2,FPL1309002,UAM0010,procedure,engine start,48702.28,48942.28,13:31:42,13:35:42,240
용산,용산,departure,fato,fato-1,FPL0415001,UAM0012,procedure,engine start,48705.28,48945.28,13:31:45,13:35:45,240
천호,천호,departure,fato,fato-1,FPL1117002,UAM0050,procedure,engine start,48785.28,49025.28,13:33:05,13:37:05,240
천호,천호,arrival,gate,gate-7,FPL0511003,UAM0028,handling,turnaround,48856.03,49456.03,13:34:16,13:44:16,600
용산,용산,departure,fato,fato-2,FPL0407001,UAM0003,procedure,engine start,48888.28,49128.28,13:34:48,13:38:48,240
천호,천호,departure,fato,fato-2,FPL1102001,UAM0021,procedure,engine start,49023.28,49263.28,13:37:03,13:41:03,240
강남,강남,departure,fato,fato-1,FPL1301004,UAM0068,procedure,engine start,49072.28,49312.28,13:37:52,13:41:52,240
연신내,연신내,arrival,fato,fato-1,FPL1210002,UAM0016,fatoLock,fato lock,49086.75,49146.75,13:38:06,13:39:06,60
성수,성수,arrival,fato,fato-1,FPL1309002,UAM0010,fatoLock,fato lock,49141.35,49201.35,13:39:01,13:40:01,60
연신내,연신내,arrival,fato,fato-1,FPL1210002,UAM0016,procedure,engine stop,49146.75,49326.75,13:39:06,13:42:06,180
잠실,잠실,departure,fato,fato-1,FPL0214002,UAM0019,procedure,engine start,49163.28,49403.28,13:39:23,13:43:23,240
성수,성수,arrival,fato,fato-2,FPL1409001,UAM0029,fatoLock,fato lock,49177.92,49237.92,13:39:37,13:40:37,60
성수,성수,arrival,fato,fato-1,FPL1309002,UAM0010,procedure,engine stop,49201.35,49381.35,13:40:01,13:43:01,180
수서,수서,arrival,fato,fato-1,FPL1117002,UAM0050,fatoLock,fato lock,49229.48,49289.48,13:40:29,13:41:29,60
성수,성수,arrival,fato,fato-2,FPL1409001,UAM0029,procedure,engine stop,49237.92,49417.92,13:40:37,13:43:37,180
미아,미아,arrival,fato,fato-1,FPL1306003,UAM0005,fatoLock,fato lock,49271.2,49331.2,13:41:11,13:42:11,60
수서,수서,arrival,fato,fato-1,FPL1117002,UAM0050,procedure,engine stop,49289.48,49469.48,13:41:29,13:44:29,180
천호,천호,arrival,fato,fato-1,FPL0711003,UAM0025,fatoLock,fato lock,49314.02,49374.02,13:41:54,13:42:54,60
미아,미아,arrival,fato,fato-1,FPL1306003,UAM0005,procedure,engine stop,49331.2,49511.2,13:42:11,13:45:11,180
천호,천호,arrival,fato,fato-1,FPL0711003,UAM0025,procedure,engine stop,49374.02,49554.02,13:42:54,13:45:54,180
잠실,잠실,arrival,fato,fato-2,FPL1102001,UAM0021,fatoLock,fato lock,49419.99,49479.99,13:43:39,13:44:39,60
봉천,봉천,arrival,fato,fato-1,FPL0407001,UAM0003,fatoLock,fato lock,49444.54,49504.54,13:44:04,13:45:04,60
연신내,연신내,arrival,gate,gate-1,FPL1210002,UAM0016,handling,turnaround,49445.04,50045.04,13:44:05,13:54:05,600
잠실,잠실,arrival,fato,fato-2,FPL1102001,UAM0021,procedure,engine stop,49479.99,49659.99,13:44:39,13:47:39,180
봉천,봉천,arrival,fato,fato-1,FPL0407001,UAM0003,procedure,engine stop,49504.54,49684.54,13:45:04,13:48:04,180
성수,성수,arrival,gate,gate-3,FPL1309002,UAM0010,handling,turnaround,49559.63,50159.63,13:45:59,13:55:59,600
여의도,여의도,arrival,fato,fato-1,FPL1301004,UAM0068,fatoLock,fato lock,49568.22,49628.22,13:46:08,13:47:08,60
성수,성수,arrival,gate,gate-6,FPL1409001,UAM0029,handling,turnaround,49607.92,50207.92,13:46:47,13:56:47,600
여의도,여의도,arrival,fato,fato-1,FPL1301004,UAM0068,procedure,engine stop,49628.22,49808.22,13:47:08,13:50:08,180
미아,미아,arrival,gate,gate-1,FPL1306003,UAM0005,handling,turnaround,49629.48,50229.48,13:47:09,13:57:09,600
천호,천호,arrival,gate,gate-1,FPL0711003,UAM0025,handling,turnaround,49672.31,50272.31,13:47:52,13:57:52,600
수서,수서,arrival,gate,gate-4,FPL1117002,UAM0050,handling,turnaround,49677.77,50277.77,13:47:57,13:57:57,600
잠실,잠실,arrival,gate,gate-1,FPL1102001,UAM0021,handling,turnaround,49778.27,50378.27,13:49:38,13:59:38,600
봉천,봉천,arrival,gate,gate-1,FPL0407001,UAM0003,handling,turnaround,49802.82,50402.82,13:50:02,14:00:02,600
가산,가산,arrival,fato,fato-1,FPL0214002,UAM0019,fatoLock,fato lock,49874.71,49934.71,13:51:14,13:52:14,60
여의도,여의도,arrival,gate,gate-1,FPL1301004,UAM0068,handling,turnaround,49926.5,50526.5,13:52:06,14:02:06,600
가산,가산,arrival,fato,fato-1,FPL0214002,UAM0019,procedure,engine stop,49934.71,50114.71,13:52:14,13:55:14,180
연신내,연신내,departure,fato,fato-1,FPL1004001,UAM0016,procedure,engine start,50164.28,50404.28,13:56:04,14:00:04,240
가산,가산,arrival,gate,gate-1,FPL0214002,UAM0019,handling,turnaround,50233,50833,13:57:12,14:07:12,600
가산,가산,departure,gate,gate-8,FPL1417002,UAM0008,waiting,gate hold,50400,50430,14:00:00,14:00:30,30
성수,성수,departure,gate,gate-7,FPL0908003,UAM0015,waiting,gate hold,50400,50430,14:00:00,14:00:30,30
목동,목동,departure,gate,gate-2,FPL0514003,UAM0022,waiting,gate hold,50400,50460,14:00:00,14:01:00,60
마곡,마곡,departure,gate,gate-8,FPL1508002,UAM0024,waiting,gate hold,50400,50430,14:00:00,14:00:30,30
수서,수서,departure,gate,gate-2,FPL1702001,UAM0042,waiting,gate hold,50400,50430,14:00:00,14:00:30,30
잠실,잠실,departure,fato,fato-1,FPL0212002,UAM0021,procedure,engine start,50497.28,50737.28,14:01:37,14:05:37,240
사당,사당,departure,fato,fato-1,FPL0803001,UAM0002,procedure,engine start,50518.28,50758.28,14:01:58,14:05:58,240
미아,미아,departure,fato,fato-1,FPL0607001,UAM0005,procedure,engine start,50518.28,50758.28,14:01:58,14:05:58,240
봉천,봉천,departure,fato,fato-1,FPL0713002,UAM0009,procedure,engine start,50518.28,50758.28,14:01:58,14:05:58,240
망우,망우,departure,fato,fato-1,FPL1607002,UAM0014,procedure,engine start,50518.28,50758.28,14:01:58,14:05:58,240
천호,천호,departure,fato,fato-1,FPL1116002,UAM0025,procedure,engine start,50518.28,50758.28,14:01:58,14:05:58,240
수서,수서,departure,fato,fato-2,FPL1709004,UAM0031,procedure,engine start,50518.28,50758.28,14:01:58,14:05:58,240
가산,가산,departure,fato,fato-1,FPL1405004,UAM0006,procedure,engine start,50548.28,50788.28,14:02:28,14:06:28,240
마곡,마곡,departure,fato,fato-1,FPL1506002,UAM0023,procedure,engine start,50548.28,50788.28,14:02:28,14:06:28,240
상암,상암,departure,fato,fato-1,FPL0314002,UAM0033,procedure,engine start,50548.28,50788.28,14:02:28,14:06:28,240
천호,천호,departure,fato,fato-2,FPL1109002,UAM0028,procedure,engine start,50558.28,50798.28,14:02:38,14:06:38,240
봉천,봉천,departure,fato,fato-2,FPL0717001,UAM0046,procedure,engine start,50558.28,50798.28,14:02:38,14:06:38,240
망우,망우,departure,fato,fato-2,FPL1611001,UAM0056,procedure,engine start,50558.28,50798.28,14:02:38,14:06:38,240
수서,수서,departure,fato,fato-1,FPL1706001,UAM0004,procedure,engine start,50578.28,50818.28,14:02:58,14:06:58,240
성수,성수,departure,fato,fato-1,FPL0913003,UAM0010,procedure,engine start,50578.28,50818.28,14:02:58,14:06:58,240
미아,미아,departure,fato,fato-2,FPL0611002,UAM0052,procedure,engine start,50578.28,50818.28,14:02:58,14:06:58,240
가산,가산,departure,fato,fato-2,FPL1409002,UAM0007,procedure,engine start,50588.28,50828.28,14:03:08,14:07:08,240
마곡,마곡,departure,fato,fato-2,FPL1508002,UAM0024,procedure,engine start,50588.28,50828.28,14:03:08,14:07:08,240
상암,상암,departure,fato,fato-2,FPL0307001,UAM0034,procedure,engine start,50588.28,50828.28,14:03:08,14:07:08,240
목동,목동,departure,fato,fato-1,FPL0513003,UAM0001,procedure,engine start,50608.28,50848.28,14:03:28,14:07:28,240
성수,성수,departure,fato,fato-2,FPL0908003,UAM0015,procedure,engine start,50618.28,50858.28,14:03:38,14:07:38,240
여의도,여의도,departure,fato,fato-1,FPL0115001,UAM0068,procedure,engine start,50645.28,50885.28,14:04:05,14:08:05,240
목동,목동,departure,fato,fato-2,FPL0506001,UAM0020,procedure,engine start,50648.28,50888.28,14:04:08,14:08:08,240
용산,용산,arrival,fato,fato-1,FPL1004001,UAM0016,fatoLock,fato lock,50755.07,50815.07,14:05:55,14:06:55,60
용산,용산,arrival,fato,fato-1,FPL1004001,UAM0016,procedure,engine stop,50815.07,50995.07,14:06:55,14:09:55,180
수서,수서,departure,fato,fato-2,FPL1702001,UAM0042,procedure,engine start,50846.86,51086.86,14:07:26,14:11:26,240
천호,천호,departure,fato,fato-1,FPL1110002,UAM0048,procedure,engine start,50846.86,51086.86,14:07:26,14:11:26,240
봉천,봉천,departure,fato,fato-1,FPL0710002,UAM0003,procedure,engine start,50846.86,51086.86,14:07:26,14:11:26,240
상암,상암,arrival,fato,fato-1,FPL1103002,UAM0011,fatoLock,fato lock,50865.43,50925.43,14:07:45,14:08:45,60
마곡,마곡,arrival,fato,fato-1,FPL0415001,UAM0012,fatoLock,fato lock,50865.43,50925.43,14:07:45,14:08:45,60
가산,가산,departure,fato,fato-1,FPL1417002,UAM0008,procedure,engine start,50876.86,51116.86,14:07:56,14:11:56,240
상암,상암,arrival,fato,fato-2,FPL0703001,UAM0027,fatoLock,fato lock,50905.43,50965.43,14:08:25,14:09:25,60
마곡,마곡,arrival,fato,fato-2,FPL1215002,UAM0018,fatoLock,fato lock,50905.43,50965.43,14:08:25,14:09:25,60
성수,성수,departure,fato,fato-1,FPL0901002,UAM0029,procedure,engine start,50906.86,51146.86,14:08:26,14:12:26,240
상암,상암,arrival,fato,fato-1,FPL1103002,UAM0011,procedure,engine stop,50925.43,51105.43,14:08:45,14:11:45,180
마곡,마곡,arrival,fato,fato-1,FPL0415001,UAM0012,procedure,engine stop,50925.43,51105.43,14:08:45,14:11:45,180
목동,목동,departure,fato,fato-1,FPL0514003,UAM0022,procedure,engine start,50936.86,51176.86,14:08:56,14:12:56,240
가산,가산,departure,fato,fato-2,FPL1401002,UAM0019,procedure,engine start,50951.28,51191.28,14:09:11,14:13:11,240
망우,망우,arrival,fato,fato-1,FPL1116002,UAM0025,fatoLock,fato lock,50961.66,51021.66,14:09:21,14:10:21,60
목동,목동,arrival,fato,fato-2,FPL0905004,UAM0013,fatoLock,fato lock,50965.43,51025.43,14:09:25,14:10:25,60
상암,상암,arrival,fato,fato-2,FPL0703001,UAM0027,procedure,engine stop,50965.43,51145.43,14:09:25,14:12:25,180
마곡,마곡,arrival,fato,fato-2,FPL1215002,UAM0018,procedure,engine stop,50965.43,51145.43,14:09:25,14:12:25,180
강남,강남,arrival,fato,fato-1,FPL0713002,UAM0009,fatoLock,fato lock,50981.96,51041.96,14:09:41,14:10:41,60
성수,성수,arrival,fato,fato-2,FPL1709004,UAM0031,fatoLock,fato lock,50998.19,51058.19,14:09:58,14:10:58,60
천호,천호,arrival,fato,fato-2,FPL1611001,UAM0056,fatoLock,fato lock,51001.66,51061.66,14:10:01,14:11:01,60
강남,강남,arrival,fato,fato-2,FPL0913003,UAM0010,fatoLock,fato lock,51017.35,51077.35,14:10:17,14:11:17,60
망우,망우,arrival,fato,fato-1,FPL1116002,UAM0025,procedure,engine stop,51021.66,51201.66,14:10:21,14:13:21,180
목동,목동,arrival,fato,fato-2,FPL0905004,UAM0013,procedure,engine stop,51025.43,51205.43,14:10:25,14:13:25,180
강남,강남,arrival,fato,fato-1,FPL0713002,UAM0009,procedure,engine stop,51041.96,51221.96,14:10:41,14:13:41,180
성수,성수,arrival,fato,fato-2,FPL1709004,UAM0031,procedure,engine stop,51058.19,51238.19,14:10:58,14:13:58,180
천호,천호,arrival,fato,fato-2,FPL1611001,UAM0056,procedure,engine stop,51061.66,51241.66,14:11:01,14:14:01,180
강남,강남,arrival,fato,fato-2,FPL0913003,UAM0010,procedure,engine stop,51077.35,51257.35,14:11:17,14:14:17,180
봉천,봉천,arrival,fato,fato-2,FPL0307001,UAM0034,fatoLock,fato lock,51092.54,51152.54,14:11:32,14:12:32,60
용산,용산,arrival,gate,gate-1,FPL1004001,UAM0016,handling,turnaround,51113.35,51713.35,14:11:53,14:21:53,600
수서,수서,arrival,fato,fato-1,FPL0717001,UAM0046,fatoLock,fato lock,51144.48,51204.48,14:12:24,14:13:24,60
봉천,봉천,arrival,fato,fato-2,FPL0307001,UAM0034,procedure,engine stop,51152.54,51332.54,14:12:32,14:15:32,180
천호,천호,arrival,fato,fato-1,FPL0611002,UAM0052,fatoLock,fato lock,51164,51224,14:12:43,14:13:43,60
광화문,광화문,arrival,fato,fato-1,FPL0212002,UAM0021,fatoLock,fato lock,51175.48,51235.48,14:12:55,14:13:55,60
가산,가산,arrival,fato,fato-1,FPL0314002,UAM0033,fatoLock,fato lock,51194,51254,14:13:13,14:14:13,60
수서,수서,arrival,fato,fato-1,FPL0717001,UAM0046,procedure,engine stop,51204.48,51384.48,14:13:24,14:16:24,180
사당,사당,arrival,fato,fato-1,FPL0908003,UAM0015,fatoLock,fato lock,51212.87,51272.87,14:13:32,14:14:32,60
마곡,마곡,arrival,gate,gate-8,FPL0415001,UAM0012,handling,turnaround,51223.71,51823.71,14:13:43,14:23:43,600
성수,성수,arrival,fato,fato-1,FPL1109002,UAM0028,fatoLock,fato lock,51224,51284,14:13:43,14:14:43,60
천호,천호,arrival,fato,fato-1,FPL0611002,UAM0052,procedure,engine stop,51224,51404,14:13:43,14:16:43,180
목동,목동,arrival,fato,fato-2,FPL1405003,UAM0017,fatoLock,fato lock,51234,51294,14:13:53,14:14:53,60
광화문,광화문,arrival,fato,fato-1,FPL0212002,UAM0021,procedure,engine stop,51235.48,51415.48,14:13:55,14:16:55,180
강남,강남,arrival,fato,fato-1,FPL0513003,UAM0001,fatoLock,fato lock,51250.53,51310.53,14:14:10,14:15:10,60
상암,상암,arrival,gate,gate-2,FPL1103002,UAM0011,handling,turnaround,51253.71,51853.71,14:14:13,14:24:13,600
목동,목동,arrival,fato,fato-1,FPL1405004,UAM0006,fatoLock,fato lock,51254,51314,14:14:13,14:15:13,60
가산,가산,arrival,fato,fato-1,FPL0314002,UAM0033,procedure,engine stop,51254,51434,14:14:13,14:17:13,180
잠실,잠실,arrival,fato,fato-1,FPL1702001,UAM0042,fatoLock,fato lock,51262.47,51322.47,14:14:22,14:15:22,60
사당,사당,arrival,fato,fato-1,FPL0908003,UAM0015,procedure,engine stop,51272.87,51452.87,14:14:32,14:17:32,180
성수,성수,arrival,fato,fato-1,FPL1109002,UAM0028,procedure,engine stop,51284,51464,14:14:43,14:17:43,180
미아,미아,arrival,fato,fato-1,FPL1706001,UAM0004,fatoLock,fato lock,51286.56,51346.56,14:14:46,14:15:46,60
목동,목동,arrival,fato,fato-2,FPL1405003,UAM0017,procedure,engine stop,51294,51474,14:14:53,14:17:53,180
봉천,봉천,arrival,fato,fato-1,FPL1607002,UAM0014,fatoLock,fato lock,51294.26,51354.26,14:14:54,14:15:54,60
마곡,마곡,arrival,gate,gate-7,FPL1215002,UAM0018,handling,turnaround,51302,51902,14:15:01,14:25:01,600
강남,강남,arrival,fato,fato-1,FPL0513003,UAM0001,procedure,engine stop,51310.53,51490.53,14:15:10,14:18:10,180
사당,사당,arrival,fato,fato-2,FPL1508002,UAM0024,fatoLock,fato lock,51312.15,51372.15,14:15:12,14:16:12,60
목동,목동,arrival,fato,fato-1,FPL1405004,UAM0006,procedure,engine stop,51314,51494,14:15:13,14:18:13,180
망우,망우,arrival,gate,gate-1,FPL1116002,UAM0025,handling,turnaround,51319.95,51919.95,14:15:19,14:25:19,600
잠실,잠실,arrival,fato,fato-1,FPL1702001,UAM0042,procedure,engine stop,51322.47,51502.47,14:15:22,14:18:22,180
상암,상암,arrival,gate,gate-3,FPL0703001,UAM0027,handling,turnaround,51332,51932,14:15:31,14:25:31,600
강남,강남,arrival,gate,gate-1,FPL0713002,UAM0009,handling,turnaround,51340.24,51940.24,14:15:40,14:25:40,600
성수,성수,arrival,fato,fato-2,FPL1409002,UAM0007,fatoLock,fato lock,51342.92,51402.92,14:15:42,14:16:42,60
미아,미아,arrival,fato,fato-1,FPL1706001,UAM0004,procedure,engine stop,51346.56,51526.56,14:15:46,14:18:46,180
여의도,여의도,arrival,fato,fato-1,FPL1401002,UAM0019,fatoLock,fato lock,51349.19,51409.19,14:15:49,14:16:49,60
목동,목동,arrival,gate,gate-2,FPL0905004,UAM0013,handling,turnaround,51353.71,51953.71,14:15:53,14:25:53,600
봉천,봉천,arrival,fato,fato-1,FPL1607002,UAM0014,procedure,engine stop,51354.26,51534.26,14:15:54,14:18:54,180
천호,천호,arrival,gate,gate-1,FPL1611001,UAM0056,handling,turnaround,51359.95,51959.95,14:15:59,14:25:59,600
가산,가산,arrival,fato,fato-2,FPL0514003,UAM0022,fatoLock,fato lock,51365.24,51425.24,14:16:05,14:17:05,60
사당,사당,arrival,fato,fato-2,FPL1508002,UAM0024,procedure,engine stop,51372.15,51552.15,14:16:12,14:19:12,180
성수,성수,arrival,gate,gate-7,FPL1709004,UAM0031,handling,turnaround,51386.48,51986.48,14:16:26,14:26:26,600
강남,강남,arrival,gate,gate-8,FPL0913003,UAM0010,handling,turnaround,51388.53,51988.53,14:16:28,14:26:28,600
성수,성수,arrival,fato,fato-2,FPL1409002,UAM0007,procedure,engine stop,51402.92,51582.92,14:16:42,14:19:42,180
여의도,여의도,arrival,fato,fato-1,FPL1401002,UAM0019,procedure,engine stop,51409.19,51589.19,14:16:49,14:19:49,180
가산,가산,arrival,fato,fato-2,FPL0514003,UAM0022,procedure,engine stop,51425.24,51605.24,14:17:05,14:20:05,180
봉천,봉천,arrival,fato,fato-2,FPL0607001,UAM0005,fatoLock,fato lock,51426.12,51486.12,14:17:06,14:18:06,60
봉천,봉천,arrival,gate,gate-1,FPL0307001,UAM0034,handling,turnaround,51450.82,52050.82,14:17:30,14:27:30,600
여의도,여의도,arrival,fato,fato-2,FPL0901002,UAM0029,fatoLock,fato lock,51473.22,51533.22,14:17:53,14:18:53,60
봉천,봉천,arrival,fato,fato-2,FPL0607001,UAM0005,procedure,engine stop,51486.12,51666.12,14:18:06,14:21:06,180
연신내,연신내,arrival,fato,fato-1,FPL0710002,UAM0003,fatoLock,fato lock,51488.28,51548.28,14:18:08,14:19:08,60
수서,수서,arrival,gate,gate-8,FPL0717001,UAM0046,handling,turnaround,51502.77,52102.77,14:18:22,14:28:22,600
천호,천호,arrival,gate,gate-8,FPL0611002,UAM0052,handling,turnaround,51522.28,52122.28,14:18:42,14:28:42,600
여의도,여의도,arrival,fato,fato-2,FPL0901002,UAM0029,procedure,engine stop,51533.22,51713.22,14:18:53,14:21:53,180
광화문,광화문,arrival,gate,gate-1,FPL0212002,UAM0021,handling,turnaround,51533.76,52133.76,14:18:53,14:28:53,600
연신내,연신내,arrival,fato,fato-1,FPL0710002,UAM0003,procedure,engine stop,51548.28,51728.28,14:19:08,14:22:08,180
가산,가산,arrival,gate,gate-1,FPL0314002,UAM0033,handling,turnaround,51552.28,52152.28,14:19:12,14:29:12,600
사당,사당,arrival,gate,gate-8,FPL0908003,UAM0015,handling,turnaround,51571.15,52171.15,14:19:31,14:29:31,600
미아,미아,arrival,fato,fato-1,FPL0506001,UAM0020,fatoLock,fato lock,51580.12,51640.12,14:19:40,14:20:40,60
수서,수서,arrival,fato,fato-1,FPL1417002,UAM0008,fatoLock,fato lock,51580.98,51640.98,14:19:40,14:20:40,60
잠실,잠실,arrival,gate,gate-1,FPL1702001,UAM0042,handling,turnaround,51620.76,52220.76,14:20:20,14:30:20,600
미아,미아,arrival,fato,fato-2,FPL1506002,UAM0023,fatoLock,fato lock,51635.76,51695.76,14:20:35,14:21:35,60
강남,강남,arrival,gate,gate-2,FPL0513003,UAM0001,handling,turnaround,51638.82,52238.82,14:20:38,14:30:38,600
미아,미아,arrival,fato,fato-1,FPL0506001,UAM0020,procedure,engine stop,51640.12,51820.12,14:20:40,14:23:40,180
수서,수서,arrival,fato,fato-1,FPL1417002,UAM0008,procedure,engine stop,51640.98,51820.98,14:20:40,14:23:40,180
성수,성수,arrival,gate,gate-3,FPL1109002,UAM0028,handling,turnaround,51642.28,52242.28,14:20:42,14:30:42,600
미아,미아,arrival,gate,gate-1,FPL1706001,UAM0004,handling,turnaround,51644.84,52244.84,14:20:44,14:30:44,600
봉천,봉천,arrival,gate,gate-8,FPL1607002,UAM0014,handling,turnaround,51652.55,52252.55,14:20:52,14:30:52,600
목동,목동,arrival,gate,gate-4,FPL1405003,UAM0017,handling,turnaround,51682.28,52282.28,14:21:22,14:31:22,600
미아,미아,arrival,fato,fato-2,FPL1506002,UAM0023,procedure,engine stop,51695.76,51875.76,14:21:35,14:24:35,180
사당,사당,arrival,gate,gate-7,FPL1508002,UAM0024,handling,turnaround,51700.43,52300.43,14:21:40,14:31:40,600
여의도,여의도,arrival,gate,gate-1,FPL1401002,UAM0019,handling,turnaround,51707.47,52307.47,14:21:47,14:31:47,600
가산,가산,arrival,gate,gate-8,FPL0514003,UAM0022,handling,turnaround,51723.52,52323.52,14:22:03,14:32:03,600
목동,목동,arrival,gate,gate-5,FPL1405004,UAM0006,handling,turnaround,51730.57,52330.57,14:22:10,14:32:10,600
성수,성수,arrival,gate,gate-6,FPL1409002,UAM0007,handling,turnaround,51761.2,52361.2,14:22:41,14:32:41,600
연신내,연신내,arrival,fato,fato-1,FPL1110002,UAM0048,fatoLock,fato lock,51807.71,51867.71,14:23:27,14:24:27,60
봉천,봉천,arrival,gate,gate-2,FPL0607001,UAM0005,handling,turnaround,51814.4,52414.4,14:23:34,14:33:34,600
여의도,여의도,arrival,gate,gate-8,FPL0901002,UAM0029,handling,turnaround,51831.5,52431.5,14:23:51,14:33:51,600
용산,용산,departure,fato,fato-1,FPL0416001,UAM0016,procedure,engine start,51832.28,52072.28,14:23:52,14:27:52,240
연신내,연신내,arrival,gate,gate-1,FPL0710002,UAM0003,handling,turnaround,51846.56,52446.56,14:24:06,14:34:06,600
연신내,연신내,arrival,fato,fato-1,FPL1110002,UAM0048,procedure,engine stop,51867.71,52047.71,14:24:27,14:27:27,180
미아,미아,arrival,gate,gate-8,FPL0506001,UAM0020,handling,turnaround,51938.41,52538.41,14:25:38,14:35:38,600
수서,수서,arrival,gate,gate-2,FPL1417002,UAM0008,handling,turnaround,51969.26,52569.26,14:26:09,14:36:09,600
미아,미아,arrival,gate,gate-2,FPL1506002,UAM0023,handling,turnaround,52024.05,52624.05,14:27:04,14:37:04,600
강남,강남,departure,fato,fato-1,FPL1317004,UAM0009,procedure,engine start,52059.28,52299.28,14:27:39,14:31:39,240
강남,강남,departure,fato,fato-2,FPL1311001,UAM0010,procedure,engine start,52107.28,52347.28,14:28:27,14:32:27,240
연신내,연신내,arrival,gate,gate-8,FPL1110002,UAM0048,handling,turnaround,52165.99,52765.99,14:29:25,14:39:25,600
봉천,봉천,departure,fato,fato-1,FPL0711004,UAM0034,procedure,engine start,52169.28,52409.28,14:29:29,14:33:29,240
광화문,광화문,departure,fato,fato-1,FPL1214002,UAM0021,procedure,engine start,52252.28,52492.28,14:30:52,14:34:52,240
잠실,잠실,departure,fato,fato-1,FPL0215003,UAM0042,procedure,engine start,52339.28,52579.28,14:32:19,14:36:19,240
강남,강남,departure,fato,fato-1,FPL1305004,UAM0001,procedure,engine start,52387.86,52627.86,14:33:07,14:37:07,240
여의도,여의도,departure,fato,fato-1,FPL0113002,UAM0019,procedure,engine start,52426.28,52666.28,14:33:46,14:37:46,240
망우,망우,arrival,fato,fato-1,FPL0416001,UAM0016,fatoLock,fato lock,52541.87,52601.87,14:35:41,14:36:41,60
여의도,여의도,departure,fato,fato-2,FPL0106002,UAM0029,procedure,engine start,52550.28,52790.28,14:35:50,14:39:50,240
수서,수서,arrival,fato,fato-1,FPL1317004,UAM0009,fatoLock,fato lock,52589.03,52649.03,14:36:29,14:37:29,60
망우,망우,arrival,fato,fato-1,FPL0416001,UAM0016,procedure,engine stop,52601.87,52781.87,14:36:41,14:39:41,180
천호,천호,arrival,fato,fato-1,FPL1311001,UAM0010,fatoLock,fato lock,52622.1,52682.1,14:37:02,14:38:02,60
수서,수서,arrival,fato,fato-1,FPL1317004,UAM0009,procedure,engine stop,52649.03,52829.03,14:37:29,14:40:29,180
천호,천호,arrival,fato,fato-1,FPL1311001,UAM0010,procedure,engine stop,52682.1,52862.1,14:38:02,14:41:02,180
가산,가산,arrival,fato,fato-1,FPL1214002,UAM0021,fatoLock,fato lock,52871.75,52931.75,14:41:11,14:42:11,60
망우,망우,arrival,gate,gate-8,FPL0416001,UAM0016,handling,turnaround,52900.16,53500.16,14:41:40,14:51:40,600
천호,천호,arrival,fato,fato-1,FPL0711004,UAM0034,fatoLock,fato lock,52902.02,52962.02,14:41:42,14:42:42,60
강남,강남,arrival,fato,fato-1,FPL0113002,UAM0019,fatoLock,fato lock,52922.22,52982.22,14:42:02,14:43:02,60
가산,가산,arrival,fato,fato-1,FPL1214002,UAM0021,procedure,engine stop,52931.75,53111.75,14:42:11,14:45:11,180
천호,천호,arrival,fato,fato-1,FPL0711004,UAM0034,procedure,engine stop,52962.02,53142.02,14:42:42,14:45:42,180
강남,강남,arrival,fato,fato-1,FPL0113002,UAM0019,procedure,engine stop,52982.22,53162.22,14:43:02,14:46:02,180
수서,수서,arrival,gate,gate-6,FPL1317004,UAM0009,handling,turnaround,53007.31,53607.31,14:43:27,14:53:27,600
천호,천호,arrival,gate,gate-2,FPL1311001,UAM0010,handling,turnaround,53010.39,53610.39,14:43:30,14:53:30,600
가산,가산,arrival,gate,gate-2,FPL1214002,UAM0021,handling,turnaround,53260.04,53860.04,14:47:40,14:57:40,600
강남,강남,arrival,gate,gate-1,FPL0113002,UAM0019,handling,turnaround,53280.5,53880.5,14:48:00,14:58:00,600
천호,천호,arrival,gate,gate-7,FPL0711004,UAM0034,handling,turnaround,53290.31,53890.31,14:48:10,14:58:10,600
미아,미아,arrival,fato,fato-1,FPL0106002,UAM0029,fatoLock,fato lock,53371.35,53431.35,14:49:31,14:50:31,60
미아,미아,arrival,fato,fato-1,FPL0106002,UAM0029,procedure,engine stop,53431.35,53611.35,14:50:31,14:53:31,180
미아,미아,arrival,gate,gate-3,FPL0106002,UAM0029,handling,turnaround,53789.64,54389.64,14:56:29,15:06:29,600
강남,강남,departure,fato,fato-1,FPL1314002,UAM0019,procedure,engine start,53999.28,54239.28,14:59:59,15:03:59,240
가산,가산,departure,gate,gate-8,FPL1409003,UAM0022,waiting,gate hold,54000,54030,15:00:00,15:00:30,30
목동,목동,departure,gate,gate-3,FPL0509004,UAM0026,waiting,gate hold,54000,54030,15:00:00,15:00:30,30
성수,성수,departure,gate,gate-1,FPL0911004,UAM0030,waiting,gate hold,54000,54060,15:00:00,15:01:00,60
가산,가산,departure,gate,gate-1,FPL1402002,UAM0033,waiting,gate hold,54000,54030,15:00:00,15:00:30,30
목동,목동,departure,gate,gate-8,FPL0510002,UAM0036,waiting,gate hold,54000,54030,15:00:00,15:00:30,30
목동,목동,departure,gate,gate-1,FPL0504002,UAM0039,waiting,gate hold,54000,54030,15:00:00,15:00:30,30
수서,수서,departure,gate,gate-8,FPL1711002,UAM0046,waiting,gate hold,54000,54030,15:00:00,15:00:30,30
목동,목동,departure,gate,gate-6,FPL0511004,UAM0047,waiting,gate hold,54000,54030,15:00:00,15:00:30,30
천호,천호,departure,gate,gate-8,FPL1116003,UAM0052,waiting,gate hold,54000,54030,15:00:00,15:00:30,30
천호,천호,departure,gate,gate-1,FPL1108002,UAM0056,waiting,gate hold,54000,54030,15:00:00,15:00:30,30
미아,미아,departure,fato,fato-1,FPL0613002,UAM0004,procedure,engine start,54118.28,54358.28,15:01:58,15:05:58,240
마곡,마곡,departure,fato,fato-1,FPL1505003,UAM0012,procedure,engine start,54118.28,54358.28,15:01:58,15:05:58,240
사당,사당,departure,fato,fato-1,FPL0811002,UAM0015,procedure,engine start,54118.28,54358.28,15:01:58,15:05:58,240
망우,망우,departure,fato,fato-1,FPL1614001,UAM0016,procedure,engine start,54118.28,54358.28,15:01:58,15:05:58,240
수서,수서,departure,fato,fato-1,FPL1712002,UAM0008,procedure,engine start,54148.28,54388.28,15:02:28,15:06:28,240
천호,천호,departure,fato,fato-1,FPL1114003,UAM0010,procedure,engine start,54148.28,54388.28,15:02:28,15:06:28,240
상암,상암,departure,fato,fato-1,FPL0308001,UAM0011,procedure,engine start,54148.28,54388.28,15:02:28,15:06:28,240
목동,목동,departure,fato,fato-2,FPL0515006,UAM0013,procedure,engine start,54148.28,54388.28,15:02:28,15:06:28,240
가산,가산,departure,fato,fato-1,FPL1415002,UAM0021,procedure,engine start,54148.28,54388.28,15:02:28,15:06:28,240
마곡,마곡,departure,fato,fato-2,FPL1511004,UAM0018,procedure,engine start,54158.28,54398.28,15:02:38,15:06:38,240
사당,사당,departure,fato,fato-2,FPL0814003,UAM0024,procedure,engine start,54158.28,54398.28,15:02:38,15:06:38,240
망우,망우,departure,fato,fato-2,FPL1608002,UAM0025,procedure,engine start,54158.28,54398.28,15:02:38,15:06:38,240
성수,성수,departure,fato,fato-1,FPL0914001,UAM0007,procedure,engine start,54178.28,54418.28,15:02:58,15:06:58,240
수서,수서,departure,fato,fato-2,FPL1716001,UAM0009,procedure,engine start,54188.28,54428.28,15:03:08,15:07:08,240
가산,가산,departure,fato,fato-2,FPL1409003,UAM0022,procedure,engine start,54188.28,54428.28,15:03:08,15:07:08,240
상암,상암,departure,fato,fato-2,FPL0317001,UAM0027,procedure,engine start,54188.28,54428.28,15:03:08,15:07:08,240
천호,천호,departure,fato,fato-2,FPL1115003,UAM0034,procedure,engine start,54188.28,54428.28,15:03:08,15:07:08,240
목동,목동,departure,fato,fato-1,FPL0512003,UAM0006,procedure,engine start,54208.28,54448.28,15:03:28,15:07:28,240
성수,성수,departure,fato,fato-2,FPL0906002,UAM0028,procedure,engine start,54218.28,54458.28,15:03:38,15:07:38,240
마곡,마곡,arrival,fato,fato-1,FPL0215003,UAM0042,fatoLock,fato lock,54435.43,54495.43,15:07:15,15:08:15,60
사당,사당,departure,fato,fato-1,FPL0815002,UAM0038,procedure,engine start,54446.86,54686.86,15:07:26,15:11:26,240
망우,망우,departure,fato,fato-1,FPL1611002,UAM0062,procedure,engine start,54446.86,54686.86,15:07:26,15:11:26,240
상암,상암,arrival,fato,fato-1,FPL0803001,UAM0002,fatoLock,fato lock,54465.43,54525.43,15:07:45,15:08:45,60
마곡,마곡,arrival,fato,fato-2,FPL0115001,UAM0068,fatoLock,fato lock,54475.43,54535.43,15:07:55,15:08:55,60
목동,목동,departure,fato,fato-2,FPL0516002,UAM0017,procedure,engine start,54476.86,54716.86,15:07:56,15:11:56,240
가산,가산,departure,fato,fato-1,FPL1402002,UAM0033,procedure,engine start,54476.86,54716.86,15:07:56,15:11:56,240
수서,수서,departure,fato,fato-1,FPL1706002,UAM0044,procedure,engine start,54476.86,54716.86,15:07:56,15:11:56,240
천호,천호,departure,fato,fato-1,FPL1116003,UAM0052,procedure,engine start,54476.86,54716.86,15:07:56,15:11:56,240
사당,사당,departure,fato,fato-2,FPL0817002,UAM0043,procedure,engine start,54486.86,54726.86,15:08:06,15:12:06,240
마곡,마곡,arrival,fato,fato-1,FPL0215003,UAM0042,procedure,engine stop,54495.43,54675.43,15:08:15,15:11:15,180
상암,상암,arrival,fato,fato-2,FPL1703001,UAM0067,fatoLock,fato lock,54505.43,54565.43,15:08:25,15:09:25,60
성수,성수,departure,fato,fato-1,FPL0911004,UAM0030,procedure,engine start,54506.86,54746.86,15:08:26,15:12:26,240
수서,수서,departure,fato,fato-2,FPL1711002,UAM0046,procedure,engine start,54516.86,54756.86,15:08:36,15:12:36,240
천호,천호,departure,fato,fato-2,FPL1108002,UAM0056,procedure,engine start,54516.86,54756.86,15:08:36,15:12:36,240
상암,상암,arrival,fato,fato-1,FPL0803001,UAM0002,procedure,engine stop,54525.43,54705.43,15:08:45,15:11:45,180
마곡,마곡,arrival,fato,fato-2,FPL0115001,UAM0068,procedure,engine stop,54535.43,54715.43,15:08:55,15:11:55,180
목동,목동,departure,fato,fato-1,FPL0509004,UAM0026,procedure,engine start,54536.86,54776.86,15:08:56,15:12:56,240
상암,상암,arrival,fato,fato-2,FPL1703001,UAM0067,procedure,engine stop,54565.43,54745.43,15:09:25,15:12:25,180
가산,가산,arrival,fato,fato-2,FPL1314002,UAM0019,fatoLock,fato lock,54585.48,54645.48,15:09:45,15:10:45,60
가산,가산,arrival,fato,fato-2,FPL1314002,UAM0019,procedure,engine stop,54645.48,54825.48,15:10:45,15:13:45,180
광화문,광화문,arrival,fato,fato-1,FPL0512003,UAM0006,fatoLock,fato lock,54726.72,54786.72,15:12:06,15:13:06,60
사당,사당,arrival,fato,fato-1,FPL0308001,UAM0011,fatoLock,fato lock,54764,54824,15:12:43,15:13:43,60
망우,망우,arrival,fato,fato-1,FPL1716001,UAM0009,fatoLock,fato lock,54765.2,54825.2,15:12:45,15:13:45,60
미아,미아,arrival,fato,fato-1,FPL0906002,UAM0028,fatoLock,fato lock,54783.5,54843.5,15:13:03,15:14:03,60
광화문,광화문,arrival,fato,fato-1,FPL0512003,UAM0006,procedure,engine stop,54786.72,54966.72,15:13:06,15:16:06,180
마곡,마곡,arrival,gate,gate-8,FPL0215003,UAM0042,handling,turnaround,54793.71,55393.71,15:13:13,15:23:13,600
천호,천호,arrival,fato,fato-1,FPL0811002,UAM0015,fatoLock,fato lock,54794,54854,15:13:13,15:14:13,60
가산,가산,arrival,fato,fato-1,FPL0814003,UAM0024,fatoLock,fato lock,54794,54854,15:13:13,15:14:13,60
목동,목동,departure,fato,fato-2,FPL0510002,UAM0036,procedure,engine start,54805.43,55045.43,15:13:25,15:17:25,240
강남,강남,arrival,fato,fato-1,FPL0613002,UAM0004,fatoLock,fato lock,54808.2,54868.2,15:13:28,15:14:28,60
사당,사당,arrival,fato,fato-1,FPL0308001,UAM0011,procedure,engine stop,54824,55004,15:13:43,15:16:43,180
망우,망우,arrival,fato,fato-1,FPL1716001,UAM0009,procedure,engine stop,54825.2,55005.2,15:13:45,15:16:45,180
미아,미아,arrival,fato,fato-1,FPL0906002,UAM0028,procedure,engine stop,54843.5,55023.5,15:14:03,15:17:03,180
상암,상암,arrival,gate,gate-2,FPL0803001,UAM0002,handling,turnaround,54853.71,55453.71,15:14:13,15:24:13,600
천호,천호,arrival,fato,fato-1,FPL0811002,UAM0015,procedure,engine stop,54854,55034,15:14:13,15:17:13,180
가산,가산,arrival,fato,fato-1,FPL0814003,UAM0024,procedure,engine stop,54854,55034,15:14:13,15:17:13,180
사당,사당,arrival,fato,fato-2,FPL1608002,UAM0025,fatoLock,fato lock,54862.08,54922.08,15:14:22,15:15:22,60
목동,목동,departure,fato,fato-1,FPL0504002,UAM0039,procedure,engine start,54865.43,55105.43,15:14:25,15:18:25,240
강남,강남,arrival,fato,fato-1,FPL0613002,UAM0004,procedure,engine stop,54868.2,55048.2,15:14:28,15:17:28,180
광화문,광화문,arrival,fato,fato-2,FPL1712002,UAM0008,fatoLock,fato lock,54868.48,54928.48,15:14:28,15:15:28,60
마곡,마곡,arrival,gate,gate-7,FPL0115001,UAM0068,handling,turnaround,54872,55472,15:14:31,15:24:31,600
천호,천호,arrival,fato,fato-2,FPL1611002,UAM0062,fatoLock,fato lock,54890.23,54950.23,15:14:50,15:15:50,60
망우,망우,arrival,fato,fato-2,FPL1116003,UAM0052,fatoLock,fato lock,54920.23,54980.23,15:15:20,15:16:20,60
사당,사당,arrival,fato,fato-2,FPL1608002,UAM0025,procedure,engine stop,54922.08,55102.08,15:15:22,15:18:22,180
광화문,광화문,arrival,fato,fato-2,FPL1712002,UAM0008,procedure,engine stop,54928.48,55108.48,15:15:28,15:18:28,180
상암,상암,arrival,gate,gate-3,FPL1703001,UAM0067,handling,turnaround,54932,55532,15:15:31,15:25:31,600
가산,가산,arrival,fato,fato-2,FPL0914001,UAM0007,fatoLock,fato lock,54932.92,54992.92,15:15:32,15:16:32,60
성수,성수,arrival,fato,fato-1,FPL1409003,UAM0022,fatoLock,fato lock,54942.92,55002.92,15:15:42,15:16:42,60
가산,가산,arrival,gate,gate-1,FPL1314002,UAM0019,handling,turnaround,54943.77,55543.77,15:15:43,15:25:43,600
천호,천호,arrival,fato,fato-2,FPL1611002,UAM0062,procedure,engine stop,54950.23,55130.23,15:15:50,15:18:50,180
수서,수서,arrival,fato,fato-1,FPL0317001,UAM0027,fatoLock,fato lock,54967.77,55027.77,15:16:07,15:17:07,60
망우,망우,arrival,fato,fato-2,FPL1116003,UAM0052,procedure,engine stop,54980.23,55160.23,15:16:20,15:19:20,180
가산,가산,arrival,fato,fato-2,FPL0914001,UAM0007,procedure,engine stop,54992.92,55172.92,15:16:32,15:19:32,180
수서,수서,arrival,fato,fato-2,FPL0817002,UAM0043,fatoLock,fato lock,55000.86,55060.86,15:16:40,15:17:40,60
성수,성수,arrival,fato,fato-1,FPL1409003,UAM0022,procedure,engine stop,55002.92,55182.92,15:16:42,15:19:42,180
수서,수서,arrival,fato,fato-1,FPL0317001,UAM0027,procedure,engine stop,55027.77,55207.77,15:17:07,15:20:07,180
수서,수서,arrival,fato,fato-2,FPL0817002,UAM0043,procedure,engine stop,55060.86,55240.86,15:17:40,15:20:40,180
가산,가산,arrival,fato,fato-1,FPL1114003,UAM0010,fatoLock,fato lock,55062.57,55122.57,15:17:42,15:18:42,60
천호,천호,arrival,fato,fato-1,FPL1711002,UAM0046,fatoLock,fato lock,55062.57,55122.57,15:17:42,15:18:42,60
광화문,광화문,arrival,gate,gate-1,FPL0512003,UAM0006,handling,turnaround,55085,55685,15:18:05,15:28:05,600
사당,사당,arrival,gate,gate-1,FPL0308001,UAM0011,handling,turnaround,55122.28,55722.28,15:18:42,15:28:42,600
가산,가산,arrival,fato,fato-1,FPL1114003,UAM0010,procedure,engine stop,55122.57,55302.57,15:18:42,15:21:42,180
천호,천호,arrival,fato,fato-1,FPL1711002,UAM0046,procedure,engine stop,55122.57,55302.57,15:18:42,15:21:42,180
망우,망우,arrival,gate,gate-1,FPL1716001,UAM0009,handling,turnaround,55123.48,55723.48,15:18:43,15:28:43,600
목동,목동,departure,fato,fato-2,FPL0511004,UAM0047,procedure,engine start,55134,55374,15:18:53,15:22:53,240
미아,미아,arrival,gate,gate-1,FPL0906002,UAM0028,handling,turnaround,55141.79,55741.79,15:19:01,15:29:01,600
천호,천호,arrival,gate,gate-1,FPL0811002,UAM0015,handling,turnaround,55152.28,55752.28,15:19:12,15:29:12,600
가산,가산,arrival,gate,gate-8,FPL0814003,UAM0024,handling,turnaround,55152.28,55752.28,15:19:12,15:29:12,600
천호,천호,arrival,fato,fato-2,FPL0911004,UAM0030,fatoLock,fato lock,55158.8,55218.8,15:19:18,15:20:18,60
강남,강남,arrival,gate,gate-1,FPL0613002,UAM0004,handling,turnaround,55166.48,55766.48,15:19:26,15:29:26,600
사당,사당,arrival,fato,fato-1,FPL1108002,UAM0056,fatoLock,fato lock,55177.41,55237.41,15:19:37,15:20:37,60
목동,목동,arrival,fato,fato-1,FPL1305004,UAM0001,fatoLock,fato lock,55182.57,55242.57,15:19:42,15:20:42,60
미아,미아,arrival,fato,fato-1,FPL1706002,UAM0044,fatoLock,fato lock,55185.13,55245.13,15:19:45,15:20:45,60
잠실,잠실,arrival,fato,fato-1,FPL1402002,UAM0033,fatoLock,fato lock,55188.28,55248.28,15:19:48,15:20:48,60
가산,가산,arrival,fato,fato-2,FPL1614001,UAM0016,fatoLock,fato lock,55201.49,55261.49,15:20:01,15:21:01,60
성수,성수,arrival,fato,fato-1,FPL0509004,UAM0026,fatoLock,fato lock,55213.99,55273.99,15:20:13,15:21:13,60
천호,천호,arrival,fato,fato-2,FPL0911004,UAM0030,procedure,engine stop,55218.8,55398.8,15:20:18,15:23:18,180
사당,사당,arrival,gate,gate-8,FPL1608002,UAM0025,handling,turnaround,55220.36,55820.36,15:20:20,15:30:20,600
광화문,광화문,arrival,gate,gate-8,FPL1712002,UAM0008,handling,turnaround,55226.76,55826.76,15:20:26,15:30:26,600
사당,사당,arrival,fato,fato-1,FPL1108002,UAM0056,procedure,engine stop,55237.41,55417.41,15:20:37,15:23:37,180
목동,목동,arrival,fato,fato-1,FPL1305004,UAM0001,procedure,engine stop,55242.57,55422.57,15:20:42,15:23:42,180
미아,미아,arrival,fato,fato-1,FPL1706002,UAM0044,procedure,engine stop,55245.13,55425.13,15:20:45,15:23:45,180
잠실,잠실,arrival,fato,fato-1,FPL1402002,UAM0033,procedure,engine stop,55248.28,55428.28,15:20:48,15:23:48,180
천호,천호,arrival,gate,gate-8,FPL1611002,UAM0062,handling,turnaround,55248.52,55848.52,15:20:48,15:30:48,600
가산,가산,arrival,fato,fato-2,FPL1614001,UAM0016,procedure,engine stop,55261.49,55441.49,15:21:01,15:24:01,180
성수,성수,arrival,fato,fato-1,FPL0509004,UAM0026,procedure,engine stop,55273.99,55453.99,15:21:13,15:24:13,180
망우,망우,arrival,gate,gate-8,FPL1116003,UAM0052,handling,turnaround,55278.52,55878.52,15:21:18,15:31:18,600
성수,성수,arrival,gate,gate-1,FPL1409003,UAM0022,handling,turnaround,55301.2,55901.2,15:21:41,15:31:41,600
망우,망우,arrival,fato,fato-1,FPL0516002,UAM0017,fatoLock,fato lock,55315.09,55375.09,15:21:55,15:22:55,60
가산,가산,arrival,gate,gate-2,FPL0914001,UAM0007,handling,turnaround,55321.2,55921.2,15:22:01,15:32:01,600
용산,용산,arrival,fato,fato-1,FPL0504002,UAM0039,fatoLock,fato lock,55321.48,55381.48,15:22:01,15:23:01,60
수서,수서,arrival,gate,gate-8,FPL0317001,UAM0027,handling,turnaround,55326.05,55926.05,15:22:06,15:32:06,600
연신내,연신내,arrival,fato,fato-1,FPL0510002,UAM0036,fatoLock,fato lock,55329.31,55389.31,15:22:09,15:23:09,60
천호,천호,arrival,fato,fato-1,FPL1511004,UAM0018,fatoLock,fato lock,55331.14,55391.14,15:22:11,15:23:11,60
망우,망우,arrival,fato,fato-1,FPL0516002,UAM0017,procedure,engine stop,55375.09,55555.09,15:22:55,15:25:55,180
용산,용산,arrival,fato,fato-1,FPL0504002,UAM0039,procedure,engine stop,55381.48,55561.48,15:23:01,15:26:01,180
연신내,연신내,arrival,fato,fato-1,FPL0510002,UAM0036,procedure,engine stop,55389.31,55569.31,15:23:09,15:26:09,180
천호,천호,arrival,fato,fato-1,FPL1511004,UAM0018,procedure,engine stop,55391.14,55571.14,15:23:11,15:26:11,180
수서,수서,arrival,gate,gate-2,FPL0817002,UAM0043,handling,turnaround,55404.34,56004.34,15:23:24,15:33:24,600
가산,가산,arrival,gate,gate-7,FPL1114003,UAM0010,handling,turnaround,55450.85,56050.85,15:24:10,15:34:10,600
천호,천호,arrival,gate,gate-2,FPL1711002,UAM0046,handling,turnaround,55450.85,56050.85,15:24:10,15:34:10,600
목동,목동,arrival,fato,fato-1,FPL1505003,UAM0012,fatoLock,fato lock,55451.14,55511.14,15:24:11,15:25:11,60
목동,목동,arrival,fato,fato-1,FPL1505003,UAM0012,procedure,engine stop,55511.14,55691.14,15:25:11,15:28:11,180
목동,목동,arrival,gate,gate-1,FPL1305004,UAM0001,handling,turnaround,55540.85,56140.85,15:25:40,15:35:40,600
잠실,잠실,arrival,gate,gate-1,FPL1402002,UAM0033,handling,turnaround,55546.57,56146.57,15:25:46,15:35:46,600
천호,천호,arrival,gate,gate-7,FPL0911004,UAM0030,handling,turnaround,55547.09,56147.09,15:25:47,15:35:47,600
사당,사당,arrival,gate,gate-2,FPL1108002,UAM0056,handling,turnaround,55565.69,56165.69,15:26:05,15:36:05,600
미아,미아,arrival,gate,gate-6,FPL1706002,UAM0044,handling,turnaround,55603.41,56203.41,15:26:43,15:36:43,600
가산,가산,arrival,gate,gate-3,FPL1614001,UAM0016,handling,turnaround,55619.77,56219.77,15:26:59,15:36:59,600
성수,성수,arrival,gate,gate-3,FPL0509004,UAM0026,handling,turnaround,55632.27,56232.27,15:27:12,15:37:12,600
용산,용산,arrival,gate,gate-1,FPL0504002,UAM0039,handling,turnaround,55679.76,56279.76,15:27:59,15:37:59,600
망우,망우,arrival,gate,gate-2,FPL0516002,UAM0017,handling,turnaround,55703.37,56303.37,15:28:23,15:38:23,600
연신내,연신내,arrival,gate,gate-2,FPL0510002,UAM0036,handling,turnaround,55717.6,56317.6,15:28:37,15:38:37,600
천호,천호,arrival,gate,gate-3,FPL1511004,UAM0018,handling,turnaround,55749.43,56349.43,15:29:09,15:39:09,600
광화문,광화문,departure,fato,fato-1,FPL1209002,UAM0006,procedure,engine start,55804.28,56044.28,15:30:04,15:34:04,240
목동,목동,arrival,gate,gate-8,FPL1505003,UAM0012,handling,turnaround,55809.43,56409.43,15:30:09,15:40:09,600
천호,천호,departure,fato,fato-1,FPL1109003,UAM0015,procedure,engine start,55871.28,56111.28,15:31:11,15:35:11,240
강남,강남,departure,fato,fato-1,FPL1314003,UAM0004,procedure,engine start,55885.28,56125.28,15:31:25,15:35:25,240
광화문,광화문,departure,fato,fato-2,FPL1216003,UAM0008,procedure,engine start,55945.28,56185.28,15:32:25,15:36:25,240
천호,천호,arrival,fato,fato-2,FPL0511004,UAM0047,fatoLock,fato lock,55966.32,56026.32,15:32:46,15:33:46,60
천호,천호,arrival,fato,fato-2,FPL0511004,UAM0047,procedure,engine stop,56026.32,56206.32,15:33:46,15:36:46,180
잠실,잠실,departure,fato,fato-1,FPL0211002,UAM0033,procedure,engine start,56265.28,56505.28,15:37:45,15:41:45,240
천호,천호,arrival,gate,gate-1,FPL0511004,UAM0047,handling,turnaround,56324.61,56924.61,15:38:44,15:48:44,600
성수,성수,arrival,fato,fato-1,FPL1109003,UAM0015,fatoLock,fato lock,56332.28,56392.28,15:38:52,15:39:52,60
성수,성수,arrival,fato,fato-2,FPL1209002,UAM0006,fatoLock,fato lock,56333.54,56393.54,15:38:53,15:39:53,60
성수,성수,arrival,fato,fato-1,FPL1109003,UAM0015,procedure,engine stop,56392.28,56572.28,15:39:52,15:42:52,180
성수,성수,arrival,fato,fato-2,FPL1209002,UAM0006,procedure,engine stop,56393.54,56573.54,15:39:53,15:42:53,180
용산,용산,departure,fato,fato-1,FPL0402001,UAM0039,procedure,engine start,56398.28,56638.28,15:39:58,15:43:58,240
망우,망우,arrival,fato,fato-1,FPL1216003,UAM0008,fatoLock,fato lock,56448.38,56508.38,15:40:48,15:41:48,60
가산,가산,arrival,fato,fato-1,FPL1314003,UAM0004,fatoLock,fato lock,56471.48,56531.48,15:41:11,15:42:11,60
망우,망우,arrival,fato,fato-1,FPL1216003,UAM0008,procedure,engine stop,56508.38,56688.38,15:41:48,15:44:48,180
가산,가산,arrival,fato,fato-1,FPL1314003,UAM0004,procedure,engine stop,56531.48,56711.48,15:42:11,15:45:11,180
천호,천호,arrival,fato,fato-1,FPL0211002,UAM0033,fatoLock,fato lock,56661.99,56721.99,15:44:21,15:45:21,60
천호,천호,arrival,fato,fato-1,FPL0211002,UAM0033,procedure,engine stop,56721.99,56901.99,15:45:21,15:48:21,180
성수,성수,arrival,gate,gate-6,FPL1109003,UAM0015,handling,turnaround,56750.57,57350.57,15:45:50,15:55:50,600
성수,성수,arrival,gate,gate-4,FPL1209002,UAM0006,handling,turnaround,56828.85,57428.85,15:47:08,15:57:08,600
망우,망우,arrival,gate,gate-7,FPL1216003,UAM0008,handling,turnaround,56836.66,57436.66,15:47:16,15:57:16,600
가산,가산,arrival,gate,gate-6,FPL1314003,UAM0004,handling,turnaround,56889.77,57489.77,15:48:09,15:58:09,600
잠실,잠실,arrival,fato,fato-1,FPL0402001,UAM0039,fatoLock,fato lock,57074.89,57134.89,15:51:14,15:52:14,60
천호,천호,arrival,gate,gate-6,FPL0211002,UAM0033,handling,turnaround,57080.27,57680.27,15:51:20,16:01:20,600
잠실,잠실,arrival,fato,fato-1,FPL0402001,UAM0039,procedure,engine stop,57134.89,57314.89,15:52:14,15:55:14,180
잠실,잠실,arrival,gate,gate-1,FPL0402001,UAM0039,handling,turnaround,57433.18,58033.18,15:57:13,16:07:13,600
가산,가산,departure,gate,gate-2,FPL1402003,UAM0007,waiting,gate hold,57600,57630,16:00:00,16:00:30,30
망우,망우,departure,gate,gate-1,FPL1612001,UAM0009,waiting,gate hold,57600,57630,16:00:00,16:00:30,30
가산,가산,departure,gate,gate-7,FPL1411002,UAM0010,waiting,gate hold,57600,57630,16:00:00,16:00:30,30
봉천,봉천,departure,gate,gate-8,FPL0715003,UAM0014,waiting,gate hold,57600,57630,16:00:00,16:00:30,30
성수,성수,departure,gate,gate-6,FPL0907003,UAM0015,waiting,gate hold,57600,57630,16:00:00,16:00:30,30
성수,성수,departure,gate,gate-1,FPL0904001,UAM0022,waiting,gate hold,57600,57690,16:00:00,16:01:30,90
천호,천호,departure,gate,gate-7,FPL1116004,UAM0030,waiting,gate hold,57600,57630,16:00:00,16:00:30,30
마곡,마곡,departure,gate,gate-3,FPL1516003,UAM0037,waiting,gate hold,57600,57630,16:00:00,16:00:30,30
상암,상암,departure,gate,gate-6,FPL0311001,UAM0040,waiting,gate hold,57600,57630,16:00:00,16:00:30,30
마곡,마곡,departure,gate,gate-8,FPL1505004,UAM0042,waiting,gate hold,57600,57690,16:00:00,16:01:30,90
천호,천호,departure,gate,gate-2,FPL1101003,UAM0046,waiting,gate hold,57600,57630,16:00:00,16:00:30,30
망우,망우,departure,gate,gate-8,FPL1609003,UAM0052,waiting,gate hold,57600,57630,16:00:00,16:00:30,30
마곡,마곡,departure,gate,gate-2,FPL1508003,UAM0055,waiting,gate hold,57600,57700,16:00:00,16:01:40,100
마곡,마곡,departure,gate,gate-6,FPL1509002,UAM0060,waiting,gate hold,57600,57630,16:00:00,16:00:30,30
마곡,마곡,departure,gate,gate-1,FPL1504002,UAM0065,waiting,gate hold,57600,57730,16:00:00,16:02:10,130
목동,목동,departure,fato,fato-1,FPL0511005,UAM0001,procedure,engine start,57718.28,57958.28,16:01:58,16:05:58,240
연신내,연신내,departure,fato,fato-1,FPL1014002,UAM0003,procedure,engine start,57718.28,57958.28,16:01:58,16:05:58,240
사당,사당,departure,fato,fato-1,FPL0809003,UAM0011,procedure,engine start,57718.28,57958.28,16:01:58,16:05:58,240
미아,미아,departure,fato,fato-1,FPL0612002,UAM0020,procedure,engine start,57718.28,57958.28,16:01:58,16:05:58,240
수서,수서,departure,fato,fato-1,FPL1715003,UAM0027,procedure,engine start,57718.28,57958.28,16:01:58,16:05:58,240
상암,상암,departure,fato,fato-1,FPL0315002,UAM0002,procedure,engine start,57748.28,57988.28,16:02:28,16:06:28,240
봉천,봉천,departure,fato,fato-1,FPL0713003,UAM0005,procedure,engine start,57748.28,57988.28,16:02:28,16:06:28,240
망우,망우,departure,fato,fato-1,FPL1614002,UAM0008,procedure,engine start,57748.28,57988.28,16:02:28,16:06:28,240
목동,목동,departure,fato,fato-2,FPL0507003,UAM0012,procedure,engine start,57758.28,57998.28,16:02:38,16:06:38,240
연신내,연신내,departure,fato,fato-2,FPL1011003,UAM0036,procedure,engine start,57758.28,57998.28,16:02:38,16:06:38,240
수서,수서,departure,fato,fato-2,FPL1701003,UAM0043,procedure,engine start,57758.28,57998.28,16:02:38,16:06:38,240
가산,가산,departure,fato,fato-1,FPL1415003,UAM0004,procedure,engine start,57778.28,58018.28,16:02:58,16:06:58,240
천호,천호,departure,fato,fato-1,FPL1114004,UAM0018,procedure,engine start,57778.28,58018.28,16:02:58,16:06:58,240
망우,망우,departure,fato,fato-2,FPL1612001,UAM0009,procedure,engine start,57788.28,58028.28,16:03:08,16:07:08,240
봉천,봉천,departure,fato,fato-2,FPL0715003,UAM0014,procedure,engine start,57788.28,58028.28,16:03:08,16:07:08,240
성수,성수,departure,fato,fato-1,FPL0913004,UAM0006,procedure,engine start,57808.28,58048.28,16:03:28,16:07:28,240
마곡,마곡,departure,fato,fato-1,FPL1514002,UAM0032,procedure,engine start,57808.28,58048.28,16:03:28,16:07:28,240
상암,상암,departure,fato,fato-2,FPL0317002,UAM0035,procedure,engine start,57808.28,58048.28,16:03:28,16:07:28,240
가산,가산,departure,fato,fato-2,FPL1402003,UAM0007,procedure,engine start,57818.28,58058.28,16:03:38,16:07:38,240
천호,천호,departure,fato,fato-2,FPL1116004,UAM0030,procedure,engine start,57818.28,58058.28,16:03:38,16:07:38,240
성수,성수,departure,fato,fato-2,FPL0907003,UAM0015,procedure,engine start,57848.28,58088.28,16:04:08,16:08:08,240
마곡,마곡,departure,fato,fato-2,FPL1516003,UAM0037,procedure,engine start,57848.28,58088.28,16:04:08,16:08:08,240
수서,수서,departure,fato,fato-1,FPL1711003,UAM0050,procedure,engine start,58046.86,58286.86,16:07:26,16:11:26,240
목동,목동,departure,fato,fato-1,FPL0513004,UAM0059,procedure,engine start,58046.86,58286.86,16:07:26,16:11:26,240
망우,망우,departure,fato,fato-1,FPL1605002,UAM0017,procedure,engine start,58076.86,58316.86,16:07:56,16:11:56,240
상암,상암,departure,fato,fato-1,FPL0311001,UAM0040,procedure,engine start,58076.86,58316.86,16:07:56,16:11:56,240
가산,가산,departure,fato,fato-1,FPL1411002,UAM0010,procedure,engine start,58106.86,58346.86,16:08:26,16:12:26,240
천호,천호,departure,fato,fato-1,FPL1101003,UAM0046,procedure,engine start,58106.86,58346.86,16:08:26,16:12:26,240
망우,망우,departure,fato,fato-2,FPL1609003,UAM0052,procedure,engine start,58116.86,58356.86,16:08:36,16:12:36,240
성수,성수,departure,fato,fato-1,FPL0904001,UAM0022,procedure,engine start,58136.86,58376.86,16:08:56,16:12:56,240
마곡,마곡,departure,fato,fato-1,FPL1505004,UAM0042,procedure,engine start,58136.86,58376.86,16:08:56,16:12:56,240
잠실,잠실,departure,fato,fato-1,FPL0213002,UAM0039,procedure,engine start,58152.28,58392.28,16:09:12,16:13:12,240
마곡,마곡,departure,fato,fato-2,FPL1508003,UAM0055,procedure,engine start,58176.86,58416.86,16:09:36,16:13:36,240
봉천,봉천,arrival,fato,fato-1,FPL0507003,UAM0012,fatoLock,fato lock,58207.57,58267.57,16:10:07,16:11:07,60
강남,강남,arrival,fato,fato-1,FPL0713003,UAM0005,fatoLock,fato lock,58211.96,58271.96,16:10:11,16:11:11,60
광화문,광화문,arrival,fato,fato-1,FPL0612002,UAM0020,fatoLock,fato lock,58224.05,58284.05,16:10:24,16:11:24,60
강남,강남,arrival,fato,fato-2,FPL0913004,UAM0006,fatoLock,fato lock,58247.35,58307.35,16:10:47,16:11:47,60
봉천,봉천,arrival,fato,fato-1,FPL0507003,UAM0012,procedure,engine stop,58267.57,58447.57,16:11:07,16:14:07,180
강남,강남,arrival,fato,fato-1,FPL0713003,UAM0005,procedure,engine stop,58271.96,58451.96,16:11:11,16:14:11,180
광화문,광화문,arrival,fato,fato-1,FPL0612002,UAM0020,procedure,engine stop,58284.05,58464.05,16:11:24,16:14:24,180
광화문,광화문,arrival,fato,fato-2,FPL1612001,UAM0009,fatoLock,fato lock,58291.38,58351.38,16:11:31,16:12:31,60
강남,강남,arrival,fato,fato-2,FPL0913004,UAM0006,procedure,engine stop,58307.35,58487.35,16:11:47,16:14:47,180
성수,성수,arrival,fato,fato-2,FPL0809003,UAM0011,fatoLock,fato lock,58312.87,58372.87,16:11:52,16:12:52,60
가산,가산,arrival,fato,fato-2,FPL1014002,UAM0003,fatoLock,fato lock,58343.2,58403.2,16:12:23,16:13:23,60
광화문,광화문,arrival,fato,fato-2,FPL1612001,UAM0009,procedure,engine stop,58351.38,58531.38,16:12:31,16:15:31,180
성수,성수,arrival,fato,fato-2,FPL0809003,UAM0011,procedure,engine stop,58372.87,58552.87,16:12:52,16:15:52,180
망우,망우,arrival,fato,fato-1,FPL1116004,UAM0030,fatoLock,fato lock,58394,58454,16:13:13,16:14:13,60
가산,가산,arrival,fato,fato-2,FPL1014002,UAM0003,procedure,engine stop,58403.2,58583.2,16:13:23,16:16:23,180
가산,가산,arrival,fato,fato-1,FPL1514002,UAM0032,fatoLock,fato lock,58424,58484,16:13:43,16:14:43,60
망우,망우,arrival,fato,fato-1,FPL1116004,UAM0030,procedure,engine stop,58454,58634,16:14:13,16:17:13,180
마곡,마곡,departure,fato,fato-1,FPL1509002,UAM0060,procedure,engine start,58465.43,58705.43,16:14:25,16:18:25,240
여의도,여의도,arrival,fato,fato-1,FPL1701003,UAM0043,fatoLock,fato lock,58466.38,58526.38,16:14:26,16:15:26,60
가산,가산,arrival,fato,fato-1,FPL1514002,UAM0032,procedure,engine stop,58484,58664,16:14:43,16:17:43,180
천호,천호,arrival,fato,fato-1,FPL1711003,UAM0050,fatoLock,fato lock,58491.05,58551.05,16:14:51,16:15:51,60
마곡,마곡,departure,fato,fato-2,FPL1504002,UAM0065,procedure,engine start,58505.43,58745.43,16:15:05,16:19:05,240
봉천,봉천,arrival,fato,fato-1,FPL0907003,UAM0015,fatoLock,fato lock,58515.05,58575.05,16:15:15,16:16:15,60
여의도,여의도,arrival,fato,fato-1,FPL1701003,UAM0043,procedure,engine stop,58526.38,58706.38,16:15:26,16:18:26,180
잠실,잠실,arrival,fato,fato-1,FPL1402003,UAM0007,fatoLock,fato lock,58529.71,58589.71,16:15:29,16:16:29,60
천호,천호,arrival,fato,fato-2,FPL0511005,UAM0001,fatoLock,fato lock,58550.61,58610.61,16:15:50,16:16:50,60
천호,천호,arrival,fato,fato-1,FPL1711003,UAM0050,procedure,engine stop,58551.05,58731.05,16:15:51,16:18:51,180
봉천,봉천,arrival,gate,gate-1,FPL0507003,UAM0012,handling,turnaround,58565.86,59165.86,16:16:05,16:26:05,600
강남,강남,arrival,gate,gate-1,FPL0713003,UAM0005,handling,turnaround,58570.24,59170.24,16:16:10,16:26:10,600
봉천,봉천,arrival,fato,fato-1,FPL0907003,UAM0015,procedure,engine stop,58575.05,58755.05,16:16:15,16:19:15,180
광화문,광화문,arrival,gate,gate-1,FPL0612002,UAM0020,handling,turnaround,58582.33,59182.33,16:16:22,16:26:22,600
성수,성수,arrival,fato,fato-1,FPL1609003,UAM0052,fatoLock,fato lock,58584.75,58644.75,16:16:24,16:17:24,60
수서,수서,arrival,fato,fato-1,FPL0317002,UAM0035,fatoLock,fato lock,58587.77,58647.77,16:16:27,16:17:27,60
잠실,잠실,arrival,fato,fato-1,FPL1402003,UAM0007,procedure,engine stop,58589.71,58769.71,16:16:29,16:19:29,180
천호,천호,arrival,fato,fato-2,FPL0511005,UAM0001,procedure,engine stop,58610.61,58790.61,16:16:50,16:19:50,180
강남,강남,arrival,gate,gate-8,FPL0913004,UAM0006,handling,turnaround,58618.53,59218.53,16:16:58,16:26:58,600
가산,가산,arrival,fato,fato-2,FPL1114004,UAM0018,fatoLock,fato lock,58628.95,58688.95,16:17:08,16:18:08,60
강남,강남,arrival,fato,fato-1,FPL0213002,UAM0039,fatoLock,fato lock,58640.03,58700.03,16:17:20,16:18:20,60
성수,성수,arrival,fato,fato-1,FPL1609003,UAM0052,procedure,engine stop,58644.75,58824.75,16:17:24,16:20:24,180
수서,수서,arrival,fato,fato-1,FPL0317002,UAM0035,procedure,engine stop,58647.77,58827.77,16:17:27,16:20:27,180
광화문,광화문,arrival,gate,gate-8,FPL1612001,UAM0009,handling,turnaround,58649.66,59249.66,16:17:29,16:27:29,600
강남,강남,arrival,fato,fato-2,FPL0513004,UAM0059,fatoLock,fato lock,58653.56,58713.56,16:17:33,16:18:33,60
성수,성수,arrival,gate,gate-1,FPL0809003,UAM0011,handling,turnaround,58671.15,59271.15,16:17:51,16:27:51,600
용산,용산,arrival,fato,fato-1,FPL0904001,UAM0022,fatoLock,fato lock,58685.35,58745.35,16:18:05,16:19:05,60
목동,목동,arrival,fato,fato-1,FPL1505004,UAM0042,fatoLock,fato lock,58687.85,58747.85,16:18:07,16:19:07,60
가산,가산,arrival,fato,fato-2,FPL1114004,UAM0018,procedure,engine stop,58688.95,58868.95,16:18:08,16:21:08,180
가산,가산,arrival,fato,fato-1,FPL1614002,UAM0008,fatoLock,fato lock,58692.57,58752.57,16:18:12,16:19:12,60
강남,강남,arrival,fato,fato-1,FPL0213002,UAM0039,procedure,engine stop,58700.03,58880.03,16:18:20,16:21:20,180
강남,강남,arrival,fato,fato-2,FPL0513004,UAM0059,procedure,engine stop,58713.56,58893.56,16:18:33,16:21:33,180
가산,가산,arrival,gate,gate-2,FPL1014002,UAM0003,handling,turnaround,58731.49,59331.49,16:18:51,16:28:51,600
용산,용산,arrival,fato,fato-1,FPL0904001,UAM0022,procedure,engine stop,58745.35,58925.35,16:19:05,16:22:05,180
목동,목동,arrival,fato,fato-1,FPL1505004,UAM0042,procedure,engine stop,58747.85,58927.85,16:19:07,16:22:07,180
망우,망우,arrival,gate,gate-1,FPL1116004,UAM0030,handling,turnaround,58752.28,59352.28,16:19:12,16:29:12,600
가산,가산,arrival,fato,fato-1,FPL1614002,UAM0008,procedure,engine stop,58752.57,58932.57,16:19:12,16:22:12,180
천호,천호,arrival,fato,fato-1,FPL1011003,UAM0036,fatoLock,fato lock,58759.63,58819.63,16:19:19,16:20:19,60
마곡,마곡,departure,fato,fato-1,FPL1511005,UAM0066,procedure,engine start,58794,59034,16:19:53,16:23:53,240
가산,가산,arrival,gate,gate-7,FPL1514002,UAM0032,handling,turnaround,58812.28,59412.28,16:20:12,16:30:12,600
천호,천호,arrival,fato,fato-1,FPL1011003,UAM0036,procedure,engine stop,58819.63,58999.63,16:20:19,16:23:19,180
마곡,마곡,arrival,fato,fato-2,FPL0515006,UAM0013,fatoLock,fato lock,58822.57,58882.57,16:20:22,16:21:22,60
여의도,여의도,arrival,gate,gate-1,FPL1701003,UAM0043,handling,turnaround,58824.67,59424.67,16:20:24,16:30:24,600
여의도,여의도,arrival,fato,fato-1,FPL1101003,UAM0046,fatoLock,fato lock,58828.41,58888.41,16:20:28,16:21:28,60
망우,망우,arrival,fato,fato-1,FPL1516003,UAM0037,fatoLock,fato lock,58842.15,58902.15,16:20:42,16:21:42,60
봉천,봉천,arrival,gate,gate-8,FPL0907003,UAM0015,handling,turnaround,58873.34,59473.34,16:21:13,16:31:13,600
천호,천호,arrival,gate,gate-2,FPL1711003,UAM0050,handling,turnaround,58879.34,59479.34,16:21:19,16:31:19,600
마곡,마곡,arrival,fato,fato-2,FPL0515006,UAM0013,procedure,engine stop,58882.57,59062.57,16:21:22,16:24:22,180
잠실,잠실,arrival,gate,gate-1,FPL1402003,UAM0007,handling,turnaround,58888,59488,16:21:27,16:31:27,600
여의도,여의도,arrival,fato,fato-1,FPL1101003,UAM0046,procedure,engine stop,58888.41,59068.41,16:21:28,16:24:28,180
천호,천호,arrival,fato,fato-2,FPL0311001,UAM0040,fatoLock,fato lock,58900.54,58960.54,16:21:40,16:22:40,60
사당,사당,arrival,fato,fato-1,FPL1508003,UAM0055,fatoLock,fato lock,58900.72,58960.72,16:21:40,16:22:40,60
망우,망우,arrival,fato,fato-1,FPL1516003,UAM0037,procedure,engine stop,58902.15,59082.15,16:21:42,16:24:42,180
목동,목동,arrival,fato,fato-2,FPL1605002,UAM0017,fatoLock,fato lock,58915.09,58975.09,16:21:55,16:22:55,60
천호,천호,arrival,gate,gate-7,FPL0511005,UAM0001,handling,turnaround,58938.89,59538.89,16:22:18,16:32:18,600
수서,수서,arrival,gate,gate-8,FPL0317002,UAM0035,handling,turnaround,58946.05,59546.05,16:22:26,16:32:26,600
천호,천호,arrival,fato,fato-2,FPL0311001,UAM0040,procedure,engine stop,58960.54,59140.54,16:22:40,16:25:40,180
사당,사당,arrival,fato,fato-1,FPL1508003,UAM0055,procedure,engine stop,58960.72,59140.72,16:22:40,16:25:40,180
목동,목동,arrival,fato,fato-2,FPL1605002,UAM0017,procedure,engine stop,58975.09,59155.09,16:22:55,16:25:55,180
성수,성수,arrival,gate,gate-6,FPL1609003,UAM0052,handling,turnaround,59003.04,59603.04,16:23:23,16:33:23,600
천호,천호,arrival,fato,fato-1,FPL1411002,UAM0010,fatoLock,fato lock,59028.2,59088.2,16:23:48,16:24:48,60
강남,강남,arrival,gate,gate-2,FPL0213002,UAM0039,handling,turnaround,59028.31,59628.31,16:23:48,16:33:48,600
용산,용산,arrival,gate,gate-1,FPL0904001,UAM0022,handling,turnaround,59043.63,59643.63,16:24:03,16:34:03,600
목동,목동,arrival,gate,gate-1,FPL1505004,UAM0042,handling,turnaround,59046.14,59646.14,16:24:06,16:34:06,600
가산,가산,arrival,gate,gate-6,FPL1114004,UAM0018,handling,turnaround,59047.23,59647.23,16:24:07,16:34:07,600
강남,강남,arrival,gate,gate-7,FPL0513004,UAM0059,handling,turnaround,59076.6,59676.6,16:24:36,16:34:36,600
천호,천호,arrival,fato,fato-1,FPL1411002,UAM0010,procedure,engine stop,59088.2,59268.2,16:24:48,16:27:48,180
마곡,마곡,arrival,fato,fato-2,FPL1415002,UAM0021,fatoLock,fato lock,59091.14,59151.14,16:24:51,16:25:51,60
마곡,마곡,arrival,fato,fato-1,FPL1115003,UAM0034,fatoLock,fato lock,59111.14,59171.14,16:25:11,16:26:11,60
용산,용산,arrival,fato,fato-1,FPL1504002,UAM0065,fatoLock,fato lock,59123.32,59183.32,16:25:23,16:26:23,60
가산,가산,arrival,gate,gate-4,FPL1614002,UAM0008,handling,turnaround,59140.85,59740.85,16:25:40,16:35:40,600
마곡,마곡,arrival,fato,fato-2,FPL1415002,UAM0021,procedure,engine stop,59151.14,59331.14,16:25:51,16:28:51,180
마곡,마곡,arrival,fato,fato-1,FPL1115003,UAM0034,procedure,engine stop,59171.14,59351.14,16:26:11,16:29:11,180
천호,천호,arrival,gate,gate-3,FPL1011003,UAM0036,handling,turnaround,59177.91,59777.91,16:26:17,16:36:17,600
마곡,마곡,arrival,gate,gate-1,FPL0515006,UAM0013,handling,turnaround,59180.85,59780.85,16:26:20,16:36:20,600
용산,용산,arrival,fato,fato-1,FPL1504002,UAM0065,procedure,engine stop,59183.32,59363.32,16:26:23,16:29:23,180
여의도,여의도,arrival,gate,gate-8,FPL1101003,UAM0046,handling,turnaround,59186.69,59786.69,16:26:26,16:36:26,600
망우,망우,arrival,gate,gate-8,FPL1516003,UAM0037,handling,turnaround,59200.44,59800.44,16:26:40,16:36:40,600
사당,사당,arrival,gate,gate-1,FPL1508003,UAM0055,handling,turnaround,59259,59859,16:27:39,16:37:39,600
목동,목동,arrival,gate,gate-8,FPL1605002,UAM0017,handling,turnaround,59273.37,59873.37,16:27:53,16:37:53,600
봉천,봉천,departure,fato,fato-1,FPL0709003,UAM0012,procedure,engine start,59284.28,59524.28,16:28:04,16:32:04,240
강남,강남,departure,fato,fato-1,FPL1302003,UAM0005,procedure,engine start,59289.28,59529.28,16:28:09,16:32:09,240
성수,성수,arrival,fato,fato-1,FPL1509002,UAM0060,fatoLock,fato lock,59298.2,59358.2,16:28:18,16:29:18,60
광화문,광화문,departure,fato,fato-1,FPL1214003,UAM0020,procedure,engine start,59301.28,59541.28,16:28:21,16:32:21,240
강남,강남,departure,fato,fato-2,FPL1310001,UAM0006,procedure,engine start,59337.28,59577.28,16:28:57,16:32:57,240
천호,천호,arrival,gate,gate-4,FPL0311001,UAM0040,handling,turnaround,59348.82,59948.82,16:29:08,16:39:08,600
성수,성수,arrival,fato,fato-1,FPL1509002,UAM0060,procedure,engine stop,59358.2,59538.2,16:29:18,16:32:18,180
마곡,마곡,arrival,fato,fato-2,FPL0815002,UAM0038,fatoLock,fato lock,59359.71,59419.71,16:29:19,16:30:19,60
광화문,광화문,departure,fato,fato-2,FPL1201003,UAM0009,procedure,engine start,59368.28,59608.28,16:29:28,16:33:28,240
마곡,마곡,arrival,fato,fato-1,FPL0315002,UAM0002,fatoLock,fato lock,59379.71,59439.71,16:29:39,16:30:39,60
마곡,마곡,arrival,fato,fato-2,FPL0815002,UAM0038,procedure,engine stop,59419.71,59599.71,16:30:19,16:33:19,180
마곡,마곡,arrival,fato,fato-1,FPL0315002,UAM0002,procedure,engine stop,59439.71,59619.71,16:30:39,16:33:39,180
마곡,마곡,arrival,gate,gate-8,FPL1415002,UAM0021,handling,turnaround,59449.43,60049.43,16:30:49,16:40:49,600
천호,천호,arrival,gate,gate-5,FPL1411002,UAM0010,handling,turnaround,59476.48,60076.48,16:31:16,16:41:16,600
용산,용산,arrival,gate,gate-8,FPL1504002,UAM0065,handling,turnaround,59481.61,60081.61,16:31:21,16:41:21,600
마곡,마곡,arrival,gate,gate-2,FPL1115003,UAM0034,handling,turnaround,59527.71,60127.71,16:32:07,16:42:07,600
여의도,여의도,departure,fato,fato-1,FPL0105003,UAM0043,procedure,engine start,59543.28,59783.28,16:32:23,16:36:23,240
봉천,봉천,departure,fato,fato-2,FPL0704001,UAM0015,procedure,engine start,59592.28,59832.28,16:33:12,16:37:12,240
잠실,잠실,departure,fato,fato-1,FPL0215004,UAM0007,procedure,engine start,59606.28,59846.28,16:33:26,16:37:26,240
마곡,마곡,arrival,fato,fato-2,FPL1415003,UAM0004,fatoLock,fato lock,59628.28,59688.28,16:33:48,16:34:48,60
마곡,마곡,arrival,fato,fato-1,FPL0715003,UAM0014,fatoLock,fato lock,59648.28,59708.28,16:34:08,16:35:08,60
마곡,마곡,arrival,fato,fato-2,FPL1415003,UAM0004,procedure,engine stop,59688.28,59868.28,16:34:48,16:37:48,180
마곡,마곡,arrival,fato,fato-1,FPL0715003,UAM0014,procedure,engine stop,59708.28,59888.28,16:35:08,16:38:08,180
성수,성수,arrival,gate,gate-4,FPL1509002,UAM0060,handling,turnaround,59746.48,60346.48,16:35:46,16:45:46,600
용산,용산,departure,fato,fato-1,FPL0412002,UAM0022,procedure,engine start,59762.28,60002.28,16:36:02,16:40:02,240
목동,목동,departure,fato,fato-1,FPL0512004,UAM0042,procedure,engine start,59765.28,60005.28,16:36:05,16:40:05,240
잠실,잠실,arrival,fato,fato-2,FPL1302003,UAM0005,fatoLock,fato lock,59777.03,59837.03,16:36:17,16:37:17,60
강남,강남,departure,fato,fato-1,FPL1314004,UAM0039,procedure,engine start,59777.28,60017.28,16:36:17,16:40:17,240
마곡,마곡,arrival,gate,gate-3,FPL0815002,UAM0038,handling,turnaround,59778,60378,16:36:17,16:46:17,600
강남,강남,departure,fato,fato-2,FPL1315003,UAM0059,procedure,engine start,59825.28,60065.28,16:37:05,16:41:05,240
마곡,마곡,arrival,gate,gate-6,FPL0315002,UAM0002,handling,turnaround,59826.28,60426.28,16:37:06,16:47:06,600
잠실,잠실,arrival,fato,fato-2,FPL1302003,UAM0005,procedure,engine stop,59837.03,60017.03,16:37:17,16:40:17,180
여의도,여의도,arrival,fato,fato-2,FPL1201003,UAM0009,fatoLock,fato lock,59902.36,59962.36,16:38:22,16:39:22,60
여의도,여의도,departure,fato,fato-1,FPL0107002,UAM0046,procedure,engine start,59905.28,60145.28,16:38:25,16:42:25,240
목동,목동,arrival,fato,fato-2,FPL0105003,UAM0043,fatoLock,fato lock,59918.45,59978.45,16:38:38,16:39:38,60
가산,가산,arrival,fato,fato-1,FPL1214003,UAM0020,fatoLock,fato lock,59920.75,59980.75,16:38:40,16:39:40,60
성수,성수,arrival,fato,fato-1,FPL0709003,UAM0012,fatoLock,fato lock,59951.05,60011.05,16:39:11,16:40:11,60
여의도,여의도,arrival,fato,fato-2,FPL1201003,UAM0009,procedure,engine stop,59962.36,60142.36,16:39:22,16:42:22,180
목동,목동,arrival,fato,fato-2,FPL0105003,UAM0043,procedure,engine stop,59978.45,60158.45,16:39:38,16:42:38,180
가산,가산,arrival,fato,fato-1,FPL1214003,UAM0020,procedure,engine stop,59980.75,60160.75,16:39:40,16:42:40,180
성수,성수,arrival,fato,fato-1,FPL0709003,UAM0012,procedure,engine stop,60011.05,60191.05,16:40:11,16:43:11,180
연신내,연신내,arrival,fato,fato-1,FPL1310001,UAM0006,fatoLock,fato lock,60072.52,60132.52,16:41:12,16:42:12,60
마곡,마곡,arrival,gate,gate-4,FPL1415003,UAM0004,handling,turnaround,60076.57,60676.57,16:41:16,16:51:16,600
마곡,마곡,arrival,gate,gate-5,FPL0715003,UAM0014,handling,turnaround,60124.85,60724.85,16:42:04,16:52:04,600
연신내,연신내,arrival,fato,fato-1,FPL1310001,UAM0006,procedure,engine stop,60132.52,60312.52,16:42:12,16:45:12,180
잠실,잠실,arrival,gate,gate-1,FPL1302003,UAM0005,handling,turnaround,60135.31,60735.31,16:42:15,16:52:15,600
용산,용산,arrival,fato,fato-2,FPL0704001,UAM0015,fatoLock,fato lock,60148.54,60208.54,16:42:28,16:43:28,60
용산,용산,departure,fato,fato-1,FPL0403001,UAM0065,procedure,engine start,60200.28,60440.28,16:43:20,16:47:20,240
용산,용산,arrival,fato,fato-2,FPL0704001,UAM0015,procedure,engine stop,60208.54,60388.54,16:43:28,16:46:28,180
여의도,여의도,arrival,gate,gate-1,FPL1201003,UAM0009,handling,turnaround,60260.64,60860.64,16:44:20,16:54:20,600
목동,목동,arrival,gate,gate-1,FPL0105003,UAM0043,handling,turnaround,60276.73,60876.73,16:44:36,16:54:36,600
광화문,광화문,arrival,fato,fato-1,FPL0512004,UAM0042,fatoLock,fato lock,60283.72,60343.72,16:44:43,16:45:43,60
봉천,봉천,arrival,fato,fato-1,FPL0107002,UAM0046,fatoLock,fato lock,60324.1,60384.1,16:45:24,16:46:24,60
광화문,광화문,arrival,fato,fato-1,FPL0512004,UAM0042,procedure,engine stop,60343.72,60523.72,16:45:43,16:48:43,180
광화문,광화문,arrival,fato,fato-2,FPL0412002,UAM0022,fatoLock,fato lock,60347.62,60407.62,16:45:47,16:46:47,60
가산,가산,arrival,gate,gate-5,FPL1214003,UAM0020,handling,turnaround,60369.04,60969.04,16:46:09,16:56:09,600
봉천,봉천,arrival,fato,fato-1,FPL0107002,UAM0046,procedure,engine stop,60384.1,60564.1,16:46:24,16:49:24,180
성수,성수,arrival,gate,gate-5,FPL0709003,UAM0012,handling,turnaround,60399.34,60999.34,16:46:39,16:56:39,600
광화문,광화문,arrival,fato,fato-2,FPL0412002,UAM0022,procedure,engine stop,60407.62,60587.62,16:46:47,16:49:47,180
연신내,연신내,arrival,gate,gate-1,FPL1310001,UAM0006,handling,turnaround,60430.8,61030.8,16:47:10,16:57:10,600
용산,용산,arrival,gate,gate-1,FPL0704001,UAM0015,handling,turnaround,60506.82,61106.82,16:48:26,16:58:26,600
광화문,광화문,arrival,gate,gate-1,FPL0512004,UAM0042,handling,turnaround,60642,61242,16:50:42,17:00:42,600
상암,상암,arrival,fato,fato-1,FPL0403001,UAM0065,fatoLock,fato lock,60645.39,60705.39,16:50:45,16:51:45,60
봉천,봉천,arrival,gate,gate-1,FPL0107002,UAM0046,handling,turnaround,60682.38,61282.38,16:51:22,17:01:22,600
상암,상암,arrival,fato,fato-1,FPL0403001,UAM0065,procedure,engine stop,60705.39,60885.39,16:51:45,16:54:45,180
광화문,광화문,arrival,gate,gate-8,FPL0412002,UAM0022,handling,turnaround,60705.9,61305.9,16:51:45,17:01:45,600
잠실,잠실,departure,fato,fato-1,FPL0205005,UAM0005,procedure,engine start,60854.28,61094.28,16:54:14,16:58:14,240
여의도,여의도,departure,fato,fato-1,FPL0111003,UAM0009,procedure,engine start,60979.28,61219.28,16:56:19,17:00:19,240
상암,상암,arrival,gate,gate-2,FPL0403001,UAM0065,handling,turnaround,61033.67,61633.67,16:57:13,17:07:13,600
마곡,마곡,departure,gate,gate-1,FPL1503002,UAM0013,waiting,gate hold,61200,61260,17:00:00,17:01:00,60
성수,성수,departure,gate,gate-3,FPL0913005,UAM0026,waiting,gate hold,61200,61230,17:00:00,17:00:30,30
미아,미아,departure,gate,gate-1,FPL0605002,UAM0028,waiting,gate hold,61200,61230,17:00:00,17:00:30,30
연신내,연신내,departure,fato,fato-1,FPL1013003,UAM0006,procedure,engine start,61318.28,61558.28,17:01:58,17:05:58,240
성수,성수,departure,fato,fato-1,FPL0912002,UAM0011,procedure,engine start,61318.28,61558.28,17:01:58,17:05:58,240
용산,용산,departure,fato,fato-1,FPL0414002,UAM0015,procedure,engine start,61318.28,61558.28,17:01:58,17:05:58,240
목동,목동,departure,fato,fato-1,FPL0514004,UAM0017,procedure,engine start,61318.28,61558.28,17:01:58,17:05:58,240
사당,사당,departure,fato,fato-1,FPL0813003,UAM0025,procedure,engine start,61318.28,61558.28,17:01:58,17:05:58,240
망우,망우,departure,fato,fato-1,FPL1601002,UAM0030,procedure,engine start,61318.28,61558.28,17:01:58,17:05:58,240
수서,수서,departure,fato,fato-1,FPL1702002,UAM0035,procedure,engine start,61318.28,61558.28,17:01:58,17:05:58,240
천호,천호,departure,fato,fato-1,FPL1113004,UAM0001,procedure,engine start,61348.28,61588.28,17:02:28,17:06:28,240
미아,미아,departure,fato,fato-1,FPL0613003,UAM0023,procedure,engine start,61348.28,61588.28,17:02:28,17:06:28,240
상암,상암,departure,fato,fato-1,FPL0316001,UAM0045,procedure,engine start,61348.28,61588.28,17:02:28,17:06:28,240
목동,목동,departure,fato,fato-2,FPL0512005,UAM0043,procedure,engine start,61358.28,61598.28,17:02:38,17:06:38,240
연신내,연신내,departure,fato,fato-2,FPL1016001,UAM0048,procedure,engine start,61358.28,61598.28,17:02:38,17:06:38,240
수서,수서,departure,fato,fato-2,FPL1712003,UAM0051,procedure,engine start,61358.28,61598.28,17:02:38,17:06:38,240
사당,사당,departure,fato,fato-2,FPL0811003,UAM0055,procedure,engine start,61358.28,61598.28,17:02:38,17:06:38,240
광화문,광화문,departure,fato,fato-1,FPL1213005,UAM0042,procedure,engine start,61361.28,61601.28,17:02:41,17:06:41,240
마곡,마곡,departure,fato,fato-1,FPL1505005,UAM0002,procedure,engine start,61378.28,61618.28,17:02:58,17:06:58,240
미아,미아,departure,fato,fato-2,FPL0605002,UAM0028,procedure,engine start,61388.28,61628.28,17:03:08,17:07:08,240
천호,천호,departure,fato,fato-2,FPL1112002,UAM0010,procedure,engine start,61408.28,61648.28,17:03:28,17:07:28,240
성수,성수,departure,fato,fato-2,FPL0917002,UAM0012,procedure,engine start,61408.28,61648.28,17:03:28,17:07:28,240
마곡,마곡,departure,fato,fato-2,FPL1507002,UAM0004,procedure,engine start,61418.28,61658.28,17:03:38,17:07:38,240
광화문,광화문,departure,fato,fato-2,FPL1215003,UAM0022,procedure,engine start,61424.28,61664.28,17:03:44,17:07:44,240
목동,목동,arrival,fato,fato-1,FPL0205005,UAM0005,fatoLock,fato lock,61635.43,61695.43,17:07:15,17:08:15,60
성수,성수,departure,fato,fato-1,FPL0913005,UAM0026,procedure,engine start,61646.86,61886.86,17:07:26,17:11:26,240
수서,수서,departure,fato,fato-1,FPL1704001,UAM0053,procedure,engine start,61646.86,61886.86,17:07:26,17:11:26,240
천호,천호,arrival,fato,fato-1,FPL1511005,UAM0066,fatoLock,fato lock,61665.43,61725.43,17:07:45,17:08:45,60
미아,미아,departure,fato,fato-1,FPL0608002,UAM0029,procedure,engine start,61676.86,61916.86,17:07:56,17:11:56,240
목동,목동,arrival,fato,fato-1,FPL0205005,UAM0005,procedure,engine stop,61695.43,61875.43,17:08:15,17:11:15,180
마곡,마곡,departure,fato,fato-1,FPL1503002,UAM0013,procedure,engine start,61706.86,61946.86,17:08:26,17:12:26,240
미아,미아,departure,fato,fato-2,FPL0601002,UAM0044,procedure,engine start,61716.86,61956.86,17:08:36,17:12:36,240
천호,천호,arrival,fato,fato-1,FPL1511005,UAM0066,procedure,engine stop,61725.43,61905.43,17:08:45,17:11:45,180
천호,천호,arrival,fato,fato-2,FPL0111003,UAM0009,fatoLock,fato lock,61725.43,61785.43,17:08:45,17:09:45,60
잠실,잠실,arrival,fato,fato-1,FPL1702002,UAM0035,fatoLock,fato lock,61733.9,61793.9,17:08:53,17:09:53,60
마곡,마곡,departure,fato,fato-2,FPL1509003,UAM0014,procedure,engine start,61746.86,61986.86,17:09:06,17:13:06,240
천호,천호,arrival,fato,fato-2,FPL0111003,UAM0009,procedure,engine stop,61785.43,61965.43,17:09:45,17:12:45,180
잠실,잠실,arrival,fato,fato-1,FPL1702002,UAM0035,procedure,engine stop,61793.9,61973.9,17:09:53,17:12:53,180
광화문,광화문,arrival,fato,fato-1,FPL0912002,UAM0011,fatoLock,fato lock,61847.54,61907.54,17:10:47,17:11:47,60
강남,강남,arrival,fato,fato-1,FPL1113004,UAM0001,fatoLock,fato lock,61863.1,61923.1,17:11:03,17:12:03,60
강남,강남,arrival,fato,fato-2,FPL0813003,UAM0025,fatoLock,fato lock,61873.34,61933.34,17:11:13,17:12:13,60
광화문,광화문,arrival,fato,fato-2,FPL0512005,UAM0043,fatoLock,fato lock,61876.72,61936.72,17:11:16,17:12:16,60
수서,수서,arrival,fato,fato-2,FPL0917002,UAM0012,fatoLock,fato lock,61888.19,61948.19,17:11:28,17:12:28,60
광화문,광화문,arrival,fato,fato-1,FPL0912002,UAM0011,procedure,engine stop,61907.54,62087.54,17:11:47,17:14:47,180
강남,강남,arrival,fato,fato-1,FPL1113004,UAM0001,procedure,engine stop,61923.1,62103.1,17:12:03,17:15:03,180
목동,목동,arrival,fato,fato-1,FPL1505005,UAM0002,fatoLock,fato lock,61929.28,61989.28,17:12:09,17:13:09,60
강남,강남,arrival,fato,fato-2,FPL0813003,UAM0025,procedure,engine stop,61933.34,62113.34,17:12:13,17:15:13,180
광화문,광화문,arrival,fato,fato-2,FPL0512005,UAM0043,procedure,engine stop,61936.72,62116.72,17:12:16,17:15:16,180
수서,수서,arrival,fato,fato-2,FPL0917002,UAM0012,procedure,engine stop,61948.19,62128.19,17:12:28,17:15:28,180
목동,목동,arrival,fato,fato-1,FPL1505005,UAM0002,procedure,engine stop,61989.28,62169.28,17:13:09,17:16:09,180
목동,목동,arrival,gate,gate-1,FPL0205005,UAM0005,handling,turnaround,61993.71,62593.71,17:13:13,17:23:13,600
마곡,마곡,arrival,fato,fato-1,FPL0215004,UAM0007,fatoLock,fato lock,62024,62084,17:13:43,17:14:43,60
여의도,여의도,arrival,fato,fato-1,FPL1601002,UAM0030,fatoLock,fato lock,62045.74,62105.74,17:14:05,17:15:05,60
천호,천호,arrival,gate,gate-7,FPL1511005,UAM0066,handling,turnaround,62053.71,62653.71,17:14:13,17:24:13,600
마곡,마곡,arrival,fato,fato-2,FPL1715003,UAM0027,fatoLock,fato lock,62064,62124,17:14:23,17:15:23,60
봉천,봉천,arrival,fato,fato-1,FPL1507002,UAM0004,fatoLock,fato lock,62079.08,62139.08,17:14:39,17:15:39,60
마곡,마곡,arrival,fato,fato-1,FPL0215004,UAM0007,procedure,engine stop,62084,62264,17:14:43,17:17:43,180
잠실,잠실,arrival,gate,gate-1,FPL1702002,UAM0035,handling,turnaround,62092.18,62692.18,17:14:52,17:24:52,600
여의도,여의도,arrival,fato,fato-1,FPL1601002,UAM0030,procedure,engine stop,62105.74,62285.74,17:15:05,17:18:05,180
광화문,광화문,arrival,fato,fato-1,FPL1112002,UAM0010,fatoLock,fato lock,62116.11,62176.11,17:15:16,17:16:16,60
마곡,마곡,arrival,fato,fato-2,FPL1715003,UAM0027,procedure,engine stop,62124,62304,17:15:23,17:18:23,180
강남,강남,arrival,fato,fato-1,FPL0613003,UAM0023,fatoLock,fato lock,62131.67,62191.67,17:15:31,17:16:31,60
봉천,봉천,arrival,fato,fato-1,FPL1507002,UAM0004,procedure,engine stop,62139.08,62319.08,17:15:39,17:18:39,180
강남,강남,arrival,fato,fato-2,FPL1213005,UAM0042,fatoLock,fato lock,62141.92,62201.92,17:15:41,17:16:41,60
광화문,광화문,arrival,fato,fato-2,FPL1712003,UAM0051,fatoLock,fato lock,62145.29,62205.29,17:15:45,17:16:45,60
천호,천호,arrival,gate,gate-5,FPL0111003,UAM0009,handling,turnaround,62173.71,62773.71,17:16:13,17:26:13,600
광화문,광화문,arrival,fato,fato-1,FPL1112002,UAM0010,procedure,engine stop,62176.11,62356.11,17:16:16,17:19:16,180
망우,망우,arrival,fato,fato-1,FPL0316001,UAM0045,fatoLock,fato lock,62177.88,62237.88,17:16:17,17:17:17,60
상암,상암,arrival,fato,fato-1,FPL1503002,UAM0013,fatoLock,fato lock,62181.8,62241.8,17:16:21,17:17:21,60
강남,강남,arrival,fato,fato-1,FPL0613003,UAM0023,procedure,engine stop,62191.67,62371.67,17:16:31,17:19:31,180
강남,강남,arrival,fato,fato-2,FPL1213005,UAM0042,procedure,engine stop,62201.92,62381.92,17:16:41,17:19:41,180
광화문,광화문,arrival,fato,fato-2,FPL1712003,UAM0051,procedure,engine stop,62205.29,62385.29,17:16:45,17:19:45,180
광화문,광화문,arrival,gate,gate-1,FPL0912002,UAM0011,handling,turnaround,62205.83,62805.83,17:16:45,17:26:45,600
강남,강남,arrival,gate,gate-1,FPL1113004,UAM0001,handling,turnaround,62221.39,62821.39,17:17:01,17:27:01,600
망우,망우,arrival,fato,fato-1,FPL0316001,UAM0045,procedure,engine stop,62237.88,62417.88,17:17:17,17:20:17,180
상암,상암,arrival,fato,fato-1,FPL1503002,UAM0013,procedure,engine stop,62241.8,62421.8,17:17:21,17:20:21,180
수서,수서,arrival,gate,gate-1,FPL0917002,UAM0012,handling,turnaround,62246.48,62846.48,17:17:26,17:27:26,600
광화문,광화문,arrival,gate,gate-8,FPL0512005,UAM0043,handling,turnaround,62254.11,62854.11,17:17:34,17:27:34,600
강남,강남,arrival,gate,gate-8,FPL0813003,UAM0025,handling,turnaround,62269.67,62869.67,17:17:49,17:27:49,600
목동,목동,arrival,gate,gate-8,FPL1505005,UAM0002,handling,turnaround,62287.57,62887.57,17:18:07,17:28:07,600
마곡,마곡,arrival,fato,fato-1,FPL1315003,UAM0059,fatoLock,fato lock,62292.57,62352.57,17:18:12,17:19:12,60
목동,목동,arrival,fato,fato-1,FPL0605002,UAM0028,fatoLock,fato lock,62320.12,62380.12,17:18:40,17:19:40,60
망우,망우,arrival,fato,fato-2,FPL1016001,UAM0048,fatoLock,fato lock,62325.04,62385.04,17:18:45,17:19:45,60
마곡,마곡,arrival,fato,fato-2,FPL1215003,UAM0022,fatoLock,fato lock,62332.57,62392.57,17:18:52,17:19:52,60
마곡,마곡,arrival,fato,fato-1,FPL1315003,UAM0059,procedure,engine stop,62352.57,62532.57,17:19:12,17:22:12,180
용산,용산,arrival,fato,fato-1,FPL1704001,UAM0053,fatoLock,fato lock,62365.46,62425.46,17:19:25,17:20:25,60
목동,목동,arrival,fato,fato-1,FPL0605002,UAM0028,procedure,engine stop,62380.12,62560.12,17:19:40,17:22:40,180
마곡,마곡,arrival,gate,gate-1,FPL0215004,UAM0007,handling,turnaround,62382.28,62982.28,17:19:42,17:29:42,600
망우,망우,arrival,fato,fato-2,FPL1016001,UAM0048,procedure,engine stop,62385.04,62565.04,17:19:45,17:22:45,180
마곡,마곡,arrival,fato,fato-2,FPL1215003,UAM0022,procedure,engine stop,62392.57,62572.57,17:19:52,17:22:52,180
강남,강남,arrival,fato,fato-1,FPL1013003,UAM0006,fatoLock,fato lock,62400.25,62460.25,17:20:00,17:21:00,60
여의도,여의도,arrival,gate,gate-1,FPL1601002,UAM0030,handling,turnaround,62404.03,63004.03,17:20:04,17:30:04,600
강남,강남,arrival,fato,fato-2,FPL0913005,UAM0026,fatoLock,fato lock,62410.49,62470.49,17:20:10,17:21:10,60
용산,용산,arrival,fato,fato-1,FPL1704001,UAM0053,procedure,engine stop,62425.46,62605.46,17:20:25,17:23:25,180
봉천,봉천,arrival,gate,gate-8,FPL1507002,UAM0004,handling,turnaround,62437.36,63037.36,17:20:37,17:30:37,600
강남,강남,arrival,fato,fato-1,FPL1013003,UAM0006,procedure,engine stop,62460.25,62640.25,17:21:00,17:24:00,180
강남,강남,arrival,fato,fato-2,FPL0913005,UAM0026,procedure,engine stop,62470.49,62650.49,17:21:10,17:24:10,180
마곡,마곡,arrival,gate,gate-6,FPL1715003,UAM0027,handling,turnaround,62490.57,63090.57,17:21:30,17:31:30,600
광화문,광화문,arrival,gate,gate-2,FPL1112002,UAM0010,handling,turnaround,62504.4,63104.4,17:21:44,17:31:44,600
사당,사당,arrival,fato,fato-1,FPL0608002,UAM0029,fatoLock,fato lock,62512.5,62572.5,17:21:52,17:22:52,60
강남,강남,arrival,gate,gate-2,FPL0613003,UAM0023,handling,turnaround,62519.96,63119.96,17:21:59,17:31:59,600
망우,망우,arrival,gate,gate-1,FPL0316001,UAM0045,handling,turnaround,62536.16,63136.16,17:22:16,17:32:16,600
여의도,여의도,arrival,fato,fato-1,FPL0601002,UAM0044,fatoLock,fato lock,62537.93,62597.93,17:22:17,17:23:17,60
광화문,광화문,arrival,gate,gate-7,FPL1712003,UAM0051,handling,turnaround,62552.68,63152.68,17:22:32,17:32:32,600
강남,강남,arrival,gate,gate-7,FPL1213005,UAM0042,handling,turnaround,62568.24,63168.24,17:22:48,17:32:48,600
상암,상암,arrival,gate,gate-7,FPL1503002,UAM0013,handling,turnaround,62570.08,63170.08,17:22:50,17:32:50,600
사당,사당,arrival,fato,fato-1,FPL0608002,UAM0029,procedure,engine stop,62572.5,62752.5,17:22:52,17:25:52,180
성수,성수,arrival,fato,fato-1,FPL1509003,UAM0014,fatoLock,fato lock,62579.63,62639.63,17:22:59,17:23:59,60
여의도,여의도,arrival,fato,fato-1,FPL0601002,UAM0044,procedure,engine stop,62597.93,62777.93,17:23:17,17:26:17,180
성수,성수,arrival,fato,fato-1,FPL1509003,UAM0014,procedure,engine stop,62639.63,62819.63,17:23:59,17:26:59,180
목동,목동,arrival,gate,gate-2,FPL0605002,UAM0028,handling,turnaround,62708.41,63308.41,17:25:08,17:35:08,600
망우,망우,arrival,gate,gate-2,FPL1016001,UAM0048,handling,turnaround,62713.33,63313.33,17:25:13,17:35:13,600
용산,용산,arrival,gate,gate-1,FPL1704001,UAM0053,handling,turnaround,62723.75,63323.75,17:25:23,17:35:23,600
목동,목동,departure,fato,fato-1,FPL0509005,UAM0005,procedure,engine start,62726.69,62966.69,17:25:26,17:29:26,240
마곡,마곡,arrival,gate,gate-4,FPL1315003,UAM0059,handling,turnaround,62740.85,63340.85,17:25:40,17:35:40,600
마곡,마곡,arrival,gate,gate-5,FPL1215003,UAM0022,handling,turnaround,62789.14,63389.14,17:26:29,17:36:29,600
잠실,잠실,departure,fato,fato-1,FPL0217001,UAM0035,procedure,engine start,62811.28,63051.28,17:26:51,17:30:51,240
강남,강남,arrival,gate,gate-3,FPL1013003,UAM0006,handling,turnaround,62818.53,63418.53,17:26:58,17:36:58,600
강남,강남,arrival,gate,gate-6,FPL0913005,UAM0026,handling,turnaround,62866.81,63466.81,17:27:46,17:37:46,600
사당,사당,arrival,gate,gate-1,FPL0608002,UAM0029,handling,turnaround,62870.79,63470.79,17:27:50,17:37:50,600
여의도,여의도,arrival,gate,gate-8,FPL0601002,UAM0044,handling,turnaround,62896.21,63496.21,17:28:16,17:38:16,600
광화문,광화문,departure,fato,fato-1,FPL1209003,UAM0011,procedure,engine start,62924.28,63164.28,17:28:44,17:32:44,240
성수,성수,arrival,gate,gate-1,FPL1509003,UAM0014,handling,turnaround,62937.91,63537.91,17:28:57,17:38:57,600
강남,강남,departure,fato,fato-1,FPL1307002,UAM0001,procedure,engine start,62940.28,63180.28,17:29:00,17:33:00,240
광화문,광화문,departure,fato,fato-2,FPL1211003,UAM0043,procedure,engine start,62973.28,63213.28,17:29:33,17:33:33,240
강남,강남,departure,fato,fato-2,FPL1311002,UAM0025,procedure,engine start,62988.28,63228.28,17:29:48,17:33:48,240
목동,목동,departure,fato,fato-2,FPL0501001,UAM0002,procedure,engine start,63006.28,63246.28,17:30:06,17:34:06,240
여의도,여의도,departure,fato,fato-1,FPL0115002,UAM0030,procedure,engine start,63123.28,63363.28,17:32:03,17:36:03,240
수서,수서,arrival,fato,fato-1,FPL0217001,UAM0035,fatoLock,fato lock,63226.9,63286.9,17:33:46,17:34:46,60
강남,강남,departure,fato,fato-1,FPL1309003,UAM0023,procedure,engine start,63268.86,63508.86,17:34:28,17:38:28,240
수서,수서,arrival,fato,fato-1,FPL0217001,UAM0035,procedure,engine stop,63286.9,63466.9,17:34:46,17:37:46,180
강남,강남,departure,fato,fato-2,FPL1315004,UAM0042,procedure,engine start,63317.28,63557.28,17:35:17,17:39:17,240
여의도,여의도,arrival,fato,fato-2,FPL0501001,UAM0002,fatoLock,fato lock,63381.45,63441.45,17:36:21,17:37:21,60
성수,성수,arrival,fato,fato-1,FPL0509005,UAM0005,fatoLock,fato lock,63403.82,63463.82,17:36:43,17:37:43,60
봉천,봉천,arrival,fato,fato-1,FPL1307002,UAM0001,fatoLock,fato lock,63403.96,63463.96,17:36:43,17:37:43,60
여의도,여의도,arrival,fato,fato-2,FPL0501001,UAM0002,procedure,engine stop,63441.45,63621.45,17:37:21,17:40:21,180
용산,용산,departure,fato,fato-1,FPL0405002,UAM0053,procedure,engine start,63442.28,63682.28,17:37:22,17:41:22,240
성수,성수,arrival,fato,fato-2,FPL1209003,UAM0011,fatoLock,fato lock,63453.54,63513.54,17:37:33,17:38:33,60
성수,성수,arrival,fato,fato-1,FPL0509005,UAM0005,procedure,engine stop,63463.82,63643.82,17:37:43,17:40:43,180
봉천,봉천,arrival,fato,fato-1,FPL1307002,UAM0001,procedure,engine stop,63463.96,63643.96,17:37:43,17:40:43,180
성수,성수,arrival,fato,fato-2,FPL1209003,UAM0011,procedure,engine stop,63513.54,63693.54,17:38:33,17:41:33,180
수서,수서,arrival,gate,gate-8,FPL0217001,UAM0035,handling,turnaround,63585.18,64185.18,17:39:45,17:49:45,600
강남,강남,departure,fato,fato-1,FPL1305005,UAM0006,procedure,engine start,63597.43,63837.43,17:39:57,17:43:57,240
강남,강남,departure,fato,fato-2,FPL1309004,UAM0026,procedure,engine start,63645.86,63885.86,17:40:45,17:44:45,240
여의도,여의도,arrival,gate,gate-1,FPL0501001,UAM0002,handling,turnaround,63739.73,64339.73,17:42:19,17:52:19,600
봉천,봉천,arrival,gate,gate-2,FPL1307002,UAM0001,handling,turnaround,63792.24,64392.24,17:43:12,17:53:12,600
성수,성수,arrival,gate,gate-3,FPL0509005,UAM0005,handling,turnaround,63822.11,64422.11,17:43:42,17:53:42,600
목동,목동,arrival,fato,fato-1,FPL0405002,UAM0053,fatoLock,fato lock,63898.33,63958.33,17:44:58,17:45:58,60
성수,성수,arrival,gate,gate-5,FPL1209003,UAM0011,handling,turnaround,63901.83,64501.83,17:45:01,17:55:01,600
목동,목동,arrival,fato,fato-1,FPL0405002,UAM0053,procedure,engine stop,63958.33,64138.33,17:45:58,17:48:58,180
목동,목동,arrival,fato,fato-1,FPL1305005,UAM0006,fatoLock,fato lock,64204.13,64264.13,17:50:04,17:51:04,60
목동,목동,arrival,gate,gate-1,FPL0405002,UAM0053,handling,turnaround,64256.62,64856.62,17:50:56,18:00:56,600
목동,목동,arrival,fato,fato-1,FPL1305005,UAM0006,procedure,engine stop,64264.13,64444.13,17:51:04,17:54:04,180
목동,목동,arrival,gate,gate-8,FPL1305005,UAM0006,handling,turnaround,64562.42,65162.42,17:56:02,18:06:02,600
봉천,봉천,departure,gate,gate-8,FPL0705003,UAM0004,waiting,gate hold,64800,64830,18:00:00,18:00:30,30
가산,가산,departure,gate,gate-3,FPL1408002,UAM0016,waiting,gate hold,64800,64830,18:00:00,18:00:30,30
가산,가산,departure,gate,gate-6,FPL1401003,UAM0018,waiting,gate hold,64800,64830,18:00:00,18:00:30,30
마곡,마곡,departure,gate,gate-6,FPL1502003,UAM0027,waiting,gate hold,64800,64830,18:00:00,18:00:30,30
천호,천호,departure,gate,gate-6,FPL1107003,UAM0033,waiting,gate hold,64800,64830,18:00:00,18:00:30,30
천호,천호,departure,gate,gate-3,FPL1110003,UAM0036,waiting,gate hold,64800,64830,18:00:00,18:00:30,30
봉천,봉천,departure,gate,gate-1,FPL0701001,UAM0046,waiting,gate hold,64800,64830,18:00:00,18:00:30,30
상암,상암,departure,gate,gate-1,FPL0304001,UAM0054,waiting,gate hold,64800,64830,18:00:00,18:00:30,30
상암,상암,departure,gate,gate-8,FPL0302001,UAM0057,waiting,gate hold,64800,64830,18:00:00,18:00:30,30
여의도,여의도,departure,fato,fato-1,FPL0105004,UAM0002,procedure,engine start,64918.28,65158.28,18:01:58,18:05:58,240
마곡,마곡,departure,fato,fato-1,FPL1513002,UAM0007,procedure,engine start,64918.28,65158.28,18:01:58,18:05:58,240
수서,수서,departure,fato,fato-1,FPL1711004,UAM0012,procedure,engine start,64918.28,65158.28,18:01:58,18:05:58,240
사당,사당,departure,fato,fato-1,FPL0805003,UAM0029,procedure,engine start,64918.28,65158.28,18:01:58,18:05:58,240
망우,망우,departure,fato,fato-1,FPL1612002,UAM0037,procedure,engine start,64918.28,65158.28,18:01:58,18:05:58,240
봉천,봉천,departure,fato,fato-1,FPL0714002,UAM0001,procedure,engine start,64948.28,65188.28,18:02:28,18:06:28,240
가산,가산,departure,fato,fato-1,FPL1413004,UAM0003,procedure,engine start,64948.28,65188.28,18:02:28,18:06:28,240
광화문,광화문,departure,fato,fato-1,FPL1214004,UAM0010,procedure,engine start,64948.28,65188.28,18:02:28,18:06:28,240
상암,상암,departure,fato,fato-1,FPL0301001,UAM0013,procedure,engine start,64948.28,65188.28,18:02:28,18:06:28,240
목동,목동,departure,fato,fato-1,FPL0508002,UAM0028,procedure,engine start,64948.28,65188.28,18:02:28,18:06:28,240
미아,미아,departure,fato,fato-1,FPL0602002,UAM0058,procedure,engine start,64948.28,65188.28,18:02:28,18:06:28,240
마곡,마곡,departure,fato,fato-2,FPL1513003,UAM0021,procedure,engine start,64958.28,65198.28,18:02:38,18:06:38,240
수서,수서,departure,fato,fato-2,FPL1716002,UAM0035,procedure,engine start,64958.28,65198.28,18:02:38,18:06:38,240
여의도,여의도,departure,fato,fato-2,FPL0108003,UAM0044,procedure,engine start,64958.28,65198.28,18:02:38,18:06:38,240
망우,망우,departure,fato,fato-2,FPL1615002,UAM0045,procedure,engine start,64958.28,65198.28,18:02:38,18:06:38,240
사당,사당,departure,fato,fato-2,FPL0803002,UAM0056,procedure,engine start,64958.28,65198.28,18:02:38,18:06:38,240
성수,성수,departure,fato,fato-1,FPL0914002,UAM0005,procedure,engine start,64978.28,65218.28,18:02:58,18:06:58,240
봉천,봉천,departure,fato,fato-2,FPL0705003,UAM0004,procedure,engine start,64988.28,65228.28,18:03:08,18:07:08,240
광화문,광화문,departure,fato,fato-2,FPL1202001,UAM0051,procedure,engine start,64988.28,65228.28,18:03:08,18:07:08,240
상암,상암,departure,fato,fato-2,FPL0304001,UAM0054,procedure,engine start,64988.28,65228.28,18:03:08,18:07:08,240
목동,목동,departure,fato,fato-2,FPL0501002,UAM0053,procedure,engine start,64988.28,65228.28,18:03:08,18:07:08,240
가산,가산,departure,fato,fato-2,FPL1415004,UAM0008,procedure,engine start,65008.28,65248.28,18:03:28,18:07:28,240
천호,천호,departure,fato,fato-1,FPL1105003,UAM0009,procedure,engine start,65008.28,65248.28,18:03:28,18:07:28,240
성수,성수,departure,fato,fato-2,FPL0916003,UAM0011,procedure,engine start,65018.28,65258.28,18:03:38,18:07:38,240
천호,천호,departure,fato,fato-2,FPL1107003,UAM0033,procedure,engine start,65048.28,65288.28,18:04:08,18:08:08,240
마곡,마곡,departure,fato,fato-1,FPL1501002,UAM0022,procedure,engine start,65246.86,65486.86,18:07:26,18:11:26,240
가산,가산,departure,fato,fato-1,FPL1408002,UAM0016,procedure,engine start,65276.86,65516.86,18:07:56,18:11:56,240
봉천,봉천,departure,fato,fato-1,FPL0701001,UAM0046,procedure,engine start,65276.86,65516.86,18:07:56,18:11:56,240
상암,상암,departure,fato,fato-1,FPL0302001,UAM0057,procedure,engine start,65276.86,65516.86,18:07:56,18:11:56,240
목동,목동,departure,fato,fato-1,FPL0516003,UAM0006,procedure,engine start,65281.28,65521.28,18:08:01,18:12:01,240
마곡,마곡,departure,fato,fato-2,FPL1502003,UAM0027,procedure,engine start,65286.86,65526.86,18:08:06,18:12:06,240
성수,성수,arrival,fato,fato-1,FPL1309003,UAM0023,fatoLock,fato lock,65295.43,65355.43,18:08:15,18:09:15,60
목동,목동,arrival,fato,fato-2,FPL0105004,UAM0002,fatoLock,fato lock,65305.43,65365.43,18:08:25,18:09:25,60
여의도,여의도,arrival,fato,fato-1,FPL0301001,UAM0013,fatoLock,fato lock,65328.43,65388.43,18:08:48,18:09:48,60
성수,성수,arrival,fato,fato-2,FPL1309004,UAM0026,fatoLock,fato lock,65335.43,65395.43,18:08:55,18:09:55,60
가산,가산,departure,fato,fato-2,FPL1401003,UAM0018,procedure,engine start,65336.86,65576.86,18:08:56,18:12:56,240
천호,천호,departure,fato,fato-1,FPL1110003,UAM0036,procedure,engine start,65336.86,65576.86,18:08:56,18:12:56,240
성수,성수,arrival,fato,fato-1,FPL1309003,UAM0023,procedure,engine stop,65355.43,65535.43,18:09:15,18:12:15,180
여의도,여의도,arrival,fato,fato-2,FPL0501002,UAM0053,fatoLock,fato lock,65363.45,65423.45,18:09:23,18:10:23,60
목동,목동,arrival,fato,fato-2,FPL0105004,UAM0002,procedure,engine stop,65365.43,65545.43,18:09:25,18:12:25,180
천호,천호,departure,fato,fato-2,FPL1102002,UAM0040,procedure,engine start,65376.86,65616.86,18:09:36,18:13:36,240
여의도,여의도,arrival,fato,fato-1,FPL0301001,UAM0013,procedure,engine stop,65388.43,65568.43,18:09:48,18:12:48,180
성수,성수,arrival,fato,fato-2,FPL1309004,UAM0026,procedure,engine stop,65395.43,65575.43,18:09:55,18:12:55,180
광화문,광화문,arrival,fato,fato-1,FPL1612002,UAM0037,fatoLock,fato lock,65421.38,65481.38,18:10:21,18:11:21,60
여의도,여의도,arrival,fato,fato-2,FPL0501002,UAM0053,procedure,engine stop,65423.45,65603.45,18:10:23,18:13:23,180
용산,용산,arrival,fato,fato-1,FPL0304001,UAM0054,fatoLock,fato lock,65433.39,65493.39,18:10:33,18:11:33,60
사당,사당,arrival,fato,fato-1,FPL0108003,UAM0044,fatoLock,fato lock,65454.22,65514.22,18:10:54,18:11:54,60
사당,사당,arrival,fato,fato-2,FPL0508002,UAM0028,fatoLock,fato lock,65468.27,65528.27,18:11:08,18:12:08,60
광화문,광화문,arrival,fato,fato-1,FPL1612002,UAM0037,procedure,engine stop,65481.38,65661.38,18:11:21,18:14:21,180
망우,망우,arrival,fato,fato-1,FPL0916003,UAM0011,fatoLock,fato lock,65486.18,65546.18,18:11:26,18:12:26,60
용산,용산,arrival,fato,fato-1,FPL0304001,UAM0054,procedure,engine stop,65493.39,65673.39,18:11:33,18:14:33,180
사당,사당,arrival,fato,fato-1,FPL0108003,UAM0044,procedure,engine stop,65514.22,65694.22,18:11:54,18:14:54,180
상암,상암,arrival,fato,fato-2,FPL0803002,UAM0056,fatoLock,fato lock,65525.61,65585.61,18:12:05,18:13:05,60
사당,사당,arrival,fato,fato-2,FPL0508002,UAM0028,procedure,engine stop,65528.27,65708.27,18:12:08,18:15:08,180
강남,강남,arrival,fato,fato-1,FPL1413004,UAM0003,fatoLock,fato lock,65534.48,65594.48,18:12:14,18:13:14,60
망우,망우,arrival,fato,fato-2,FPL1716002,UAM0035,fatoLock,fato lock,65535.2,65595.2,18:12:15,18:13:15,60
망우,망우,arrival,fato,fato-1,FPL0916003,UAM0011,procedure,engine stop,65546.18,65726.18,18:12:26,18:15:26,180
마곡,마곡,arrival,fato,fato-1,FPL0115002,UAM0030,fatoLock,fato lock,65564,65624,18:12:43,18:13:43,60
잠실,잠실,arrival,fato,fato-1,FPL0602002,UAM0058,fatoLock,fato lock,65565.57,65625.57,18:12:45,18:13:45,60
목동,목동,arrival,fato,fato-2,FPL0705003,UAM0004,fatoLock,fato lock,65574,65634,18:12:53,18:13:53,60
상암,상암,arrival,fato,fato-2,FPL0803002,UAM0056,procedure,engine stop,65585.61,65765.61,18:13:05,18:16:05,180
가산,가산,arrival,fato,fato-1,FPL0414002,UAM0015,fatoLock,fato lock,65594,65654,18:13:13,18:14:13,60
강남,강남,arrival,fato,fato-1,FPL1413004,UAM0003,procedure,engine stop,65594.48,65774.48,18:13:14,18:16:14,180
망우,망우,arrival,fato,fato-2,FPL1716002,UAM0035,procedure,engine stop,65595.2,65775.2,18:13:15,18:16:15,180
목동,목동,arrival,fato,fato-1,FPL0805003,UAM0029,fatoLock,fato lock,65598.43,65658.43,18:13:18,18:14:18,60
마곡,마곡,arrival,fato,fato-2,FPL1315004,UAM0042,fatoLock,fato lock,65604,65664,18:13:23,18:14:23,60
마곡,마곡,arrival,fato,fato-1,FPL0115002,UAM0030,procedure,engine stop,65624,65804,18:13:43,18:16:43,180
잠실,잠실,arrival,fato,fato-1,FPL0602002,UAM0058,procedure,engine stop,65625.57,65805.57,18:13:45,18:16:45,180
목동,목동,arrival,fato,fato-2,FPL0705003,UAM0004,procedure,engine stop,65634,65814,18:13:53,18:16:53,180
가산,가산,arrival,fato,fato-1,FPL0414002,UAM0015,procedure,engine stop,65654,65834,18:14:13,18:17:13,180
가산,가산,arrival,fato,fato-2,FPL0514004,UAM0017,fatoLock,fato lock,65654,65714,18:14:13,18:15:13,60
천호,천호,arrival,fato,fato-1,FPL1311002,UAM0025,fatoLock,fato lock,65654,65714,18:14:13,18:15:13,60
목동,목동,arrival,fato,fato-1,FPL0805003,UAM0029,procedure,engine stop,65658.43,65838.43,18:14:18,18:17:18,180
목동,목동,arrival,gate,gate-1,FPL0105004,UAM0002,handling,turnaround,65663.71,66263.71,18:14:23,18:24:23,600
마곡,마곡,arrival,fato,fato-2,FPL1315004,UAM0042,procedure,engine stop,65664,65844,18:14:23,18:17:23,180
잠실,잠실,arrival,fato,fato-2,FPL1202001,UAM0051,fatoLock,fato lock,65666.48,65726.48,18:14:26,18:15:26,60
강남,강남,arrival,fato,fato-2,FPL1513002,UAM0007,fatoLock,fato lock,65680.63,65740.63,18:14:40,18:15:40,60
여의도,여의도,arrival,gate,gate-1,FPL0301001,UAM0013,handling,turnaround,65686.72,66286.72,18:14:46,18:24:46,600
천호,천호,arrival,fato,fato-2,FPL1211003,UAM0043,fatoLock,fato lock,65694,65754,18:14:53,18:15:53,60
여의도,여의도,arrival,fato,fato-1,FPL0701001,UAM0046,fatoLock,fato lock,65695.67,65755.67,18:14:55,18:15:55,60
성수,성수,arrival,gate,gate-3,FPL1309003,UAM0023,handling,turnaround,65713.71,66313.71,18:15:13,18:25:13,600
가산,가산,arrival,fato,fato-2,FPL0514004,UAM0017,procedure,engine stop,65714,65894,18:15:13,18:18:13,180
천호,천호,arrival,fato,fato-1,FPL1311002,UAM0025,procedure,engine stop,65714,65894,18:15:13,18:18:13,180
잠실,잠실,arrival,fato,fato-2,FPL1202001,UAM0051,procedure,engine stop,65726.48,65906.48,18:15:26,18:18:26,180
여의도,여의도,arrival,fato,fato-2,FPL1401003,UAM0018,fatoLock,fato lock,65734.76,65794.76,18:15:34,18:16:34,60
여의도,여의도,arrival,gate,gate-8,FPL0501002,UAM0053,handling,turnaround,65735,66335,18:15:35,18:25:35,600
강남,강남,arrival,fato,fato-2,FPL1513002,UAM0007,procedure,engine stop,65740.63,65920.63,18:15:40,18:18:40,180
천호,천호,arrival,fato,fato-2,FPL1211003,UAM0043,procedure,engine stop,65754,65934,18:15:53,18:18:53,180
여의도,여의도,arrival,fato,fato-1,FPL0701001,UAM0046,procedure,engine stop,65755.67,65935.67,18:15:55,18:18:55,180
사당,사당,arrival,fato,fato-1,FPL1408002,UAM0016,fatoLock,fato lock,65768.81,65828.81,18:16:08,18:17:08,60
광화문,광화문,arrival,gate,gate-1,FPL1612002,UAM0037,handling,turnaround,65779.66,66379.66,18:16:19,18:26:19,600
봉천,봉천,arrival,fato,fato-1,FPL1107003,UAM0033,fatoLock,fato lock,65781.02,65841.02,18:16:21,18:17:21,60
용산,용산,arrival,gate,gate-1,FPL0304001,UAM0054,handling,turnaround,65791.67,66391.67,18:16:31,18:26:31,600
성수,성수,arrival,gate,gate-5,FPL1309004,UAM0026,handling,turnaround,65792,66392,18:16:31,18:26:31,600
여의도,여의도,arrival,fato,fato-2,FPL1401003,UAM0018,procedure,engine stop,65794.76,65974.76,18:16:34,18:19:34,180
강남,강남,arrival,fato,fato-1,FPL1513003,UAM0021,fatoLock,fato lock,65803.05,65863.05,18:16:43,18:17:43,60
사당,사당,arrival,gate,gate-1,FPL0108003,UAM0044,handling,turnaround,65812.5,66412.5,18:16:52,18:26:52,600
사당,사당,arrival,fato,fato-1,FPL1408002,UAM0016,procedure,engine stop,65828.81,66008.81,18:17:08,18:20:08,180
마곡,마곡,arrival,fato,fato-1,FPL1415004,UAM0008,fatoLock,fato lock,65832.57,65892.57,18:17:12,18:18:12,60
잠실,잠실,arrival,fato,fato-1,FPL1102002,UAM0040,fatoLock,fato lock,65834.14,65894.14,18:17:14,18:18:14,60
봉천,봉천,arrival,fato,fato-1,FPL1107003,UAM0033,procedure,engine stop,65841.02,66021.02,18:17:21,18:20:21,180
목동,목동,arrival,fato,fato-2,FPL1105003,UAM0009,fatoLock,fato lock,65842.57,65902.57,18:17:22,18:18:22,60
망우,망우,arrival,gate,gate-1,FPL0916003,UAM0011,handling,turnaround,65844.47,66444.47,18:17:24,18:27:24,600
사당,사당,arrival,gate,gate-8,FPL0508002,UAM0028,handling,turnaround,65860.79,66460.79,18:17:40,18:27:40,600
가산,가산,arrival,fato,fato-1,FPL1314004,UAM0039,fatoLock,fato lock,65862.57,65922.57,18:17:42,18:18:42,60
강남,강남,arrival,fato,fato-1,FPL1513003,UAM0021,procedure,engine stop,65863.05,66043.05,18:17:43,18:20:43,180
상암,상암,arrival,gate,gate-1,FPL0803002,UAM0056,handling,turnaround,65883.89,66483.89,18:18:03,18:28:03,600
마곡,마곡,arrival,fato,fato-1,FPL1415004,UAM0008,procedure,engine stop,65892.57,66072.57,18:18:12,18:21:12,180
강남,강남,arrival,gate,gate-1,FPL1413004,UAM0003,handling,turnaround,65892.77,66492.77,18:18:12,18:28:12,600
망우,망우,arrival,gate,gate-8,FPL1716002,UAM0035,handling,turnaround,65893.48,66493.48,18:18:13,18:28:13,600
잠실,잠실,arrival,fato,fato-1,FPL1102002,UAM0040,procedure,engine stop,65894.14,66074.14,18:18:14,18:21:14,180
목동,목동,arrival,fato,fato-2,FPL1105003,UAM0009,procedure,engine stop,65902.57,66082.57,18:18:22,18:21:22,180
마곡,마곡,arrival,gate,gate-1,FPL0115002,UAM0030,handling,turnaround,65922.28,66522.28,18:18:42,18:28:42,600
가산,가산,arrival,fato,fato-1,FPL1314004,UAM0039,procedure,engine stop,65922.57,66102.57,18:18:42,18:21:42,180
천호,천호,arrival,fato,fato-1,FPL0811003,UAM0055,fatoLock,fato lock,65922.57,65982.57,18:18:42,18:19:42,60
가산,가산,arrival,fato,fato-2,FPL0714002,UAM0001,fatoLock,fato lock,65922.57,65982.57,18:18:42,18:19:42,60
잠실,잠실,arrival,gate,gate-1,FPL0602002,UAM0058,handling,turnaround,65923.86,66523.86,18:18:43,18:28:43,600
목동,목동,arrival,gate,gate-8,FPL0705003,UAM0004,handling,turnaround,65932.28,66532.28,18:18:52,18:28:52,600
마곡,마곡,arrival,fato,fato-2,FPL1615002,UAM0045,fatoLock,fato lock,65952.15,66012.15,18:19:12,18:20:12,60
천호,천호,arrival,fato,fato-2,FPL1711004,UAM0012,fatoLock,fato lock,65962.57,66022.57,18:19:22,18:20:22,60
여의도,여의도,arrival,fato,fato-1,FPL1501002,UAM0022,fatoLock,fato lock,65964.24,66024.24,18:19:24,18:20:24,60
마곡,마곡,arrival,gate,gate-8,FPL1315004,UAM0042,handling,turnaround,65970.57,66570.57,18:19:30,18:29:30,600
가산,가산,arrival,gate,gate-2,FPL0414002,UAM0015,handling,turnaround,65982.28,66582.28,18:19:42,18:29:42,600
천호,천호,arrival,fato,fato-1,FPL0811003,UAM0055,procedure,engine stop,65982.57,66162.57,18:19:42,18:22:42,180
가산,가산,arrival,fato,fato-2,FPL0714002,UAM0001,procedure,engine stop,65982.57,66162.57,18:19:42,18:22:42,180
목동,목동,arrival,gate,gate-2,FPL0805003,UAM0029,handling,turnaround,66010.57,66610.57,18:20:10,18:30:10,600
마곡,마곡,arrival,fato,fato-2,FPL1615002,UAM0045,procedure,engine stop,66012.15,66192.15,18:20:12,18:23:12,180
천호,천호,arrival,fato,fato-2,FPL1711004,UAM0012,procedure,engine stop,66022.57,66202.57,18:20:22,18:23:22,180
여의도,여의도,arrival,fato,fato-1,FPL1501002,UAM0022,procedure,engine stop,66024.24,66204.24,18:20:24,18:23:24,180
잠실,잠실,arrival,gate,gate-8,FPL1202001,UAM0051,handling,turnaround,66024.76,66624.76,18:20:24,18:30:24,600
강남,강남,arrival,gate,gate-8,FPL1513002,UAM0007,handling,turnaround,66038.91,66638.91,18:20:38,18:30:38,600
잠실,잠실,arrival,fato,fato-2,FPL0302001,UAM0057,fatoLock,fato lock,66063.65,66123.65,18:21:03,18:22:03,60
가산,가산,arrival,gate,gate-3,FPL0514004,UAM0017,handling,turnaround,66072.28,66672.28,18:21:12,18:31:12,600
천호,천호,arrival,gate,gate-3,FPL1311002,UAM0025,handling,turnaround,66072.28,66672.28,18:21:12,18:31:12,600
여의도,여의도,arrival,gate,gate-2,FPL0701001,UAM0046,handling,turnaround,66083.95,66683.95,18:21:23,18:31:23,600
망우,망우,arrival,fato,fato-1,FPL0516003,UAM0006,fatoLock,fato lock,66119.51,66179.51,18:21:59,18:22:59,60
천호,천호,arrival,gate,gate-6,FPL1211003,UAM0043,handling,turnaround,66120.57,66720.57,18:22:00,18:32:00,600
잠실,잠실,arrival,fato,fato-2,FPL0302001,UAM0057,procedure,engine stop,66123.65,66303.65,18:22:03,18:25:03,180
여의도,여의도,arrival,gate,gate-7,FPL1401003,UAM0018,handling,turnaround,66132.24,66732.24,18:22:12,18:32:12,600
봉천,봉천,arrival,gate,gate-1,FPL1107003,UAM0033,handling,turnaround,66139.31,66739.31,18:22:19,18:32:19,600
사당,사당,arrival,gate,gate-2,FPL1408002,UAM0016,handling,turnaround,66157.1,66757.1,18:22:37,18:32:37,600
망우,망우,arrival,fato,fato-1,FPL0516003,UAM0006,procedure,engine stop,66179.51,66359.51,18:22:59,18:25:59,180
강남,강남,arrival,gate,gate-2,FPL1513003,UAM0021,handling,turnaround,66191.34,66791.34,18:23:11,18:33:11,600
잠실,잠실,arrival,gate,gate-2,FPL1102002,UAM0040,handling,turnaround,66222.43,66822.43,18:23:42,18:33:42,600
잠실,잠실,arrival,fato,fato-1,FPL1502003,UAM0027,fatoLock,fato lock,66230.19,66290.19,18:23:50,18:24:50,60
목동,목동,arrival,gate,gate-7,FPL1105003,UAM0009,handling,turnaround,66230.85,66830.85,18:23:50,18:33:50,600
마곡,마곡,arrival,gate,gate-6,FPL1415004,UAM0008,handling,turnaround,66250.85,66850.85,18:24:10,18:34:10,600
가산,가산,arrival,gate,gate-6,FPL1314004,UAM0039,handling,turnaround,66280.85,66880.85,18:24:40,18:34:40,600
잠실,잠실,arrival,fato,fato-1,FPL1502003,UAM0027,procedure,engine stop,66290.19,66470.19,18:24:50,18:27:50,180
연신내,연신내,arrival,fato,fato-1,FPL1110003,UAM0036,fatoLock,fato lock,66297.71,66357.71,18:24:57,18:25:57,60
연신내,연신내,arrival,fato,fato-1,FPL1110003,UAM0036,procedure,engine stop,66357.71,66537.71,18:25:57,18:28:57,180
천호,천호,arrival,gate,gate-4,FPL0811003,UAM0055,handling,turnaround,66370.85,66970.85,18:26:10,18:36:10,600
가산,가산,arrival,gate,gate-4,FPL0714002,UAM0001,handling,turnaround,66370.85,66970.85,18:26:10,18:36:10,600
목동,목동,departure,fato,fato-1,FPL0509006,UAM0002,procedure,engine start,66382.28,66622.28,18:26:22,18:30:22,240
여의도,여의도,arrival,gate,gate-3,FPL1501002,UAM0022,handling,turnaround,66382.52,66982.52,18:26:22,18:36:22,600
마곡,마곡,arrival,gate,gate-5,FPL1615002,UAM0045,handling,turnaround,66400.44,67000.44,18:26:40,18:36:40,600
여의도,여의도,departure,fato,fato-1,FPL0110002,UAM0013,procedure,engine start,66405.28,66645.28,18:26:45,18:30:45,240
천호,천호,arrival,gate,gate-5,FPL1711004,UAM0012,handling,turnaround,66419.14,67019.14,18:26:59,18:36:59,600
잠실,잠실,arrival,gate,gate-7,FPL0302001,UAM0057,handling,turnaround,66451.93,67051.93,18:27:31,18:37:31,600
망우,망우,arrival,gate,gate-7,FPL0516003,UAM0006,handling,turnaround,66507.8,67107.8,18:28:27,18:38:27,600
용산,용산,departure,fato,fato-1,FPL0409001,UAM0054,procedure,engine start,66510.28,66750.28,18:28:30,18:32:30,240
사당,사당,departure,fato,fato-1,FPL0801002,UAM0044,procedure,engine start,66531.28,66771.28,18:28:51,18:32:51,240
사당,사당,departure,fato,fato-2,FPL0802001,UAM0028,procedure,engine start,66579.28,66819.28,18:29:39,18:33:39,240
강남,강남,departure,fato,fato-1,FPL1311003,UAM0003,procedure,engine start,66611.28,66851.28,18:30:11,18:34:11,240
잠실,잠실,departure,fato,fato-1,FPL0214003,UAM0058,procedure,engine start,66642.28,66882.28,18:30:42,18:34:42,240
잠실,잠실,arrival,gate,gate-3,FPL1502003,UAM0027,handling,turnaround,66648.47,67248.47,18:30:48,18:40:48,600
목동,목동,departure,fato,fato-2,FPL0511006,UAM0004,procedure,engine start,66651.28,66891.28,18:30:51,18:34:51,240
연신내,연신내,arrival,gate,gate-1,FPL1110003,UAM0036,handling,turnaround,66655.99,67255.99,18:30:55,18:40:55,600
잠실,잠실,departure,fato,fato-2,FPL0213003,UAM0051,procedure,engine start,66743.28,66983.28,18:32:23,18:36:23,240
강남,강남,departure,fato,fato-2,FPL1309005,UAM0007,procedure,engine start,66757.28,66997.28,18:32:37,18:36:37,240
강남,강남,departure,fato,fato-1,FPL1307003,UAM0021,procedure,engine start,66940.28,67180.28,18:35:40,18:39:40,240
연신내,연신내,arrival,fato,fato-1,FPL0110002,UAM0013,fatoLock,fato lock,66944.81,67004.81,18:35:44,18:36:44,60
잠실,잠실,departure,fato,fato-1,FPL0207002,UAM0040,procedure,engine start,66971.28,67211.28,18:36:11,18:40:11,240
연신내,연신내,arrival,fato,fato-1,FPL0110002,UAM0013,procedure,engine stop,67004.81,67184.81,18:36:44,18:39:44,180
여의도,여의도,arrival,fato,fato-1,FPL0801002,UAM0044,fatoLock,fato lock,67027.22,67087.22,18:37:07,18:38:07,60
여의도,여의도,arrival,fato,fato-1,FPL0801002,UAM0044,procedure,engine stop,67087.22,67267.22,18:38:07,18:41:07,180
잠실,잠실,arrival,fato,fato-2,FPL0802001,UAM0028,fatoLock,fato lock,67100.6,67160.6,18:38:20,18:39:20,60
잠실,잠실,arrival,fato,fato-2,FPL0802001,UAM0028,procedure,engine stop,67160.6,67340.6,18:39:20,18:42:20,180
강남,강남,arrival,fato,fato-2,FPL0213003,UAM0051,fatoLock,fato lock,67231.03,67291.03,18:40:31,18:41:31,60
강남,강남,arrival,fato,fato-2,FPL0213003,UAM0051,procedure,engine stop,67291.03,67471.03,18:41:31,18:44:31,180
연신내,연신내,arrival,gate,gate-8,FPL0110002,UAM0013,handling,turnaround,67303.09,67903.09,18:41:43,18:51:43,600
연신내,연신내,departure,fato,fato-1,FPL1016002,UAM0036,procedure,engine start,67374.28,67614.28,18:42:54,18:46:54,240
여의도,여의도,arrival,gate,gate-1,FPL0801002,UAM0044,handling,turnaround,67385.5,67985.5,18:43:05,18:53:05,600
봉천,봉천,arrival,fato,fato-1,FPL1307003,UAM0021,fatoLock,fato lock,67403.96,67463.96,18:43:23,18:44:23,60
잠실,잠실,arrival,gate,gate-1,FPL0802001,UAM0028,handling,turnaround,67458.89,68058.89,18:44:18,18:54:18,600
봉천,봉천,arrival,fato,fato-1,FPL1307003,UAM0021,procedure,engine stop,67463.96,67643.96,18:44:23,18:47:23,180
봉천,봉천,arrival,fato,fato-2,FPL0207002,UAM0040,fatoLock,fato lock,67564.79,67624.79,18:46:04,18:47:04,60
강남,강남,arrival,gate,gate-1,FPL0213003,UAM0051,handling,turnaround,67589.31,68189.31,18:46:29,18:56:29,600
봉천,봉천,arrival,fato,fato-2,FPL0207002,UAM0040,procedure,engine stop,67624.79,67804.79,18:47:04,18:50:04,180
봉천,봉천,arrival,gate,gate-8,FPL1307003,UAM0021,handling,turnaround,67762.24,68362.24,18:49:22,18:59:22,600
봉천,봉천,arrival,gate,gate-2,FPL0207002,UAM0040,handling,turnaround,67953.07,68553.07,18:52:33,19:02:33,600
연신내,연신내,departure,fato,fato-1,FPL1006001,UAM0013,procedure,engine start,68022.28,68262.28,18:53:42,18:57:42,240
강남,강남,departure,fato,fato-1,FPL1302004,UAM0051,procedure,engine start,68308.28,68548.28,18:58:28,19:02:28,240
망우,망우,arrival,fato,fato-1,FPL1016002,UAM0036,fatoLock,fato lock,68341.04,68401.04,18:59:01,19:00:01,60
가산,가산,departure,gate,gate-3,FPL1404001,UAM0017,waiting,gate hold,68400,68430,19:00:00,19:00:30,30
가산,가산,departure,gate,gate-1,FPL1411003,UAM0019,waiting,gate hold,68400,68430,19:00:00,19:00:30,30
천호,천호,departure,gate,gate-3,FPL1105004,UAM0025,waiting,gate hold,68400,68430,19:00:00,19:00:30,30
천호,천호,departure,gate,gate-6,FPL1106002,UAM0043,waiting,gate hold,68400,68430,19:00:00,19:00:30,30
여의도,여의도,departure,gate,gate-1,FPL0117003,UAM0044,waiting,gate hold,68400,68430,19:00:00,19:00:30,30
천호,천호,departure,gate,gate-1,FPL1103003,UAM0047,waiting,gate hold,68400,68530,19:00:00,19:02:10,130
천호,천호,departure,gate,gate-2,FPL1117003,UAM0050,waiting,gate hold,68400,68460,19:00:00,19:01:00,60
잠실,잠실,departure,gate,gate-7,FPL0201002,UAM0057,waiting,gate hold,68400,68430,19:00:00,19:00:30,30
망우,망우,arrival,fato,fato-1,FPL1016002,UAM0036,procedure,engine stop,68401.04,68581.04,19:00:01,19:03:01,180
성수,성수,departure,fato,fato-1,FPL0901003,UAM0014,procedure,engine start,68518.28,68758.28,19:01:58,19:05:58,240
봉천,봉천,departure,fato,fato-1,FPL0702002,UAM0021,procedure,engine start,68518.28,68758.28,19:01:58,19:05:58,240
잠실,잠실,departure,fato,fato-2,FPL0217002,UAM0028,procedure,engine start,68518.28,68758.28,19:01:58,19:05:58,240
마곡,마곡,departure,fato,fato-2,FPL1510002,UAM0030,procedure,engine start,68518.28,68758.28,19:01:58,19:05:58,240
광화문,광화문,departure,fato,fato-1,FPL1208002,UAM0037,procedure,engine start,68518.28,68758.28,19:01:58,19:05:58,240
상암,상암,departure,fato,fato-1,FPL0305003,UAM0056,procedure,engine start,68518.28,68758.28,19:01:58,19:05:58,240
망우,망우,departure,fato,fato-2,FPL1611003,UAM0006,procedure,engine start,68548.28,68788.28,19:02:28,19:06:28,240
목동,목동,departure,fato,fato-1,FPL0513005,UAM0009,procedure,engine start,68548.28,68788.28,19:02:28,19:06:28,240
가산,가산,departure,fato,fato-2,FPL1409004,UAM0015,procedure,engine start,68548.28,68788.28,19:02:28,19:06:28,240
사당,사당,departure,fato,fato-1,FPL0813004,UAM0016,procedure,engine start,68548.28,68788.28,19:02:28,19:06:28,240
여의도,여의도,departure,fato,fato-1,FPL0113003,UAM0018,procedure,engine start,68548.28,68788.28,19:02:28,19:06:28,240
봉천,봉천,departure,fato,fato-2,FPL0716002,UAM0033,procedure,engine start,68558.28,68798.28,19:02:38,19:06:38,240
마곡,마곡,departure,fato,fato-1,FPL1501003,UAM0008,procedure,engine start,68578.28,68818.28,19:02:58,19:06:58,240
성수,성수,departure,fato,fato-2,FPL0910001,UAM0023,procedure,engine start,68578.28,68818.28,19:02:58,19:06:58,240
잠실,잠실,departure,fato,fato-1,FPL0214004,UAM0027,procedure,engine start,68578.28,68818.28,19:02:58,19:06:58,240
여의도,여의도,departure,fato,fato-2,FPL0116002,UAM0022,procedure,engine start,68588.28,68828.28,19:03:08,19:07:08,240
목동,목동,departure,fato,fato-2,FPL0516004,UAM0029,procedure,engine start,68588.28,68828.28,19:03:08,19:07:08,240
가산,가산,departure,fato,fato-1,FPL1416003,UAM0001,procedure,engine start,68608.28,68848.28,19:03:28,19:07:28,240
천호,천호,departure,fato,fato-1,FPL1113005,UAM0012,procedure,engine start,68608.28,68848.28,19:03:28,19:07:28,240
상암,상암,departure,fato,fato-2,FPL0301002,UAM0061,procedure,engine start,68608.28,68848.28,19:03:28,19:07:28,240
천호,천호,departure,fato,fato-2,FPL1105004,UAM0025,procedure,engine start,68648.28,68888.28,19:04:08,19:08:08,240
망우,망우,arrival,gate,gate-6,FPL1016002,UAM0036,handling,turnaround,68759.33,69359.33,19:05:59,19:15:59,600
성수,성수,arrival,fato,fato-1,FPL0509006,UAM0002,fatoLock,fato lock,68835.43,68895.43,19:07:15,19:08:15,60
잠실,잠실,departure,fato,fato-2,FPL0201002,UAM0057,procedure,engine start,68846.86,69086.86,19:07:26,19:11:26,240
상암,상암,departure,fato,fato-1,FPL0302002,UAM0065,procedure,engine start,68846.86,69086.86,19:07:26,19:11:26,240
봉천,봉천,departure,fato,fato-1,FPL0705004,UAM0040,procedure,engine start,68846.86,69086.86,19:07:26,19:11:26,240
가산,가산,departure,fato,fato-2,FPL1404001,UAM0017,procedure,engine start,68876.86,69116.86,19:07:56,19:11:56,240
여의도,여의도,departure,fato,fato-1,FPL0117003,UAM0044,procedure,engine start,68876.86,69116.86,19:07:56,19:11:56,240
성수,성수,arrival,fato,fato-1,FPL0509006,UAM0002,procedure,engine stop,68895.43,69075.43,19:08:15,19:11:15,180
성수,성수,arrival,fato,fato-2,FPL1309005,UAM0007,fatoLock,fato lock,68895.43,68955.43,19:08:15,19:09:15,60
잠실,잠실,arrival,fato,fato-1,FPL1302004,UAM0051,fatoLock,fato lock,68895.43,68955.43,19:08:15,19:09:15,60
목동,목동,arrival,fato,fato-1,FPL0305003,UAM0056,fatoLock,fato lock,68908.44,68968.44,19:08:28,19:09:28,60
여의도,여의도,departure,fato,fato-2,FPL0111004,UAM0046,procedure,engine start,68916.86,69156.86,19:08:36,19:12:36,240
수서,수서,arrival,fato,fato-1,FPL0217002,UAM0028,fatoLock,fato lock,68933.9,68993.9,19:08:53,19:09:53,60
가산,가산,departure,fato,fato-1,FPL1411003,UAM0019,procedure,engine start,68936.86,69176.86,19:08:56,19:12:56,240
천호,천호,departure,fato,fato-1,FPL1106002,UAM0043,procedure,engine start,68936.86,69176.86,19:08:56,19:12:56,240
성수,성수,arrival,fato,fato-2,FPL1309005,UAM0007,procedure,engine stop,68955.43,69135.43,19:09:15,19:12:15,180
잠실,잠실,arrival,fato,fato-1,FPL1302004,UAM0051,procedure,engine stop,68955.43,69135.43,19:09:15,19:12:15,180
목동,목동,arrival,fato,fato-1,FPL0305003,UAM0056,procedure,engine stop,68968.44,69148.44,19:09:28,19:12:28,180
천호,천호,departure,fato,fato-2,FPL1103003,UAM0047,procedure,engine start,68976.86,69216.86,19:09:36,19:13:36,240
수서,수서,arrival,fato,fato-1,FPL0217002,UAM0028,procedure,engine stop,68993.9,69173.9,19:09:53,19:12:53,180
강남,강남,arrival,fato,fato-1,FPL0113003,UAM0018,fatoLock,fato lock,69044.22,69104.22,19:10:44,19:11:44,60
연신내,연신내,arrival,fato,fato-1,FPL1510002,UAM0030,fatoLock,fato lock,69082.43,69142.43,19:11:22,19:12:22,60
미아,미아,arrival,fato,fato-1,FPL1006001,UAM0013,fatoLock,fato lock,69082.65,69142.65,19:11:22,19:12:22,60
강남,강남,arrival,fato,fato-2,FPL0813004,UAM0016,fatoLock,fato lock,69103.34,69163.34,19:11:43,19:12:43,60
강남,강남,arrival,fato,fato-1,FPL0113003,UAM0018,procedure,engine stop,69104.22,69284.22,19:11:44,19:14:44,180
연신내,연신내,arrival,fato,fato-1,FPL1510002,UAM0030,procedure,engine stop,69142.43,69322.43,19:12:22,19:15:22,180
미아,미아,arrival,fato,fato-1,FPL1006001,UAM0013,procedure,engine stop,69142.65,69322.65,19:12:22,19:15:22,180
강남,강남,arrival,fato,fato-2,FPL0813004,UAM0016,procedure,engine stop,69163.34,69343.34,19:12:43,19:15:43,180
잠실,잠실,arrival,fato,fato-1,FPL0702002,UAM0021,fatoLock,fato lock,69164,69224,19:12:43,19:13:43,60
성수,성수,arrival,gate,gate-1,FPL0509006,UAM0002,handling,turnaround,69193.71,69793.71,19:13:13,19:23:13,600
가산,가산,arrival,fato,fato-2,FPL0914002,UAM0005,fatoLock,fato lock,69194,69254,19:13:13,19:14:13,60
여의도,여의도,arrival,fato,fato-1,FPL0301002,UAM0061,fatoLock,fato lock,69194,69254,19:13:13,19:14:13,60
사당,사당,arrival,fato,fato-1,FPL1208002,UAM0037,fatoLock,fato lock,69217.32,69277.32,19:13:37,19:14:37,60
잠실,잠실,arrival,fato,fato-1,FPL0702002,UAM0021,procedure,engine stop,69224,69404,19:13:43,19:16:43,180
여의도,여의도,arrival,fato,fato-2,FPL0901003,UAM0014,fatoLock,fato lock,69234,69294,19:13:53,19:14:53,60
잠실,잠실,arrival,gate,gate-1,FPL1302004,UAM0051,handling,turnaround,69253.71,69853.71,19:14:13,19:24:13,600
가산,가산,arrival,fato,fato-2,FPL0914002,UAM0005,procedure,engine stop,69254,69434,19:14:13,19:17:13,180
가산,가산,arrival,fato,fato-1,FPL1214004,UAM0010,fatoLock,fato lock,69254,69314,19:14:13,19:15:13,60
여의도,여의도,arrival,fato,fato-1,FPL0301002,UAM0061,procedure,engine stop,69254,69434,19:14:13,19:17:13,180
천호,천호,departure,fato,fato-1,FPL1117003,UAM0050,procedure,engine start,69265.43,69505.43,19:14:25,19:18:25,240
목동,목동,arrival,gate,gate-1,FPL0305003,UAM0056,handling,turnaround,69266.73,69866.73,19:14:26,19:24:26,600
사당,사당,arrival,fato,fato-1,FPL1208002,UAM0037,procedure,engine stop,69277.32,69457.32,19:14:37,19:17:37,180
수서,수서,arrival,gate,gate-1,FPL0217002,UAM0028,handling,turnaround,69292.18,69892.18,19:14:52,19:24:52,600
천호,천호,arrival,fato,fato-2,FPL1311003,UAM0003,fatoLock,fato lock,69294,69354,19:14:53,19:15:53,60
여의도,여의도,arrival,fato,fato-2,FPL0901003,UAM0014,procedure,engine stop,69294,69474,19:14:53,19:17:53,180
목동,목동,arrival,fato,fato-1,FPL0705004,UAM0040,fatoLock,fato lock,69296.15,69356.15,19:14:56,19:15:56,60
강남,강남,arrival,fato,fato-1,FPL1113005,UAM0012,fatoLock,fato lock,69312.79,69372.79,19:15:12,19:16:12,60
성수,성수,arrival,gate,gate-3,FPL1309005,UAM0007,handling,turnaround,69313.71,69913.71,19:15:13,19:25:13,600
가산,가산,arrival,fato,fato-1,FPL1214004,UAM0010,procedure,engine stop,69314,69494,19:15:13,19:18:13,180
망우,망우,arrival,fato,fato-1,FPL0116002,UAM0022,fatoLock,fato lock,69315.74,69375.74,19:15:15,19:16:15,60
망우,망우,arrival,fato,fato-2,FPL0716002,UAM0033,fatoLock,fato lock,69334.26,69394.26,19:15:34,19:16:34,60
천호,천호,arrival,fato,fato-2,FPL1311003,UAM0003,procedure,engine stop,69354,69534,19:15:53,19:18:53,180
목동,목동,arrival,fato,fato-1,FPL0705004,UAM0040,procedure,engine stop,69356.15,69536.15,19:15:56,19:18:56,180
강남,강남,arrival,fato,fato-2,FPL0513005,UAM0009,fatoLock,fato lock,69371.92,69431.92,19:16:11,19:17:11,60
강남,강남,arrival,fato,fato-1,FPL1113005,UAM0012,procedure,engine stop,69372.79,69552.79,19:16:12,19:19:12,180
망우,망우,arrival,fato,fato-1,FPL0116002,UAM0022,procedure,engine stop,69375.74,69555.74,19:16:15,19:19:15,180
연신내,연신내,arrival,fato,fato-1,FPL0910001,UAM0023,fatoLock,fato lock,69383.94,69443.94,19:16:23,19:17:23,60
망우,망우,arrival,fato,fato-2,FPL0716002,UAM0033,procedure,engine stop,69394.26,69574.26,19:16:34,19:19:34,180
강남,강남,arrival,gate,gate-1,FPL0113003,UAM0018,handling,turnaround,69402.5,70002.5,19:16:42,19:26:42,600
용산,용산,arrival,fato,fato-1,FPL1404001,UAM0017,fatoLock,fato lock,69416.61,69476.61,19:16:56,19:17:56,60
강남,강남,arrival,fato,fato-2,FPL0513005,UAM0009,procedure,engine stop,69431.92,69611.92,19:17:11,19:20:11,180
연신내,연신내,arrival,gate,gate-1,FPL1510002,UAM0030,handling,turnaround,69440.72,70040.72,19:17:20,19:27:20,600
미아,미아,arrival,gate,gate-1,FPL1006001,UAM0013,handling,turnaround,69440.94,70040.94,19:17:20,19:27:20,600
연신내,연신내,arrival,fato,fato-1,FPL0910001,UAM0023,procedure,engine stop,69443.94,69623.94,19:17:23,19:20:23,180
강남,강남,arrival,gate,gate-8,FPL0813004,UAM0016,handling,turnaround,69461.63,70061.63,19:17:41,19:27:41,600
가산,가산,arrival,fato,fato-2,FPL0214003,UAM0058,fatoLock,fato lock,69462.57,69522.57,19:17:42,19:18:42,60
여의도,여의도,arrival,fato,fato-1,FPL1501003,UAM0008,fatoLock,fato lock,69462.57,69522.57,19:17:42,19:18:42,60
용산,용산,arrival,fato,fato-1,FPL1404001,UAM0017,procedure,engine stop,69476.61,69656.61,19:17:56,19:20:56,180
목동,목동,arrival,fato,fato-2,FPL1105004,UAM0025,fatoLock,fato lock,69480.61,69540.61,19:18:00,19:19:00,60
미아,미아,arrival,fato,fato-1,FPL1106002,UAM0043,fatoLock,fato lock,69520.47,69580.47,19:18:40,19:19:40,60
잠실,잠실,arrival,gate,gate-8,FPL0702002,UAM0021,handling,turnaround,69522.28,70122.28,19:18:42,19:28:42,600
가산,가산,arrival,fato,fato-2,FPL0214003,UAM0058,procedure,engine stop,69522.57,69702.57,19:18:42,19:21:42,180
여의도,여의도,arrival,fato,fato-1,FPL1501003,UAM0008,procedure,engine stop,69522.57,69702.57,19:18:42,19:21:42,180
가산,가산,arrival,fato,fato-1,FPL0214004,UAM0027,fatoLock,fato lock,69522.57,69582.57,19:18:42,19:19:42,60
목동,목동,arrival,fato,fato-2,FPL1105004,UAM0025,procedure,engine stop,69540.61,69720.61,19:19:00,19:22:00,180
여의도,여의도,arrival,fato,fato-2,FPL0201002,UAM0057,fatoLock,fato lock,69541.33,69601.33,19:19:01,19:20:01,60
가산,가산,arrival,gate,gate-1,FPL0914002,UAM0005,handling,turnaround,69552.28,70152.28,19:19:12,19:29:12,600
여의도,여의도,arrival,gate,gate-1,FPL0301002,UAM0061,handling,turnaround,69552.28,70152.28,19:19:12,19:29:12,600
천호,천호,arrival,fato,fato-2,FPL0511006,UAM0004,fatoLock,fato lock,69562.57,69622.57,19:19:22,19:20:22,60
사당,사당,arrival,gate,gate-1,FPL1208002,UAM0037,handling,turnaround,69575.61,70175.61,19:19:35,19:29:35,600
미아,미아,arrival,fato,fato-1,FPL1106002,UAM0043,procedure,engine stop,69580.47,69760.47,19:19:40,19:22:40,180
천호,천호,arrival,fato,fato-1,FPL1611003,UAM0006,fatoLock,fato lock,69582.57,69642.57,19:19:42,19:20:42,60
가산,가산,arrival,fato,fato-1,FPL0214004,UAM0027,procedure,engine stop,69582.57,69762.57,19:19:42,19:22:42,180
수서,수서,arrival,fato,fato-1,FPL0117003,UAM0044,fatoLock,fato lock,69584.95,69644.95,19:19:44,19:20:44,60
여의도,여의도,arrival,fato,fato-2,FPL0201002,UAM0057,procedure,engine stop,69601.33,69781.33,19:20:01,19:23:01,180
천호,천호,arrival,fato,fato-2,FPL0511006,UAM0004,procedure,engine stop,69622.57,69802.57,19:20:22,19:23:22,180
여의도,여의도,arrival,gate,gate-2,FPL0901003,UAM0014,handling,turnaround,69630.57,70230.57,19:20:30,19:30:30,600
잠실,잠실,arrival,fato,fato-1,FPL0302002,UAM0065,fatoLock,fato lock,69633.65,69693.65,19:20:33,19:21:33,60
가산,가산,arrival,gate,gate-2,FPL1214004,UAM0010,handling,turnaround,69642.28,70242.28,19:20:42,19:30:42,600
천호,천호,arrival,fato,fato-1,FPL1611003,UAM0006,procedure,engine stop,69642.57,69822.57,19:20:42,19:23:42,180
수서,수서,arrival,fato,fato-1,FPL0117003,UAM0044,procedure,engine stop,69644.95,69824.95,19:20:44,19:23:44,180
천호,천호,arrival,gate,gate-1,FPL1311003,UAM0003,handling,turnaround,69652.28,70252.28,19:20:52,19:30:52,600
목동,목동,arrival,gate,gate-8,FPL0705004,UAM0040,handling,turnaround,69654.43,70254.43,19:20:54,19:30:54,600
잠실,잠실,arrival,fato,fato-1,FPL0302002,UAM0065,procedure,engine stop,69693.65,69873.65,19:21:33,19:24:33,180
강남,강남,arrival,gate,gate-2,FPL1113005,UAM0012,handling,turnaround,69701.08,70301.08,19:21:41,19:31:41,600
망우,망우,arrival,gate,gate-7,FPL0116002,UAM0022,handling,turnaround,69704.03,70304.03,19:21:44,19:31:44,600
수서,수서,arrival,fato,fato-2,FPL1117003,UAM0050,fatoLock,fato lock,69709.63,69769.63,19:21:49,19:22:49,60
연신내,연신내,arrival,gate,gate-8,FPL0910001,UAM0023,handling,turnaround,69742.23,70342.23,19:22:22,19:32:22,600
강남,강남,arrival,gate,gate-7,FPL0513005,UAM0009,handling,turnaround,69760.2,70360.2,19:22:40,19:32:40,600
수서,수서,arrival,fato,fato-2,FPL1117003,UAM0050,procedure,engine stop,69769.63,69949.63,19:22:49,19:25:49,180
용산,용산,arrival,gate,gate-1,FPL1404001,UAM0017,handling,turnaround,69774.89,70374.89,19:22:54,19:32:54,600
상암,상암,arrival,fato,fato-1,FPL1103003,UAM0047,fatoLock,fato lock,69800.54,69860.54,19:23:20,19:24:20,60
망우,망우,arrival,gate,gate-5,FPL0716002,UAM0033,handling,turnaround,69812.31,70412.31,19:23:32,19:33:32,600
천호,천호,arrival,fato,fato-2,FPL0111004,UAM0046,fatoLock,fato lock,69831.14,69891.14,19:23:51,19:24:51,60
여의도,여의도,arrival,gate,gate-7,FPL1501003,UAM0008,handling,turnaround,69850.85,70450.85,19:24:10,19:34:10,600
천호,천호,arrival,fato,fato-1,FPL1411003,UAM0019,fatoLock,fato lock,69851.14,69911.14,19:24:11,19:25:11,60
상암,상암,arrival,fato,fato-1,FPL1103003,UAM0047,procedure,engine stop,69860.54,70040.54,19:24:20,19:27:20,180
목동,목동,arrival,gate,gate-2,FPL1105004,UAM0025,handling,turnaround,69868.89,70468.89,19:24:28,19:34:28,600
미아,미아,arrival,gate,gate-8,FPL1106002,UAM0043,handling,turnaround,69878.76,70478.76,19:24:38,19:34:38,600
가산,가산,arrival,gate,gate-3,FPL0214003,UAM0058,handling,turnaround,69880.85,70480.85,19:24:40,19:34:40,600
천호,천호,arrival,fato,fato-2,FPL0111004,UAM0046,procedure,engine stop,69891.14,70071.14,19:24:51,19:27:51,180
천호,천호,arrival,fato,fato-1,FPL1411003,UAM0019,procedure,engine stop,69911.14,70091.14,19:25:11,19:28:11,180
수서,수서,arrival,gate,gate-8,FPL0117003,UAM0044,handling,turnaround,69943.24,70543.24,19:25:43,19:35:43,600
천호,천호,arrival,gate,gate-2,FPL0511006,UAM0004,handling,turnaround,69950.85,70550.85,19:25:50,19:35:50,600
여의도,여의도,arrival,gate,gate-3,FPL0201002,UAM0057,handling,turnaround,69959.62,70559.62,19:25:59,19:35:59,600
가산,가산,arrival,gate,gate-4,FPL0214004,UAM0027,handling,turnaround,69970.85,70570.85,19:26:10,19:36:10,600
목동,목동,departure,fato,fato-1,FPL0510003,UAM0056,procedure,engine start,69985.28,70225.28,19:26:25,19:30:25,240
수서,수서,departure,fato,fato-1,FPL1713002,UAM0028,procedure,engine start,70011.28,70251.28,19:26:51,19:30:51,240
잠실,잠실,arrival,gate,gate-2,FPL0302002,UAM0065,handling,turnaround,70021.93,70621.93,19:27:01,19:37:01,600
천호,천호,arrival,gate,gate-3,FPL1611003,UAM0006,handling,turnaround,70029.14,70629.14,19:27:09,19:37:09,600
수서,수서,arrival,gate,gate-2,FPL1117003,UAM0050,handling,turnaround,70097.91,70697.91,19:28:17,19:38:17,600
강남,강남,departure,fato,fato-1,FPL1315005,UAM0018,procedure,engine start,70121.28,70361.28,19:28:41,19:32:41,240
상암,상암,arrival,gate,gate-1,FPL1103003,UAM0047,handling,turnaround,70158.82,70758.82,19:29:18,19:39:18,600
미아,미아,departure,fato,fato-1,FPL0615002,UAM0013,procedure,engine start,70159.28,70399.28,19:29:19,19:33:19,240
연신내,연신내,departure,fato,fato-1,FPL1012002,UAM0030,procedure,engine start,70159.28,70399.28,19:29:19,19:33:19,240
강남,강남,departure,fato,fato-2,FPL1314005,UAM0016,procedure,engine start,70180.28,70420.28,19:29:40,19:33:40,240
천호,천호,arrival,gate,gate-6,FPL0111004,UAM0046,handling,turnaround,70249.43,70849.43,19:30:49,19:40:49,600
사당,사당,departure,fato,fato-1,FPL0812003,UAM0037,procedure,engine start,70294.28,70534.28,19:31:34,19:35:34,240
천호,천호,arrival,gate,gate-5,FPL1411003,UAM0019,handling,turnaround,70327.71,70927.71,19:32:07,19:42:07,600
목동,목동,departure,fato,fato-1,FPL0502004,UAM0040,procedure,engine start,70373.28,70613.28,19:32:53,19:36:53,240
강남,강남,departure,fato,fato-1,FPL1305006,UAM0012,procedure,engine start,70450.28,70690.28,19:34:10,19:38:10,240
연신내,연신내,departure,fato,fato-2,FPL1005002,UAM0023,procedure,engine start,70461.28,70701.28,19:34:21,19:38:21,240
용산,용산,departure,fato,fato-1,FPL0417001,UAM0017,procedure,engine start,70493.28,70733.28,19:34:53,19:38:53,240
연신내,연신내,arrival,fato,fato-1,FPL0510003,UAM0056,fatoLock,fato lock,70509.17,70569.17,19:35:09,19:36:09,60
강남,강남,departure,fato,fato-2,FPL1303003,UAM0009,procedure,engine start,70509.28,70749.28,19:35:09,19:39:09,240
연신내,연신내,arrival,fato,fato-1,FPL0510003,UAM0056,procedure,engine stop,70569.17,70749.17,19:36:09,19:39:09,180
미아,미아,departure,fato,fato-1,FPL0616001,UAM0043,procedure,engine start,70597.28,70837.28,19:36:37,19:40:37,240
광화문,광화문,arrival,fato,fato-1,FPL1012002,UAM0030,fatoLock,fato lock,70598.75,70658.75,19:36:38,19:37:38,60
광화문,광화문,arrival,fato,fato-1,FPL1012002,UAM0030,procedure,engine stop,70658.75,70838.75,19:37:38,19:40:38,180
수서,수서,departure,fato,fato-1,FPL1713003,UAM0044,procedure,engine start,70662.28,70902.28,19:37:42,19:41:42,240
강남,강남,arrival,fato,fato-1,FPL1713002,UAM0028,fatoLock,fato lock,70767.43,70827.43,19:39:27,19:40:27,60
강남,강남,arrival,fato,fato-1,FPL1713002,UAM0028,procedure,engine stop,70827.43,71007.43,19:40:27,19:43:27,180
수서,수서,departure,fato,fato-2,FPL1715004,UAM0050,procedure,engine start,70846.28,71086.28,19:40:46,19:44:46,240
연신내,연신내,arrival,gate,gate-1,FPL0510003,UAM0056,handling,turnaround,70867.45,71467.45,19:41:07,19:51:07,600
마곡,마곡,arrival,fato,fato-1,FPL1315005,UAM0018,fatoLock,fato lock,70883.63,70943.63,19:41:23,19:42:23,60
마곡,마곡,arrival,fato,fato-1,FPL1315005,UAM0018,procedure,engine stop,70943.63,71123.63,19:42:23,19:45:23,180
광화문,광화문,arrival,gate,gate-1,FPL1012002,UAM0030,handling,turnaround,70957.04,71557.04,19:42:37,19:52:37,600
목동,목동,arrival,fato,fato-1,FPL1005002,UAM0023,fatoLock,fato lock,70985.17,71045.17,19:43:05,19:44:05,60
광화문,광화문,arrival,fato,fato-1,FPL0812003,UAM0037,fatoLock,fato lock,70993.32,71053.32,19:43:13,19:44:13,60
목동,목동,arrival,fato,fato-1,FPL1005002,UAM0023,procedure,engine stop,71045.17,71225.17,19:44:05,19:47:05,180
광화문,광화문,arrival,fato,fato-1,FPL0812003,UAM0037,procedure,engine stop,71053.32,71233.32,19:44:13,19:47:13,180
목동,목동,arrival,fato,fato-2,FPL1305006,UAM0012,fatoLock,fato lock,71056.99,71116.99,19:44:16,19:45:16,60
상암,상암,arrival,fato,fato-1,FPL1303003,UAM0009,fatoLock,fato lock,71107.35,71167.35,19:45:07,19:46:07,60
잠실,잠실,arrival,fato,fato-1,FPL0502004,UAM0040,fatoLock,fato lock,71112.74,71172.74,19:45:12,19:46:12,60
목동,목동,arrival,fato,fato-2,FPL1305006,UAM0012,procedure,engine stop,71116.99,71296.99,19:45:16,19:48:16,180
강남,강남,arrival,gate,gate-1,FPL1713002,UAM0028,handling,turnaround,71125.71,71725.71,19:45:25,19:55:25,600
상암,상암,arrival,fato,fato-1,FPL1303003,UAM0009,procedure,engine stop,71167.35,71347.35,19:46:07,19:49:07,180
잠실,잠실,arrival,fato,fato-1,FPL0502004,UAM0040,procedure,engine stop,71172.74,71352.74,19:46:12,19:49:12,180
강남,강남,arrival,fato,fato-1,FPL1713003,UAM0044,fatoLock,fato lock,71192.03,71252.03,19:46:32,19:47:32,60
수서,수서,arrival,fato,fato-1,FPL0417001,UAM0017,fatoLock,fato lock,71211.89,71271.89,19:46:51,19:47:51,60
마곡,마곡,arrival,gate,gate-1,FPL1315005,UAM0018,handling,turnaround,71241.91,71841.91,19:47:21,19:57:21,600
마곡,마곡,arrival,fato,fato-1,FPL0615002,UAM0013,fatoLock,fato lock,71246.76,71306.76,19:47:26,19:48:26,60
강남,강남,arrival,fato,fato-1,FPL1713003,UAM0044,procedure,engine stop,71252.03,71432.03,19:47:32,19:50:32,180
수서,수서,arrival,fato,fato-1,FPL0417001,UAM0017,procedure,engine stop,71271.89,71451.89,19:47:51,19:50:51,180
마곡,마곡,arrival,fato,fato-1,FPL0615002,UAM0013,procedure,engine stop,71306.76,71486.76,19:48:26,19:51:26,180
목동,목동,arrival,gate,gate-1,FPL1005002,UAM0023,handling,turnaround,71343.45,71943.45,19:49:03,19:59:03,600
광화문,광화문,arrival,gate,gate-8,FPL0812003,UAM0037,handling,turnaround,71351.61,71951.61,19:49:11,19:59:11,600
목동,목동,arrival,gate,gate-8,FPL1305006,UAM0012,handling,turnaround,71415.27,72015.27,19:50:15,20:00:15,600
상암,상암,arrival,gate,gate-8,FPL1303003,UAM0009,handling,turnaround,71465.64,72065.64,19:51:05,20:01:05,600
잠실,잠실,arrival,gate,gate-7,FPL0502004,UAM0040,handling,turnaround,71501.03,72101.03,19:51:41,20:01:41,600
강남,강남,arrival,gate,gate-8,FPL1713003,UAM0044,handling,turnaround,71550.31,72150.31,19:52:30,20:02:30,600
수서,수서,arrival,gate,gate-1,FPL0417001,UAM0017,handling,turnaround,71570.18,72170.18,19:52:50,20:02:50,600
연신내,연신내,departure,fato,fato-1,FPL1003001,UAM0056,procedure,engine start,71586.28,71826.28,19:53:06,19:57:06,240
마곡,마곡,arrival,gate,gate-6,FPL0615002,UAM0013,handling,turnaround,71665.05,72265.05,19:54:25,20:04:25,600
광화문,광화문,departure,fato,fato-1,FPL1217003,UAM0030,procedure,engine start,71676.28,71916.28,19:54:36,19:58:36,240
강남,강남,departure,fato,fato-1,FPL1309006,UAM0028,procedure,engine start,71844.28,72084.28,19:57:24,20:01:24,240
성수,성수,arrival,fato,fato-2,FPL1409004,UAM0015,fatoLock,fato lock,72024.57,72084.57,20:00:24,20:01:24,60
광화문,광화문,departure,fato,fato-1,FPL1202002,UAM0037,procedure,engine start,72070.28,72310.28,20:01:10,20:05:10,240
성수,성수,arrival,fato,fato-2,FPL1409004,UAM0015,procedure,engine stop,72084.57,72264.57,20:01:24,20:04:24,180
성수,성수,departure,fato,fato-1,FPL0902002,UAM0002,procedure,engine start,72118.28,72358.28,20:01:58,20:05:58,240
천호,천호,departure,fato,fato-1,FPL1112003,UAM0003,procedure,engine start,72118.28,72358.28,20:01:58,20:05:58,240
가산,가산,departure,fato,fato-1,FPL1413005,UAM0005,procedure,engine start,72118.28,72358.28,20:01:58,20:05:58,240
마곡,마곡,departure,fato,fato-1,FPL1514003,UAM0018,procedure,engine start,72118.28,72358.28,20:01:58,20:05:58,240
잠실,잠실,departure,fato,fato-1,FPL0217003,UAM0021,procedure,engine start,72118.28,72358.28,20:01:58,20:05:58,240
목동,목동,departure,fato,fato-1,FPL0506002,UAM0023,procedure,engine start,72118.28,72358.28,20:01:58,20:05:58,240
상암,상암,departure,fato,fato-1,FPL0306001,UAM0047,procedure,engine start,72118.28,72358.28,20:01:58,20:05:58,240
여의도,여의도,departure,fato,fato-1,FPL0113004,UAM0008,procedure,engine start,72148.28,72388.28,20:02:28,20:06:28,240
천호,천호,departure,fato,fato-2,FPL1115004,UAM0004,procedure,engine start,72158.28,72398.28,20:02:38,20:06:38,240
가산,가산,departure,fato,fato-2,FPL1412003,UAM0010,procedure,engine start,72158.28,72398.28,20:02:38,20:06:38,240
목동,목동,departure,fato,fato-2,FPL0508003,UAM0025,procedure,engine start,72158.28,72398.28,20:02:38,20:06:38,240
마곡,마곡,departure,fato,fato-2,FPL1512002,UAM0034,procedure,engine start,72158.28,72398.28,20:02:38,20:06:38,240
잠실,잠실,departure,fato,fato-2,FPL0216002,UAM0051,procedure,engine start,72158.28,72398.28,20:02:38,20:06:38,240
상암,상암,departure,fato,fato-2,FPL0311002,UAM0067,procedure,engine start,72178.28,72418.28,20:02:58,20:06:58,240
여의도,여의도,departure,fato,fato-2,FPL0116003,UAM0014,procedure,engine start,72188.28,72428.28,20:03:08,20:07:08,240
강남,강남,departure,fato,fato-1,FPL1315006,UAM0044,procedure,engine start,72269.28,72509.28,20:04:29,20:08:29,240
수서,수서,departure,fato,fato-1,FPL1710002,UAM0017,procedure,engine start,72289.28,72529.28,20:04:49,20:08:49,240
성수,성수,arrival,gate,gate-1,FPL1409004,UAM0015,handling,turnaround,72382.86,72982.86,20:06:22,20:16:22,600
수서,수서,arrival,fato,fato-2,FPL1217003,UAM0030,fatoLock,fato lock,72396.48,72456.48,20:06:36,20:07:36,60
상암,상암,arrival,fato,fato-1,FPL1003001,UAM0056,fatoLock,fato lock,72435.43,72495.43,20:07:15,20:08:15,60
천호,천호,departure,fato,fato-1,FPL1105005,UAM0006,procedure,engine start,72446.86,72686.86,20:07:26,20:11:26,240
가산,가산,departure,fato,fato-1,FPL1408003,UAM0020,procedure,engine start,72446.86,72686.86,20:07:26,20:11:26,240
마곡,마곡,departure,fato,fato-1,FPL1509004,UAM0038,procedure,engine start,72446.86,72686.86,20:07:26,20:11:26,240
잠실,잠실,departure,fato,fato-1,FPL0209002,UAM0065,procedure,engine start,72446.86,72686.86,20:07:26,20:11:26,240
목동,목동,departure,fato,fato-1,FPL0517003,UAM0012,procedure,engine start,72446.86,72686.86,20:07:26,20:11:26,240
수서,수서,arrival,fato,fato-2,FPL1217003,UAM0030,procedure,engine stop,72456.48,72636.48,20:07:36,20:10:36,180
천호,천호,departure,fato,fato-2,FPL1102003,UAM0019,procedure,engine start,72486.86,72726.86,20:08:06,20:12:06,240
가산,가산,departure,fato,fato-2,FPL1417003,UAM0024,procedure,engine start,72486.86,72726.86,20:08:06,20:12:06,240
마곡,마곡,departure,fato,fato-2,FPL1517003,UAM0042,procedure,engine start,72486.86,72726.86,20:08:06,20:12:06,240
상암,상암,arrival,fato,fato-1,FPL1003001,UAM0056,procedure,engine stop,72495.43,72675.43,20:08:15,20:11:15,180
잠실,잠실,arrival,fato,fato-2,FPL0902002,UAM0002,fatoLock,fato lock,72505.35,72565.35,20:08:25,20:09:25,60
잠실,잠실,arrival,fato,fato-2,FPL0902002,UAM0002,procedure,engine stop,72565.35,72745.35,20:09:25,20:12:25,180
수서,수서,arrival,fato,fato-1,FPL0217003,UAM0021,fatoLock,fato lock,72606.43,72666.43,20:10:06,20:11:06,60
강남,강남,arrival,fato,fato-1,FPL0113004,UAM0008,fatoLock,fato lock,72644.22,72704.22,20:10:44,20:11:44,60
수서,수서,arrival,fato,fato-1,FPL0217003,UAM0021,procedure,engine stop,72666.43,72846.43,20:11:06,20:14:06,180
사당,사당,arrival,fato,fato-1,FPL0508003,UAM0025,fatoLock,fato lock,72678.27,72738.27,20:11:18,20:12:18,60
강남,강남,arrival,fato,fato-1,FPL0113004,UAM0008,procedure,engine stop,72704.22,72884.22,20:11:44,20:14:44,180
강남,강남,arrival,fato,fato-2,FPL1413005,UAM0005,fatoLock,fato lock,72704.48,72764.48,20:11:44,20:12:44,60
사당,사당,arrival,fato,fato-1,FPL0508003,UAM0025,procedure,engine stop,72738.27,72918.27,20:12:18,20:15:18,180
수서,수서,arrival,gate,gate-1,FPL1217003,UAM0030,handling,turnaround,72754.76,73354.76,20:12:34,20:22:34,600
마곡,마곡,arrival,fato,fato-1,FPL1715004,UAM0050,fatoLock,fato lock,72764,72824,20:12:43,20:13:43,60
잠실,잠실,arrival,fato,fato-1,FPL1202002,UAM0037,fatoLock,fato lock,72764,72824,20:12:43,20:13:43,60
강남,강남,arrival,fato,fato-2,FPL1413005,UAM0005,procedure,engine stop,72764.48,72944.48,20:12:44,20:15:44,180
광화문,광화문,arrival,fato,fato-1,FPL1112003,UAM0003,fatoLock,fato lock,72769.36,72829.36,20:12:49,20:13:49,60
가산,가산,departure,fato,fato-1,FPL1411004,UAM0027,procedure,engine start,72775.43,73015.43,20:12:55,20:16:55,240
광화문,광화문,arrival,fato,fato-2,FPL1412003,UAM0010,fatoLock,fato lock,72777.75,72837.75,20:12:57,20:13:57,60
상암,상암,arrival,gate,gate-1,FPL1003001,UAM0056,handling,turnaround,72793.71,73393.71,20:13:13,20:23:13,600
가산,가산,arrival,fato,fato-2,FPL1314005,UAM0016,fatoLock,fato lock,72804,72864,20:13:23,20:14:23,60
마곡,마곡,arrival,fato,fato-1,FPL1715004,UAM0050,procedure,engine stop,72824,73004,20:13:43,20:16:43,180
잠실,잠실,arrival,fato,fato-1,FPL1202002,UAM0037,procedure,engine stop,72824,73004,20:13:43,20:16:43,180
광화문,광화문,arrival,fato,fato-1,FPL1112003,UAM0003,procedure,engine stop,72829.36,73009.36,20:13:49,20:16:49,180
광화문,광화문,arrival,fato,fato-2,FPL1412003,UAM0010,procedure,engine stop,72837.75,73017.75,20:13:57,20:16:57,180
잠실,잠실,arrival,gate,gate-1,FPL0902002,UAM0002,handling,turnaround,72863.63,73463.63,20:14:23,20:24:23,600
가산,가산,arrival,fato,fato-2,FPL1314005,UAM0016,procedure,engine stop,72864,73044,20:14:23,20:17:23,180
잠실,잠실,arrival,fato,fato-2,FPL1102003,UAM0019,fatoLock,fato lock,72883.56,72943.56,20:14:43,20:15:43,60
사당,사당,arrival,fato,fato-2,FPL1408003,UAM0020,fatoLock,fato lock,72938.81,72998.81,20:15:38,20:16:38,60
잠실,잠실,arrival,fato,fato-2,FPL1102003,UAM0019,procedure,engine stop,72943.56,73123.56,20:15:43,20:18:43,180
수서,수서,arrival,gate,gate-8,FPL0217003,UAM0021,handling,turnaround,72964.71,73564.71,20:16:04,20:26:04,600
사당,사당,arrival,fato,fato-2,FPL1408003,UAM0020,procedure,engine stop,72998.81,73178.81,20:16:38,20:19:38,180
천호,천호,arrival,fato,fato-1,FPL0311002,UAM0067,fatoLock,fato lock,73001.97,73061.97,20:16:41,20:17:41,60
강남,강남,arrival,gate,gate-1,FPL0113004,UAM0008,handling,turnaround,73002.5,73602.5,20:16:42,20:26:42,600
마곡,마곡,arrival,fato,fato-2,FPL1315006,UAM0044,fatoLock,fato lock,73031.63,73091.63,20:17:11,20:18:11,60
사당,사당,arrival,gate,gate-1,FPL0508003,UAM0025,handling,turnaround,73036.56,73636.56,20:17:16,20:27:16,600
광화문,광화문,arrival,fato,fato-1,FPL1512002,UAM0034,fatoLock,fato lock,73037.94,73097.94,20:17:17,20:18:17,60
미아,미아,arrival,fato,fato-1,FPL0306001,UAM0047,fatoLock,fato lock,73041.49,73101.49,20:17:21,20:18:21,60
미아,미아,arrival,fato,fato-2,FPL0506002,UAM0023,fatoLock,fato lock,73050.12,73110.12,20:17:30,20:18:30,60
천호,천호,arrival,fato,fato-1,FPL0311002,UAM0067,procedure,engine stop,73061.97,73241.97,20:17:41,20:20:41,180
강남,강남,arrival,gate,gate-8,FPL1413005,UAM0005,handling,turnaround,73062.77,73662.77,20:17:42,20:27:42,600
가산,가산,arrival,fato,fato-2,FPL1514003,UAM0018,fatoLock,fato lock,73072.57,73132.57,20:17:52,20:18:52,60
마곡,마곡,arrival,fato,fato-2,FPL1315006,UAM0044,procedure,engine stop,73091.63,73271.63,20:18:11,20:21:11,180
광화문,광화문,arrival,fato,fato-1,FPL1512002,UAM0034,procedure,engine stop,73097.94,73277.94,20:18:17,20:21:17,180
미아,미아,arrival,fato,fato-1,FPL0306001,UAM0047,procedure,engine stop,73101.49,73281.49,20:18:21,20:21:21,180
미아,미아,arrival,fato,fato-2,FPL0506002,UAM0023,procedure,engine stop,73110.12,73290.12,20:18:30,20:21:30,180
마곡,마곡,arrival,gate,gate-1,FPL1715004,UAM0050,handling,turnaround,73122.28,73722.28,20:18:42,20:28:42,600
잠실,잠실,arrival,gate,gate-8,FPL1202002,UAM0037,handling,turnaround,73122.28,73722.28,20:18:42,20:28:42,600
광화문,광화문,arrival,gate,gate-1,FPL1112003,UAM0003,handling,turnaround,73127.65,73727.65,20:18:47,20:28:47,600
가산,가산,arrival,fato,fato-2,FPL1514003,UAM0018,procedure,engine stop,73132.57,73312.57,20:18:52,20:21:52,180
마곡,마곡,arrival,fato,fato-1,FPL1115004,UAM0004,fatoLock,fato lock,73146.25,73206.25,20:19:06,20:20:06,60
가산,가산,arrival,gate,gate-1,FPL1314005,UAM0016,handling,turnaround,73162.28,73762.28,20:19:22,20:29:22,600
광화문,광화문,arrival,gate,gate-8,FPL1412003,UAM0010,handling,turnaround,73175.93,73775.93,20:19:35,20:29:35,600
수서,수서,arrival,fato,fato-1,FPL0517003,UAM0012,fatoLock,fato lock,73179.01,73239.01,20:19:39,20:20:39,60
수서,수서,arrival,fato,fato-2,FPL1417003,UAM0024,fatoLock,fato lock,73190.98,73250.98,20:19:50,20:20:50,60
연신내,연신내,arrival,fato,fato-1,FPL1710002,UAM0017,fatoLock,fato lock,73205.94,73265.94,20:20:05,20:21:05,60
마곡,마곡,arrival,fato,fato-1,FPL1115004,UAM0004,procedure,engine stop,73206.25,73386.25,20:20:06,20:23:06,180
수서,수서,arrival,fato,fato-1,FPL0517003,UAM0012,procedure,engine stop,73239.01,73419.01,20:20:39,20:23:39,180
수서,수서,arrival,fato,fato-2,FPL1417003,UAM0024,procedure,engine stop,73250.98,73430.98,20:20:50,20:23:50,180
연신내,연신내,arrival,fato,fato-1,FPL1710002,UAM0017,procedure,engine stop,73265.94,73445.94,20:21:05,20:24:05,180
잠실,잠실,arrival,gate,gate-2,FPL1102003,UAM0019,handling,turnaround,73271.84,73871.84,20:21:11,20:31:11,600
목동,목동,arrival,fato,fato-1,FPL1105005,UAM0006,fatoLock,fato lock,73279.18,73339.18,20:21:19,20:22:19,60
사당,사당,arrival,gate,gate-8,FPL1408003,UAM0020,handling,turnaround,73297.1,73897.1,20:21:37,20:31:37,600
목동,목동,arrival,fato,fato-1,FPL1105005,UAM0006,procedure,engine stop,73339.18,73519.18,20:22:19,20:25:19,180
천호,천호,arrival,gate,gate-1,FPL0311002,UAM0067,handling,turnaround,73360.25,73960.25,20:22:40,20:32:40,600
마곡,마곡,arrival,gate,gate-8,FPL1315006,UAM0044,handling,turnaround,73389.91,73989.91,20:23:09,20:33:09,600
미아,미아,arrival,gate,gate-1,FPL0306001,UAM0047,handling,turnaround,73399.77,73999.77,20:23:19,20:33:19,600
광화문,광화문,arrival,gate,gate-2,FPL1512002,UAM0034,handling,turnaround,73426.22,74026.22,20:23:46,20:33:46,600
가산,가산,arrival,gate,gate-8,FPL1514003,UAM0018,handling,turnaround,73430.85,74030.85,20:23:50,20:33:50,600
수서,수서,arrival,fato,fato-1,FPL1517003,UAM0042,fatoLock,fato lock,73447.58,73507.58,20:24:07,20:25:07,60
미아,미아,arrival,gate,gate-8,FPL0506002,UAM0023,handling,turnaround,73448.05,74048.05,20:24:08,20:34:08,600
수서,수서,arrival,fato,fato-1,FPL1517003,UAM0042,procedure,engine stop,73507.58,73687.58,20:25:07,20:28:07,180
마곡,마곡,arrival,gate,gate-2,FPL1115004,UAM0004,handling,turnaround,73534.53,74134.53,20:25:34,20:35:34,600
연신내,연신내,arrival,gate,gate-1,FPL1710002,UAM0017,handling,turnaround,73564.22,74164.22,20:26:04,20:36:04,600
수서,수서,arrival,gate,gate-2,FPL0517003,UAM0012,handling,turnaround,73567.29,74167.29,20:26:07,20:36:07,600
수서,수서,arrival,gate,gate-7,FPL1417003,UAM0024,handling,turnaround,73615.58,74215.58,20:26:55,20:36:55,600
천호,천호,arrival,fato,fato-1,FPL1411004,UAM0027,fatoLock,fato lock,73626.09,73686.09,20:27:06,20:28:06,60
목동,목동,arrival,gate,gate-1,FPL1105005,UAM0006,handling,turnaround,73637.46,74237.46,20:27:17,20:37:17,600
천호,천호,arrival,fato,fato-1,FPL1411004,UAM0027,procedure,engine stop,73686.09,73866.09,20:28:06,20:31:06,180
강남,강남,departure,fato,fato-1,FPL1305007,UAM0008,procedure,engine start,73721.28,73961.28,20:28:41,20:32:41,240
사당,사당,departure,fato,fato-1,FPL0802002,UAM0025,procedure,engine start,73755.28,73995.28,20:29:15,20:33:15,240
강남,강남,departure,fato,fato-2,FPL1306004,UAM0005,procedure,engine start,73781.28,74021.28,20:29:41,20:33:41,240
광화문,광화문,departure,fato,fato-1,FPL1206002,UAM0003,procedure,engine start,73846.28,74086.28,20:30:46,20:34:46,240
수서,수서,arrival,gate,gate-3,FPL1517003,UAM0042,handling,turnaround,73865.86,74465.86,20:31:05,20:41:05,600
광화문,광화문,departure,fato,fato-2,FPL1207003,UAM0010,procedure,engine start,73894.28,74134.28,20:31:34,20:35:34,240
천호,천호,arrival,gate,gate-2,FPL1411004,UAM0027,handling,turnaround,74014.37,74614.37,20:33:34,20:43:34,600
미아,미아,departure,fato,fato-1,FPL0616002,UAM0047,procedure,engine start,74118.28,74358.28,20:35:18,20:39:18,240
미아,미아,departure,fato,fato-2,FPL0609002,UAM0023,procedure,engine start,74167.28,74407.28,20:36:07,20:40:07,240
광화문,광화문,departure,fato,fato-1,FPL1217004,UAM0034,procedure,engine start,74175.28,74415.28,20:36:15,20:40:15,240
잠실,잠실,arrival,fato,fato-1,FPL0802002,UAM0025,fatoLock,fato lock,74276.6,74336.6,20:37:56,20:38:56,60
목동,목동,arrival,fato,fato-2,FPL1305007,UAM0008,fatoLock,fato lock,74327.99,74387.99,20:38:47,20:39:47,60
잠실,잠실,arrival,fato,fato-1,FPL0802002,UAM0025,procedure,engine stop,74336.6,74516.6,20:38:56,20:41:56,180
목동,목동,departure,fato,fato-1,FPL0501003,UAM0006,procedure,engine start,74356.28,74596.28,20:39:16,20:43:16,240
목동,목동,arrival,fato,fato-2,FPL1305007,UAM0008,procedure,engine stop,74387.99,74567.99,20:39:47,20:42:47,180
미아,미아,arrival,fato,fato-1,FPL1206002,UAM0003,fatoLock,fato lock,74435.43,74495.43,20:40:35,20:41:35,60
미아,미아,arrival,fato,fato-2,FPL1306004,UAM0005,fatoLock,fato lock,74484.43,74544.43,20:41:24,20:42:24,60
미아,미아,arrival,fato,fato-1,FPL1206002,UAM0003,procedure,engine stop,74495.43,74675.43,20:41:35,20:44:35,180
봉천,봉천,arrival,fato,fato-1,FPL1207003,UAM0010,fatoLock,fato lock,74530.26,74590.26,20:42:10,20:43:10,60
미아,미아,arrival,fato,fato-2,FPL1306004,UAM0005,procedure,engine stop,74544.43,74724.43,20:42:24,20:45:24,180
봉천,봉천,arrival,fato,fato-1,FPL1207003,UAM0010,procedure,engine stop,74590.26,74770.26,20:43:10,20:46:10,180
목동,목동,arrival,gate,gate-1,FPL1305007,UAM0008,handling,turnaround,74686.27,75286.27,20:44:46,20:54:46,600
잠실,잠실,arrival,gate,gate-3,FPL0802002,UAM0025,handling,turnaround,74694.89,75294.89,20:44:54,20:54:54,600
여의도,여의도,arrival,fato,fato-1,FPL0501003,UAM0006,fatoLock,fato lock,74731.45,74791.45,20:45:31,20:46:31,60
여의도,여의도,arrival,fato,fato-1,FPL0501003,UAM0006,procedure,engine stop,74791.45,74971.45,20:46:31,20:49:31,180
미아,미아,arrival,gate,gate-1,FPL1206002,UAM0003,handling,turnaround,74793.71,75393.71,20:46:33,20:56:33,600
미아,미아,arrival,gate,gate-8,FPL1306004,UAM0005,handling,turnaround,74842.71,75442.71,20:47:22,20:57:22,600
봉천,봉천,arrival,gate,gate-1,FPL1207003,UAM0010,handling,turnaround,74888.54,75488.54,20:48:08,20:58:08,600
수서,수서,arrival,fato,fato-1,FPL1217004,UAM0034,fatoLock,fato lock,74895.48,74955.48,20:48:15,20:49:15,60
수서,수서,arrival,fato,fato-1,FPL1217004,UAM0034,procedure,engine stop,74955.48,75135.48,20:49:15,20:52:15,180
여의도,여의도,arrival,gate,gate-2,FPL0501003,UAM0006,handling,turnaround,75119.73,75719.73,20:51:59,21:01:59,600
수서,수서,arrival,gate,gate-6,FPL1217004,UAM0034,handling,turnaround,75313.76,75913.76,20:55:13,21:05:13,600
목동,목동,departure,fato,fato-1,FPL0502005,UAM0008,procedure,engine start,75405.28,75645.28,20:56:45,21:00:45,240
수서,수서,departure,gate,gate-8,FPL1708002,UAM0021,waiting,gate hold,75600,75630,21:00:00,21:00:30,30
망우,망우,arrival,fato,fato-2,FPL1416003,UAM0001,fatoLock,fato lock,75636.57,75696.57,21:00:36,21:01:36,60
망우,망우,arrival,fato,fato-2,FPL1416003,UAM0001,procedure,engine stop,75696.57,75876.57,21:01:36,21:04:36,180
잠실,잠실,departure,fato,fato-1,FPL0212003,UAM0002,procedure,engine start,75718.28,75958.28,21:01:58,21:05:58,240
미아,미아,departure,fato,fato-1,FPL0611003,UAM0003,procedure,engine start,75718.28,75958.28,21:01:58,21:05:58,240
상암,상암,departure,fato,fato-1,FPL0309002,UAM0009,procedure,engine start,75718.28,75958.28,21:01:58,21:05:58,240
봉천,봉천,departure,fato,fato-1,FPL0713004,UAM0010,procedure,engine start,75718.28,75958.28,21:01:58,21:05:58,240
망우,망우,departure,fato,fato-1,FPL1606001,UAM0011,procedure,engine start,75718.28,75958.28,21:01:58,21:05:58,240
가산,가산,departure,fato,fato-1,FPL1403002,UAM0016,procedure,engine start,75718.28,75958.28,21:01:58,21:05:58,240
사당,사당,departure,fato,fato-1,FPL0815003,UAM0020,procedure,engine start,75718.28,75958.28,21:01:58,21:05:58,240
여의도,여의도,departure,fato,fato-1,FPL0113005,UAM0053,procedure,engine start,75718.28,75958.28,21:01:58,21:05:58,240
마곡,마곡,departure,fato,fato-1,FPL1512003,UAM0004,procedure,engine start,75748.28,75988.28,21:02:28,21:06:28,240
수서,수서,departure,fato,fato-1,FPL1713004,UAM0012,procedure,engine start,75748.28,75988.28,21:02:28,21:06:28,240
천호,천호,departure,fato,fato-1,FPL1115005,UAM0027,procedure,engine start,75748.28,75988.28,21:02:28,21:06:28,240
잠실,잠실,departure,fato,fato-2,FPL0213004,UAM0019,procedure,engine start,75758.28,75998.28,21:02:38,21:06:38,240
수서,수서,departure,fato,fato-2,FPL1708002,UAM0021,procedure,engine start,75788.28,76028.28,21:03:08,21:07:08,240
천호,천호,departure,fato,fato-2,FPL1109004,UAM0046,procedure,engine start,75788.28,76028.28,21:03:08,21:07:08,240
망우,망우,arrival,gate,gate-1,FPL1416003,UAM0001,handling,turnaround,75994.86,76594.86,21:06:34,21:16:34,600
잠실,잠실,departure,fato,fato-1,FPL0207003,UAM0025,procedure,engine start,76046.86,76286.86,21:07:26,21:11:26,240
잠실,잠실,arrival,fato,fato-2,FPL0502005,UAM0008,fatoLock,fato lock,76144.74,76204.74,21:09:04,21:10:04,60
강남,강남,arrival,fato,fato-1,FPL0713004,UAM0010,fatoLock,fato lock,76181.96,76241.96,21:09:41,21:10:41,60
잠실,잠실,arrival,fato,fato-2,FPL0502005,UAM0008,procedure,engine stop,76204.74,76384.74,21:10:04,21:13:04,180
상암,상암,arrival,fato,fato-1,FPL1403002,UAM0016,fatoLock,fato lock,76206.04,76266.04,21:10:06,21:11:06,60
강남,강남,arrival,fato,fato-2,FPL0113005,UAM0053,fatoLock,fato lock,76214.22,76274.22,21:10:14,21:11:14,60
강남,강남,arrival,fato,fato-1,FPL0713004,UAM0010,procedure,engine stop,76241.96,76421.96,21:10:41,21:13:41,180
미아,미아,arrival,fato,fato-1,FPL1606001,UAM0011,fatoLock,fato lock,76257.33,76317.33,21:10:57,21:11:57,60
상암,상암,arrival,fato,fato-1,FPL1403002,UAM0016,procedure,engine stop,76266.04,76446.04,21:11:06,21:14:06,180
강남,강남,arrival,fato,fato-2,FPL0113005,UAM0053,procedure,engine stop,76274.22,76454.22,21:11:14,21:14:14,180
천호,천호,arrival,fato,fato-1,FPL0611003,UAM0003,fatoLock,fato lock,76301.9,76361.9,21:11:41,21:12:41,60
사당,사당,arrival,fato,fato-1,FPL1708002,UAM0021,fatoLock,fato lock,76302.29,76362.29,21:11:42,21:12:42,60
미아,미아,arrival,fato,fato-1,FPL1606001,UAM0011,procedure,engine stop,76317.33,76497.33,21:11:57,21:14:57,180
천호,천호,arrival,fato,fato-1,FPL0611003,UAM0003,procedure,engine stop,76361.9,76541.9,21:12:41,21:15:41,180
사당,사당,arrival,fato,fato-1,FPL1708002,UAM0021,procedure,engine stop,76362.29,76542.29,21:12:42,21:15:42,180
광화문,광화문,arrival,fato,fato-1,FPL1512003,UAM0004,fatoLock,fato lock,76387.41,76447.41,21:13:07,21:14:07,60
광화문,광화문,arrival,fato,fato-2,FPL0212003,UAM0002,fatoLock,fato lock,76396.48,76456.48,21:13:16,21:14:16,60
마곡,마곡,arrival,fato,fato-1,FPL0815003,UAM0020,fatoLock,fato lock,76442.15,76502.15,21:14:02,21:15:02,60
광화문,광화문,arrival,fato,fato-1,FPL1512003,UAM0004,procedure,engine stop,76447.41,76627.41,21:14:07,21:17:07,180
강남,강남,arrival,fato,fato-1,FPL0213004,UAM0019,fatoLock,fato lock,76450.53,76510.53,21:14:10,21:15:10,60
광화문,광화문,arrival,fato,fato-2,FPL0212003,UAM0002,procedure,engine stop,76456.48,76636.48,21:14:16,21:17:16,180
강남,강남,arrival,fato,fato-2,FPL1713004,UAM0012,fatoLock,fato lock,76482.79,76542.79,21:14:42,21:15:42,60
마곡,마곡,arrival,fato,fato-1,FPL0815003,UAM0020,procedure,engine stop,76502.15,76682.15,21:15:02,21:18:02,180
잠실,잠실,arrival,gate,gate-1,FPL0502005,UAM0008,handling,turnaround,76503.03,77103.03,21:15:03,21:25:03,600
강남,강남,arrival,fato,fato-1,FPL0213004,UAM0019,procedure,engine stop,76510.53,76690.53,21:15:10,21:18:10,180
강남,강남,arrival,gate,gate-1,FPL0713004,UAM0010,handling,turnaround,76540.24,77140.24,21:15:40,21:25:40,600
강남,강남,arrival,fato,fato-2,FPL1713004,UAM0012,procedure,engine stop,76542.79,76722.79,21:15:42,21:18:42,180
상암,상암,arrival,gate,gate-8,FPL1403002,UAM0016,handling,turnaround,76564.32,77164.32,21:16:04,21:26:04,600
강남,강남,arrival,gate,gate-8,FPL0113005,UAM0053,handling,turnaround,76588.53,77188.53,21:16:28,21:26:28,600
미아,미아,arrival,gate,gate-1,FPL1606001,UAM0011,handling,turnaround,76615.62,77215.62,21:16:55,21:26:55,600
봉천,봉천,arrival,fato,fato-1,FPL0207003,UAM0025,fatoLock,fato lock,76640.36,76700.36,21:17:20,21:18:20,60
사당,사당,arrival,gate,gate-1,FPL1708002,UAM0021,handling,turnaround,76660.58,77260.58,21:17:40,21:27:40,600
천호,천호,arrival,gate,gate-2,FPL0611003,UAM0003,handling,turnaround,76690.19,77290.19,21:18:10,21:28:10,600
봉천,봉천,arrival,fato,fato-1,FPL0207003,UAM0025,procedure,engine stop,76700.36,76880.36,21:18:20,21:21:20,180
마곡,마곡,arrival,fato,fato-1,FPL1115005,UAM0027,fatoLock,fato lock,76736.25,76796.25,21:18:56,21:19:56,60
광화문,광화문,arrival,gate,gate-1,FPL1512003,UAM0004,handling,turnaround,76745.7,77345.7,21:19:05,21:29:05,600
광화문,광화문,arrival,gate,gate-8,FPL0212003,UAM0002,handling,turnaround,76793.98,77393.98,21:19:53,21:29:53,600
마곡,마곡,arrival,fato,fato-1,FPL1115005,UAM0027,procedure,engine stop,76796.25,76976.25,21:19:56,21:22:56,180
마곡,마곡,arrival,gate,gate-2,FPL0815003,UAM0020,handling,turnaround,76830.43,77430.43,21:20:30,21:30:30,600
강남,강남,arrival,gate,gate-2,FPL0213004,UAM0019,handling,turnaround,76838.82,77438.82,21:20:38,21:30:38,600
강남,강남,arrival,gate,gate-7,FPL1713004,UAM0012,handling,turnaround,76887.1,77487.1,21:21:27,21:31:27,600
봉천,봉천,arrival,gate,gate-1,FPL0207003,UAM0025,handling,turnaround,76998.64,77598.64,21:23:18,21:33:18,600
마곡,마곡,arrival,gate,gate-3,FPL1115005,UAM0027,handling,turnaround,77154.53,77754.53,21:25:54,21:35:54,600
광화문,광화문,departure,fato,fato-1,FPL1211004,UAM0004,procedure,engine start,77464.28,77704.28,21:31:04,21:35:04,240
천호,천호,arrival,fato,fato-1,FPL1211004,UAM0004,fatoLock,fato lock,78115.36,78175.36,21:41:55,21:42:55,60
천호,천호,arrival,fato,fato-1,FPL1211004,UAM0004,procedure,engine stop,78175.36,78355.36,21:42:55,21:45:55,180
천호,천호,arrival,gate,gate-3,FPL1211004,UAM0004,handling,turnaround,78533.65,79133.65,21:48:53,21:58:53,600
