scenario_id,scenario_date,fpl_id,aircraft_id,aircraft_type,capacity,passenger_count,load_factor,origin_vertiport_id,origin_vertiport,destination_vertiport_id,destination_vertiport,demand_hour,departure_gate_id,departure_fato_id,arrival_gate_id,arrival_fato_id,gate_out_time,takeoff_time,landing_time,gate_in_time,ready_time,gate_to_takeoff_sec,air_time_sec,landing_to_gate_sec,gate_to_gate_sec,departure_wait_sec,arrival_wait_sec,status,route_path,route_distance_km,segment_count,segment_001,segment_002,segment_003,segment_004,segment_005,segment_006,segment_007,segment_008,segment_009,segment_010,segment_011,segment_012,segment_013,segment_014,segment_015,segment_016,segment_017,segment_018,segment_019,segment_020,segment_021
bfaef6930eb2,2026-07-11,FPL1411001,UAM0053,a2,2,1,0.5,가산,가산,천호,천호,6,G1,F1,G8,F2,06:30:00,06:36:06,06:46:08,06:52:07,07:02:07,366.86,602.09,358.28,1327.23,0,0,ready,가산 > 180고지 > 채석장 > 경부고속도로 양재천 다리 > 대치교 > 청담대교 중간지점 > 잠실대교 중간지점 > 천호,28.0325,15,"{""phase"":""A"",""startLLA"":{""lat"":37.489091,""lon"":126.878809,""alt"":0},""endLLA"":{""lat"":37.489091,""lon"":126.878809,""alt"":0},""targetSpeed"":3,""seq"":1}","{""phase"":""B"",""startLLA"":{""lat"":37.489091,""lon"":126.878809,""alt"":0},""endLLA"":{""lat"":37.489091,""lon"":126.878809,""alt"":15},""targetSpeed"":10,""seq"":2}","{""phase"":""C"",""startLLA"":{""lat"":37.489091,""lon"":126.878809,""alt"":15},""endLLA"":{""lat"":37.48994,""lon"":126.892413,""alt"":100},""targetSpeed"":36,""seq"":3}","{""phase"":""E"",""startLLA"":{""lat"":37.48994,""lon"":126.892413,""alt"":100},""endLLA"":{""lat"":37.492425,""lon"":126.93224,""alt"":305},""targetSpeed"":51.4,""seq"":4}","{""phase"":""F"",""startLLA"":{""lat"":37.492425,""lon"":126.93224,""alt"":305},""endLLA"":{""lat"":37.492877,""lon"":126.93949,""alt"":305},""targetSpeed"":51.4,""seq"":5}","{""phase"":""F"",""startLLA"":{""lat"":37.492877,""lon"":126.93949,""alt"":305},""endLLA"":{""lat"":37.471285,""lon"":126.985745,""alt"":305},""targetSpeed"":51.4,""seq"":6}","{""phase"":""F"",""startLLA"":{""lat"":37.471285,""lon"":126.985745,""alt"":305},""endLLA"":{""lat"":37.471593,""lon"":127.032031,""alt"":305},""targetSpeed"":51.4,""seq"":7}","{""phase"":""F"",""startLLA"":{""lat"":37.471593,""lon"":127.032031,""alt"":305},""endLLA"":{""lat"":37.497702,""lon"":127.073855,""alt"":305},""targetSpeed"":51.4,""seq"":8}","{""phase"":""F"",""startLLA"":{""lat"":37.497702,""lon"":127.073855,""alt"":305},""endLLA"":{""lat"":37.526451,""lon"":127.064361,""alt"":305},""targetSpeed"":51.4,""seq"":9}","{""phase"":""F"",""startLLA"":{""lat"":37.526451,""lon"":127.064361,""alt"":305},""endLLA"":{""lat"":37.525291,""lon"":127.078986,""alt"":305},""targetSpeed"":51.4,""seq"":10}","{""phase"":""G"",""startLLA"":{""lat"":37.525291,""lon"":127.078986,""alt"":305},""endLLA"":{""lat"":37.524288,""lon"":127.091639,""alt"":239.78},""targetSpeed"":36,""seq"":11}","{""phase"":""G"",""startLLA"":{""lat"":37.524288,""lon"":127.091639,""alt"":239.78},""endLLA"":{""lat"":37.539417,""lon"":127.111104,""alt"":100},""targetSpeed"":36,""seq"":12}","{""phase"":""I"",""startLLA"":{""lat"":37.539417,""lon"":127.111104,""alt"":100},""endLLA"":{""lat"":37.545733,""lon"":127.11923,""alt"":15},""targetSpeed"":30,""seq"":13}","{""phase"":""J"",""startLLA"":{""lat"":37.545733,""lon"":127.11923,""alt"":15},""endLLA"":{""lat"":37.545733,""lon"":127.11923,""alt"":0},""targetSpeed"":10,""seq"":14}","{""phase"":""K"",""startLLA"":{""lat"":37.545733,""lon"":127.11923,""alt"":0},""endLLA"":{""lat"":37.545733,""lon"":127.11923,""alt"":0},""targetSpeed"":3,""seq"":15}",,,,,,
bfaef6930eb2,2026-07-11,FPL1413001,UAM0054,a2,2,1,0.5,가산,가산,강남,강남,7,G2,F1,G1,F2,07:00:00,07:06:36,07:12:14,07:18:12,07:28:12,396.86,337.63,358.28,1092.77,0,0,ready,가산 > 180고지 > 채석장 > 강남,14.4391,11,"{""phase"":""A"",""startLLA"":{""lat"":37.489091,""lon"":126.878809,""alt"":0},""endLLA"":{""lat"":37.489091,""lon"":126.878809,""alt"":0},""targetSpeed"":3,""seq"":1}","{""phase"":""B"",""startLLA"":{""lat"":37.489091,""lon"":126.878809,""alt"":0},""endLLA"":{""lat"":37.489091,""lon"":126.878809,""alt"":15},""targetSpeed"":10,""seq"":2}","{""phase"":""C"",""startLLA"":{""lat"":37.489091,""lon"":126.878809,""alt"":15},""endLLA"":{""lat"":37.48994,""lon"":126.892415,""alt"":100},""targetSpeed"":36,""seq"":3}","{""phase"":""E"",""startLLA"":{""lat"":37.48994,""lon"":126.892415,""alt"":100},""endLLA"":{""lat"":37.492425,""lon"":126.932246,""alt"":305},""targetSpeed"":51.4,""seq"":4}","{""phase"":""F"",""startLLA"":{""lat"":37.492425,""lon"":126.932246,""alt"":305},""endLLA"":{""lat"":37.492877,""lon"":126.93949,""alt"":305},""targetSpeed"":51.4,""seq"":5}","{""phase"":""F"",""startLLA"":{""lat"":37.492877,""lon"":126.93949,""alt"":305},""endLLA"":{""lat"":37.472209,""lon"":126.983766,""alt"":305},""targetSpeed"":51.4,""seq"":6}","{""phase"":""G"",""startLLA"":{""lat"":37.472209,""lon"":126.983766,""alt"":305},""endLLA"":{""lat"":37.471285,""lon"":126.985745,""alt"":293.22},""targetSpeed"":36,""seq"":7}","{""phase"":""G"",""startLLA"":{""lat"":37.471285,""lon"":126.985745,""alt"":293.22},""endLLA"":{""lat"":37.490491,""lon"":127.014591,""alt"":100},""targetSpeed"":36,""seq"":8}","{""phase"":""I"",""startLLA"":{""lat"":37.490491,""lon"":127.014591,""alt"":100},""endLLA"":{""lat"":37.496291,""lon"":127.023303,""alt"":15},""targetSpeed"":30,""seq"":9}","{""phase"":""J"",""startLLA"":{""lat"":37.496291,""lon"":127.023303,""alt"":15},""endLLA"":{""lat"":37.496291,""lon"":127.023303,""alt"":0},""targetSpeed"":10,""seq"":10}","{""phase"":""K"",""startLLA"":{""lat"":37.496291,""lon"":127.023303,""alt"":0},""endLLA"":{""lat"":37.496291,""lon"":127.023303,""alt"":0},""targetSpeed"":3,""seq"":11}",,,,,,,,,,
bfaef6930eb2,2026-07-11,FPL1415001,UAM0055,a2,2,1,0.5,가산,가산,마곡,마곡,7,G3,F2,G2,F1,07:00:00,07:07:16,07:17:12,07:23:40,07:33:40,436.86,595.71,388.28,1420.85,10,231.24,ready,가산 > 목동교 > 염창교 > 가양대교 남단 > 마곡,15.8191,12,"{""phase"":""A"",""startLLA"":{""lat"":37.489091,""lon"":126.878809,""alt"":0},""endLLA"":{""lat"":37.489091,""lon"":126.878809,""alt"":0},""targetSpeed"":3,""seq"":1}","{""phase"":""B"",""startLLA"":{""lat"":37.489091,""lon"":126.878809,""alt"":0},""endLLA"":{""lat"":37.489091,""lon"":126.878809,""alt"":15},""targetSpeed"":10,""seq"":2}","{""phase"":""C"",""startLLA"":{""lat"":37.489091,""lon"":126.878809,""alt"":15},""endLLA"":{""lat"":37.49974,""lon"":126.88123,""alt"":100},""targetSpeed"":36,""seq"":3}","{""phase"":""E"",""startLLA"":{""lat"":37.49974,""lon"":126.88123,""alt"":100},""endLLA"":{""lat"":37.530667,""lon"":126.888262,""alt"":303.36},""targetSpeed"":51.4,""seq"":4}","{""phase"":""E"",""startLLA"":{""lat"":37.530667,""lon"":126.888262,""alt"":303.36},""endLLA"":{""lat"":37.5309,""lon"":126.888137,""alt"":305},""targetSpeed"":51.4,""seq"":5}","{""phase"":""F"",""startLLA"":{""lat"":37.5309,""lon"":126.888137,""alt"":305},""endLLA"":{""lat"":37.553824,""lon"":126.875819,""alt"":305},""targetSpeed"":51.4,""seq"":6}","{""phase"":""F"",""startLLA"":{""lat"":37.553824,""lon"":126.875819,""alt"":305},""endLLA"":{""lat"":37.569391,""lon"":126.861026,""alt"":305},""targetSpeed"":51.4,""seq"":7}","{""phase"":""F"",""startLLA"":{""lat"":37.569391,""lon"":126.861026,""alt"":305},""endLLA"":{""lat"":37.567854,""lon"":126.842857,""alt"":305},""targetSpeed"":51.4,""seq"":8}","{""phase"":""G"",""startLLA"":{""lat"":37.567854,""lon"":126.842857,""alt"":305},""endLLA"":{""lat"":37.564492,""lon"":126.803117,""alt"":100},""targetSpeed"":36,""seq"":9}","{""phase"":""I"",""startLLA"":{""lat"":37.564492,""lon"":126.803117,""alt"":100},""endLLA"":{""lat"":37.563535,""lon"":126.791805,""alt"":15},""targetSpeed"":30,""seq"":10}","{""phase"":""J"",""startLLA"":{""lat"":37.563535,""lon"":126.791805,""alt"":15},""endLLA"":{""lat"":37.563535,""lon"":126.791805,""alt"":0},""targetSpeed"":10,""seq"":11}","{""phase"":""K"",""startLLA"":{""lat"":37.563535,""lon"":126.791805,""alt"":0},""endLLA"":{""lat"":37.563535,""lon"":126.791805,""alt"":0},""targetSpeed"":3,""seq"":12}",,,,,,,,,
bfaef6930eb2,2026-07-11,FPL1416001,UAM0056,a2,2,1,0.5,가산,가산,망우,망우,7,G4,F1,G7,F2,07:00:00,07:12:05,07:22:50,07:29:19,07:39:19,725.43,645.33,388.28,1759.04,268.57,0,ready,가산 > 180고지 > 채석장 > 경부고속도로 양재천 다리 > 대치교 > 청담대교 중간지점 > 건대입구 > 망우,30.2551,15,"{""phase"":""A"",""startLLA"":{""lat"":37.489091,""lon"":126.878809,""alt"":0},""endLLA"":{""lat"":37.489091,""lon"":126.878809,""alt"":0},""targetSpeed"":3,""seq"":1}","{""phase"":""B"",""startLLA"":{""lat"":37.489091,""lon"":126.878809,""alt"":0},""endLLA"":{""lat"":37.489091,""lon"":126.878809,""alt"":15},""targetSpeed"":10,""seq"":2}","{""phase"":""C"",""startLLA"":{""lat"":37.489091,""lon"":126.878809,""alt"":15},""endLLA"":{""lat"":37.48994,""lon"":126.892412,""alt"":100},""targetSpeed"":36,""seq"":3}","{""phase"":""E"",""startLLA"":{""lat"":37.48994,""lon"":126.892412,""alt"":100},""endLLA"":{""lat"":37.492424,""lon"":126.932237,""alt"":305},""targetSpeed"":51.4,""seq"":4}","{""phase"":""F"",""startLLA"":{""lat"":37.492424,""lon"":126.932237,""alt"":305},""endLLA"":{""lat"":37.492877,""lon"":126.93949,""alt"":305},""targetSpeed"":51.4,""seq"":5}","{""phase"":""F"",""startLLA"":{""lat"":37.492877,""lon"":126.93949,""alt"":305},""endLLA"":{""lat"":37.471285,""lon"":126.985745,""alt"":305},""targetSpeed"":51.4,""seq"":6}","{""phase"":""F"",""startLLA"":{""lat"":37.471285,""lon"":126.985745,""alt"":305},""endLLA"":{""lat"":37.471593,""lon"":127.032031,""alt"":305},""targetSpeed"":51.4,""seq"":7}","{""phase"":""F"",""startLLA"":{""lat"":37.471593,""lon"":127.032031,""alt"":305},""endLLA"":{""lat"":37.497702,""lon"":127.073855,""alt"":305},""targetSpeed"":51.4,""seq"":8}","{""phase"":""F"",""startLLA"":{""lat"":37.497702,""lon"":127.073855,""alt"":305},""endLLA"":{""lat"":37.526451,""lon"":127.064361,""alt"":305},""targetSpeed"":51.4,""seq"":9}","{""phase"":""F"",""startLLA"":{""lat"":37.526451,""lon"":127.064361,""alt"":305},""endLLA"":{""lat"":37.540426,""lon"":127.069298,""alt"":305},""targetSpeed"":51.4,""seq"":10}","{""phase"":""F"",""startLLA"":{""lat"":37.540426,""lon"":127.069298,""alt"":305},""endLLA"":{""lat"":37.557137,""lon"":127.073899,""alt"":305},""targetSpeed"":51.4,""seq"":11}","{""phase"":""G"",""startLLA"":{""lat"":37.557137,""lon"":127.073899,""alt"":305},""endLLA"":{""lat"":37.588104,""lon"":127.082427,""alt"":100},""targetSpeed"":36,""seq"":12}","{""phase"":""I"",""startLLA"":{""lat"":37.588104,""lon"":127.082427,""alt"":100},""endLLA"":{""lat"":37.596919,""lon"":127.084854,""alt"":15},""targetSpeed"":30,""seq"":13}","{""phase"":""J"",""startLLA"":{""lat"":37.596919,""lon"":127.084854,""alt"":15},""endLLA"":{""lat"":37.596919,""lon"":127.084854,""alt"":0},""targetSpeed"":10,""seq"":14}","{""phase"":""K"",""startLLA"":{""lat"":37.596919,""lon"":127.084854,""alt"":0},""endLLA"":{""lat"":37.596919,""lon"":127.084854,""alt"":0},""targetSpeed"":3,""seq"":15}",,,,,,
bfaef6930eb2,2026-07-11,FPL1410001,UAM0021,a2,2,1,0.5,가산,가산,연신내,연신내,7,G1,F2,G1,F1,07:04:46,07:12:45,07:19:01,07:25:00,07:35:00,479.43,376.35,358.28,1214.06,112.57,0,ready,가산 > 영등포 > 선유도 17고지 > 성산대교 중간지점 > 수색교 > 연신내,16.4293,13,"{""phase"":""A"",""startLLA"":{""lat"":37.489091,""lon"":126.878809,""alt"":0},""endLLA"":{""lat"":37.489091,""lon"":126.878809,""alt"":0},""targetSpeed"":3,""seq"":1}","{""phase"":""B"",""startLLA"":{""lat"":37.489091,""lon"":126.878809,""alt"":0},""endLLA"":{""lat"":37.489091,""lon"":126.878809,""alt"":15},""targetSpeed"":10,""seq"":2}","{""phase"":""C"",""startLLA"":{""lat"":37.489091,""lon"":126.878809,""alt"":15},""endLLA"":{""lat"":37.497318,""lon"":126.887671,""alt"":100},""targetSpeed"":36,""seq"":3}","{""phase"":""E"",""startLLA"":{""lat"":37.497318,""lon"":126.887671,""alt"":100},""endLLA"":{""lat"":37.515965,""lon"":126.907756,""alt"":258.71},""targetSpeed"":51.4,""seq"":4}","{""phase"":""E"",""startLLA"":{""lat"":37.515965,""lon"":126.907756,""alt"":258.71},""endLLA"":{""lat"":37.52303,""lon"":126.906344,""alt"":305},""targetSpeed"":51.4,""seq"":5}","{""phase"":""F"",""startLLA"":{""lat"":37.52303,""lon"":126.906344,""alt"":305},""endLLA"":{""lat"":37.542307,""lon"":126.90249,""alt"":305},""targetSpeed"":51.4,""seq"":6}","{""phase"":""F"",""startLLA"":{""lat"":37.542307,""lon"":126.90249,""alt"":305},""endLLA"":{""lat"":37.552574,""lon"":126.891431,""alt"":305},""targetSpeed"":51.4,""seq"":7}","{""phase"":""F"",""startLLA"":{""lat"":37.552574,""lon"":126.891431,""alt"":305},""endLLA"":{""lat"":37.583705,""lon"":126.886696,""alt"":305},""targetSpeed"":51.4,""seq"":8}","{""phase"":""G"",""startLLA"":{""lat"":37.583705,""lon"":126.886696,""alt"":305},""endLLA"":{""lat"":37.586283,""lon"":126.886304,""alt"":288.2},""targetSpeed"":36,""seq"":9}","{""phase"":""G"",""startLLA"":{""lat"":37.586283,""lon"":126.886304,""alt"":288.2},""endLLA"":{""lat"":37.605261,""lon"":126.914122,""alt"":100},""targetSpeed"":36,""seq"":10}","{""phase"":""I"",""startLLA"":{""lat"":37.605261,""lon"":126.914122,""alt"":100},""endLLA"":{""lat"":37.611145,""lon"":126.922747,""alt"":15},""targetSpeed"":30,""seq"":11}","{""phase"":""J"",""startLLA"":{""lat"":37.611145,""lon"":126.922747,""alt"":15},""endLLA"":{""lat"":37.611145,""lon"":126.922747,""alt"":0},""targetSpeed"":10,""seq"":12}","{""phase"":""K"",""startLLA"":{""lat"":37.611145,""lon"":126.922747,""alt"":0},""endLLA"":{""lat"":37.611145,""lon"":126.922747,""alt"":0},""targetSpeed"":3,""seq"":13}",,,,,,,,
bfaef6930eb2,2026-07-11,FPL1412001,UAM0029,a2,2,1,0.5,가산,가산,광화문,광화문,8,G8,F1,G1,F2,08:00:00,08:06:06,08:13:23,08:19:22,08:29:22,366.86,437.14,358.28,1162.28,0,66.24,ready,가산 > 영등포 > 선유도 17고지 > 성산대교 중간지점 > 홍대입구 > 광화문,16.1492,13,"{""phase"":""A"",""startLLA"":{""lat"":37.489091,""lon"":126.878809,""alt"":0},""endLLA"":{""lat"":37.489091,""lon"":126.878809,""alt"":0},""targetSpeed"":3,""seq"":1}","{""phase"":""B"",""startLLA"":{""lat"":37.489091,""lon"":126.878809,""alt"":0},""endLLA"":{""lat"":37.489091,""lon"":126.878809,""alt"":15},""targetSpeed"":10,""seq"":2}","{""phase"":""C"",""startLLA"":{""lat"":37.489091,""lon"":126.878809,""alt"":15},""endLLA"":{""lat"":37.497193,""lon"":126.887536,""alt"":100},""targetSpeed"":36,""seq"":3}","{""phase"":""E"",""startLLA"":{""lat"":37.497193,""lon"":126.887536,""alt"":100},""endLLA"":{""lat"":37.515965,""lon"":126.907756,""alt"":262.25},""targetSpeed"":51.4,""seq"":4}","{""phase"":""E"",""startLLA"":{""lat"":37.515965,""lon"":126.907756,""alt"":262.25},""endLLA"":{""lat"":37.522391,""lon"":126.906471,""alt"":305},""targetSpeed"":51.4,""seq"":5}","{""phase"":""F"",""startLLA"":{""lat"":37.522391,""lon"":126.906471,""alt"":305},""endLLA"":{""lat"":37.542307,""lon"":126.90249,""alt"":305},""targetSpeed"":51.4,""seq"":6}","{""phase"":""F"",""startLLA"":{""lat"":37.542307,""lon"":126.90249,""alt"":305},""endLLA"":{""lat"":37.552574,""lon"":126.891431,""alt"":305},""targetSpeed"":51.4,""seq"":7}","{""phase"":""F"",""startLLA"":{""lat"":37.552574,""lon"":126.891431,""alt"":305},""endLLA"":{""lat"":37.556786,""lon"":126.923706,""alt"":305},""targetSpeed"":51.4,""seq"":8}","{""phase"":""F"",""startLLA"":{""lat"":37.556786,""lon"":126.923706,""alt"":305},""endLLA"":{""lat"":37.557176,""lon"":126.925297,""alt"":305},""targetSpeed"":51.4,""seq"":9}","{""phase"":""G"",""startLLA"":{""lat"":37.557176,""lon"":126.925297,""alt"":305},""endLLA"":{""lat"":37.566388,""lon"":126.9629,""alt"":100},""targetSpeed"":36,""seq"":10}","{""phase"":""I"",""startLLA"":{""lat"":37.566388,""lon"":126.9629,""alt"":100},""endLLA"":{""lat"":37.56901,""lon"":126.973604,""alt"":15},""targetSpeed"":30,""seq"":11}","{""phase"":""J"",""startLLA"":{""lat"":37.56901,""lon"":126.973604,""alt"":15},""endLLA"":{""lat"":37.56901,""lon"":126.973604,""alt"":0},""targetSpeed"":10,""seq"":12}","{""phase"":""K"",""startLLA"":{""lat"":37.56901,""lon"":126.973604,""alt"":0},""endLLA"":{""lat"":37.56901,""lon"":126.973604,""alt"":0},""targetSpeed"":3,""seq"":13}",,,,,,,,
bfaef6930eb2,2026-07-11,FPL1406001,UAM0042,a2,2,1,0.5,가산,가산,미아,미아,8,G1,F2,G6,F1,08:00:00,08:06:46,08:19:27,08:26:25,08:36:25,406.86,760.77,418.28,1585.91,40,0,ready,가산 > 영등포 > 선유도 17고지 > 서강대교 중간지점 > 63빌딩 > 상도터널 > 이수고가차로 > 주흥교 > 성수대교 남단 > 왕십리역 > 청량리 > 신설동역 > 미아,36.1884,20,"{""phase"":""A"",""startLLA"":{""lat"":37.489091,""lon"":126.878809,""alt"":0},""endLLA"":{""lat"":37.489091,""lon"":126.878809,""alt"":0},""targetSpeed"":3,""seq"":1}","{""phase"":""B"",""startLLA"":{""lat"":37.489091,""lon"":126.878809,""alt"":0},""endLLA"":{""lat"":37.489091,""lon"":126.878809,""alt"":15},""targetSpeed"":10,""seq"":2}","{""phase"":""C"",""startLLA"":{""lat"":37.489091,""lon"":126.878809,""alt"":15},""endLLA"":{""lat"":37.497319,""lon"":126.887672,""alt"":100},""targetSpeed"":36,""seq"":3}","{""phase"":""E"",""startLLA"":{""lat"":37.497319,""lon"":126.887672,""alt"":100},""endLLA"":{""lat"":37.515965,""lon"":126.907756,""alt"":258.68},""targetSpeed"":51.4,""seq"":4}","{""phase"":""E"",""startLLA"":{""lat"":37.515965,""lon"":126.907756,""alt"":258.68},""endLLA"":{""lat"":37.523036,""lon"":126.906342,""alt"":305},""targetSpeed"":51.4,""seq"":5}","{""phase"":""F"",""startLLA"":{""lat"":37.523036,""lon"":126.906342,""alt"":305},""endLLA"":{""lat"":37.542307,""lon"":126.90249,""alt"":305},""targetSpeed"":51.4,""seq"":6}","{""phase"":""F"",""startLLA"":{""lat"":37.542307,""lon"":126.90249,""alt"":305},""endLLA"":{""lat"":37.536949,""lon"":126.924908,""alt"":305},""targetSpeed"":51.4,""seq"":7}","{""phase"":""F"",""startLLA"":{""lat"":37.536949,""lon"":126.924908,""alt"":305},""endLLA"":{""lat"":37.519378,""lon"":126.94021,""alt"":305},""targetSpeed"":51.4,""seq"":8}","{""phase"":""F"",""startLLA"":{""lat"":37.519378,""lon"":126.94021,""alt"":305},""endLLA"":{""lat"":37.508684,""lon"":126.95211,""alt"":305},""targetSpeed"":51.4,""seq"":9}","{""phase"":""F"",""startLLA"":{""lat"":37.508684,""lon"":126.95211,""alt"":305},""endLLA"":{""lat"":37.497738,""lon"":126.983721,""alt"":305},""targetSpeed"":51.4,""seq"":10}","{""phase"":""F"",""startLLA"":{""lat"":37.497738,""lon"":126.983721,""alt"":305},""endLLA"":{""lat"":37.509486,""lon"":127.016026,""alt"":305},""targetSpeed"":51.4,""seq"":11}","{""phase"":""F"",""startLLA"":{""lat"":37.509486,""lon"":127.016026,""alt"":305},""endLLA"":{""lat"":37.53537,""lon"":127.034503,""alt"":305},""targetSpeed"":51.4,""seq"":12}","{""phase"":""F"",""startLLA"":{""lat"":37.53537,""lon"":127.034503,""alt"":305},""endLLA"":{""lat"":37.561925,""lon"":127.038491,""alt"":305},""targetSpeed"":51.4,""seq"":13}","{""phase"":""F"",""startLLA"":{""lat"":37.561925,""lon"":127.038491,""alt"":305},""endLLA"":{""lat"":37.581542,""lon"":127.048947,""alt"":305},""targetSpeed"":51.4,""seq"":14}","{""phase"":""F"",""startLLA"":{""lat"":37.581542,""lon"":127.048947,""alt"":305},""endLLA"":{""lat"":37.575658,""lon"":127.02353,""alt"":305},""targetSpeed"":51.4,""seq"":15}","{""phase"":""F"",""startLLA"":{""lat"":37.575658,""lon"":127.02353,""alt"":305},""endLLA"":{""lat"":37.589529,""lon"":127.024172,""alt"":305},""targetSpeed"":51.4,""seq"":16}","{""phase"":""G"",""startLLA"":{""lat"":37.589529,""lon"":127.024172,""alt"":305},""endLLA"":{""lat"":37.621194,""lon"":127.025636,""alt"":100},""targetSpeed"":36,""seq"":17}","{""phase"":""I"",""startLLA"":{""lat"":37.621194,""lon"":127.025636,""alt"":100},""endLLA"":{""lat"":37.630207,""lon"":127.026053,""alt"":15},""targetSpeed"":30,""seq"":18}","{""phase"":""J"",""startLLA"":{""lat"":37.630207,""lon"":127.026053,""alt"":15},""endLLA"":{""lat"":37.630207,""lon"":127.026053,""alt"":0},""targetSpeed"":10,""seq"":19}","{""phase"":""K"",""startLLA"":{""lat"":37.630207,""lon"":127.026053,""alt"":0},""endLLA"":{""lat"":37.630207,""lon"":127.026053,""alt"":0},""targetSpeed"":3,""seq"":20}",
bfaef6930eb2,2026-07-11,FPL1403001,UAM0024,a2,2,1,0.5,가산,가산,상암,상암,8,G1,F1,G6,F2,08:25:05,08:31:11,09:00:36,09:07:34,09:17:34,366.86,1764.72,418.28,2549.86,0,0,ready,가산 > 영등포 > 선유도 17고지 > 상암,9.379,11,"{""phase"":""A"",""startLLA"":{""lat"":37.489091,""lon"":126.878809,""alt"":0},""endLLA"":{""lat"":37.489091,""lon"":126.878809,""alt"":0},""targetSpeed"":3,""seq"":1}","{""phase"":""B"",""startLLA"":{""lat"":37.489091,""lon"":126.878809,""alt"":0},""endLLA"":{""lat"":37.489091,""lon"":126.878809,""alt"":15},""targetSpeed"":10,""seq"":2}","{""phase"":""C"",""startLLA"":{""lat"":37.489091,""lon"":126.878809,""alt"":15},""endLLA"":{""lat"":37.497319,""lon"":126.887672,""alt"":100},""targetSpeed"":36,""seq"":3}","{""phase"":""E"",""startLLA"":{""lat"":37.497319,""lon"":126.887672,""alt"":100},""endLLA"":{""lat"":37.515965,""lon"":126.907756,""alt"":258.68},""targetSpeed"":51.4,""seq"":4}","{""phase"":""E"",""startLLA"":{""lat"":37.515965,""lon"":126.907756,""alt"":258.68},""endLLA"":{""lat"":37.523036,""lon"":126.906342,""alt"":305},""targetSpeed"":51.4,""seq"":5}","{""phase"":""F"",""startLLA"":{""lat"":37.523036,""lon"":126.906342,""alt"":305},""endLLA"":{""lat"":37.524069,""lon"":126.906136,""alt"":305},""targetSpeed"":51.4,""seq"":6}","{""phase"":""G"",""startLLA"":{""lat"":37.524069,""lon"":126.906136,""alt"":305},""endLLA"":{""lat"":37.542307,""lon"":126.90249,""alt"":185.53},""targetSpeed"":36,""seq"":7}","{""phase"":""G"",""startLLA"":{""lat"":37.542307,""lon"":126.90249,""alt"":185.53},""endLLA"":{""lat"":37.554181,""lon"":126.895158,""alt"":100},""targetSpeed"":36,""seq"":8}","{""phase"":""I"",""startLLA"":{""lat"":37.554181,""lon"":126.895158,""alt"":100},""endLLA"":{""lat"":37.562282,""lon"":126.890156,""alt"":15},""targetSpeed"":30,""seq"":9}","{""phase"":""J"",""startLLA"":{""lat"":37.562282,""lon"":126.890156,""alt"":15},""endLLA"":{""lat"":37.562282,""lon"":126.890156,""alt"":0},""targetSpeed"":10,""seq"":10}","{""phase"":""K"",""startLLA"":{""lat"":37.562282,""lon"":126.890156,""alt"":0},""endLLA"":{""lat"":37.562282,""lon"":126.890156,""alt"":0},""targetSpeed"":3,""seq"":11}",,,,,,,,,,
bfaef6930eb2,2026-07-11,FPL1413002,UAM0013,a2,2,1,0.5,가산,가산,강남,강남,9,G1,F1,G1,F1,09:25:35,09:31:41,09:37:19,09:43:17,09:53:17,366.86,337.63,358.28,1062.77,0,0,ready,가산 > 180고지 > 채석장 > 강남,14.4391,11,"{""phase"":""A"",""startLLA"":{""lat"":37.489091,""lon"":126.878809,""alt"":0},""endLLA"":{""lat"":37.489091,""lon"":126.878809,""alt"":0},""targetSpeed"":3,""seq"":1}","{""phase"":""B"",""startLLA"":{""lat"":37.489091,""lon"":126.878809,""alt"":0},""endLLA"":{""lat"":37.489091,""lon"":126.878809,""alt"":15},""targetSpeed"":10,""seq"":2}","{""phase"":""C"",""startLLA"":{""lat"":37.489091,""lon"":126.878809,""alt"":15},""endLLA"":{""lat"":37.48994,""lon"":126.892415,""alt"":100},""targetSpeed"":36,""seq"":3}","{""phase"":""E"",""startLLA"":{""lat"":37.48994,""lon"":126.892415,""alt"":100},""endLLA"":{""lat"":37.492425,""lon"":126.932246,""alt"":305},""targetSpeed"":51.4,""seq"":4}","{""phase"":""F"",""startLLA"":{""lat"":37.492425,""lon"":126.932246,""alt"":305},""endLLA"":{""lat"":37.492877,""lon"":126.93949,""alt"":305},""targetSpeed"":51.4,""seq"":5}","{""phase"":""F"",""startLLA"":{""lat"":37.492877,""lon"":126.93949,""alt"":305},""endLLA"":{""lat"":37.472209,""lon"":126.983766,""alt"":305},""targetSpeed"":51.4,""seq"":6}","{""phase"":""G"",""startLLA"":{""lat"":37.472209,""lon"":126.983766,""alt"":305},""endLLA"":{""lat"":37.471285,""lon"":126.985745,""alt"":293.22},""targetSpeed"":36,""seq"":7}","{""phase"":""G"",""startLLA"":{""lat"":37.471285,""lon"":126.985745,""alt"":293.22},""endLLA"":{""lat"":37.490491,""lon"":127.014591,""alt"":100},""targetSpeed"":36,""seq"":8}","{""phase"":""I"",""startLLA"":{""lat"":37.490491,""lon"":127.014591,""alt"":100},""endLLA"":{""lat"":37.496291,""lon"":127.023303,""alt"":15},""targetSpeed"":30,""seq"":9}","{""phase"":""J"",""startLLA"":{""lat"":37.496291,""lon"":127.023303,""alt"":15},""endLLA"":{""lat"":37.496291,""lon"":127.023303,""alt"":0},""targetSpeed"":10,""seq"":10}","{""phase"":""K"",""startLLA"":{""lat"":37.496291,""lon"":127.023303,""alt"":0},""endLLA"":{""lat"":37.496291,""lon"":127.023303,""alt"":0},""targetSpeed"":3,""seq"":11}",,,,,,,,,,
bfaef6930eb2,2026-07-11,FPL1402001,UAM0037,a2,2,1,0.5,가산,가산,잠실,잠실,9,G8,F2,G2,F1,09:26:24,09:32:30,09:43:04,09:49:33,09:59:33,366.86,633.91,388.28,1389.05,0,171.05,ready,가산 > 180고지 > 채석장 > 경부고속도로 양재천 다리 > 대치교 > 잠실,20.8759,13,"{""phase"":""A"",""startLLA"":{""lat"":37.489091,""lon"":126.878809,""alt"":0},""endLLA"":{""lat"":37.489091,""lon"":126.878809,""alt"":0},""targetSpeed"":3,""seq"":1}","{""phase"":""B"",""startLLA"":{""lat"":37.489091,""lon"":126.878809,""alt"":0},""endLLA"":{""lat"":37.489091,""lon"":126.878809,""alt"":15},""targetSpeed"":10,""seq"":2}","{""phase"":""C"",""startLLA"":{""lat"":37.489091,""lon"":126.878809,""alt"":15},""endLLA"":{""lat"":37.48994,""lon"":126.892415,""alt"":100},""targetSpeed"":36,""seq"":3}","{""phase"":""E"",""startLLA"":{""lat"":37.48994,""lon"":126.892415,""alt"":100},""endLLA"":{""lat"":37.492425,""lon"":126.932247,""alt"":305},""targetSpeed"":51.4,""seq"":4}","{""phase"":""F"",""startLLA"":{""lat"":37.492425,""lon"":126.932247,""alt"":305},""endLLA"":{""lat"":37.492877,""lon"":126.93949,""alt"":305},""targetSpeed"":51.4,""seq"":5}","{""phase"":""F"",""startLLA"":{""lat"":37.492877,""lon"":126.93949,""alt"":305},""endLLA"":{""lat"":37.471285,""lon"":126.985745,""alt"":305},""targetSpeed"":51.4,""seq"":6}","{""phase"":""F"",""startLLA"":{""lat"":37.471285,""lon"":126.985745,""alt"":305},""endLLA"":{""lat"":37.471593,""lon"":127.032031,""alt"":305},""targetSpeed"":51.4,""seq"":7}","{""phase"":""F"",""startLLA"":{""lat"":37.471593,""lon"":127.032031,""alt"":305},""endLLA"":{""lat"":37.483527,""lon"":127.051148,""alt"":305},""targetSpeed"":51.4,""seq"":8}","{""phase"":""G"",""startLLA"":{""lat"":37.483527,""lon"":127.051148,""alt"":305},""endLLA"":{""lat"":37.497702,""lon"":127.073855,""alt"":156.75},""targetSpeed"":36,""seq"":9}","{""phase"":""G"",""startLLA"":{""lat"":37.497702,""lon"":127.073855,""alt"":156.75},""endLLA"":{""lat"":37.506266,""lon"":127.071433,""alt"":100},""targetSpeed"":36,""seq"":10}","{""phase"":""I"",""startLLA"":{""lat"":37.506266,""lon"":127.071433,""alt"":100},""endLLA"":{""lat"":37.515071,""lon"":127.068942,""alt"":15},""targetSpeed"":30,""seq"":11}","{""phase"":""J"",""startLLA"":{""lat"":37.515071,""lon"":127.068942,""alt"":15},""endLLA"":{""lat"":37.515071,""lon"":127.068942,""alt"":0},""targetSpeed"":10,""seq"":12}","{""phase"":""K"",""startLLA"":{""lat"":37.515071,""lon"":127.068942,""alt"":0},""endLLA"":{""lat"":37.515071,""lon"":127.068942,""alt"":0},""targetSpeed"":3,""seq"":13}",,,,,,,,
bfaef6930eb2,2026-07-11,FPL1405001,UAM0039,a2,2,1,0.5,가산,가산,목동,목동,10,G1,F1,G1,F2,10:24:23,10:30:29,10:35:58,10:41:56,10:51:56,366.86,328.57,358.28,1053.71,0,148.76,ready,가산 > 영등포 > 목동,6.9461,9,"{""phase"":""A"",""startLLA"":{""lat"":37.489091,""lon"":126.878809,""alt"":0},""endLLA"":{""lat"":37.489091,""lon"":126.878809,""alt"":0},""targetSpeed"":3,""seq"":1}","{""phase"":""B"",""startLLA"":{""lat"":37.489091,""lon"":126.878809,""alt"":0},""endLLA"":{""lat"":37.489091,""lon"":126.878809,""alt"":15},""targetSpeed"":10,""seq"":2}","{""phase"":""C"",""startLLA"":{""lat"":37.489091,""lon"":126.878809,""alt"":15},""endLLA"":{""lat"":37.495262,""lon"":126.885456,""alt"":100},""targetSpeed"":36,""seq"":3}","{""phase"":""E"",""startLLA"":{""lat"":37.495262,""lon"":126.885456,""alt"":100},""endLLA"":{""lat"":37.513329,""lon"":126.904917,""alt"":305},""targetSpeed"":47.549,""seq"":4}","{""phase"":""G"",""startLLA"":{""lat"":37.513329,""lon"":126.904917,""alt"":305},""endLLA"":{""lat"":37.515965,""lon"":126.907756,""alt"":275.09},""targetSpeed"":36,""seq"":5}","{""phase"":""G"",""startLLA"":{""lat"":37.515965,""lon"":126.907756,""alt"":275.09},""endLLA"":{""lat"":37.523749,""lon"":126.88412,""alt"":100},""targetSpeed"":36,""seq"":6}","{""phase"":""I"",""startLLA"":{""lat"":37.523749,""lon"":126.88412,""alt"":100},""endLLA"":{""lat"":37.526343,""lon"":126.876243,""alt"":15},""targetSpeed"":30,""seq"":7}","{""phase"":""J"",""startLLA"":{""lat"":37.526343,""lon"":126.876243,""alt"":15},""endLLA"":{""lat"":37.526343,""lon"":126.876243,""alt"":0},""targetSpeed"":10,""seq"":8}","{""phase"":""K"",""startLLA"":{""lat"":37.526343,""lon"":126.876243,""alt"":0},""endLLA"":{""lat"":37.526343,""lon"":126.876243,""alt"":0},""targetSpeed"":3,""seq"":9}",,,,,,,,,,,,
bfaef6930eb2,2026-07-11,FPL1406002,UAM0021,a2,2,1,0.5,가산,가산,미아,미아,10,G8,F2,G8,F1,10:25:35,10:31:41,10:44:22,10:50:20,11:00:20,366.86,760.77,358.28,1485.91,0,0,ready,가산 > 영등포 > 선유도 17고지 > 서강대교 중간지점 > 63빌딩 > 상도터널 > 이수고가차로 > 주흥교 > 성수대교 남단 > 왕십리역 > 청량리 > 신설동역 > 미아,36.1884,20,"{""phase"":""A"",""startLLA"":{""lat"":37.489091,""lon"":126.878809,""alt"":0},""endLLA"":{""lat"":37.489091,""lon"":126.878809,""alt"":0},""targetSpeed"":3,""seq"":1}","{""phase"":""B"",""startLLA"":{""lat"":37.489091,""lon"":126.878809,""alt"":0},""endLLA"":{""lat"":37.489091,""lon"":126.878809,""alt"":15},""targetSpeed"":10,""seq"":2}","{""phase"":""C"",""startLLA"":{""lat"":37.489091,""lon"":126.878809,""alt"":15},""endLLA"":{""lat"":37.497319,""lon"":126.887672,""alt"":100},""targetSpeed"":36,""seq"":3}","{""phase"":""E"",""startLLA"":{""lat"":37.497319,""lon"":126.887672,""alt"":100},""endLLA"":{""lat"":37.515965,""lon"":126.907756,""alt"":258.68},""targetSpeed"":51.4,""seq"":4}","{""phase"":""E"",""startLLA"":{""lat"":37.515965,""lon"":126.907756,""alt"":258.68},""endLLA"":{""lat"":37.523036,""lon"":126.906342,""alt"":305},""targetSpeed"":51.4,""seq"":5}","{""phase"":""F"",""startLLA"":{""lat"":37.523036,""lon"":126.906342,""alt"":305},""endLLA"":{""lat"":37.542307,""lon"":126.90249,""alt"":305},""targetSpeed"":51.4,""seq"":6}","{""phase"":""F"",""startLLA"":{""lat"":37.542307,""lon"":126.90249,""alt"":305},""endLLA"":{""lat"":37.536949,""lon"":126.924908,""alt"":305},""targetSpeed"":51.4,""seq"":7}","{""phase"":""F"",""startLLA"":{""lat"":37.536949,""lon"":126.924908,""alt"":305},""endLLA"":{""lat"":37.519378,""lon"":126.94021,""alt"":305},""targetSpeed"":51.4,""seq"":8}","{""phase"":""F"",""startLLA"":{""lat"":37.519378,""lon"":126.94021,""alt"":305},""endLLA"":{""lat"":37.508684,""lon"":126.95211,""alt"":305},""targetSpeed"":51.4,""seq"":9}","{""phase"":""F"",""startLLA"":{""lat"":37.508684,""lon"":126.95211,""alt"":305},""endLLA"":{""lat"":37.497738,""lon"":126.983721,""alt"":305},""targetSpeed"":51.4,""seq"":10}","{""phase"":""F"",""startLLA"":{""lat"":37.497738,""lon"":126.983721,""alt"":305},""endLLA"":{""lat"":37.509486,""lon"":127.016026,""alt"":305},""targetSpeed"":51.4,""seq"":11}","{""phase"":""F"",""startLLA"":{""lat"":37.509486,""lon"":127.016026,""alt"":305},""endLLA"":{""lat"":37.53537,""lon"":127.034503,""alt"":305},""targetSpeed"":51.4,""seq"":12}","{""phase"":""F"",""startLLA"":{""lat"":37.53537,""lon"":127.034503,""alt"":305},""endLLA"":{""lat"":37.561925,""lon"":127.038491,""alt"":305},""targetSpeed"":51.4,""seq"":13}","{""phase"":""F"",""startLLA"":{""lat"":37.561925,""lon"":127.038491,""alt"":305},""endLLA"":{""lat"":37.581542,""lon"":127.048947,""alt"":305},""targetSpeed"":51.4,""seq"":14}","{""phase"":""F"",""startLLA"":{""lat"":37.581542,""lon"":127.048947,""alt"":305},""endLLA"":{""lat"":37.575658,""lon"":127.02353,""alt"":305},""targetSpeed"":51.4,""seq"":15}","{""phase"":""F"",""startLLA"":{""lat"":37.575658,""lon"":127.02353,""alt"":305},""endLLA"":{""lat"":37.589529,""lon"":127.024172,""alt"":305},""targetSpeed"":51.4,""seq"":16}","{""phase"":""G"",""startLLA"":{""lat"":37.589529,""lon"":127.024172,""alt"":305},""endLLA"":{""lat"":37.621194,""lon"":127.025636,""alt"":100},""targetSpeed"":36,""seq"":17}","{""phase"":""I"",""startLLA"":{""lat"":37.621194,""lon"":127.025636,""alt"":100},""endLLA"":{""lat"":37.630207,""lon"":127.026053,""alt"":15},""targetSpeed"":30,""seq"":18}","{""phase"":""J"",""startLLA"":{""lat"":37.630207,""lon"":127.026053,""alt"":15},""endLLA"":{""lat"":37.630207,""lon"":127.026053,""alt"":0},""targetSpeed"":10,""seq"":19}","{""phase"":""K"",""startLLA"":{""lat"":37.630207,""lon"":127.026053,""alt"":0},""endLLA"":{""lat"":37.630207,""lon"":127.026053,""alt"":0},""targetSpeed"":3,""seq"":20}",
bfaef6930eb2,2026-07-11,FPL1408001,UAM0009,a2,2,1,0.5,가산,가산,사당,사당,10,G2,F1,G1,F1,10:29:22,10:35:58,10:40:02,10:46:00,10:56:00,396.86,243.39,358.28,998.53,0,0,ready,가산 > 180고지 > 사당,9.595,10,"{""phase"":""A"",""startLLA"":{""lat"":37.489091,""lon"":126.878809,""alt"":0},""endLLA"":{""lat"":37.489091,""lon"":126.878809,""alt"":0},""targetSpeed"":3,""seq"":1}","{""phase"":""B"",""startLLA"":{""lat"":37.489091,""lon"":126.878809,""alt"":0},""endLLA"":{""lat"":37.489091,""lon"":126.878809,""alt"":15},""targetSpeed"":10,""seq"":2}","{""phase"":""C"",""startLLA"":{""lat"":37.489091,""lon"":126.878809,""alt"":15},""endLLA"":{""lat"":37.48994,""lon"":126.892415,""alt"":100},""targetSpeed"":36,""seq"":3}","{""phase"":""E"",""startLLA"":{""lat"":37.48994,""lon"":126.892415,""alt"":100},""endLLA"":{""lat"":37.492425,""lon"":126.93225,""alt"":305},""targetSpeed"":51.4,""seq"":4}","{""phase"":""F"",""startLLA"":{""lat"":37.492425,""lon"":126.93225,""alt"":305},""endLLA"":{""lat"":37.49266,""lon"":126.936005,""alt"":305},""targetSpeed"":51.4,""seq"":5}","{""phase"":""G"",""startLLA"":{""lat"":37.49266,""lon"":126.936005,""alt"":305},""endLLA"":{""lat"":37.492877,""lon"":126.93949,""alt"":287.06},""targetSpeed"":36,""seq"":6}","{""phase"":""G"",""startLLA"":{""lat"":37.492877,""lon"":126.93949,""alt"":287.06},""endLLA"":{""lat"":37.479835,""lon"":126.972033,""alt"":100},""targetSpeed"":36,""seq"":7}","{""phase"":""I"",""startLLA"":{""lat"":37.479835,""lon"":126.972033,""alt"":100},""endLLA"":{""lat"":37.475767,""lon"":126.982185,""alt"":15},""targetSpeed"":30,""seq"":8}","{""phase"":""J"",""startLLA"":{""lat"":37.475767,""lon"":126.982185,""alt"":15},""endLLA"":{""lat"":37.475767,""lon"":126.982185,""alt"":0},""targetSpeed"":10,""seq"":9}","{""phase"":""K"",""startLLA"":{""lat"":37.475767,""lon"":126.982185,""alt"":0},""endLLA"":{""lat"":37.475767,""lon"":126.982185,""alt"":0},""targetSpeed"":3,""seq"":10}",,,,,,,,,,,
bfaef6930eb2,2026-07-11,FPL1417001,UAM0017,a2,2,1,0.5,가산,가산,수서,수서,10,G7,F2,G3,F1,10:33:15,10:39:51,10:47:27,10:54:25,11:04:25,396.86,455.55,418.28,1270.69,0,0,ready,가산 > 180고지 > 채석장 > 경부고속도로 양재천 다리 > 수서,20.5002,12,"{""phase"":""A"",""startLLA"":{""lat"":37.489091,""lon"":126.878809,""alt"":0},""endLLA"":{""lat"":37.489091,""lon"":126.878809,""alt"":0},""targetSpeed"":3,""seq"":1}","{""phase"":""B"",""startLLA"":{""lat"":37.489091,""lon"":126.878809,""alt"":0},""endLLA"":{""lat"":37.489091,""lon"":126.878809,""alt"":15},""targetSpeed"":10,""seq"":2}","{""phase"":""C"",""startLLA"":{""lat"":37.489091,""lon"":126.878809,""alt"":15},""endLLA"":{""lat"":37.48994,""lon"":126.892417,""alt"":100},""targetSpeed"":36,""seq"":3}","{""phase"":""E"",""startLLA"":{""lat"":37.48994,""lon"":126.892417,""alt"":100},""endLLA"":{""lat"":37.492426,""lon"":126.932255,""alt"":305},""targetSpeed"":51.4,""seq"":4}","{""phase"":""F"",""startLLA"":{""lat"":37.492426,""lon"":126.932255,""alt"":305},""endLLA"":{""lat"":37.492877,""lon"":126.93949,""alt"":305},""targetSpeed"":51.4,""seq"":5}","{""phase"":""F"",""startLLA"":{""lat"":37.492877,""lon"":126.93949,""alt"":305},""endLLA"":{""lat"":37.471285,""lon"":126.985745,""alt"":305},""targetSpeed"":51.4,""seq"":6}","{""phase"":""F"",""startLLA"":{""lat"":37.471285,""lon"":126.985745,""alt"":305},""endLLA"":{""lat"":37.471593,""lon"":127.032031,""alt"":305},""targetSpeed"":51.4,""seq"":7}","{""phase"":""F"",""startLLA"":{""lat"":37.471593,""lon"":127.032031,""alt"":305},""endLLA"":{""lat"":37.476052,""lon"":127.051322,""alt"":305},""targetSpeed"":51.4,""seq"":8}","{""phase"":""G"",""startLLA"":{""lat"":37.476052,""lon"":127.051322,""alt"":305},""endLLA"":{""lat"":37.484917,""lon"":127.089684,""alt"":100},""targetSpeed"":36,""seq"":9}","{""phase"":""I"",""startLLA"":{""lat"":37.484917,""lon"":127.089684,""alt"":100},""endLLA"":{""lat"":37.487441,""lon"":127.100603,""alt"":15},""targetSpeed"":30,""seq"":10}","{""phase"":""J"",""startLLA"":{""lat"":37.487441,""lon"":127.100603,""alt"":15},""endLLA"":{""lat"":37.487441,""lon"":127.100603,""alt"":0},""targetSpeed"":10,""seq"":11}","{""phase"":""K"",""startLLA"":{""lat"":37.487441,""lon"":127.100603,""alt"":0},""endLLA"":{""lat"":37.487441,""lon"":127.100603,""alt"":0},""targetSpeed"":3,""seq"":12}",,,,,,,,,
bfaef6930eb2,2026-07-11,FPL1407001,UAM0032,a2,2,2,1,가산,가산,봉천,봉천,11,G3,F1,G8,F2,11:00:00,11:07:06,11:10:50,11:16:48,11:26:48,426.86,223.45,358.28,1008.59,0,0,ready,가산 > 영등포 > 봉천,8.7165,9,"{""phase"":""A"",""startLLA"":{""lat"":37.489091,""lon"":126.878809,""alt"":0},""endLLA"":{""lat"":37.489091,""lon"":126.878809,""alt"":0},""targetSpeed"":3,""seq"":1}","{""phase"":""B"",""startLLA"":{""lat"":37.489091,""lon"":126.878809,""alt"":0},""endLLA"":{""lat"":37.489091,""lon"":126.878809,""alt"":15},""targetSpeed"":10,""seq"":2}","{""phase"":""C"",""startLLA"":{""lat"":37.489091,""lon"":126.878809,""alt"":15},""endLLA"":{""lat"":37.496835,""lon"":126.887151,""alt"":100},""targetSpeed"":36,""seq"":3}","{""phase"":""E"",""startLLA"":{""lat"":37.496835,""lon"":126.887151,""alt"":100},""endLLA"":{""lat"":37.515965,""lon"":126.907756,""alt"":272.97},""targetSpeed"":50.492,""seq"":4}","{""phase"":""E"",""startLLA"":{""lat"":37.515965,""lon"":126.907756,""alt"":272.97},""endLLA"":{""lat"":37.512372,""lon"":126.911496,""alt"":305},""targetSpeed"":50.492,""seq"":5}","{""phase"":""G"",""startLLA"":{""lat"":37.512372,""lon"":126.911496,""alt"":305},""endLLA"":{""lat"":37.489377,""lon"":126.935432,""alt"":100},""targetSpeed"":36,""seq"":6}","{""phase"":""I"",""startLLA"":{""lat"":37.489377,""lon"":126.935432,""alt"":100},""endLLA"":{""lat"":37.482832,""lon"":126.942245,""alt"":15},""targetSpeed"":30,""seq"":7}","{""phase"":""J"",""startLLA"":{""lat"":37.482832,""lon"":126.942245,""alt"":15},""endLLA"":{""lat"":37.482832,""lon"":126.942245,""alt"":0},""targetSpeed"":10,""seq"":8}","{""phase"":""K"",""startLLA"":{""lat"":37.482832,""lon"":126.942245,""alt"":0},""endLLA"":{""lat"":37.482832,""lon"":126.942245,""alt"":0},""targetSpeed"":3,""seq"":9}",,,,,,,,,,,,
bfaef6930eb2,2026-07-11,FPL1405002,UAM0019,a2,2,2,1,가산,가산,목동,목동,11,G1,F1,G5,F2,11:26:49,11:32:55,12:09:25,12:17:01,12:27:01,366.86,2189.57,456.57,3013,0,564.14,ready,가산 > 영등포 > 목동,6.9461,9,"{""phase"":""A"",""startLLA"":{""lat"":37.489091,""lon"":126.878809,""alt"":0},""endLLA"":{""lat"":37.489091,""lon"":126.878809,""alt"":0},""targetSpeed"":3,""seq"":1}","{""phase"":""B"",""startLLA"":{""lat"":37.489091,""lon"":126.878809,""alt"":0},""endLLA"":{""lat"":37.489091,""lon"":126.878809,""alt"":15},""targetSpeed"":10,""seq"":2}","{""phase"":""C"",""startLLA"":{""lat"":37.489091,""lon"":126.878809,""alt"":15},""endLLA"":{""lat"":37.495262,""lon"":126.885456,""alt"":100},""targetSpeed"":36,""seq"":3}","{""phase"":""E"",""startLLA"":{""lat"":37.495262,""lon"":126.885456,""alt"":100},""endLLA"":{""lat"":37.513329,""lon"":126.904917,""alt"":305},""targetSpeed"":47.549,""seq"":4}","{""phase"":""G"",""startLLA"":{""lat"":37.513329,""lon"":126.904917,""alt"":305},""endLLA"":{""lat"":37.515965,""lon"":126.907756,""alt"":275.09},""targetSpeed"":36,""seq"":5}","{""phase"":""G"",""startLLA"":{""lat"":37.515965,""lon"":126.907756,""alt"":275.09},""endLLA"":{""lat"":37.523749,""lon"":126.88412,""alt"":100},""targetSpeed"":36,""seq"":6}","{""phase"":""I"",""startLLA"":{""lat"":37.523749,""lon"":126.88412,""alt"":100},""endLLA"":{""lat"":37.526343,""lon"":126.876243,""alt"":15},""targetSpeed"":30,""seq"":7}","{""phase"":""J"",""startLLA"":{""lat"":37.526343,""lon"":126.876243,""alt"":15},""endLLA"":{""lat"":37.526343,""lon"":126.876243,""alt"":0},""targetSpeed"":10,""seq"":8}","{""phase"":""K"",""startLLA"":{""lat"":37.526343,""lon"":126.876243,""alt"":0},""endLLA"":{""lat"":37.526343,""lon"":126.876243,""alt"":0},""targetSpeed"":3,""seq"":9}",,,,,,,,,,,,
bfaef6930eb2,2026-07-11,FPL1401001,UAM0013,a2,2,1,0.5,가산,가산,여의도,여의도,11,G8,F2,G8,F1,11:27:37,11:33:43,11:36:13,11:42:11,11:52:11,366.86,149.33,358.28,874.47,0,0,ready,가산 > 영등포 > 여의도,5.7097,9,"{""phase"":""A"",""startLLA"":{""lat"":37.489091,""lon"":126.878809,""alt"":0},""endLLA"":{""lat"":37.489091,""lon"":126.878809,""alt"":0},""targetSpeed"":3,""seq"":1}","{""phase"":""B"",""startLLA"":{""lat"":37.489091,""lon"":126.878809,""alt"":0},""endLLA"":{""lat"":37.489091,""lon"":126.878809,""alt"":15},""targetSpeed"":10,""seq"":2}","{""phase"":""C"",""startLLA"":{""lat"":37.489091,""lon"":126.878809,""alt"":15},""endLLA"":{""lat"":37.494164,""lon"":126.884273,""alt"":100},""targetSpeed"":36,""seq"":3}","{""phase"":""E"",""startLLA"":{""lat"":37.494164,""lon"":126.884273,""alt"":100},""endLLA"":{""lat"":37.509015,""lon"":126.900269,""alt"":305},""targetSpeed"":45.493,""seq"":4}","{""phase"":""G"",""startLLA"":{""lat"":37.509015,""lon"":126.900269,""alt"":305},""endLLA"":{""lat"":37.515965,""lon"":126.907756,""alt"":209.06},""targetSpeed"":36,""seq"":5}","{""phase"":""G"",""startLLA"":{""lat"":37.515965,""lon"":126.907756,""alt"":209.06},""endLLA"":{""lat"":37.522836,""lon"":126.917586,""alt"":100},""targetSpeed"":36,""seq"":6}","{""phase"":""I"",""startLLA"":{""lat"":37.522836,""lon"":126.917586,""alt"":100},""endLLA"":{""lat"":37.526513,""lon"":126.922845,""alt"":15},""targetSpeed"":30,""seq"":7}","{""phase"":""J"",""startLLA"":{""lat"":37.526513,""lon"":126.922845,""alt"":15},""endLLA"":{""lat"":37.526513,""lon"":126.922845,""alt"":0},""targetSpeed"":10,""seq"":8}","{""phase"":""K"",""startLLA"":{""lat"":37.526513,""lon"":126.922845,""alt"":0},""endLLA"":{""lat"":37.526513,""lon"":126.922845,""alt"":0},""targetSpeed"":3,""seq"":9}",,,,,,,,,,,,
bfaef6930eb2,2026-07-11,FPL1412002,UAM0006,a2,2,1,0.5,가산,가산,광화문,광화문,12,G1,F1,G8,F2,12:00:00,12:06:06,12:13:23,12:19:30,12:29:30,366.86,437.14,366.57,1170.57,0,74.53,ready,가산 > 영등포 > 선유도 17고지 > 성산대교 중간지점 > 홍대입구 > 광화문,16.1492,13,"{""phase"":""A"",""startLLA"":{""lat"":37.489091,""lon"":126.878809,""alt"":0},""endLLA"":{""lat"":37.489091,""lon"":126.878809,""alt"":0},""targetSpeed"":3,""seq"":1}","{""phase"":""B"",""startLLA"":{""lat"":37.489091,""lon"":126.878809,""alt"":0},""endLLA"":{""lat"":37.489091,""lon"":126.878809,""alt"":15},""targetSpeed"":10,""seq"":2}","{""phase"":""C"",""startLLA"":{""lat"":37.489091,""lon"":126.878809,""alt"":15},""endLLA"":{""lat"":37.497193,""lon"":126.887536,""alt"":100},""targetSpeed"":36,""seq"":3}","{""phase"":""E"",""startLLA"":{""lat"":37.497193,""lon"":126.887536,""alt"":100},""endLLA"":{""lat"":37.515965,""lon"":126.907756,""alt"":262.25},""targetSpeed"":51.4,""seq"":4}","{""phase"":""E"",""startLLA"":{""lat"":37.515965,""lon"":126.907756,""alt"":262.25},""endLLA"":{""lat"":37.522391,""lon"":126.906471,""alt"":305},""targetSpeed"":51.4,""seq"":5}","{""phase"":""F"",""startLLA"":{""lat"":37.522391,""lon"":126.906471,""alt"":305},""endLLA"":{""lat"":37.542307,""lon"":126.90249,""alt"":305},""targetSpeed"":51.4,""seq"":6}","{""phase"":""F"",""startLLA"":{""lat"":37.542307,""lon"":126.90249,""alt"":305},""endLLA"":{""lat"":37.552574,""lon"":126.891431,""alt"":305},""targetSpeed"":51.4,""seq"":7}","{""phase"":""F"",""startLLA"":{""lat"":37.552574,""lon"":126.891431,""alt"":305},""endLLA"":{""lat"":37.556786,""lon"":126.923706,""alt"":305},""targetSpeed"":51.4,""seq"":8}","{""phase"":""F"",""startLLA"":{""lat"":37.556786,""lon"":126.923706,""alt"":305},""endLLA"":{""lat"":37.557176,""lon"":126.925297,""alt"":305},""targetSpeed"":51.4,""seq"":9}","{""phase"":""G"",""startLLA"":{""lat"":37.557176,""lon"":126.925297,""alt"":305},""endLLA"":{""lat"":37.566388,""lon"":126.9629,""alt"":100},""targetSpeed"":36,""seq"":10}","{""phase"":""I"",""startLLA"":{""lat"":37.566388,""lon"":126.9629,""alt"":100},""endLLA"":{""lat"":37.56901,""lon"":126.973604,""alt"":15},""targetSpeed"":30,""seq"":11}","{""phase"":""J"",""startLLA"":{""lat"":37.56901,""lon"":126.973604,""alt"":15},""endLLA"":{""lat"":37.56901,""lon"":126.973604,""alt"":0},""targetSpeed"":10,""seq"":12}","{""phase"":""K"",""startLLA"":{""lat"":37.56901,""lon"":126.973604,""alt"":0},""endLLA"":{""lat"":37.56901,""lon"":126.973604,""alt"":0},""targetSpeed"":3,""seq"":13}",,,,,,,,
bfaef6930eb2,2026-07-11,FPL1413003,UAM0005,a2,2,1,0.5,가산,가산,강남,강남,13,G8,F1,G1,F1,13:00:00,13:06:06,13:11:44,13:17:42,13:27:42,366.86,337.63,358.28,1062.77,0,0,ready,가산 > 180고지 > 채석장 > 강남,14.4391,11,"{""phase"":""A"",""startLLA"":{""lat"":37.489091,""lon"":126.878809,""alt"":0},""endLLA"":{""lat"":37.489091,""lon"":126.878809,""alt"":0},""targetSpeed"":3,""seq"":1}","{""phase"":""B"",""startLLA"":{""lat"":37.489091,""lon"":126.878809,""alt"":0},""endLLA"":{""lat"":37.489091,""lon"":126.878809,""alt"":15},""targetSpeed"":10,""seq"":2}","{""phase"":""C"",""startLLA"":{""lat"":37.489091,""lon"":126.878809,""alt"":15},""endLLA"":{""lat"":37.48994,""lon"":126.892415,""alt"":100},""targetSpeed"":36,""seq"":3}","{""phase"":""E"",""startLLA"":{""lat"":37.48994,""lon"":126.892415,""alt"":100},""endLLA"":{""lat"":37.492425,""lon"":126.932246,""alt"":305},""targetSpeed"":51.4,""seq"":4}","{""phase"":""F"",""startLLA"":{""lat"":37.492425,""lon"":126.932246,""alt"":305},""endLLA"":{""lat"":37.492877,""lon"":126.93949,""alt"":305},""targetSpeed"":51.4,""seq"":5}","{""phase"":""F"",""startLLA"":{""lat"":37.492877,""lon"":126.93949,""alt"":305},""endLLA"":{""lat"":37.472209,""lon"":126.983766,""alt"":305},""targetSpeed"":51.4,""seq"":6}","{""phase"":""G"",""startLLA"":{""lat"":37.472209,""lon"":126.983766,""alt"":305},""endLLA"":{""lat"":37.471285,""lon"":126.985745,""alt"":293.22},""targetSpeed"":36,""seq"":7}","{""phase"":""G"",""startLLA"":{""lat"":37.471285,""lon"":126.985745,""alt"":293.22},""endLLA"":{""lat"":37.490491,""lon"":127.014591,""alt"":100},""targetSpeed"":36,""seq"":8}","{""phase"":""I"",""startLLA"":{""lat"":37.490491,""lon"":127.014591,""alt"":100},""endLLA"":{""lat"":37.496291,""lon"":127.023303,""alt"":15},""targetSpeed"":30,""seq"":9}","{""phase"":""J"",""startLLA"":{""lat"":37.496291,""lon"":127.023303,""alt"":15},""endLLA"":{""lat"":37.496291,""lon"":127.023303,""alt"":0},""targetSpeed"":10,""seq"":10}","{""phase"":""K"",""startLLA"":{""lat"":37.496291,""lon"":127.023303,""alt"":0},""endLLA"":{""lat"":37.496291,""lon"":127.023303,""alt"":0},""targetSpeed"":3,""seq"":11}",,,,,,,,,,
bfaef6930eb2,2026-07-11,FPL1416002,UAM0014,a2,2,1,0.5,가산,가산,망우,망우,13,G1,F2,G1,F1,13:00:00,13:06:46,13:17:32,13:23:30,13:33:30,406.86,645.33,358.28,1410.47,40,0,ready,가산 > 180고지 > 채석장 > 경부고속도로 양재천 다리 > 대치교 > 청담대교 중간지점 > 건대입구 > 망우,30.2551,15,"{""phase"":""A"",""startLLA"":{""lat"":37.489091,""lon"":126.878809,""alt"":0},""endLLA"":{""lat"":37.489091,""lon"":126.878809,""alt"":0},""targetSpeed"":3,""seq"":1}","{""phase"":""B"",""startLLA"":{""lat"":37.489091,""lon"":126.878809,""alt"":0},""endLLA"":{""lat"":37.489091,""lon"":126.878809,""alt"":15},""targetSpeed"":10,""seq"":2}","{""phase"":""C"",""startLLA"":{""lat"":37.489091,""lon"":126.878809,""alt"":15},""endLLA"":{""lat"":37.48994,""lon"":126.892412,""alt"":100},""targetSpeed"":36,""seq"":3}","{""phase"":""E"",""startLLA"":{""lat"":37.48994,""lon"":126.892412,""alt"":100},""endLLA"":{""lat"":37.492424,""lon"":126.932237,""alt"":305},""targetSpeed"":51.4,""seq"":4}","{""phase"":""F"",""startLLA"":{""lat"":37.492424,""lon"":126.932237,""alt"":305},""endLLA"":{""lat"":37.492877,""lon"":126.93949,""alt"":305},""targetSpeed"":51.4,""seq"":5}","{""phase"":""F"",""startLLA"":{""lat"":37.492877,""lon"":126.93949,""alt"":305},""endLLA"":{""lat"":37.471285,""lon"":126.985745,""alt"":305},""targetSpeed"":51.4,""seq"":6}","{""phase"":""F"",""startLLA"":{""lat"":37.471285,""lon"":126.985745,""alt"":305},""endLLA"":{""lat"":37.471593,""lon"":127.032031,""alt"":305},""targetSpeed"":51.4,""seq"":7}","{""phase"":""F"",""startLLA"":{""lat"":37.471593,""lon"":127.032031,""alt"":305},""endLLA"":{""lat"":37.497702,""lon"":127.073855,""alt"":305},""targetSpeed"":51.4,""seq"":8}","{""phase"":""F"",""startLLA"":{""lat"":37.497702,""lon"":127.073855,""alt"":305},""endLLA"":{""lat"":37.526451,""lon"":127.064361,""alt"":305},""targetSpeed"":51.4,""seq"":9}","{""phase"":""F"",""startLLA"":{""lat"":37.526451,""lon"":127.064361,""alt"":305},""endLLA"":{""lat"":37.540426,""lon"":127.069298,""alt"":305},""targetSpeed"":51.4,""seq"":10}","{""phase"":""F"",""startLLA"":{""lat"":37.540426,""lon"":127.069298,""alt"":305},""endLLA"":{""lat"":37.557137,""lon"":127.073899,""alt"":305},""targetSpeed"":51.4,""seq"":11}","{""phase"":""G"",""startLLA"":{""lat"":37.557137,""lon"":127.073899,""alt"":305},""endLLA"":{""lat"":37.588104,""lon"":127.082427,""alt"":100},""targetSpeed"":36,""seq"":12}","{""phase"":""I"",""startLLA"":{""lat"":37.588104,""lon"":127.082427,""alt"":100},""endLLA"":{""lat"":37.596919,""lon"":127.084854,""alt"":15},""targetSpeed"":30,""seq"":13}","{""phase"":""J"",""startLLA"":{""lat"":37.596919,""lon"":127.084854,""alt"":15},""endLLA"":{""lat"":37.596919,""lon"":127.084854,""alt"":0},""targetSpeed"":10,""seq"":14}","{""phase"":""K"",""startLLA"":{""lat"":37.596919,""lon"":127.084854,""alt"":0},""endLLA"":{""lat"":37.596919,""lon"":127.084854,""alt"":0},""targetSpeed"":3,""seq"":15}",,,,,,
bfaef6930eb2,2026-07-11,FPL1405003,UAM0017,a2,2,1,0.5,가산,가산,목동,목동,13,G2,F1,G4,F2,13:00:00,13:11:35,14:13:53,14:21:22,14:31:22,695.43,3738.57,448.28,4882.28,298.57,822.43,ready,가산 > 영등포 > 목동,6.9461,9,"{""phase"":""A"",""startLLA"":{""lat"":37.489091,""lon"":126.878809,""alt"":0},""endLLA"":{""lat"":37.489091,""lon"":126.878809,""alt"":0},""targetSpeed"":3,""seq"":1}","{""phase"":""B"",""startLLA"":{""lat"":37.489091,""lon"":126.878809,""alt"":0},""endLLA"":{""lat"":37.489091,""lon"":126.878809,""alt"":15},""targetSpeed"":10,""seq"":2}","{""phase"":""C"",""startLLA"":{""lat"":37.489091,""lon"":126.878809,""alt"":15},""endLLA"":{""lat"":37.495262,""lon"":126.885456,""alt"":100},""targetSpeed"":36,""seq"":3}","{""phase"":""E"",""startLLA"":{""lat"":37.495262,""lon"":126.885456,""alt"":100},""endLLA"":{""lat"":37.513329,""lon"":126.904917,""alt"":305},""targetSpeed"":47.549,""seq"":4}","{""phase"":""G"",""startLLA"":{""lat"":37.513329,""lon"":126.904917,""alt"":305},""endLLA"":{""lat"":37.515965,""lon"":126.907756,""alt"":275.09},""targetSpeed"":36,""seq"":5}","{""phase"":""G"",""startLLA"":{""lat"":37.515965,""lon"":126.907756,""alt"":275.09},""endLLA"":{""lat"":37.523749,""lon"":126.88412,""alt"":100},""targetSpeed"":36,""seq"":6}","{""phase"":""I"",""startLLA"":{""lat"":37.523749,""lon"":126.88412,""alt"":100},""endLLA"":{""lat"":37.526343,""lon"":126.876243,""alt"":15},""targetSpeed"":30,""seq"":7}","{""phase"":""J"",""startLLA"":{""lat"":37.526343,""lon"":126.876243,""alt"":15},""endLLA"":{""lat"":37.526343,""lon"":126.876243,""alt"":0},""targetSpeed"":10,""seq"":8}","{""phase"":""K"",""startLLA"":{""lat"":37.526343,""lon"":126.876243,""alt"":0},""endLLA"":{""lat"":37.526343,""lon"":126.876243,""alt"":0},""targetSpeed"":3,""seq"":9}",,,,,,,,,,,,
bfaef6930eb2,2026-07-11,FPL1409001,UAM0029,a2,2,1,0.5,가산,가산,성수,성수,13,G1,F1,G6,F2,13:25:05,13:31:11,13:39:37,13:46:47,13:56:47,366.86,506.06,430,1302.92,0,11.72,ready,가산 > 영등포 > 선유도 17고지 > 서강대교 중간지점 > 63빌딩 > 상도터널 > 이수고가차로 > 주흥교 > 성수,23.0965,16,"{""phase"":""A"",""startLLA"":{""lat"":37.489091,""lon"":126.878809,""alt"":0},""endLLA"":{""lat"":37.489091,""lon"":126.878809,""alt"":0},""targetSpeed"":3,""seq"":1}","{""phase"":""B"",""startLLA"":{""lat"":37.489091,""lon"":126.878809,""alt"":0},""endLLA"":{""lat"":37.489091,""lon"":126.878809,""alt"":15},""targetSpeed"":10,""seq"":2}","{""phase"":""C"",""startLLA"":{""lat"":37.489091,""lon"":126.878809,""alt"":15},""endLLA"":{""lat"":37.49732,""lon"":126.887673,""alt"":100},""targetSpeed"":36,""seq"":3}","{""phase"":""E"",""startLLA"":{""lat"":37.49732,""lon"":126.887673,""alt"":100},""endLLA"":{""lat"":37.515965,""lon"":126.907756,""alt"":258.65},""targetSpeed"":51.4,""seq"":4}","{""phase"":""E"",""startLLA"":{""lat"":37.515965,""lon"":126.907756,""alt"":258.65},""endLLA"":{""lat"":37.523041,""lon"":126.906341,""alt"":305},""targetSpeed"":51.4,""seq"":5}","{""phase"":""F"",""startLLA"":{""lat"":37.523041,""lon"":126.906341,""alt"":305},""endLLA"":{""lat"":37.542307,""lon"":126.90249,""alt"":305},""targetSpeed"":51.4,""seq"":6}","{""phase"":""F"",""startLLA"":{""lat"":37.542307,""lon"":126.90249,""alt"":305},""endLLA"":{""lat"":37.536949,""lon"":126.924908,""alt"":305},""targetSpeed"":51.4,""seq"":7}","{""phase"":""F"",""startLLA"":{""lat"":37.536949,""lon"":126.924908,""alt"":305},""endLLA"":{""lat"":37.519378,""lon"":126.94021,""alt"":305},""targetSpeed"":51.4,""seq"":8}","{""phase"":""F"",""startLLA"":{""lat"":37.519378,""lon"":126.94021,""alt"":305},""endLLA"":{""lat"":37.508684,""lon"":126.95211,""alt"":305},""targetSpeed"":51.4,""seq"":9}","{""phase"":""F"",""startLLA"":{""lat"":37.508684,""lon"":126.95211,""alt"":305},""endLLA"":{""lat"":37.497738,""lon"":126.983721,""alt"":305},""targetSpeed"":51.4,""seq"":10}","{""phase"":""F"",""startLLA"":{""lat"":37.497738,""lon"":126.983721,""alt"":305},""endLLA"":{""lat"":37.507423,""lon"":127.010353,""alt"":305},""targetSpeed"":51.4,""seq"":11}","{""phase"":""G"",""startLLA"":{""lat"":37.507423,""lon"":127.010353,""alt"":305},""endLLA"":{""lat"":37.509486,""lon"":127.016026,""alt"":272.97},""targetSpeed"":36,""seq"":12}","{""phase"":""G"",""startLLA"":{""lat"":37.509486,""lon"":127.016026,""alt"":272.97},""endLLA"":{""lat"":37.531493,""lon"":127.035175,""alt"":100},""targetSpeed"":36,""seq"":13}","{""phase"":""I"",""startLLA"":{""lat"":37.531493,""lon"":127.035175,""alt"":100},""endLLA"":{""lat"":37.538917,""lon"":127.041635,""alt"":15},""targetSpeed"":30,""seq"":14}","{""phase"":""J"",""startLLA"":{""lat"":37.538917,""lon"":127.041635,""alt"":15},""endLLA"":{""lat"":37.538917,""lon"":127.041635,""alt"":0},""targetSpeed"":10,""seq"":15}","{""phase"":""K"",""startLLA"":{""lat"":37.538917,""lon"":127.041635,""alt"":0},""endLLA"":{""lat"":37.538917,""lon"":127.041635,""alt"":0},""targetSpeed"":3,""seq"":16}",,,,,
bfaef6930eb2,2026-07-11,FPL1405004,UAM0006,a2,2,1,0.5,가산,가산,목동,목동,14,G7,F1,G5,F1,14:00:00,14:06:36,14:14:13,14:22:10,14:32:10,396.86,457.14,476.57,1330.57,0,305.62,ready,가산 > 영등포 > 목동,6.9461,9,"{""phase"":""A"",""startLLA"":{""lat"":37.489091,""lon"":126.878809,""alt"":0},""endLLA"":{""lat"":37.489091,""lon"":126.878809,""alt"":0},""targetSpeed"":3,""seq"":1}","{""phase"":""B"",""startLLA"":{""lat"":37.489091,""lon"":126.878809,""alt"":0},""endLLA"":{""lat"":37.489091,""lon"":126.878809,""alt"":15},""targetSpeed"":10,""seq"":2}","{""phase"":""C"",""startLLA"":{""lat"":37.489091,""lon"":126.878809,""alt"":15},""endLLA"":{""lat"":37.495262,""lon"":126.885456,""alt"":100},""targetSpeed"":36,""seq"":3}","{""phase"":""E"",""startLLA"":{""lat"":37.495262,""lon"":126.885456,""alt"":100},""endLLA"":{""lat"":37.513329,""lon"":126.904917,""alt"":305},""targetSpeed"":47.549,""seq"":4}","{""phase"":""G"",""startLLA"":{""lat"":37.513329,""lon"":126.904917,""alt"":305},""endLLA"":{""lat"":37.515965,""lon"":126.907756,""alt"":275.09},""targetSpeed"":36,""seq"":5}","{""phase"":""G"",""startLLA"":{""lat"":37.515965,""lon"":126.907756,""alt"":275.09},""endLLA"":{""lat"":37.523749,""lon"":126.88412,""alt"":100},""targetSpeed"":36,""seq"":6}","{""phase"":""I"",""startLLA"":{""lat"":37.523749,""lon"":126.88412,""alt"":100},""endLLA"":{""lat"":37.526343,""lon"":126.876243,""alt"":15},""targetSpeed"":30,""seq"":7}","{""phase"":""J"",""startLLA"":{""lat"":37.526343,""lon"":126.876243,""alt"":15},""endLLA"":{""lat"":37.526343,""lon"":126.876243,""alt"":0},""targetSpeed"":10,""seq"":8}","{""phase"":""K"",""startLLA"":{""lat"":37.526343,""lon"":126.876243,""alt"":0},""endLLA"":{""lat"":37.526343,""lon"":126.876243,""alt"":0},""targetSpeed"":3,""seq"":9}",,,,,,,,,,,,
bfaef6930eb2,2026-07-11,FPL1409002,UAM0007,a2,2,1,0.5,가산,가산,성수,성수,14,G2,F2,G6,F2,14:00:00,14:07:16,14:15:42,14:22:41,14:32:41,436.86,506.06,418.28,1361.2,40,0,ready,가산 > 영등포 > 선유도 17고지 > 서강대교 중간지점 > 63빌딩 > 상도터널 > 이수고가차로 > 주흥교 > 성수,23.0965,16,"{""phase"":""A"",""startLLA"":{""lat"":37.489091,""lon"":126.878809,""alt"":0},""endLLA"":{""lat"":37.489091,""lon"":126.878809,""alt"":0},""targetSpeed"":3,""seq"":1}","{""phase"":""B"",""startLLA"":{""lat"":37.489091,""lon"":126.878809,""alt"":0},""endLLA"":{""lat"":37.489091,""lon"":126.878809,""alt"":15},""targetSpeed"":10,""seq"":2}","{""phase"":""C"",""startLLA"":{""lat"":37.489091,""lon"":126.878809,""alt"":15},""endLLA"":{""lat"":37.49732,""lon"":126.887673,""alt"":100},""targetSpeed"":36,""seq"":3}","{""phase"":""E"",""startLLA"":{""lat"":37.49732,""lon"":126.887673,""alt"":100},""endLLA"":{""lat"":37.515965,""lon"":126.907756,""alt"":258.65},""targetSpeed"":51.4,""seq"":4}","{""phase"":""E"",""startLLA"":{""lat"":37.515965,""lon"":126.907756,""alt"":258.65},""endLLA"":{""lat"":37.523041,""lon"":126.906341,""alt"":305},""targetSpeed"":51.4,""seq"":5}","{""phase"":""F"",""startLLA"":{""lat"":37.523041,""lon"":126.906341,""alt"":305},""endLLA"":{""lat"":37.542307,""lon"":126.90249,""alt"":305},""targetSpeed"":51.4,""seq"":6}","{""phase"":""F"",""startLLA"":{""lat"":37.542307,""lon"":126.90249,""alt"":305},""endLLA"":{""lat"":37.536949,""lon"":126.924908,""alt"":305},""targetSpeed"":51.4,""seq"":7}","{""phase"":""F"",""startLLA"":{""lat"":37.536949,""lon"":126.924908,""alt"":305},""endLLA"":{""lat"":37.519378,""lon"":126.94021,""alt"":305},""targetSpeed"":51.4,""seq"":8}","{""phase"":""F"",""startLLA"":{""lat"":37.519378,""lon"":126.94021,""alt"":305},""endLLA"":{""lat"":37.508684,""lon"":126.95211,""alt"":305},""targetSpeed"":51.4,""seq"":9}","{""phase"":""F"",""startLLA"":{""lat"":37.508684,""lon"":126.95211,""alt"":305},""endLLA"":{""lat"":37.497738,""lon"":126.983721,""alt"":305},""targetSpeed"":51.4,""seq"":10}","{""phase"":""F"",""startLLA"":{""lat"":37.497738,""lon"":126.983721,""alt"":305},""endLLA"":{""lat"":37.507423,""lon"":127.010353,""alt"":305},""targetSpeed"":51.4,""seq"":11}","{""phase"":""G"",""startLLA"":{""lat"":37.507423,""lon"":127.010353,""alt"":305},""endLLA"":{""lat"":37.509486,""lon"":127.016026,""alt"":272.97},""targetSpeed"":36,""seq"":12}","{""phase"":""G"",""startLLA"":{""lat"":37.509486,""lon"":127.016026,""alt"":272.97},""endLLA"":{""lat"":37.531493,""lon"":127.035175,""alt"":100},""targetSpeed"":36,""seq"":13}","{""phase"":""I"",""startLLA"":{""lat"":37.531493,""lon"":127.035175,""alt"":100},""endLLA"":{""lat"":37.538917,""lon"":127.041635,""alt"":15},""targetSpeed"":30,""seq"":14}","{""phase"":""J"",""startLLA"":{""lat"":37.538917,""lon"":127.041635,""alt"":15},""endLLA"":{""lat"":37.538917,""lon"":127.041635,""alt"":0},""targetSpeed"":10,""seq"":15}","{""phase"":""K"",""startLLA"":{""lat"":37.538917,""lon"":127.041635,""alt"":0},""endLLA"":{""lat"":37.538917,""lon"":127.041635,""alt"":0},""targetSpeed"":3,""seq"":16}",,,,,
bfaef6930eb2,2026-07-11,FPL1417002,UAM0008,a2,2,1,0.5,가산,가산,수서,수서,14,G8,F1,G2,F1,14:00:30,14:12:05,14:19:40,14:26:09,14:36:09,695.43,455.55,388.28,1539.26,358.57,0,ready,가산 > 180고지 > 채석장 > 경부고속도로 양재천 다리 > 수서,20.5002,12,"{""phase"":""A"",""startLLA"":{""lat"":37.489091,""lon"":126.878809,""alt"":0},""endLLA"":{""lat"":37.489091,""lon"":126.878809,""alt"":0},""targetSpeed"":3,""seq"":1}","{""phase"":""B"",""startLLA"":{""lat"":37.489091,""lon"":126.878809,""alt"":0},""endLLA"":{""lat"":37.489091,""lon"":126.878809,""alt"":15},""targetSpeed"":10,""seq"":2}","{""phase"":""C"",""startLLA"":{""lat"":37.489091,""lon"":126.878809,""alt"":15},""endLLA"":{""lat"":37.48994,""lon"":126.892417,""alt"":100},""targetSpeed"":36,""seq"":3}","{""phase"":""E"",""startLLA"":{""lat"":37.48994,""lon"":126.892417,""alt"":100},""endLLA"":{""lat"":37.492426,""lon"":126.932255,""alt"":305},""targetSpeed"":51.4,""seq"":4}","{""phase"":""F"",""startLLA"":{""lat"":37.492426,""lon"":126.932255,""alt"":305},""endLLA"":{""lat"":37.492877,""lon"":126.93949,""alt"":305},""targetSpeed"":51.4,""seq"":5}","{""phase"":""F"",""startLLA"":{""lat"":37.492877,""lon"":126.93949,""alt"":305},""endLLA"":{""lat"":37.471285,""lon"":126.985745,""alt"":305},""targetSpeed"":51.4,""seq"":6}","{""phase"":""F"",""startLLA"":{""lat"":37.471285,""lon"":126.985745,""alt"":305},""endLLA"":{""lat"":37.471593,""lon"":127.032031,""alt"":305},""targetSpeed"":51.4,""seq"":7}","{""phase"":""F"",""startLLA"":{""lat"":37.471593,""lon"":127.032031,""alt"":305},""endLLA"":{""lat"":37.476052,""lon"":127.051322,""alt"":305},""targetSpeed"":51.4,""seq"":8}","{""phase"":""G"",""startLLA"":{""lat"":37.476052,""lon"":127.051322,""alt"":305},""endLLA"":{""lat"":37.484917,""lon"":127.089684,""alt"":100},""targetSpeed"":36,""seq"":9}","{""phase"":""I"",""startLLA"":{""lat"":37.484917,""lon"":127.089684,""alt"":100},""endLLA"":{""lat"":37.487441,""lon"":127.100603,""alt"":15},""targetSpeed"":30,""seq"":10}","{""phase"":""J"",""startLLA"":{""lat"":37.487441,""lon"":127.100603,""alt"":15},""endLLA"":{""lat"":37.487441,""lon"":127.100603,""alt"":0},""targetSpeed"":10,""seq"":11}","{""phase"":""K"",""startLLA"":{""lat"":37.487441,""lon"":127.100603,""alt"":0},""endLLA"":{""lat"":37.487441,""lon"":127.100603,""alt"":0},""targetSpeed"":3,""seq"":12}",,,,,,,,,
bfaef6930eb2,2026-07-11,FPL1401002,UAM0019,a2,2,1,0.5,가산,가산,여의도,여의도,14,G1,F2,G1,F1,14:07:13,14:13:19,14:15:49,14:21:47,14:31:47,366.86,149.33,358.28,874.47,0,0,ready,가산 > 영등포 > 여의도,5.7097,9,"{""phase"":""A"",""startLLA"":{""lat"":37.489091,""lon"":126.878809,""alt"":0},""endLLA"":{""lat"":37.489091,""lon"":126.878809,""alt"":0},""targetSpeed"":3,""seq"":1}","{""phase"":""B"",""startLLA"":{""lat"":37.489091,""lon"":126.878809,""alt"":0},""endLLA"":{""lat"":37.489091,""lon"":126.878809,""alt"":15},""targetSpeed"":10,""seq"":2}","{""phase"":""C"",""startLLA"":{""lat"":37.489091,""lon"":126.878809,""alt"":15},""endLLA"":{""lat"":37.494164,""lon"":126.884273,""alt"":100},""targetSpeed"":36,""seq"":3}","{""phase"":""E"",""startLLA"":{""lat"":37.494164,""lon"":126.884273,""alt"":100},""endLLA"":{""lat"":37.509015,""lon"":126.900269,""alt"":305},""targetSpeed"":45.493,""seq"":4}","{""phase"":""G"",""startLLA"":{""lat"":37.509015,""lon"":126.900269,""alt"":305},""endLLA"":{""lat"":37.515965,""lon"":126.907756,""alt"":209.06},""targetSpeed"":36,""seq"":5}","{""phase"":""G"",""startLLA"":{""lat"":37.515965,""lon"":126.907756,""alt"":209.06},""endLLA"":{""lat"":37.522836,""lon"":126.917586,""alt"":100},""targetSpeed"":36,""seq"":6}","{""phase"":""I"",""startLLA"":{""lat"":37.522836,""lon"":126.917586,""alt"":100},""endLLA"":{""lat"":37.526513,""lon"":126.922845,""alt"":15},""targetSpeed"":30,""seq"":7}","{""phase"":""J"",""startLLA"":{""lat"":37.526513,""lon"":126.922845,""alt"":15},""endLLA"":{""lat"":37.526513,""lon"":126.922845,""alt"":0},""targetSpeed"":10,""seq"":8}","{""phase"":""K"",""startLLA"":{""lat"":37.526513,""lon"":126.922845,""alt"":0},""endLLA"":{""lat"":37.526513,""lon"":126.922845,""alt"":0},""targetSpeed"":3,""seq"":9}",,,,,,,,,,,,
bfaef6930eb2,2026-07-11,FPL1415002,UAM0021,a2,2,1,0.5,가산,가산,마곡,마곡,15,G2,F1,G8,F2,15:00:00,15:06:36,16:24:51,16:30:49,16:40:49,396.86,4694.29,358.28,5449.43,0,1454.57,ready,가산 > 목동교 > 염창교 > 가양대교 남단 > 마곡,15.8191,12,"{""phase"":""A"",""startLLA"":{""lat"":37.489091,""lon"":126.878809,""alt"":0},""endLLA"":{""lat"":37.489091,""lon"":126.878809,""alt"":0},""targetSpeed"":3,""seq"":1}","{""phase"":""B"",""startLLA"":{""lat"":37.489091,""lon"":126.878809,""alt"":0},""endLLA"":{""lat"":37.489091,""lon"":126.878809,""alt"":15},""targetSpeed"":10,""seq"":2}","{""phase"":""C"",""startLLA"":{""lat"":37.489091,""lon"":126.878809,""alt"":15},""endLLA"":{""lat"":37.49974,""lon"":126.88123,""alt"":100},""targetSpeed"":36,""seq"":3}","{""phase"":""E"",""startLLA"":{""lat"":37.49974,""lon"":126.88123,""alt"":100},""endLLA"":{""lat"":37.530667,""lon"":126.888262,""alt"":303.36},""targetSpeed"":51.4,""seq"":4}","{""phase"":""E"",""startLLA"":{""lat"":37.530667,""lon"":126.888262,""alt"":303.36},""endLLA"":{""lat"":37.5309,""lon"":126.888137,""alt"":305},""targetSpeed"":51.4,""seq"":5}","{""phase"":""F"",""startLLA"":{""lat"":37.5309,""lon"":126.888137,""alt"":305},""endLLA"":{""lat"":37.553824,""lon"":126.875819,""alt"":305},""targetSpeed"":51.4,""seq"":6}","{""phase"":""F"",""startLLA"":{""lat"":37.553824,""lon"":126.875819,""alt"":305},""endLLA"":{""lat"":37.569391,""lon"":126.861026,""alt"":305},""targetSpeed"":51.4,""seq"":7}","{""phase"":""F"",""startLLA"":{""lat"":37.569391,""lon"":126.861026,""alt"":305},""endLLA"":{""lat"":37.567854,""lon"":126.842857,""alt"":305},""targetSpeed"":51.4,""seq"":8}","{""phase"":""G"",""startLLA"":{""lat"":37.567854,""lon"":126.842857,""alt"":305},""endLLA"":{""lat"":37.564492,""lon"":126.803117,""alt"":100},""targetSpeed"":36,""seq"":9}","{""phase"":""I"",""startLLA"":{""lat"":37.564492,""lon"":126.803117,""alt"":100},""endLLA"":{""lat"":37.563535,""lon"":126.791805,""alt"":15},""targetSpeed"":30,""seq"":10}","{""phase"":""J"",""startLLA"":{""lat"":37.563535,""lon"":126.791805,""alt"":15},""endLLA"":{""lat"":37.563535,""lon"":126.791805,""alt"":0},""targetSpeed"":10,""seq"":11}","{""phase"":""K"",""startLLA"":{""lat"":37.563535,""lon"":126.791805,""alt"":0},""endLLA"":{""lat"":37.563535,""lon"":126.791805,""alt"":0},""targetSpeed"":3,""seq"":12}",,,,,,,,,
bfaef6930eb2,2026-07-11,FPL1409003,UAM0022,a2,2,1,0.5,가산,가산,성수,성수,15,G8,F2,G1,F1,15:00:30,15:07:16,15:15:42,15:21:41,15:31:41,406.86,506.06,358.28,1271.2,70,0,ready,가산 > 영등포 > 선유도 17고지 > 서강대교 중간지점 > 63빌딩 > 상도터널 > 이수고가차로 > 주흥교 > 성수,23.0965,16,"{""phase"":""A"",""startLLA"":{""lat"":37.489091,""lon"":126.878809,""alt"":0},""endLLA"":{""lat"":37.489091,""lon"":126.878809,""alt"":0},""targetSpeed"":3,""seq"":1}","{""phase"":""B"",""startLLA"":{""lat"":37.489091,""lon"":126.878809,""alt"":0},""endLLA"":{""lat"":37.489091,""lon"":126.878809,""alt"":15},""targetSpeed"":10,""seq"":2}","{""phase"":""C"",""startLLA"":{""lat"":37.489091,""lon"":126.878809,""alt"":15},""endLLA"":{""lat"":37.49732,""lon"":126.887673,""alt"":100},""targetSpeed"":36,""seq"":3}","{""phase"":""E"",""startLLA"":{""lat"":37.49732,""lon"":126.887673,""alt"":100},""endLLA"":{""lat"":37.515965,""lon"":126.907756,""alt"":258.65},""targetSpeed"":51.4,""seq"":4}","{""phase"":""E"",""startLLA"":{""lat"":37.515965,""lon"":126.907756,""alt"":258.65},""endLLA"":{""lat"":37.523041,""lon"":126.906341,""alt"":305},""targetSpeed"":51.4,""seq"":5}","{""phase"":""F"",""startLLA"":{""lat"":37.523041,""lon"":126.906341,""alt"":305},""endLLA"":{""lat"":37.542307,""lon"":126.90249,""alt"":305},""targetSpeed"":51.4,""seq"":6}","{""phase"":""F"",""startLLA"":{""lat"":37.542307,""lon"":126.90249,""alt"":305},""endLLA"":{""lat"":37.536949,""lon"":126.924908,""alt"":305},""targetSpeed"":51.4,""seq"":7}","{""phase"":""F"",""startLLA"":{""lat"":37.536949,""lon"":126.924908,""alt"":305},""endLLA"":{""lat"":37.519378,""lon"":126.94021,""alt"":305},""targetSpeed"":51.4,""seq"":8}","{""phase"":""F"",""startLLA"":{""lat"":37.519378,""lon"":126.94021,""alt"":305},""endLLA"":{""lat"":37.508684,""lon"":126.95211,""alt"":305},""targetSpeed"":51.4,""seq"":9}","{""phase"":""F"",""startLLA"":{""lat"":37.508684,""lon"":126.95211,""alt"":305},""endLLA"":{""lat"":37.497738,""lon"":126.983721,""alt"":305},""targetSpeed"":51.4,""seq"":10}","{""phase"":""F"",""startLLA"":{""lat"":37.497738,""lon"":126.983721,""alt"":305},""endLLA"":{""lat"":37.507423,""lon"":127.010353,""alt"":305},""targetSpeed"":51.4,""seq"":11}","{""phase"":""G"",""startLLA"":{""lat"":37.507423,""lon"":127.010353,""alt"":305},""endLLA"":{""lat"":37.509486,""lon"":127.016026,""alt"":272.97},""targetSpeed"":36,""seq"":12}","{""phase"":""G"",""startLLA"":{""lat"":37.509486,""lon"":127.016026,""alt"":272.97},""endLLA"":{""lat"":37.531493,""lon"":127.035175,""alt"":100},""targetSpeed"":36,""seq"":13}","{""phase"":""I"",""startLLA"":{""lat"":37.531493,""lon"":127.035175,""alt"":100},""endLLA"":{""lat"":37.538917,""lon"":127.041635,""alt"":15},""targetSpeed"":30,""seq"":14}","{""phase"":""J"",""startLLA"":{""lat"":37.538917,""lon"":127.041635,""alt"":15},""endLLA"":{""lat"":37.538917,""lon"":127.041635,""alt"":0},""targetSpeed"":10,""seq"":15}","{""phase"":""K"",""startLLA"":{""lat"":37.538917,""lon"":127.041635,""alt"":0},""endLLA"":{""lat"":37.538917,""lon"":127.041635,""alt"":0},""targetSpeed"":3,""seq"":16}",,,,,
bfaef6930eb2,2026-07-11,FPL1402002,UAM0033,a2,2,1,0.5,가산,가산,잠실,잠실,15,G1,F1,G1,F1,15:00:30,15:12:05,15:19:48,15:25:46,15:35:46,695.43,462.86,358.28,1516.57,358.57,0,ready,가산 > 180고지 > 채석장 > 경부고속도로 양재천 다리 > 대치교 > 잠실,20.8759,13,"{""phase"":""A"",""startLLA"":{""lat"":37.489091,""lon"":126.878809,""alt"":0},""endLLA"":{""lat"":37.489091,""lon"":126.878809,""alt"":0},""targetSpeed"":3,""seq"":1}","{""phase"":""B"",""startLLA"":{""lat"":37.489091,""lon"":126.878809,""alt"":0},""endLLA"":{""lat"":37.489091,""lon"":126.878809,""alt"":15},""targetSpeed"":10,""seq"":2}","{""phase"":""C"",""startLLA"":{""lat"":37.489091,""lon"":126.878809,""alt"":15},""endLLA"":{""lat"":37.48994,""lon"":126.892415,""alt"":100},""targetSpeed"":36,""seq"":3}","{""phase"":""E"",""startLLA"":{""lat"":37.48994,""lon"":126.892415,""alt"":100},""endLLA"":{""lat"":37.492425,""lon"":126.932247,""alt"":305},""targetSpeed"":51.4,""seq"":4}","{""phase"":""F"",""startLLA"":{""lat"":37.492425,""lon"":126.932247,""alt"":305},""endLLA"":{""lat"":37.492877,""lon"":126.93949,""alt"":305},""targetSpeed"":51.4,""seq"":5}","{""phase"":""F"",""startLLA"":{""lat"":37.492877,""lon"":126.93949,""alt"":305},""endLLA"":{""lat"":37.471285,""lon"":126.985745,""alt"":305},""targetSpeed"":51.4,""seq"":6}","{""phase"":""F"",""startLLA"":{""lat"":37.471285,""lon"":126.985745,""alt"":305},""endLLA"":{""lat"":37.471593,""lon"":127.032031,""alt"":305},""targetSpeed"":51.4,""seq"":7}","{""phase"":""F"",""startLLA"":{""lat"":37.471593,""lon"":127.032031,""alt"":305},""endLLA"":{""lat"":37.483527,""lon"":127.051148,""alt"":305},""targetSpeed"":51.4,""seq"":8}","{""phase"":""G"",""startLLA"":{""lat"":37.483527,""lon"":127.051148,""alt"":305},""endLLA"":{""lat"":37.497702,""lon"":127.073855,""alt"":156.75},""targetSpeed"":36,""seq"":9}","{""phase"":""G"",""startLLA"":{""lat"":37.497702,""lon"":127.073855,""alt"":156.75},""endLLA"":{""lat"":37.506266,""lon"":127.071433,""alt"":100},""targetSpeed"":36,""seq"":10}","{""phase"":""I"",""startLLA"":{""lat"":37.506266,""lon"":127.071433,""alt"":100},""endLLA"":{""lat"":37.515071,""lon"":127.068942,""alt"":15},""targetSpeed"":30,""seq"":11}","{""phase"":""J"",""startLLA"":{""lat"":37.515071,""lon"":127.068942,""alt"":15},""endLLA"":{""lat"":37.515071,""lon"":127.068942,""alt"":0},""targetSpeed"":10,""seq"":12}","{""phase"":""K"",""startLLA"":{""lat"":37.515071,""lon"":127.068942,""alt"":0},""endLLA"":{""lat"":37.515071,""lon"":127.068942,""alt"":0},""targetSpeed"":3,""seq"":13}",,,,,,,,
bfaef6930eb2,2026-07-11,FPL1415003,UAM0004,a2,2,1,0.5,가산,가산,마곡,마곡,16,G6,F1,G4,F2,16:00:00,16:07:06,16:33:48,16:41:16,16:51:16,426.86,1601.43,448.28,2476.57,0,1236.95,ready,가산 > 목동교 > 염창교 > 가양대교 남단 > 마곡,15.8191,12,"{""phase"":""A"",""startLLA"":{""lat"":37.489091,""lon"":126.878809,""alt"":0},""endLLA"":{""lat"":37.489091,""lon"":126.878809,""alt"":0},""targetSpeed"":3,""seq"":1}","{""phase"":""B"",""startLLA"":{""lat"":37.489091,""lon"":126.878809,""alt"":0},""endLLA"":{""lat"":37.489091,""lon"":126.878809,""alt"":15},""targetSpeed"":10,""seq"":2}","{""phase"":""C"",""startLLA"":{""lat"":37.489091,""lon"":126.878809,""alt"":15},""endLLA"":{""lat"":37.49974,""lon"":126.88123,""alt"":100},""targetSpeed"":36,""seq"":3}","{""phase"":""E"",""startLLA"":{""lat"":37.49974,""lon"":126.88123,""alt"":100},""endLLA"":{""lat"":37.530667,""lon"":126.888262,""alt"":303.36},""targetSpeed"":51.4,""seq"":4}","{""phase"":""E"",""startLLA"":{""lat"":37.530667,""lon"":126.888262,""alt"":303.36},""endLLA"":{""lat"":37.5309,""lon"":126.888137,""alt"":305},""targetSpeed"":51.4,""seq"":5}","{""phase"":""F"",""startLLA"":{""lat"":37.5309,""lon"":126.888137,""alt"":305},""endLLA"":{""lat"":37.553824,""lon"":126.875819,""alt"":305},""targetSpeed"":51.4,""seq"":6}","{""phase"":""F"",""startLLA"":{""lat"":37.553824,""lon"":126.875819,""alt"":305},""endLLA"":{""lat"":37.569391,""lon"":126.861026,""alt"":305},""targetSpeed"":51.4,""seq"":7}","{""phase"":""F"",""startLLA"":{""lat"":37.569391,""lon"":126.861026,""alt"":305},""endLLA"":{""lat"":37.567854,""lon"":126.842857,""alt"":305},""targetSpeed"":51.4,""seq"":8}","{""phase"":""G"",""startLLA"":{""lat"":37.567854,""lon"":126.842857,""alt"":305},""endLLA"":{""lat"":37.564492,""lon"":126.803117,""alt"":100},""targetSpeed"":36,""seq"":9}","{""phase"":""I"",""startLLA"":{""lat"":37.564492,""lon"":126.803117,""alt"":100},""endLLA"":{""lat"":37.563535,""lon"":126.791805,""alt"":15},""targetSpeed"":30,""seq"":10}","{""phase"":""J"",""startLLA"":{""lat"":37.563535,""lon"":126.791805,""alt"":15},""endLLA"":{""lat"":37.563535,""lon"":126.791805,""alt"":0},""targetSpeed"":10,""seq"":11}","{""phase"":""K"",""startLLA"":{""lat"":37.563535,""lon"":126.791805,""alt"":0},""endLLA"":{""lat"":37.563535,""lon"":126.791805,""alt"":0},""targetSpeed"":3,""seq"":12}",,,,,,,,,
bfaef6930eb2,2026-07-11,FPL1402003,UAM0007,a2,2,1,0.5,가산,가산,잠실,잠실,16,G2,F2,G1,F1,16:00:30,16:07:46,16:15:29,16:21:27,16:31:27,436.86,462.86,358.28,1258,70,0,ready,가산 > 180고지 > 채석장 > 경부고속도로 양재천 다리 > 대치교 > 잠실,20.8759,13,"{""phase"":""A"",""startLLA"":{""lat"":37.489091,""lon"":126.878809,""alt"":0},""endLLA"":{""lat"":37.489091,""lon"":126.878809,""alt"":0},""targetSpeed"":3,""seq"":1}","{""phase"":""B"",""startLLA"":{""lat"":37.489091,""lon"":126.878809,""alt"":0},""endLLA"":{""lat"":37.489091,""lon"":126.878809,""alt"":15},""targetSpeed"":10,""seq"":2}","{""phase"":""C"",""startLLA"":{""lat"":37.489091,""lon"":126.878809,""alt"":15},""endLLA"":{""lat"":37.48994,""lon"":126.892415,""alt"":100},""targetSpeed"":36,""seq"":3}","{""phase"":""E"",""startLLA"":{""lat"":37.48994,""lon"":126.892415,""alt"":100},""endLLA"":{""lat"":37.492425,""lon"":126.932247,""alt"":305},""targetSpeed"":51.4,""seq"":4}","{""phase"":""F"",""startLLA"":{""lat"":37.492425,""lon"":126.932247,""alt"":305},""endLLA"":{""lat"":37.492877,""lon"":126.93949,""alt"":305},""targetSpeed"":51.4,""seq"":5}","{""phase"":""F"",""startLLA"":{""lat"":37.492877,""lon"":126.93949,""alt"":305},""endLLA"":{""lat"":37.471285,""lon"":126.985745,""alt"":305},""targetSpeed"":51.4,""seq"":6}","{""phase"":""F"",""startLLA"":{""lat"":37.471285,""lon"":126.985745,""alt"":305},""endLLA"":{""lat"":37.471593,""lon"":127.032031,""alt"":305},""targetSpeed"":51.4,""seq"":7}","{""phase"":""F"",""startLLA"":{""lat"":37.471593,""lon"":127.032031,""alt"":305},""endLLA"":{""lat"":37.483527,""lon"":127.051148,""alt"":305},""targetSpeed"":51.4,""seq"":8}","{""phase"":""G"",""startLLA"":{""lat"":37.483527,""lon"":127.051148,""alt"":305},""endLLA"":{""lat"":37.497702,""lon"":127.073855,""alt"":156.75},""targetSpeed"":36,""seq"":9}","{""phase"":""G"",""startLLA"":{""lat"":37.497702,""lon"":127.073855,""alt"":156.75},""endLLA"":{""lat"":37.506266,""lon"":127.071433,""alt"":100},""targetSpeed"":36,""seq"":10}","{""phase"":""I"",""startLLA"":{""lat"":37.506266,""lon"":127.071433,""alt"":100},""endLLA"":{""lat"":37.515071,""lon"":127.068942,""alt"":15},""targetSpeed"":30,""seq"":11}","{""phase"":""J"",""startLLA"":{""lat"":37.515071,""lon"":127.068942,""alt"":15},""endLLA"":{""lat"":37.515071,""lon"":127.068942,""alt"":0},""targetSpeed"":10,""seq"":12}","{""phase"":""K"",""startLLA"":{""lat"":37.515071,""lon"":127.068942,""alt"":0},""endLLA"":{""lat"":37.515071,""lon"":127.068942,""alt"":0},""targetSpeed"":3,""seq"":13}",,,,,,,,
bfaef6930eb2,2026-07-11,FPL1411002,UAM0010,a2,2,1,0.5,가산,가산,천호,천호,16,G7,F1,G5,F1,16:00:30,16:12:35,16:23:48,16:31:16,16:41:16,725.43,672.77,448.28,1846.48,358.57,70.68,ready,가산 > 180고지 > 채석장 > 경부고속도로 양재천 다리 > 대치교 > 청담대교 중간지점 > 잠실대교 중간지점 > 천호,28.0325,15,"{""phase"":""A"",""startLLA"":{""lat"":37.489091,""lon"":126.878809,""alt"":0},""endLLA"":{""lat"":37.489091,""lon"":126.878809,""alt"":0},""targetSpeed"":3,""seq"":1}","{""phase"":""B"",""startLLA"":{""lat"":37.489091,""lon"":126.878809,""alt"":0},""endLLA"":{""lat"":37.489091,""lon"":126.878809,""alt"":15},""targetSpeed"":10,""seq"":2}","{""phase"":""C"",""startLLA"":{""lat"":37.489091,""lon"":126.878809,""alt"":15},""endLLA"":{""lat"":37.48994,""lon"":126.892413,""alt"":100},""targetSpeed"":36,""seq"":3}","{""phase"":""E"",""startLLA"":{""lat"":37.48994,""lon"":126.892413,""alt"":100},""endLLA"":{""lat"":37.492425,""lon"":126.93224,""alt"":305},""targetSpeed"":51.4,""seq"":4}","{""phase"":""F"",""startLLA"":{""lat"":37.492425,""lon"":126.93224,""alt"":305},""endLLA"":{""lat"":37.492877,""lon"":126.93949,""alt"":305},""targetSpeed"":51.4,""seq"":5}","{""phase"":""F"",""startLLA"":{""lat"":37.492877,""lon"":126.93949,""alt"":305},""endLLA"":{""lat"":37.471285,""lon"":126.985745,""alt"":305},""targetSpeed"":51.4,""seq"":6}","{""phase"":""F"",""startLLA"":{""lat"":37.471285,""lon"":126.985745,""alt"":305},""endLLA"":{""lat"":37.471593,""lon"":127.032031,""alt"":305},""targetSpeed"":51.4,""seq"":7}","{""phase"":""F"",""startLLA"":{""lat"":37.471593,""lon"":127.032031,""alt"":305},""endLLA"":{""lat"":37.497702,""lon"":127.073855,""alt"":305},""targetSpeed"":51.4,""seq"":8}","{""phase"":""F"",""startLLA"":{""lat"":37.497702,""lon"":127.073855,""alt"":305},""endLLA"":{""lat"":37.526451,""lon"":127.064361,""alt"":305},""targetSpeed"":51.4,""seq"":9}","{""phase"":""F"",""startLLA"":{""lat"":37.526451,""lon"":127.064361,""alt"":305},""endLLA"":{""lat"":37.525291,""lon"":127.078986,""alt"":305},""targetSpeed"":51.4,""seq"":10}","{""phase"":""G"",""startLLA"":{""lat"":37.525291,""lon"":127.078986,""alt"":305},""endLLA"":{""lat"":37.524288,""lon"":127.091639,""alt"":239.78},""targetSpeed"":36,""seq"":11}","{""phase"":""G"",""startLLA"":{""lat"":37.524288,""lon"":127.091639,""alt"":239.78},""endLLA"":{""lat"":37.539417,""lon"":127.111104,""alt"":100},""targetSpeed"":36,""seq"":12}","{""phase"":""I"",""startLLA"":{""lat"":37.539417,""lon"":127.111104,""alt"":100},""endLLA"":{""lat"":37.545733,""lon"":127.11923,""alt"":15},""targetSpeed"":30,""seq"":13}","{""phase"":""J"",""startLLA"":{""lat"":37.545733,""lon"":127.11923,""alt"":15},""endLLA"":{""lat"":37.545733,""lon"":127.11923,""alt"":0},""targetSpeed"":10,""seq"":14}","{""phase"":""K"",""startLLA"":{""lat"":37.545733,""lon"":127.11923,""alt"":0},""endLLA"":{""lat"":37.545733,""lon"":127.11923,""alt"":0},""targetSpeed"":3,""seq"":15}",,,,,,
bfaef6930eb2,2026-07-11,FPL1413004,UAM0003,a2,2,1,0.5,가산,가산,강남,강남,18,G2,F1,G1,F1,18:00:00,18:06:36,18:12:14,18:18:12,18:28:12,396.86,337.63,358.28,1092.77,0,0,ready,가산 > 180고지 > 채석장 > 강남,14.4391,11,"{""phase"":""A"",""startLLA"":{""lat"":37.489091,""lon"":126.878809,""alt"":0},""endLLA"":{""lat"":37.489091,""lon"":126.878809,""alt"":0},""targetSpeed"":3,""seq"":1}","{""phase"":""B"",""startLLA"":{""lat"":37.489091,""lon"":126.878809,""alt"":0},""endLLA"":{""lat"":37.489091,""lon"":126.878809,""alt"":15},""targetSpeed"":10,""seq"":2}","{""phase"":""C"",""startLLA"":{""lat"":37.489091,""lon"":126.878809,""alt"":15},""endLLA"":{""lat"":37.48994,""lon"":126.892415,""alt"":100},""targetSpeed"":36,""seq"":3}","{""phase"":""E"",""startLLA"":{""lat"":37.48994,""lon"":126.892415,""alt"":100},""endLLA"":{""lat"":37.492425,""lon"":126.932246,""alt"":305},""targetSpeed"":51.4,""seq"":4}","{""phase"":""F"",""startLLA"":{""lat"":37.492425,""lon"":126.932246,""alt"":305},""endLLA"":{""lat"":37.492877,""lon"":126.93949,""alt"":305},""targetSpeed"":51.4,""seq"":5}","{""phase"":""F"",""startLLA"":{""lat"":37.492877,""lon"":126.93949,""alt"":305},""endLLA"":{""lat"":37.472209,""lon"":126.983766,""alt"":305},""targetSpeed"":51.4,""seq"":6}","{""phase"":""G"",""startLLA"":{""lat"":37.472209,""lon"":126.983766,""alt"":305},""endLLA"":{""lat"":37.471285,""lon"":126.985745,""alt"":293.22},""targetSpeed"":36,""seq"":7}","{""phase"":""G"",""startLLA"":{""lat"":37.471285,""lon"":126.985745,""alt"":293.22},""endLLA"":{""lat"":37.490491,""lon"":127.014591,""alt"":100},""targetSpeed"":36,""seq"":8}","{""phase"":""I"",""startLLA"":{""lat"":37.490491,""lon"":127.014591,""alt"":100},""endLLA"":{""lat"":37.496291,""lon"":127.023303,""alt"":15},""targetSpeed"":30,""seq"":9}","{""phase"":""J"",""startLLA"":{""lat"":37.496291,""lon"":127.023303,""alt"":15},""endLLA"":{""lat"":37.496291,""lon"":127.023303,""alt"":0},""targetSpeed"":10,""seq"":10}","{""phase"":""K"",""startLLA"":{""lat"":37.496291,""lon"":127.023303,""alt"":0},""endLLA"":{""lat"":37.496291,""lon"":127.023303,""alt"":0},""targetSpeed"":3,""seq"":11}",,,,,,,,,,
bfaef6930eb2,2026-07-11,FPL1415004,UAM0008,a2,2,1,0.5,가산,가산,마곡,마곡,18,G4,F2,G6,F1,18:00:00,18:07:36,18:17:12,18:24:10,18:34:10,456.86,575.71,418.28,1450.85,0,211.24,ready,가산 > 목동교 > 염창교 > 가양대교 남단 > 마곡,15.8191,12,"{""phase"":""A"",""startLLA"":{""lat"":37.489091,""lon"":126.878809,""alt"":0},""endLLA"":{""lat"":37.489091,""lon"":126.878809,""alt"":0},""targetSpeed"":3,""seq"":1}","{""phase"":""B"",""startLLA"":{""lat"":37.489091,""lon"":126.878809,""alt"":0},""endLLA"":{""lat"":37.489091,""lon"":126.878809,""alt"":15},""targetSpeed"":10,""seq"":2}","{""phase"":""C"",""startLLA"":{""lat"":37.489091,""lon"":126.878809,""alt"":15},""endLLA"":{""lat"":37.49974,""lon"":126.88123,""alt"":100},""targetSpeed"":36,""seq"":3}","{""phase"":""E"",""startLLA"":{""lat"":37.49974,""lon"":126.88123,""alt"":100},""endLLA"":{""lat"":37.530667,""lon"":126.888262,""alt"":303.36},""targetSpeed"":51.4,""seq"":4}","{""phase"":""E"",""startLLA"":{""lat"":37.530667,""lon"":126.888262,""alt"":303.36},""endLLA"":{""lat"":37.5309,""lon"":126.888137,""alt"":305},""targetSpeed"":51.4,""seq"":5}","{""phase"":""F"",""startLLA"":{""lat"":37.5309,""lon"":126.888137,""alt"":305},""endLLA"":{""lat"":37.553824,""lon"":126.875819,""alt"":305},""targetSpeed"":51.4,""seq"":6}","{""phase"":""F"",""startLLA"":{""lat"":37.553824,""lon"":126.875819,""alt"":305},""endLLA"":{""lat"":37.569391,""lon"":126.861026,""alt"":305},""targetSpeed"":51.4,""seq"":7}","{""phase"":""F"",""startLLA"":{""lat"":37.569391,""lon"":126.861026,""alt"":305},""endLLA"":{""lat"":37.567854,""lon"":126.842857,""alt"":305},""targetSpeed"":51.4,""seq"":8}","{""phase"":""G"",""startLLA"":{""lat"":37.567854,""lon"":126.842857,""alt"":305},""endLLA"":{""lat"":37.564492,""lon"":126.803117,""alt"":100},""targetSpeed"":36,""seq"":9}","{""phase"":""I"",""startLLA"":{""lat"":37.564492,""lon"":126.803117,""alt"":100},""endLLA"":{""lat"":37.563535,""lon"":126.791805,""alt"":15},""targetSpeed"":30,""seq"":10}","{""phase"":""J"",""startLLA"":{""lat"":37.563535,""lon"":126.791805,""alt"":15},""endLLA"":{""lat"":37.563535,""lon"":126.791805,""alt"":0},""targetSpeed"":10,""seq"":11}","{""phase"":""K"",""startLLA"":{""lat"":37.563535,""lon"":126.791805,""alt"":0},""endLLA"":{""lat"":37.563535,""lon"":126.791805,""alt"":0},""targetSpeed"":3,""seq"":12}",,,,,,,,,
bfaef6930eb2,2026-07-11,FPL1408002,UAM0016,a2,2,1,0.5,가산,가산,사당,사당,18,G3,F1,G2,F1,18:00:30,18:12:05,18:16:08,18:22:37,18:32:37,695.43,243.39,388.28,1327.1,298.57,0,ready,가산 > 180고지 > 사당,9.595,10,"{""phase"":""A"",""startLLA"":{""lat"":37.489091,""lon"":126.878809,""alt"":0},""endLLA"":{""lat"":37.489091,""lon"":126.878809,""alt"":0},""targetSpeed"":3,""seq"":1}","{""phase"":""B"",""startLLA"":{""lat"":37.489091,""lon"":126.878809,""alt"":0},""endLLA"":{""lat"":37.489091,""lon"":126.878809,""alt"":15},""targetSpeed"":10,""seq"":2}","{""phase"":""C"",""startLLA"":{""lat"":37.489091,""lon"":126.878809,""alt"":15},""endLLA"":{""lat"":37.48994,""lon"":126.892415,""alt"":100},""targetSpeed"":36,""seq"":3}","{""phase"":""E"",""startLLA"":{""lat"":37.48994,""lon"":126.892415,""alt"":100},""endLLA"":{""lat"":37.492425,""lon"":126.93225,""alt"":305},""targetSpeed"":51.4,""seq"":4}","{""phase"":""F"",""startLLA"":{""lat"":37.492425,""lon"":126.93225,""alt"":305},""endLLA"":{""lat"":37.49266,""lon"":126.936005,""alt"":305},""targetSpeed"":51.4,""seq"":5}","{""phase"":""G"",""startLLA"":{""lat"":37.49266,""lon"":126.936005,""alt"":305},""endLLA"":{""lat"":37.492877,""lon"":126.93949,""alt"":287.06},""targetSpeed"":36,""seq"":6}","{""phase"":""G"",""startLLA"":{""lat"":37.492877,""lon"":126.93949,""alt"":287.06},""endLLA"":{""lat"":37.479835,""lon"":126.972033,""alt"":100},""targetSpeed"":36,""seq"":7}","{""phase"":""I"",""startLLA"":{""lat"":37.479835,""lon"":126.972033,""alt"":100},""endLLA"":{""lat"":37.475767,""lon"":126.982185,""alt"":15},""targetSpeed"":30,""seq"":8}","{""phase"":""J"",""startLLA"":{""lat"":37.475767,""lon"":126.982185,""alt"":15},""endLLA"":{""lat"":37.475767,""lon"":126.982185,""alt"":0},""targetSpeed"":10,""seq"":9}","{""phase"":""K"",""startLLA"":{""lat"":37.475767,""lon"":126.982185,""alt"":0},""endLLA"":{""lat"":37.475767,""lon"":126.982185,""alt"":0},""targetSpeed"":3,""seq"":10}",,,,,,,,,,,
bfaef6930eb2,2026-07-11,FPL1401003,UAM0018,a2,2,1,0.5,가산,가산,여의도,여의도,18,G6,F2,G7,F2,18:00:30,18:13:05,18:15:34,18:22:12,18:32:12,755.43,149.33,397.48,1302.24,358.57,9.19,ready,가산 > 영등포 > 여의도,5.7097,9,"{""phase"":""A"",""startLLA"":{""lat"":37.489091,""lon"":126.878809,""alt"":0},""endLLA"":{""lat"":37.489091,""lon"":126.878809,""alt"":0},""targetSpeed"":3,""seq"":1}","{""phase"":""B"",""startLLA"":{""lat"":37.489091,""lon"":126.878809,""alt"":0},""endLLA"":{""lat"":37.489091,""lon"":126.878809,""alt"":15},""targetSpeed"":10,""seq"":2}","{""phase"":""C"",""startLLA"":{""lat"":37.489091,""lon"":126.878809,""alt"":15},""endLLA"":{""lat"":37.494164,""lon"":126.884273,""alt"":100},""targetSpeed"":36,""seq"":3}","{""phase"":""E"",""startLLA"":{""lat"":37.494164,""lon"":126.884273,""alt"":100},""endLLA"":{""lat"":37.509015,""lon"":126.900269,""alt"":305},""targetSpeed"":45.493,""seq"":4}","{""phase"":""G"",""startLLA"":{""lat"":37.509015,""lon"":126.900269,""alt"":305},""endLLA"":{""lat"":37.515965,""lon"":126.907756,""alt"":209.06},""targetSpeed"":36,""seq"":5}","{""phase"":""G"",""startLLA"":{""lat"":37.515965,""lon"":126.907756,""alt"":209.06},""endLLA"":{""lat"":37.522836,""lon"":126.917586,""alt"":100},""targetSpeed"":36,""seq"":6}","{""phase"":""I"",""startLLA"":{""lat"":37.522836,""lon"":126.917586,""alt"":100},""endLLA"":{""lat"":37.526513,""lon"":126.922845,""alt"":15},""targetSpeed"":30,""seq"":7}","{""phase"":""J"",""startLLA"":{""lat"":37.526513,""lon"":126.922845,""alt"":15},""endLLA"":{""lat"":37.526513,""lon"":126.922845,""alt"":0},""targetSpeed"":10,""seq"":8}","{""phase"":""K"",""startLLA"":{""lat"":37.526513,""lon"":126.922845,""alt"":0},""endLLA"":{""lat"":37.526513,""lon"":126.922845,""alt"":0},""targetSpeed"":3,""seq"":9}",,,,,,,,,,,,
bfaef6930eb2,2026-07-11,FPL1416003,UAM0001,a2,2,1,0.5,가산,가산,망우,망우,19,G4,F1,G1,F2,19:00:00,19:07:36,21:00:36,21:06:34,21:16:34,456.86,6779.72,358.28,7594.86,0,0,ready,가산 > 180고지 > 채석장 > 경부고속도로 양재천 다리 > 대치교 > 청담대교 중간지점 > 건대입구 > 망우,30.2551,15,"{""phase"":""A"",""startLLA"":{""lat"":37.489091,""lon"":126.878809,""alt"":0},""endLLA"":{""lat"":37.489091,""lon"":126.878809,""alt"":0},""targetSpeed"":3,""seq"":1}","{""phase"":""B"",""startLLA"":{""lat"":37.489091,""lon"":126.878809,""alt"":0},""endLLA"":{""lat"":37.489091,""lon"":126.878809,""alt"":15},""targetSpeed"":10,""seq"":2}","{""phase"":""C"",""startLLA"":{""lat"":37.489091,""lon"":126.878809,""alt"":15},""endLLA"":{""lat"":37.48994,""lon"":126.892412,""alt"":100},""targetSpeed"":36,""seq"":3}","{""phase"":""E"",""startLLA"":{""lat"":37.48994,""lon"":126.892412,""alt"":100},""endLLA"":{""lat"":37.492424,""lon"":126.932237,""alt"":305},""targetSpeed"":51.4,""seq"":4}","{""phase"":""F"",""startLLA"":{""lat"":37.492424,""lon"":126.932237,""alt"":305},""endLLA"":{""lat"":37.492877,""lon"":126.93949,""alt"":305},""targetSpeed"":51.4,""seq"":5}","{""phase"":""F"",""startLLA"":{""lat"":37.492877,""lon"":126.93949,""alt"":305},""endLLA"":{""lat"":37.471285,""lon"":126.985745,""alt"":305},""targetSpeed"":51.4,""seq"":6}","{""phase"":""F"",""startLLA"":{""lat"":37.471285,""lon"":126.985745,""alt"":305},""endLLA"":{""lat"":37.471593,""lon"":127.032031,""alt"":305},""targetSpeed"":51.4,""seq"":7}","{""phase"":""F"",""startLLA"":{""lat"":37.471593,""lon"":127.032031,""alt"":305},""endLLA"":{""lat"":37.497702,""lon"":127.073855,""alt"":305},""targetSpeed"":51.4,""seq"":8}","{""phase"":""F"",""startLLA"":{""lat"":37.497702,""lon"":127.073855,""alt"":305},""endLLA"":{""lat"":37.526451,""lon"":127.064361,""alt"":305},""targetSpeed"":51.4,""seq"":9}","{""phase"":""F"",""startLLA"":{""lat"":37.526451,""lon"":127.064361,""alt"":305},""endLLA"":{""lat"":37.540426,""lon"":127.069298,""alt"":305},""targetSpeed"":51.4,""seq"":10}","{""phase"":""F"",""startLLA"":{""lat"":37.540426,""lon"":127.069298,""alt"":305},""endLLA"":{""lat"":37.557137,""lon"":127.073899,""alt"":305},""targetSpeed"":51.4,""seq"":11}","{""phase"":""G"",""startLLA"":{""lat"":37.557137,""lon"":127.073899,""alt"":305},""endLLA"":{""lat"":37.588104,""lon"":127.082427,""alt"":100},""targetSpeed"":36,""seq"":12}","{""phase"":""I"",""startLLA"":{""lat"":37.588104,""lon"":127.082427,""alt"":100},""endLLA"":{""lat"":37.596919,""lon"":127.084854,""alt"":15},""targetSpeed"":30,""seq"":13}","{""phase"":""J"",""startLLA"":{""lat"":37.596919,""lon"":127.084854,""alt"":15},""endLLA"":{""lat"":37.596919,""lon"":127.084854,""alt"":0},""targetSpeed"":10,""seq"":14}","{""phase"":""K"",""startLLA"":{""lat"":37.596919,""lon"":127.084854,""alt"":0},""endLLA"":{""lat"":37.596919,""lon"":127.084854,""alt"":0},""targetSpeed"":3,""seq"":15}",,,,,,
bfaef6930eb2,2026-07-11,FPL1409004,UAM0015,a2,2,1,0.5,가산,가산,성수,성수,19,G2,F2,G1,F2,19:00:00,19:06:36,20:00:24,20:06:22,20:16:22,396.86,3227.72,358.28,3982.86,0,0,ready,가산 > 영등포 > 선유도 17고지 > 서강대교 중간지점 > 63빌딩 > 상도터널 > 이수고가차로 > 주흥교 > 성수,23.0965,16,"{""phase"":""A"",""startLLA"":{""lat"":37.489091,""lon"":126.878809,""alt"":0},""endLLA"":{""lat"":37.489091,""lon"":126.878809,""alt"":0},""targetSpeed"":3,""seq"":1}","{""phase"":""B"",""startLLA"":{""lat"":37.489091,""lon"":126.878809,""alt"":0},""endLLA"":{""lat"":37.489091,""lon"":126.878809,""alt"":15},""targetSpeed"":10,""seq"":2}","{""phase"":""C"",""startLLA"":{""lat"":37.489091,""lon"":126.878809,""alt"":15},""endLLA"":{""lat"":37.49732,""lon"":126.887673,""alt"":100},""targetSpeed"":36,""seq"":3}","{""phase"":""E"",""startLLA"":{""lat"":37.49732,""lon"":126.887673,""alt"":100},""endLLA"":{""lat"":37.515965,""lon"":126.907756,""alt"":258.65},""targetSpeed"":51.4,""seq"":4}","{""phase"":""E"",""startLLA"":{""lat"":37.515965,""lon"":126.907756,""alt"":258.65},""endLLA"":{""lat"":37.523041,""lon"":126.906341,""alt"":305},""targetSpeed"":51.4,""seq"":5}","{""phase"":""F"",""startLLA"":{""lat"":37.523041,""lon"":126.906341,""alt"":305},""endLLA"":{""lat"":37.542307,""lon"":126.90249,""alt"":305},""targetSpeed"":51.4,""seq"":6}","{""phase"":""F"",""startLLA"":{""lat"":37.542307,""lon"":126.90249,""alt"":305},""endLLA"":{""lat"":37.536949,""lon"":126.924908,""alt"":305},""targetSpeed"":51.4,""seq"":7}","{""phase"":""F"",""startLLA"":{""lat"":37.536949,""lon"":126.924908,""alt"":305},""endLLA"":{""lat"":37.519378,""lon"":126.94021,""alt"":305},""targetSpeed"":51.4,""seq"":8}","{""phase"":""F"",""startLLA"":{""lat"":37.519378,""lon"":126.94021,""alt"":305},""endLLA"":{""lat"":37.508684,""lon"":126.95211,""alt"":305},""targetSpeed"":51.4,""seq"":9}","{""phase"":""F"",""startLLA"":{""lat"":37.508684,""lon"":126.95211,""alt"":305},""endLLA"":{""lat"":37.497738,""lon"":126.983721,""alt"":305},""targetSpeed"":51.4,""seq"":10}","{""phase"":""F"",""startLLA"":{""lat"":37.497738,""lon"":126.983721,""alt"":305},""endLLA"":{""lat"":37.507423,""lon"":127.010353,""alt"":305},""targetSpeed"":51.4,""seq"":11}","{""phase"":""G"",""startLLA"":{""lat"":37.507423,""lon"":127.010353,""alt"":305},""endLLA"":{""lat"":37.509486,""lon"":127.016026,""alt"":272.97},""targetSpeed"":36,""seq"":12}","{""phase"":""G"",""startLLA"":{""lat"":37.509486,""lon"":127.016026,""alt"":272.97},""endLLA"":{""lat"":37.531493,""lon"":127.035175,""alt"":100},""targetSpeed"":36,""seq"":13}","{""phase"":""I"",""startLLA"":{""lat"":37.531493,""lon"":127.035175,""alt"":100},""endLLA"":{""lat"":37.538917,""lon"":127.041635,""alt"":15},""targetSpeed"":30,""seq"":14}","{""phase"":""J"",""startLLA"":{""lat"":37.538917,""lon"":127.041635,""alt"":15},""endLLA"":{""lat"":37.538917,""lon"":127.041635,""alt"":0},""targetSpeed"":10,""seq"":15}","{""phase"":""K"",""startLLA"":{""lat"":37.538917,""lon"":127.041635,""alt"":0},""endLLA"":{""lat"":37.538917,""lon"":127.041635,""alt"":0},""targetSpeed"":3,""seq"":16}",,,,,
bfaef6930eb2,2026-07-11,FPL1404001,UAM0017,a2,2,1,0.5,가산,가산,용산,용산,19,G3,F2,G1,F1,19:00:30,19:12:05,19:16:56,19:22:54,19:32:54,695.43,291.18,358.28,1344.89,298.57,0,ready,가산 > 영등포 > 선유도 17고지 > 서강대교 중간지점 > 용산,12.0518,12,"{""phase"":""A"",""startLLA"":{""lat"":37.489091,""lon"":126.878809,""alt"":0},""endLLA"":{""lat"":37.489091,""lon"":126.878809,""alt"":0},""targetSpeed"":3,""seq"":1}","{""phase"":""B"",""startLLA"":{""lat"":37.489091,""lon"":126.878809,""alt"":0},""endLLA"":{""lat"":37.489091,""lon"":126.878809,""alt"":15},""targetSpeed"":10,""seq"":2}","{""phase"":""C"",""startLLA"":{""lat"":37.489091,""lon"":126.878809,""alt"":15},""endLLA"":{""lat"":37.497319,""lon"":126.887672,""alt"":100},""targetSpeed"":36,""seq"":3}","{""phase"":""E"",""startLLA"":{""lat"":37.497319,""lon"":126.887672,""alt"":100},""endLLA"":{""lat"":37.515965,""lon"":126.907756,""alt"":258.67},""targetSpeed"":51.4,""seq"":4}","{""phase"":""E"",""startLLA"":{""lat"":37.515965,""lon"":126.907756,""alt"":258.67},""endLLA"":{""lat"":37.523037,""lon"":126.906342,""alt"":305},""targetSpeed"":51.4,""seq"":5}","{""phase"":""F"",""startLLA"":{""lat"":37.523037,""lon"":126.906342,""alt"":305},""endLLA"":{""lat"":37.542307,""lon"":126.90249,""alt"":305},""targetSpeed"":51.4,""seq"":6}","{""phase"":""F"",""startLLA"":{""lat"":37.542307,""lon"":126.90249,""alt"":305},""endLLA"":{""lat"":37.540706,""lon"":126.90919,""alt"":305},""targetSpeed"":51.4,""seq"":7}","{""phase"":""G"",""startLLA"":{""lat"":37.540706,""lon"":126.90919,""alt"":305},""endLLA"":{""lat"":37.536949,""lon"":126.924908,""alt"":220.78},""targetSpeed"":36,""seq"":8}","{""phase"":""G"",""startLLA"":{""lat"":37.536949,""lon"":126.924908,""alt"":220.78},""endLLA"":{""lat"":37.531654,""lon"":126.947484,""alt"":100},""targetSpeed"":36,""seq"":9}","{""phase"":""I"",""startLLA"":{""lat"":37.531654,""lon"":126.947484,""alt"":100},""endLLA"":{""lat"":37.529096,""lon"":126.958391,""alt"":15},""targetSpeed"":30,""seq"":10}","{""phase"":""J"",""startLLA"":{""lat"":37.529096,""lon"":126.958391,""alt"":15},""endLLA"":{""lat"":37.529096,""lon"":126.958391,""alt"":0},""targetSpeed"":10,""seq"":11}","{""phase"":""K"",""startLLA"":{""lat"":37.529096,""lon"":126.958391,""alt"":0},""endLLA"":{""lat"":37.529096,""lon"":126.958391,""alt"":0},""targetSpeed"":3,""seq"":12}",,,,,,,,,
bfaef6930eb2,2026-07-11,FPL1411003,UAM0019,a2,2,1,0.5,가산,가산,천호,천호,19,G1,F1,G5,F1,19:00:30,19:13:05,19:24:11,19:32:07,19:42:07,755.43,665.71,476.57,1897.71,418.57,91.91,ready,가산 > 180고지 > 채석장 > 경부고속도로 양재천 다리 > 대치교 > 청담대교 중간지점 > 잠실대교 중간지점 > 천호,28.0325,15,"{""phase"":""A"",""startLLA"":{""lat"":37.489091,""lon"":126.878809,""alt"":0},""endLLA"":{""lat"":37.489091,""lon"":126.878809,""alt"":0},""targetSpeed"":3,""seq"":1}","{""phase"":""B"",""startLLA"":{""lat"":37.489091,""lon"":126.878809,""alt"":0},""endLLA"":{""lat"":37.489091,""lon"":126.878809,""alt"":15},""targetSpeed"":10,""seq"":2}","{""phase"":""C"",""startLLA"":{""lat"":37.489091,""lon"":126.878809,""alt"":15},""endLLA"":{""lat"":37.48994,""lon"":126.892413,""alt"":100},""targetSpeed"":36,""seq"":3}","{""phase"":""E"",""startLLA"":{""lat"":37.48994,""lon"":126.892413,""alt"":100},""endLLA"":{""lat"":37.492425,""lon"":126.93224,""alt"":305},""targetSpeed"":51.4,""seq"":4}","{""phase"":""F"",""startLLA"":{""lat"":37.492425,""lon"":126.93224,""alt"":305},""endLLA"":{""lat"":37.492877,""lon"":126.93949,""alt"":305},""targetSpeed"":51.4,""seq"":5}","{""phase"":""F"",""startLLA"":{""lat"":37.492877,""lon"":126.93949,""alt"":305},""endLLA"":{""lat"":37.471285,""lon"":126.985745,""alt"":305},""targetSpeed"":51.4,""seq"":6}","{""phase"":""F"",""startLLA"":{""lat"":37.471285,""lon"":126.985745,""alt"":305},""endLLA"":{""lat"":37.471593,""lon"":127.032031,""alt"":305},""targetSpeed"":51.4,""seq"":7}","{""phase"":""F"",""startLLA"":{""lat"":37.471593,""lon"":127.032031,""alt"":305},""endLLA"":{""lat"":37.497702,""lon"":127.073855,""alt"":305},""targetSpeed"":51.4,""seq"":8}","{""phase"":""F"",""startLLA"":{""lat"":37.497702,""lon"":127.073855,""alt"":305},""endLLA"":{""lat"":37.526451,""lon"":127.064361,""alt"":305},""targetSpeed"":51.4,""seq"":9}","{""phase"":""F"",""startLLA"":{""lat"":37.526451,""lon"":127.064361,""alt"":305},""endLLA"":{""lat"":37.525291,""lon"":127.078986,""alt"":305},""targetSpeed"":51.4,""seq"":10}","{""phase"":""G"",""startLLA"":{""lat"":37.525291,""lon"":127.078986,""alt"":305},""endLLA"":{""lat"":37.524288,""lon"":127.091639,""alt"":239.78},""targetSpeed"":36,""seq"":11}","{""phase"":""G"",""startLLA"":{""lat"":37.524288,""lon"":127.091639,""alt"":239.78},""endLLA"":{""lat"":37.539417,""lon"":127.111104,""alt"":100},""targetSpeed"":36,""seq"":12}","{""phase"":""I"",""startLLA"":{""lat"":37.539417,""lon"":127.111104,""alt"":100},""endLLA"":{""lat"":37.545733,""lon"":127.11923,""alt"":15},""targetSpeed"":30,""seq"":13}","{""phase"":""J"",""startLLA"":{""lat"":37.545733,""lon"":127.11923,""alt"":15},""endLLA"":{""lat"":37.545733,""lon"":127.11923,""alt"":0},""targetSpeed"":10,""seq"":14}","{""phase"":""K"",""startLLA"":{""lat"":37.545733,""lon"":127.11923,""alt"":0},""endLLA"":{""lat"":37.545733,""lon"":127.11923,""alt"":0},""targetSpeed"":3,""seq"":15}",,,,,,
bfaef6930eb2,2026-07-11,FPL1413005,UAM0005,a2,2,1,0.5,가산,가산,강남,강남,20,G1,F1,G8,F2,20:00:00,20:06:06,20:11:44,20:17:42,20:27:42,366.86,337.63,358.28,1062.77,0,0,ready,가산 > 180고지 > 채석장 > 강남,14.4391,11,"{""phase"":""A"",""startLLA"":{""lat"":37.489091,""lon"":126.878809,""alt"":0},""endLLA"":{""lat"":37.489091,""lon"":126.878809,""alt"":0},""targetSpeed"":3,""seq"":1}","{""phase"":""B"",""startLLA"":{""lat"":37.489091,""lon"":126.878809,""alt"":0},""endLLA"":{""lat"":37.489091,""lon"":126.878809,""alt"":15},""targetSpeed"":10,""seq"":2}","{""phase"":""C"",""startLLA"":{""lat"":37.489091,""lon"":126.878809,""alt"":15},""endLLA"":{""lat"":37.48994,""lon"":126.892415,""alt"":100},""targetSpeed"":36,""seq"":3}","{""phase"":""E"",""startLLA"":{""lat"":37.48994,""lon"":126.892415,""alt"":100},""endLLA"":{""lat"":37.492425,""lon"":126.932246,""alt"":305},""targetSpeed"":51.4,""seq"":4}","{""phase"":""F"",""startLLA"":{""lat"":37.492425,""lon"":126.932246,""alt"":305},""endLLA"":{""lat"":37.492877,""lon"":126.93949,""alt"":305},""targetSpeed"":51.4,""seq"":5}","{""phase"":""F"",""startLLA"":{""lat"":37.492877,""lon"":126.93949,""alt"":305},""endLLA"":{""lat"":37.472209,""lon"":126.983766,""alt"":305},""targetSpeed"":51.4,""seq"":6}","{""phase"":""G"",""startLLA"":{""lat"":37.472209,""lon"":126.983766,""alt"":305},""endLLA"":{""lat"":37.471285,""lon"":126.985745,""alt"":293.22},""targetSpeed"":36,""seq"":7}","{""phase"":""G"",""startLLA"":{""lat"":37.471285,""lon"":126.985745,""alt"":293.22},""endLLA"":{""lat"":37.490491,""lon"":127.014591,""alt"":100},""targetSpeed"":36,""seq"":8}","{""phase"":""I"",""startLLA"":{""lat"":37.490491,""lon"":127.014591,""alt"":100},""endLLA"":{""lat"":37.496291,""lon"":127.023303,""alt"":15},""targetSpeed"":30,""seq"":9}","{""phase"":""J"",""startLLA"":{""lat"":37.496291,""lon"":127.023303,""alt"":15},""endLLA"":{""lat"":37.496291,""lon"":127.023303,""alt"":0},""targetSpeed"":10,""seq"":10}","{""phase"":""K"",""startLLA"":{""lat"":37.496291,""lon"":127.023303,""alt"":0},""endLLA"":{""lat"":37.496291,""lon"":127.023303,""alt"":0},""targetSpeed"":3,""seq"":11}",,,,,,,,,,
bfaef6930eb2,2026-07-11,FPL1412003,UAM0010,a2,2,1,0.5,가산,가산,광화문,광화문,20,G2,F2,G8,F2,20:00:00,20:06:46,20:12:57,20:19:35,20:29:35,406.86,370.9,398.18,1175.93,10,39.89,ready,가산 > 영등포 > 선유도 17고지 > 성산대교 중간지점 > 홍대입구 > 광화문,16.1492,13,"{""phase"":""A"",""startLLA"":{""lat"":37.489091,""lon"":126.878809,""alt"":0},""endLLA"":{""lat"":37.489091,""lon"":126.878809,""alt"":0},""targetSpeed"":3,""seq"":1}","{""phase"":""B"",""startLLA"":{""lat"":37.489091,""lon"":126.878809,""alt"":0},""endLLA"":{""lat"":37.489091,""lon"":126.878809,""alt"":15},""targetSpeed"":10,""seq"":2}","{""phase"":""C"",""startLLA"":{""lat"":37.489091,""lon"":126.878809,""alt"":15},""endLLA"":{""lat"":37.497193,""lon"":126.887536,""alt"":100},""targetSpeed"":36,""seq"":3}","{""phase"":""E"",""startLLA"":{""lat"":37.497193,""lon"":126.887536,""alt"":100},""endLLA"":{""lat"":37.515965,""lon"":126.907756,""alt"":262.25},""targetSpeed"":51.4,""seq"":4}","{""phase"":""E"",""startLLA"":{""lat"":37.515965,""lon"":126.907756,""alt"":262.25},""endLLA"":{""lat"":37.522391,""lon"":126.906471,""alt"":305},""targetSpeed"":51.4,""seq"":5}","{""phase"":""F"",""startLLA"":{""lat"":37.522391,""lon"":126.906471,""alt"":305},""endLLA"":{""lat"":37.542307,""lon"":126.90249,""alt"":305},""targetSpeed"":51.4,""seq"":6}","{""phase"":""F"",""startLLA"":{""lat"":37.542307,""lon"":126.90249,""alt"":305},""endLLA"":{""lat"":37.552574,""lon"":126.891431,""alt"":305},""targetSpeed"":51.4,""seq"":7}","{""phase"":""F"",""startLLA"":{""lat"":37.552574,""lon"":126.891431,""alt"":305},""endLLA"":{""lat"":37.556786,""lon"":126.923706,""alt"":305},""targetSpeed"":51.4,""seq"":8}","{""phase"":""F"",""startLLA"":{""lat"":37.556786,""lon"":126.923706,""alt"":305},""endLLA"":{""lat"":37.557176,""lon"":126.925297,""alt"":305},""targetSpeed"":51.4,""seq"":9}","{""phase"":""G"",""startLLA"":{""lat"":37.557176,""lon"":126.925297,""alt"":305},""endLLA"":{""lat"":37.566388,""lon"":126.9629,""alt"":100},""targetSpeed"":36,""seq"":10}","{""phase"":""I"",""startLLA"":{""lat"":37.566388,""lon"":126.9629,""alt"":100},""endLLA"":{""lat"":37.56901,""lon"":126.973604,""alt"":15},""targetSpeed"":30,""seq"":11}","{""phase"":""J"",""startLLA"":{""lat"":37.56901,""lon"":126.973604,""alt"":15},""endLLA"":{""lat"":37.56901,""lon"":126.973604,""alt"":0},""targetSpeed"":10,""seq"":12}","{""phase"":""K"",""startLLA"":{""lat"":37.56901,""lon"":126.973604,""alt"":0},""endLLA"":{""lat"":37.56901,""lon"":126.973604,""alt"":0},""targetSpeed"":3,""seq"":13}",,,,,,,,
bfaef6930eb2,2026-07-11,FPL1408003,UAM0020,a2,2,1,0.5,가산,가산,사당,사당,20,G5,F1,G8,F2,20:00:00,20:11:35,20:15:38,20:21:37,20:31:37,695.43,243.39,358.28,1297.1,238.57,0,ready,가산 > 180고지 > 사당,9.595,10,"{""phase"":""A"",""startLLA"":{""lat"":37.489091,""lon"":126.878809,""alt"":0},""endLLA"":{""lat"":37.489091,""lon"":126.878809,""alt"":0},""targetSpeed"":3,""seq"":1}","{""phase"":""B"",""startLLA"":{""lat"":37.489091,""lon"":126.878809,""alt"":0},""endLLA"":{""lat"":37.489091,""lon"":126.878809,""alt"":15},""targetSpeed"":10,""seq"":2}","{""phase"":""C"",""startLLA"":{""lat"":37.489091,""lon"":126.878809,""alt"":15},""endLLA"":{""lat"":37.48994,""lon"":126.892415,""alt"":100},""targetSpeed"":36,""seq"":3}","{""phase"":""E"",""startLLA"":{""lat"":37.48994,""lon"":126.892415,""alt"":100},""endLLA"":{""lat"":37.492425,""lon"":126.93225,""alt"":305},""targetSpeed"":51.4,""seq"":4}","{""phase"":""F"",""startLLA"":{""lat"":37.492425,""lon"":126.93225,""alt"":305},""endLLA"":{""lat"":37.49266,""lon"":126.936005,""alt"":305},""targetSpeed"":51.4,""seq"":5}","{""phase"":""G"",""startLLA"":{""lat"":37.49266,""lon"":126.936005,""alt"":305},""endLLA"":{""lat"":37.492877,""lon"":126.93949,""alt"":287.06},""targetSpeed"":36,""seq"":6}","{""phase"":""G"",""startLLA"":{""lat"":37.492877,""lon"":126.93949,""alt"":287.06},""endLLA"":{""lat"":37.479835,""lon"":126.972033,""alt"":100},""targetSpeed"":36,""seq"":7}","{""phase"":""I"",""startLLA"":{""lat"":37.479835,""lon"":126.972033,""alt"":100},""endLLA"":{""lat"":37.475767,""lon"":126.982185,""alt"":15},""targetSpeed"":30,""seq"":8}","{""phase"":""J"",""startLLA"":{""lat"":37.475767,""lon"":126.982185,""alt"":15},""endLLA"":{""lat"":37.475767,""lon"":126.982185,""alt"":0},""targetSpeed"":10,""seq"":9}","{""phase"":""K"",""startLLA"":{""lat"":37.475767,""lon"":126.982185,""alt"":0},""endLLA"":{""lat"":37.475767,""lon"":126.982185,""alt"":0},""targetSpeed"":3,""seq"":10}",,,,,,,,,,,
bfaef6930eb2,2026-07-11,FPL1417003,UAM0024,a2,2,1,0.5,가산,가산,수서,수서,20,G8,F2,G7,F2,20:00:00,20:12:15,20:19:50,20:26:55,20:36:55,735.43,455.55,424.6,1615.58,368.57,36.32,ready,가산 > 180고지 > 채석장 > 경부고속도로 양재천 다리 > 수서,20.5002,12,"{""phase"":""A"",""startLLA"":{""lat"":37.489091,""lon"":126.878809,""alt"":0},""endLLA"":{""lat"":37.489091,""lon"":126.878809,""alt"":0},""targetSpeed"":3,""seq"":1}","{""phase"":""B"",""startLLA"":{""lat"":37.489091,""lon"":126.878809,""alt"":0},""endLLA"":{""lat"":37.489091,""lon"":126.878809,""alt"":15},""targetSpeed"":10,""seq"":2}","{""phase"":""C"",""startLLA"":{""lat"":37.489091,""lon"":126.878809,""alt"":15},""endLLA"":{""lat"":37.48994,""lon"":126.892417,""alt"":100},""targetSpeed"":36,""seq"":3}","{""phase"":""E"",""startLLA"":{""lat"":37.48994,""lon"":126.892417,""alt"":100},""endLLA"":{""lat"":37.492426,""lon"":126.932255,""alt"":305},""targetSpeed"":51.4,""seq"":4}","{""phase"":""F"",""startLLA"":{""lat"":37.492426,""lon"":126.932255,""alt"":305},""endLLA"":{""lat"":37.492877,""lon"":126.93949,""alt"":305},""targetSpeed"":51.4,""seq"":5}","{""phase"":""F"",""startLLA"":{""lat"":37.492877,""lon"":126.93949,""alt"":305},""endLLA"":{""lat"":37.471285,""lon"":126.985745,""alt"":305},""targetSpeed"":51.4,""seq"":6}","{""phase"":""F"",""startLLA"":{""lat"":37.471285,""lon"":126.985745,""alt"":305},""endLLA"":{""lat"":37.471593,""lon"":127.032031,""alt"":305},""targetSpeed"":51.4,""seq"":7}","{""phase"":""F"",""startLLA"":{""lat"":37.471593,""lon"":127.032031,""alt"":305},""endLLA"":{""lat"":37.476052,""lon"":127.051322,""alt"":305},""targetSpeed"":51.4,""seq"":8}","{""phase"":""G"",""startLLA"":{""lat"":37.476052,""lon"":127.051322,""alt"":305},""endLLA"":{""lat"":37.484917,""lon"":127.089684,""alt"":100},""targetSpeed"":36,""seq"":9}","{""phase"":""I"",""startLLA"":{""lat"":37.484917,""lon"":127.089684,""alt"":100},""endLLA"":{""lat"":37.487441,""lon"":127.100603,""alt"":15},""targetSpeed"":30,""seq"":10}","{""phase"":""J"",""startLLA"":{""lat"":37.487441,""lon"":127.100603,""alt"":15},""endLLA"":{""lat"":37.487441,""lon"":127.100603,""alt"":0},""targetSpeed"":10,""seq"":11}","{""phase"":""K"",""startLLA"":{""lat"":37.487441,""lon"":127.100603,""alt"":0},""endLLA"":{""lat"":37.487441,""lon"":127.100603,""alt"":0},""targetSpeed"":3,""seq"":12}",,,,,,,,,
bfaef6930eb2,2026-07-11,FPL1411004,UAM0027,a2,2,1,0.5,가산,가산,천호,천호,20,G4,F1,G2,F1,20:00:00,20:17:03,20:27:06,20:33:34,20:43:34,1024,602.09,388.28,2014.37,567.14,0,ready,가산 > 180고지 > 채석장 > 경부고속도로 양재천 다리 > 대치교 > 청담대교 중간지점 > 잠실대교 중간지점 > 천호,28.0325,15,"{""phase"":""A"",""startLLA"":{""lat"":37.489091,""lon"":126.878809,""alt"":0},""endLLA"":{""lat"":37.489091,""lon"":126.878809,""alt"":0},""targetSpeed"":3,""seq"":1}","{""phase"":""B"",""startLLA"":{""lat"":37.489091,""lon"":126.878809,""alt"":0},""endLLA"":{""lat"":37.489091,""lon"":126.878809,""alt"":15},""targetSpeed"":10,""seq"":2}","{""phase"":""C"",""startLLA"":{""lat"":37.489091,""lon"":126.878809,""alt"":15},""endLLA"":{""lat"":37.48994,""lon"":126.892413,""alt"":100},""targetSpeed"":36,""seq"":3}","{""phase"":""E"",""startLLA"":{""lat"":37.48994,""lon"":126.892413,""alt"":100},""endLLA"":{""lat"":37.492425,""lon"":126.93224,""alt"":305},""targetSpeed"":51.4,""seq"":4}","{""phase"":""F"",""startLLA"":{""lat"":37.492425,""lon"":126.93224,""alt"":305},""endLLA"":{""lat"":37.492877,""lon"":126.93949,""alt"":305},""targetSpeed"":51.4,""seq"":5}","{""phase"":""F"",""startLLA"":{""lat"":37.492877,""lon"":126.93949,""alt"":305},""endLLA"":{""lat"":37.471285,""lon"":126.985745,""alt"":305},""targetSpeed"":51.4,""seq"":6}","{""phase"":""F"",""startLLA"":{""lat"":37.471285,""lon"":126.985745,""alt"":305},""endLLA"":{""lat"":37.471593,""lon"":127.032031,""alt"":305},""targetSpeed"":51.4,""seq"":7}","{""phase"":""F"",""startLLA"":{""lat"":37.471593,""lon"":127.032031,""alt"":305},""endLLA"":{""lat"":37.497702,""lon"":127.073855,""alt"":305},""targetSpeed"":51.4,""seq"":8}","{""phase"":""F"",""startLLA"":{""lat"":37.497702,""lon"":127.073855,""alt"":305},""endLLA"":{""lat"":37.526451,""lon"":127.064361,""alt"":305},""targetSpeed"":51.4,""seq"":9}","{""phase"":""F"",""startLLA"":{""lat"":37.526451,""lon"":127.064361,""alt"":305},""endLLA"":{""lat"":37.525291,""lon"":127.078986,""alt"":305},""targetSpeed"":51.4,""seq"":10}","{""phase"":""G"",""startLLA"":{""lat"":37.525291,""lon"":127.078986,""alt"":305},""endLLA"":{""lat"":37.524288,""lon"":127.091639,""alt"":239.78},""targetSpeed"":36,""seq"":11}","{""phase"":""G"",""startLLA"":{""lat"":37.524288,""lon"":127.091639,""alt"":239.78},""endLLA"":{""lat"":37.539417,""lon"":127.111104,""alt"":100},""targetSpeed"":36,""seq"":12}","{""phase"":""I"",""startLLA"":{""lat"":37.539417,""lon"":127.111104,""alt"":100},""endLLA"":{""lat"":37.545733,""lon"":127.11923,""alt"":15},""targetSpeed"":30,""seq"":13}","{""phase"":""J"",""startLLA"":{""lat"":37.545733,""lon"":127.11923,""alt"":15},""endLLA"":{""lat"":37.545733,""lon"":127.11923,""alt"":0},""targetSpeed"":10,""seq"":14}","{""phase"":""K"",""startLLA"":{""lat"":37.545733,""lon"":127.11923,""alt"":0},""endLLA"":{""lat"":37.545733,""lon"":127.11923,""alt"":0},""targetSpeed"":3,""seq"":15}",,,,,,
bfaef6930eb2,2026-07-11,FPL1403002,UAM0016,a2,2,1,0.5,가산,가산,상암,상암,21,G1,F1,G8,F1,21:00:00,21:06:06,21:10:06,21:16:04,21:26:04,366.86,239.18,358.28,964.32,0,0,ready,가산 > 영등포 > 선유도 17고지 > 상암,9.379,11,"{""phase"":""A"",""startLLA"":{""lat"":37.489091,""lon"":126.878809,""alt"":0},""endLLA"":{""lat"":37.489091,""lon"":126.878809,""alt"":0},""targetSpeed"":3,""seq"":1}","{""phase"":""B"",""startLLA"":{""lat"":37.489091,""lon"":126.878809,""alt"":0},""endLLA"":{""lat"":37.489091,""lon"":126.878809,""alt"":15},""targetSpeed"":10,""seq"":2}","{""phase"":""C"",""startLLA"":{""lat"":37.489091,""lon"":126.878809,""alt"":15},""endLLA"":{""lat"":37.497319,""lon"":126.887672,""alt"":100},""targetSpeed"":36,""seq"":3}","{""phase"":""E"",""startLLA"":{""lat"":37.497319,""lon"":126.887672,""alt"":100},""endLLA"":{""lat"":37.515965,""lon"":126.907756,""alt"":258.68},""targetSpeed"":51.4,""seq"":4}","{""phase"":""E"",""startLLA"":{""lat"":37.515965,""lon"":126.907756,""alt"":258.68},""endLLA"":{""lat"":37.523036,""lon"":126.906342,""alt"":305},""targetSpeed"":51.4,""seq"":5}","{""phase"":""F"",""startLLA"":{""lat"":37.523036,""lon"":126.906342,""alt"":305},""endLLA"":{""lat"":37.524069,""lon"":126.906136,""alt"":305},""targetSpeed"":51.4,""seq"":6}","{""phase"":""G"",""startLLA"":{""lat"":37.524069,""lon"":126.906136,""alt"":305},""endLLA"":{""lat"":37.542307,""lon"":126.90249,""alt"":185.53},""targetSpeed"":36,""seq"":7}","{""phase"":""G"",""startLLA"":{""lat"":37.542307,""lon"":126.90249,""alt"":185.53},""endLLA"":{""lat"":37.554181,""lon"":126.895158,""alt"":100},""targetSpeed"":36,""seq"":8}","{""phase"":""I"",""startLLA"":{""lat"":37.554181,""lon"":126.895158,""alt"":100},""endLLA"":{""lat"":37.562282,""lon"":126.890156,""alt"":15},""targetSpeed"":30,""seq"":9}","{""phase"":""J"",""startLLA"":{""lat"":37.562282,""lon"":126.890156,""alt"":15},""endLLA"":{""lat"":37.562282,""lon"":126.890156,""alt"":0},""targetSpeed"":10,""seq"":10}","{""phase"":""K"",""startLLA"":{""lat"":37.562282,""lon"":126.890156,""alt"":0},""endLLA"":{""lat"":37.562282,""lon"":126.890156,""alt"":0},""targetSpeed"":3,""seq"":11}",,,,,,,,,,
