scenario_id,scenario_date,fpl_id,aircraft_id,aircraft_type,capacity,passenger_count,load_factor,origin_vertiport_id,origin_vertiport,destination_vertiport_id,destination_vertiport,demand_hour,departure_gate_id,departure_fato_id,arrival_gate_id,arrival_fato_id,gate_out_time,takeoff_time,landing_time,gate_in_time,ready_time,gate_to_takeoff_sec,air_time_sec,landing_to_gate_sec,gate_to_gate_sec,departure_wait_sec,arrival_wait_sec,status,route_path,route_distance_km,segment_count,segment_001,segment_002,segment_003,segment_004,segment_005,segment_006,segment_007,segment_008,segment_009,segment_010,segment_011,segment_012,segment_013,segment_014,segment_015,segment_016,segment_017,segment_018,segment_019,segment_020,segment_021
bfaef6930eb2,2026-07-11,FPL1203001,UAM0045,a2,2,1,0.5,광화문,광화문,상암,상암,6,G1,F1,G7,F2,06:30:00,06:36:06,06:39:29,06:46:25,06:56:25,366.86,202.83,415.33,985.01,0,27.04,ready,광화문 > 홍대입구 > 상암,7.8797,9,"{""phase"":""A"",""startLLA"":{""lat"":37.56901,""lon"":126.973604,""alt"":0},""endLLA"":{""lat"":37.56901,""lon"":126.973604,""alt"":0},""targetSpeed"":3,""seq"":1}","{""phase"":""B"",""startLLA"":{""lat"":37.56901,""lon"":126.973604,""alt"":0},""endLLA"":{""lat"":37.56901,""lon"":126.973604,""alt"":15},""targetSpeed"":10,""seq"":2}","{""phase"":""C"",""startLLA"":{""lat"":37.56901,""lon"":126.973604,""alt"":15},""endLLA"":{""lat"":37.566377,""lon"":126.962857,""alt"":100},""targetSpeed"":36,""seq"":3}","{""phase"":""E"",""startLLA"":{""lat"":37.566377,""lon"":126.962857,""alt"":100},""endLLA"":{""lat"":37.558669,""lon"":126.931393,""alt"":305},""targetSpeed"":49.101,""seq"":4}","{""phase"":""G"",""startLLA"":{""lat"":37.558669,""lon"":126.931393,""alt"":305},""endLLA"":{""lat"":37.556786,""lon"":126.923706,""alt"":254.92},""targetSpeed"":36,""seq"":5}","{""phase"":""G"",""startLLA"":{""lat"":37.556786,""lon"":126.923706,""alt"":254.92},""endLLA"":{""lat"":37.560778,""lon"":126.899336,""alt"":100},""targetSpeed"":36,""seq"":6}","{""phase"":""I"",""startLLA"":{""lat"":37.560778,""lon"":126.899336,""alt"":100},""endLLA"":{""lat"":37.562282,""lon"":126.890156,""alt"":15},""targetSpeed"":30,""seq"":7}","{""phase"":""J"",""startLLA"":{""lat"":37.562282,""lon"":126.890156,""alt"":15},""endLLA"":{""lat"":37.562282,""lon"":126.890156,""alt"":0},""targetSpeed"":10,""seq"":8}","{""phase"":""K"",""startLLA"":{""lat"":37.562282,""lon"":126.890156,""alt"":0},""endLLA"":{""lat"":37.562282,""lon"":126.890156,""alt"":0},""targetSpeed"":3,""seq"":9}",,,,,,,,,,,,
bfaef6930eb2,2026-07-11,FPL1215001,UAM0046,a2,2,1,0.5,광화문,광화문,마곡,마곡,7,G2,F1,G8,F2,07:00:00,07:06:36,07:13:23,07:19:30,07:29:30,396.86,407.14,366.57,1170.57,0,24.87,ready,광화문 > 홍대입구 > 성산대교 중간지점 > 가양대교 남단 > 마곡,17.1596,12,"{""phase"":""A"",""startLLA"":{""lat"":37.56901,""lon"":126.973604,""alt"":0},""endLLA"":{""lat"":37.56901,""lon"":126.973604,""alt"":0},""targetSpeed"":3,""seq"":1}","{""phase"":""B"",""startLLA"":{""lat"":37.56901,""lon"":126.973604,""alt"":0},""endLLA"":{""lat"":37.56901,""lon"":126.973604,""alt"":15},""targetSpeed"":10,""seq"":2}","{""phase"":""C"",""startLLA"":{""lat"":37.56901,""lon"":126.973604,""alt"":15},""endLLA"":{""lat"":37.565861,""lon"":126.96075,""alt"":100},""targetSpeed"":36,""seq"":3}","{""phase"":""E"",""startLLA"":{""lat"":37.565861,""lon"":126.96075,""alt"":100},""endLLA"":{""lat"":37.556786,""lon"":126.923706,""alt"":301.81},""targetSpeed"":51.4,""seq"":4}","{""phase"":""E"",""startLLA"":{""lat"":37.556786,""lon"":126.923706,""alt"":301.81},""endLLA"":{""lat"":37.556707,""lon"":126.923101,""alt"":305},""targetSpeed"":51.4,""seq"":5}","{""phase"":""F"",""startLLA"":{""lat"":37.556707,""lon"":126.923101,""alt"":305},""endLLA"":{""lat"":37.552574,""lon"":126.891431,""alt"":305},""targetSpeed"":51.4,""seq"":6}","{""phase"":""F"",""startLLA"":{""lat"":37.552574,""lon"":126.891431,""alt"":305},""endLLA"":{""lat"":37.569391,""lon"":126.861026,""alt"":305},""targetSpeed"":51.4,""seq"":7}","{""phase"":""F"",""startLLA"":{""lat"":37.569391,""lon"":126.861026,""alt"":305},""endLLA"":{""lat"":37.567792,""lon"":126.84212,""alt"":305},""targetSpeed"":51.4,""seq"":8}","{""phase"":""G"",""startLLA"":{""lat"":37.567792,""lon"":126.84212,""alt"":305},""endLLA"":{""lat"":37.564478,""lon"":126.802953,""alt"":100},""targetSpeed"":36,""seq"":9}","{""phase"":""I"",""startLLA"":{""lat"":37.564478,""lon"":126.802953,""alt"":100},""endLLA"":{""lat"":37.563535,""lon"":126.791805,""alt"":15},""targetSpeed"":30,""seq"":10}","{""phase"":""J"",""startLLA"":{""lat"":37.563535,""lon"":126.791805,""alt"":15},""endLLA"":{""lat"":37.563535,""lon"":126.791805,""alt"":0},""targetSpeed"":10,""seq"":11}","{""phase"":""K"",""startLLA"":{""lat"":37.563535,""lon"":126.791805,""alt"":0},""endLLA"":{""lat"":37.563535,""lon"":126.791805,""alt"":0},""targetSpeed"":3,""seq"":12}",,,,,,,,,
bfaef6930eb2,2026-07-11,FPL1205001,UAM0047,a2,2,1,0.5,광화문,광화문,목동,목동,7,G3,F2,G2,F2,07:00:00,07:07:16,07:15:10,07:21:39,07:31:39,436.86,473.89,388.28,1299.03,10,204.02,ready,광화문 > 홍대입구 > 성산대교 중간지점 > 목동,10.956,11,"{""phase"":""A"",""startLLA"":{""lat"":37.56901,""lon"":126.973604,""alt"":0},""endLLA"":{""lat"":37.56901,""lon"":126.973604,""alt"":0},""targetSpeed"":3,""seq"":1}","{""phase"":""B"",""startLLA"":{""lat"":37.56901,""lon"":126.973604,""alt"":0},""endLLA"":{""lat"":37.56901,""lon"":126.973604,""alt"":15},""targetSpeed"":10,""seq"":2}","{""phase"":""C"",""startLLA"":{""lat"":37.56901,""lon"":126.973604,""alt"":15},""endLLA"":{""lat"":37.565887,""lon"":126.960855,""alt"":100},""targetSpeed"":36,""seq"":3}","{""phase"":""E"",""startLLA"":{""lat"":37.565887,""lon"":126.960855,""alt"":100},""endLLA"":{""lat"":37.556786,""lon"":126.923706,""alt"":304.04},""targetSpeed"":51.4,""seq"":4}","{""phase"":""E"",""startLLA"":{""lat"":37.556786,""lon"":126.923706,""alt"":304.04},""endLLA"":{""lat"":37.556762,""lon"":126.923526,""alt"":305},""targetSpeed"":51.4,""seq"":5}","{""phase"":""F"",""startLLA"":{""lat"":37.556762,""lon"":126.923526,""alt"":305},""endLLA"":{""lat"":37.554347,""lon"":126.90502,""alt"":305},""targetSpeed"":51.4,""seq"":6}","{""phase"":""G"",""startLLA"":{""lat"":37.554347,""lon"":126.90502,""alt"":305},""endLLA"":{""lat"":37.552574,""lon"":126.891431,""alt"":232.72},""targetSpeed"":36,""seq"":7}","{""phase"":""G"",""startLLA"":{""lat"":37.552574,""lon"":126.891431,""alt"":232.72},""endLLA"":{""lat"":37.534354,""lon"":126.880881,""alt"":100},""targetSpeed"":36,""seq"":8}","{""phase"":""I"",""startLLA"":{""lat"":37.534354,""lon"":126.880881,""alt"":100},""endLLA"":{""lat"":37.526343,""lon"":126.876243,""alt"":15},""targetSpeed"":30,""seq"":9}","{""phase"":""J"",""startLLA"":{""lat"":37.526343,""lon"":126.876243,""alt"":15},""endLLA"":{""lat"":37.526343,""lon"":126.876243,""alt"":0},""targetSpeed"":10,""seq"":10}","{""phase"":""K"",""startLLA"":{""lat"":37.526343,""lon"":126.876243,""alt"":0},""endLLA"":{""lat"":37.526343,""lon"":126.876243,""alt"":0},""targetSpeed"":3,""seq"":11}",,,,,,,,,,
bfaef6930eb2,2026-07-11,FPL1201001,UAM0048,a2,2,1,0.5,광화문,광화문,여의도,여의도,7,G4,F1,G8,F1,07:00:00,07:12:05,07:16:50,07:22:49,07:32:49,725.43,285.5,358.28,1369.21,268.57,0,ready,광화문 > 홍대입구 > 성산대교 중간지점 > 선유도 17고지 > 여의도,11.7598,12,"{""phase"":""A"",""startLLA"":{""lat"":37.56901,""lon"":126.973604,""alt"":0},""endLLA"":{""lat"":37.56901,""lon"":126.973604,""alt"":0},""targetSpeed"":3,""seq"":1}","{""phase"":""B"",""startLLA"":{""lat"":37.56901,""lon"":126.973604,""alt"":0},""endLLA"":{""lat"":37.56901,""lon"":126.973604,""alt"":15},""targetSpeed"":10,""seq"":2}","{""phase"":""C"",""startLLA"":{""lat"":37.56901,""lon"":126.973604,""alt"":15},""endLLA"":{""lat"":37.565882,""lon"":126.960835,""alt"":100},""targetSpeed"":36,""seq"":3}","{""phase"":""E"",""startLLA"":{""lat"":37.565882,""lon"":126.960835,""alt"":100},""endLLA"":{""lat"":37.556786,""lon"":126.923706,""alt"":303.61},""targetSpeed"":51.4,""seq"":4}","{""phase"":""E"",""startLLA"":{""lat"":37.556786,""lon"":126.923706,""alt"":303.61},""endLLA"":{""lat"":37.556752,""lon"":126.923443,""alt"":305},""targetSpeed"":51.4,""seq"":5}","{""phase"":""F"",""startLLA"":{""lat"":37.556752,""lon"":126.923443,""alt"":305},""endLLA"":{""lat"":37.553185,""lon"":126.896111,""alt"":305},""targetSpeed"":51.4,""seq"":6}","{""phase"":""G"",""startLLA"":{""lat"":37.553185,""lon"":126.896111,""alt"":305},""endLLA"":{""lat"":37.552574,""lon"":126.891431,""alt"":280.15},""targetSpeed"":36,""seq"":7}","{""phase"":""G"",""startLLA"":{""lat"":37.552574,""lon"":126.891431,""alt"":280.15},""endLLA"":{""lat"":37.542307,""lon"":126.90249,""alt"":190.91},""targetSpeed"":36,""seq"":8}","{""phase"":""G"",""startLLA"":{""lat"":37.542307,""lon"":126.90249,""alt"":190.91},""endLLA"":{""lat"":37.532687,""lon"":126.914887,""alt"":100},""targetSpeed"":36,""seq"":9}","{""phase"":""I"",""startLLA"":{""lat"":37.532687,""lon"":126.914887,""alt"":100},""endLLA"":{""lat"":37.526513,""lon"":126.922845,""alt"":15},""targetSpeed"":30,""seq"":10}","{""phase"":""J"",""startLLA"":{""lat"":37.526513,""lon"":126.922845,""alt"":15},""endLLA"":{""lat"":37.526513,""lon"":126.922845,""alt"":0},""targetSpeed"":10,""seq"":11}","{""phase"":""K"",""startLLA"":{""lat"":37.526513,""lon"":126.922845,""alt"":0},""endLLA"":{""lat"":37.526513,""lon"":126.922845,""alt"":0},""targetSpeed"":3,""seq"":12}",,,,,,,,,
bfaef6930eb2,2026-07-11,FPL1204001,UAM0049,a2,2,1,0.5,광화문,광화문,용산,용산,7,G1,F2,G8,F2,07:00:30,07:12:45,07:18:22,07:24:31,07:34:31,735.43,336.76,369.13,1441.32,398.57,10.85,ready,광화문 > 홍대입구 > 성산대교 중간지점 > 선유도 17고지 > 서강대교 중간지점 > 용산,14.3946,13,"{""phase"":""A"",""startLLA"":{""lat"":37.56901,""lon"":126.973604,""alt"":0},""endLLA"":{""lat"":37.56901,""lon"":126.973604,""alt"":0},""targetSpeed"":3,""seq"":1}","{""phase"":""B"",""startLLA"":{""lat"":37.56901,""lon"":126.973604,""alt"":0},""endLLA"":{""lat"":37.56901,""lon"":126.973604,""alt"":15},""targetSpeed"":10,""seq"":2}","{""phase"":""C"",""startLLA"":{""lat"":37.56901,""lon"":126.973604,""alt"":15},""endLLA"":{""lat"":37.565869,""lon"":126.960784,""alt"":100},""targetSpeed"":36,""seq"":3}","{""phase"":""E"",""startLLA"":{""lat"":37.565869,""lon"":126.960784,""alt"":100},""endLLA"":{""lat"":37.556786,""lon"":126.923706,""alt"":302.53},""targetSpeed"":51.4,""seq"":4}","{""phase"":""E"",""startLLA"":{""lat"":37.556786,""lon"":126.923706,""alt"":302.53},""endLLA"":{""lat"":37.556725,""lon"":126.923238,""alt"":305},""targetSpeed"":51.4,""seq"":5}","{""phase"":""F"",""startLLA"":{""lat"":37.556725,""lon"":126.923238,""alt"":305},""endLLA"":{""lat"":37.552574,""lon"":126.891431,""alt"":305},""targetSpeed"":51.4,""seq"":6}","{""phase"":""F"",""startLLA"":{""lat"":37.552574,""lon"":126.891431,""alt"":305},""endLLA"":{""lat"":37.542307,""lon"":126.90249,""alt"":305},""targetSpeed"":51.4,""seq"":7}","{""phase"":""F"",""startLLA"":{""lat"":37.542307,""lon"":126.90249,""alt"":305},""endLLA"":{""lat"":37.540503,""lon"":126.91004,""alt"":305},""targetSpeed"":51.4,""seq"":8}","{""phase"":""G"",""startLLA"":{""lat"":37.540503,""lon"":126.91004,""alt"":305},""endLLA"":{""lat"":37.536949,""lon"":126.924908,""alt"":223.94},""targetSpeed"":36,""seq"":9}","{""phase"":""G"",""startLLA"":{""lat"":37.536949,""lon"":126.924908,""alt"":223.94},""endLLA"":{""lat"":37.53161,""lon"":126.947673,""alt"":100},""targetSpeed"":36,""seq"":10}","{""phase"":""I"",""startLLA"":{""lat"":37.53161,""lon"":126.947673,""alt"":100},""endLLA"":{""lat"":37.529096,""lon"":126.958391,""alt"":15},""targetSpeed"":30,""seq"":11}","{""phase"":""J"",""startLLA"":{""lat"":37.529096,""lon"":126.958391,""alt"":15},""endLLA"":{""lat"":37.529096,""lon"":126.958391,""alt"":0},""targetSpeed"":10,""seq"":12}","{""phase"":""K"",""startLLA"":{""lat"":37.529096,""lon"":126.958391,""alt"":0},""endLLA"":{""lat"":37.529096,""lon"":126.958391,""alt"":0},""targetSpeed"":3,""seq"":13}",,,,,,,,
bfaef6930eb2,2026-07-11,FPL1213001,UAM0001,a2,2,1,0.5,광화문,광화문,강남,강남,8,G8,F1,G6,F1,08:00:00,08:06:06,08:21:41,08:28:39,08:38:39,366.86,934.29,418.28,1719.43,0,494.9,ready,광화문 > 신설동역 > 청량리 > 왕십리역 > 성수대교 남단 > 청담대교 중간지점 > 강남,19.886,14,"{""phase"":""A"",""startLLA"":{""lat"":37.56901,""lon"":126.973604,""alt"":0},""endLLA"":{""lat"":37.56901,""lon"":126.973604,""alt"":0},""targetSpeed"":3,""seq"":1}","{""phase"":""B"",""startLLA"":{""lat"":37.56901,""lon"":126.973604,""alt"":0},""endLLA"":{""lat"":37.56901,""lon"":126.973604,""alt"":15},""targetSpeed"":10,""seq"":2}","{""phase"":""C"",""startLLA"":{""lat"":37.56901,""lon"":126.973604,""alt"":15},""endLLA"":{""lat"":37.570825,""lon"":126.987233,""alt"":100},""targetSpeed"":36,""seq"":3}","{""phase"":""E"",""startLLA"":{""lat"":37.570825,""lon"":126.987233,""alt"":100},""endLLA"":{""lat"":37.575658,""lon"":127.02353,""alt"":286.48},""targetSpeed"":51.4,""seq"":4}","{""phase"":""E"",""startLLA"":{""lat"":37.575658,""lon"":127.02353,""alt"":286.48},""endLLA"":{""lat"":37.57647,""lon"":127.027038,""alt"":305},""targetSpeed"":51.4,""seq"":5}","{""phase"":""F"",""startLLA"":{""lat"":37.57647,""lon"":127.027038,""alt"":305},""endLLA"":{""lat"":37.581542,""lon"":127.048947,""alt"":305},""targetSpeed"":51.4,""seq"":6}","{""phase"":""F"",""startLLA"":{""lat"":37.581542,""lon"":127.048947,""alt"":305},""endLLA"":{""lat"":37.561925,""lon"":127.038491,""alt"":305},""targetSpeed"":51.4,""seq"":7}","{""phase"":""F"",""startLLA"":{""lat"":37.561925,""lon"":127.038491,""alt"":305},""endLLA"":{""lat"":37.53537,""lon"":127.034503,""alt"":305},""targetSpeed"":51.4,""seq"":8}","{""phase"":""F"",""startLLA"":{""lat"":37.53537,""lon"":127.034503,""alt"":305},""endLLA"":{""lat"":37.526451,""lon"":127.064361,""alt"":305},""targetSpeed"":51.4,""seq"":9}","{""phase"":""F"",""startLLA"":{""lat"":37.526451,""lon"":127.064361,""alt"":305},""endLLA"":{""lat"":37.524282,""lon"":127.061408,""alt"":305},""targetSpeed"":51.4,""seq"":10}","{""phase"":""G"",""startLLA"":{""lat"":37.524282,""lon"":127.061408,""alt"":305},""endLLA"":{""lat"":37.502493,""lon"":127.031746,""alt"":100},""targetSpeed"":36,""seq"":11}","{""phase"":""I"",""startLLA"":{""lat"":37.502493,""lon"":127.031746,""alt"":100},""endLLA"":{""lat"":37.496291,""lon"":127.023303,""alt"":15},""targetSpeed"":30,""seq"":12}","{""phase"":""J"",""startLLA"":{""lat"":37.496291,""lon"":127.023303,""alt"":15},""endLLA"":{""lat"":37.496291,""lon"":127.023303,""alt"":0},""targetSpeed"":10,""seq"":13}","{""phase"":""K"",""startLLA"":{""lat"":37.496291,""lon"":127.023303,""alt"":0},""endLLA"":{""lat"":37.496291,""lon"":127.023303,""alt"":0},""targetSpeed"":3,""seq"":14}",,,,,,,
bfaef6930eb2,2026-07-11,FPL1216001,UAM0006,a2,2,1,0.5,광화문,광화문,망우,망우,8,G2,F2,G1,F1,08:00:00,08:06:46,08:11:01,08:16:59,08:26:59,406.86,254.52,358.28,1019.66,10,0,ready,광화문 > 신설동역 > 청량리 > 망우,10.3914,11,"{""phase"":""A"",""startLLA"":{""lat"":37.56901,""lon"":126.973604,""alt"":0},""endLLA"":{""lat"":37.56901,""lon"":126.973604,""alt"":0},""targetSpeed"":3,""seq"":1}","{""phase"":""B"",""startLLA"":{""lat"":37.56901,""lon"":126.973604,""alt"":0},""endLLA"":{""lat"":37.56901,""lon"":126.973604,""alt"":15},""targetSpeed"":10,""seq"":2}","{""phase"":""C"",""startLLA"":{""lat"":37.56901,""lon"":126.973604,""alt"":15},""endLLA"":{""lat"":37.570845,""lon"":126.987382,""alt"":100},""targetSpeed"":36,""seq"":3}","{""phase"":""E"",""startLLA"":{""lat"":37.570845,""lon"":126.987382,""alt"":100},""endLLA"":{""lat"":37.575658,""lon"":127.02353,""alt"":283.71},""targetSpeed"":51.4,""seq"":4}","{""phase"":""E"",""startLLA"":{""lat"":37.575658,""lon"":127.02353,""alt"":283.71},""endLLA"":{""lat"":37.576602,""lon"":127.027607,""alt"":305},""targetSpeed"":51.4,""seq"":5}","{""phase"":""F"",""startLLA"":{""lat"":37.576602,""lon"":127.027607,""alt"":305},""endLLA"":{""lat"":37.578933,""lon"":127.037679,""alt"":305},""targetSpeed"":51.4,""seq"":6}","{""phase"":""G"",""startLLA"":{""lat"":37.578933,""lon"":127.037679,""alt"":305},""endLLA"":{""lat"":37.581542,""lon"":127.048947,""alt"":246.17},""targetSpeed"":36,""seq"":7}","{""phase"":""G"",""startLLA"":{""lat"":37.581542,""lon"":127.048947,""alt"":246.17},""endLLA"":{""lat"":37.592532,""lon"":127.074609,""alt"":100},""targetSpeed"":36,""seq"":8}","{""phase"":""I"",""startLLA"":{""lat"":37.592532,""lon"":127.074609,""alt"":100},""endLLA"":{""lat"":37.596919,""lon"":127.084854,""alt"":15},""targetSpeed"":30,""seq"":9}","{""phase"":""J"",""startLLA"":{""lat"":37.596919,""lon"":127.084854,""alt"":15},""endLLA"":{""lat"":37.596919,""lon"":127.084854,""alt"":0},""targetSpeed"":10,""seq"":10}","{""phase"":""K"",""startLLA"":{""lat"":37.596919,""lon"":127.084854,""alt"":0},""endLLA"":{""lat"":37.596919,""lon"":127.084854,""alt"":0},""targetSpeed"":3,""seq"":11}",,,,,,,,,,
bfaef6930eb2,2026-07-11,FPL1205002,UAM0013,a2,2,1,0.5,광화문,광화문,목동,목동,8,G1,F1,G7,F2,08:00:00,08:11:35,08:18:52,08:25:29,08:35:29,695.43,437.14,396.57,1529.14,328.57,175.56,ready,광화문 > 홍대입구 > 성산대교 중간지점 > 목동,10.956,11,"{""phase"":""A"",""startLLA"":{""lat"":37.56901,""lon"":126.973604,""alt"":0},""endLLA"":{""lat"":37.56901,""lon"":126.973604,""alt"":0},""targetSpeed"":3,""seq"":1}","{""phase"":""B"",""startLLA"":{""lat"":37.56901,""lon"":126.973604,""alt"":0},""endLLA"":{""lat"":37.56901,""lon"":126.973604,""alt"":15},""targetSpeed"":10,""seq"":2}","{""phase"":""C"",""startLLA"":{""lat"":37.56901,""lon"":126.973604,""alt"":15},""endLLA"":{""lat"":37.565887,""lon"":126.960855,""alt"":100},""targetSpeed"":36,""seq"":3}","{""phase"":""E"",""startLLA"":{""lat"":37.565887,""lon"":126.960855,""alt"":100},""endLLA"":{""lat"":37.556786,""lon"":126.923706,""alt"":304.04},""targetSpeed"":51.4,""seq"":4}","{""phase"":""E"",""startLLA"":{""lat"":37.556786,""lon"":126.923706,""alt"":304.04},""endLLA"":{""lat"":37.556762,""lon"":126.923526,""alt"":305},""targetSpeed"":51.4,""seq"":5}","{""phase"":""F"",""startLLA"":{""lat"":37.556762,""lon"":126.923526,""alt"":305},""endLLA"":{""lat"":37.554347,""lon"":126.90502,""alt"":305},""targetSpeed"":51.4,""seq"":6}","{""phase"":""G"",""startLLA"":{""lat"":37.554347,""lon"":126.90502,""alt"":305},""endLLA"":{""lat"":37.552574,""lon"":126.891431,""alt"":232.72},""targetSpeed"":36,""seq"":7}","{""phase"":""G"",""startLLA"":{""lat"":37.552574,""lon"":126.891431,""alt"":232.72},""endLLA"":{""lat"":37.534354,""lon"":126.880881,""alt"":100},""targetSpeed"":36,""seq"":8}","{""phase"":""I"",""startLLA"":{""lat"":37.534354,""lon"":126.880881,""alt"":100},""endLLA"":{""lat"":37.526343,""lon"":126.876243,""alt"":15},""targetSpeed"":30,""seq"":9}","{""phase"":""J"",""startLLA"":{""lat"":37.526343,""lon"":126.876243,""alt"":15},""endLLA"":{""lat"":37.526343,""lon"":126.876243,""alt"":0},""targetSpeed"":10,""seq"":10}","{""phase"":""K"",""startLLA"":{""lat"":37.526343,""lon"":126.876243,""alt"":0},""endLLA"":{""lat"":37.526343,""lon"":126.876243,""alt"":0},""targetSpeed"":3,""seq"":11}",,,,,,,,,,
bfaef6930eb2,2026-07-11,FPL1208001,UAM0043,a2,2,1,0.5,광화문,광화문,사당,사당,8,G7,F2,G3,F2,08:00:00,08:12:15,08:20:29,08:27:27,08:37:27,735.43,494.01,418.28,1647.72,338.57,43.54,ready,광화문 > 홍대입구 > 성산대교 중간지점 > 선유도 17고지 > 영등포 > 180고지 > 사당,20.239,14,"{""phase"":""A"",""startLLA"":{""lat"":37.56901,""lon"":126.973604,""alt"":0},""endLLA"":{""lat"":37.56901,""lon"":126.973604,""alt"":0},""targetSpeed"":3,""seq"":1}","{""phase"":""B"",""startLLA"":{""lat"":37.56901,""lon"":126.973604,""alt"":0},""endLLA"":{""lat"":37.56901,""lon"":126.973604,""alt"":15},""targetSpeed"":10,""seq"":2}","{""phase"":""C"",""startLLA"":{""lat"":37.56901,""lon"":126.973604,""alt"":15},""endLLA"":{""lat"":37.565853,""lon"":126.960717,""alt"":100},""targetSpeed"":36,""seq"":3}","{""phase"":""E"",""startLLA"":{""lat"":37.565853,""lon"":126.960717,""alt"":100},""endLLA"":{""lat"":37.556786,""lon"":126.923706,""alt"":301.11},""targetSpeed"":51.4,""seq"":4}","{""phase"":""E"",""startLLA"":{""lat"":37.556786,""lon"":126.923706,""alt"":301.11},""endLLA"":{""lat"":37.55669,""lon"":126.922967,""alt"":305},""targetSpeed"":51.4,""seq"":5}","{""phase"":""F"",""startLLA"":{""lat"":37.55669,""lon"":126.922967,""alt"":305},""endLLA"":{""lat"":37.552574,""lon"":126.891431,""alt"":305},""targetSpeed"":51.4,""seq"":6}","{""phase"":""F"",""startLLA"":{""lat"":37.552574,""lon"":126.891431,""alt"":305},""endLLA"":{""lat"":37.542307,""lon"":126.90249,""alt"":305},""targetSpeed"":51.4,""seq"":7}","{""phase"":""F"",""startLLA"":{""lat"":37.542307,""lon"":126.90249,""alt"":305},""endLLA"":{""lat"":37.515965,""lon"":126.907756,""alt"":305},""targetSpeed"":51.4,""seq"":8}","{""phase"":""F"",""startLLA"":{""lat"":37.515965,""lon"":126.907756,""alt"":305},""endLLA"":{""lat"":37.494402,""lon"":126.937394,""alt"":305},""targetSpeed"":51.4,""seq"":9}","{""phase"":""G"",""startLLA"":{""lat"":37.494402,""lon"":126.937394,""alt"":305},""endLLA"":{""lat"":37.492877,""lon"":126.93949,""alt"":290.22},""targetSpeed"":36,""seq"":10}","{""phase"":""G"",""startLLA"":{""lat"":37.492877,""lon"":126.93949,""alt"":290.22},""endLLA"":{""lat"":37.479784,""lon"":126.972163,""alt"":100},""targetSpeed"":36,""seq"":11}","{""phase"":""I"",""startLLA"":{""lat"":37.479784,""lon"":126.972163,""alt"":100},""endLLA"":{""lat"":37.475767,""lon"":126.982185,""alt"":15},""targetSpeed"":30,""seq"":12}","{""phase"":""J"",""startLLA"":{""lat"":37.475767,""lon"":126.982185,""alt"":15},""endLLA"":{""lat"":37.475767,""lon"":126.982185,""alt"":0},""targetSpeed"":10,""seq"":13}","{""phase"":""K"",""startLLA"":{""lat"":37.475767,""lon"":126.982185,""alt"":0},""endLLA"":{""lat"":37.475767,""lon"":126.982185,""alt"":0},""targetSpeed"":3,""seq"":14}",,,,,,,
bfaef6930eb2,2026-07-11,FPL1217001,UAM0065,a2,2,1,0.5,광화문,광화문,수서,수서,8,G3,F1,G8,F1,08:00:00,08:17:03,08:24:55,08:30:53,08:40:53,1024,471.62,358.28,1853.9,597.14,0,ready,광화문 > 신설동역 > 청량리 > 왕십리역 > 성수대교 남단 > 청담대교 중간지점 > 잠실대교 중간지점 > 수서,21.5406,15,"{""phase"":""A"",""startLLA"":{""lat"":37.56901,""lon"":126.973604,""alt"":0},""endLLA"":{""lat"":37.56901,""lon"":126.973604,""alt"":0},""targetSpeed"":3,""seq"":1}","{""phase"":""B"",""startLLA"":{""lat"":37.56901,""lon"":126.973604,""alt"":0},""endLLA"":{""lat"":37.56901,""lon"":126.973604,""alt"":15},""targetSpeed"":10,""seq"":2}","{""phase"":""C"",""startLLA"":{""lat"":37.56901,""lon"":126.973604,""alt"":15},""endLLA"":{""lat"":37.570823,""lon"":126.98722,""alt"":100},""targetSpeed"":36,""seq"":3}","{""phase"":""E"",""startLLA"":{""lat"":37.570823,""lon"":126.98722,""alt"":100},""endLLA"":{""lat"":37.575658,""lon"":127.02353,""alt"":286.73},""targetSpeed"":51.4,""seq"":4}","{""phase"":""E"",""startLLA"":{""lat"":37.575658,""lon"":127.02353,""alt"":286.73},""endLLA"":{""lat"":37.576459,""lon"":127.026988,""alt"":305},""targetSpeed"":51.4,""seq"":5}","{""phase"":""F"",""startLLA"":{""lat"":37.576459,""lon"":127.026988,""alt"":305},""endLLA"":{""lat"":37.581542,""lon"":127.048947,""alt"":305},""targetSpeed"":51.4,""seq"":6}","{""phase"":""F"",""startLLA"":{""lat"":37.581542,""lon"":127.048947,""alt"":305},""endLLA"":{""lat"":37.561925,""lon"":127.038491,""alt"":305},""targetSpeed"":51.4,""seq"":7}","{""phase"":""F"",""startLLA"":{""lat"":37.561925,""lon"":127.038491,""alt"":305},""endLLA"":{""lat"":37.53537,""lon"":127.034503,""alt"":305},""targetSpeed"":51.4,""seq"":8}","{""phase"":""F"",""startLLA"":{""lat"":37.53537,""lon"":127.034503,""alt"":305},""endLLA"":{""lat"":37.526451,""lon"":127.064361,""alt"":305},""targetSpeed"":51.4,""seq"":9}","{""phase"":""F"",""startLLA"":{""lat"":37.526451,""lon"":127.064361,""alt"":305},""endLLA"":{""lat"":37.524649,""lon"":127.087085,""alt"":305},""targetSpeed"":51.4,""seq"":10}","{""phase"":""G"",""startLLA"":{""lat"":37.524649,""lon"":127.087085,""alt"":305},""endLLA"":{""lat"":37.524288,""lon"":127.091639,""alt"":281.77},""targetSpeed"":36,""seq"":11}","{""phase"":""G"",""startLLA"":{""lat"":37.524288,""lon"":127.091639,""alt"":281.77},""endLLA"":{""lat"":37.496395,""lon"":127.098425,""alt"":100},""targetSpeed"":36,""seq"":12}","{""phase"":""I"",""startLLA"":{""lat"":37.496395,""lon"":127.098425,""alt"":100},""endLLA"":{""lat"":37.487441,""lon"":127.100603,""alt"":15},""targetSpeed"":30,""seq"":13}","{""phase"":""J"",""startLLA"":{""lat"":37.487441,""lon"":127.100603,""alt"":15},""endLLA"":{""lat"":37.487441,""lon"":127.100603,""alt"":0},""targetSpeed"":10,""seq"":14}","{""phase"":""K"",""startLLA"":{""lat"":37.487441,""lon"":127.100603,""alt"":0},""endLLA"":{""lat"":37.487441,""lon"":127.100603,""alt"":0},""targetSpeed"":3,""seq"":15}",,,,,,
bfaef6930eb2,2026-07-11,FPL1201002,UAM0029,a2,2,1,0.5,광화문,광화문,여의도,여의도,8,G1,F1,G3,F2,08:29:23,08:35:29,08:40:15,08:47:13,08:57:13,366.86,285.5,418.28,1070.64,0,0,ready,광화문 > 홍대입구 > 성산대교 중간지점 > 선유도 17고지 > 여의도,11.7598,12,"{""phase"":""A"",""startLLA"":{""lat"":37.56901,""lon"":126.973604,""alt"":0},""endLLA"":{""lat"":37.56901,""lon"":126.973604,""alt"":0},""targetSpeed"":3,""seq"":1}","{""phase"":""B"",""startLLA"":{""lat"":37.56901,""lon"":126.973604,""alt"":0},""endLLA"":{""lat"":37.56901,""lon"":126.973604,""alt"":15},""targetSpeed"":10,""seq"":2}","{""phase"":""C"",""startLLA"":{""lat"":37.56901,""lon"":126.973604,""alt"":15},""endLLA"":{""lat"":37.565882,""lon"":126.960835,""alt"":100},""targetSpeed"":36,""seq"":3}","{""phase"":""E"",""startLLA"":{""lat"":37.565882,""lon"":126.960835,""alt"":100},""endLLA"":{""lat"":37.556786,""lon"":126.923706,""alt"":303.61},""targetSpeed"":51.4,""seq"":4}","{""phase"":""E"",""startLLA"":{""lat"":37.556786,""lon"":126.923706,""alt"":303.61},""endLLA"":{""lat"":37.556752,""lon"":126.923443,""alt"":305},""targetSpeed"":51.4,""seq"":5}","{""phase"":""F"",""startLLA"":{""lat"":37.556752,""lon"":126.923443,""alt"":305},""endLLA"":{""lat"":37.553185,""lon"":126.896111,""alt"":305},""targetSpeed"":51.4,""seq"":6}","{""phase"":""G"",""startLLA"":{""lat"":37.553185,""lon"":126.896111,""alt"":305},""endLLA"":{""lat"":37.552574,""lon"":126.891431,""alt"":280.15},""targetSpeed"":36,""seq"":7}","{""phase"":""G"",""startLLA"":{""lat"":37.552574,""lon"":126.891431,""alt"":280.15},""endLLA"":{""lat"":37.542307,""lon"":126.90249,""alt"":190.91},""targetSpeed"":36,""seq"":8}","{""phase"":""G"",""startLLA"":{""lat"":37.542307,""lon"":126.90249,""alt"":190.91},""endLLA"":{""lat"":37.532687,""lon"":126.914887,""alt"":100},""targetSpeed"":36,""seq"":9}","{""phase"":""I"",""startLLA"":{""lat"":37.532687,""lon"":126.914887,""alt"":100},""endLLA"":{""lat"":37.526513,""lon"":126.922845,""alt"":15},""targetSpeed"":30,""seq"":10}","{""phase"":""J"",""startLLA"":{""lat"":37.526513,""lon"":126.922845,""alt"":15},""endLLA"":{""lat"":37.526513,""lon"":126.922845,""alt"":0},""targetSpeed"":10,""seq"":11}","{""phase"":""K"",""startLLA"":{""lat"":37.526513,""lon"":126.922845,""alt"":0},""endLLA"":{""lat"":37.526513,""lon"":126.922845,""alt"":0},""targetSpeed"":3,""seq"":12}",,,,,,,,,
bfaef6930eb2,2026-07-11,FPL1206001,UAM0032,a2,2,1,0.5,광화문,광화문,미아,미아,9,G8,F1,G1,F1,09:00:00,09:06:06,09:10:24,09:16:22,09:26:22,366.86,257.19,358.28,982.33,0,0,ready,광화문 > 신설동역 > 미아,10.5314,10,"{""phase"":""A"",""startLLA"":{""lat"":37.56901,""lon"":126.973604,""alt"":0},""endLLA"":{""lat"":37.56901,""lon"":126.973604,""alt"":0},""targetSpeed"":3,""seq"":1}","{""phase"":""B"",""startLLA"":{""lat"":37.56901,""lon"":126.973604,""alt"":0},""endLLA"":{""lat"":37.56901,""lon"":126.973604,""alt"":15},""targetSpeed"":10,""seq"":2}","{""phase"":""C"",""startLLA"":{""lat"":37.56901,""lon"":126.973604,""alt"":15},""endLLA"":{""lat"":37.570845,""lon"":126.987381,""alt"":100},""targetSpeed"":36,""seq"":3}","{""phase"":""E"",""startLLA"":{""lat"":37.570845,""lon"":126.987381,""alt"":100},""endLLA"":{""lat"":37.575658,""lon"":127.02353,""alt"":283.73},""targetSpeed"":51.4,""seq"":4}","{""phase"":""E"",""startLLA"":{""lat"":37.575658,""lon"":127.02353,""alt"":283.73},""endLLA"":{""lat"":37.57902,""lon"":127.023685,""alt"":305},""targetSpeed"":51.4,""seq"":5}","{""phase"":""F"",""startLLA"":{""lat"":37.57902,""lon"":127.023685,""alt"":305},""endLLA"":{""lat"":37.588591,""lon"":127.024128,""alt"":305},""targetSpeed"":51.4,""seq"":6}","{""phase"":""G"",""startLLA"":{""lat"":37.588591,""lon"":127.024128,""alt"":305},""endLLA"":{""lat"":37.620986,""lon"":127.025627,""alt"":100},""targetSpeed"":36,""seq"":7}","{""phase"":""I"",""startLLA"":{""lat"":37.620986,""lon"":127.025627,""alt"":100},""endLLA"":{""lat"":37.630207,""lon"":127.026053,""alt"":15},""targetSpeed"":30,""seq"":8}","{""phase"":""J"",""startLLA"":{""lat"":37.630207,""lon"":127.026053,""alt"":15},""endLLA"":{""lat"":37.630207,""lon"":127.026053,""alt"":0},""targetSpeed"":10,""seq"":9}","{""phase"":""K"",""startLLA"":{""lat"":37.630207,""lon"":127.026053,""alt"":0},""endLLA"":{""lat"":37.630207,""lon"":127.026053,""alt"":0},""targetSpeed"":3,""seq"":10}",,,,,,,,,,,
bfaef6930eb2,2026-07-11,FPL1207001,UAM0016,a2,2,1,0.5,광화문,광화문,봉천,봉천,9,G1,F1,G2,F1,09:27:46,09:33:52,09:40:20,09:46:48,09:56:48,366.86,387.4,388.28,1142.54,0,0,ready,광화문 > 홍대입구 > 성산대교 중간지점 > 선유도 17고지 > 영등포 > 봉천,16.9974,13,"{""phase"":""A"",""startLLA"":{""lat"":37.56901,""lon"":126.973604,""alt"":0},""endLLA"":{""lat"":37.56901,""lon"":126.973604,""alt"":0},""targetSpeed"":3,""seq"":1}","{""phase"":""B"",""startLLA"":{""lat"":37.56901,""lon"":126.973604,""alt"":0},""endLLA"":{""lat"":37.56901,""lon"":126.973604,""alt"":15},""targetSpeed"":10,""seq"":2}","{""phase"":""C"",""startLLA"":{""lat"":37.56901,""lon"":126.973604,""alt"":15},""endLLA"":{""lat"":37.565861,""lon"":126.960749,""alt"":100},""targetSpeed"":36,""seq"":3}","{""phase"":""E"",""startLLA"":{""lat"":37.565861,""lon"":126.960749,""alt"":100},""endLLA"":{""lat"":37.556786,""lon"":126.923706,""alt"":301.79},""targetSpeed"":51.4,""seq"":4}","{""phase"":""E"",""startLLA"":{""lat"":37.556786,""lon"":126.923706,""alt"":301.79},""endLLA"":{""lat"":37.556707,""lon"":126.923097,""alt"":305},""targetSpeed"":51.4,""seq"":5}","{""phase"":""F"",""startLLA"":{""lat"":37.556707,""lon"":126.923097,""alt"":305},""endLLA"":{""lat"":37.552574,""lon"":126.891431,""alt"":305},""targetSpeed"":51.4,""seq"":6}","{""phase"":""F"",""startLLA"":{""lat"":37.552574,""lon"":126.891431,""alt"":305},""endLLA"":{""lat"":37.542307,""lon"":126.90249,""alt"":305},""targetSpeed"":51.4,""seq"":7}","{""phase"":""F"",""startLLA"":{""lat"":37.542307,""lon"":126.90249,""alt"":305},""endLLA"":{""lat"":37.515965,""lon"":126.907756,""alt"":305},""targetSpeed"":51.4,""seq"":8}","{""phase"":""F"",""startLLA"":{""lat"":37.515965,""lon"":126.907756,""alt"":305},""endLLA"":{""lat"":37.51376,""lon"":126.910051,""alt"":305},""targetSpeed"":51.4,""seq"":9}","{""phase"":""G"",""startLLA"":{""lat"":37.51376,""lon"":126.910051,""alt"":305},""endLLA"":{""lat"":37.489685,""lon"":126.935112,""alt"":100},""targetSpeed"":36,""seq"":10}","{""phase"":""I"",""startLLA"":{""lat"":37.489685,""lon"":126.935112,""alt"":100},""endLLA"":{""lat"":37.482832,""lon"":126.942245,""alt"":15},""targetSpeed"":30,""seq"":11}","{""phase"":""J"",""startLLA"":{""lat"":37.482832,""lon"":126.942245,""alt"":15},""endLLA"":{""lat"":37.482832,""lon"":126.942245,""alt"":0},""targetSpeed"":10,""seq"":12}","{""phase"":""K"",""startLLA"":{""lat"":37.482832,""lon"":126.942245,""alt"":0},""endLLA"":{""lat"":37.482832,""lon"":126.942245,""alt"":0},""targetSpeed"":3,""seq"":13}",,,,,,,,
bfaef6930eb2,2026-07-11,FPL1213002,UAM0001,a2,2,1,0.5,광화문,광화문,강남,강남,10,G7,F1,G3,F1,10:00:00,10:06:36,10:18:39,10:25:37,10:35:37,396.86,722.25,418.28,1537.39,0,282.86,ready,광화문 > 신설동역 > 청량리 > 왕십리역 > 성수대교 남단 > 청담대교 중간지점 > 강남,19.886,14,"{""phase"":""A"",""startLLA"":{""lat"":37.56901,""lon"":126.973604,""alt"":0},""endLLA"":{""lat"":37.56901,""lon"":126.973604,""alt"":0},""targetSpeed"":3,""seq"":1}","{""phase"":""B"",""startLLA"":{""lat"":37.56901,""lon"":126.973604,""alt"":0},""endLLA"":{""lat"":37.56901,""lon"":126.973604,""alt"":15},""targetSpeed"":10,""seq"":2}","{""phase"":""C"",""startLLA"":{""lat"":37.56901,""lon"":126.973604,""alt"":15},""endLLA"":{""lat"":37.570825,""lon"":126.987233,""alt"":100},""targetSpeed"":36,""seq"":3}","{""phase"":""E"",""startLLA"":{""lat"":37.570825,""lon"":126.987233,""alt"":100},""endLLA"":{""lat"":37.575658,""lon"":127.02353,""alt"":286.48},""targetSpeed"":51.4,""seq"":4}","{""phase"":""E"",""startLLA"":{""lat"":37.575658,""lon"":127.02353,""alt"":286.48},""endLLA"":{""lat"":37.57647,""lon"":127.027038,""alt"":305},""targetSpeed"":51.4,""seq"":5}","{""phase"":""F"",""startLLA"":{""lat"":37.57647,""lon"":127.027038,""alt"":305},""endLLA"":{""lat"":37.581542,""lon"":127.048947,""alt"":305},""targetSpeed"":51.4,""seq"":6}","{""phase"":""F"",""startLLA"":{""lat"":37.581542,""lon"":127.048947,""alt"":305},""endLLA"":{""lat"":37.561925,""lon"":127.038491,""alt"":305},""targetSpeed"":51.4,""seq"":7}","{""phase"":""F"",""startLLA"":{""lat"":37.561925,""lon"":127.038491,""alt"":305},""endLLA"":{""lat"":37.53537,""lon"":127.034503,""alt"":305},""targetSpeed"":51.4,""seq"":8}","{""phase"":""F"",""startLLA"":{""lat"":37.53537,""lon"":127.034503,""alt"":305},""endLLA"":{""lat"":37.526451,""lon"":127.064361,""alt"":305},""targetSpeed"":51.4,""seq"":9}","{""phase"":""F"",""startLLA"":{""lat"":37.526451,""lon"":127.064361,""alt"":305},""endLLA"":{""lat"":37.524282,""lon"":127.061408,""alt"":305},""targetSpeed"":51.4,""seq"":10}","{""phase"":""G"",""startLLA"":{""lat"":37.524282,""lon"":127.061408,""alt"":305},""endLLA"":{""lat"":37.502493,""lon"":127.031746,""alt"":100},""targetSpeed"":36,""seq"":11}","{""phase"":""I"",""startLLA"":{""lat"":37.502493,""lon"":127.031746,""alt"":100},""endLLA"":{""lat"":37.496291,""lon"":127.023303,""alt"":15},""targetSpeed"":30,""seq"":12}","{""phase"":""J"",""startLLA"":{""lat"":37.496291,""lon"":127.023303,""alt"":15},""endLLA"":{""lat"":37.496291,""lon"":127.023303,""alt"":0},""targetSpeed"":10,""seq"":13}","{""phase"":""K"",""startLLA"":{""lat"":37.496291,""lon"":127.023303,""alt"":0},""endLLA"":{""lat"":37.496291,""lon"":127.023303,""alt"":0},""targetSpeed"":3,""seq"":14}",,,,,,,
bfaef6930eb2,2026-07-11,FPL1205003,UAM0002,a2,2,1,0.5,광화문,광화문,목동,목동,10,G8,F2,G2,F2,10:00:30,10:07:16,10:14:34,10:21:02,10:31:02,406.86,437.46,388.28,1232.6,70,167.59,ready,광화문 > 홍대입구 > 성산대교 중간지점 > 목동,10.956,11,"{""phase"":""A"",""startLLA"":{""lat"":37.56901,""lon"":126.973604,""alt"":0},""endLLA"":{""lat"":37.56901,""lon"":126.973604,""alt"":0},""targetSpeed"":3,""seq"":1}","{""phase"":""B"",""startLLA"":{""lat"":37.56901,""lon"":126.973604,""alt"":0},""endLLA"":{""lat"":37.56901,""lon"":126.973604,""alt"":15},""targetSpeed"":10,""seq"":2}","{""phase"":""C"",""startLLA"":{""lat"":37.56901,""lon"":126.973604,""alt"":15},""endLLA"":{""lat"":37.565887,""lon"":126.960855,""alt"":100},""targetSpeed"":36,""seq"":3}","{""phase"":""E"",""startLLA"":{""lat"":37.565887,""lon"":126.960855,""alt"":100},""endLLA"":{""lat"":37.556786,""lon"":126.923706,""alt"":304.04},""targetSpeed"":51.4,""seq"":4}","{""phase"":""E"",""startLLA"":{""lat"":37.556786,""lon"":126.923706,""alt"":304.04},""endLLA"":{""lat"":37.556762,""lon"":126.923526,""alt"":305},""targetSpeed"":51.4,""seq"":5}","{""phase"":""F"",""startLLA"":{""lat"":37.556762,""lon"":126.923526,""alt"":305},""endLLA"":{""lat"":37.554347,""lon"":126.90502,""alt"":305},""targetSpeed"":51.4,""seq"":6}","{""phase"":""G"",""startLLA"":{""lat"":37.554347,""lon"":126.90502,""alt"":305},""endLLA"":{""lat"":37.552574,""lon"":126.891431,""alt"":232.72},""targetSpeed"":36,""seq"":7}","{""phase"":""G"",""startLLA"":{""lat"":37.552574,""lon"":126.891431,""alt"":232.72},""endLLA"":{""lat"":37.534354,""lon"":126.880881,""alt"":100},""targetSpeed"":36,""seq"":8}","{""phase"":""I"",""startLLA"":{""lat"":37.534354,""lon"":126.880881,""alt"":100},""endLLA"":{""lat"":37.526343,""lon"":126.876243,""alt"":15},""targetSpeed"":30,""seq"":9}","{""phase"":""J"",""startLLA"":{""lat"":37.526343,""lon"":126.876243,""alt"":15},""endLLA"":{""lat"":37.526343,""lon"":126.876243,""alt"":0},""targetSpeed"":10,""seq"":10}","{""phase"":""K"",""startLLA"":{""lat"":37.526343,""lon"":126.876243,""alt"":0},""endLLA"":{""lat"":37.526343,""lon"":126.876243,""alt"":0},""targetSpeed"":3,""seq"":11}",,,,,,,,,,
bfaef6930eb2,2026-07-11,FPL1207002,UAM0038,a2,2,1,0.5,광화문,광화문,봉천,봉천,10,G2,F1,G8,F2,10:00:00,10:12:05,10:18:32,10:24:31,10:34:31,725.43,387.4,358.28,1471.11,328.57,0,ready,광화문 > 홍대입구 > 성산대교 중간지점 > 선유도 17고지 > 영등포 > 봉천,16.9974,13,"{""phase"":""A"",""startLLA"":{""lat"":37.56901,""lon"":126.973604,""alt"":0},""endLLA"":{""lat"":37.56901,""lon"":126.973604,""alt"":0},""targetSpeed"":3,""seq"":1}","{""phase"":""B"",""startLLA"":{""lat"":37.56901,""lon"":126.973604,""alt"":0},""endLLA"":{""lat"":37.56901,""lon"":126.973604,""alt"":15},""targetSpeed"":10,""seq"":2}","{""phase"":""C"",""startLLA"":{""lat"":37.56901,""lon"":126.973604,""alt"":15},""endLLA"":{""lat"":37.565861,""lon"":126.960749,""alt"":100},""targetSpeed"":36,""seq"":3}","{""phase"":""E"",""startLLA"":{""lat"":37.565861,""lon"":126.960749,""alt"":100},""endLLA"":{""lat"":37.556786,""lon"":126.923706,""alt"":301.79},""targetSpeed"":51.4,""seq"":4}","{""phase"":""E"",""startLLA"":{""lat"":37.556786,""lon"":126.923706,""alt"":301.79},""endLLA"":{""lat"":37.556707,""lon"":126.923097,""alt"":305},""targetSpeed"":51.4,""seq"":5}","{""phase"":""F"",""startLLA"":{""lat"":37.556707,""lon"":126.923097,""alt"":305},""endLLA"":{""lat"":37.552574,""lon"":126.891431,""alt"":305},""targetSpeed"":51.4,""seq"":6}","{""phase"":""F"",""startLLA"":{""lat"":37.552574,""lon"":126.891431,""alt"":305},""endLLA"":{""lat"":37.542307,""lon"":126.90249,""alt"":305},""targetSpeed"":51.4,""seq"":7}","{""phase"":""F"",""startLLA"":{""lat"":37.542307,""lon"":126.90249,""alt"":305},""endLLA"":{""lat"":37.515965,""lon"":126.907756,""alt"":305},""targetSpeed"":51.4,""seq"":8}","{""phase"":""F"",""startLLA"":{""lat"":37.515965,""lon"":126.907756,""alt"":305},""endLLA"":{""lat"":37.51376,""lon"":126.910051,""alt"":305},""targetSpeed"":51.4,""seq"":9}","{""phase"":""G"",""startLLA"":{""lat"":37.51376,""lon"":126.910051,""alt"":305},""endLLA"":{""lat"":37.489685,""lon"":126.935112,""alt"":100},""targetSpeed"":36,""seq"":10}","{""phase"":""I"",""startLLA"":{""lat"":37.489685,""lon"":126.935112,""alt"":100},""endLLA"":{""lat"":37.482832,""lon"":126.942245,""alt"":15},""targetSpeed"":30,""seq"":11}","{""phase"":""J"",""startLLA"":{""lat"":37.482832,""lon"":126.942245,""alt"":15},""endLLA"":{""lat"":37.482832,""lon"":126.942245,""alt"":0},""targetSpeed"":10,""seq"":12}","{""phase"":""K"",""startLLA"":{""lat"":37.482832,""lon"":126.942245,""alt"":0},""endLLA"":{""lat"":37.482832,""lon"":126.942245,""alt"":0},""targetSpeed"":3,""seq"":13}",,,,,,,,
bfaef6930eb2,2026-07-11,FPL1217002,UAM0027,a2,2,1,0.5,광화문,광화문,수서,수서,10,G1,F1,G7,F1,10:25:57,10:32:03,10:39:55,10:46:23,10:56:23,366.86,471.62,388.28,1226.76,0,0,ready,광화문 > 신설동역 > 청량리 > 왕십리역 > 성수대교 남단 > 청담대교 중간지점 > 잠실대교 중간지점 > 수서,21.5406,15,"{""phase"":""A"",""startLLA"":{""lat"":37.56901,""lon"":126.973604,""alt"":0},""endLLA"":{""lat"":37.56901,""lon"":126.973604,""alt"":0},""targetSpeed"":3,""seq"":1}","{""phase"":""B"",""startLLA"":{""lat"":37.56901,""lon"":126.973604,""alt"":0},""endLLA"":{""lat"":37.56901,""lon"":126.973604,""alt"":15},""targetSpeed"":10,""seq"":2}","{""phase"":""C"",""startLLA"":{""lat"":37.56901,""lon"":126.973604,""alt"":15},""endLLA"":{""lat"":37.570823,""lon"":126.98722,""alt"":100},""targetSpeed"":36,""seq"":3}","{""phase"":""E"",""startLLA"":{""lat"":37.570823,""lon"":126.98722,""alt"":100},""endLLA"":{""lat"":37.575658,""lon"":127.02353,""alt"":286.73},""targetSpeed"":51.4,""seq"":4}","{""phase"":""E"",""startLLA"":{""lat"":37.575658,""lon"":127.02353,""alt"":286.73},""endLLA"":{""lat"":37.576459,""lon"":127.026988,""alt"":305},""targetSpeed"":51.4,""seq"":5}","{""phase"":""F"",""startLLA"":{""lat"":37.576459,""lon"":127.026988,""alt"":305},""endLLA"":{""lat"":37.581542,""lon"":127.048947,""alt"":305},""targetSpeed"":51.4,""seq"":6}","{""phase"":""F"",""startLLA"":{""lat"":37.581542,""lon"":127.048947,""alt"":305},""endLLA"":{""lat"":37.561925,""lon"":127.038491,""alt"":305},""targetSpeed"":51.4,""seq"":7}","{""phase"":""F"",""startLLA"":{""lat"":37.561925,""lon"":127.038491,""alt"":305},""endLLA"":{""lat"":37.53537,""lon"":127.034503,""alt"":305},""targetSpeed"":51.4,""seq"":8}","{""phase"":""F"",""startLLA"":{""lat"":37.53537,""lon"":127.034503,""alt"":305},""endLLA"":{""lat"":37.526451,""lon"":127.064361,""alt"":305},""targetSpeed"":51.4,""seq"":9}","{""phase"":""F"",""startLLA"":{""lat"":37.526451,""lon"":127.064361,""alt"":305},""endLLA"":{""lat"":37.524649,""lon"":127.087085,""alt"":305},""targetSpeed"":51.4,""seq"":10}","{""phase"":""G"",""startLLA"":{""lat"":37.524649,""lon"":127.087085,""alt"":305},""endLLA"":{""lat"":37.524288,""lon"":127.091639,""alt"":281.77},""targetSpeed"":36,""seq"":11}","{""phase"":""G"",""startLLA"":{""lat"":37.524288,""lon"":127.091639,""alt"":281.77},""endLLA"":{""lat"":37.496395,""lon"":127.098425,""alt"":100},""targetSpeed"":36,""seq"":12}","{""phase"":""I"",""startLLA"":{""lat"":37.496395,""lon"":127.098425,""alt"":100},""endLLA"":{""lat"":37.487441,""lon"":127.100603,""alt"":15},""targetSpeed"":30,""seq"":13}","{""phase"":""J"",""startLLA"":{""lat"":37.487441,""lon"":127.100603,""alt"":15},""endLLA"":{""lat"":37.487441,""lon"":127.100603,""alt"":0},""targetSpeed"":10,""seq"":14}","{""phase"":""K"",""startLLA"":{""lat"":37.487441,""lon"":127.100603,""alt"":0},""endLLA"":{""lat"":37.487441,""lon"":127.100603,""alt"":0},""targetSpeed"":3,""seq"":15}",,,,,,
bfaef6930eb2,2026-07-11,FPL1213003,UAM0003,a2,2,1,0.5,광화문,광화문,강남,강남,11,G8,F1,G2,F1,11:00:00,11:06:06,11:15:01,11:21:29,11:31:29,366.86,534.82,388.28,1289.96,0,95.43,ready,광화문 > 신설동역 > 청량리 > 왕십리역 > 성수대교 남단 > 청담대교 중간지점 > 강남,19.886,14,"{""phase"":""A"",""startLLA"":{""lat"":37.56901,""lon"":126.973604,""alt"":0},""endLLA"":{""lat"":37.56901,""lon"":126.973604,""alt"":0},""targetSpeed"":3,""seq"":1}","{""phase"":""B"",""startLLA"":{""lat"":37.56901,""lon"":126.973604,""alt"":0},""endLLA"":{""lat"":37.56901,""lon"":126.973604,""alt"":15},""targetSpeed"":10,""seq"":2}","{""phase"":""C"",""startLLA"":{""lat"":37.56901,""lon"":126.973604,""alt"":15},""endLLA"":{""lat"":37.570825,""lon"":126.987233,""alt"":100},""targetSpeed"":36,""seq"":3}","{""phase"":""E"",""startLLA"":{""lat"":37.570825,""lon"":126.987233,""alt"":100},""endLLA"":{""lat"":37.575658,""lon"":127.02353,""alt"":286.48},""targetSpeed"":51.4,""seq"":4}","{""phase"":""E"",""startLLA"":{""lat"":37.575658,""lon"":127.02353,""alt"":286.48},""endLLA"":{""lat"":37.57647,""lon"":127.027038,""alt"":305},""targetSpeed"":51.4,""seq"":5}","{""phase"":""F"",""startLLA"":{""lat"":37.57647,""lon"":127.027038,""alt"":305},""endLLA"":{""lat"":37.581542,""lon"":127.048947,""alt"":305},""targetSpeed"":51.4,""seq"":6}","{""phase"":""F"",""startLLA"":{""lat"":37.581542,""lon"":127.048947,""alt"":305},""endLLA"":{""lat"":37.561925,""lon"":127.038491,""alt"":305},""targetSpeed"":51.4,""seq"":7}","{""phase"":""F"",""startLLA"":{""lat"":37.561925,""lon"":127.038491,""alt"":305},""endLLA"":{""lat"":37.53537,""lon"":127.034503,""alt"":305},""targetSpeed"":51.4,""seq"":8}","{""phase"":""F"",""startLLA"":{""lat"":37.53537,""lon"":127.034503,""alt"":305},""endLLA"":{""lat"":37.526451,""lon"":127.064361,""alt"":305},""targetSpeed"":51.4,""seq"":9}","{""phase"":""F"",""startLLA"":{""lat"":37.526451,""lon"":127.064361,""alt"":305},""endLLA"":{""lat"":37.524282,""lon"":127.061408,""alt"":305},""targetSpeed"":51.4,""seq"":10}","{""phase"":""G"",""startLLA"":{""lat"":37.524282,""lon"":127.061408,""alt"":305},""endLLA"":{""lat"":37.502493,""lon"":127.031746,""alt"":100},""targetSpeed"":36,""seq"":11}","{""phase"":""I"",""startLLA"":{""lat"":37.502493,""lon"":127.031746,""alt"":100},""endLLA"":{""lat"":37.496291,""lon"":127.023303,""alt"":15},""targetSpeed"":30,""seq"":12}","{""phase"":""J"",""startLLA"":{""lat"":37.496291,""lon"":127.023303,""alt"":15},""endLLA"":{""lat"":37.496291,""lon"":127.023303,""alt"":0},""targetSpeed"":10,""seq"":13}","{""phase"":""K"",""startLLA"":{""lat"":37.496291,""lon"":127.023303,""alt"":0},""endLLA"":{""lat"":37.496291,""lon"":127.023303,""alt"":0},""targetSpeed"":3,""seq"":14}",,,,,,,
bfaef6930eb2,2026-07-11,FPL1211001,UAM0011,a2,2,1,0.5,광화문,광화문,천호,천호,11,G7,F2,G1,F1,11:00:00,11:06:46,11:13:29,11:19:27,11:29:27,406.86,402.51,358.28,1167.65,10,0,ready,광화문 > 신설동역 > 청량리 > 중랑철교 > 상봉 > 아차산 고가차도 > 천호,17.9893,14,"{""phase"":""A"",""startLLA"":{""lat"":37.56901,""lon"":126.973604,""alt"":0},""endLLA"":{""lat"":37.56901,""lon"":126.973604,""alt"":0},""targetSpeed"":3,""seq"":1}","{""phase"":""B"",""startLLA"":{""lat"":37.56901,""lon"":126.973604,""alt"":0},""endLLA"":{""lat"":37.56901,""lon"":126.973604,""alt"":15},""targetSpeed"":10,""seq"":2}","{""phase"":""C"",""startLLA"":{""lat"":37.56901,""lon"":126.973604,""alt"":15},""endLLA"":{""lat"":37.570827,""lon"":126.987248,""alt"":100},""targetSpeed"":36,""seq"":3}","{""phase"":""E"",""startLLA"":{""lat"":37.570827,""lon"":126.987248,""alt"":100},""endLLA"":{""lat"":37.575658,""lon"":127.02353,""alt"":286.2},""targetSpeed"":51.4,""seq"":4}","{""phase"":""E"",""startLLA"":{""lat"":37.575658,""lon"":127.02353,""alt"":286.2},""endLLA"":{""lat"":37.576483,""lon"":127.027095,""alt"":305},""targetSpeed"":51.4,""seq"":5}","{""phase"":""F"",""startLLA"":{""lat"":37.576483,""lon"":127.027095,""alt"":305},""endLLA"":{""lat"":37.581542,""lon"":127.048947,""alt"":305},""targetSpeed"":51.4,""seq"":6}","{""phase"":""F"",""startLLA"":{""lat"":37.581542,""lon"":127.048947,""alt"":305},""endLLA"":{""lat"":37.593586,""lon"":127.069978,""alt"":305},""targetSpeed"":51.4,""seq"":7}","{""phase"":""F"",""startLLA"":{""lat"":37.593586,""lon"":127.069978,""alt"":305},""endLLA"":{""lat"":37.596919,""lon"":127.084854,""alt"":305},""targetSpeed"":51.4,""seq"":8}","{""phase"":""F"",""startLLA"":{""lat"":37.596919,""lon"":127.084854,""alt"":305},""endLLA"":{""lat"":37.570823,""lon"":127.091481,""alt"":305},""targetSpeed"":51.4,""seq"":9}","{""phase"":""G"",""startLLA"":{""lat"":37.570823,""lon"":127.091481,""alt"":305},""endLLA"":{""lat"":37.547423,""lon"":127.097424,""alt"":152.58},""targetSpeed"":36,""seq"":10}","{""phase"":""G"",""startLLA"":{""lat"":37.547423,""lon"":127.097424,""alt"":152.58},""endLLA"":{""lat"":37.546622,""lon"":127.107759,""alt"":100},""targetSpeed"":36,""seq"":11}","{""phase"":""I"",""startLLA"":{""lat"":37.546622,""lon"":127.107759,""alt"":100},""endLLA"":{""lat"":37.545733,""lon"":127.11923,""alt"":15},""targetSpeed"":30,""seq"":12}","{""phase"":""J"",""startLLA"":{""lat"":37.545733,""lon"":127.11923,""alt"":15},""endLLA"":{""lat"":37.545733,""lon"":127.11923,""alt"":0},""targetSpeed"":10,""seq"":13}","{""phase"":""K"",""startLLA"":{""lat"":37.545733,""lon"":127.11923,""alt"":0},""endLLA"":{""lat"":37.545733,""lon"":127.11923,""alt"":0},""targetSpeed"":3,""seq"":14}",,,,,,,
bfaef6930eb2,2026-07-11,FPL1216002,UAM0012,a2,2,1,0.5,광화문,광화문,망우,망우,12,G8,F1,G1,F2,12:00:00,12:06:06,12:10:21,12:16:19,12:26:19,366.86,254.52,358.28,979.66,0,0,ready,광화문 > 신설동역 > 청량리 > 망우,10.3914,11,"{""phase"":""A"",""startLLA"":{""lat"":37.56901,""lon"":126.973604,""alt"":0},""endLLA"":{""lat"":37.56901,""lon"":126.973604,""alt"":0},""targetSpeed"":3,""seq"":1}","{""phase"":""B"",""startLLA"":{""lat"":37.56901,""lon"":126.973604,""alt"":0},""endLLA"":{""lat"":37.56901,""lon"":126.973604,""alt"":15},""targetSpeed"":10,""seq"":2}","{""phase"":""C"",""startLLA"":{""lat"":37.56901,""lon"":126.973604,""alt"":15},""endLLA"":{""lat"":37.570845,""lon"":126.987382,""alt"":100},""targetSpeed"":36,""seq"":3}","{""phase"":""E"",""startLLA"":{""lat"":37.570845,""lon"":126.987382,""alt"":100},""endLLA"":{""lat"":37.575658,""lon"":127.02353,""alt"":283.71},""targetSpeed"":51.4,""seq"":4}","{""phase"":""E"",""startLLA"":{""lat"":37.575658,""lon"":127.02353,""alt"":283.71},""endLLA"":{""lat"":37.576602,""lon"":127.027607,""alt"":305},""targetSpeed"":51.4,""seq"":5}","{""phase"":""F"",""startLLA"":{""lat"":37.576602,""lon"":127.027607,""alt"":305},""endLLA"":{""lat"":37.578933,""lon"":127.037679,""alt"":305},""targetSpeed"":51.4,""seq"":6}","{""phase"":""G"",""startLLA"":{""lat"":37.578933,""lon"":127.037679,""alt"":305},""endLLA"":{""lat"":37.581542,""lon"":127.048947,""alt"":246.17},""targetSpeed"":36,""seq"":7}","{""phase"":""G"",""startLLA"":{""lat"":37.581542,""lon"":127.048947,""alt"":246.17},""endLLA"":{""lat"":37.592532,""lon"":127.074609,""alt"":100},""targetSpeed"":36,""seq"":8}","{""phase"":""I"",""startLLA"":{""lat"":37.592532,""lon"":127.074609,""alt"":100},""endLLA"":{""lat"":37.596919,""lon"":127.084854,""alt"":15},""targetSpeed"":30,""seq"":9}","{""phase"":""J"",""startLLA"":{""lat"":37.596919,""lon"":127.084854,""alt"":15},""endLLA"":{""lat"":37.596919,""lon"":127.084854,""alt"":0},""targetSpeed"":10,""seq"":10}","{""phase"":""K"",""startLLA"":{""lat"":37.596919,""lon"":127.084854,""alt"":0},""endLLA"":{""lat"":37.596919,""lon"":127.084854,""alt"":0},""targetSpeed"":3,""seq"":11}",,,,,,,,,,
bfaef6930eb2,2026-07-11,FPL1209001,UAM0020,a2,2,1,0.5,광화문,광화문,성수,성수,12,G1,F2,G1,F1,12:00:00,12:06:46,12:11:27,12:17:25,12:27:25,406.86,280.69,358.28,1045.83,40,0,ready,광화문 > 신설동역 > 청량리 > 왕십리역 > 성수,11.7365,12,"{""phase"":""A"",""startLLA"":{""lat"":37.56901,""lon"":126.973604,""alt"":0},""endLLA"":{""lat"":37.56901,""lon"":126.973604,""alt"":0},""targetSpeed"":3,""seq"":1}","{""phase"":""B"",""startLLA"":{""lat"":37.56901,""lon"":126.973604,""alt"":0},""endLLA"":{""lat"":37.56901,""lon"":126.973604,""alt"":15},""targetSpeed"":10,""seq"":2}","{""phase"":""C"",""startLLA"":{""lat"":37.56901,""lon"":126.973604,""alt"":15},""endLLA"":{""lat"":37.57084,""lon"":126.987347,""alt"":100},""targetSpeed"":36,""seq"":3}","{""phase"":""E"",""startLLA"":{""lat"":37.57084,""lon"":126.987347,""alt"":100},""endLLA"":{""lat"":37.575658,""lon"":127.02353,""alt"":284.35},""targetSpeed"":51.4,""seq"":4}","{""phase"":""E"",""startLLA"":{""lat"":37.575658,""lon"":127.02353,""alt"":284.35},""endLLA"":{""lat"":37.576571,""lon"":127.027474,""alt"":305},""targetSpeed"":51.4,""seq"":5}","{""phase"":""F"",""startLLA"":{""lat"":37.576571,""lon"":127.027474,""alt"":305},""endLLA"":{""lat"":37.581542,""lon"":127.048947,""alt"":305},""targetSpeed"":51.4,""seq"":6}","{""phase"":""F"",""startLLA"":{""lat"":37.581542,""lon"":127.048947,""alt"":305},""endLLA"":{""lat"":37.578873,""lon"":127.047524,""alt"":305},""targetSpeed"":51.4,""seq"":7}","{""phase"":""G"",""startLLA"":{""lat"":37.578873,""lon"":127.047524,""alt"":305},""endLLA"":{""lat"":37.561925,""lon"":127.038491,""alt"":188.36},""targetSpeed"":36,""seq"":8}","{""phase"":""G"",""startLLA"":{""lat"":37.561925,""lon"":127.038491,""alt"":188.36},""endLLA"":{""lat"":37.548068,""lon"":127.040385,""alt"":100},""targetSpeed"":36,""seq"":9}","{""phase"":""I"",""startLLA"":{""lat"":37.548068,""lon"":127.040385,""alt"":100},""endLLA"":{""lat"":37.538917,""lon"":127.041635,""alt"":15},""targetSpeed"":30,""seq"":10}","{""phase"":""J"",""startLLA"":{""lat"":37.538917,""lon"":127.041635,""alt"":15},""endLLA"":{""lat"":37.538917,""lon"":127.041635,""alt"":0},""targetSpeed"":10,""seq"":11}","{""phase"":""K"",""startLLA"":{""lat"":37.538917,""lon"":127.041635,""alt"":0},""endLLA"":{""lat"":37.538917,""lon"":127.041635,""alt"":0},""targetSpeed"":3,""seq"":12}",,,,,,,,,
bfaef6930eb2,2026-07-11,FPL1210001,UAM0050,a2,2,1,0.5,광화문,광화문,연신내,연신내,12,G2,F1,G1,F1,12:00:00,12:11:35,12:14:46,12:20:44,12:30:44,695.43,190.9,358.28,1244.61,298.57,0,ready,광화문 > 금화터널 > 연신내,7.3957,9,"{""phase"":""A"",""startLLA"":{""lat"":37.56901,""lon"":126.973604,""alt"":0},""endLLA"":{""lat"":37.56901,""lon"":126.973604,""alt"":0},""targetSpeed"":3,""seq"":1}","{""phase"":""B"",""startLLA"":{""lat"":37.56901,""lon"":126.973604,""alt"":0},""endLLA"":{""lat"":37.56901,""lon"":126.973604,""alt"":15},""targetSpeed"":10,""seq"":2}","{""phase"":""C"",""startLLA"":{""lat"":37.56901,""lon"":126.973604,""alt"":15},""endLLA"":{""lat"":37.569525,""lon"":126.963055,""alt"":100},""targetSpeed"":36,""seq"":3}","{""phase"":""E"",""startLLA"":{""lat"":37.569525,""lon"":126.963055,""alt"":100},""endLLA"":{""lat"":37.570076,""lon"":126.951769,""alt"":174.91},""targetSpeed"":48.296,""seq"":4}","{""phase"":""E"",""startLLA"":{""lat"":37.570076,""lon"":126.951769,""alt"":174.91},""endLLA"":{""lat"":37.583655,""lon"":126.942173,""alt"":305},""targetSpeed"":48.296,""seq"":5}","{""phase"":""G"",""startLLA"":{""lat"":37.583655,""lon"":126.942173,""alt"":305},""endLLA"":{""lat"":37.605054,""lon"":126.927051,""alt"":100},""targetSpeed"":36,""seq"":6}","{""phase"":""I"",""startLLA"":{""lat"":37.605054,""lon"":126.927051,""alt"":100},""endLLA"":{""lat"":37.611145,""lon"":126.922747,""alt"":15},""targetSpeed"":30,""seq"":7}","{""phase"":""J"",""startLLA"":{""lat"":37.611145,""lon"":126.922747,""alt"":15},""endLLA"":{""lat"":37.611145,""lon"":126.922747,""alt"":0},""targetSpeed"":10,""seq"":8}","{""phase"":""K"",""startLLA"":{""lat"":37.611145,""lon"":126.922747,""alt"":0},""endLLA"":{""lat"":37.611145,""lon"":126.922747,""alt"":0},""targetSpeed"":3,""seq"":9}",,,,,,,,,,,,
bfaef6930eb2,2026-07-11,FPL1204002,UAM0068,a2,2,1,0.5,광화문,광화문,용산,용산,12,G7,F2,G1,F1,12:02:47,12:12:15,12:17:52,12:23:50,12:33:50,568.43,336.76,358.28,1263.47,171.57,0,ready,광화문 > 홍대입구 > 성산대교 중간지점 > 선유도 17고지 > 서강대교 중간지점 > 용산,14.3946,13,"{""phase"":""A"",""startLLA"":{""lat"":37.56901,""lon"":126.973604,""alt"":0},""endLLA"":{""lat"":37.56901,""lon"":126.973604,""alt"":0},""targetSpeed"":3,""seq"":1}","{""phase"":""B"",""startLLA"":{""lat"":37.56901,""lon"":126.973604,""alt"":0},""endLLA"":{""lat"":37.56901,""lon"":126.973604,""alt"":15},""targetSpeed"":10,""seq"":2}","{""phase"":""C"",""startLLA"":{""lat"":37.56901,""lon"":126.973604,""alt"":15},""endLLA"":{""lat"":37.565869,""lon"":126.960784,""alt"":100},""targetSpeed"":36,""seq"":3}","{""phase"":""E"",""startLLA"":{""lat"":37.565869,""lon"":126.960784,""alt"":100},""endLLA"":{""lat"":37.556786,""lon"":126.923706,""alt"":302.53},""targetSpeed"":51.4,""seq"":4}","{""phase"":""E"",""startLLA"":{""lat"":37.556786,""lon"":126.923706,""alt"":302.53},""endLLA"":{""lat"":37.556725,""lon"":126.923238,""alt"":305},""targetSpeed"":51.4,""seq"":5}","{""phase"":""F"",""startLLA"":{""lat"":37.556725,""lon"":126.923238,""alt"":305},""endLLA"":{""lat"":37.552574,""lon"":126.891431,""alt"":305},""targetSpeed"":51.4,""seq"":6}","{""phase"":""F"",""startLLA"":{""lat"":37.552574,""lon"":126.891431,""alt"":305},""endLLA"":{""lat"":37.542307,""lon"":126.90249,""alt"":305},""targetSpeed"":51.4,""seq"":7}","{""phase"":""F"",""startLLA"":{""lat"":37.542307,""lon"":126.90249,""alt"":305},""endLLA"":{""lat"":37.540503,""lon"":126.91004,""alt"":305},""targetSpeed"":51.4,""seq"":8}","{""phase"":""G"",""startLLA"":{""lat"":37.540503,""lon"":126.91004,""alt"":305},""endLLA"":{""lat"":37.536949,""lon"":126.924908,""alt"":223.94},""targetSpeed"":36,""seq"":9}","{""phase"":""G"",""startLLA"":{""lat"":37.536949,""lon"":126.924908,""alt"":223.94},""endLLA"":{""lat"":37.53161,""lon"":126.947673,""alt"":100},""targetSpeed"":36,""seq"":10}","{""phase"":""I"",""startLLA"":{""lat"":37.53161,""lon"":126.947673,""alt"":100},""endLLA"":{""lat"":37.529096,""lon"":126.958391,""alt"":15},""targetSpeed"":30,""seq"":11}","{""phase"":""J"",""startLLA"":{""lat"":37.529096,""lon"":126.958391,""alt"":15},""endLLA"":{""lat"":37.529096,""lon"":126.958391,""alt"":0},""targetSpeed"":10,""seq"":12}","{""phase"":""K"",""startLLA"":{""lat"":37.529096,""lon"":126.958391,""alt"":0},""endLLA"":{""lat"":37.529096,""lon"":126.958391,""alt"":0},""targetSpeed"":3,""seq"":13}",,,,,,,,
bfaef6930eb2,2026-07-11,FPL1211002,UAM0009,a2,2,1,0.5,광화문,광화문,천호,천호,12,G1,F1,G8,F1,12:28:43,12:34:49,12:41:32,12:47:30,12:57:30,366.86,402.51,358.28,1127.65,0,0,ready,광화문 > 신설동역 > 청량리 > 중랑철교 > 상봉 > 아차산 고가차도 > 천호,17.9893,14,"{""phase"":""A"",""startLLA"":{""lat"":37.56901,""lon"":126.973604,""alt"":0},""endLLA"":{""lat"":37.56901,""lon"":126.973604,""alt"":0},""targetSpeed"":3,""seq"":1}","{""phase"":""B"",""startLLA"":{""lat"":37.56901,""lon"":126.973604,""alt"":0},""endLLA"":{""lat"":37.56901,""lon"":126.973604,""alt"":15},""targetSpeed"":10,""seq"":2}","{""phase"":""C"",""startLLA"":{""lat"":37.56901,""lon"":126.973604,""alt"":15},""endLLA"":{""lat"":37.570827,""lon"":126.987248,""alt"":100},""targetSpeed"":36,""seq"":3}","{""phase"":""E"",""startLLA"":{""lat"":37.570827,""lon"":126.987248,""alt"":100},""endLLA"":{""lat"":37.575658,""lon"":127.02353,""alt"":286.2},""targetSpeed"":51.4,""seq"":4}","{""phase"":""E"",""startLLA"":{""lat"":37.575658,""lon"":127.02353,""alt"":286.2},""endLLA"":{""lat"":37.576483,""lon"":127.027095,""alt"":305},""targetSpeed"":51.4,""seq"":5}","{""phase"":""F"",""startLLA"":{""lat"":37.576483,""lon"":127.027095,""alt"":305},""endLLA"":{""lat"":37.581542,""lon"":127.048947,""alt"":305},""targetSpeed"":51.4,""seq"":6}","{""phase"":""F"",""startLLA"":{""lat"":37.581542,""lon"":127.048947,""alt"":305},""endLLA"":{""lat"":37.593586,""lon"":127.069978,""alt"":305},""targetSpeed"":51.4,""seq"":7}","{""phase"":""F"",""startLLA"":{""lat"":37.593586,""lon"":127.069978,""alt"":305},""endLLA"":{""lat"":37.596919,""lon"":127.084854,""alt"":305},""targetSpeed"":51.4,""seq"":8}","{""phase"":""F"",""startLLA"":{""lat"":37.596919,""lon"":127.084854,""alt"":305},""endLLA"":{""lat"":37.570823,""lon"":127.091481,""alt"":305},""targetSpeed"":51.4,""seq"":9}","{""phase"":""G"",""startLLA"":{""lat"":37.570823,""lon"":127.091481,""alt"":305},""endLLA"":{""lat"":37.547423,""lon"":127.097424,""alt"":152.58},""targetSpeed"":36,""seq"":10}","{""phase"":""G"",""startLLA"":{""lat"":37.547423,""lon"":127.097424,""alt"":152.58},""endLLA"":{""lat"":37.546622,""lon"":127.107759,""alt"":100},""targetSpeed"":36,""seq"":11}","{""phase"":""I"",""startLLA"":{""lat"":37.546622,""lon"":127.107759,""alt"":100},""endLLA"":{""lat"":37.545733,""lon"":127.11923,""alt"":15},""targetSpeed"":30,""seq"":12}","{""phase"":""J"",""startLLA"":{""lat"":37.545733,""lon"":127.11923,""alt"":15},""endLLA"":{""lat"":37.545733,""lon"":127.11923,""alt"":0},""targetSpeed"":10,""seq"":13}","{""phase"":""K"",""startLLA"":{""lat"":37.545733,""lon"":127.11923,""alt"":0},""endLLA"":{""lat"":37.545733,""lon"":127.11923,""alt"":0},""targetSpeed"":3,""seq"":14}",,,,,,,
bfaef6930eb2,2026-07-11,FPL1205004,UAM0001,a2,2,2,1,광화문,광화문,목동,목동,13,G1,F1,G5,F1,13:00:00,13:06:06,13:23:41,13:31:37,13:41:37,366.86,1054.29,476.57,1897.71,0,812.71,ready,광화문 > 홍대입구 > 성산대교 중간지점 > 목동,10.956,11,"{""phase"":""A"",""startLLA"":{""lat"":37.56901,""lon"":126.973604,""alt"":0},""endLLA"":{""lat"":37.56901,""lon"":126.973604,""alt"":0},""targetSpeed"":3,""seq"":1}","{""phase"":""B"",""startLLA"":{""lat"":37.56901,""lon"":126.973604,""alt"":0},""endLLA"":{""lat"":37.56901,""lon"":126.973604,""alt"":15},""targetSpeed"":10,""seq"":2}","{""phase"":""C"",""startLLA"":{""lat"":37.56901,""lon"":126.973604,""alt"":15},""endLLA"":{""lat"":37.565887,""lon"":126.960855,""alt"":100},""targetSpeed"":36,""seq"":3}","{""phase"":""E"",""startLLA"":{""lat"":37.565887,""lon"":126.960855,""alt"":100},""endLLA"":{""lat"":37.556786,""lon"":126.923706,""alt"":304.04},""targetSpeed"":51.4,""seq"":4}","{""phase"":""E"",""startLLA"":{""lat"":37.556786,""lon"":126.923706,""alt"":304.04},""endLLA"":{""lat"":37.556762,""lon"":126.923526,""alt"":305},""targetSpeed"":51.4,""seq"":5}","{""phase"":""F"",""startLLA"":{""lat"":37.556762,""lon"":126.923526,""alt"":305},""endLLA"":{""lat"":37.554347,""lon"":126.90502,""alt"":305},""targetSpeed"":51.4,""seq"":6}","{""phase"":""G"",""startLLA"":{""lat"":37.554347,""lon"":126.90502,""alt"":305},""endLLA"":{""lat"":37.552574,""lon"":126.891431,""alt"":232.72},""targetSpeed"":36,""seq"":7}","{""phase"":""G"",""startLLA"":{""lat"":37.552574,""lon"":126.891431,""alt"":232.72},""endLLA"":{""lat"":37.534354,""lon"":126.880881,""alt"":100},""targetSpeed"":36,""seq"":8}","{""phase"":""I"",""startLLA"":{""lat"":37.534354,""lon"":126.880881,""alt"":100},""endLLA"":{""lat"":37.526343,""lon"":126.876243,""alt"":15},""targetSpeed"":30,""seq"":9}","{""phase"":""J"",""startLLA"":{""lat"":37.526343,""lon"":126.876243,""alt"":15},""endLLA"":{""lat"":37.526343,""lon"":126.876243,""alt"":0},""targetSpeed"":10,""seq"":10}","{""phase"":""K"",""startLLA"":{""lat"":37.526343,""lon"":126.876243,""alt"":0},""endLLA"":{""lat"":37.526343,""lon"":126.876243,""alt"":0},""targetSpeed"":3,""seq"":11}",,,,,,,,,,
bfaef6930eb2,2026-07-11,FPL1214001,UAM0006,a2,2,1,0.5,광화문,광화문,가산,가산,13,G8,F2,G7,F1,13:00:00,13:06:46,13:17:12,13:23:40,13:33:40,406.86,625.71,388.28,1420.85,40,254.82,ready,광화문 > 홍대입구 > 성산대교 중간지점 > 선유도 17고지 > 영등포 > 가산,16.1492,13,"{""phase"":""A"",""startLLA"":{""lat"":37.56901,""lon"":126.973604,""alt"":0},""endLLA"":{""lat"":37.56901,""lon"":126.973604,""alt"":0},""targetSpeed"":3,""seq"":1}","{""phase"":""B"",""startLLA"":{""lat"":37.56901,""lon"":126.973604,""alt"":0},""endLLA"":{""lat"":37.56901,""lon"":126.973604,""alt"":15},""targetSpeed"":10,""seq"":2}","{""phase"":""C"",""startLLA"":{""lat"":37.56901,""lon"":126.973604,""alt"":15},""endLLA"":{""lat"":37.565863,""lon"":126.96076,""alt"":100},""targetSpeed"":36,""seq"":3}","{""phase"":""E"",""startLLA"":{""lat"":37.565863,""lon"":126.96076,""alt"":100},""endLLA"":{""lat"":37.556786,""lon"":126.923706,""alt"":302},""targetSpeed"":51.4,""seq"":4}","{""phase"":""E"",""startLLA"":{""lat"":37.556786,""lon"":126.923706,""alt"":302},""endLLA"":{""lat"":37.556712,""lon"":126.923138,""alt"":305},""targetSpeed"":51.4,""seq"":5}","{""phase"":""F"",""startLLA"":{""lat"":37.556712,""lon"":126.923138,""alt"":305},""endLLA"":{""lat"":37.552574,""lon"":126.891431,""alt"":305},""targetSpeed"":51.4,""seq"":6}","{""phase"":""F"",""startLLA"":{""lat"":37.552574,""lon"":126.891431,""alt"":305},""endLLA"":{""lat"":37.542307,""lon"":126.90249,""alt"":305},""targetSpeed"":51.4,""seq"":7}","{""phase"":""F"",""startLLA"":{""lat"":37.542307,""lon"":126.90249,""alt"":305},""endLLA"":{""lat"":37.520637,""lon"":126.906822,""alt"":305},""targetSpeed"":51.4,""seq"":8}","{""phase"":""G"",""startLLA"":{""lat"":37.520637,""lon"":126.906822,""alt"":305},""endLLA"":{""lat"":37.515965,""lon"":126.907756,""alt"":273.92},""targetSpeed"":36,""seq"":9}","{""phase"":""G"",""startLLA"":{""lat"":37.515965,""lon"":126.907756,""alt"":273.92},""endLLA"":{""lat"":37.495842,""lon"":126.886081,""alt"":100},""targetSpeed"":36,""seq"":10}","{""phase"":""I"",""startLLA"":{""lat"":37.495842,""lon"":126.886081,""alt"":100},""endLLA"":{""lat"":37.489091,""lon"":126.878809,""alt"":15},""targetSpeed"":30,""seq"":11}","{""phase"":""J"",""startLLA"":{""lat"":37.489091,""lon"":126.878809,""alt"":15},""endLLA"":{""lat"":37.489091,""lon"":126.878809,""alt"":0},""targetSpeed"":10,""seq"":12}","{""phase"":""K"",""startLLA"":{""lat"":37.489091,""lon"":126.878809,""alt"":0},""endLLA"":{""lat"":37.489091,""lon"":126.878809,""alt"":0},""targetSpeed"":3,""seq"":13}",,,,,,,,
bfaef6930eb2,2026-07-11,FPL1213004,UAM0068,a2,2,1,0.5,광화문,광화문,강남,강남,13,G2,F1,G2,F1,13:02:03,13:11:35,13:18:54,13:25:23,13:35:23,572.43,439.39,388.28,1400.1,175.57,0,ready,광화문 > 신설동역 > 청량리 > 왕십리역 > 성수대교 남단 > 청담대교 중간지점 > 강남,19.886,14,"{""phase"":""A"",""startLLA"":{""lat"":37.56901,""lon"":126.973604,""alt"":0},""endLLA"":{""lat"":37.56901,""lon"":126.973604,""alt"":0},""targetSpeed"":3,""seq"":1}","{""phase"":""B"",""startLLA"":{""lat"":37.56901,""lon"":126.973604,""alt"":0},""endLLA"":{""lat"":37.56901,""lon"":126.973604,""alt"":15},""targetSpeed"":10,""seq"":2}","{""phase"":""C"",""startLLA"":{""lat"":37.56901,""lon"":126.973604,""alt"":15},""endLLA"":{""lat"":37.570825,""lon"":126.987233,""alt"":100},""targetSpeed"":36,""seq"":3}","{""phase"":""E"",""startLLA"":{""lat"":37.570825,""lon"":126.987233,""alt"":100},""endLLA"":{""lat"":37.575658,""lon"":127.02353,""alt"":286.48},""targetSpeed"":51.4,""seq"":4}","{""phase"":""E"",""startLLA"":{""lat"":37.575658,""lon"":127.02353,""alt"":286.48},""endLLA"":{""lat"":37.57647,""lon"":127.027038,""alt"":305},""targetSpeed"":51.4,""seq"":5}","{""phase"":""F"",""startLLA"":{""lat"":37.57647,""lon"":127.027038,""alt"":305},""endLLA"":{""lat"":37.581542,""lon"":127.048947,""alt"":305},""targetSpeed"":51.4,""seq"":6}","{""phase"":""F"",""startLLA"":{""lat"":37.581542,""lon"":127.048947,""alt"":305},""endLLA"":{""lat"":37.561925,""lon"":127.038491,""alt"":305},""targetSpeed"":51.4,""seq"":7}","{""phase"":""F"",""startLLA"":{""lat"":37.561925,""lon"":127.038491,""alt"":305},""endLLA"":{""lat"":37.53537,""lon"":127.034503,""alt"":305},""targetSpeed"":51.4,""seq"":8}","{""phase"":""F"",""startLLA"":{""lat"":37.53537,""lon"":127.034503,""alt"":305},""endLLA"":{""lat"":37.526451,""lon"":127.064361,""alt"":305},""targetSpeed"":51.4,""seq"":9}","{""phase"":""F"",""startLLA"":{""lat"":37.526451,""lon"":127.064361,""alt"":305},""endLLA"":{""lat"":37.524282,""lon"":127.061408,""alt"":305},""targetSpeed"":51.4,""seq"":10}","{""phase"":""G"",""startLLA"":{""lat"":37.524282,""lon"":127.061408,""alt"":305},""endLLA"":{""lat"":37.502493,""lon"":127.031746,""alt"":100},""targetSpeed"":36,""seq"":11}","{""phase"":""I"",""startLLA"":{""lat"":37.502493,""lon"":127.031746,""alt"":100},""endLLA"":{""lat"":37.496291,""lon"":127.023303,""alt"":15},""targetSpeed"":30,""seq"":12}","{""phase"":""J"",""startLLA"":{""lat"":37.496291,""lon"":127.023303,""alt"":15},""endLLA"":{""lat"":37.496291,""lon"":127.023303,""alt"":0},""targetSpeed"":10,""seq"":13}","{""phase"":""K"",""startLLA"":{""lat"":37.496291,""lon"":127.023303,""alt"":0},""endLLA"":{""lat"":37.496291,""lon"":127.023303,""alt"":0},""targetSpeed"":3,""seq"":14}",,,,,,,
bfaef6930eb2,2026-07-11,FPL1215002,UAM0018,a2,2,1,0.5,광화문,광화문,마곡,마곡,13,G1,F1,G7,F2,13:28:01,13:34:07,14:08:25,14:15:01,14:25:01,366.86,2057.57,396.57,2821,0,502.14,ready,광화문 > 홍대입구 > 성산대교 중간지점 > 가양대교 남단 > 마곡,17.1596,12,"{""phase"":""A"",""startLLA"":{""lat"":37.56901,""lon"":126.973604,""alt"":0},""endLLA"":{""lat"":37.56901,""lon"":126.973604,""alt"":0},""targetSpeed"":3,""seq"":1}","{""phase"":""B"",""startLLA"":{""lat"":37.56901,""lon"":126.973604,""alt"":0},""endLLA"":{""lat"":37.56901,""lon"":126.973604,""alt"":15},""targetSpeed"":10,""seq"":2}","{""phase"":""C"",""startLLA"":{""lat"":37.56901,""lon"":126.973604,""alt"":15},""endLLA"":{""lat"":37.565861,""lon"":126.96075,""alt"":100},""targetSpeed"":36,""seq"":3}","{""phase"":""E"",""startLLA"":{""lat"":37.565861,""lon"":126.96075,""alt"":100},""endLLA"":{""lat"":37.556786,""lon"":126.923706,""alt"":301.81},""targetSpeed"":51.4,""seq"":4}","{""phase"":""E"",""startLLA"":{""lat"":37.556786,""lon"":126.923706,""alt"":301.81},""endLLA"":{""lat"":37.556707,""lon"":126.923101,""alt"":305},""targetSpeed"":51.4,""seq"":5}","{""phase"":""F"",""startLLA"":{""lat"":37.556707,""lon"":126.923101,""alt"":305},""endLLA"":{""lat"":37.552574,""lon"":126.891431,""alt"":305},""targetSpeed"":51.4,""seq"":6}","{""phase"":""F"",""startLLA"":{""lat"":37.552574,""lon"":126.891431,""alt"":305},""endLLA"":{""lat"":37.569391,""lon"":126.861026,""alt"":305},""targetSpeed"":51.4,""seq"":7}","{""phase"":""F"",""startLLA"":{""lat"":37.569391,""lon"":126.861026,""alt"":305},""endLLA"":{""lat"":37.567792,""lon"":126.84212,""alt"":305},""targetSpeed"":51.4,""seq"":8}","{""phase"":""G"",""startLLA"":{""lat"":37.567792,""lon"":126.84212,""alt"":305},""endLLA"":{""lat"":37.564478,""lon"":126.802953,""alt"":100},""targetSpeed"":36,""seq"":9}","{""phase"":""I"",""startLLA"":{""lat"":37.564478,""lon"":126.802953,""alt"":100},""endLLA"":{""lat"":37.563535,""lon"":126.791805,""alt"":15},""targetSpeed"":30,""seq"":10}","{""phase"":""J"",""startLLA"":{""lat"":37.563535,""lon"":126.791805,""alt"":15},""endLLA"":{""lat"":37.563535,""lon"":126.791805,""alt"":0},""targetSpeed"":10,""seq"":11}","{""phase"":""K"",""startLLA"":{""lat"":37.563535,""lon"":126.791805,""alt"":0},""endLLA"":{""lat"":37.563535,""lon"":126.791805,""alt"":0},""targetSpeed"":3,""seq"":12}",,,,,,,,,
bfaef6930eb2,2026-07-11,FPL1210002,UAM0016,a2,2,1,0.5,광화문,광화문,연신내,연신내,13,G8,F2,G1,F1,13:28:49,13:34:55,13:38:06,13:44:05,13:54:05,366.86,190.9,358.28,916.04,0,0,ready,광화문 > 금화터널 > 연신내,7.3957,9,"{""phase"":""A"",""startLLA"":{""lat"":37.56901,""lon"":126.973604,""alt"":0},""endLLA"":{""lat"":37.56901,""lon"":126.973604,""alt"":0},""targetSpeed"":3,""seq"":1}","{""phase"":""B"",""startLLA"":{""lat"":37.56901,""lon"":126.973604,""alt"":0},""endLLA"":{""lat"":37.56901,""lon"":126.973604,""alt"":15},""targetSpeed"":10,""seq"":2}","{""phase"":""C"",""startLLA"":{""lat"":37.56901,""lon"":126.973604,""alt"":15},""endLLA"":{""lat"":37.569525,""lon"":126.963055,""alt"":100},""targetSpeed"":36,""seq"":3}","{""phase"":""E"",""startLLA"":{""lat"":37.569525,""lon"":126.963055,""alt"":100},""endLLA"":{""lat"":37.570076,""lon"":126.951769,""alt"":174.91},""targetSpeed"":48.296,""seq"":4}","{""phase"":""E"",""startLLA"":{""lat"":37.570076,""lon"":126.951769,""alt"":174.91},""endLLA"":{""lat"":37.583655,""lon"":126.942173,""alt"":305},""targetSpeed"":48.296,""seq"":5}","{""phase"":""G"",""startLLA"":{""lat"":37.583655,""lon"":126.942173,""alt"":305},""endLLA"":{""lat"":37.605054,""lon"":126.927051,""alt"":100},""targetSpeed"":36,""seq"":6}","{""phase"":""I"",""startLLA"":{""lat"":37.605054,""lon"":126.927051,""alt"":100},""endLLA"":{""lat"":37.611145,""lon"":126.922747,""alt"":15},""targetSpeed"":30,""seq"":7}","{""phase"":""J"",""startLLA"":{""lat"":37.611145,""lon"":126.922747,""alt"":15},""endLLA"":{""lat"":37.611145,""lon"":126.922747,""alt"":0},""targetSpeed"":10,""seq"":8}","{""phase"":""K"",""startLLA"":{""lat"":37.611145,""lon"":126.922747,""alt"":0},""endLLA"":{""lat"":37.611145,""lon"":126.922747,""alt"":0},""targetSpeed"":3,""seq"":9}",,,,,,,,,,,,
bfaef6930eb2,2026-07-11,FPL1214002,UAM0021,a2,2,1,0.5,광화문,광화문,가산,가산,14,G1,F1,G2,F1,14:28:54,14:35:00,14:41:11,14:47:40,14:57:40,366.86,370.9,388.28,1126.04,0,0,ready,광화문 > 홍대입구 > 성산대교 중간지점 > 선유도 17고지 > 영등포 > 가산,16.1492,13,"{""phase"":""A"",""startLLA"":{""lat"":37.56901,""lon"":126.973604,""alt"":0},""endLLA"":{""lat"":37.56901,""lon"":126.973604,""alt"":0},""targetSpeed"":3,""seq"":1}","{""phase"":""B"",""startLLA"":{""lat"":37.56901,""lon"":126.973604,""alt"":0},""endLLA"":{""lat"":37.56901,""lon"":126.973604,""alt"":15},""targetSpeed"":10,""seq"":2}","{""phase"":""C"",""startLLA"":{""lat"":37.56901,""lon"":126.973604,""alt"":15},""endLLA"":{""lat"":37.565863,""lon"":126.96076,""alt"":100},""targetSpeed"":36,""seq"":3}","{""phase"":""E"",""startLLA"":{""lat"":37.565863,""lon"":126.96076,""alt"":100},""endLLA"":{""lat"":37.556786,""lon"":126.923706,""alt"":302},""targetSpeed"":51.4,""seq"":4}","{""phase"":""E"",""startLLA"":{""lat"":37.556786,""lon"":126.923706,""alt"":302},""endLLA"":{""lat"":37.556712,""lon"":126.923138,""alt"":305},""targetSpeed"":51.4,""seq"":5}","{""phase"":""F"",""startLLA"":{""lat"":37.556712,""lon"":126.923138,""alt"":305},""endLLA"":{""lat"":37.552574,""lon"":126.891431,""alt"":305},""targetSpeed"":51.4,""seq"":6}","{""phase"":""F"",""startLLA"":{""lat"":37.552574,""lon"":126.891431,""alt"":305},""endLLA"":{""lat"":37.542307,""lon"":126.90249,""alt"":305},""targetSpeed"":51.4,""seq"":7}","{""phase"":""F"",""startLLA"":{""lat"":37.542307,""lon"":126.90249,""alt"":305},""endLLA"":{""lat"":37.520637,""lon"":126.906822,""alt"":305},""targetSpeed"":51.4,""seq"":8}","{""phase"":""G"",""startLLA"":{""lat"":37.520637,""lon"":126.906822,""alt"":305},""endLLA"":{""lat"":37.515965,""lon"":126.907756,""alt"":273.92},""targetSpeed"":36,""seq"":9}","{""phase"":""G"",""startLLA"":{""lat"":37.515965,""lon"":126.907756,""alt"":273.92},""endLLA"":{""lat"":37.495842,""lon"":126.886081,""alt"":100},""targetSpeed"":36,""seq"":10}","{""phase"":""I"",""startLLA"":{""lat"":37.495842,""lon"":126.886081,""alt"":100},""endLLA"":{""lat"":37.489091,""lon"":126.878809,""alt"":15},""targetSpeed"":30,""seq"":11}","{""phase"":""J"",""startLLA"":{""lat"":37.489091,""lon"":126.878809,""alt"":15},""endLLA"":{""lat"":37.489091,""lon"":126.878809,""alt"":0},""targetSpeed"":10,""seq"":12}","{""phase"":""K"",""startLLA"":{""lat"":37.489091,""lon"":126.878809,""alt"":0},""endLLA"":{""lat"":37.489091,""lon"":126.878809,""alt"":0},""targetSpeed"":3,""seq"":13}",,,,,,,,
bfaef6930eb2,2026-07-11,FPL1209002,UAM0006,a2,2,2,1,광화문,광화문,성수,성수,15,G1,F1,G4,F2,15:28:06,15:34:12,15:38:53,15:47:08,15:57:08,366.86,280.69,495.31,1142.85,0,47.02,ready,광화문 > 신설동역 > 청량리 > 왕십리역 > 성수,11.7365,12,"{""phase"":""A"",""startLLA"":{""lat"":37.56901,""lon"":126.973604,""alt"":0},""endLLA"":{""lat"":37.56901,""lon"":126.973604,""alt"":0},""targetSpeed"":3,""seq"":1}","{""phase"":""B"",""startLLA"":{""lat"":37.56901,""lon"":126.973604,""alt"":0},""endLLA"":{""lat"":37.56901,""lon"":126.973604,""alt"":15},""targetSpeed"":10,""seq"":2}","{""phase"":""C"",""startLLA"":{""lat"":37.56901,""lon"":126.973604,""alt"":15},""endLLA"":{""lat"":37.57084,""lon"":126.987347,""alt"":100},""targetSpeed"":36,""seq"":3}","{""phase"":""E"",""startLLA"":{""lat"":37.57084,""lon"":126.987347,""alt"":100},""endLLA"":{""lat"":37.575658,""lon"":127.02353,""alt"":284.35},""targetSpeed"":51.4,""seq"":4}","{""phase"":""E"",""startLLA"":{""lat"":37.575658,""lon"":127.02353,""alt"":284.35},""endLLA"":{""lat"":37.576571,""lon"":127.027474,""alt"":305},""targetSpeed"":51.4,""seq"":5}","{""phase"":""F"",""startLLA"":{""lat"":37.576571,""lon"":127.027474,""alt"":305},""endLLA"":{""lat"":37.581542,""lon"":127.048947,""alt"":305},""targetSpeed"":51.4,""seq"":6}","{""phase"":""F"",""startLLA"":{""lat"":37.581542,""lon"":127.048947,""alt"":305},""endLLA"":{""lat"":37.578873,""lon"":127.047524,""alt"":305},""targetSpeed"":51.4,""seq"":7}","{""phase"":""G"",""startLLA"":{""lat"":37.578873,""lon"":127.047524,""alt"":305},""endLLA"":{""lat"":37.561925,""lon"":127.038491,""alt"":188.36},""targetSpeed"":36,""seq"":8}","{""phase"":""G"",""startLLA"":{""lat"":37.561925,""lon"":127.038491,""alt"":188.36},""endLLA"":{""lat"":37.548068,""lon"":127.040385,""alt"":100},""targetSpeed"":36,""seq"":9}","{""phase"":""I"",""startLLA"":{""lat"":37.548068,""lon"":127.040385,""alt"":100},""endLLA"":{""lat"":37.538917,""lon"":127.041635,""alt"":15},""targetSpeed"":30,""seq"":10}","{""phase"":""J"",""startLLA"":{""lat"":37.538917,""lon"":127.041635,""alt"":15},""endLLA"":{""lat"":37.538917,""lon"":127.041635,""alt"":0},""targetSpeed"":10,""seq"":11}","{""phase"":""K"",""startLLA"":{""lat"":37.538917,""lon"":127.041635,""alt"":0},""endLLA"":{""lat"":37.538917,""lon"":127.041635,""alt"":0},""targetSpeed"":3,""seq"":12}",,,,,,,,,
bfaef6930eb2,2026-07-11,FPL1216003,UAM0008,a2,2,1,0.5,광화문,광화문,망우,망우,15,G8,F2,G7,F1,15:30:27,15:36:33,15:40:48,15:47:16,15:57:16,366.86,254.52,388.28,1009.66,0,0,ready,광화문 > 신설동역 > 청량리 > 망우,10.3914,11,"{""phase"":""A"",""startLLA"":{""lat"":37.56901,""lon"":126.973604,""alt"":0},""endLLA"":{""lat"":37.56901,""lon"":126.973604,""alt"":0},""targetSpeed"":3,""seq"":1}","{""phase"":""B"",""startLLA"":{""lat"":37.56901,""lon"":126.973604,""alt"":0},""endLLA"":{""lat"":37.56901,""lon"":126.973604,""alt"":15},""targetSpeed"":10,""seq"":2}","{""phase"":""C"",""startLLA"":{""lat"":37.56901,""lon"":126.973604,""alt"":15},""endLLA"":{""lat"":37.570845,""lon"":126.987382,""alt"":100},""targetSpeed"":36,""seq"":3}","{""phase"":""E"",""startLLA"":{""lat"":37.570845,""lon"":126.987382,""alt"":100},""endLLA"":{""lat"":37.575658,""lon"":127.02353,""alt"":283.71},""targetSpeed"":51.4,""seq"":4}","{""phase"":""E"",""startLLA"":{""lat"":37.575658,""lon"":127.02353,""alt"":283.71},""endLLA"":{""lat"":37.576602,""lon"":127.027607,""alt"":305},""targetSpeed"":51.4,""seq"":5}","{""phase"":""F"",""startLLA"":{""lat"":37.576602,""lon"":127.027607,""alt"":305},""endLLA"":{""lat"":37.578933,""lon"":127.037679,""alt"":305},""targetSpeed"":51.4,""seq"":6}","{""phase"":""G"",""startLLA"":{""lat"":37.578933,""lon"":127.037679,""alt"":305},""endLLA"":{""lat"":37.581542,""lon"":127.048947,""alt"":246.17},""targetSpeed"":36,""seq"":7}","{""phase"":""G"",""startLLA"":{""lat"":37.581542,""lon"":127.048947,""alt"":246.17},""endLLA"":{""lat"":37.592532,""lon"":127.074609,""alt"":100},""targetSpeed"":36,""seq"":8}","{""phase"":""I"",""startLLA"":{""lat"":37.592532,""lon"":127.074609,""alt"":100},""endLLA"":{""lat"":37.596919,""lon"":127.084854,""alt"":15},""targetSpeed"":30,""seq"":9}","{""phase"":""J"",""startLLA"":{""lat"":37.596919,""lon"":127.084854,""alt"":15},""endLLA"":{""lat"":37.596919,""lon"":127.084854,""alt"":0},""targetSpeed"":10,""seq"":10}","{""phase"":""K"",""startLLA"":{""lat"":37.596919,""lon"":127.084854,""alt"":0},""endLLA"":{""lat"":37.596919,""lon"":127.084854,""alt"":0},""targetSpeed"":3,""seq"":11}",,,,,,,,,,
bfaef6930eb2,2026-07-11,FPL1214003,UAM0020,a2,2,1,0.5,광화문,광화문,가산,가산,16,G1,F1,G5,F1,16:26:23,16:32:29,16:38:40,16:46:09,16:56:09,366.86,370.9,448.28,1186.04,0,0,ready,광화문 > 홍대입구 > 성산대교 중간지점 > 선유도 17고지 > 영등포 > 가산,16.1492,13,"{""phase"":""A"",""startLLA"":{""lat"":37.56901,""lon"":126.973604,""alt"":0},""endLLA"":{""lat"":37.56901,""lon"":126.973604,""alt"":0},""targetSpeed"":3,""seq"":1}","{""phase"":""B"",""startLLA"":{""lat"":37.56901,""lon"":126.973604,""alt"":0},""endLLA"":{""lat"":37.56901,""lon"":126.973604,""alt"":15},""targetSpeed"":10,""seq"":2}","{""phase"":""C"",""startLLA"":{""lat"":37.56901,""lon"":126.973604,""alt"":15},""endLLA"":{""lat"":37.565863,""lon"":126.96076,""alt"":100},""targetSpeed"":36,""seq"":3}","{""phase"":""E"",""startLLA"":{""lat"":37.565863,""lon"":126.96076,""alt"":100},""endLLA"":{""lat"":37.556786,""lon"":126.923706,""alt"":302},""targetSpeed"":51.4,""seq"":4}","{""phase"":""E"",""startLLA"":{""lat"":37.556786,""lon"":126.923706,""alt"":302},""endLLA"":{""lat"":37.556712,""lon"":126.923138,""alt"":305},""targetSpeed"":51.4,""seq"":5}","{""phase"":""F"",""startLLA"":{""lat"":37.556712,""lon"":126.923138,""alt"":305},""endLLA"":{""lat"":37.552574,""lon"":126.891431,""alt"":305},""targetSpeed"":51.4,""seq"":6}","{""phase"":""F"",""startLLA"":{""lat"":37.552574,""lon"":126.891431,""alt"":305},""endLLA"":{""lat"":37.542307,""lon"":126.90249,""alt"":305},""targetSpeed"":51.4,""seq"":7}","{""phase"":""F"",""startLLA"":{""lat"":37.542307,""lon"":126.90249,""alt"":305},""endLLA"":{""lat"":37.520637,""lon"":126.906822,""alt"":305},""targetSpeed"":51.4,""seq"":8}","{""phase"":""G"",""startLLA"":{""lat"":37.520637,""lon"":126.906822,""alt"":305},""endLLA"":{""lat"":37.515965,""lon"":126.907756,""alt"":273.92},""targetSpeed"":36,""seq"":9}","{""phase"":""G"",""startLLA"":{""lat"":37.515965,""lon"":126.907756,""alt"":273.92},""endLLA"":{""lat"":37.495842,""lon"":126.886081,""alt"":100},""targetSpeed"":36,""seq"":10}","{""phase"":""I"",""startLLA"":{""lat"":37.495842,""lon"":126.886081,""alt"":100},""endLLA"":{""lat"":37.489091,""lon"":126.878809,""alt"":15},""targetSpeed"":30,""seq"":11}","{""phase"":""J"",""startLLA"":{""lat"":37.489091,""lon"":126.878809,""alt"":15},""endLLA"":{""lat"":37.489091,""lon"":126.878809,""alt"":0},""targetSpeed"":10,""seq"":12}","{""phase"":""K"",""startLLA"":{""lat"":37.489091,""lon"":126.878809,""alt"":0},""endLLA"":{""lat"":37.489091,""lon"":126.878809,""alt"":0},""targetSpeed"":3,""seq"":13}",,,,,,,,
bfaef6930eb2,2026-07-11,FPL1201003,UAM0009,a2,2,1,0.5,광화문,광화문,여의도,여의도,16,G8,F2,G1,F2,16:27:30,16:33:36,16:38:22,16:44:20,16:54:20,366.86,285.5,358.28,1010.64,0,0,ready,광화문 > 홍대입구 > 성산대교 중간지점 > 선유도 17고지 > 여의도,11.7598,12,"{""phase"":""A"",""startLLA"":{""lat"":37.56901,""lon"":126.973604,""alt"":0},""endLLA"":{""lat"":37.56901,""lon"":126.973604,""alt"":0},""targetSpeed"":3,""seq"":1}","{""phase"":""B"",""startLLA"":{""lat"":37.56901,""lon"":126.973604,""alt"":0},""endLLA"":{""lat"":37.56901,""lon"":126.973604,""alt"":15},""targetSpeed"":10,""seq"":2}","{""phase"":""C"",""startLLA"":{""lat"":37.56901,""lon"":126.973604,""alt"":15},""endLLA"":{""lat"":37.565882,""lon"":126.960835,""alt"":100},""targetSpeed"":36,""seq"":3}","{""phase"":""E"",""startLLA"":{""lat"":37.565882,""lon"":126.960835,""alt"":100},""endLLA"":{""lat"":37.556786,""lon"":126.923706,""alt"":303.61},""targetSpeed"":51.4,""seq"":4}","{""phase"":""E"",""startLLA"":{""lat"":37.556786,""lon"":126.923706,""alt"":303.61},""endLLA"":{""lat"":37.556752,""lon"":126.923443,""alt"":305},""targetSpeed"":51.4,""seq"":5}","{""phase"":""F"",""startLLA"":{""lat"":37.556752,""lon"":126.923443,""alt"":305},""endLLA"":{""lat"":37.553185,""lon"":126.896111,""alt"":305},""targetSpeed"":51.4,""seq"":6}","{""phase"":""G"",""startLLA"":{""lat"":37.553185,""lon"":126.896111,""alt"":305},""endLLA"":{""lat"":37.552574,""lon"":126.891431,""alt"":280.15},""targetSpeed"":36,""seq"":7}","{""phase"":""G"",""startLLA"":{""lat"":37.552574,""lon"":126.891431,""alt"":280.15},""endLLA"":{""lat"":37.542307,""lon"":126.90249,""alt"":190.91},""targetSpeed"":36,""seq"":8}","{""phase"":""G"",""startLLA"":{""lat"":37.542307,""lon"":126.90249,""alt"":190.91},""endLLA"":{""lat"":37.532687,""lon"":126.914887,""alt"":100},""targetSpeed"":36,""seq"":9}","{""phase"":""I"",""startLLA"":{""lat"":37.532687,""lon"":126.914887,""alt"":100},""endLLA"":{""lat"":37.526513,""lon"":126.922845,""alt"":15},""targetSpeed"":30,""seq"":10}","{""phase"":""J"",""startLLA"":{""lat"":37.526513,""lon"":126.922845,""alt"":15},""endLLA"":{""lat"":37.526513,""lon"":126.922845,""alt"":0},""targetSpeed"":10,""seq"":11}","{""phase"":""K"",""startLLA"":{""lat"":37.526513,""lon"":126.922845,""alt"":0},""endLLA"":{""lat"":37.526513,""lon"":126.922845,""alt"":0},""targetSpeed"":3,""seq"":12}",,,,,,,,,
bfaef6930eb2,2026-07-11,FPL1213005,UAM0042,a2,2,1,0.5,광화문,광화문,강남,강남,17,G1,F1,G7,F2,17:00:43,17:06:49,17:15:41,17:22:48,17:32:48,366.86,532.06,426.33,1325.24,0,130.72,ready,광화문 > 신설동역 > 청량리 > 왕십리역 > 성수대교 남단 > 청담대교 중간지점 > 강남,19.886,14,"{""phase"":""A"",""startLLA"":{""lat"":37.56901,""lon"":126.973604,""alt"":0},""endLLA"":{""lat"":37.56901,""lon"":126.973604,""alt"":0},""targetSpeed"":3,""seq"":1}","{""phase"":""B"",""startLLA"":{""lat"":37.56901,""lon"":126.973604,""alt"":0},""endLLA"":{""lat"":37.56901,""lon"":126.973604,""alt"":15},""targetSpeed"":10,""seq"":2}","{""phase"":""C"",""startLLA"":{""lat"":37.56901,""lon"":126.973604,""alt"":15},""endLLA"":{""lat"":37.570825,""lon"":126.987233,""alt"":100},""targetSpeed"":36,""seq"":3}","{""phase"":""E"",""startLLA"":{""lat"":37.570825,""lon"":126.987233,""alt"":100},""endLLA"":{""lat"":37.575658,""lon"":127.02353,""alt"":286.48},""targetSpeed"":51.4,""seq"":4}","{""phase"":""E"",""startLLA"":{""lat"":37.575658,""lon"":127.02353,""alt"":286.48},""endLLA"":{""lat"":37.57647,""lon"":127.027038,""alt"":305},""targetSpeed"":51.4,""seq"":5}","{""phase"":""F"",""startLLA"":{""lat"":37.57647,""lon"":127.027038,""alt"":305},""endLLA"":{""lat"":37.581542,""lon"":127.048947,""alt"":305},""targetSpeed"":51.4,""seq"":6}","{""phase"":""F"",""startLLA"":{""lat"":37.581542,""lon"":127.048947,""alt"":305},""endLLA"":{""lat"":37.561925,""lon"":127.038491,""alt"":305},""targetSpeed"":51.4,""seq"":7}","{""phase"":""F"",""startLLA"":{""lat"":37.561925,""lon"":127.038491,""alt"":305},""endLLA"":{""lat"":37.53537,""lon"":127.034503,""alt"":305},""targetSpeed"":51.4,""seq"":8}","{""phase"":""F"",""startLLA"":{""lat"":37.53537,""lon"":127.034503,""alt"":305},""endLLA"":{""lat"":37.526451,""lon"":127.064361,""alt"":305},""targetSpeed"":51.4,""seq"":9}","{""phase"":""F"",""startLLA"":{""lat"":37.526451,""lon"":127.064361,""alt"":305},""endLLA"":{""lat"":37.524282,""lon"":127.061408,""alt"":305},""targetSpeed"":51.4,""seq"":10}","{""phase"":""G"",""startLLA"":{""lat"":37.524282,""lon"":127.061408,""alt"":305},""endLLA"":{""lat"":37.502493,""lon"":127.031746,""alt"":100},""targetSpeed"":36,""seq"":11}","{""phase"":""I"",""startLLA"":{""lat"":37.502493,""lon"":127.031746,""alt"":100},""endLLA"":{""lat"":37.496291,""lon"":127.023303,""alt"":15},""targetSpeed"":30,""seq"":12}","{""phase"":""J"",""startLLA"":{""lat"":37.496291,""lon"":127.023303,""alt"":15},""endLLA"":{""lat"":37.496291,""lon"":127.023303,""alt"":0},""targetSpeed"":10,""seq"":13}","{""phase"":""K"",""startLLA"":{""lat"":37.496291,""lon"":127.023303,""alt"":0},""endLLA"":{""lat"":37.496291,""lon"":127.023303,""alt"":0},""targetSpeed"":3,""seq"":14}",,,,,,,
bfaef6930eb2,2026-07-11,FPL1215003,UAM0022,a2,2,1,0.5,광화문,광화문,마곡,마곡,17,G8,F2,G5,F2,17:01:46,17:07:52,17:18:52,17:26:29,17:36:29,366.86,659.71,456.57,1483.14,0,277.44,ready,광화문 > 홍대입구 > 성산대교 중간지점 > 가양대교 남단 > 마곡,17.1596,12,"{""phase"":""A"",""startLLA"":{""lat"":37.56901,""lon"":126.973604,""alt"":0},""endLLA"":{""lat"":37.56901,""lon"":126.973604,""alt"":0},""targetSpeed"":3,""seq"":1}","{""phase"":""B"",""startLLA"":{""lat"":37.56901,""lon"":126.973604,""alt"":0},""endLLA"":{""lat"":37.56901,""lon"":126.973604,""alt"":15},""targetSpeed"":10,""seq"":2}","{""phase"":""C"",""startLLA"":{""lat"":37.56901,""lon"":126.973604,""alt"":15},""endLLA"":{""lat"":37.565861,""lon"":126.96075,""alt"":100},""targetSpeed"":36,""seq"":3}","{""phase"":""E"",""startLLA"":{""lat"":37.565861,""lon"":126.96075,""alt"":100},""endLLA"":{""lat"":37.556786,""lon"":126.923706,""alt"":301.81},""targetSpeed"":51.4,""seq"":4}","{""phase"":""E"",""startLLA"":{""lat"":37.556786,""lon"":126.923706,""alt"":301.81},""endLLA"":{""lat"":37.556707,""lon"":126.923101,""alt"":305},""targetSpeed"":51.4,""seq"":5}","{""phase"":""F"",""startLLA"":{""lat"":37.556707,""lon"":126.923101,""alt"":305},""endLLA"":{""lat"":37.552574,""lon"":126.891431,""alt"":305},""targetSpeed"":51.4,""seq"":6}","{""phase"":""F"",""startLLA"":{""lat"":37.552574,""lon"":126.891431,""alt"":305},""endLLA"":{""lat"":37.569391,""lon"":126.861026,""alt"":305},""targetSpeed"":51.4,""seq"":7}","{""phase"":""F"",""startLLA"":{""lat"":37.569391,""lon"":126.861026,""alt"":305},""endLLA"":{""lat"":37.567792,""lon"":126.84212,""alt"":305},""targetSpeed"":51.4,""seq"":8}","{""phase"":""G"",""startLLA"":{""lat"":37.567792,""lon"":126.84212,""alt"":305},""endLLA"":{""lat"":37.564478,""lon"":126.802953,""alt"":100},""targetSpeed"":36,""seq"":9}","{""phase"":""I"",""startLLA"":{""lat"":37.564478,""lon"":126.802953,""alt"":100},""endLLA"":{""lat"":37.563535,""lon"":126.791805,""alt"":15},""targetSpeed"":30,""seq"":10}","{""phase"":""J"",""startLLA"":{""lat"":37.563535,""lon"":126.791805,""alt"":15},""endLLA"":{""lat"":37.563535,""lon"":126.791805,""alt"":0},""targetSpeed"":10,""seq"":11}","{""phase"":""K"",""startLLA"":{""lat"":37.563535,""lon"":126.791805,""alt"":0},""endLLA"":{""lat"":37.563535,""lon"":126.791805,""alt"":0},""targetSpeed"":3,""seq"":12}",,,,,,,,,
bfaef6930eb2,2026-07-11,FPL1209003,UAM0011,a2,2,1,0.5,광화문,광화문,성수,성수,17,G1,F1,G5,F2,17:26:46,17:32:52,17:37:33,17:45:01,17:55:01,366.86,280.69,448.28,1095.83,0,0,ready,광화문 > 신설동역 > 청량리 > 왕십리역 > 성수,11.7365,12,"{""phase"":""A"",""startLLA"":{""lat"":37.56901,""lon"":126.973604,""alt"":0},""endLLA"":{""lat"":37.56901,""lon"":126.973604,""alt"":0},""targetSpeed"":3,""seq"":1}","{""phase"":""B"",""startLLA"":{""lat"":37.56901,""lon"":126.973604,""alt"":0},""endLLA"":{""lat"":37.56901,""lon"":126.973604,""alt"":15},""targetSpeed"":10,""seq"":2}","{""phase"":""C"",""startLLA"":{""lat"":37.56901,""lon"":126.973604,""alt"":15},""endLLA"":{""lat"":37.57084,""lon"":126.987347,""alt"":100},""targetSpeed"":36,""seq"":3}","{""phase"":""E"",""startLLA"":{""lat"":37.57084,""lon"":126.987347,""alt"":100},""endLLA"":{""lat"":37.575658,""lon"":127.02353,""alt"":284.35},""targetSpeed"":51.4,""seq"":4}","{""phase"":""E"",""startLLA"":{""lat"":37.575658,""lon"":127.02353,""alt"":284.35},""endLLA"":{""lat"":37.576571,""lon"":127.027474,""alt"":305},""targetSpeed"":51.4,""seq"":5}","{""phase"":""F"",""startLLA"":{""lat"":37.576571,""lon"":127.027474,""alt"":305},""endLLA"":{""lat"":37.581542,""lon"":127.048947,""alt"":305},""targetSpeed"":51.4,""seq"":6}","{""phase"":""F"",""startLLA"":{""lat"":37.581542,""lon"":127.048947,""alt"":305},""endLLA"":{""lat"":37.578873,""lon"":127.047524,""alt"":305},""targetSpeed"":51.4,""seq"":7}","{""phase"":""G"",""startLLA"":{""lat"":37.578873,""lon"":127.047524,""alt"":305},""endLLA"":{""lat"":37.561925,""lon"":127.038491,""alt"":188.36},""targetSpeed"":36,""seq"":8}","{""phase"":""G"",""startLLA"":{""lat"":37.561925,""lon"":127.038491,""alt"":188.36},""endLLA"":{""lat"":37.548068,""lon"":127.040385,""alt"":100},""targetSpeed"":36,""seq"":9}","{""phase"":""I"",""startLLA"":{""lat"":37.548068,""lon"":127.040385,""alt"":100},""endLLA"":{""lat"":37.538917,""lon"":127.041635,""alt"":15},""targetSpeed"":30,""seq"":10}","{""phase"":""J"",""startLLA"":{""lat"":37.538917,""lon"":127.041635,""alt"":15},""endLLA"":{""lat"":37.538917,""lon"":127.041635,""alt"":0},""targetSpeed"":10,""seq"":11}","{""phase"":""K"",""startLLA"":{""lat"":37.538917,""lon"":127.041635,""alt"":0},""endLLA"":{""lat"":37.538917,""lon"":127.041635,""alt"":0},""targetSpeed"":3,""seq"":12}",,,,,,,,,
bfaef6930eb2,2026-07-11,FPL1211003,UAM0043,a2,2,1,0.5,광화문,광화문,천호,천호,17,G8,F2,G6,F2,17:27:35,17:33:41,18:14:53,18:22:00,18:32:00,366.86,2472.14,426.57,3265.57,0,865.71,ready,광화문 > 신설동역 > 청량리 > 중랑철교 > 상봉 > 아차산 고가차도 > 천호,17.9893,14,"{""phase"":""A"",""startLLA"":{""lat"":37.56901,""lon"":126.973604,""alt"":0},""endLLA"":{""lat"":37.56901,""lon"":126.973604,""alt"":0},""targetSpeed"":3,""seq"":1}","{""phase"":""B"",""startLLA"":{""lat"":37.56901,""lon"":126.973604,""alt"":0},""endLLA"":{""lat"":37.56901,""lon"":126.973604,""alt"":15},""targetSpeed"":10,""seq"":2}","{""phase"":""C"",""startLLA"":{""lat"":37.56901,""lon"":126.973604,""alt"":15},""endLLA"":{""lat"":37.570827,""lon"":126.987248,""alt"":100},""targetSpeed"":36,""seq"":3}","{""phase"":""E"",""startLLA"":{""lat"":37.570827,""lon"":126.987248,""alt"":100},""endLLA"":{""lat"":37.575658,""lon"":127.02353,""alt"":286.2},""targetSpeed"":51.4,""seq"":4}","{""phase"":""E"",""startLLA"":{""lat"":37.575658,""lon"":127.02353,""alt"":286.2},""endLLA"":{""lat"":37.576483,""lon"":127.027095,""alt"":305},""targetSpeed"":51.4,""seq"":5}","{""phase"":""F"",""startLLA"":{""lat"":37.576483,""lon"":127.027095,""alt"":305},""endLLA"":{""lat"":37.581542,""lon"":127.048947,""alt"":305},""targetSpeed"":51.4,""seq"":6}","{""phase"":""F"",""startLLA"":{""lat"":37.581542,""lon"":127.048947,""alt"":305},""endLLA"":{""lat"":37.593586,""lon"":127.069978,""alt"":305},""targetSpeed"":51.4,""seq"":7}","{""phase"":""F"",""startLLA"":{""lat"":37.593586,""lon"":127.069978,""alt"":305},""endLLA"":{""lat"":37.596919,""lon"":127.084854,""alt"":305},""targetSpeed"":51.4,""seq"":8}","{""phase"":""F"",""startLLA"":{""lat"":37.596919,""lon"":127.084854,""alt"":305},""endLLA"":{""lat"":37.570823,""lon"":127.091481,""alt"":305},""targetSpeed"":51.4,""seq"":9}","{""phase"":""G"",""startLLA"":{""lat"":37.570823,""lon"":127.091481,""alt"":305},""endLLA"":{""lat"":37.547423,""lon"":127.097424,""alt"":152.58},""targetSpeed"":36,""seq"":10}","{""phase"":""G"",""startLLA"":{""lat"":37.547423,""lon"":127.097424,""alt"":152.58},""endLLA"":{""lat"":37.546622,""lon"":127.107759,""alt"":100},""targetSpeed"":36,""seq"":11}","{""phase"":""I"",""startLLA"":{""lat"":37.546622,""lon"":127.107759,""alt"":100},""endLLA"":{""lat"":37.545733,""lon"":127.11923,""alt"":15},""targetSpeed"":30,""seq"":12}","{""phase"":""J"",""startLLA"":{""lat"":37.545733,""lon"":127.11923,""alt"":15},""endLLA"":{""lat"":37.545733,""lon"":127.11923,""alt"":0},""targetSpeed"":10,""seq"":13}","{""phase"":""K"",""startLLA"":{""lat"":37.545733,""lon"":127.11923,""alt"":0},""endLLA"":{""lat"":37.545733,""lon"":127.11923,""alt"":0},""targetSpeed"":3,""seq"":14}",,,,,,,
bfaef6930eb2,2026-07-11,FPL1214004,UAM0010,a2,2,1,0.5,광화문,광화문,가산,가산,18,G2,F1,G2,F1,18:00:00,18:06:36,19:14:13,19:20:42,19:30:42,396.86,4057.14,388.28,4842.28,0,817.43,ready,광화문 > 홍대입구 > 성산대교 중간지점 > 선유도 17고지 > 영등포 > 가산,16.1492,13,"{""phase"":""A"",""startLLA"":{""lat"":37.56901,""lon"":126.973604,""alt"":0},""endLLA"":{""lat"":37.56901,""lon"":126.973604,""alt"":0},""targetSpeed"":3,""seq"":1}","{""phase"":""B"",""startLLA"":{""lat"":37.56901,""lon"":126.973604,""alt"":0},""endLLA"":{""lat"":37.56901,""lon"":126.973604,""alt"":15},""targetSpeed"":10,""seq"":2}","{""phase"":""C"",""startLLA"":{""lat"":37.56901,""lon"":126.973604,""alt"":15},""endLLA"":{""lat"":37.565863,""lon"":126.96076,""alt"":100},""targetSpeed"":36,""seq"":3}","{""phase"":""E"",""startLLA"":{""lat"":37.565863,""lon"":126.96076,""alt"":100},""endLLA"":{""lat"":37.556786,""lon"":126.923706,""alt"":302},""targetSpeed"":51.4,""seq"":4}","{""phase"":""E"",""startLLA"":{""lat"":37.556786,""lon"":126.923706,""alt"":302},""endLLA"":{""lat"":37.556712,""lon"":126.923138,""alt"":305},""targetSpeed"":51.4,""seq"":5}","{""phase"":""F"",""startLLA"":{""lat"":37.556712,""lon"":126.923138,""alt"":305},""endLLA"":{""lat"":37.552574,""lon"":126.891431,""alt"":305},""targetSpeed"":51.4,""seq"":6}","{""phase"":""F"",""startLLA"":{""lat"":37.552574,""lon"":126.891431,""alt"":305},""endLLA"":{""lat"":37.542307,""lon"":126.90249,""alt"":305},""targetSpeed"":51.4,""seq"":7}","{""phase"":""F"",""startLLA"":{""lat"":37.542307,""lon"":126.90249,""alt"":305},""endLLA"":{""lat"":37.520637,""lon"":126.906822,""alt"":305},""targetSpeed"":51.4,""seq"":8}","{""phase"":""G"",""startLLA"":{""lat"":37.520637,""lon"":126.906822,""alt"":305},""endLLA"":{""lat"":37.515965,""lon"":126.907756,""alt"":273.92},""targetSpeed"":36,""seq"":9}","{""phase"":""G"",""startLLA"":{""lat"":37.515965,""lon"":126.907756,""alt"":273.92},""endLLA"":{""lat"":37.495842,""lon"":126.886081,""alt"":100},""targetSpeed"":36,""seq"":10}","{""phase"":""I"",""startLLA"":{""lat"":37.495842,""lon"":126.886081,""alt"":100},""endLLA"":{""lat"":37.489091,""lon"":126.878809,""alt"":15},""targetSpeed"":30,""seq"":11}","{""phase"":""J"",""startLLA"":{""lat"":37.489091,""lon"":126.878809,""alt"":15},""endLLA"":{""lat"":37.489091,""lon"":126.878809,""alt"":0},""targetSpeed"":10,""seq"":12}","{""phase"":""K"",""startLLA"":{""lat"":37.489091,""lon"":126.878809,""alt"":0},""endLLA"":{""lat"":37.489091,""lon"":126.878809,""alt"":0},""targetSpeed"":3,""seq"":13}",,,,,,,,
bfaef6930eb2,2026-07-11,FPL1202001,UAM0051,a2,2,1,0.5,광화문,광화문,잠실,잠실,18,G7,F2,G8,F2,18:00:00,18:07:16,18:14:26,18:20:24,18:30:24,436.86,429.62,358.28,1224.76,40,0,ready,광화문 > 신설동역 > 청량리 > 왕십리역 > 성수대교 남단 > 청담대교 중간지점 > 건대입구 > 잠실,19.3835,15,"{""phase"":""A"",""startLLA"":{""lat"":37.56901,""lon"":126.973604,""alt"":0},""endLLA"":{""lat"":37.56901,""lon"":126.973604,""alt"":0},""targetSpeed"":3,""seq"":1}","{""phase"":""B"",""startLLA"":{""lat"":37.56901,""lon"":126.973604,""alt"":0},""endLLA"":{""lat"":37.56901,""lon"":126.973604,""alt"":15},""targetSpeed"":10,""seq"":2}","{""phase"":""C"",""startLLA"":{""lat"":37.56901,""lon"":126.973604,""alt"":15},""endLLA"":{""lat"":37.570825,""lon"":126.987237,""alt"":100},""targetSpeed"":36,""seq"":3}","{""phase"":""E"",""startLLA"":{""lat"":37.570825,""lon"":126.987237,""alt"":100},""endLLA"":{""lat"":37.575658,""lon"":127.02353,""alt"":286.42},""targetSpeed"":51.4,""seq"":4}","{""phase"":""E"",""startLLA"":{""lat"":37.575658,""lon"":127.02353,""alt"":286.42},""endLLA"":{""lat"":37.576473,""lon"":127.027052,""alt"":305},""targetSpeed"":51.4,""seq"":5}","{""phase"":""F"",""startLLA"":{""lat"":37.576473,""lon"":127.027052,""alt"":305},""endLLA"":{""lat"":37.581542,""lon"":127.048947,""alt"":305},""targetSpeed"":51.4,""seq"":6}","{""phase"":""F"",""startLLA"":{""lat"":37.581542,""lon"":127.048947,""alt"":305},""endLLA"":{""lat"":37.561925,""lon"":127.038491,""alt"":305},""targetSpeed"":51.4,""seq"":7}","{""phase"":""F"",""startLLA"":{""lat"":37.561925,""lon"":127.038491,""alt"":305},""endLLA"":{""lat"":37.53537,""lon"":127.034503,""alt"":305},""targetSpeed"":51.4,""seq"":8}","{""phase"":""F"",""startLLA"":{""lat"":37.53537,""lon"":127.034503,""alt"":305},""endLLA"":{""lat"":37.526922,""lon"":127.062783,""alt"":305},""targetSpeed"":51.4,""seq"":9}","{""phase"":""G"",""startLLA"":{""lat"":37.526922,""lon"":127.062783,""alt"":305},""endLLA"":{""lat"":37.526451,""lon"":127.064361,""alt"":296.46},""targetSpeed"":36,""seq"":10}","{""phase"":""G"",""startLLA"":{""lat"":37.526451,""lon"":127.064361,""alt"":296.46},""endLLA"":{""lat"":37.540426,""lon"":127.069298,""alt"":203.7},""targetSpeed"":36,""seq"":11}","{""phase"":""G"",""startLLA"":{""lat"":37.540426,""lon"":127.069298,""alt"":203.7},""endLLA"":{""lat"":37.524201,""lon"":127.06907,""alt"":100},""targetSpeed"":36,""seq"":12}","{""phase"":""I"",""startLLA"":{""lat"":37.524201,""lon"":127.06907,""alt"":100},""endLLA"":{""lat"":37.515071,""lon"":127.068942,""alt"":15},""targetSpeed"":30,""seq"":13}","{""phase"":""J"",""startLLA"":{""lat"":37.515071,""lon"":127.068942,""alt"":15},""endLLA"":{""lat"":37.515071,""lon"":127.068942,""alt"":0},""targetSpeed"":10,""seq"":14}","{""phase"":""K"",""startLLA"":{""lat"":37.515071,""lon"":127.068942,""alt"":0},""endLLA"":{""lat"":37.515071,""lon"":127.068942,""alt"":0},""targetSpeed"":3,""seq"":15}",,,,,,
bfaef6930eb2,2026-07-11,FPL1208002,UAM0037,a2,2,1,0.5,광화문,광화문,사당,사당,19,G1,F1,G1,F1,19:00:00,19:06:06,19:13:37,19:19:35,19:29:35,366.86,450.47,358.28,1175.61,0,0,ready,광화문 > 홍대입구 > 성산대교 중간지점 > 선유도 17고지 > 영등포 > 180고지 > 사당,20.239,14,"{""phase"":""A"",""startLLA"":{""lat"":37.56901,""lon"":126.973604,""alt"":0},""endLLA"":{""lat"":37.56901,""lon"":126.973604,""alt"":0},""targetSpeed"":3,""seq"":1}","{""phase"":""B"",""startLLA"":{""lat"":37.56901,""lon"":126.973604,""alt"":0},""endLLA"":{""lat"":37.56901,""lon"":126.973604,""alt"":15},""targetSpeed"":10,""seq"":2}","{""phase"":""C"",""startLLA"":{""lat"":37.56901,""lon"":126.973604,""alt"":15},""endLLA"":{""lat"":37.565853,""lon"":126.960717,""alt"":100},""targetSpeed"":36,""seq"":3}","{""phase"":""E"",""startLLA"":{""lat"":37.565853,""lon"":126.960717,""alt"":100},""endLLA"":{""lat"":37.556786,""lon"":126.923706,""alt"":301.11},""targetSpeed"":51.4,""seq"":4}","{""phase"":""E"",""startLLA"":{""lat"":37.556786,""lon"":126.923706,""alt"":301.11},""endLLA"":{""lat"":37.55669,""lon"":126.922967,""alt"":305},""targetSpeed"":51.4,""seq"":5}","{""phase"":""F"",""startLLA"":{""lat"":37.55669,""lon"":126.922967,""alt"":305},""endLLA"":{""lat"":37.552574,""lon"":126.891431,""alt"":305},""targetSpeed"":51.4,""seq"":6}","{""phase"":""F"",""startLLA"":{""lat"":37.552574,""lon"":126.891431,""alt"":305},""endLLA"":{""lat"":37.542307,""lon"":126.90249,""alt"":305},""targetSpeed"":51.4,""seq"":7}","{""phase"":""F"",""startLLA"":{""lat"":37.542307,""lon"":126.90249,""alt"":305},""endLLA"":{""lat"":37.515965,""lon"":126.907756,""alt"":305},""targetSpeed"":51.4,""seq"":8}","{""phase"":""F"",""startLLA"":{""lat"":37.515965,""lon"":126.907756,""alt"":305},""endLLA"":{""lat"":37.494402,""lon"":126.937394,""alt"":305},""targetSpeed"":51.4,""seq"":9}","{""phase"":""G"",""startLLA"":{""lat"":37.494402,""lon"":126.937394,""alt"":305},""endLLA"":{""lat"":37.492877,""lon"":126.93949,""alt"":290.22},""targetSpeed"":36,""seq"":10}","{""phase"":""G"",""startLLA"":{""lat"":37.492877,""lon"":126.93949,""alt"":290.22},""endLLA"":{""lat"":37.479784,""lon"":126.972163,""alt"":100},""targetSpeed"":36,""seq"":11}","{""phase"":""I"",""startLLA"":{""lat"":37.479784,""lon"":126.972163,""alt"":100},""endLLA"":{""lat"":37.475767,""lon"":126.982185,""alt"":15},""targetSpeed"":30,""seq"":12}","{""phase"":""J"",""startLLA"":{""lat"":37.475767,""lon"":126.982185,""alt"":15},""endLLA"":{""lat"":37.475767,""lon"":126.982185,""alt"":0},""targetSpeed"":10,""seq"":13}","{""phase"":""K"",""startLLA"":{""lat"":37.475767,""lon"":126.982185,""alt"":0},""endLLA"":{""lat"":37.475767,""lon"":126.982185,""alt"":0},""targetSpeed"":3,""seq"":14}",,,,,,,
bfaef6930eb2,2026-07-11,FPL1217003,UAM0030,a2,2,1,0.5,광화문,광화문,수서,수서,19,G1,F1,G1,F2,19:52:38,19:58:44,20:06:36,20:12:34,20:22:34,366.86,471.62,358.28,1196.76,0,0,ready,광화문 > 신설동역 > 청량리 > 왕십리역 > 성수대교 남단 > 청담대교 중간지점 > 잠실대교 중간지점 > 수서,21.5406,15,"{""phase"":""A"",""startLLA"":{""lat"":37.56901,""lon"":126.973604,""alt"":0},""endLLA"":{""lat"":37.56901,""lon"":126.973604,""alt"":0},""targetSpeed"":3,""seq"":1}","{""phase"":""B"",""startLLA"":{""lat"":37.56901,""lon"":126.973604,""alt"":0},""endLLA"":{""lat"":37.56901,""lon"":126.973604,""alt"":15},""targetSpeed"":10,""seq"":2}","{""phase"":""C"",""startLLA"":{""lat"":37.56901,""lon"":126.973604,""alt"":15},""endLLA"":{""lat"":37.570823,""lon"":126.98722,""alt"":100},""targetSpeed"":36,""seq"":3}","{""phase"":""E"",""startLLA"":{""lat"":37.570823,""lon"":126.98722,""alt"":100},""endLLA"":{""lat"":37.575658,""lon"":127.02353,""alt"":286.73},""targetSpeed"":51.4,""seq"":4}","{""phase"":""E"",""startLLA"":{""lat"":37.575658,""lon"":127.02353,""alt"":286.73},""endLLA"":{""lat"":37.576459,""lon"":127.026988,""alt"":305},""targetSpeed"":51.4,""seq"":5}","{""phase"":""F"",""startLLA"":{""lat"":37.576459,""lon"":127.026988,""alt"":305},""endLLA"":{""lat"":37.581542,""lon"":127.048947,""alt"":305},""targetSpeed"":51.4,""seq"":6}","{""phase"":""F"",""startLLA"":{""lat"":37.581542,""lon"":127.048947,""alt"":305},""endLLA"":{""lat"":37.561925,""lon"":127.038491,""alt"":305},""targetSpeed"":51.4,""seq"":7}","{""phase"":""F"",""startLLA"":{""lat"":37.561925,""lon"":127.038491,""alt"":305},""endLLA"":{""lat"":37.53537,""lon"":127.034503,""alt"":305},""targetSpeed"":51.4,""seq"":8}","{""phase"":""F"",""startLLA"":{""lat"":37.53537,""lon"":127.034503,""alt"":305},""endLLA"":{""lat"":37.526451,""lon"":127.064361,""alt"":305},""targetSpeed"":51.4,""seq"":9}","{""phase"":""F"",""startLLA"":{""lat"":37.526451,""lon"":127.064361,""alt"":305},""endLLA"":{""lat"":37.524649,""lon"":127.087085,""alt"":305},""targetSpeed"":51.4,""seq"":10}","{""phase"":""G"",""startLLA"":{""lat"":37.524649,""lon"":127.087085,""alt"":305},""endLLA"":{""lat"":37.524288,""lon"":127.091639,""alt"":281.77},""targetSpeed"":36,""seq"":11}","{""phase"":""G"",""startLLA"":{""lat"":37.524288,""lon"":127.091639,""alt"":281.77},""endLLA"":{""lat"":37.496395,""lon"":127.098425,""alt"":100},""targetSpeed"":36,""seq"":12}","{""phase"":""I"",""startLLA"":{""lat"":37.496395,""lon"":127.098425,""alt"":100},""endLLA"":{""lat"":37.487441,""lon"":127.100603,""alt"":15},""targetSpeed"":30,""seq"":13}","{""phase"":""J"",""startLLA"":{""lat"":37.487441,""lon"":127.100603,""alt"":15},""endLLA"":{""lat"":37.487441,""lon"":127.100603,""alt"":0},""targetSpeed"":10,""seq"":14}","{""phase"":""K"",""startLLA"":{""lat"":37.487441,""lon"":127.100603,""alt"":0},""endLLA"":{""lat"":37.487441,""lon"":127.100603,""alt"":0},""targetSpeed"":3,""seq"":15}",,,,,,
bfaef6930eb2,2026-07-11,FPL1202002,UAM0037,a2,2,1,0.5,광화문,광화문,잠실,잠실,19,G8,F1,G8,F1,19:59:12,20:05:18,20:12:43,20:18:42,20:28:42,366.86,445.14,358.28,1170.28,0,15.52,ready,광화문 > 신설동역 > 청량리 > 왕십리역 > 성수대교 남단 > 청담대교 중간지점 > 건대입구 > 잠실,19.3835,15,"{""phase"":""A"",""startLLA"":{""lat"":37.56901,""lon"":126.973604,""alt"":0},""endLLA"":{""lat"":37.56901,""lon"":126.973604,""alt"":0},""targetSpeed"":3,""seq"":1}","{""phase"":""B"",""startLLA"":{""lat"":37.56901,""lon"":126.973604,""alt"":0},""endLLA"":{""lat"":37.56901,""lon"":126.973604,""alt"":15},""targetSpeed"":10,""seq"":2}","{""phase"":""C"",""startLLA"":{""lat"":37.56901,""lon"":126.973604,""alt"":15},""endLLA"":{""lat"":37.570825,""lon"":126.987237,""alt"":100},""targetSpeed"":36,""seq"":3}","{""phase"":""E"",""startLLA"":{""lat"":37.570825,""lon"":126.987237,""alt"":100},""endLLA"":{""lat"":37.575658,""lon"":127.02353,""alt"":286.42},""targetSpeed"":51.4,""seq"":4}","{""phase"":""E"",""startLLA"":{""lat"":37.575658,""lon"":127.02353,""alt"":286.42},""endLLA"":{""lat"":37.576473,""lon"":127.027052,""alt"":305},""targetSpeed"":51.4,""seq"":5}","{""phase"":""F"",""startLLA"":{""lat"":37.576473,""lon"":127.027052,""alt"":305},""endLLA"":{""lat"":37.581542,""lon"":127.048947,""alt"":305},""targetSpeed"":51.4,""seq"":6}","{""phase"":""F"",""startLLA"":{""lat"":37.581542,""lon"":127.048947,""alt"":305},""endLLA"":{""lat"":37.561925,""lon"":127.038491,""alt"":305},""targetSpeed"":51.4,""seq"":7}","{""phase"":""F"",""startLLA"":{""lat"":37.561925,""lon"":127.038491,""alt"":305},""endLLA"":{""lat"":37.53537,""lon"":127.034503,""alt"":305},""targetSpeed"":51.4,""seq"":8}","{""phase"":""F"",""startLLA"":{""lat"":37.53537,""lon"":127.034503,""alt"":305},""endLLA"":{""lat"":37.526922,""lon"":127.062783,""alt"":305},""targetSpeed"":51.4,""seq"":9}","{""phase"":""G"",""startLLA"":{""lat"":37.526922,""lon"":127.062783,""alt"":305},""endLLA"":{""lat"":37.526451,""lon"":127.064361,""alt"":296.46},""targetSpeed"":36,""seq"":10}","{""phase"":""G"",""startLLA"":{""lat"":37.526451,""lon"":127.064361,""alt"":296.46},""endLLA"":{""lat"":37.540426,""lon"":127.069298,""alt"":203.7},""targetSpeed"":36,""seq"":11}","{""phase"":""G"",""startLLA"":{""lat"":37.540426,""lon"":127.069298,""alt"":203.7},""endLLA"":{""lat"":37.524201,""lon"":127.06907,""alt"":100},""targetSpeed"":36,""seq"":12}","{""phase"":""I"",""startLLA"":{""lat"":37.524201,""lon"":127.06907,""alt"":100},""endLLA"":{""lat"":37.515071,""lon"":127.068942,""alt"":15},""targetSpeed"":30,""seq"":13}","{""phase"":""J"",""startLLA"":{""lat"":37.515071,""lon"":127.068942,""alt"":15},""endLLA"":{""lat"":37.515071,""lon"":127.068942,""alt"":0},""targetSpeed"":10,""seq"":14}","{""phase"":""K"",""startLLA"":{""lat"":37.515071,""lon"":127.068942,""alt"":0},""endLLA"":{""lat"":37.515071,""lon"":127.068942,""alt"":0},""targetSpeed"":3,""seq"":15}",,,,,,
bfaef6930eb2,2026-07-11,FPL1206002,UAM0003,a2,2,1,0.5,광화문,광화문,미아,미아,20,G1,F1,G1,F1,20:28:48,20:34:54,20:40:35,20:46:33,20:56:33,366.86,340.57,358.28,1065.71,0,83.38,ready,광화문 > 신설동역 > 미아,10.5314,10,"{""phase"":""A"",""startLLA"":{""lat"":37.56901,""lon"":126.973604,""alt"":0},""endLLA"":{""lat"":37.56901,""lon"":126.973604,""alt"":0},""targetSpeed"":3,""seq"":1}","{""phase"":""B"",""startLLA"":{""lat"":37.56901,""lon"":126.973604,""alt"":0},""endLLA"":{""lat"":37.56901,""lon"":126.973604,""alt"":15},""targetSpeed"":10,""seq"":2}","{""phase"":""C"",""startLLA"":{""lat"":37.56901,""lon"":126.973604,""alt"":15},""endLLA"":{""lat"":37.570845,""lon"":126.987381,""alt"":100},""targetSpeed"":36,""seq"":3}","{""phase"":""E"",""startLLA"":{""lat"":37.570845,""lon"":126.987381,""alt"":100},""endLLA"":{""lat"":37.575658,""lon"":127.02353,""alt"":283.73},""targetSpeed"":51.4,""seq"":4}","{""phase"":""E"",""startLLA"":{""lat"":37.575658,""lon"":127.02353,""alt"":283.73},""endLLA"":{""lat"":37.57902,""lon"":127.023685,""alt"":305},""targetSpeed"":51.4,""seq"":5}","{""phase"":""F"",""startLLA"":{""lat"":37.57902,""lon"":127.023685,""alt"":305},""endLLA"":{""lat"":37.588591,""lon"":127.024128,""alt"":305},""targetSpeed"":51.4,""seq"":6}","{""phase"":""G"",""startLLA"":{""lat"":37.588591,""lon"":127.024128,""alt"":305},""endLLA"":{""lat"":37.620986,""lon"":127.025627,""alt"":100},""targetSpeed"":36,""seq"":7}","{""phase"":""I"",""startLLA"":{""lat"":37.620986,""lon"":127.025627,""alt"":100},""endLLA"":{""lat"":37.630207,""lon"":127.026053,""alt"":15},""targetSpeed"":30,""seq"":8}","{""phase"":""J"",""startLLA"":{""lat"":37.630207,""lon"":127.026053,""alt"":15},""endLLA"":{""lat"":37.630207,""lon"":127.026053,""alt"":0},""targetSpeed"":10,""seq"":9}","{""phase"":""K"",""startLLA"":{""lat"":37.630207,""lon"":127.026053,""alt"":0},""endLLA"":{""lat"":37.630207,""lon"":127.026053,""alt"":0},""targetSpeed"":3,""seq"":10}",,,,,,,,,,,
bfaef6930eb2,2026-07-11,FPL1207003,UAM0010,a2,2,1,0.5,광화문,광화문,봉천,봉천,20,G8,F2,G1,F1,20:29:36,20:35:42,20:42:10,20:48:08,20:58:08,366.86,387.4,358.28,1112.54,0,0,ready,광화문 > 홍대입구 > 성산대교 중간지점 > 선유도 17고지 > 영등포 > 봉천,16.9974,13,"{""phase"":""A"",""startLLA"":{""lat"":37.56901,""lon"":126.973604,""alt"":0},""endLLA"":{""lat"":37.56901,""lon"":126.973604,""alt"":0},""targetSpeed"":3,""seq"":1}","{""phase"":""B"",""startLLA"":{""lat"":37.56901,""lon"":126.973604,""alt"":0},""endLLA"":{""lat"":37.56901,""lon"":126.973604,""alt"":15},""targetSpeed"":10,""seq"":2}","{""phase"":""C"",""startLLA"":{""lat"":37.56901,""lon"":126.973604,""alt"":15},""endLLA"":{""lat"":37.565861,""lon"":126.960749,""alt"":100},""targetSpeed"":36,""seq"":3}","{""phase"":""E"",""startLLA"":{""lat"":37.565861,""lon"":126.960749,""alt"":100},""endLLA"":{""lat"":37.556786,""lon"":126.923706,""alt"":301.79},""targetSpeed"":51.4,""seq"":4}","{""phase"":""E"",""startLLA"":{""lat"":37.556786,""lon"":126.923706,""alt"":301.79},""endLLA"":{""lat"":37.556707,""lon"":126.923097,""alt"":305},""targetSpeed"":51.4,""seq"":5}","{""phase"":""F"",""startLLA"":{""lat"":37.556707,""lon"":126.923097,""alt"":305},""endLLA"":{""lat"":37.552574,""lon"":126.891431,""alt"":305},""targetSpeed"":51.4,""seq"":6}","{""phase"":""F"",""startLLA"":{""lat"":37.552574,""lon"":126.891431,""alt"":305},""endLLA"":{""lat"":37.542307,""lon"":126.90249,""alt"":305},""targetSpeed"":51.4,""seq"":7}","{""phase"":""F"",""startLLA"":{""lat"":37.542307,""lon"":126.90249,""alt"":305},""endLLA"":{""lat"":37.515965,""lon"":126.907756,""alt"":305},""targetSpeed"":51.4,""seq"":8}","{""phase"":""F"",""startLLA"":{""lat"":37.515965,""lon"":126.907756,""alt"":305},""endLLA"":{""lat"":37.51376,""lon"":126.910051,""alt"":305},""targetSpeed"":51.4,""seq"":9}","{""phase"":""G"",""startLLA"":{""lat"":37.51376,""lon"":126.910051,""alt"":305},""endLLA"":{""lat"":37.489685,""lon"":126.935112,""alt"":100},""targetSpeed"":36,""seq"":10}","{""phase"":""I"",""startLLA"":{""lat"":37.489685,""lon"":126.935112,""alt"":100},""endLLA"":{""lat"":37.482832,""lon"":126.942245,""alt"":15},""targetSpeed"":30,""seq"":11}","{""phase"":""J"",""startLLA"":{""lat"":37.482832,""lon"":126.942245,""alt"":15},""endLLA"":{""lat"":37.482832,""lon"":126.942245,""alt"":0},""targetSpeed"":10,""seq"":12}","{""phase"":""K"",""startLLA"":{""lat"":37.482832,""lon"":126.942245,""alt"":0},""endLLA"":{""lat"":37.482832,""lon"":126.942245,""alt"":0},""targetSpeed"":3,""seq"":13}",,,,,,,,
bfaef6930eb2,2026-07-11,FPL1217004,UAM0034,a2,2,1,0.5,광화문,광화문,수서,수서,20,G2,F1,G6,F1,20:33:47,20:40:23,20:48:15,20:55:13,21:05:13,396.86,471.62,418.28,1286.76,0,0,ready,광화문 > 신설동역 > 청량리 > 왕십리역 > 성수대교 남단 > 청담대교 중간지점 > 잠실대교 중간지점 > 수서,21.5406,15,"{""phase"":""A"",""startLLA"":{""lat"":37.56901,""lon"":126.973604,""alt"":0},""endLLA"":{""lat"":37.56901,""lon"":126.973604,""alt"":0},""targetSpeed"":3,""seq"":1}","{""phase"":""B"",""startLLA"":{""lat"":37.56901,""lon"":126.973604,""alt"":0},""endLLA"":{""lat"":37.56901,""lon"":126.973604,""alt"":15},""targetSpeed"":10,""seq"":2}","{""phase"":""C"",""startLLA"":{""lat"":37.56901,""lon"":126.973604,""alt"":15},""endLLA"":{""lat"":37.570823,""lon"":126.98722,""alt"":100},""targetSpeed"":36,""seq"":3}","{""phase"":""E"",""startLLA"":{""lat"":37.570823,""lon"":126.98722,""alt"":100},""endLLA"":{""lat"":37.575658,""lon"":127.02353,""alt"":286.73},""targetSpeed"":51.4,""seq"":4}","{""phase"":""E"",""startLLA"":{""lat"":37.575658,""lon"":127.02353,""alt"":286.73},""endLLA"":{""lat"":37.576459,""lon"":127.026988,""alt"":305},""targetSpeed"":51.4,""seq"":5}","{""phase"":""F"",""startLLA"":{""lat"":37.576459,""lon"":127.026988,""alt"":305},""endLLA"":{""lat"":37.581542,""lon"":127.048947,""alt"":305},""targetSpeed"":51.4,""seq"":6}","{""phase"":""F"",""startLLA"":{""lat"":37.581542,""lon"":127.048947,""alt"":305},""endLLA"":{""lat"":37.561925,""lon"":127.038491,""alt"":305},""targetSpeed"":51.4,""seq"":7}","{""phase"":""F"",""startLLA"":{""lat"":37.561925,""lon"":127.038491,""alt"":305},""endLLA"":{""lat"":37.53537,""lon"":127.034503,""alt"":305},""targetSpeed"":51.4,""seq"":8}","{""phase"":""F"",""startLLA"":{""lat"":37.53537,""lon"":127.034503,""alt"":305},""endLLA"":{""lat"":37.526451,""lon"":127.064361,""alt"":305},""targetSpeed"":51.4,""seq"":9}","{""phase"":""F"",""startLLA"":{""lat"":37.526451,""lon"":127.064361,""alt"":305},""endLLA"":{""lat"":37.524649,""lon"":127.087085,""alt"":305},""targetSpeed"":51.4,""seq"":10}","{""phase"":""G"",""startLLA"":{""lat"":37.524649,""lon"":127.087085,""alt"":305},""endLLA"":{""lat"":37.524288,""lon"":127.091639,""alt"":281.77},""targetSpeed"":36,""seq"":11}","{""phase"":""G"",""startLLA"":{""lat"":37.524288,""lon"":127.091639,""alt"":281.77},""endLLA"":{""lat"":37.496395,""lon"":127.098425,""alt"":100},""targetSpeed"":36,""seq"":12}","{""phase"":""I"",""startLLA"":{""lat"":37.496395,""lon"":127.098425,""alt"":100},""endLLA"":{""lat"":37.487441,""lon"":127.100603,""alt"":15},""targetSpeed"":30,""seq"":13}","{""phase"":""J"",""startLLA"":{""lat"":37.487441,""lon"":127.100603,""alt"":15},""endLLA"":{""lat"":37.487441,""lon"":127.100603,""alt"":0},""targetSpeed"":10,""seq"":14}","{""phase"":""K"",""startLLA"":{""lat"":37.487441,""lon"":127.100603,""alt"":0},""endLLA"":{""lat"":37.487441,""lon"":127.100603,""alt"":0},""targetSpeed"":3,""seq"":15}",,,,,,
bfaef6930eb2,2026-07-11,FPL1211004,UAM0004,a2,2,1,0.5,광화문,광화문,천호,천호,21,G1,F1,G3,F1,21:29:06,21:35:12,21:41:55,21:48:53,21:58:53,366.86,402.51,418.28,1187.65,0,0,ready,광화문 > 신설동역 > 청량리 > 중랑철교 > 상봉 > 아차산 고가차도 > 천호,17.9893,14,"{""phase"":""A"",""startLLA"":{""lat"":37.56901,""lon"":126.973604,""alt"":0},""endLLA"":{""lat"":37.56901,""lon"":126.973604,""alt"":0},""targetSpeed"":3,""seq"":1}","{""phase"":""B"",""startLLA"":{""lat"":37.56901,""lon"":126.973604,""alt"":0},""endLLA"":{""lat"":37.56901,""lon"":126.973604,""alt"":15},""targetSpeed"":10,""seq"":2}","{""phase"":""C"",""startLLA"":{""lat"":37.56901,""lon"":126.973604,""alt"":15},""endLLA"":{""lat"":37.570827,""lon"":126.987248,""alt"":100},""targetSpeed"":36,""seq"":3}","{""phase"":""E"",""startLLA"":{""lat"":37.570827,""lon"":126.987248,""alt"":100},""endLLA"":{""lat"":37.575658,""lon"":127.02353,""alt"":286.2},""targetSpeed"":51.4,""seq"":4}","{""phase"":""E"",""startLLA"":{""lat"":37.575658,""lon"":127.02353,""alt"":286.2},""endLLA"":{""lat"":37.576483,""lon"":127.027095,""alt"":305},""targetSpeed"":51.4,""seq"":5}","{""phase"":""F"",""startLLA"":{""lat"":37.576483,""lon"":127.027095,""alt"":305},""endLLA"":{""lat"":37.581542,""lon"":127.048947,""alt"":305},""targetSpeed"":51.4,""seq"":6}","{""phase"":""F"",""startLLA"":{""lat"":37.581542,""lon"":127.048947,""alt"":305},""endLLA"":{""lat"":37.593586,""lon"":127.069978,""alt"":305},""targetSpeed"":51.4,""seq"":7}","{""phase"":""F"",""startLLA"":{""lat"":37.593586,""lon"":127.069978,""alt"":305},""endLLA"":{""lat"":37.596919,""lon"":127.084854,""alt"":305},""targetSpeed"":51.4,""seq"":8}","{""phase"":""F"",""startLLA"":{""lat"":37.596919,""lon"":127.084854,""alt"":305},""endLLA"":{""lat"":37.570823,""lon"":127.091481,""alt"":305},""targetSpeed"":51.4,""seq"":9}","{""phase"":""G"",""startLLA"":{""lat"":37.570823,""lon"":127.091481,""alt"":305},""endLLA"":{""lat"":37.547423,""lon"":127.097424,""alt"":152.58},""targetSpeed"":36,""seq"":10}","{""phase"":""G"",""startLLA"":{""lat"":37.547423,""lon"":127.097424,""alt"":152.58},""endLLA"":{""lat"":37.546622,""lon"":127.107759,""alt"":100},""targetSpeed"":36,""seq"":11}","{""phase"":""I"",""startLLA"":{""lat"":37.546622,""lon"":127.107759,""alt"":100},""endLLA"":{""lat"":37.545733,""lon"":127.11923,""alt"":15},""targetSpeed"":30,""seq"":12}","{""phase"":""J"",""startLLA"":{""lat"":37.545733,""lon"":127.11923,""alt"":15},""endLLA"":{""lat"":37.545733,""lon"":127.11923,""alt"":0},""targetSpeed"":10,""seq"":13}","{""phase"":""K"",""startLLA"":{""lat"":37.545733,""lon"":127.11923,""alt"":0},""endLLA"":{""lat"":37.545733,""lon"":127.11923,""alt"":0},""targetSpeed"":3,""seq"":14}",,,,,,,
